seed,state_idx,ego_id,neighbor_id,learned_score,oracle_score,learned_signed,learned_direction_row_aipw,oracle_signed,learned_range,oracle_range,oracle_q_nonconstant,oracle_q_distinct_levels,observed_action_probability,policy_support_entropy,valid_action_count,target_policy_l1_to_uniform,q_centered_rmse,q_centered_mae,abs_error,signed_error,capacity_abs_error,direction_abs_error,proxy_sigma,capacity_sigma,direction_sigma,dr_applied,oracle_argmax_action,oracle_argmin_action,learned_argmax_action,learned_argmin_action,oracle_argmax_count,oracle_argmin_count,oracle_extrema_unique,argmax_match,argmin_match,both_extrema_match,oracle_g_plus,oracle_g_minus,oracle_extrema_gap,extrema_gap_zero,q_raw_sup_error,q_gauge_shift_opt,q_gauge_sup_error,q_gauge_sup_error_check,lambda_C,lambda_C_raw,extrema_stability_certified,extrema_stability_violation
3001,0,0,1,0.017187584191560745,0.041999997571110725,0.002964678453281522,0.002964678453281522,0.0020769227588406,0.017187584191560745,0.041999997571110725,1,4,0.9076921939849854,0.20944694064039504,13,1.661538353333106,0.00876995270478413,0.005381043361136194,0.02481241337954998,0.0008877556944409219,0.02481241337954998,0.0008877556944409219,0.0029894481413066387,0.00977572426199913,0.0029894481413066387,0,10,2,10,11,1,1,1,1,0,0,0.012000000104308128,0.017999999225139618,0.012000000104308128,0,0.023835202679038048,0.005767449736595154,0.018067752942442894,0.018067752942442894,1.5056460654493142,1.9862668726545223,0,0
3001,0,0,2,0.008654328063130379,0.0,0.001663725939579308,0.001663725939579308,0.0,0.008654328063130379,0.0,0,1,0.9076921939849854,0.20944694064039504,13,1.661538353333106,0.0024298318058989525,0.0020835750334008913,0.008654328063130379,0.001663725939579308,0.008654328063130379,0.001663725939579308,0.001561448909342289,0.006597129628062248,0.001561448909342289,0,0,0,1,11,13,13,0,1,1,1,0.0,0.0,0.0,1,0.006928959861397743,-0.002601795829832554,0.004327164031565189,0.004327164031565189,inf,inf,0,0
3001,0,0,3,0.014508543536067009,0.012000001035630703,0.0011202623136341572,0.0011202623136341572,6.447617439953035e-11,0.014508543536067009,0.012000001035630703,1,3,0.007692307233810425,0.20944694064039504,13,1.661538353333106,0.002421918616839669,0.0020469923850876337,0.002508542500436306,0.0011202622491579828,0.002508542500436306,0.0011202622491579828,0.0015873322263360023,0.01040711347013712,0.0015873322263360023,0,10,11,10,11,1,1,1,1,1,1,0.006000000052154064,0.006000000983476639,0.006000000052154064,0,0.0067878607660532,-0.0027259420603513718,0.004061918705701828,0.004061918705701828,0.6769864450657056,1.1313101178417966,0,0
3001,0,0,4,0.008901413530111313,0.0,0.0015991278924047947,0.0015991278924047947,0.0,0.008901413530111313,0.0,0,1,0.9076921939849854,0.20944694064039504,13,1.661538353333106,0.002723965095585729,0.002370687895977991,0.008901413530111313,0.0015991278924047947,0.008901413530111313,0.0015991278924047947,0.002166477497667074,0.00511619308963418,0.002166477497667074,0,0,0,1,11,13,13,0,1,1,1,0.0,0.0,0.0,1,0.007538100704550743,-0.0030873939394950867,0.004450706765055656,0.004450706765055656,inf,inf,0,0
3001,0,0,5,0.0128343366086483,0.012000001035630703,0.00045391000458039343,0.00045391000458039343,6.447617439953035e-11,0.0128343366086483,0.012000001035630703,1,3,0.9076921939849854,0.20944694064039504,13,1.661538353333106,0.002493767477967612,0.002127847672831377,0.0008343355730175972,0.00045390994010421903,0.0008343355730175972,0.00045390994010421903,0.0021361419931054115,0.009305836632847786,0.0021361419931054115,0,10,11,12,11,1,1,1,0,1,0,0.006000000052154064,0.006000000983476639,0.006000000052154064,0,0.0061063505709171295,-0.0021347617730498314,0.003971588797867298,0.003971588797867298,0.6619314605574804,1.0177250863064384,0,0
3001,0,1,0,0.019400855526328087,0.035999998450279236,-0.0004278063715901226,-0.0004278063715901226,0.0,0.019400855526328087,0.035999998450279236,1,3,0.007692307233810425,0.20944694064039504,13,1.661538353333106,0.0033313447900566715,0.0017342374566391373,0.01659914292395115,-0.0004278063715901226,0.01659914292395115,0.0004278063715901226,0.0024002015125006437,0.005430721212178469,0.0024002015125006437,0,10,11,10,11,1,1,1,1,1,1,0.017999999225139618,0.017999999225139618,0.017999999225139618,0,0.011986513156443834,-0.0036869419272989035,0.00829957122914493,0.00829957122914493,0.4610873103568456,0.6659174262464925,1,0
3001,0,1,2,0.007470186799764633,0.0,0.0008893288322724402,0.0008893288322724402,0.0,0.007470186799764633,0.0,0,1,0.9076921939849854,0.20944694064039504,13,1.661538353333106,0.0016373362412170926,0.0011053362126963644,0.007470186799764633,0.0008893288322724402,0.007470186799764633,0.0008893288322724402,0.0014129233313724399,0.002950510708615184,0.0014129233313724399,0,0,0,10,11,13,13,0,1,1,1,0.0,0.0,0.0,1,0.006901025306433439,-0.0031659318192396313,0.003735093487193808,0.003735093487193808,inf,inf,0,0
3001,0,1,3,0.014959145337343216,0.012000000104308128,0.0006683105020783842,0.0006683105020783842,0.0,0.014959145337343216,0.012000000104308128,1,3,0.007692307233810425,0.20944694064039504,13,1.661538353333106,0.0008923325122953966,0.0006974642523206198,0.0029591452330350876,0.0006683105020783842,0.0029591452330350876,0.0006683105020783842,0.0027475478127598763,0.00320864818058908,0.0027475478127598763,0,10,11,10,11,1,1,1,1,1,1,0.006000000052154064,0.006000000052154064,0.006000000052154064,0,0.004760744050145149,-0.003281171200796962,0.0014795728493481874,0.0014795728493481874,0.24659547274787189,0.793457334793854,1,0
3001,0,1,4,0.008955571800470352,0.0,-0.000676804396789521,-0.000676804396789521,0.0,0.008955571800470352,0.0,0,1,0.9076921939849854,0.20944694064039504,13,1.661538353333106,0.0018860492184431224,0.0012010049464776231,0.008955571800470352,-0.000676804396789521,0.008955571800470352,0.000676804396789521,0.0013316506519913673,0.004199885297566652,0.0013316506519913673,0,0,0,10,11,13,13,0,1,1,1,0.0,0.0,0.0,1,0.008474833332002163,-0.003997047591838054,0.004477785740164109,0.004477785740164109,inf,inf,0,0
3001,0,1,5,0.01597556844353676,0.012000000104308128,0.0008319609914906323,0.0008319609914906323,0.0,0.01597556844353676,0.012000000104308128,1,3,0.9076921939849854,0.20944694064039504,13,1.661538353333106,0.0010609929691716216,0.0008235123014000394,0.00397556833922863,0.0008319609914906323,0.00397556833922863,0.0008319609914906323,0.00246997969225049,0.0035569060128182173,0.00246997969225049,0,10,11,10,11,1,1,1,1,1,1,0.006000000052154064,0.006000000052154064,0.006000000052154064,0,0.005699465051293373,-0.0037116804160177708,0.0019877846352756023,0.0019877846352756023,0.3312974363328491,0.9499108336252771,1,0
3001,0,2,0,0.005189410410821438,0.0,-0.0010659885592758656,-0.0010659885592758656,0.0,0.005189410410821438,0.0,0,1,0.007692307233810425,0.20944694064039504,13,1.661538353333106,0.0015307634262812435,0.0012506349122471357,0.005189410410821438,-0.0010659885592758656,0.005189410410821438,0.0010659885592758656,0.0027952559757977724,0.004135616589337587,0.0027952559757977724,0,0,0,10,8,13,13,0,1,1,1,0.0,0.0,0.0,1,0.004085009451955557,0.001490304246544838,0.002594705205410719,0.002594705205410719,inf,inf,0,0
3001,0,2,1,0.0057200416922569275,0.0,-0.00047666733735240996,-0.00047666733735240996,0.0,0.0057200416922569275,0.0,0,1,0.9076921939849854,0.20944694064039504,13,1.661538353333106,0.0015337937614463097,0.0012247667609322707,0.0057200416922569275,-0.00047666733735240996,0.0057200416922569275,0.00047666733735240996,0.0015762874390929937,0.005004976876080036,0.0015762874390929937,0,0,0,3,8,13,13,0,1,1,1,0.0,0.0,0.0,1,0.003015889087691903,-0.00015586812514811754,0.0028600209625437856,0.0028600209625437856,inf,inf,0,0
3001,0,2,3,0.004606859292834997,0.0,-0.00023576121020596474,-0.00023576121020596474,0.0,0.004606859292834997,0.0,0,1,0.007692307233810425,0.20944694064039504,13,1.661538353333106,0.0013087245659714778,0.0010258092849960375,0.004606859292834997,-0.00023576121020596474,0.004606859292834997,0.00023576121020596474,0.0018072339007630944,0.0029813554137945175,0.0018072339007630944,0,0,0,10,11,13,13,0,1,1,1,0.0,0.0,0.0,1,0.0032433464657515287,0.0009399167611263692,0.0023034297046251595,0.0023034297046251595,inf,inf,0,0
3001,0,2,4,0.017194503918290138,0.029999999329447746,-0.00032313409610651433,-0.00032313409610651433,0.0,0.017194503918290138,0.029999999329447746,1,3,0.9076921939849854,0.20944694064039504,13,1.661538353333106,0.0028412581955833353,0.0019828362222320053,0.012805495411157608,-0.00032313409610651433,0.012805495411157608,0.00032313409610651433,0.0015078322030603886,0.004471344407647848,0.0015078322030603886,0,10,11,10,11,1,1,1,1,1,1,0.014999999664723873,0.014999999664723873,0.014999999664723873,0,0.00835437374189496,0.0019516258034855127,0.006402747938409448,0.006402747938409448,0.42684987210146796,0.5569582619086513,1,0
3001,0,2,5,0.00588337192311883,0.0,0.000642751925624907,0.000642751925624907,0.0,0.00588337192311883,0.0,0,1,0.9076921939849854,0.20944694064039504,13,1.661538353333106,0.001390545671637453,0.0010864226124800479,0.00588337192311883,0.000642751925624907,0.00588337192311883,0.000642751925624907,0.002199354814365506,0.003134368918836117,0.002199354814365506,0,0,0,3,8,13,13,0,1,1,1,0.0,0.0,0.0,1,0.0034767671022564173,-0.0005350811406970024,0.002941685961559415,0.002941685961559415,inf,inf,0,0
3001,1,0,1,0.013797103427350521,0.041999999433755875,1.1029148481611628e-05,1.1029148481611628e-05,0.0020769230167453096,0.013797103427350521,0.041999999433755875,1,4,0.9076921939849854,0.20944694064039504,13,1.661538353333106,0.008902720759621152,0.004762572738701566,0.028202896006405354,-0.002065893868263698,0.028202896006405354,0.002065893868263698,0.001823613652959466,0.00577543256804347,0.001823613652959466,0,10,3,10,11,1,1,1,1,0,0,0.012000000104308128,0.017999999225139618,0.012000000104308128,0,0.026733543490990996,0.007333756464504404,0.019399787026486592,0.019399787026486592,1.6166489048214143,2.2277952715511535,0,0
3001,1,0,2,0.004717782139778137,0.0,-0.0014741499908268452,-0.0014741499908268452,0.0,0.004717782139778137,0.0,0,1,0.9076921939849854,0.20944694064039504,13,1.6615383533331063,0.0014250429737205506,0.0011961275006275205,0.004717782139778137,-0.0014741499908268452,0.004717782139778137,0.0014741499908268452,0.0011002810206264257,0.003288314212113619,0.0011002810206264257,0,0,0,3,11,13,13,0,1,1,1,0.0,0.0,0.0,1,0.008405913598835468,-0.0060470225289464,0.0023588910698890686,0.0023588910698890686,inf,inf,0,0
3001,1,0,3,0.011099866591393948,0.012000000104308128,5.559502824326046e-05,5.559502824326046e-05,0.0,0.011099866591393948,0.012000000104308128,1,3,0.9076921939849854,0.20944694064039504,13,1.661538353333106,0.00100419706963864,0.0008147404261881254,0.0009001335129141808,5.559502824326046e-05,0.0009001335129141808,5.559502824326046e-05,0.0018787694862112403,0.005623852834105492,0.0018787694862112403,0,10,11,10,11,1,1,1,1,1,1,0.006000000052154064,0.006000000052154064,0.006000000052154064,0,0.007744261529296637,-0.006056043552234769,0.0016882179770618677,0.0016882179770618677,0.28136966039788275,1.2907102436634752,1,0
3001,1,0,4,0.005763687193393707,0.0,0.0006919457227922976,0.0006919457227922976,0.0,0.005763687193393707,0.0,0,1,0.9076921939849854,0.20944694064039504,13,1.661538353333106,0.001545160834100793,0.0012124105185799343,0.005763687193393707,0.0006919457227922976,0.005763687193393707,0.0006919457227922976,0.0008275801665149629,0.003924036864191294,0.0008275801665149629,0,0,0,10,11,13,13,0,1,1,1,0.0,0.0,0.0,1,0.009516382589936256,-0.006634538993239403,0.0028818435966968536,0.0028818435966968536,inf,inf,0,0
3001,1,0,5,0.012083067558705807,0.012000000104308128,-1.9802808310487308e-05,-1.9802808310487308e-05,0.0,0.012083067558705807,0.012000000104308128,1,3,0.9076921939849854,0.20944694064039504,13,1.661538353333106,0.0010789838083473632,0.0009393113780320352,8.306745439767838e-05,-1.9802808310487308e-05,8.306745439767838e-05,1.9802808310487308e-05,0.0016410878160968423,0.00530308298766613,0.0016410878160968423,0,10,11,10,11,1,1,1,1,1,1,0.006000000052154064,0.006000000052154064,0.006000000052154064,0,0.00641319015994668,-0.0045587687054648995,0.0018544214544817805,0.0018544214544817805,0.30907023972708525,1.0688650173668375,1,0
3001,1,1,0,0.017588090151548386,0.047999998554587364,0.0008287804084829986,0.0008287804084829986,0.0020769230167453096,0.017588090151548386,0.047999998554587364,1,4,0.9076921939849854,0.20944694064039504,13,1.661538353333106,0.009505940263348155,0.005525218499218219,0.03041190840303898,-0.001248142608262311,0.03041190840303898,0.001248142608262311,0.0015974609414115548,0.006998448632657528,0.0015974609414115548,0,10,4,10,11,1,1,1,1,0,0,0.017999999225139618,0.012000000104308128,0.012000000104308128,0,0.027958035236224532,0.00637975730933249,0.021578277926892042,0.021578277926892042,1.798189811610519,2.3298362494336393,0,0
3001,1,1,2,0.007776541635394096,0.0,-0.0011284509673714638,-0.0011284509673714638,0.0,0.007776541635394096,0.0,0,1,0.9076921939849854,0.20944694064039504,13,1.6615383533331063,0.0018468564174107674,0.0013966901684538103,0.007776541635394096,-0.0011284509673714638,0.007776541635394096,0.0011284509673714638,0.002122456207871437,0.0049392604269087315,0.002122456207871437,0,0,0,10,11,13,13,0,1,1,1,0.0,0.0,0.0,1,0.006814414169639349,-0.002926143351942301,0.003888270817697048,0.003888270817697048,inf,inf,0,0
3001,1,1,3,0.016563579440116882,0.012000000104308128,0.0008684171480126679,0.0008684171480126679,0.0,0.016563579440116882,0.012000000104308128,1,3,0.9076921939849854,0.20944694064039504,13,1.661538353333106,0.0014924776899157062,0.0012768901996149202,0.004563579335808754,0.0008684171480126679,0.004563579335808754,0.0008684171480126679,0.002199653536081314,0.005813750438392162,0.002199653536081314,0,10,11,10,11,1,1,1,1,1,1,0.006000000052154064,0.006000000052154064,0.006000000052154064,0,0.005938843823969364,-0.003093040970270522,0.0028458028536988422,0.0028458028536988422,0.4743004714936908,0.9898072953911485,1,0
3001,1,1,4,0.007917908951640129,0.0,0.0005121393478475511,0.0005121393478475511,0.0,0.007917908951640129,0.0,0,1,0.9076921939849854,0.20944694064039504,13,1.661538353333106,0.0018860813934780253,0.001332904479837323,0.007917908951640129,0.0005121393478475511,0.007917908951640129,0.0005121393478475511,0.0022069045808166265,0.004712702240794897,0.0022069045808166265,0,0,0,10,11,13,13,0,1,1,1,0.0,0.0,0.0,1,0.007128588389605284,-0.0031696340593043715,0.003958954330300912,0.003958954330300912,inf,inf,0,0
3001,1,1,5,0.0162204559892416,0.012000000104308128,0.000984300160780549,0.000984300160780549,0.0,0.0162204559892416,0.012000000104308128,1,3,0.9076921939849854,0.20944694064039504,13,1.661538353333106,0.0015265536040274495,0.001228791810351716,0.004220455884933472,0.000984300160780549,0.004220455884933472,0.000984300160780549,0.002435296308249235,0.006337045691907406,0.002435296308249235,0,10,11,10,11,1,1,1,1,1,1,0.006000000052154064,0.006000000052154064,0.006000000052154064,0,0.006360878236591816,-0.003400486835744232,0.002960391400847584,0.002960391400847584,0.4933985625191406,1.0601463635501458,1,0
3001,1,2,0,0.006514625623822212,0.0,0.0032859535422176123,0.0032859535422176123,0.0,0.006514625623822212,0.0,0,1,0.9076921939849854,0.20944694064039504,13,1.661538353333106,0.0017618569605983591,0.0014295842300152638,0.006514625623822212,0.0032859535422176123,0.006514625623822212,0.0032859535422176123,0.004252429120242596,0.005950797349214554,0.004252429120242596,0,0,0,1,2,13,13,0,1,1,1,0.0,0.0,0.0,1,0.013109404593706131,0.009852091781795025,0.003257312811911106,0.003257312811911106,inf,inf,0,0
3001,1,2,1,0.00536804273724556,0.0,-0.001794245676137507,-0.001794245676137507,0.0,0.00536804273724556,0.0,0,1,0.9076921939849854,0.20944694064039504,13,1.661538353333106,0.0014716454297865461,0.0012170824073475493,0.00536804273724556,-0.001794245676137507,0.00536804273724556,0.001794245676137507,0.0033050531055778265,0.004369072150439024,0.0033050531055778265,0,0,0,1,8,13,13,0,1,1,1,0.0,0.0,0.0,1,0.01041957177221775,0.007735550403594971,0.00268402136862278,0.00268402136862278,inf,inf,0,0
3001,1,2,3,0.006727281957864761,0.0,-0.0025513540022075176,-0.0025513540022075176,0.0,0.006727281957864761,0.0,0,1,0.9076921939849854,0.20944694064039504,13,1.661538353333106,0.0015986571453069326,0.0011904071685830521,0.006727281957864761,-0.0025513540022075176,0.006727281957864761,0.0025513540022075176,0.0029778103344142437,0.003316438291221857,0.0029778103344142437,0,0,0,1,2,13,13,0,1,1,1,0.0,0.0,0.0,1,0.01328674703836441,0.00992310605943203,0.0033636409789323807,0.0033636409789323807,inf,inf,0,0
3001,1,2,4,0.016476357355713844,0.03000000026077032,0.00020918653171975166,0.00020918653171975166,-6.44761778689773e-11,0.016476357355713844,0.03000000026077032,1,3,0.9076921939849854,0.20944694064039504,13,1.661538353333106,0.003006254490364817,0.002045663360219735,0.013523642905056477,0.00020918659619592953,0.013523642905056477,0.00020918659619592953,0.002197852125391364,0.004955738317221403,0.002197852125391364,0,10,11,10,11,1,1,1,1,1,1,0.015000000596046448,0.014999999664723873,0.014999999664723873,0,0.0154999615624547,0.008738140109926462,0.006761821452528238,0.006761821452528238,0.45078810691111526,1.0333307939270564,1,0
3001,1,2,5,0.00470784492790699,0.0,-0.001405558898113668,-0.001405558898113668,0.0,0.00470784492790699,0.0,0,1,0.9076921939849854,0.20944694064039504,13,1.661538353333106,0.0012598000341646517,0.0009797411204795158,0.00470784492790699,-0.001405558898113668,0.00470784492790699,0.001405558898113668,0.0036287091206759214,0.0033567578066140413,0.0036287091206759214,0,0,0,1,12,13,13,0,1,1,1,0.0,0.0,0.0,1,0.011743776500225067,0.009389854036271572,0.002353922463953495,0.002353922463953495,inf,inf,0,0
3001,2,0,1,0.016039662063121796,0.024000000208616257,0.0008340124622918665,0.0008340124622918665,0.0,0.016039662063121796,0.024000000208616257,1,3,0.007692307233810425,0.20944694064039504,13,1.661538353333106,0.0017680018147358538,0.0011468402264342152,0.007960338145494461,0.0008340124622918665,0.007960338145494461,0.0008340124622918665,0.0009799131657928228,0.00654030404984951,0.0009799131657928228,0,10,11,10,11,1,1,1,1,1,1,0.012000000104308128,0.012000000104308128,0.012000000104308128,0,0.029637391678988934,0.025657222722657025,0.003980168956331909,0.003980168956331909,0.33168074347790927,2.469782618447544,1,0
3001,2,0,2,0.005902351811528206,0.0,3.0349145163199864e-05,3.0349145163199864e-05,0.0,0.005902351811528206,0.0,0,1,0.9076921939849854,0.20944694064039504,13,1.6615383533331063,0.0015132363288945247,0.0011385570405279808,0.005902351811528206,3.0349145163199864e-05,0.005902351811528206,3.0349145163199864e-05,0.0013230051845312119,0.00473407655954361,0.0013230051845312119,0,0,0,8,11,13,13,0,1,1,1,0.0,0.0,0.0,1,0.030222340210457332,0.02727116421010578,0.002951176000351552,0.002951176000351552,inf,inf,0,0
3001,2,0,3,0.01292230561375618,0.011999998241662979,0.000436482165241614,0.000436482165241614,0.0,0.01292230561375618,0.011999998241662979,1,3,0.9076921939849854,0.20944694064039504,13,1.661538353333106,0.0010435909011075784,0.0008124545948117001,0.0009223073720932007,0.000436482165241614,0.0009223073720932007,0.000436482165241614,0.0019975947216153145,0.006176639813929796,0.0019975947216153145,0,10,11,10,11,1,1,1,1,1,1,0.0059999991208314896,0.0059999991208314896,0.0059999991208314896,0,0.02923709450988099,0.02717304028919898,0.00206405422068201,0.00206405422068201,0.3440090871873278,4.872849798989515,1,0
3001,2,0,4,0.007680665701627731,0.0,0.0004990859306417406,0.0004990859306417406,0.0,0.007680665701627731,0.0,0,1,0.9076921939849854,0.20944694064039504,13,1.661538353333106,0.0018199468547190607,0.0013430863481081097,0.007680665701627731,0.0004990859306417406,0.007680665701627731,0.0004990859306417406,0.0018315898487344384,0.003780671861022711,0.0018315898487344384,0,0,0,10,11,13,13,0,1,1,1,0.0,0.0,0.0,1,0.031133131706155837,0.02729279879713431,0.0038403329090215266,0.0038403329090215266,inf,inf,0,0
3001,2,0,5,0.013986731879413128,0.035999998450279236,-2.1238849512883462e-05,-2.1238849512883462e-05,0.020769230167453093,0.013986731879413128,0.035999998450279236,1,4,0.007692307233810425,0.20944694064039504,13,1.661538353333106,0.012758622127557417,0.010718963587706213,0.022013266570866108,-0.020790469016965976,0.022013266570866108,0.020790469016965976,0.001709243981167674,0.0058849873021245,0.001709243981167674,0,1,11,10,11,3,1,0,0,1,0,0.0,0.0059999991208314896,0.0,1,0.02938502043252811,0.013284872024087235,0.016100148408440873,0.016100148408440873,inf,inf,0,0
3001,2,1,0,0.01857847347855568,0.035999998450279236,0.0008022377151064575,0.0008022377151064575,-1.734723475976807e-18,0.01857847347855568,0.035999998450279236,1,3,0.9076921939849854,0.20944694064039504,13,1.661538353333106,0.003776386194804258,0.002466770028833234,0.017421524971723557,0.0008022377151064592,0.017421524971723557,0.0008022377151064592,0.0021692991722375154,0.006272778380662203,0.0021692991722375154,0,10,11,10,11,1,1,1,1,1,1,0.017999999225139618,0.017999999225139618,0.017999999225139618,0,0.020149351097643375,-0.011438589077442884,0.008710762020200491,0.008710762020200491,0.4839312441766466,1.1194084425015904,1,0
3001,2,1,2,0.007868621498346329,0.0,-0.0009429019410163164,-0.0009429019410163164,0.0,0.007868621498346329,0.0,0,1,0.9076921939849854,0.20944694064039504,13,1.6615383533331063,0.0020744160599536683,0.001651930927227323,0.007868621498346329,-0.0009429019410163164,0.007868621498346329,0.0009429019410163164,0.0027386415749788284,0.005614763125777245,0.0027386415749788284,0,0,0,8,11,13,13,0,1,1,1,0.0,0.0,0.0,1,0.01155680138617754,-0.007622490869835019,0.003934310516342521,0.003934310516342521,inf,inf,0,0
3001,2,1,3,0.013912396505475044,0.011999999172985554,0.0004586785507854074,0.0004586785507854074,6.44761778689773e-11,0.013912396505475044,0.011999999172985554,1,3,0.9076921939849854,0.20944694064039504,13,1.661538353333106,0.0016046078707577403,0.0012156444277267174,0.0019123973324894905,0.00045867848630922955,0.0019123973324894905,0.00045867848630922955,0.0032221823930740356,0.004752056207507849,0.0032221823930740356,0,10,11,10,11,1,1,1,1,1,1,0.0059999991208314896,0.006000000052154064,0.0059999991208314896,0,0.011386405327357352,-0.008282889204565436,0.003103516122791916,0.003103516122791916,0.5172527629240429,1.8977344992976275,0,0
3001,2,1,4,0.008260703645646572,0.0,0.0004506242403294891,0.0004506242403294891,0.0,0.008260703645646572,0.0,0,1,0.9076921939849854,0.20944694064039504,13,1.661538353333106,0.0021429213605411476,0.0016351495676580267,0.008260703645646572,0.0004506242403294891,0.008260703645646572,0.0004506242403294891,0.0016762912273406982,0.004589124582707882,0.0016762912273406982,0,0,0,8,11,13,13,0,1,1,1,0.0,0.0,0.0,1,0.013055107789114118,-0.008924756082706153,0.004130351706407964,0.004130351706407964,inf,inf,0,0
3001,2,1,5,0.014524150639772415,0.011999999172985554,0.00047146304859779775,0.00047146304859779775,6.44761778689773e-11,0.014524150639772415,0.011999999172985554,1,3,0.007692307233810425,0.20944694064039504,13,1.661538353333106,0.0019436192497895412,0.001608483876327615,0.0025241514667868614,0.0004714629841216199,0.0025241514667868614,0.0004714629841216199,0.003921157214790583,0.005942159797996283,0.003921157214790583,0,10,11,10,11,1,1,1,1,1,1,0.0059999991208314896,0.006000000052154064,0.0059999991208314896,0,0.012232789769768715,-0.009043145691975951,0.0031896440777927637,0.0031896440777927637,0.5316074241942118,2.0387985937027064,0,0
3001,2,2,0,0.006141748279333115,0.0,0.002700050361454487,0.002700050361454487,0.0,0.006141748279333115,0.0,0,1,0.9076921939849854,0.20944694064039504,13,1.661538353333106,0.001696987271956977,0.0014528223043362768,0.006141748279333115,0.002700050361454487,0.006141748279333115,0.002700050361454487,0.004486282356083393,0.005132871214300394,0.004486282356083393,0,0,0,1,2,13,13,0,1,1,1,0.0,0.0,0.0,1,0.014971785247325897,0.01190091110765934,0.0030708741396665573,0.0030708741396665573,inf,inf,0,0
3001,2,2,1,0.0052747465670108795,0.0,0.0006113468552939594,0.0006113468552939594,0.0,0.0052747465670108795,0.0,0,1,0.007692307233810425,0.20944694064039504,13,1.661538353333106,0.0014627201851046575,0.0012887714970746687,0.0052747465670108795,0.0006113468552939594,0.0052747465670108795,0.0006113468552939594,0.0028851046226918697,0.004016750957816839,0.0028851046226918697,0,0,0,1,2,13,13,0,1,1,1,0.0,0.0,0.0,1,0.014051280915737152,0.011413907632231712,0.0026373732835054398,0.0026373732835054398,inf,inf,0,0
3001,2,2,3,0.006946500390768051,0.0,-0.0027444378938525915,-0.0027444378938525915,0.0,0.006946500390768051,0.0,0,1,0.9076921939849854,0.20944694064039504,13,1.661538353333106,0.0017369206911700373,0.0013871954302110616,0.006946500390768051,-0.0027444378938525915,0.006946500390768051,0.0027444378938525915,0.0037801081780344248,0.004399331286549568,0.0037801081780344248,0,0,0,1,2,13,13,0,1,1,1,0.0,0.0,0.0,1,0.015882238745689392,0.012408988550305367,0.0034732501953840256,0.0034732501953840256,inf,inf,0,0
3001,2,2,4,0.01796599291265011,0.03000000026077032,-0.00018773569900076836,-0.00018773569900076836,-6.44761778689773e-11,0.01796599291265011,0.03000000026077032,1,3,0.9076921939849854,0.20944694064039504,13,1.661538353333106,0.002737522034016437,0.0018892810299728047,0.012034007348120213,-0.0001877356345245905,0.012034007348120213,0.0001877356345245905,0.002094926545396447,0.006469328422099352,0.002094926545396447,0,10,11,10,11,1,1,1,1,1,1,0.015000000596046448,0.014999999664723873,0.014999999664723873,0,0.015209757722914219,0.009192754048854113,0.006017003674060106,0.006017003674060106,0.4011335872367081,1.0139838708585869,1,0
3001,2,2,5,0.005496826022863388,0.0,-0.002183454344049096,-0.002183454344049096,0.0,0.005496826022863388,0.0,0,1,0.007692307233810425,0.20944694064039504,13,1.661538353333106,0.001427212624529236,0.00116665388000082,0.005496826022863388,-0.002183454344049096,0.005496826022863388,0.002183454344049096,0.0040392628870904446,0.004842035938054323,0.0040392628870904446,0,0,0,1,2,13,13,0,1,1,1,0.0,0.0,0.0,1,0.015775389969348907,0.013026976957917213,0.002748413011431694,0.002748413011431694,inf,inf,0,0
3001,3,0,1,0.0152328135445714,0.023999999277293682,0.0005294307484291494,0.0005294307484291494,-6.447617873633904e-11,0.0152328135445714,0.023999999277293682,1,3,0.9076921939849854,0.20944694064039504,13,1.661538353333106,0.0020606998454335136,0.0013568155280143553,0.008767185732722282,0.0005294308129053281,0.008767185732722282,0.0005294308129053281,0.000845265865791589,0.00818570889532566,0.000845265865791589,0,10,11,10,11,1,1,1,1,1,1,0.012000000104308128,0.011999999172985554,0.011999999172985554,0,0.009319642325863242,-0.004936049575917423,0.004383592749945819,0.004383592749945819,0.3652994210044765,0.7766369140127658,1,0
3001,3,0,2,0.005497423931956291,0.0,0.00030114210676401854,0.00030114210676401854,0.0,0.005497423931956291,0.0,0,1,0.007692307233810425,0.20944694064039504,13,1.6615383533331063,0.001396939906864375,0.0010241317127406948,0.005497423931956291,0.00030114210676401854,0.005497423931956291,0.00030114210676401854,0.0019706625025719404,0.005658235866576433,0.0019706625025719404,0,0,0,12,11,13,13,0,1,1,1,0.0,0.0,0.0,1,0.0075476206839084625,-0.004798908717930317,0.0027487119659781456,0.0027487119659781456,inf,inf,0,0
3001,3,0,3,0.016077959910035133,0.012000000104308128,-0.008373101241886616,-0.008373101241886616,-0.005400000016763807,0.016077959910035133,0.012000000104308128,1,3,0.9076923131942749,0.2094469155167731,13,1.661538461366525,0.0013698776873269476,0.0010337265285514515,0.004077959805727005,-0.002973101225122809,0.004077959805727005,0.002973101225122809,0.002772827632725239,0.004918190184980631,0.002772827632725239,0,10,11,10,11,1,1,1,1,1,1,0.006000000052154064,0.006000000052154064,0.006000000052154064,0,0.007921540178358555,-0.00514696107711643,0.002774579101242125,0.002774579101242125,0.4624298461874215,1.3202566849169672,1,0
3001,3,0,4,0.007561345584690571,0.0,0.00047017436008900404,0.00047017436008900404,-8.673617379884035e-19,0.007561345584690571,0.0,0,1,0.007692307233810425,0.20944694064039504,13,1.661538353333106,0.0017797285381738295,0.0012161344862901247,0.007561345584690571,0.0004701743600890049,0.007561345584690571,0.0004701743600890049,0.0014898047083988786,0.0053384494967758656,0.0014898047083988786,0,0,0,10,11,13,13,0,1,1,1,0.0,0.0,0.0,1,0.007748657837510109,-0.0039679850451648235,0.0037806727923452854,0.0037806727923452854,inf,inf,0,0
3001,3,0,5,0.0135198924690485,0.035999998450279236,0.0003448537609074265,0.0003448537609074265,0.0020769229522691317,0.0135198924690485,0.035999998450279236,1,4,0.9076921939849854,0.20944694064039504,13,1.661538353333106,0.007769390702495056,0.0041011297887951674,0.022480105981230736,-0.0017320691913617053,0.022480105981230736,0.0017320691913617053,0.0016620442038401961,0.007121395319700241,0.0016620442038401961,0,10,1,10,11,1,1,1,1,0,0,0.006000000052154064,0.023999998345971107,0.006000000052154064,0,0.02569273393601179,0.010040100198239088,0.015652633737772703,0.015652633737772703,2.608772266952438,4.282122285446952,0,0
3001,3,1,0,0.022291556000709534,0.035999998450279236,0.0028328101616352797,0.0028328101616352797,0.0,0.022291556000709534,0.035999998450279236,1,3,0.9076921939849854,0.20944694064039504,13,1.661538353333106,0.003275503970702886,0.0023877994603747447,0.013708442449569702,0.0028328101616352797,0.013708442449569702,0.0028328101616352797,0.0032528031151741743,0.007489337120205164,0.0032528031151741743,0,10,11,10,11,1,1,1,1,1,1,0.017999999225139618,0.017999999225139618,0.017999999225139618,0,0.014296555425971746,-0.007442334434017539,0.006854220991954207,0.006854220991954207,0.38079007150074157,0.794253113411501,1,0
3001,3,1,2,0.008548873476684093,0.0,-0.0021313291508704424,-0.0021313291508704424,0.0,0.008548873476684093,0.0,0,1,0.007692307233810425,0.20944694064039504,13,1.6615383533331063,0.0021509995493808115,0.0016065898665486,0.008548873476684093,-0.0021313291508704424,0.008548873476684093,0.0021313291508704424,0.003313409397378564,0.003895641304552555,0.003313409397378564,0,0,0,10,11,13,13,0,1,1,1,0.0,0.0,0.0,1,0.009859755635261536,-0.005585318896919489,0.004274436738342047,0.004274436738342047,inf,inf,0,0
3001,3,1,3,0.019875336438417435,0.012000000104308128,-0.010333343409001827,-0.010333343409001827,-0.005400000016763808,0.019875336438417435,0.012000000104308128,1,3,0.9076923131942749,0.2094469155167731,13,1.661538461366525,0.0021051825643522044,0.0015139682581799775,0.007875336334109306,-0.00493334339223802,0.007875336334109306,0.00493334339223802,0.0032300392631441355,0.0072021568194031715,0.0032300392631441355,0,10,11,10,11,1,1,1,1,1,1,0.006000000052154064,0.006000000052154064,0.006000000052154064,0,0.008646989241242409,-0.004316035890951753,0.004330953350290656,0.004330953350290656,0.7218255521074199,1.4411648610133008,0,0
3001,3,1,4,0.011601170524954796,0.0,-0.00016771240916568786,-0.00016771240916568786,0.0,0.011601170524954796,0.0,0,1,0.007692307233810425,0.20944694064039504,13,1.661538353333106,0.00258915327647821,0.0017236090270725231,0.011601170524954796,-0.00016771240916568786,0.011601170524954796,0.00016771240916568786,0.0017814778257161379,0.004227994475513697,0.0017814778257161379,0,0,0,10,11,13,13,0,1,1,1,0.0,0.0,0.0,1,0.010612720623612404,-0.004812135361135006,0.005800585262477398,0.005800585262477398,inf,inf,0,0
3001,3,1,5,0.019013429060578346,0.012000001035630703,0.001272388268262148,0.001272388268262148,6.447617439953035e-11,0.019013429060578346,0.012000001035630703,1,3,0.9076921939849854,0.20944694064039504,13,1.661538353333106,0.0023688358483168466,0.0019401882956983775,0.007013428024947643,0.0012723882037859735,0.007013428024947643,0.0012723882037859735,0.0019059388432651758,0.00543740252032876,0.0019059388432651758,0,10,11,10,11,1,1,1,1,1,1,0.006000000052154064,0.006000000983476639,0.006000000052154064,0,0.008959794417023659,-0.004410740919411182,0.004549053497612476,0.004549053497612476,0.7581755763450898,1.493299056523674,0,0
3001,3,2,0,0.006683320738375187,0.0,0.000242311813053675,0.000242311813053675,0.0,0.006683320738375187,0.0,0,1,0.9076921939849854,0.20944694064039504,13,1.661538353333106,0.0018073148443331348,0.001378869271724204,0.006683320738375187,0.000242311813053675,0.006683320738375187,0.000242311813053675,0.003706523682922125,0.005069822072982788,0.003706523682922125,0,0,0,7,8,13,13,0,1,1,1,0.0,0.0,0.0,1,0.0036057494580745697,0.0002640889724716544,0.0033416604856029153,0.0033416604856029153,inf,inf,0,0
3001,3,2,1,0.00725729763507843,0.0,0.0009917240822687745,0.0009917240822687745,0.0,0.00725729763507843,0.0,0,1,0.9076921939849854,0.20944694064039504,13,1.661538353333106,0.0019343540493224336,0.0013968478109874934,0.00725729763507843,0.0009917240822687745,0.00725729763507843,0.0009917240822687745,0.0015890812501311302,0.0044858562760055065,0.0015890812501311302,0,0,0,7,8,13,13,0,1,1,1,0.0,0.0,0.0,1,0.005260536912828684,-0.0016318882117047906,0.0036286487011238933,0.0036286487011238933,inf,inf,0,0
3001,3,2,3,0.005257107317447662,0.0,-0.0017699477029964328,-0.0017699477029964328,0.0,0.005257107317447662,0.0,0,1,0.9076923131942749,0.2094469155167731,13,1.661538461366525,0.0015014082812924267,0.0012132130479219662,0.005257107317447662,-0.0017699477029964328,0.005257107317447662,0.0017699477029964328,0.00357146468013525,0.00269883731380105,0.00357146468013525,0,0,0,3,8,13,13,0,1,1,1,0.0,0.0,0.0,1,0.003606269136071205,0.0009777155355550349,0.0026285536005161703,0.0026285536005161703,inf,inf,0,0
3001,3,2,4,0.015398158691823483,0.029999999329447746,0.0010663397843018174,0.0010663397843018174,0.0008307692647266838,0.015398158691823483,0.029999999329447746,1,4,0.007692307233810425,0.20944694064039504,13,1.661538353333106,0.003260413167718227,0.0020906524801593738,0.014601840637624264,0.00023557051957513362,0.014601840637624264,0.00023557051957513362,0.0032951494213193655,0.005616930313408375,0.0032951494213193655,0,10,11,10,11,1,1,1,1,1,1,0.013999999617226422,0.014999999664723873,0.013999999617226422,0,0.009129499085247517,0.0018285787664353848,0.007300920318812132,0.007300920318812132,0.5214943227447414,0.6521070953469202,0,0
3001,3,2,5,0.0072305044159293175,0.0,0.00068132602609694,0.00068132602609694,0.0,0.0072305044159293175,0.0,0,1,0.9076921939849854,0.20944694064039504,13,1.661538353333106,0.0017775527422084212,0.0012973843954542112,0.0072305044159293175,0.00068132602609694,0.0072305044159293175,0.00068132602609694,0.0027319309301674366,0.00440274877473712,0.0027319309301674366,0,0,0,7,8,13,13,0,1,1,1,0.0,0.0,0.0,1,0.004270290955901146,-0.0006550386315211654,0.0036152523243799806,0.0036152523243799806,inf,inf,0,0
3001,4,0,1,0.015936236828565598,0.024000000208616257,0.0007748802308924496,0.0007748802308924496,0.0,0.015936236828565598,0.024000000208616257,1,3,0.9076921939849854,0.20944694064039504,13,1.661538353333106,0.0018048841047967172,0.0012380195101006674,0.00806376338005066,0.0007748802308924496,0.00806376338005066,0.0007748802308924496,0.001015608198940754,0.00647382577881217,0.001015608198940754,0,10,11,10,11,1,1,1,1,1,1,0.012000000104308128,0.012000000104308128,0.012000000104308128,0,0.008561786264181137,-0.004529905039817095,0.004031881224364042,0.004031881224364042,0.3359900991097953,0.7134821824799288,1,0
3001,4,0,2,0.005003119818866253,0.0,-0.0006622642395086586,-0.0006622642395086586,0.0,0.005003119818866253,0.0,0,1,0.9076921939849854,0.20944694064039504,13,1.6615383533331063,0.001358503760692947,0.0010608066391398217,0.005003119818866253,-0.0006622642395086586,0.005003119818866253,0.0006622642395086586,0.0015216723550111055,0.003286907682195306,0.0015216723550111055,0,0,0,10,11,13,13,0,1,1,1,0.0,0.0,0.0,1,0.007626404520124197,-0.005124844727106392,0.0025015597930178046,0.0025015597930178046,inf,inf,0,0
3001,4,0,3,0.014922615140676498,0.012000000104308128,-0.007135963533073664,-0.007135963533073664,-0.005400000016763807,0.014922615140676498,0.012000000104308128,1,3,0.007692308165132999,0.2094469155167731,13,1.661538461366525,0.000921688194293741,0.000773987515151677,0.00292261503636837,-0.001735963516309857,0.00292261503636837,0.001735963516309857,0.003383719129487872,0.0057589272037148476,0.003383719129487872,0,10,11,10,11,1,1,1,1,1,1,0.006000000052154064,0.006000000052154064,0.006000000052154064,0,0.0036444999277591705,-0.002111743437126279,0.0015327564906328917,0.0015327564906328917,0.25545941288494084,0.607416649346654,1,0
3001,4,0,4,0.007170181721448898,0.0,-0.00042299285996705294,-0.00042299285996705294,0.0,0.007170181721448898,0.0,0,1,0.9076921939849854,0.20944694064039504,13,1.661538353333106,0.0016137325581555928,0.001105864884982095,0.007170181721448898,-0.00042299285996705294,0.007170181721448898,0.00042299285996705294,0.00190685351844877,0.003409904194995761,0.00190685351844877,0,0,0,10,11,13,13,0,1,1,1,0.0,0.0,0.0,1,0.008331339806318283,-0.004746248887386173,0.00358509091893211,0.00358509091893211,inf,inf,0,0
3001,4,0,5,0.014058509841561317,0.012000000104308128,0.0006462649907916784,0.0006462649907916784,0.0,0.014058509841561317,0.012000000104308128,1,3,0.9076921939849854,0.20944694064039504,13,1.661538353333106,0.0009433312115483476,0.0007763337619470423,0.002058509737253189,0.0006462649907916784,0.002058509737253189,0.0006462649907916784,0.0015888272318989038,0.005720973014831543,0.0015888272318989038,0,10,11,10,11,1,1,1,1,1,1,0.006000000052154064,0.006000000052154064,0.006000000052154064,0,0.005714349448680878,-0.003848087857477367,0.0018662615912035108,0.0018662615912035108,0.3110435958302205,0.9523915665016311,1,0
3001,4,1,0,0.01980416476726532,0.035999998450279236,0.004126381129026413,0.004126381129026413,-6.938893903907228e-18,0.01980416476726532,0.035999998450279236,1,3,0.9076921939849854,0.20944694064039504,13,1.661538353333106,0.00391944216514293,0.0028926122536849694,0.016195833683013916,0.00412638112902642,0.016195833683013916,0.00412638112902642,0.0034691470209509134,0.0051218788139522076,0.0034691470209509134,0,10,11,10,11,1,1,1,1,1,1,0.017999999225139618,0.017999999225139618,0.017999999225139618,0,0.018778011202812195,0.010680094826966524,0.00809791637584567,0.00809791637584567,0.44988426246906454,1.0432228895091267,1,0
3001,4,1,2,0.008575089275836945,0.0,-0.0019439347088336945,-0.0019439347088336945,0.0,0.008575089275836945,0.0,0,1,0.9076921939849854,0.20944694064039504,13,1.6615383533331063,0.0023352654592000885,0.0019184207466579754,0.008575089275836945,-0.0019439347088336945,0.008575089275836945,0.0019439347088336945,0.0016934432787820697,0.003433564445003867,0.0016934432787820697,0,0,0,1,11,13,13,0,1,1,1,0.0,0.0,0.0,1,0.01971310004591942,0.015425555408000946,0.004287544637918472,0.004287544637918472,inf,inf,0,0
3001,4,1,3,0.01638592593371868,0.012000001966953278,-0.008289992809295654,-0.008289992809295654,-0.0054000008549541165,0.01638592593371868,0.012000001966953278,1,3,0.007692308165132999,0.2094469155167731,13,1.661538461366525,0.0023442870636195463,0.0018269778532389353,0.004385923966765404,-0.002889991954341538,0.004385923966765404,0.002889991954341538,0.002917964244261384,0.004452456720173359,0.002917964244261384,0,10,11,10,11,1,1,1,1,1,1,0.006000000983476639,0.006000000983476639,0.006000000983476639,0,0.016992783173918724,0.012867318466305733,0.004125464707612991,0.004125464707612991,0.6875773385661236,2.8321300647641614,0,0
3001,4,1,4,0.00923413410782814,0.0,2.0063482224941254e-05,2.0063482224941254e-05,0.0,0.00923413410782814,0.0,0,1,0.9076921939849854,0.20944694064039504,13,1.661538353333106,0.0025587056070094233,0.0020746726035719087,0.00923413410782814,2.0063482224941254e-05,0.00923413410782814,2.0063482224941254e-05,0.0016942945076152682,0.0034113742876797915,0.0016942945076152682,0,0,0,1,11,13,13,0,1,1,1,0.0,0.0,0.0,1,0.018367214128375053,0.013750147074460983,0.00461706705391407,0.00461706705391407,inf,inf,0,0
3001,4,1,5,0.017928902059793472,0.036000000312924385,-0.0008747734245844185,-0.0008747734245844185,-0.024923076974657843,0.017928902059793472,0.036000000312924385,1,4,0.9076921939849854,0.20944694064039504,13,1.661538353333106,0.008474667074177376,0.005677810644168825,0.018071098253130913,0.024048303550073424,0.018071098253130913,0.024048303550073424,0.001990322954952717,0.0048335520550608635,0.001990322954952717,0,10,2,1,11,1,1,1,0,0,0,0.006000000052154064,0.024000000208616257,0.006000000052154064,0,0.02093787956982851,-0.004120850469917059,0.01681702909991145,0.01681702909991145,2.8028381589553417,3.48964656463821,0,0
3001,4,2,0,0.006433030590415001,0.0,0.0027479873970150948,0.0027479873970150948,0.0,0.006433030590415001,0.0,0,1,0.9076921939849854,0.20944694064039504,13,1.661538353333106,0.0018024874861793253,0.0014713651682498187,0.006433030590415001,0.0027479873970150948,0.006433030590415001,0.0027479873970150948,0.005160192493349314,0.00567198172211647,0.005160192493349314,0,0,0,1,2,13,13,0,1,1,1,0.0,0.0,0.0,1,0.014488320797681808,0.011271805502474308,0.0032165152952075005,0.0032165152952075005,inf,inf,0,0
3001,4,2,1,0.005627814680337906,0.0,0.000706078193616122,0.000706078193616122,0.0,0.005627814680337906,0.0,0,1,0.9076921939849854,0.20944694064039504,13,1.661538353333106,0.0016460941405650217,0.00135460511378988,0.005627814680337906,0.000706078193616122,0.005627814680337906,0.000706078193616122,0.0026993881911039352,0.005891593173146248,0.0026993881911039352,0,0,0,10,2,13,13,0,1,1,1,0.0,0.0,0.0,1,0.012527227401733398,0.009713320061564445,0.002813907340168953,0.002813907340168953,inf,inf,0,0
3001,4,2,3,0.006901253014802933,0.0,-0.001148248091340065,-0.001148248091340065,-3.469446951953614e-18,0.006901253014802933,0.0,0,1,0.007692308165132999,0.2094469155167731,13,1.661538461366525,0.0017026770917018081,0.001294567211139837,0.006901253014802933,-0.0011482480913400615,0.006901253014802933,0.0011482480913400615,0.002859049942344427,0.00502306642010808,0.002859049942344427,0,0,0,1,2,13,13,0,1,1,1,0.0,0.0,0.0,1,0.015821047127246857,0.01237042061984539,0.0034506265074014664,0.0034506265074014664,inf,inf,0,0
3001,4,2,4,0.0174814872443676,0.03000000026077032,-0.0001691036595730111,-0.0001691036595730111,-6.44761778689773e-11,0.0174814872443676,0.03000000026077032,1,3,0.9076921939849854,0.20944694064039504,13,1.661538353333106,0.0028070903002005037,0.0018945859094872271,0.012518513016402721,-0.00016910359509683323,0.012518513016402721,0.00016910359509683323,0.0015168641693890095,0.005741172470152378,0.0015168641693890095,0,10,11,10,11,1,1,1,1,1,1,0.015000000596046448,0.014999999664723873,0.014999999664723873,0,0.015464338473975658,0.009205081965774298,0.006259256508201361,0.006259256508201361,0.4172837765404433,1.0309559213087045,1,0
3001,4,2,5,0.0051300860941410065,0.0,-0.002480429830029607,-0.002480429830029607,0.0,0.0051300860941410065,0.0,0,1,0.9076921939849854,0.20944694064039504,13,1.661538353333106,0.0012752838710800775,0.0010327557928463409,0.0051300860941410065,-0.002480429830029607,0.0051300860941410065,0.002480429830029607,0.0036006795708090067,0.004730242304503918,0.0036006795708090067,0,0,0,1,2,13,13,0,1,1,1,0.0,0.0,0.0,1,0.013994097709655762,0.011429054662585258,0.0025650430470705032,0.0025650430470705032,inf,inf,0,0
3001,5,0,1,0.015228081494569778,0.023999999277293682,-0.00031147609115578234,-0.00031147609115578234,-6.447617873633904e-11,0.015228081494569778,0.023999999277293682,1,3,0.9076921939849854,0.20944694064039504,13,1.661538353333106,0.0020272712397173976,0.001445161288923766,0.008771917782723904,-0.0003114760266796036,0.008771917782723904,0.0003114760266796036,0.0016493013827130198,0.0065817879512906075,0.0016493013827130198,0,10,11,10,11,1,1,1,1,1,1,0.012000000104308128,0.011999999172985554,0.011999999172985554,0,0.006310576107352972,-0.0019246174488216639,0.004385958658531308,0.004385958658531308,0.365496580066855,0.5258813785220391,1,0
3001,5,0,2,0.006247909273952246,0.0,-0.0013441970804706216,-0.0013441970804706216,0.0,0.006247909273952246,0.0,0,1,0.9076921939849854,0.20944694064039504,13,1.6615383533331063,0.0014978886442873838,0.0010928299509473808,0.006247909273952246,-0.0013441970804706216,0.006247909273952246,0.0013441970804706216,0.0009875701507553458,0.005529035348445177,0.0009875701507553458,0,0,0,10,11,13,13,0,1,1,1,0.0,0.0,0.0,1,0.004259189590811729,-0.0011352349538356066,0.003123954636976123,0.003123954636976123,inf,inf,0,0
3001,5,0,3,0.013520855456590652,0.012000000104308128,-0.006356941536068916,-0.006356941536068916,-0.005400000016763807,0.013520855456590652,0.012000000104308128,1,3,0.9076923131942749,0.2094469155167731,13,1.661538461366525,0.0006951517623070084,0.0005839957343138886,0.0015208553522825241,-0.0009569415193051095,0.0015208553522825241,0.0009569415193051095,0.0032376106828451157,0.006512505002319813,0.0032376106828451157,0,10,11,10,11,1,1,1,1,1,1,0.006000000052154064,0.006000000052154064,0.006000000052154064,0,0.003470511408522725,-0.002252069069072604,0.001218442339450121,0.001218442339450121,0.20307372147650016,0.5784185630593077,1,0
3001,5,0,4,0.008001890033483505,0.0,0.00037443512701429427,0.00037443512701429427,-8.673617379884035e-19,0.008001890033483505,0.0,0,1,0.9076921939849854,0.20944694064039504,13,1.661538353333106,0.001764376152068596,0.0011360528245127413,0.008001890033483505,0.00037443512701429513,0.008001890033483505,0.00037443512701429513,0.001620778813958168,0.004850929137319326,0.001620778813958168,0,0,0,10,11,13,13,0,1,1,1,0.0,0.0,0.0,1,0.006119377911090851,-0.002118432894349098,0.004000945016741753,0.004000945016741753,inf,inf,0,0
3001,5,0,5,0.01258122082799673,0.012000000104308128,-0.00017677550204098225,-0.00017677550204098225,0.0,0.01258122082799673,0.012000000104308128,1,3,0.9076921939849854,0.20944694064039504,13,1.661538353333106,0.0009443347641349926,0.0008453415491833136,0.0005812207236886024,-0.00017677550204098225,0.0005812207236886024,0.00017677550204098225,0.001696741208434105,0.00629451172426343,0.001696741208434105,0,10,11,10,11,1,1,1,1,1,1,0.006000000052154064,0.006000000052154064,0.006000000052154064,0,0.002016953192651272,-0.00037188874557614326,0.0016450644470751286,0.0016450644470751286,0.27417740546261044,0.33615886251987015,1,0
3001,5,1,0,0.018929792568087578,0.035999998450279236,0.0011993516236543655,0.0011993516236543655,0.0,0.018929792568087578,0.035999998450279236,1,3,0.9076921939849854,0.20944694064039504,13,1.661538353333106,0.004277035720589672,0.003197698109954066,0.017070205882191658,0.0011993516236543655,0.017070205882191658,0.0011993516236543655,0.0019198553636670113,0.005804372951388359,0.0019198553636670113,0,10,11,10,11,1,1,1,1,1,1,0.017999999225139618,0.017999999225139618,0.017999999225139618,0,0.009457830339670181,0.0009227273985743523,0.008535102941095829,0.008535102941095829,0.47417240602851335,0.5254350414893877,1,0
3001,5,1,2,0.009188298135995865,0.0,-0.0012292606988921762,-0.0012292606988921762,0.0,0.009188298135995865,0.0,0,1,0.9076921939849854,0.20944694064039504,13,1.6615383533331063,0.0025340452636454023,0.001979835022836042,0.009188298135995865,-0.0012292606988921762,0.009188298135995865,0.0012292606988921762,0.0018418673425912857,0.0035963752306997776,0.0018418673425912857,0,0,0,1,11,13,13,0,1,1,1,0.0,0.0,0.0,1,0.007501926273107529,0.0029077772051095963,0.0045941490679979324,0.0045941490679979324,inf,inf,0,0
3001,5,1,3,0.015573352575302124,0.012000001966953278,-0.00792309083044529,-0.00792309083044529,-0.0054000008549541165,0.015573352575302124,0.012000001966953278,1,3,0.9076923131942749,0.2094469155167731,13,1.661538461366525,0.0025135941261422846,0.0018984610159721597,0.0035733506083488464,-0.002523089975491173,0.0035733506083488464,0.002523089975491173,0.003940451890230179,0.004185382276773453,0.003940451890230179,0,10,11,10,11,1,1,1,1,1,1,0.006000000983476639,0.006000000983476639,0.006000000983476639,0,0.007137630134820938,0.002712460234761238,0.0044251699000597,0.0044251699000597,0.7375281957863248,1.18960482747873,0,0
3001,5,1,4,0.009767994284629822,0.0,0.0002351030707359314,0.0002351030707359314,0.0,0.009767994284629822,0.0,0,1,0.9076921939849854,0.20944694064039504,13,1.661538353333106,0.0026213080200324836,0.0020726548849478283,0.009767994284629822,0.0002351030707359314,0.009767994284629822,0.0002351030707359314,0.001373305101878941,0.0036094263195991516,0.001373305101878941,0,0,0,1,11,13,13,0,1,1,1,0.0,0.0,0.0,1,0.007048945873975754,0.002164948731660843,0.004883997142314911,0.004883997142314911,inf,inf,0,0
3001,5,1,5,0.01895367167890072,0.035999998450279236,-0.004978107288479805,-0.004978107288479805,-0.006230769694997709,0.01895367167890072,0.035999998450279236,1,4,0.9076921939849854,0.20944694064039504,13,1.661538353333106,0.00890662871224264,0.00735888524344687,0.017046326771378517,0.0012526624065179043,0.017046326771378517,0.0012526624065179043,0.0009416769025847316,0.004842122085392475,0.0009416769025847316,0,1,11,1,11,3,1,0,1,1,1,0.0,0.00599999725818634,0.0,1,0.018836133182048798,-0.005912384018301964,0.012923749163746834,0.012923749163746834,inf,inf,0,0
3001,5,2,0,0.007024267688393593,0.0,-1.328345388174057e-05,-1.328345388174057e-05,3.469446951953614e-18,0.007024267688393593,0.0,0,1,0.9076921939849854,0.20944694064039504,13,1.661538353333106,0.0019343184998883121,0.001548842212857579,0.007024267688393593,-1.328345388174404e-05,0.007024267688393593,1.328345388174404e-05,0.0040028574876487255,0.005193845368921757,0.0040028574876487255,0,0,0,1,2,13,13,0,1,1,1,0.0,0.0,0.0,1,0.016194963827729225,0.012682829983532429,0.0035121338441967964,0.0035121338441967964,inf,inf,0,0
3001,5,2,1,0.004675110802054405,0.0,0.0012320829555392265,0.0012320829555392265,6.938893903907228e-18,0.004675110802054405,0.0,0,1,0.9076921939849854,0.20944694064039504,13,1.661538353333106,0.001378292542308357,0.0011592453356677964,0.004675110802054405,0.0012320829555392196,0.004675110802054405,0.0012320829555392196,0.0028586587868630886,0.0038142779376357794,0.0028586587868630886,0,0,0,1,2,13,13,0,1,1,1,0.0,0.0,0.0,1,0.013872208073735237,0.011534652672708035,0.0023375554010272026,0.0023375554010272026,inf,inf,0,0
3001,5,2,3,0.0067107193171978,0.0,-0.001027568243443966,-0.001027568243443966,0.0,0.0067107193171978,0.0,0,1,0.9076923131942749,0.2094469155167731,13,1.661538461366525,0.0018326980353248084,0.0014334921917971773,0.0067107193171978,-0.001027568243443966,0.0067107193171978,0.001027568243443966,0.0031257548835128546,0.003588847815990448,0.0031257548835128546,0,0,0,1,2,13,13,0,1,1,1,0.0,0.0,0.0,1,0.01712256856262684,0.013767208904027939,0.0033553596585989,0.0033553596585989,inf,inf,0,0
3001,5,2,4,0.017208749428391457,0.02999999839812517,0.0023353872820734978,0.0023353872820734978,6.44761778689773e-11,0.017208749428391457,0.02999999839812517,1,3,0.9076921939849854,0.20944694064039504,13,1.661538353333106,0.0029878751450274498,0.0020281647238329327,0.012791248969733715,0.00233538721759732,0.012791248969733715,0.00233538721759732,0.0033871252089738846,0.004882718436419964,0.0033871252089738846,0,10,11,10,11,1,1,1,1,1,1,0.014999998733401299,0.014999999664723873,0.014999998733401299,0,0.016662067733705044,0.010266443248838186,0.0063956244848668575,0.0063956244848668575,0.42637500166085873,1.1108046093765813,1,0
3001,5,2,5,0.004695739597082138,0.0,0.0011773217702284455,0.0011773217702284455,6.938893903907228e-18,0.004695739597082138,0.0,0,1,0.9076921939849854,0.20944694064039504,13,1.661538353333106,0.0013883119322044483,0.0011609686902288852,0.004695739597082138,0.0011773217702284386,0.004695739597082138,0.0011773217702284386,0.003523169783875346,0.003319268813356757,0.003523169783875346,0,0,0,6,2,13,13,0,1,1,1,0.0,0.0,0.0,1,0.015804363414645195,0.013456493616104126,0.002347869798541069,0.002347869798541069,inf,inf,0,0
3001,6,0,1,0.013019071891903877,0.024000000208616257,3.6495115637080744e-05,3.6495115637080744e-05,0.0,0.013019071891903877,0.024000000208616257,1,3,0.9076921939849854,0.20944694064039504,13,1.661538353333106,0.0030245970949342384,0.0020232654931629903,0.01098092831671238,3.6495115637080744e-05,0.01098092831671238,3.6495115637080744e-05,0.001128151547163725,0.0037126834504306316,0.001128151547163725,0,10,11,2,11,1,1,1,0,1,0,0.012000000104308128,0.012000000104308128,0.012000000104308128,0,0.010367922484874725,-0.004094657488167286,0.006273264996707439,0.006273264996707439,0.5227720785148385,0.863993532896098,0,0
3001,6,0,2,0.008661242201924324,0.0,-0.0021385306026786566,-0.0021385306026786566,0.0,0.008661242201924324,0.0,0,1,0.9076921939849854,0.20944694064039504,13,1.6615383533331063,0.002296177634116489,0.0017640145396339822,0.008661242201924324,-0.0021385306026786566,0.008661242201924324,0.0021385306026786566,0.0015508305514231324,0.004141608253121376,0.0015508305514231324,0,0,0,8,11,13,13,0,1,1,1,0.0,0.0,0.0,1,0.005286108702421188,-0.0009554876014590263,0.004330621100962162,0.004330621100962162,inf,inf,0,0
3001,6,0,3,0.012915242463350296,0.011999998241662979,-0.007769208867102861,-0.007769208867102861,-0.005399999178573495,0.012915242463350296,0.011999998241662979,1,3,0.007692308165132999,0.2094469155167731,13,1.661538461366525,0.0020873958703777687,0.0015690655794722086,0.0009152442216873169,-0.002369209688529366,0.0009152442216873169,0.002369209688529366,0.002285962225869298,0.004906056448817253,0.002285962225869298,0,10,11,8,11,1,1,1,0,1,0,0.0059999991208314896,0.0059999991208314896,0.0059999991208314896,0,0.004107899963855743,-0.0006502782925963402,0.0034576216712594032,0.0034576216712594032,0.5762703629830267,0.6846500942964245,0,0
3001,6,0,4,0.0098638366907835,0.0,-0.0006085693021304905,-0.0006085693021304905,0.0,0.0098638366907835,0.0,0,1,0.9076921939849854,0.20944694064039504,13,1.661538353333106,0.00251700216511819,0.0020572873791293985,0.0098638366907835,-0.0006085693021304905,0.0098638366907835,0.0006085693021304905,0.002329251728951931,0.004659448750317097,0.002329251728951931,0,0,0,8,11,13,13,0,1,1,1,0.0,0.0,0.0,1,0.005787193775177002,-0.0008552754297852516,0.00493191834539175,0.00493191834539175,inf,inf,0,0
3001,6,0,5,0.011731678619980812,0.011999998241662979,7.02651823303313e-06,7.02651823303313e-06,3.469446951953614e-18,0.011731678619980812,0.011999998241662979,1,3,0.9076921939849854,0.20944694064039504,13,1.661538353333106,0.002292131280464216,0.0017330462675122819,0.00026831962168216705,7.0265182330296605e-06,0.00026831962168216705,7.0265182330296605e-06,0.0013692425563931465,0.004756227135658264,0.0013692425563931465,0,10,11,8,11,1,1,1,0,1,0,0.0059999991208314896,0.0059999991208314896,0.0059999991208314896,0,0.005449771881103516,-0.0010944968089461327,0.004355275072157383,0.004355275072157383,0.7258792850545988,0.9082954466080451,0,0
3001,6,1,0,0.019639281556010246,0.035999998450279236,-0.00038895694888196886,-0.00038895694888196886,0.0,0.019639281556010246,0.035999998450279236,1,3,0.9076921939849854,0.20944694064039504,13,1.661538353333106,0.004081579386529032,0.003060798981838677,0.01636071689426899,-0.00038895694888196886,0.01636071689426899,0.00038895694888196886,0.000716433918569237,0.00603942247107625,0.000716433918569237,0,10,11,10,11,1,1,1,1,1,1,0.017999999225139618,0.017999999225139618,0.017999999225139618,0,0.013453107327222824,0.005272748880088329,0.008180358447134495,0.008180358447134495,0.45446437773782977,0.7473948836860839,1,0
3001,6,1,2,0.008796514943242073,0.0,-0.0014857649803161621,-0.0014857649803161621,0.0,0.008796514943242073,0.0,0,1,0.9076921939849854,0.20944694064039504,13,1.6615383533331063,0.002544600631022171,0.0021471445112538757,0.008796514943242073,-0.0014857649803161621,0.008796514943242073,0.0014857649803161621,0.0018671434372663498,0.004295797552913427,0.0018671434372663498,0,0,0,1,11,13,13,0,1,1,1,0.0,0.0,0.0,1,0.01225251890718937,0.007854261435568333,0.0043982574716210365,0.0043982574716210365,inf,inf,0,0
3001,6,1,3,0.016524476930499077,0.012000001966953278,-0.008113018237054348,-0.008113018237054348,-0.0054000008549541165,0.016524476930499077,0.012000001966953278,1,3,0.007692308165132999,0.2094469155167731,13,1.661538461366525,0.002713832239538417,0.0021359709989742415,0.004524474963545799,-0.0027130173821002315,0.004524474963545799,0.0027130173821002315,0.003553979331627488,0.0046110316179692745,0.003553979331627488,0,10,11,10,11,1,1,1,1,1,1,0.006000000983476639,0.006000000983476639,0.006000000983476639,0,0.0081435926258564,0.003252023831009865,0.004891568794846535,0.004891568794846535,0.81526133217601,1.357265215169628,0,0
3001,6,1,4,0.009177850559353828,0.0,-0.00013386644423007965,-0.00013386644423007965,0.0,0.009177850559353828,0.0,0,1,0.9076921939849854,0.20944694064039504,13,1.661538353333106,0.002665988500723377,0.002229027604386651,0.009177850559353828,-0.00013386644423007965,0.009177850559353828,0.00013386644423007965,0.0010315969120711088,0.0035834605805575848,0.0010315969120711088,0,0,0,1,11,13,13,0,1,1,1,0.0,0.0,0.0,1,0.010849373415112495,0.006260448135435581,0.004588925279676914,0.004588925279676914,inf,inf,0,0
3001,6,1,5,0.018107926473021507,0.03600000124424696,-0.0048814876936376095,-0.0048814876936376095,-0.006230769243664464,0.018107926473021507,0.03600000124424696,1,4,0.9076921939849854,0.20944694064039504,13,1.661538353333106,0.009090558374318807,0.007540521669317278,0.017892074771225452,0.0013492815500268547,0.017892074771225452,0.0013492815500268547,0.00089685880811885,0.0035971025936305523,0.00089685880811885,0,1,11,1,11,3,1,0,1,1,1,0.0,0.006000000983476639,0.0,1,0.015845726244151592,-0.002695839386433363,0.01314988685771823,0.01314988685771823,inf,inf,0,0
3001,6,2,0,0.006920116022229195,0.0,-0.00041497903293929994,-0.00041497903293929994,0.0,0.006920116022229195,0.0,0,1,0.9076921939849854,0.20944694064039504,13,1.661538353333106,0.0019546556429248705,0.0015593342615302503,0.006920116022229195,-0.00041497903293929994,0.006920116022229195,0.00041497903293929994,0.0025137963239103556,0.005673924461007118,0.0025137963239103556,0,0,0,1,2,13,13,0,1,1,1,0.0,0.0,0.0,1,0.014543484896421432,0.011083426885306835,0.0034600580111145973,0.0034600580111145973,inf,inf,0,0
3001,6,2,1,0.004911536350846291,0.0,0.001355835236608982,0.001355835236608982,0.0,0.004911536350846291,0.0,0,1,0.9076921939849854,0.20944694064039504,13,1.661538353333106,0.0014591030908642749,0.0012617842376937529,0.004911536350846291,0.001355835236608982,0.004911536350846291,0.001355835236608982,0.0025214971974492073,0.00540491146966815,0.0025214971974492073,0,0,0,10,2,13,13,0,1,1,1,0.0,0.0,0.0,1,0.012626923620700836,0.010171155445277691,0.0024557681754231453,0.0024557681754231453,inf,inf,0,0
3001,6,2,3,0.006037047132849693,0.0,-0.0006496412679553032,-0.0006496412679553032,-3.469446951953614e-18,0.006037047132849693,0.0,0,1,0.007692308165132999,0.2094469155167731,13,1.661538461366525,0.0015696160286482153,0.001256051126140109,0.006037047132849693,-0.0006496412679552997,0.006037047132849693,0.0006496412679552997,0.0030531147494912148,0.003844269784167409,0.0030531147494912148,0,0,0,1,2,13,13,0,1,1,1,0.0,0.0,0.0,1,0.01553385704755783,0.012515333481132984,0.0030185235664248466,0.0030185235664248466,inf,inf,0,0
3001,6,2,4,0.016266345977783203,0.03000000026077032,-6.30328431725502e-05,-6.30328431725502e-05,-6.44761778689773e-11,0.016266345977783203,0.03000000026077032,1,3,0.9076921939849854,0.20944694064039504,13,1.661538353333106,0.003048640645086637,0.002038104746204156,0.013733654282987118,-6.303277869637233e-05,0.013733654282987118,6.303277869637233e-05,0.0016196867218241096,0.004757637623697519,0.0016196867218241096,0,10,11,10,11,1,1,1,1,1,1,0.015000000596046448,0.014999999664723873,0.014999999664723873,0,0.015535316430032253,0.008668489288538694,0.006866827141493559,0.006866827141493559,0.45778848633194064,1.0356877851515762,1,0
3001,6,2,5,0.004545597359538078,0.0,0.0012898631393909454,0.0012898631393909454,0.0,0.004545597359538078,0.0,0,1,0.9076921939849854,0.20944694064039504,13,1.661538353333106,0.0012063318851220205,0.0009715155913279607,0.004545597359538078,0.0012898631393909454,0.004545597359538078,0.0012898631393909454,0.0029964959248900414,0.004300693050026894,0.0029964959248900414,0,0,0,1,2,13,13,0,1,1,1,0.0,0.0,0.0,1,0.013240188360214233,0.010967389680445194,0.002272798679769039,0.002272798679769039,inf,inf,0,0
3001,7,0,1,0.017975755035877228,0.024000003933906555,-0.0019946787506341934,-0.0019946787506341934,1.3877787807814457e-17,0.017975755035877228,0.024000003933906555,1,3,0.9076921939849854,0.20944694064039504,13,1.661538353333106,0.003973734095998075,0.0025937044056209588,0.006024248898029327,-0.0019946787506342073,0.006024248898029327,0.0019946787506342073,0.006281276699155569,0.0063608200289309025,0.006281276699155569,0,10,11,1,11,1,1,1,0,1,0,0.012000001966953278,0.012000001966953278,0.012000001966953278,0,0.03523672744631767,0.02665150724351406,0.008585220202803612,0.008585220202803612,0.7154348996313826,2.936393472547409,0,0
3001,7,0,2,0.016249287873506546,0.0,-0.0015538096195086837,-0.0015538096195086837,0.0,0.016249287873506546,0.0,0,1,0.9076921939849854,0.20944694064039504,13,1.6615383533331063,0.004360916282142278,0.003434893647594565,0.016249287873506546,-0.0015538096195086837,0.016249287873506546,0.0015538096195086837,0.005111146252602339,0.008567738346755505,0.005111146252602339,0,0,0,7,11,13,13,0,1,1,1,0.0,0.0,0.0,1,0.042533911764621735,0.03440926782786846,0.008124643936753273,0.008124643936753273,inf,inf,0,0
3001,7,0,3,0.02050301432609558,0.035999998450279236,0.0013229114701971412,0.0013229114701971412,0.0020769231456976706,0.02050301432609558,0.035999998450279236,1,4,0.9076921939849854,0.20944694064039504,13,1.661538353333106,0.008677458718877684,0.005719782156351753,0.015496984124183655,-0.0007540116755005294,0.015496984124183655,0.0007540116755005294,0.007037218660116196,0.008307399228215218,0.007037218660116196,0,10,3,1,11,1,1,1,0,0,0,0.00599999725818634,0.024000003933906555,0.00599999725818634,0,0.04381097853183746,0.025716889649629593,0.01809408888220787,0.01809408888220787,3.0156828584413873,7.301833092017196,0,0
3001,7,0,4,0.012991257011890411,0.0,-0.0016150701558217406,-0.0016150701558217406,1.3877787807814457e-17,0.012991257011890411,0.0,0,1,0.9076921939849854,0.20944694064039504,13,1.661538353333106,0.0037567051920152656,0.0030603332103356804,0.012991257011890411,-0.0016150701558217545,0.012991257011890411,0.0016150701558217545,0.005562743172049522,0.00903449859470129,0.005562743172049522,0,0,0,1,10,13,13,0,1,1,1,0.0,0.0,0.0,1,0.03640316426753998,0.029907535761594772,0.006495628505945206,0.006495628505945206,inf,inf,0,0
3001,7,0,5,0.015073426067829132,0.01199999451637268,-0.0008913452620618045,-0.0008913452620618045,0.0,0.015073426067829132,0.01199999451637268,1,3,0.9076921939849854,0.20944694064039504,13,1.661538353333106,0.0035076006232187124,0.0025288218400887487,0.0030734315514564514,-0.0008913452620618045,0.0030734315514564514,0.0008913452620618045,0.006324398331344128,0.007701483089476824,0.006324398331344128,0,10,11,7,11,1,1,1,0,1,0,0.00599999725818634,0.00599999725818634,0.00599999725818634,0,0.02764105051755905,0.02092750184237957,0.0067135486751794815,0.0067135486751794815,1.118925290510688,4.606843858111079,0,0
3001,7,1,0,0.017076333984732628,0.035999998450279236,0.000221048787352629,0.000221048787352629,0.0016615387228819042,0.017076333984732628,0.035999998450279236,1,4,0.9076921939849854,0.20944694064039504,13,1.661538353333106,0.004454137228276655,0.0032023226500615563,0.018923664465546608,-0.0014404899355292752,0.018923664465546608,0.0014404899355292752,0.0020887916907668114,0.004986199550330639,0.0020887916907668114,0,10,11,10,11,1,1,1,1,1,1,0.01599999889731407,0.017999999225139618,0.01599999889731407,0,0.01301664486527443,0.0035548126325011253,0.009461832232773304,0.009461832232773304,0.5913645553039174,0.8135403601471211,0,0
3001,7,1,2,0.00723298080265522,0.0,-0.001135501079261303,-0.001135501079261303,0.0,0.00723298080265522,0.0,0,1,0.9076921939849854,0.20944694064039504,13,1.6615383533331063,0.0021803826917352422,0.0017547086542527351,0.00723298080265522,-0.001135501079261303,0.00723298080265522,0.001135501079261303,0.0019746969919651747,0.003830965142697096,0.0019746969919651747,0,0,0,1,0,13,13,0,1,1,1,0.0,0.0,0.0,1,0.008731504902243614,0.005115014500916004,0.00361649040132761,0.00361649040132761,inf,inf,0,0
3001,7,1,3,0.013551963493227959,0.012000001966953278,-0.0009347840095870197,-0.0009347840095870197,0.0,0.013551963493227959,0.012000001966953278,1,3,0.9076921939849854,0.20944694064039504,13,1.661538353333106,0.0025063753296748516,0.001831410221270555,0.001551961526274681,-0.0009347840095870197,0.001551961526274681,0.0009347840095870197,0.0013700200943276286,0.002017923863604665,0.0013700200943276286,0,10,11,10,11,1,1,1,1,1,1,0.006000000983476639,0.006000000983476639,0.006000000983476639,0,0.0064941346645355225,0.0019023213535547256,0.004591813310980797,0.004591813310980797,0.7653020930540111,1.082355600010679,0,0
3001,7,1,4,0.00807887315750122,0.0,-0.00034529497497715056,-0.00034529497497715056,0.0,0.00807887315750122,0.0,0,1,0.9076921939849854,0.20944694064039504,13,1.661538353333106,0.0023084102227735,0.0018502214824306893,0.00807887315750122,-0.00034529497497715056,0.00807887315750122,0.00034529497497715056,0.001849499880336225,0.002855840604752302,0.001849499880336225,0,0,0,1,11,13,13,0,1,1,1,0.0,0.0,0.0,1,0.007604606449604034,0.003565169870853424,0.00403943657875061,0.00403943657875061,inf,inf,0,0
3001,7,1,5,0.01613622158765793,0.036000001011416316,-0.004595711827278137,-0.004595711827278137,-0.006230769195307323,0.01613622158765793,0.036000001011416316,1,4,0.9076921939849854,0.20944694064039504,13,1.661538353333106,0.009042622056314668,0.007525794323776249,0.019863779423758388,0.0016350573680291858,0.019863779423758388,0.0016350573680291858,0.0014627915807068348,0.0034249008167535067,0.0014627915807068348,0,1,11,1,11,3,1,0,1,1,1,0.0,0.006000000983476639,0.0,1,0.01841106149367988,-0.005716912797652185,0.012694148696027696,0.012694148696027696,inf,inf,0,0
3001,7,2,0,0.007672984153032303,0.0,0.0004712821391876787,0.0004712821391876787,3.469446951953614e-18,0.007672984153032303,0.0,0,1,0.9076921939849854,0.20944694064039504,13,1.661538353333106,0.0019392103445565166,0.0015083517460428046,0.007672984153032303,0.0004712821391876752,0.007672984153032303,0.0004712821391876752,0.0032045438420027494,0.0065181865356862545,0.0032045438420027494,0,0,0,1,2,13,13,0,1,1,1,0.0,0.0,0.0,1,0.017113113775849342,0.013276621699333191,0.0038364920765161514,0.0038364920765161514,inf,inf,0,0
3001,7,2,1,0.005726607516407967,0.0,0.0012739036465063691,0.0012739036465063691,6.938893903907228e-18,0.005726607516407967,0.0,0,1,0.9076921939849854,0.20944694064039504,13,1.661538353333106,0.0015113324374970566,0.0012586727385690223,0.005726607516407967,0.0012739036465063622,0.005726607516407967,0.0012739036465063622,0.002759786555543542,0.005026239901781082,0.002759786555543542,0,0,0,1,2,13,13,0,1,1,1,0.0,0.0,0.0,1,0.014357561245560646,0.011494257487356663,0.0028633037582039833,0.0028633037582039833,inf,inf,0,0
3001,7,2,3,0.008351283147931099,0.0,-0.0036691452842205763,-0.0036691452842205763,3.469446951953614e-18,0.008351283147931099,0.0,0,1,0.9076921939849854,0.20944694064039504,13,1.661538353333106,0.0020422130245936715,0.0016262605786323547,0.008351283147931099,-0.0036691452842205798,0.008351283147931099,0.0036691452842205798,0.00502667436376214,0.004921009764075279,0.00502667436376214,0,0,0,1,2,13,13,0,1,1,1,0.0,0.0,0.0,1,0.01775018312036991,0.013574541546404362,0.0041756415739655495,0.0041756415739655495,inf,inf,0,0
3001,7,2,4,0.016999626532197,0.02999999839812517,0.001972935162484646,0.001972935162484646,6.44761778689773e-11,0.016999626532197,0.02999999839812517,1,3,0.9076921939849854,0.20944694064039504,13,1.661538353333106,0.0030526788551870736,0.002158668145713721,0.013000371865928173,0.001972935098008468,0.013000371865928173,0.001972935098008468,0.0026094417553395033,0.005013642832636833,0.0026094417553395033,0,10,11,10,11,1,1,1,1,1,1,0.014999998733401299,0.014999999664723873,0.014999998733401299,0,0.016312054358422756,0.00981186842545867,0.0065001859329640865,0.0065001859329640865,0.4333457654559514,1.087470382387422,1,0
3001,7,2,5,0.0058074817061424255,0.0,0.001066658296622336,0.001066658296622336,6.938893903907228e-18,0.0058074817061424255,0.0,0,1,0.9076921939849854,0.20944694064039504,13,1.661538353333106,0.0015037208411790173,0.0012328299368626974,0.0058074817061424255,0.001066658296622329,0.0058074817061424255,0.001066658296622329,0.0032683229073882103,0.0035718900617212057,0.0032683229073882103,0,0,0,1,2,13,13,0,1,1,1,0.0,0.0,0.0,1,0.01592267118394375,0.013018930330872536,0.0029037408530712128,0.0029037408530712128,inf,inf,0,0
3001,8,0,1,0.016386084258556366,0.023999996483325958,-0.0036012015771120787,-0.0036012015771120787,5.158093951962428e-10,0.016386084258556366,0.023999996483325958,1,3,0.007692307233810425,0.20944694064039504,13,1.661538353333106,0.0045349403660775054,0.0031425486478579845,0.007613912224769592,-0.003601202092921474,0.007613912224769592,0.003601202092921474,0.008173746056854725,0.015257248654961586,0.008173746056854725,0,10,11,12,11,1,1,1,0,1,0,0.01199999451637268,0.012000001966953278,0.01199999451637268,0,0.04392005875706673,0.03452326916158199,0.009396789595484734,0.009396789595484734,0.7830661574606423,3.6600065689315615,0,0
3001,8,0,2,0.01491985097527504,0.0,-0.0005184728652238846,-0.0005184728652238846,0.0,0.01491985097527504,0.0,0,1,0.9076921939849854,0.20944694064039504,13,1.6615383533331063,0.0036542930789995073,0.0027346278171567523,0.01491985097527504,-0.0005184728652238846,0.01491985097527504,0.0005184728652238846,0.00652508856728673,0.016726480796933174,0.00652508856728673,0,0,0,7,11,13,13,0,1,1,1,0.0,0.0,0.0,1,0.054163821041584015,0.046703895553946495,0.00745992548763752,0.00745992548763752,inf,inf,0,0
3001,8,0,3,0.017508599907159805,0.01199999451637268,-0.01157628744840622,-0.01157628744840622,-0.005399997502192874,0.017508599907159805,0.01199999451637268,1,3,0.9076923131942749,0.2094469155167731,13,1.661538461366525,0.0032579145862502157,0.0025652908450047637,0.005508605390787125,-0.006176289946213345,0.005508605390787125,0.006176289946213345,0.01174697931855917,0.014543027617037296,0.01174697931855917,0,10,11,12,11,1,1,1,0,1,0,0.00599999725818634,0.00599999725818634,0.00599999725818634,0,0.029467683285474777,0.023713381960988045,0.0057543013244867325,0.0057543013244867325,0.959050659004155,4.9112827918828375,0,0
3001,8,0,4,0.009011421352624893,0.0,0.0009294903720729053,0.0009294903720729053,-1.3877787807814457e-17,0.009011421352624893,0.0,0,1,0.9076921939849854,0.20944694064039504,13,1.661538353333106,0.002710517625471374,0.002183686346697384,0.009011421352624893,0.0009294903720729192,0.009011421352624893,0.0009294903720729192,0.00439490145072341,0.016771581023931503,0.00439490145072341,0,0,0,7,11,13,13,0,1,1,1,0.0,0.0,0.0,1,0.04066910594701767,0.03616339527070522,0.004505710676312447,0.004505710676312447,inf,inf,0,0
3001,8,0,5,0.01617414876818657,0.012000001966953278,-0.003305693157017231,-0.003305693157017231,5.158093951962428e-10,0.01617414876818657,0.012000001966953278,1,3,0.9076921939849854,0.20944694064039504,13,1.661538353333106,0.003771988903518994,0.0029422938823699956,0.004174146801233292,-0.003305693672826626,0.004174146801233292,0.003305693672826626,0.009008645080029964,0.01186223141849041,0.009008645080029964,0,10,11,7,11,1,1,1,0,1,0,0.00599999725818634,0.006000004708766937,0.00599999725818634,0,0.03440899774432182,0.027440208941698074,0.006968788802623749,0.006968788802623749,1.1614653311908765,5.734835578028725,0,0
3001,8,1,0,0.020807109773159027,0.035999998450279236,0.0009655263274908066,0.0009655263274908066,6.938893903907228e-18,0.020807109773159027,0.035999998450279236,1,3,0.9076921939849854,0.20944694064039504,13,1.661538353333106,0.00422371001063754,0.0034737897342478736,0.015192888677120209,0.0009655263274907996,0.015192888677120209,0.0009655263274907996,0.0021509770303964615,0.005475334357470274,0.0021509770303964615,0,10,11,10,11,1,1,1,1,1,1,0.017999999225139618,0.017999999225139618,0.017999999225139618,0,0.011071637272834778,-0.0034751929342746735,0.007596444338560104,0.007596444338560104,0.422024703642796,0.6150909860802453,1,0
3001,8,1,2,0.009972888976335526,0.0,-0.0012543840566650033,-0.0012543840566650033,0.0,0.009972888976335526,0.0,0,1,0.9076921939849854,0.20944694064039504,13,1.6615383533331063,0.0029320864158328933,0.0025482286186613275,0.009972888976335526,-0.0012543840566650033,0.009972888976335526,0.0012543840566650033,0.003562973579391837,0.002621519612148404,0.003562973579391837,0,0,0,3,11,13,13,0,1,1,1,0.0,0.0,0.0,1,0.005239181220531464,-0.00025273673236370087,0.004986444488167763,0.004986444488167763,inf,inf,0,0
3001,8,1,3,0.014186110347509384,0.012000001966953278,-0.006662080064415932,-0.006662080064415932,-0.0054000008549541165,0.014186110347509384,0.012000001966953278,1,3,0.9076923131942749,0.2094469155167731,13,1.661538461366525,0.002801980950891494,0.002234266134056114,0.0021861083805561066,-0.0012620792094618152,0.0021861083805561066,0.0012620792094618152,0.0032341403421014547,0.0028947361279278994,0.0032341403421014547,0,10,11,10,11,1,1,1,1,1,1,0.006000000983476639,0.006000000983476639,0.006000000983476639,0,0.006971411406993866,-0.0018559694290161133,0.005115441977977753,0.005115441977977753,0.8525735232486016,1.1619017107151128,0,0
3001,8,1,4,0.012153260409832,0.0,0.000967449217569083,0.000967449217569083,6.938893903907228e-18,0.012153260409832,0.0,0,1,0.9076921939849854,0.20944694064039504,13,1.661538353333106,0.0034227527656230747,0.002910242983575403,0.012153260409832,0.000967449217569076,0.012153260409832,0.000967449217569076,0.0020336906891316175,0.00284466240555048,0.0020336906891316175,0,0,0,10,11,13,13,0,1,1,1,0.0,0.0,0.0,1,0.006514061242341995,-0.0004374310374259949,0.006076630204916,0.006076630204916,inf,inf,0,0
3001,8,1,5,0.020462937653064728,0.03599999472498894,-0.005420489702373743,-0.005420489702373743,-0.006230768921283561,0.020462937653064728,0.03599999472498894,1,4,0.9076921939849854,0.20944694064039504,13,1.661538353333106,0.008532132084310232,0.0068725447153904,0.01553705707192421,0.0008102792189098179,0.01553705707192421,0.0008102792189098179,0.003103554481640458,0.006173183675855398,0.003103554481640458,0,1,11,1,11,3,1,0,1,1,1,0.0,0.00599999725818634,0.0,1,0.02065899223089218,-0.007076261565089226,0.013582730665802956,0.013582730665802956,inf,inf,0,0
3001,8,2,0,0.007113786414265633,0.0,0.0007990344311110675,0.0007990344311110675,3.469446951953614e-18,0.007113786414265633,0.0,0,1,0.9076921939849854,0.20944694064039504,13,1.661538353333106,0.001975945424380877,0.0015055093054588025,0.007113786414265633,0.0007990344311110641,0.007113786414265633,0.0007990344311110641,0.003460399340838194,0.005420600064098835,0.003460399340838194,0,0,0,1,2,13,13,0,1,1,1,0.0,0.0,0.0,1,0.015507632866501808,0.011950739659368992,0.0035568932071328163,0.0035568932071328163,inf,inf,0,0
3001,8,2,1,0.004974870011210442,0.0,0.0011974135413765907,0.0011974135413765907,6.938893903907228e-18,0.004974870011210442,0.0,0,1,0.007692307233810425,0.20944694064039504,13,1.661538353333106,0.0014713901910800452,0.001232064885676965,0.004974870011210442,0.0011974135413765838,0.004974870011210442,0.0011974135413765838,0.0027987745124846697,0.004251777660101652,0.0027987745124846697,0,0,0,1,2,13,13,0,1,1,1,0.0,0.0,0.0,1,0.013570940122008324,0.011083505116403103,0.002487435005605221,0.002487435005605221,inf,inf,0,0
3001,8,2,3,0.006512569263577461,0.0,-0.0019378470024093986,-0.0019378470024093986,0.0,0.006512569263577461,0.0,0,1,0.9076923131942749,0.2094469155167731,13,1.661538461366525,0.0018455780231033873,0.0014623716120889198,0.006512569263577461,-0.0019378470024093986,0.006512569263577461,0.0019378470024093986,0.0032687101047486067,0.003734028432518244,0.0032687101047486067,0,0,0,1,2,13,13,0,1,1,1,0.0,0.0,0.0,1,0.015779921784996986,0.012523637153208256,0.0032562846317887306,0.0032562846317887306,inf,inf,0,0
3001,8,2,4,0.01764484867453575,0.02999999839812517,0.0020809294655919075,0.0020809294655919075,6.44761778689773e-11,0.01764484867453575,0.02999999839812517,1,3,0.9076921939849854,0.20944694064039504,13,1.661538353333106,0.002937169086055841,0.0019746548303309274,0.01235514972358942,0.0020809294011157296,0.01235514972358942,0.0020809294011157296,0.0035373829305171967,0.006306936498731375,0.0035373829305171967,0,10,11,10,11,1,1,1,1,1,1,0.014999998733401299,0.014999999664723873,0.014999998733401299,0,0.015775379724800587,0.009597804863005877,0.00617757486179471,0.00617757486179471,0.41183835889524273,1.0516920704581598,1,0
3001,8,2,5,0.005227040499448776,0.0,0.0010852767154574394,0.0010852767154574394,6.938893903907228e-18,0.005227040499448776,0.0,0,1,0.9076921939849854,0.20944694064039504,13,1.661538353333106,0.0014331985715127856,0.001173752608031211,0.005227040499448776,0.0010852767154574325,0.005227040499448776,0.0010852767154574325,0.0029677455313503742,0.0021918662823736668,0.0029677455313503742,0,0,0,1,2,13,13,0,1,1,1,0.0,0.0,0.0,1,0.01433495618402958,0.011721435934305191,0.002613520249724388,0.002613520249724388,inf,inf,0,0
3001,9,0,1,0.012996084988117218,0.024000000208616257,-2.7013631552108563e-05,-2.7013631552108563e-05,-2.5790471494535616e-10,0.012996084988117218,0.024000000208616257,1,3,0.9076921939849854,0.20944694064039504,13,1.661538353333106,0.003197934216069869,0.0022662836595399843,0.011003915220499039,-2.7013373647393618e-05,0.011003915220499039,2.7013373647393618e-05,0.0009704583790153265,0.005528823006898165,0.0009704583790153265,0,10,11,2,11,1,1,1,0,1,0,0.012000001966953278,0.011999998241662979,0.011999998241662979,0,0.01262311264872551,-0.006085604429244995,0.0065375082194805145,0.0065375082194805145,0.5447924314507679,1.051926208197192,0,0
3001,9,0,2,0.007520899176597595,0.0,-0.0027854342479258776,-0.0027854342479258776,-3.469446951953614e-18,0.007520899176597595,0.0,0,1,0.9076921939849854,0.20944694064039504,13,1.6615383533331063,0.002240976051662695,0.0017841626289328174,0.007520899176597595,-0.002785434247925874,0.007520899176597595,0.002785434247925874,0.0019179844530299306,0.004320736974477768,0.0019179844530299306,0,0,0,8,11,13,13,0,1,1,1,0.0,0.0,0.0,1,0.00693826749920845,-0.0031778179109096527,0.0037604495882987976,0.0037604495882987976,inf,inf,0,0
3001,9,0,3,0.01244259811937809,0.012000001966953278,-0.007514668628573418,-0.007514668628573418,-0.00540000085495412,0.01244259811937809,0.012000001966953278,1,3,0.9076923131942749,0.2094469155167731,13,1.661538461366525,0.0020822374960766062,0.0015846755818502438,0.0004425961524248123,-0.0021146677736192977,0.0004425961524248123,0.0021146677736192977,0.0035960478708148003,0.006080597639083862,0.0035960478708148003,0,10,11,8,11,1,1,1,0,1,0,0.006000000983476639,0.006000000983476639,0.006000000983476639,0,0.006736032664775848,-0.0033015813678503036,0.0034344512969255447,0.0034344512969255447,0.5724084556625335,1.122671926775706,0,0
3001,9,0,4,0.009575370699167252,0.0,-0.0009000624413602054,-0.0009000624413602054,-3.469446951953614e-18,0.009575370699167252,0.0,0,1,0.007692307233810425,0.20944694064039504,13,1.661538353333106,0.0025096741883768475,0.0020036768587030603,0.009575370699167252,-0.0009000624413602019,0.009575370699167252,0.0009000624413602019,0.002177158370614052,0.004479880444705486,0.002177158370614052,0,0,0,8,11,13,13,0,1,1,1,0.0,0.0,0.0,1,0.00822373479604721,-0.003436049446463585,0.004787685349583626,0.004787685349583626,inf,inf,0,0
3001,9,0,5,0.01160719245672226,0.012000000104308128,5.1932718633906916e-05,5.1932718633906916e-05,-1.289523557379546e-10,0.01160719245672226,0.012000000104308128,1,3,0.9076921939849854,0.20944694064039504,13,1.661538353333106,0.0024143483058013805,0.001850788586238432,0.00039280764758586884,5.1932847586262654e-05,0.00039280764758586884,5.1932847586262654e-05,0.001058372319675982,0.005237166304141283,0.001058372319675982,0,10,11,2,11,1,1,1,0,1,0,0.006000000983476639,0.0059999991208314896,0.0059999991208314896,0,0.007612563669681549,-0.003022158518433571,0.004590405151247978,0.004590405151247978,0.7650676373118922,1.2687607975226816,0,0
3001,9,1,0,0.019161220639944077,0.035999998450279236,-0.0005383789539337158,-0.0005383789539337158,0.0,0.019161220639944077,0.035999998450279236,1,3,0.9076921939849854,0.20944694064039504,13,1.661538353333106,0.004355088494902583,0.003302980765435823,0.01683877781033516,-0.0005383789539337158,0.01683877781033516,0.0005383789539337158,0.001347653684206307,0.005062886048108339,0.001347653684206307,0,10,11,10,11,1,1,1,1,1,1,0.017999999225139618,0.017999999225139618,0.017999999225139618,0,0.008686933666467667,-0.000267544761300087,0.00841938890516758,0.00841938890516758,0.4677438482002087,0.48260744669005873,1,0
3001,9,1,2,0.00895296037197113,0.0,-0.0011880509555339813,-0.0011880509555339813,0.0,0.00895296037197113,0.0,0,1,0.9076921939849854,0.20944694064039504,13,1.6615383533331063,0.0027570421058758197,0.0022745148758211075,0.00895296037197113,-0.0011880509555339813,0.00895296037197113,0.0011880509555339813,0.0017368454718962312,0.00452912412583828,0.0017368454718962312,0,0,0,1,11,13,13,0,1,1,1,0.0,0.0,0.0,1,0.006581850349903107,0.0021053701639175415,0.004476480185985565,0.004476480185985565,inf,inf,0,0
3001,9,1,3,0.015219593420624733,0.012000001966953278,-0.007487326394766569,-0.007487326394766569,-0.0054000008549541165,0.015219593420624733,0.012000001966953278,1,3,0.9076923131942749,0.2094469155167731,13,1.661538461366525,0.0025924180831456835,0.0020646968051879367,0.0032195914536714554,-0.0020873255398124527,0.0032195914536714554,0.0020873255398124527,0.003209731774404645,0.003628962440416217,0.003209731774404645,0,10,11,10,11,1,1,1,1,1,1,0.006000000983476639,0.006000000983476639,0.006000000983476639,0,0.005308592692017555,0.0007343227043747902,0.004574269987642765,0.004574269987642765,0.7623782063102682,0.8847653036452581,0,0
3001,9,1,4,0.009520292282104492,0.0,-0.000464756041765213,-0.000464756041765213,0.0,0.009520292282104492,0.0,0,1,0.007692307233810425,0.20944694064039504,13,1.661538353333106,0.002887900980689483,0.00236053711916568,0.009520292282104492,-0.000464756041765213,0.009520292282104492,0.000464756041765213,0.001713255187496543,0.00407030014321208,0.001713255187496543,0,0,0,1,11,13,13,0,1,1,1,0.0,0.0,0.0,1,0.004969950765371323,0.00020980462431907654,0.004760146141052246,0.004760146141052246,inf,inf,0,0
3001,9,1,5,0.017357325181365013,0.036000002175569534,-0.0051123942248523235,-0.0051123942248523235,-0.006230769437092991,0.017357325181365013,0.036000002175569534,1,4,0.9076921939849854,0.20944694064039504,13,1.661538353333106,0.009014227944309033,0.007464194659297985,0.01864267699420452,0.0011183752122406673,0.01864267699420452,0.0011183752122406673,0.00119857769459486,0.004776953719556332,0.00119857769459486,0,1,11,1,11,3,1,0,1,1,1,0.0,0.006000000983476639,0.0,1,0.020815594121813774,-0.00755676906555891,0.013258825056254864,0.013258825056254864,inf,inf,0,0
3001,9,2,0,0.005236173048615456,0.0,-0.0004985851119272411,-0.0004985851119272411,0.0,0.005236173048615456,0.0,0,1,0.9076921939849854,0.20944694064039504,13,1.661538353333106,0.001650629175775056,0.001367918794324412,0.005236173048615456,-0.0004985851119272411,0.005236173048615456,0.0004985851119272411,0.0020274033304303885,0.005326500628143549,0.0020274033304303885,0,0,0,1,11,13,13,0,1,1,1,0.0,0.0,0.0,1,0.012523144483566284,0.009905057959258556,0.002618086524307728,0.002618086524307728,inf,inf,0,0
3001,9,2,1,0.0035616159439086914,0.0,0.0010360305896028876,0.0010360305896028876,0.0,0.0035616159439086914,0.0,0,1,0.9076921939849854,0.20944694064039504,13,1.661538353333106,0.001231284638902365,0.0011060594322060693,0.0035616159439086914,0.0010360305896028876,0.0035616159439086914,0.0010360305896028876,0.0024762218818068504,0.00505633931607008,0.0024762218818068504,0,0,0,6,11,13,13,0,1,1,1,0.0,0.0,0.0,1,0.009853577241301537,0.00807276926934719,0.0017808079719543457,0.0017808079719543457,inf,inf,0,0
3001,9,2,3,0.0049679335206747055,0.0,-0.0012144703650847077,-0.0012144703650847077,-3.469446951953614e-18,0.0049679335206747055,0.0,0,1,0.9076923131942749,0.2094469155167731,13,1.661538461366525,0.0014529418530047015,0.0011543456751566667,0.0049679335206747055,-0.0012144703650847043,0.0049679335206747055,0.0012144703650847043,0.002806674223393202,0.004396648146212101,0.002806674223393202,0,0,0,1,12,13,13,0,1,1,1,0.0,0.0,0.0,1,0.013079024851322174,0.010595058090984821,0.0024839667603373528,0.0024839667603373528,inf,inf,0,0
3001,9,2,4,0.013981705531477928,0.03000000026077032,-0.0001799225137801841,-0.0001799225137801841,-6.44761778689773e-11,0.013981705531477928,0.03000000026077032,1,3,0.007692307233810425,0.20944694064039504,13,1.661538353333106,0.003469163214426377,0.0023343249846844985,0.016018294729292393,-0.00017992244930400622,0.016018294729292393,0.00017992244930400622,0.0017638617428019643,0.005540505517274141,0.0017638617428019643,0,10,11,10,11,1,1,1,1,1,1,0.015000000596046448,0.014999999664723873,0.014999999664723873,0,0.016969666816294193,0.008960519451647997,0.008009147364646196,0.008009147364646196,0.5339431695776397,1.131311146373054,0,0
3001,9,2,5,0.004018161445856094,0.0,0.0010507131228223443,0.0010507131228223443,0.0,0.004018161445856094,0.0,0,1,0.9076921939849854,0.20944694064039504,13,1.661538353333106,0.0012880622498168627,0.0011462136089096407,0.004018161445856094,0.0010507131228223443,0.004018161445856094,0.0010507131228223443,0.0026780343614518642,0.004313637502491474,0.0026780343614518642,0,0,0,6,12,13,13,0,1,1,1,0.0,0.0,0.0,1,0.011929333209991455,0.009920252487063408,0.002009080722928047,0.002009080722928047,inf,inf,0,0
3001,10,0,1,0.018056731671094894,0.024000003933906555,-0.0030962880700826645,-0.0030962880700826645,1.3877787807814457e-17,0.018056731671094894,0.024000003933906555,1,3,0.9076921939849854,0.20944694064039504,13,1.661538353333106,0.0048860136431919205,0.0036106828666297645,0.005943272262811661,-0.0030962880700826784,0.005943272262811661,0.0030962880700826784,0.008871052414178848,0.01003399770706892,0.008871052414178848,0,10,11,7,11,1,1,1,0,1,0,0.012000001966953278,0.012000001966953278,0.012000001966953278,0,0.06307416036725044,0.05318392161279917,0.009890238754451275,0.009890238754451275,0.8241864277762566,5.2561791690493,0,0
3001,10,0,2,0.01818423718214035,0.0,-0.0011665731435641646,-0.0011665731435641646,0.0,0.01818423718214035,0.0,0,1,0.9076921939849854,0.20944694064039504,13,1.6615383533331063,0.004353809509378941,0.003241539431306032,0.01818423718214035,-0.0011665731435641646,0.01818423718214035,0.0011665731435641646,0.008212538436055183,0.009486506693065166,0.008212538436055183,0,0,0,7,11,13,13,0,1,1,1,0.0,0.0,0.0,1,0.07389077544212341,0.06479865685105324,0.009092118591070175,0.009092118591070175,inf,inf,0,0
3001,10,0,3,0.01678672805428505,0.012000001966953278,-0.010360823012888432,-0.010360823012888432,-0.005399998018002283,0.01678672805428505,0.012000001966953278,1,3,0.9076923131942749,0.2094469155167731,13,1.661538461366525,0.003230940444402503,0.002434638213123796,0.004786726087331772,-0.004960824994886148,0.004786726087331772,0.004960824994886148,0.009327306412160397,0.008588314056396484,0.009327306412160397,0,10,11,7,11,1,1,1,0,1,0,0.006000004708766937,0.00599999725818634,0.00599999725818634,0,0.04625400900840759,0.04077036306262016,0.00548364594578743,0.00548364594578743,0.9139414086074114,7.709005024177145,0,0
3001,10,0,4,0.012133777141571045,0.0,-0.0022444690112024546,-0.0022444690112024546,0.0,0.012133777141571045,0.0,0,1,0.9076921939849854,0.20944694064039504,13,1.661538353333106,0.0032683389175612158,0.002662117267854115,0.012133777141571045,-0.0022444690112024546,0.012133777141571045,0.0022444690112024546,0.01034088060259819,0.011126243509352207,0.01034088060259819,0,0,0,7,11,13,13,0,1,1,1,0.0,0.0,0.0,1,0.046834103763103485,0.04076721519231796,0.0060668885707855225,0.0060668885707855225,inf,inf,0,0
3001,10,0,5,0.016230450943112373,0.012000001966953278,-0.0019382081227377057,-0.0019382081227377057,5.158093951962428e-10,0.016230450943112373,0.012000001966953278,1,3,0.007692307233810425,0.20944694064039504,13,1.661538353333106,0.004020642150748529,0.0031128512948927797,0.004230448976159096,-0.001938208638547101,0.004230448976159096,0.001938208638547101,0.007137063890695572,0.00981211755424738,0.007137063890695572,0,10,11,7,11,1,1,1,0,1,0,0.00599999725818634,0.006000004708766937,0.00599999725818634,0,0.06044683791697025,0.052725362591445446,0.007721475325524807,0.007721475325524807,1.2869131423334732,10.074477589885086,0,0
3001,10,1,0,0.017992721870541573,0.035999998450279236,-9.333435446023941e-05,-9.333435446023941e-05,0.0,0.017992721870541573,0.035999998450279236,1,3,0.9076921939849854,0.20944694064039504,13,1.661538353333106,0.0043905306978496515,0.003275130737639038,0.018007276579737663,-9.333435446023941e-05,0.018007276579737663,9.333435446023941e-05,0.0010779529111459851,0.005938821006566286,0.0010779529111459851,0,10,11,10,11,1,1,1,1,1,1,0.017999999225139618,0.017999999225139618,0.017999999225139618,0,0.013485174626111984,0.004481536336243153,0.009003638289868832,0.009003638289868832,0.5002021487475367,0.7491764003677276,0,0
3001,10,1,2,0.007570639252662659,0.0,-0.001683702110312879,-0.001683702110312879,0.0,0.007570639252662659,0.0,0,1,0.9076921939849854,0.20944694064039504,13,1.6615383533331063,0.002506788743411316,0.0021508807569918546,0.007570639252662659,-0.001683702110312879,0.007570639252662659,0.001683702110312879,0.0019002842018380761,0.003401839639991522,0.0019002842018380761,0,0,0,3,11,13,13,0,1,1,1,0.0,0.0,0.0,1,0.011689135804772377,0.007903816178441048,0.0037853196263313293,0.0037853196263313293,inf,inf,0,0
3001,10,1,3,0.013452126644551754,0.012000000104308128,-0.006582815665751696,-0.006582815665751696,-0.005400000726001761,0.013452126644551754,0.012000000104308128,1,3,0.9076923131942749,0.2094469155167731,13,1.661538461366525,0.0023104520314974255,0.0018387203099283233,0.0014521265402436256,-0.001182814939749935,0.0014521265402436256,0.001182814939749935,0.003168770344927907,0.004459364805370569,0.003168770344927907,0,10,11,10,11,1,1,1,1,1,1,0.0059999991208314896,0.006000000983476639,0.0059999991208314896,0,0.010615216568112373,0.006759939715266228,0.0038552768528461456,0.0038552768528461456,0.6425462362920938,1.769203020589993,0,0
3001,10,1,4,0.008737845346331596,0.0,0.0037971592973917723,0.0037971592973917723,0.0,0.008737845346331596,0.0,0,1,0.9076921939849854,0.20944694064039504,13,1.661538353333106,0.002797871357416743,0.002405147889309381,0.008737845346331596,0.0037971592973917723,0.008737845346331596,0.0037971592973917723,0.003805693704634905,0.0036959475837647915,0.003805693704634905,0,0,0,3,11,13,13,0,1,1,1,0.0,0.0,0.0,1,0.009831780567765236,0.005462857894599438,0.004368922673165798,0.004368922673165798,inf,inf,0,0
3001,10,1,5,0.017208145931363106,0.036000002175569534,-0.005334725137799978,-0.005334725137799978,-0.006230769437092991,0.017208145931363106,0.036000002175569534,1,4,0.007692307233810425,0.20944694064039504,13,1.661538353333106,0.008710265152782287,0.007205335720932694,0.01879185624420643,0.0008960442992930126,0.01879185624420643,0.0008960442992930126,0.0011722780764102936,0.004456460941582918,0.0011722780764102936,0,1,11,1,11,3,1,0,1,1,1,0.0,0.006000000983476639,0.0,1,0.019931377843022346,-0.007308937609195709,0.012622440233826637,0.012622440233826637,inf,inf,0,0
3001,10,2,0,0.0071658845990896225,0.0,0.0011302294442430139,0.0011302294442430139,3.469446951953614e-18,0.0071658845990896225,0.0,0,1,0.9076921939849854,0.20944694064039504,13,1.661538353333106,0.0018714621634648503,0.0014974257341150699,0.0071658845990896225,0.0011302294442430104,0.0071658845990896225,0.0011302294442430104,0.0020942911505699158,0.0028563407249748707,0.0020942911505699158,0,0,0,10,11,13,13,0,1,1,1,0.0,0.0,0.0,1,0.01029370166361332,0.006710759364068508,0.0035829422995448112,0.0035829422995448112,inf,inf,0,0
3001,10,2,1,0.004783794283866882,0.0,0.0013487845426425338,0.0013487845426425338,6.938893903907228e-18,0.004783794283866882,0.0,0,1,0.9076921939849854,0.20944694064039504,13,1.661538353333106,0.0014736261295661746,0.001203712582940886,0.004783794283866882,0.0013487845426425268,0.004783794283866882,0.0013487845426425268,0.0022444322239607573,0.003828034270554781,0.0022444322239607573,0,0,0,10,11,13,13,0,1,1,1,0.0,0.0,0.0,1,0.008165247738361359,0.0057733505964279175,0.002391897141933441,0.002391897141933441,inf,inf,0,0
3001,10,2,3,0.005125857889652252,0.0,-0.0016900816699489951,-0.0016900816699489951,0.0,0.005125857889652252,0.0,0,1,0.9076923131942749,0.2094469155167731,13,1.661538461366525,0.0015555953479739458,0.0013090703834796092,0.005125857889652252,-0.0016900816699489951,0.005125857889652252,0.0016900816699489951,0.0019176504574716091,0.0022222697734832764,0.0019176504574716091,0,0,0,1,2,13,13,0,1,1,1,0.0,0.0,0.0,1,0.009460655972361565,0.0068977270275354385,0.002562928944826126,0.002562928944826126,inf,inf,0,0
3001,10,2,4,0.018707845360040665,0.02999999839812517,0.0013953590532764792,0.0013953590532764792,6.923084459626097e-05,0.018707845360040665,0.02999999839812517,1,4,0.9076921939849854,0.20944694064039504,13,1.661538353333106,0.0025744772534581407,0.0017063124270657814,0.011292153038084507,0.0013261282086802183,0.011292153038084507,0.0013261282086802183,0.004110848065465689,0.008873432874679565,0.004110848065465689,0,10,11,10,11,1,1,1,1,1,1,0.014999998733401299,0.0139999995008111,0.0139999995008111,0,0.010872450657188892,0.005226374138146639,0.0056460765190422535,0.0056460765190422535,0.4032911943114815,0.7766036460614866,1,0
3001,10,2,5,0.004504116252064705,0.0,0.0011244971537962556,0.0011244971537962556,6.938893903907228e-18,0.004504116252064705,0.0,0,1,0.007692307233810425,0.20944694064039504,13,1.661538353333106,0.0013569854070345376,0.0011696110110311112,0.004504116252064705,0.0011244971537962486,0.004504116252064705,0.0011244971537962486,0.002586264628916979,0.0031411643140017986,0.002586264628916979,0,0,0,1,2,13,13,0,1,1,1,0.0,0.0,0.0,1,0.00870879739522934,0.006456739269196987,0.0022520581260323524,0.0022520581260323524,inf,inf,0,0
3001,11,0,1,0.013088606297969818,0.024000000208616257,6.416781252482906e-05,6.416781252482906e-05,-2.5790471494535616e-10,0.013088606297969818,0.024000000208616257,1,3,0.9076921939849854,0.20944694064039504,13,1.661538353333106,0.003177131177966055,0.002244802511479022,0.010911393910646439,6.4168070429544e-05,0.010911393910646439,6.4168070429544e-05,0.0010154073825106025,0.005488745868206024,0.0010154073825106025,0,10,11,2,11,1,1,1,0,1,0,0.012000001966953278,0.011999998241662979,0.011999998241662979,0,0.012996451929211617,-0.006530548445880413,0.0064659034833312035,0.0064659034833312035,0.5388253692306498,1.0830378194630925,0,0
3001,11,0,2,0.007785968482494354,0.0,-0.002675240160897374,-0.002675240160897374,-3.469446951953614e-18,0.007785968482494354,0.0,0,1,0.9076921939849854,0.20944694064039504,13,1.6615383533331063,0.0022562420988678517,0.0017836503684520721,0.007785968482494354,-0.0026752401608973707,0.007785968482494354,0.0026752401608973707,0.0019343532621860504,0.003842513309791684,0.0019343532621860504,0,0,0,8,11,13,13,0,1,1,1,0.0,0.0,0.0,1,0.006994122639298439,-0.003101138398051262,0.003892984241247177,0.003892984241247177,inf,inf,0,0
3001,11,0,3,0.012444445863366127,0.012000001966953278,-0.007390777114778757,-0.007390777114778757,-0.00540000085495412,0.012444445863366127,0.012000001966953278,1,3,0.9076923131942749,0.2094469155167731,13,1.661538461366525,0.0020818296320478926,0.0015842724789881838,0.0004444438964128494,-0.001990776259824637,0.0004444438964128494,0.001990776259824637,0.0036311130970716476,0.006214477121829987,0.0036311130970716476,0,10,11,8,11,1,1,1,0,1,0,0.006000000983476639,0.006000000983476639,0.006000000983476639,0,0.007027622312307358,-0.003635399043560028,0.0033922232687473297,0.0033922232687473297,0.565370452119783,1.1712701933984142,0,0
3001,11,0,4,0.009434938430786133,0.0,-0.0009030855144374073,-0.0009030855144374073,-3.469446951953614e-18,0.009434938430786133,0.0,0,1,0.9076921939849854,0.20944694064039504,13,1.661538353333106,0.0024882671337301218,0.0019851235683853103,0.009434938430786133,-0.0009030855144374038,0.009434938430786133,0.0009030855144374038,0.0022172469180077314,0.004197604488581419,0.0022172469180077314,0,0,0,8,11,13,13,0,1,1,1,0.0,0.0,0.0,1,0.0077973101288080215,-0.003079840913414955,0.004717469215393066,0.004717469215393066,inf,inf,0,0
3001,11,0,5,0.011776937171816826,0.012000000104308128,0.0001441870554117486,0.0001441870554117486,-1.289523557379546e-10,0.011776937171816826,0.012000000104308128,1,3,0.9076921939849854,0.20944694064039504,13,1.661538353333106,0.0024149291022024944,0.0018908118928325248,0.0002230629324913025,0.00014418718436410433,0.0002230629324913025,0.00014418718436410433,0.0010662772692739964,0.005004250444471836,0.0010662772692739964,0,10,11,2,11,1,1,1,0,1,0,0.006000000983476639,0.0059999991208314896,0.0059999991208314896,0,0.007762739434838295,-0.0033036768436431885,0.0044590625911951065,0.0044590625911951065,0.7431772074288509,1.2937900953829677,0,0
3001,11,1,0,0.018038270995020866,0.035999998450279236,-0.0003301793185528368,-0.0003301793185528368,0.0,0.018038270995020866,0.035999998450279236,1,3,0.9076921939849854,0.20944694064039504,13,1.661538353333106,0.004449033602097628,0.0033419018049211896,0.01796172745525837,-0.0003301793185528368,0.01796172745525837,0.0003301793185528368,0.0016806712374091148,0.00441312650218606,0.0016806712374091148,0,10,11,10,11,1,1,1,1,1,1,0.017999999225139618,0.017999999225139618,0.017999999225139618,0,0.009476952254772186,0.0004960885271430016,0.008980863727629185,0.008980863727629185,0.4989368952353121,0.5264973701518967,1,0
3001,11,1,2,0.008576199412345886,0.0,-0.0012217346811667085,-0.0012217346811667085,0.0,0.008576199412345886,0.0,0,1,0.9076921939849854,0.20944694064039504,13,1.6615383533331063,0.00260533579439759,0.0021717500316320785,0.008576199412345886,-0.0012217346811667085,0.008576199412345886,0.0012217346811667085,0.001761836581863463,0.003978499211370945,0.001761836581863463,0,0,0,1,11,13,13,0,1,1,1,0.0,0.0,0.0,1,0.007200360298156738,0.002912260591983795,0.004288099706172943,0.004288099706172943,inf,inf,0,0
3001,11,1,3,0.013757146894931793,0.012000001966953278,-0.006846465636044741,-0.006846465636044741,-0.0054000008549541165,0.013757146894931793,0.012000001966953278,1,3,0.9076923131942749,0.2094469155167731,13,1.661538461366525,0.002333831604015315,0.0018030035160702352,0.0017571449279785156,-0.0014464647810906242,0.0017571449279785156,0.0014464647810906242,0.002917972393333912,0.0030628577806055546,0.002917972393333912,0,10,11,10,11,1,1,1,1,1,1,0.006000000983476639,0.006000000983476639,0.006000000983476639,0,0.004537677392363548,0.0003920281305909157,0.004145649261772633,0.004145649261772633,0.6909414303746462,0.7562794414300642,0,0
3001,11,1,4,0.008627872914075851,0.0,-0.0004108020511921495,-0.0004108020511921495,0.0,0.008627872914075851,0.0,0,1,0.9076921939849854,0.20944694064039504,13,1.661538353333106,0.002703352946488303,0.002277493036004919,0.008627872914075851,-0.0004108020511921495,0.008627872914075851,0.0004108020511921495,0.0020887493155896664,0.004450915846973658,0.0020887493155896664,0,0,0,1,11,13,13,0,1,1,1,0.0,0.0,0.0,1,0.0059671588242053986,0.0016532223671674728,0.004313936457037926,0.004313936457037926,inf,inf,0,0
3001,11,1,5,0.01668682135641575,0.036000002175569534,-0.004753149580210447,-0.004753149580210447,-0.006230769437092991,0.01668682135641575,0.036000002175569534,1,4,0.9076921939849854,0.20944694064039504,13,1.661538353333106,0.009426525368659183,0.00781311698742872,0.019313180819153786,0.0014776198568825435,0.019313180819153786,0.0014776198568825435,0.0014112956123426557,0.005704747512936592,0.0014112956123426557,0,1,11,1,11,3,1,0,1,1,1,0.0,0.006000000983476639,0.0,1,0.022779397666454315,-0.009203169494867325,0.01357622817158699,0.01357622817158699,inf,inf,0,0
3001,11,2,0,0.005141593515872955,0.0,-0.0003595702874008566,-0.0003595702874008566,0.0,0.005141593515872955,0.0,0,1,0.9076921939849854,0.20944694064039504,13,1.661538353333106,0.001665427802119737,0.0013595224088112977,0.005141593515872955,-0.0003595702874008566,0.005141593515872955,0.0003595702874008566,0.002029272960498929,0.005269125569611788,0.002029272960498929,0,0,0,6,2,13,13,0,1,1,1,0.0,0.0,0.0,1,0.014530029147863388,0.01195923238992691,0.0025707967579364777,0.0025707967579364777,inf,inf,0,0
3001,11,2,1,0.003989202901721001,0.0,0.0012094872072339058,0.0012094872072339058,0.0,0.003989202901721001,0.0,0,1,0.9076921939849854,0.20944694064039504,13,1.661538353333106,0.0013094978396018713,0.001176674161436995,0.003989202901721001,0.0012094872072339058,0.003989202901721001,0.0012094872072339058,0.002352266339585185,0.004654086660593748,0.002352266339585185,0,0,0,6,2,13,13,0,1,1,1,0.0,0.0,0.0,1,0.011998556554317474,0.010003955103456974,0.0019946014508605003,0.0019946014508605003,inf,inf,0,0
3001,11,2,3,0.004998335614800453,0.0,-0.0015376325463876128,-0.0015376325463876128,-3.469446951953614e-18,0.004998335614800453,0.0,0,1,0.9076923131942749,0.2094469155167731,13,1.661538461366525,0.0016095013318911213,0.0013808820550963719,0.004998335614800453,-0.0015376325463876094,0.004998335614800453,0.0015376325463876094,0.0026036780327558517,0.004582572262734175,0.0026036780327558517,0,0,0,9,2,13,13,0,1,1,1,0.0,0.0,0.0,1,0.01512230932712555,0.012623141519725323,0.0024991678074002266,0.0024991678074002266,inf,inf,0,0
3001,11,2,4,0.013328034430742264,0.03000000026077032,-0.0002501221897546202,-0.0002501221897546202,-6.44761778689773e-11,0.013328034430742264,0.03000000026077032,1,3,0.9076921939849854,0.20944694064039504,13,1.661538353333106,0.0035955373126838677,0.002361336513560199,0.016671965830028057,-0.0002501221252784423,0.016671965830028057,0.0002501221252784423,0.0017204051837325096,0.00580352358520031,0.0017204051837325096,0,10,11,10,11,1,1,1,1,1,1,0.015000000596046448,0.014999999664723873,0.014999999664723873,0,0.016760478727519512,0.008424495812505484,0.008335982915014029,0.008335982915014029,0.5557322067558513,1.1173652734763608,0,0
3001,11,2,5,0.0042428262531757355,0.0,0.0013754330575466156,0.0013754330575466156,0.0,0.0042428262531757355,0.0,0,1,0.9076921939849854,0.20944694064039504,13,1.661538353333106,0.0014724972576821145,0.001305149063556152,0.0042428262531757355,0.0013754330575466156,0.0042428262531757355,0.0013754330575466156,0.002534873317927122,0.0038671111688017845,0.002534873317927122,0,0,0,6,12,13,13,0,1,1,1,0.0,0.0,0.0,1,0.014328405261039734,0.012206992134451866,0.0021214131265878677,0.0021214131265878677,inf,inf,0,0
3001,12,0,1,0.011110648512840271,0.023999999277293682,-0.0005058497772552073,-0.0005058497772552073,-1.934285336069319e-10,0.011110648512840271,0.023999999277293682,1,3,0.9076921939849854,0.20944694064039504,13,1.661538353333106,0.0037509714168277304,0.0026230811631891148,0.012889350764453411,-0.0005058495838266737,0.012889350764453411,0.0005058495838266737,0.004057810176163912,0.004770333878695965,0.004057810176163912,0,10,11,4,11,1,1,1,0,1,0,0.012000001035630703,0.011999998241662979,0.011999998241662979,0,0.017371630296111107,0.009657667018473148,0.0077139632776379585,0.0077139632776379585,0.6428303673291993,1.4476360701286002,0,0
3001,12,0,2,0.006305869668722153,0.0,-0.002529516816139221,-0.002529516816139221,0.0,0.006305869668722153,0.0,0,1,0.9076921939849854,0.20944694064039504,13,1.6615383533331063,0.0017955594968173596,0.0014549758086895802,0.006305869668722153,-0.002529516816139221,0.006305869668722153,0.002529516816139221,0.004082059022039175,0.006123734172433615,0.004082059022039175,0,0,0,4,11,13,13,0,1,1,1,0.0,0.0,0.0,1,0.01597123872488737,0.012818303890526295,0.0031529348343610764,0.0031529348343610764,inf,inf,0,0
3001,12,0,3,0.00969657488167286,0.012000001035630703,-0.006388127338141203,-0.006388127338141203,-0.005400000790477939,0.00969657488167286,0.012000001035630703,1,3,0.9076923131942749,0.2094469155167731,13,1.661538461366525,0.0016875261526966645,0.0013682981567269953,0.0023034261539578438,-0.0009881265476632643,0.0023034261539578438,0.0009881265476632643,0.006655571050941944,0.002506040968000889,0.006655571050941944,0,10,11,2,11,1,1,1,0,1,0,0.006000000052154064,0.006000000983476639,0.006000000052154064,0,0.010641578584909439,0.007411345839500427,0.003230232745409012,0.003230232745409012,0.5383721195551197,1.7735964154015296,0,0
3001,12,0,4,0.007146344520151615,0.0,-0.00021081867453176528,-0.00021081867453176528,-3.469446951953614e-18,0.007146344520151615,0.0,0,1,0.007692307233810425,0.20944694064039504,13,1.661538353333106,0.0020395305569328634,0.0016694135699399126,0.007146344520151615,-0.0002108186745317618,0.007146344520151615,0.0002108186745317618,0.004381000995635986,0.006962647661566734,0.004381000995635986,0,0,0,4,11,13,13,0,1,1,1,0.0,0.0,0.0,1,0.013689692132174969,0.010116519872099161,0.0035731722600758076,0.0035731722600758076,inf,inf,0,0
3001,12,0,5,0.009695787914097309,0.012000000104308128,-0.00044926939881406724,-0.00044926939881406724,-1.2895235226850765e-10,0.009695787914097309,0.012000000104308128,1,3,0.9076921939849854,0.20944694064039504,13,1.661538353333106,0.0026135389824353487,0.0020791580514794975,0.0023042121902108192,-0.000449269269861715,0.0023042121902108192,0.000449269269861715,0.003192004980519414,0.003391192527487874,0.003192004980519414,0,10,11,4,11,1,1,1,0,1,0,0.006000000983476639,0.0059999991208314896,0.0059999991208314896,0,0.014367152936756611,0.009465180337429047,0.004901972599327564,0.004901972599327564,0.8169955529340546,2.394525840324721,0,0
3001,12,1,0,0.01891295053064823,0.035999998450279236,-0.0006388991023413837,-0.0006388991023413837,0.0,0.01891295053064823,0.035999998450279236,1,3,0.007692307233810425,0.20944694064039504,13,1.661538353333106,0.004398655471832,0.0033421642505205595,0.017087047919631004,-0.0006388991023413837,0.017087047919631004,0.0006388991023413837,0.001596210990101099,0.004823469091206789,0.001596210990101099,0,10,11,10,11,1,1,1,1,1,1,0.017999999225139618,0.017999999225139618,0.017999999225139618,0,0.009737363085150719,-0.0011938391253352165,0.008543523959815502,0.008543523959815502,0.4746402404219678,0.5409646391290437,1,0
3001,12,1,2,0.008731916546821594,0.0,-0.0010975667973980308,-0.0010975667973980308,0.0,0.008731916546821594,0.0,0,1,0.9076921939849854,0.20944694064039504,13,1.6615383533331063,0.0027852071872182913,0.002308403775536802,0.008731916546821594,-0.0010975667973980308,0.008731916546821594,0.0010975667973980308,0.0014323277864605188,0.004461526870727539,0.0014323277864605188,0,0,0,1,11,13,13,0,1,1,1,0.0,0.0,0.0,1,0.006393007934093475,0.0020270496606826782,0.004365958273410797,0.004365958273410797,inf,inf,0,0
3001,12,1,3,0.014554092660546303,0.012000001966953278,-0.007067392114549875,-0.007067392114549875,-0.0054000008549541165,0.014554092660546303,0.012000001966953278,1,3,0.9076923131942749,0.2094469155167731,13,1.661538461366525,0.0026107239669928986,0.0021116145660538656,0.002554090693593025,-0.0016673912595957588,0.002554090693593025,0.0016673912595957588,0.003542401595041156,0.002906061941757798,0.003542401595041156,0,10,11,10,11,1,1,1,1,1,1,0.006000000983476639,0.006000000983476639,0.006000000983476639,0,0.004592612385749817,-0.00014907494187355042,0.0044435374438762665,0.0044435374438762665,0.7405894525873068,0.7654352721603513,0,0
3001,12,1,4,0.009189270436763763,0.0,3.180466592311859e-05,3.180466592311859e-05,6.938893903907228e-18,0.009189270436763763,0.0,0,1,0.007692307233810425,0.20944694064039504,13,1.661538353333106,0.002894265643194624,0.0023520349045476974,0.009189270436763763,3.180466592311165e-05,0.009189270436763763,3.180466592311165e-05,0.0013003996573388577,0.004097722005099058,0.0013003996573388577,0,0,0,1,11,13,13,0,1,1,1,0.0,0.0,0.0,1,0.005040392279624939,-0.00044575706124305725,0.004594635218381882,0.004594635218381882,inf,inf,0,0
3001,12,1,5,0.016956046223640442,0.036000002175569534,-0.005092245992273092,-0.005092245992273092,-0.006230769437092991,0.016956046223640442,0.036000002175569534,1,4,0.9076921939849854,0.20944694064039504,13,1.661538353333106,0.008934065885818354,0.007395030324452019,0.019043955951929092,0.0011385234448198986,0.019043955951929092,0.0011385234448198986,0.0016332447994500399,0.00505205150693655,0.0016332447994500399,0,1,11,1,11,3,1,0,1,1,1,0.0,0.006000000983476639,0.0,1,0.02153589203953743,-0.008288036100566387,0.013247855938971043,0.013247855938971043,inf,inf,0,0
3001,12,2,0,0.005117146298289299,0.0,-0.0001816864387365058,-0.0001816864387365058,0.0,0.005117146298289299,0.0,0,1,0.007692307233810425,0.20944694064039504,13,1.661538353333106,0.0016061192338478378,0.00133649438355096,0.005117146298289299,-0.0001816864387365058,0.005117146298289299,0.0001816864387365058,0.001970302779227495,0.005776900798082352,0.001970302779227495,0,0,0,9,11,13,13,0,1,1,1,0.0,0.0,0.0,1,0.011990666389465332,0.009432093240320683,0.0025585731491446495,0.0025585731491446495,inf,inf,0,0
3001,12,2,1,0.0042264629155397415,0.0,0.0011307299137115479,0.0011307299137115479,0.0,0.0042264629155397415,0.0,0,1,0.9076921939849854,0.20944694064039504,13,1.661538353333106,0.0012898939777217914,0.001066230413829081,0.0042264629155397415,0.0011307299137115479,0.0042264629155397415,0.0011307299137115479,0.0026224926114082336,0.005036189686506987,0.0026224926114082336,0,0,0,6,11,13,13,0,1,1,1,0.0,0.0,0.0,1,0.00963018462061882,0.007516953162848949,0.0021132314577698708,0.0021132314577698708,inf,inf,0,0
3001,12,2,3,0.004983885213732719,0.0,-0.0016616365173831582,-0.0016616365173831582,-3.469446951953614e-18,0.004983885213732719,0.0,0,1,0.9076923131942749,0.2094469155167731,13,1.661538461366525,0.0015488485028532283,0.0013053359011926597,0.004983885213732719,-0.0016616365173831547,0.004983885213732719,0.0016616365173831547,0.002693391405045986,0.004869903437793255,0.002693391405045986,0,0,0,9,12,13,13,0,1,1,1,0.0,0.0,0.0,1,0.012752451002597809,0.010260508395731449,0.0024919426068663597,0.0024919426068663597,inf,inf,0,0
3001,12,2,4,0.013777608051896095,0.03000000026077032,0.002467176178470254,0.002467176178470254,-6.44761778689773e-11,0.013777608051896095,0.03000000026077032,1,3,0.007692307233810425,0.20944694064039504,13,1.661538353333106,0.0035223734506505747,0.0022834131615401725,0.016222392208874226,0.002467176242946432,0.016222392208874226,0.002467176242946432,0.0042512547224760056,0.006067260634154081,0.0042512547224760056,0,10,11,10,11,1,1,1,1,1,1,0.015000000596046448,0.014999999664723873,0.014999999664723873,0,0.01637196633964777,0.008260770235210657,0.008111196104437113,0.008111196104437113,0.5407464190490985,1.0914644470393162,0,0
3001,12,2,5,0.003952067345380783,0.0,0.0011372562730684876,0.0011372562730684876,0.0,0.003952067345380783,0.0,0,1,0.9076921939849854,0.20944694064039504,13,1.661538353333106,0.001367213687368851,0.001192573149352384,0.003952067345380783,0.0011372562730684876,0.003952067345380783,0.0011372562730684876,0.002914927201345563,0.0047723944298923016,0.002914927201345563,0,0,0,9,12,13,13,0,1,1,1,0.0,0.0,0.0,1,0.011557593941688538,0.009581560268998146,0.0019760336726903915,0.0019760336726903915,inf,inf,0,0
3001,13,0,1,0.01249767281115055,0.023999999277293682,-9.162231435766444e-05,-9.162231435766444e-05,-6.447617873633904e-11,0.01249767281115055,0.023999999277293682,1,3,0.9076921939849854,0.20944694064039504,13,1.661538353333106,0.0027664291629170266,0.0019706228042583496,0.011502326466143131,-9.16222498814857e-05,0.011502326466143131,9.16222498814857e-05,0.0018018977716565132,0.004798015113919973,0.0018018977716565132,0,10,11,10,11,1,1,1,1,1,1,0.012000000104308128,0.011999999172985554,0.011999999172985554,0,0.010656682308763266,-0.004905518842861056,0.005751163465902209,0.005751163465902209,0.47926365518834796,0.8880569202665973,1,0
3001,13,0,2,0.005050682928413153,0.0,-0.0018654294544830918,-0.0018654294544830918,0.0,0.005050682928413153,0.0,0,1,0.007692307233810425,0.20944694064039504,13,1.6615383533331063,0.0015500585239478666,0.0012996034564439361,0.005050682928413153,-0.0018654294544830918,0.005050682928413153,0.0018654294544830918,0.0019976033363491297,0.004960569553077221,0.0019976033363491297,0,0,0,10,11,13,13,0,1,1,1,0.0,0.0,0.0,1,0.0052041346207261086,-0.002678793156519532,0.0025253414642065763,0.0025253414642065763,inf,inf,0,0
3001,13,0,3,0.012089099735021591,0.012000000104308128,-0.005950920283794403,-0.005950920283794403,-0.005400000016763807,0.012089099735021591,0.012000000104308128,1,3,0.9076923131942749,0.2094469155167731,13,1.661538461366525,0.0010834138346921373,0.0008498657337726042,8.909963071346283e-05,-0.0005509202670305963,8.909963071346283e-05,0.0005509202670305963,0.004159708973020315,0.007048402447253466,0.004159708973020315,0,10,11,10,11,1,1,1,1,1,1,0.006000000052154064,0.006000000052154064,0.006000000052154064,0,0.0058689904399216175,-0.0039370161248371005,0.001931974315084517,0.001931974315084517,0.3219957163818553,0.9781650648177224,1,0
3001,13,0,4,0.006759349722415209,0.0,0.0005459691747091711,0.0005459691747091711,0.0,0.006759349722415209,0.0,0,1,0.9076921939849854,0.20944694064039504,13,1.661538353333106,0.0018401006561947842,0.0014982623152831605,0.006759349722415209,0.0005459691747091711,0.006759349722415209,0.0005459691747091711,0.0021571337711066008,0.0028787709306925535,0.0021571337711066008,0,0,0,10,11,13,13,0,1,1,1,0.0,0.0,0.0,1,0.006599534302949905,-0.003219859441742301,0.0033796748612076044,0.0033796748612076044,inf,inf,0,0
3001,13,0,5,0.009899977594614029,0.012000000104308128,-8.546048775315285e-06,-8.546048775315285e-06,0.0,0.009899977594614029,0.012000000104308128,1,3,0.9076921939849854,0.20944694064039504,13,1.661538353333106,0.0015498210308907557,0.0011587928341337916,0.0021000225096940994,-8.546048775315285e-06,0.0021000225096940994,8.546048775315285e-06,0.0018350329482927918,0.00425071083009243,0.0018350329482927918,0,10,11,10,11,1,1,1,1,1,1,0.006000000052154064,0.006000000052154064,0.006000000052154064,0,0.005529792979359627,-0.002698733238503337,0.00283105974085629,0.00283105974085629,0.47184328604129083,0.9216321552154607,1,0
3001,13,1,0,0.01831318996846676,0.035999998450279236,-0.00046951943659223616,-0.00046951943659223616,0.0,0.01831318996846676,0.035999998450279236,1,3,0.007692307233810425,0.20944694064039504,13,1.661538353333106,0.004493041194307019,0.003423863327538473,0.017686808481812477,-0.00046951943659223616,0.017686808481812477,0.00046951943659223616,0.001544142491184175,0.004477770533412695,0.001544142491184175,0,10,11,10,11,1,1,1,1,1,1,0.017999999225139618,0.017999999225139618,0.017999999225139618,0,0.009272100403904915,-0.0004286961629986763,0.008843404240906239,0.008843404240906239,0.49130025675529687,0.5151167112804692,1,0
3001,13,1,2,0.008107615634799004,0.0,-0.0012281198287382722,-0.0012281198287382722,0.0,0.008107615634799004,0.0,0,1,0.007692307233810425,0.20944694064039504,13,1.6615383533331063,0.0026499097789033955,0.0022687401909094592,0.008107615634799004,-0.0012281198287382722,0.008107615634799004,0.0012281198287382722,0.0018381556728854775,0.0033905641175806522,0.0018381556728854775,0,0,0,3,11,13,13,0,1,1,1,0.0,0.0,0.0,1,0.013204872608184814,-0.009151064790785313,0.004053807817399502,0.004053807817399502,inf,inf,0,0
3001,13,1,3,0.013722779229283333,0.012000001966953278,-0.006564584095031023,-0.006564584095031023,-0.00540000085495412,0.013722779229283333,0.012000001966953278,1,3,0.9076923131942749,0.2094469155167731,13,1.661538461366525,0.00239834209361437,0.0019452753724783832,0.0017227772623300552,-0.001164583240076903,0.0017227772623300552,0.001164583240076903,0.00275256484746933,0.003277375129982829,0.00275256484746933,0,10,11,10,11,1,1,1,1,1,1,0.006000000983476639,0.006000000983476639,0.006000000983476639,0,0.012905947864055634,-0.009029795415699482,0.0038761524483561516,0.0038761524483561516,0.6460253021675598,2.150990958101046,0,0
3001,13,1,4,0.008816255256533623,0.0,0.0025025669019669294,0.0025025669019669294,0.0,0.008816255256533623,0.0,0,1,0.9076921939849854,0.20944694064039504,13,1.661538353333106,0.0028011613154929785,0.0023652233580160422,0.008816255256533623,0.0025025669019669294,0.008816255256533623,0.0025025669019669294,0.0021762114483863115,0.003439956810325384,0.0021762114483863115,0,0,0,1,11,13,13,0,1,1,1,0.0,0.0,0.0,1,0.014701973646879196,-0.010293846018612385,0.004408127628266811,0.004408127628266811,inf,inf,0,0
3001,13,1,5,0.016301864758133888,0.036000000312924385,-0.004543766379356384,-0.004543766379356384,-0.0062307695660453535,0.016301864758133888,0.036000000312924385,1,4,0.9076921939849854,0.20944694064039504,13,1.661538353333106,0.008844261940430025,0.007360314696850863,0.019698135554790497,0.0016870031866889693,0.019698135554790497,0.0016870031866889693,0.0012794191716238856,0.004239658359438181,0.0012794191716238856,0,1,11,1,11,3,1,0,1,1,1,0.0,0.0059999991208314896,0.0,1,0.030812202021479607,-0.018503379076719284,0.012308822944760323,0.012308822944760323,inf,inf,0,0
3001,13,2,0,0.007433845661580563,0.0,-0.0005446997820399702,-0.0005446997820399702,0.0,0.007433845661580563,0.0,0,1,0.007692307233810425,0.20944694064039504,13,1.661538353333106,0.0019423197552850965,0.0014671377137443877,0.007433845661580563,-0.0005446997820399702,0.007433845661580563,0.0005446997820399702,0.002841121517121792,0.0058293514885008335,0.002841121517121792,0,0,0,3,8,13,13,0,1,1,1,0.0,0.0,0.0,1,0.005124370101839304,0.0014074473874643445,0.0037169227143749595,0.0037169227143749595,inf,inf,0,0
3001,13,2,1,0.007541247643530369,0.0,0.0011573274387046695,0.0011573274387046695,0.0,0.007541247643530369,0.0,0,1,0.9076921939849854,0.20944694064039504,13,1.661538353333106,0.0018496208325181355,0.001363011234103752,0.007541247643530369,0.0011573274387046695,0.007541247643530369,0.0011573274387046695,0.001692386344075203,0.005508333444595337,0.001692386344075203,0,0,0,3,8,13,13,0,1,1,1,0.0,0.0,0.0,1,0.005360465496778488,0.001589841558597982,0.0037706239381805062,0.0037706239381805062,inf,inf,0,0
3001,13,2,3,0.006341047119349241,0.0,-0.0006666211993433535,-0.0006666211993433535,0.0,0.006341047119349241,0.0,0,1,0.9076923131942749,0.2094469155167731,13,1.661538461366525,0.001575882808613871,0.0011888788971266733,0.006341047119349241,-0.0006666211993433535,0.006341047119349241,0.0006666211993433535,0.004007967188954353,0.00477824779227376,0.004007967188954353,0,0,0,3,8,13,13,0,1,1,1,0.0,0.0,0.0,1,0.00636167312040925,0.0031911495707390714,0.003170523549670179,0.003170523549670179,inf,inf,0,0
3001,13,2,4,0.01785833016037941,0.029999999329447746,0.00041247691842727363,0.00041247691842727363,0.0,0.01785833016037941,0.029999999329447746,1,3,0.9076921939849854,0.20944694064039504,13,1.661538353333106,0.002964224245610872,0.002145959927835474,0.012141669169068336,0.00041247691842727363,0.012141669169068336,0.00041247691842727363,0.002524742390960455,0.005668300203979015,0.002524742390960455,0,10,11,10,11,1,1,1,1,1,1,0.014999999664723873,0.014999999664723873,0.014999999664723873,0,0.008826362900435925,0.0027555287815630436,0.006070834118872881,0.006070834118872881,0.40472228363777335,0.5884242065147008,1,0
3001,13,2,5,0.0077848490327596664,0.0,0.0012719103833660483,0.0012719103833660483,0.0,0.0077848490327596664,0.0,0,1,0.9076921939849854,0.20944694064039504,13,1.661538353333106,0.001825384112768962,0.0012440837371389011,0.0077848490327596664,0.0012719103833660483,0.0077848490327596664,0.0012719103833660483,0.0014288260135799646,0.004976934287697077,0.0014288260135799646,0,0,0,3,8,13,13,0,1,1,1,0.0,0.0,0.0,1,0.006047929171472788,0.0021555045968852937,0.003892424574587494,0.003892424574587494,inf,inf,0,0
3001,14,0,1,0.014567779377102852,0.023999999277293682,-0.00015575655561406165,-0.00015575655561406165,-1.934285336069319e-10,0.014567779377102852,0.023999999277293682,1,3,0.9076921939849854,0.20944694064039504,13,1.661538353333106,0.003033309659955829,0.002590316672914127,0.00943221990019083,-0.00015575636218552805,0.00943221990019083,0.00015575636218552805,0.0026910428423434496,0.004910414107143879,0.0026910428423434496,0,10,11,10,11,1,1,1,1,1,1,0.012000001035630703,0.011999998241662979,0.011999998241662979,0,0.00812841672450304,-0.003412306774407625,0.004716109950095415,0.004716109950095415,0.3930092200948397,0.6773681596287127,1,0
3001,14,0,2,0.007756272330880165,0.0,-0.0022494893055409193,-0.0022494893055409193,0.0,0.007756272330880165,0.0,0,1,0.007692307233810425,0.20944694064039504,13,1.6615383533331063,0.0021983622664391044,0.0017649677069582178,0.007756272330880165,-0.0022494893055409193,0.007756272330880165,0.0022494893055409193,0.0036955836694687605,0.004138259682804346,0.0036955836694687605,0,0,0,10,11,13,13,0,1,1,1,0.0,0.0,0.0,1,0.0043983738869428635,-0.0005202377215027809,0.0038781361654400826,0.0038781361654400826,inf,inf,0,0
3001,14,0,3,0.012525446712970734,0.012000001035630703,-0.005729804281145334,-0.005729804281145334,-0.005400000790477939,0.012525446712970734,0.012000001035630703,1,3,0.9076923131942749,0.2094469155167731,13,1.661538461366525,0.001607845916131008,0.0011649267340200188,0.0005254456773400307,-0.00032980349066739564,0.0005254456773400307,0.00032980349066739564,0.006231077015399933,0.0069304462522268295,0.006231077015399933,0,10,11,10,11,1,1,1,1,1,1,0.006000000052154064,0.006000000983476639,0.006000000052154064,0,0.004560502246022224,-0.001539665274322033,0.0030208369717001915,0.0030208369717001915,0.5034728242403396,0.7600837010634617,0,0
3001,14,0,4,0.008853418752551079,0.0,2.2960748538025655e-05,2.2960748538025655e-05,-3.469446951953614e-18,0.008853418752551079,0.0,0,1,0.9076921939849854,0.20944694064039504,13,1.661538353333106,0.0024025839686858566,0.0018751556439512583,0.008853418752551079,2.2960748538029124e-05,0.008853418752551079,2.2960748538029124e-05,0.0028554208111017942,0.0041786073707044125,0.0028554208111017942,0,0,0,10,11,13,13,0,1,1,1,0.0,0.0,0.0,1,0.0046240221709012985,-0.00019731279462575912,0.004426709376275539,0.004426709376275539,inf,inf,0,0
3001,14,0,5,0.012192761525511742,0.012000000104308128,-0.0002799304202198982,-0.0002799304202198982,-1.2895235226850765e-10,0.012192761525511742,0.012000000104308128,1,3,0.9076921939849854,0.20944694064039504,13,1.661538353333106,0.001985510485129637,0.001738918471265827,0.00019276142120361328,-0.00027993029126754596,0.00019276142120361328,0.00027993029126754596,0.001954317558556795,0.004667410161346197,0.001954317558556795,0,10,11,10,11,1,1,1,1,1,1,0.006000000983476639,0.0059999991208314896,0.0059999991208314896,0,0.004549926146864891,-0.0015648463740944862,0.002985079772770405,0.002985079772770405,0.4975133683614153,0.7583211355928257,1,0
3001,14,1,0,0.01803009584546089,0.035999998450279236,-0.00034854686236940324,-0.00034854686236940324,0.0,0.01803009584546089,0.035999998450279236,1,3,0.007692307233810425,0.20944694064039504,13,1.661538353333106,0.00455304987893912,0.003466425077802331,0.017969902604818344,-0.00034854686236940324,0.017969902604818344,0.00034854686236940324,0.001500038313679397,0.0036141856107860804,0.001500038313679397,0,10,11,10,11,1,1,1,1,1,1,0.017999999225139618,0.017999999225139618,0.017999999225139618,0,0.009967591613531113,-0.0009826403111219406,0.008984951302409172,0.008984951302409172,0.4991639827328648,0.5537551134785562,1,0
3001,14,1,2,0.008489716798067093,0.0,-0.0011126355966553092,-0.0011126355966553092,0.0,0.008489716798067093,0.0,0,1,0.007692307233810425,0.20944694064039504,13,1.6615383533331063,0.002803647072297159,0.0023385801258877176,0.008489716798067093,-0.0011126355966553092,0.008489716798067093,0.0011126355966553092,0.0016787693602964282,0.00362555799074471,0.0016787693602964282,0,0,0,1,0,13,13,0,1,1,1,0.0,0.0,0.0,1,0.004606183618307114,0.0003613252192735672,0.0042448583990335464,0.0042448583990335464,inf,inf,0,0
3001,14,1,3,0.013686580583453178,0.012000001966953278,-0.006436123047024012,-0.006436123047024012,-0.0054000008549541165,0.013686580583453178,0.012000001966953278,1,3,0.9076923131942749,0.2094469155167731,13,1.661538461366525,0.0025226281411673355,0.001998276907135045,0.0016865786164999008,-0.0010361221920698951,0.0016865786164999008,0.0010361221920698951,0.0038361218757927418,0.0020894091576337814,0.0038361218757927418,0,10,11,10,11,1,1,1,1,1,1,0.006000000983476639,0.006000000983476639,0.006000000983476639,0,0.0053392983973026276,-0.0008920216932892799,0.004447276704013348,0.004447276704013348,0.7412126625080017,0.8898829203539274,0,0
3001,14,1,4,0.00895339623093605,0.0,5.846284329891205e-05,5.846284329891205e-05,6.938893903907228e-18,0.00895339623093605,0.0,0,1,0.9076921939849854,0.20944694064039504,13,1.661538353333106,0.0028521092114311476,0.0023958888015098117,0.00895339623093605,5.846284329890511e-05,0.00895339623093605,5.846284329890511e-05,0.001185316708870232,0.0031781354919075966,0.001185316708870232,0,0,0,1,11,13,13,0,1,1,1,0.0,0.0,0.0,1,0.00499238446354866,0.0005156863480806351,0.004476698115468025,0.004476698115468025,inf,inf,0,0
3001,14,1,5,0.015974173322319984,0.036000002175569534,-0.005029338877648115,-0.005029338877648115,-0.006230769437092991,0.015974173322319984,0.036000002175569534,1,4,0.9076921939849854,0.20944694064039504,13,1.661538353333106,0.008816354511553447,0.0073157910411879865,0.02002582885324955,0.0012014305594448757,0.02002582885324955,0.0012014305594448757,0.0012815807713195682,0.003494593081995845,0.0012815807713195682,0,1,11,3,11,3,1,0,1,1,1,0.0,0.006000000983476639,0.0,1,0.02134614996612072,-0.008797484450042248,0.012548665516078472,0.012548665516078472,inf,inf,0,0
3001,14,2,0,0.0073137241415679455,0.0,0.0005038193776272237,0.0005038193776272237,0.0,0.0073137241415679455,0.0,0,1,0.007692307233810425,0.20944694064039504,13,1.661538353333106,0.0017691692715268608,0.0013287381538377313,0.0073137241415679455,0.0005038193776272237,0.0073137241415679455,0.0005038193776272237,0.0023732457775622606,0.007827465422451496,0.0023732457775622606,0,0,0,4,10,13,13,0,1,1,1,0.0,0.0,0.0,1,0.022605061531066895,0.018948199460282922,0.0036568620707839727,0.0036568620707839727,inf,inf,0,0
3001,14,2,1,0.007326097693294287,0.0,0.00015619250189047307,0.00015619250189047307,0.0,0.007326097693294287,0.0,0,1,0.9076921939849854,0.20944694064039504,13,1.661538353333106,0.0016465601337846275,0.0011148233023146993,0.007326097693294287,0.00015619250189047307,0.007326097693294287,0.00015619250189047307,0.0015850708587095141,0.003771725809201598,0.0015850708587095141,0,0,0,7,10,13,13,0,1,1,1,0.0,0.0,0.0,1,0.019327432208228856,0.015664383448893204,0.003663048759335652,0.003663048759335652,inf,inf,0,0
3001,14,2,3,0.007741465233266354,0.0,0.0013475572923198342,0.0013475572923198342,3.469446951953614e-18,0.007741465233266354,0.0,0,1,0.9076923131942749,0.2094469155167731,13,1.661538461366525,0.001982751131698587,0.0014280314716033791,0.007741465233266354,0.0013475572923198308,0.007741465233266354,0.0013475572923198308,0.004454025998711586,0.008697700686752796,0.004454025998711586,0,0,0,4,10,13,13,0,1,1,1,0.0,0.0,0.0,1,0.02246154029853642,0.018590807798318565,0.003870732500217855,0.003870732500217855,inf,inf,0,0
3001,14,2,4,0.012093941681087017,0.03000000026077032,-0.00048649194650352,-0.00048649194650352,6.44761778689773e-11,0.012093941681087017,0.03000000026077032,1,3,0.9076921939849854,0.20944694064039504,13,1.661538353333106,0.004108880261827754,0.0024223104725487133,0.017906058579683304,-0.0004864920109796979,0.017906058579683304,0.0004864920109796979,0.0030451484490185976,0.006102610845118761,0.0030451484490185976,0,10,11,4,11,1,1,1,0,1,0,0.014999999664723873,0.015000000596046448,0.014999999664723873,0,0.020640640519559383,0.011246279231272638,0.009394361288286746,0.009394361288286746,0.6262907665511392,1.3760427320609108,0,0
3001,14,2,5,0.00953841581940651,0.0,-1.2700213119387627e-05,-1.2700213119387627e-05,0.0,0.00953841581940651,0.0,0,1,0.9076921939849854,0.20944694064039504,13,1.661538353333106,0.002202653996218072,0.001482607884271919,0.00953841581940651,-1.2700213119387627e-05,0.00953841581940651,1.2700213119387627e-05,0.001656496082432568,0.00354821071960032,0.001656496082432568,0,0,0,7,10,13,13,0,1,1,1,0.0,0.0,0.0,1,0.021580146625638008,0.016810938715934753,0.004769207909703255,0.004769207909703255,inf,inf,0,0
3001,15,0,1,0.011989448219537735,0.024000000208616257,0.0005422814865596592,0.0005422814865596592,-2.5790471494535616e-10,0.011989448219537735,0.024000000208616257,1,3,0.9076921939849854,0.20944694064039504,13,1.661538353333106,0.0034581343340392276,0.0024293247367856066,0.012010551989078522,0.0005422817444643742,0.012010551989078522,0.0005422817444643742,0.0010164000559598207,0.0038792770355939865,0.0010164000559598207,0,10,11,2,11,1,1,1,0,1,0,0.012000001966953278,0.011999998241662979,0.011999998241662979,0,0.014010021463036537,-0.007122538052499294,0.006887483410537243,0.006887483410537243,0.5739570349789288,1.1675019596582046,0,0
3001,15,0,2,0.008394517004489899,0.0,-0.0027482311706990004,-0.0027482311706990004,-3.469446951953614e-18,0.008394517004489899,0.0,0,1,0.007692307233810425,0.20944694064039504,13,1.6615383533331063,0.002271471671067759,0.0017943460516323,0.008394517004489899,-0.002748231170698997,0.008394517004489899,0.002748231170698997,0.0014059881214052439,0.004092190880328417,0.0014059881214052439,0,0,0,8,11,13,13,0,1,1,1,0.0,0.0,0.0,1,0.006832597777247429,-0.0026353392750024796,0.004197258502244949,0.004197258502244949,inf,inf,0,0
3001,15,0,3,0.01184324361383915,0.012000001966953278,-0.006929049268364906,-0.006929049268364906,-0.00540000085495412,0.01184324361383915,0.012000001966953278,1,3,0.9076923131942749,0.2094469155167731,13,1.661538461366525,0.001973181823862419,0.0015363443047689967,0.0001567583531141281,-0.0015290484134107864,0.0001567583531141281,0.0015290484134107864,0.003144818590953946,0.004756527487188578,0.003144818590953946,0,10,11,8,11,1,1,1,0,1,0,0.006000000983476639,0.006000000983476639,0.006000000983476639,0,0.007124340161681175,-0.003915979526937008,0.0032083606347441673,0.0032083606347441673,0.5347266848088275,1.1873898323185024,0,0
3001,15,0,4,0.009267736226320267,0.0,-0.00046357326209545135,-0.00046357326209545135,-3.469446951953614e-18,0.009267736226320267,0.0,0,1,0.9076921939849854,0.20944694064039504,13,1.661538353333106,0.0024127496103087957,0.0019071771151568059,0.009267736226320267,-0.0004635732620954479,0.009267736226320267,0.0004635732620954479,0.002071714960038662,0.00444734888151288,0.002071714960038662,0,0,0,8,11,13,13,0,1,1,1,0.0,0.0,0.0,1,0.007737286388874054,-0.0031034182757139206,0.004633868113160133,0.004633868113160133,inf,inf,0,0
3001,15,0,5,0.010806472040712833,0.012000000104308128,0.0004834576102439314,0.0004834576102439314,-1.289523557379546e-10,0.010806472040712833,0.012000000104308128,1,3,0.007692307233810425,0.20944694064039504,13,1.661538353333106,0.002451504687692101,0.0019029891393946474,0.001193528063595295,0.00048345773919628715,0.001193528063595295,0.00048345773919628715,0.0009369259350933135,0.004217575769871473,0.0009369259350933135,0,10,11,2,11,1,1,1,0,1,0,0.006000000983476639,0.0059999991208314896,0.0059999991208314896,0,0.00913422740995884,-0.004544004797935486,0.004590222612023354,0.004590222612023354,0.7650372141033303,1.5223714580633145,0,0
3001,15,1,0,0.017767461016774178,0.035999998450279236,-0.00035637678229250014,-0.00035637678229250014,0.0,0.017767461016774178,0.035999998450279236,1,3,0.9076921939849854,0.20944694064039504,13,1.661538353333106,0.004566408070470977,0.0034370227281511185,0.01823253743350506,-0.00035637678229250014,0.01823253743350506,0.00035637678229250014,0.0012219870695844293,0.0043959650211036205,0.0012219870695844293,0,10,11,10,11,1,1,1,1,1,1,0.017999999225139618,0.017999999225139618,0.017999999225139618,0,0.011471837759017944,0.002355569042265415,0.00911626871675253,0.00911626871675253,0.5064593949548806,0.6373243473808518,0,0
3001,15,1,2,0.007440559566020966,0.0,-0.000884287350345403,-0.000884287350345403,0.0,0.007440559566020966,0.0,0,1,0.007692307233810425,0.20944694064039504,13,1.6615383533331063,0.0025536784786817416,0.002111589635264945,0.007440559566020966,-0.000884287350345403,0.007440559566020966,0.000884287350345403,0.0017823911039158702,0.003504658816382289,0.0017823911039158702,0,0,0,1,0,13,13,0,1,1,1,0.0,0.0,0.0,1,0.007274307310581207,0.0035540275275707245,0.003720279783010483,0.003720279783010483,inf,inf,0,0
3001,15,1,3,0.013416480273008347,0.012000001966953278,-0.006322144065052271,-0.006322144065052271,-0.0054000008549541165,0.013416480273008347,0.012000001966953278,1,3,0.9076923131942749,0.2094469155167731,13,1.661538461366525,0.0025965385723579716,0.0020290935885976754,0.001416478306055069,-0.0009221432100981544,0.001416478306055069,0.0009221432100981544,0.003152713878080249,0.003224101848900318,0.003152713878080249,0,10,11,10,11,1,1,1,1,1,1,0.006000000983476639,0.006000000983476639,0.006000000983476639,0,0.007092265412211418,0.0024519069120287895,0.004640358500182629,0.004640358500182629,0.7733929565947872,1.1820440416164528,0,0
3001,15,1,4,0.008391231298446655,0.0,-0.00031074509024620056,-0.00031074509024620056,0.0,0.008391231298446655,0.0,0,1,0.9076921939849854,0.20944694064039504,13,1.661538353333106,0.002744316898942327,0.0022833435493108093,0.008391231298446655,-0.00031074509024620056,0.008391231298446655,0.00031074509024620056,0.001313460641540587,0.0034149482380598783,0.001313460641540587,0,0,0,1,11,13,13,0,1,1,1,0.0,0.0,0.0,1,0.0075942762196063995,0.003398660570383072,0.004195615649223328,0.004195615649223328,inf,inf,0,0
3001,15,1,5,0.01665392518043518,0.036000002175569534,-0.005112695973366499,-0.005112695973366499,-0.006230769437092991,0.01665392518043518,0.036000002175569534,1,4,0.007692307233810425,0.20944694064039504,13,1.661538353333106,0.008844697171259413,0.007323554942946461,0.019346076995134354,0.001118073463726492,0.019346076995134354,0.001118073463726492,0.000917788885999471,0.003907608799636364,0.000917788885999471,0,1,11,1,11,3,1,0,1,1,1,0.0,0.006000000983476639,0.0,1,0.02149231545627117,-0.008699181489646435,0.012793133966624737,0.012793133966624737,inf,inf,0,0
3001,15,2,0,0.00503613892942667,0.0,-0.0017820532666519284,-0.0017820532666519284,0.0,0.00503613892942667,0.0,0,1,0.9076921939849854,0.20944694064039504,13,1.661538353333106,0.0013910805610174875,0.0010848348938237282,0.00503613892942667,-0.0017820532666519284,0.00503613892942667,0.0017820532666519284,0.0016848029335960746,0.0028300308622419834,0.0016848029335960746,0,0,0,3,11,13,13,0,1,1,1,0.0,0.0,0.0,1,0.006247153040021658,0.003729083633515984,0.002518069406505674,0.002518069406505674,inf,inf,0,0
3001,15,2,1,0.004523873329162598,0.0,0.0004530934675130993,0.0004530934675130993,0.0,0.004523873329162598,0.0,0,1,0.9076921939849854,0.20944694064039504,13,1.661538353333106,0.0011772713182057444,0.0008466380500901469,0.004523873329162598,0.0004530934675130993,0.004523873329162598,0.0004530934675130993,0.0018751905299723148,0.00279174349270761,0.0018751905299723148,0,0,0,3,11,13,13,0,1,1,1,0.0,0.0,0.0,1,0.0036791132297366858,0.001417176565155387,0.002261936664581299,0.002261936664581299,inf,inf,0,0
3001,15,2,3,0.004402200225740671,0.0,-0.0005196771235205233,-0.0005196771235205233,0.0,0.004402200225740671,0.0,0,1,0.9076923131942749,0.2094469155167731,13,1.661538461366525,0.0011364446904822774,0.0008748877881723046,0.004402200225740671,-0.0005196771235205233,0.004402200225740671,0.0005196771235205233,0.0012890408979728818,0.003590591950342059,0.0012890408979728818,0,0,0,3,5,13,13,0,1,1,1,0.0,0.0,0.0,1,0.006747113075107336,0.0045460129622370005,0.0022011001128703356,0.0022011001128703356,inf,inf,0,0
3001,15,2,4,0.017898818477988243,0.04499999899417162,-0.001203677267767489,-0.001203677267767489,0.0020769230167453096,0.017898818477988243,0.04499999899417162,1,4,0.9076921939849854,0.20944694064039504,13,1.661538353333106,0.00830350426782454,0.004679794478389991,0.027101180516183376,-0.0032806002845127986,0.027101180516183376,0.0032806002845127986,0.0014188995119184256,0.005381280556321144,0.0014188995119184256,0,10,2,10,11,1,1,1,1,0,0,0.014999999664723873,0.014999999664723873,0.014999999664723873,0,0.034121458884328604,0.015887483255937696,0.018233975628390908,0.018233975628390908,1.215598402396802,2.274763976466844,0,0
3001,15,2,5,0.004817755427211523,0.0,0.0008417618810199201,0.0008417618810199201,0.0,0.004817755427211523,0.0,0,1,0.007692307233810425,0.20944694064039504,13,1.661538353333106,0.0013410602105749848,0.0010238609183028603,0.004817755427211523,0.0008417618810199201,0.004817755427211523,0.0008417618810199201,0.0019342941232025623,0.006341118365526199,0.0019342941232025623,0,0,0,3,5,13,13,0,1,1,1,0.0,0.0,0.0,1,0.006585256662219763,0.00417637889040634,0.0024088777718134224,0.0024088777718134224,inf,inf,0,0
3001,16,0,1,0.014910494908690453,0.023999999277293682,0.00048064952716231346,0.00048064952716231346,-1.934285336069319e-10,0.014910494908690453,0.023999999277293682,1,3,0.9076921939849854,0.20944694064039504,13,1.661538353333106,0.0029593080302715226,0.0025412930208726756,0.00908950436860323,0.00048064972059084707,0.00908950436860323,0.00048064972059084707,0.003732645884156227,0.003996644169092178,0.003732645884156227,0,10,11,10,11,1,1,1,1,1,1,0.012000001035630703,0.011999998241662979,0.011999998241662979,0,0.007669852115213871,-0.002984012011438608,0.004685840103775263,0.004685840103775263,0.3904867325318784,0.6391544365885649,1,0
3001,16,0,2,0.009343631565570831,0.0,-0.0024725291877985,-0.0024725291877985,0.0,0.009343631565570831,0.0,0,1,0.9076921939849854,0.20944694064039504,13,1.6615383533331063,0.0024639583032127384,0.0018727427359516101,0.009343631565570831,-0.0024725291877985,0.009343631565570831,0.0024725291877985,0.0037559615448117256,0.006160952616482973,0.0037559615448117256,0,0,0,10,11,13,13,0,1,1,1,0.0,0.0,0.0,1,0.005225678905844688,-0.0005538631230592728,0.004671815782785416,0.004671815782785416,inf,inf,0,0
3001,16,0,3,0.014007451944053173,0.012000001035630703,-0.006384910549968481,-0.006384910549968481,-0.005400000790477939,0.014007451944053173,0.012000001035630703,1,3,0.9076923131942749,0.2094469155167731,13,1.661538461366525,0.0018301254249757089,0.0012647630812148369,0.00200745090842247,-0.0009849097594905425,0.00200745090842247,0.0009849097594905425,0.0057756612077355385,0.005665226839482784,0.0057756612077355385,0,10,11,10,11,1,1,1,1,1,1,0.006000000052154064,0.006000000983476639,0.006000000052154064,0,0.005576195195317268,-0.001727706752717495,0.0038484884425997734,0.0038484884425997734,0.641414734857898,0.9293658578078436,0,0
3001,16,0,4,0.010572833940386772,0.0,0.0009855605894699693,0.0009855605894699693,0.0,0.010572833940386772,0.0,0,1,0.007692307233810425,0.20944694064039504,13,1.661538353333106,0.0028235937147652944,0.002185934702672902,0.010572833940386772,0.0009855605894699693,0.010572833940386772,0.0009855605894699693,0.0030803263653069735,0.00461575947701931,0.0030803263653069735,0,0,0,10,11,13,13,0,1,1,1,0.0,0.0,0.0,1,0.007581431418657303,-0.0022950144484639168,0.005286416970193386,0.005286416970193386,inf,inf,0,0
3001,16,0,5,0.013532815501093864,0.012000000104308128,1.5492085367441177e-05,1.5492085367441177e-05,-1.2895235226850765e-10,0.013532815501093864,0.012000000104308128,1,3,0.9076921939849854,0.20944694064039504,13,1.661538353333106,0.002078624696950237,0.0017208263454352604,0.001532815396785736,1.5492214319793446e-05,0.001532815396785736,1.5492214319793446e-05,0.0026394228916615248,0.004777700640261173,0.0026394228916615248,0,10,11,10,11,1,1,1,1,1,1,0.006000000983476639,0.0059999991208314896,0.0059999991208314896,0,0.004958560690283775,-0.00144925806671381,0.0035093026235699654,0.0035093026235699654,0.5848838562969056,0.8264269028087141,0,0
3001,16,1,0,0.019511792808771133,0.035999998450279236,-0.0006110009853728116,-0.0006110009853728116,0.0,0.019511792808771133,0.035999998450279236,1,3,0.007692307233810425,0.20944694064039504,13,1.661538353333106,0.0043556694070224404,0.0033687836760599938,0.016488205641508102,-0.0006110009853728116,0.016488205641508102,0.0006110009853728116,0.0018359642708674073,0.0048871696926653385,0.0018359642708674073,0,10,11,10,11,1,1,1,1,1,1,0.017999999225139618,0.017999999225139618,0.017999999225139618,0,0.009677853435277939,-0.0014337506145238876,0.008244102820754051,0.008244102820754051,0.45800573198025263,0.5376585473271248,1,0
3001,16,1,2,0.00924280658364296,0.0,-0.001224171370267868,-0.001224171370267868,0.0,0.00924280658364296,0.0,0,1,0.9076921939849854,0.20944694064039504,13,1.6615383533331063,0.002901702888686919,0.0023983958116649867,0.00924280658364296,-0.001224171370267868,0.00924280658364296,0.001224171370267868,0.0014677694998681545,0.00392189621925354,0.0014677694998681545,0,0,0,1,11,13,13,0,1,1,1,0.0,0.0,0.0,1,0.005748823285102844,0.0011274199932813644,0.00462140329182148,0.00462140329182148,inf,inf,0,0
3001,16,1,3,0.01514248363673687,0.012000001966953278,-0.007272012531757355,-0.007272012531757355,-0.0054000008549541165,0.01514248363673687,0.012000001966953278,1,3,0.9076923131942749,0.2094469155167731,13,1.661538461366525,0.0026305594156890945,0.002145670111891785,0.0031424816697835922,-0.0018720116768032383,0.0031424816697835922,0.0018720116768032383,0.003657926106825471,0.002924964064732194,0.003657926106825471,0,10,11,10,11,1,1,1,1,1,1,0.006000000983476639,0.006000000983476639,0.006000000983476639,0,0.005836188793182373,-0.0013099880889058113,0.004526200704276562,0.004526200704276562,0.7543666603957624,0.97269797275944,0,0
3001,16,1,4,0.009465795010328293,0.0,-0.00030826902366243303,-0.00030826902366243303,0.0,0.009465795010328293,0.0,0,1,0.007692307233810425,0.20944694064039504,13,1.661538353333106,0.0029801050767098852,0.0024274486673654186,0.009465795010328293,-0.00030826902366243303,0.009465795010328293,0.00030826902366243303,0.0017417302588000894,0.0035826985258609056,0.0017417302588000894,0,0,0,1,11,13,13,0,1,1,1,0.0,0.0,0.0,1,0.005845610052347183,-0.0011127125471830368,0.004732897505164146,0.004732897505164146,inf,inf,0,0
3001,16,1,5,0.01744893752038479,0.036000002175569534,-0.005188141483813524,-0.005188141483813524,-0.006230769437092991,0.01744893752038479,0.036000002175569534,1,4,0.9076921939849854,0.20944694064039504,13,1.661538353333106,0.008933834678650873,0.00738069386436389,0.018551064655184746,0.0010426279532794666,0.018551064655184746,0.0010426279532794666,0.001374711748212576,0.004846434574574232,0.001374711748212576,0,1,11,1,11,3,1,0,1,1,1,0.0,0.006000000983476639,0.0,1,0.022517353296279907,-0.00918679777532816,0.013330555520951748,0.013330555520951748,inf,inf,0,0
3001,16,2,0,0.0064826421439647675,0.0,0.0004593640042003244,0.0004593640042003244,0.0,0.0064826421439647675,0.0,0,1,0.007692307233810425,0.20944694064039504,13,1.661538353333106,0.0018895198590240007,0.0014913992063533624,0.0064826421439647675,0.0004593640042003244,0.0064826421439647675,0.0004593640042003244,0.0020712153054773808,0.004761130549013615,0.0020712153054773808,0,0,0,8,2,13,13,0,1,1,1,0.0,0.0,0.0,1,0.009295811876654625,0.006054490804672241,0.0032413210719823837,0.0032413210719823837,inf,inf,0,0
3001,16,2,1,0.006183428689837456,0.0,0.0006519273738376796,0.0006519273738376796,0.0,0.006183428689837456,0.0,0,1,0.9076921939849854,0.20944694064039504,13,1.661538353333106,0.0018219507497004195,0.0014907939899602583,0.006183428689837456,0.0006519273738376796,0.006183428689837456,0.0006519273738376796,0.0013367165811359882,0.005328110419213772,0.0013367165811359882,0,0,0,8,12,13,13,0,1,1,1,0.0,0.0,0.0,1,0.01148221641778946,0.008390502072870731,0.003091714344918728,0.003091714344918728,inf,inf,0,0
3001,16,2,3,0.0077562760561704636,0.0,-0.0008692157571204007,-0.0008692157571204007,-3.469446951953614e-18,0.0077562760561704636,0.0,0,1,0.9076923131942749,0.2094469155167731,13,1.661538461366525,0.0020479842853455667,0.0015798609417218429,0.0077562760561704636,-0.0008692157571203972,0.0077562760561704636,0.0008692157571203972,0.0018400142434984446,0.006632572039961815,0.0018400142434984446,0,0,0,8,12,13,13,0,1,1,1,0.0,0.0,0.0,1,0.0139080211520195,0.010029883123934269,0.0038781380280852318,0.0038781380280852318,inf,inf,0,0
3001,16,2,4,0.012410679832100868,0.044999999925494194,0.0008041250403039157,0.0008041250403039157,0.0020769229522691335,0.012410679832100868,0.044999999925494194,1,4,0.007692307233810425,0.20944694064039504,13,1.661538353333106,0.008041013524340815,0.004756223509562086,0.032589320093393326,-0.0012727979119652177,0.032589320093393326,0.0012727979119652177,0.0018698419444262981,0.005395717918872833,0.0018698419444262981,0,10,2,10,11,1,1,1,1,0,0,0.015000000596046448,0.014999999664723873,0.014999999664723873,0,0.03207695856690407,0.013590925373136997,0.01848603319376707,0.01848603319376707,1.2324022404641415,2.1384639522586655,0,0
3001,16,2,5,0.0075308214873075485,0.0,0.00037514232099056244,0.00037514232099056244,0.0,0.0075308214873075485,0.0,0,1,0.9076921939849854,0.20944694064039504,13,1.661538353333106,0.001977627674682164,0.0014943069827979838,0.0075308214873075485,0.00037514232099056244,0.0075308214873075485,0.00037514232099056244,0.0018346367869526148,0.0057617062702775,0.0018346367869526148,0,0,0,8,2,13,13,0,1,1,1,0.0,0.0,0.0,1,0.0145338773727417,0.010768466629087925,0.0037654107436537743,0.0037654107436537743,inf,inf,0,0
3001,17,0,1,0.012142480351030827,0.024000000208616257,0.000305861554807052,0.000305861554807052,-2.5790471494535616e-10,0.012142480351030827,0.024000000208616257,1,3,0.9076921939849854,0.20944694064039504,13,1.661538353333106,0.003498666633630829,0.0025013996916409776,0.01185751985758543,0.00030586181271176696,0.01185751985758543,0.00030586181271176696,0.0008660709136165679,0.0038728071376681328,0.0008660709136165679,0,10,11,2,11,1,1,1,0,1,0,0.012000001966953278,0.011999998241662979,0.011999998241662979,0,0.014999713748693466,-0.00797910988330841,0.0070206038653850555,0.0070206038653850555,0.5850504078417372,1.2499763288810934,0,0
3001,17,0,2,0.007923197001218796,0.0,-0.0026862022932618856,-0.0026862022932618856,-3.469446951953614e-18,0.007923197001218796,0.0,0,1,0.9076921939849854,0.20944694064039504,13,1.6615383533331063,0.0021925700288943756,0.0017241334774085052,0.007923197001218796,-0.002686202293261882,0.007923197001218796,0.002686202293261882,0.0014507572632282972,0.003809399902820587,0.0014507572632282972,0,0,0,8,11,13,13,0,1,1,1,0.0,0.0,0.0,1,0.007504062727093697,-0.0035424642264842987,0.003961598500609398,0.003961598500609398,inf,inf,0,0
3001,17,0,3,0.01169322058558464,0.012000001966953278,-0.006814412772655487,-0.006814412772655487,-0.00540000085495412,0.01169322058558464,0.012000001966953278,1,3,0.9076923131942749,0.2094469155167731,13,1.661538461366525,0.0020167058635975612,0.0015549814912694448,0.0003067813813686371,-0.0014144119177013671,0.0003067813813686371,0.0014144119177013671,0.0031559772323817015,0.005162558518350124,0.0031559772323817015,0,10,11,8,11,1,1,1,0,1,0,0.006000000983476639,0.006000000983476639,0.006000000983476639,0,0.008016670122742653,-0.004741828888654709,0.003274841234087944,0.003274841234087944,0.5458067828832873,1.3361114681180395,0,0
3001,17,0,4,0.00902269035577774,0.0,-0.0006662679952569306,-0.0006662679952569306,-3.469446951953614e-18,0.00902269035577774,0.0,0,1,0.9076921939849854,0.20944694064039504,13,1.661538353333106,0.002408080854276714,0.001939539395316818,0.00902269035577774,-0.0006662679952569271,0.00902269035577774,0.0006662679952569271,0.0025325953029096127,0.003690570592880249,0.0025325953029096127,0,0,0,8,11,13,13,0,1,1,1,0.0,0.0,0.0,1,0.008511906489729881,-0.004000561311841011,0.00451134517788887,0.00451134517788887,inf,inf,0,0
3001,17,0,5,0.010805579833686352,0.012000000104308128,0.00030828113085590303,0.00030828113085590303,-1.289523557379546e-10,0.010805579833686352,0.012000000104308128,1,3,0.9076921939849854,0.20944694064039504,13,1.661538353333106,0.002562218444729184,0.0019804069981772523,0.0011944202706217766,0.00030828125980825877,0.0011944202706217766,0.00030828125980825877,0.0010298618581146002,0.004141609650105238,0.0010298618581146002,0,10,11,2,11,1,1,1,0,1,0,0.006000000983476639,0.0059999991208314896,0.0059999991208314896,0,0.009776109829545021,-0.004950347356498241,0.00482576247304678,0.00482576247304678,0.8042938633594362,1.629351877003314,0,0
3001,17,1,0,0.01890956610441208,0.035999998450279236,-0.0005471035838127136,-0.0005471035838127136,0.0,0.01890956610441208,0.035999998450279236,1,3,0.9076921939849854,0.20944694064039504,13,1.661538353333106,0.004477800263672604,0.003459986409492041,0.017090432345867157,-0.0005471035838127136,0.017090432345867157,0.0005471035838127136,0.0016061366768553853,0.004862145520746708,0.0016061366768553853,0,10,11,10,11,1,1,1,1,1,1,0.017999999225139618,0.017999999225139618,0.017999999225139618,0,0.010616704821586609,-0.0020714886486530304,0.008545216172933578,0.008545216172933578,0.47473425226590793,0.5898169599229113,1,0
3001,17,1,2,0.00809425488114357,0.0,-0.0008786649559624493,-0.0008786649559624493,0.0,0.00809425488114357,0.0,0,1,0.9076921939849854,0.20944694064039504,13,1.6615383533331063,0.0027454281030168956,0.0022882365087080283,0.00809425488114357,-0.0008786649559624493,0.00809425488114357,0.0008786649559624493,0.0018806528532877564,0.0036494024097919464,0.0018806528532877564,0,0,0,3,11,13,13,0,1,1,1,0.0,0.0,0.0,1,0.004354551434516907,0.00030742399394512177,0.004047127440571785,0.004047127440571785,inf,inf,0,0
3001,17,1,3,0.014225076884031296,0.012000001966953278,-0.006662726402282715,-0.006662726402282715,-0.0054000008549541165,0.014225076884031296,0.012000001966953278,1,3,0.9076923131942749,0.2094469155167731,13,1.661538461366525,0.0027274326864697006,0.0021768625406823915,0.002225074917078018,-0.0012627255473285984,0.002225074917078018,0.0012627255473285984,0.003447390627115965,0.0031650112941861153,0.003447390627115965,0,10,11,10,11,1,1,1,1,1,1,0.006000000983476639,0.006000000983476639,0.006000000983476639,0,0.006875578314065933,-0.002065788023173809,0.004809790290892124,0.004809790290892124,0.8016315837510314,1.1459295311785016,0,0
3001,17,1,4,0.008718404918909073,0.0,-0.0005687779630534351,-0.0005687779630534351,0.0,0.008718404918909073,0.0,0,1,0.9076921939849854,0.20944694064039504,13,1.661538353333106,0.0028868139628438474,0.002420802220437654,0.008718404918909073,-0.0005687779630534351,0.008718404918909073,0.0005687779630534351,0.0017223355825990438,0.0037866556085646152,0.0017223355825990438,0,0,0,3,11,13,13,0,1,1,1,0.0,0.0,0.0,1,0.005412448197603226,-0.0010532457381486893,0.0043592024594545364,0.0043592024594545364,inf,inf,0,0
3001,17,1,5,0.017065642401576042,0.036000002175569534,-0.0053398082964122295,-0.0053398082964122295,-0.006230769437092991,0.017065642401576042,0.036000002175569534,1,4,0.9076921939849854,0.20944694064039504,13,1.661538353333106,0.008760133742344875,0.007231380415738686,0.018934359773993492,0.0008909611406807613,0.018934359773993492,0.0008909611406807613,0.00084851891733706,0.00445814523845911,0.00084851891733706,0,1,11,1,11,3,1,0,1,1,1,0.0,0.006000000983476639,0.0,1,0.022942770272493362,-0.010052906349301338,0.012889863923192024,0.012889863923192024,inf,inf,0,0
3001,17,2,0,0.007333427667617798,0.0,0.0002483682183083147,0.0002483682183083147,0.0,0.007333427667617798,0.0,0,1,0.9076921939849854,0.20944694064039504,13,1.661538353333106,0.0019055033727858322,0.0014685681585729477,0.007333427667617798,0.0002483682183083147,0.007333427667617798,0.0002483682183083147,0.0020188346970826387,0.006320674903690815,0.0020188346970826387,0,0,0,8,2,13,13,0,1,1,1,0.0,0.0,0.0,1,0.00851375237107277,0.00484703853726387,0.003666713833808899,0.003666713833808899,inf,inf,0,0
3001,17,2,1,0.006481841206550598,0.0,0.0009108639205805957,0.0009108639205805957,6.938893903907228e-18,0.006481841206550598,0.0,0,1,0.9076921939849854,0.20944694064039504,13,1.661538353333106,0.0017629098844667576,0.0013330651546371055,0.006481841206550598,0.0009108639205805888,0.006481841206550598,0.0009108639205805888,0.0017328785033896565,0.0054357778280973434,0.0017328785033896565,0,0,0,8,2,13,13,0,1,1,1,0.0,0.0,0.0,1,0.01023373007774353,0.006992809474468231,0.003240920603275299,0.003240920603275299,inf,inf,0,0
3001,17,2,3,0.008686846122145653,0.0,0.0001322813332080841,0.0001322813332080841,0.0,0.008686846122145653,0.0,0,1,0.9076923131942749,0.2094469155167731,13,1.661538461366525,0.0022101552647418718,0.0017014102867016424,0.008686846122145653,0.0001322813332080841,0.008686846122145653,0.0001322813332080841,0.002504616277292371,0.006043845787644386,0.002504616277292371,0,0,0,8,12,13,13,0,1,1,1,0.0,0.0,0.0,1,0.012757165357470512,0.008413742296397686,0.004343423061072826,0.004343423061072826,inf,inf,0,0
3001,17,2,4,0.013657068833708763,0.044999998062849045,0.0005784612149000168,0.0005784612149000168,0.0020769230812214892,0.013657068833708763,0.044999998062849045,1,4,0.9076921939849854,0.20944694064039504,13,1.661538353333106,0.007865808236207375,0.004651812252384672,0.03134292922914028,-0.0014984618663214724,0.03134292922914028,0.0014984618663214724,0.0018465890316292644,0.004685454536229372,0.0018465890316292644,0,10,2,10,11,1,1,1,1,0,0,0.014999998733401299,0.014999999664723873,0.014999998733401299,0,0.03018912859261036,0.012094934470951557,0.018094194121658802,0.018094194121658802,1.206279709968741,2.0126087427851984,0,0
3001,17,2,5,0.007488086819648743,0.0,0.00046796631067991257,0.00046796631067991257,6.938893903907228e-18,0.007488086819648743,0.0,0,1,0.9076921939849854,0.20944694064039504,13,1.661538353333106,0.0020069997868415925,0.0015186190649249848,0.007488086819648743,0.00046796631067990563,0.007488086819648743,0.00046796631067990563,0.0021700544748455286,0.005005241837352514,0.0021700544748455286,0,0,0,8,2,13,13,0,1,1,1,0.0,0.0,0.0,1,0.013019999489188194,0.009275956079363823,0.0037440434098243713,0.0037440434098243713,inf,inf,0,0
3001,18,0,1,0.018730225041508675,0.023999996483325958,-0.0037468525115400553,-0.0037468525115400553,5.158093951962428e-10,0.018730225041508675,0.023999996483325958,1,3,0.9076921939849854,0.20944694064039504,13,1.661538353333106,0.00453164923924191,0.003571928032403868,0.005269771441817284,-0.0037468530273494505,0.005269771441817284,0.0037468530273494505,0.006067192181944847,0.010260951705276966,0.006067192181944847,0,10,11,4,11,1,1,1,0,1,0,0.01199999451637268,0.012000001966953278,0.01199999451637268,0,0.0557203721255064,0.04720710124820471,0.008513270877301693,0.008513270877301693,0.7094395639669889,4.6433664656664675,0,0
3001,18,0,2,0.01445998065173626,0.0,-0.0016552329761907458,-0.0016552329761907458,0.0,0.01445998065173626,0.0,0,1,0.9076921939849854,0.20944694064039504,13,1.6615383533331063,0.003729913567319232,0.0031193339172199634,0.01445998065173626,-0.0016552329761907458,0.01445998065173626,0.0016552329761907458,0.005905447527766228,0.01337859220802784,0.005905447527766228,0,0,0,7,11,13,13,0,1,1,1,0.0,0.0,0.0,1,0.06344573758542538,0.05621574725955725,0.00722999032586813,0.00722999032586813,inf,inf,0,0
3001,18,0,3,0.018498342484235764,0.01199999451637268,-0.012171673588454723,-0.012171673588454723,-0.005399997502192874,0.018498342484235764,0.01199999451637268,1,3,0.9076923131942749,0.2094469155167731,13,1.661538461366525,0.0032934728710732448,0.0025403909605635692,0.006498347967863083,-0.006771676086261849,0.006498347967863083,0.006771676086261849,0.010574608109891415,0.012084731832146645,0.010574608109891415,0,10,11,7,11,1,1,1,0,1,0,0.00599999725818634,0.00599999725818634,0.00599999725818634,0,0.040633946657180786,0.034384774044156075,0.006249172613024712,0.006249172613024712,1.0415292447839704,6.772327537606823,0,0
3001,18,0,4,0.00930316373705864,0.0,-0.00025254650972783566,-0.00025254650972783566,-1.3877787807814457e-17,0.00930316373705864,0.0,0,1,0.9076921939849854,0.20944694064039504,13,1.661538353333106,0.002897695930736605,0.002456340519986914,0.00930316373705864,-0.0002525465097278218,0.00930316373705864,0.0002525465097278218,0.004840613808482885,0.014016333036124706,0.004840613808482885,0,0,0,5,11,13,13,0,1,1,1,0.0,0.0,0.0,1,0.05053950101137161,0.04588791914284229,0.00465158186852932,0.00465158186852932,inf,inf,0,0
3001,18,0,5,0.018359262496232986,0.012000001966953278,-0.003139795735478401,-0.003139795735478401,5.158093951962428e-10,0.018359262496232986,0.012000001966953278,1,3,0.9076921939849854,0.20944694064039504,13,1.661538353333106,0.004082614387205899,0.003503577684509685,0.006359260529279709,-0.0031397962512877964,0.006359260529279709,0.0031397962512877964,0.005568400025367737,0.008176836185157299,0.005568400025367737,0,10,11,7,11,1,1,1,0,1,0,0.00599999725818634,0.006000004708766937,0.00599999725818634,0,0.04524815082550049,0.03869873471558094,0.006549416109919548,0.006549416109919548,1.091569850466779,7.541361917084934,0,0
3001,18,1,0,0.01892917975783348,0.035999998450279236,8.763869846006855e-05,8.763869846006855e-05,6.938893903907228e-18,0.01892917975783348,0.035999998450279236,1,3,0.9076921939849854,0.20944694064039504,13,1.661538353333106,0.004410500647270806,0.0033776097484594274,0.017070818692445755,8.763869846006161e-05,0.017070818692445755,8.763869846006161e-05,0.001608078251592815,0.0049131992273032665,0.001608078251592815,0,10,11,10,11,1,1,1,1,1,1,0.017999999225139618,0.017999999225139618,0.017999999225139618,0,0.011243309825658798,-0.0027079004794359207,0.008535409346222878,0.008535409346222878,0.4741894285363044,0.6246283505365867,1,0
3001,18,1,2,0.008698254823684692,0.0,-0.0010260069975629449,-0.0010260069975629449,0.0,0.008698254823684692,0.0,0,1,0.9076921939849854,0.20944694064039504,13,1.6615383533331063,0.00284811324747572,0.002371166099810741,0.008698254823684692,-0.0010260069975629449,0.008698254823684692,0.0010260069975629449,0.00148501165676862,0.004442204255610704,0.00148501165676862,0,0,0,3,11,13,13,0,1,1,1,0.0,0.0,0.0,1,0.004685666412115097,0.00033653900027275085,0.004349127411842346,0.004349127411842346,inf,inf,0,0
3001,18,1,3,0.014608198776841164,0.012000001966953278,-0.007040353026241064,-0.007040353026241064,-0.0054000008549541165,0.014608198776841164,0.012000001966953278,1,3,0.9076923131942749,0.2094469155167731,13,1.661538461366525,0.002709659982256651,0.002189966017854285,0.002608196809887886,-0.0016403521712869476,0.002608196809887886,0.0016403521712869476,0.0034894091077148914,0.0023811322171241045,0.0034894091077148914,0,10,11,10,11,1,1,1,1,1,1,0.006000000983476639,0.006000000983476639,0.006000000983476639,0,0.0067079514265060425,-0.002063947729766369,0.004644003696739674,0.004644003696739674,0.7740004892547123,1.1179917211645505,0,0
3001,18,1,4,0.009232688695192337,0.0,3.245535117457621e-05,3.245535117457621e-05,6.938893903907228e-18,0.009232688695192337,0.0,0,1,0.9076921939849854,0.20944694064039504,13,1.661538353333106,0.0029943984960966474,0.002451639556320462,0.009232688695192337,3.245535117456927e-05,0.009232688695192337,3.245535117456927e-05,0.0013014703290537,0.004051417112350464,0.0013014703290537,0,0,0,1,11,13,13,0,1,1,1,0.0,0.0,0.0,1,0.0057184770703315735,-0.001102132722735405,0.0046163443475961685,0.0046163443475961685,inf,inf,0,0
3001,18,1,5,0.01696230098605156,0.036000002175569534,-0.0052313110791146755,-0.0052313110791146755,-0.006230769437092991,0.01696230098605156,0.036000002175569534,1,4,0.9076921939849854,0.20944694064039504,13,1.661538353333106,0.008801805758349983,0.007276829596630922,0.019037701189517975,0.0009994583579783153,0.019037701189517975,0.0009994583579783153,0.0016219952376559377,0.005264549516141415,0.0016219952376559377,0,1,11,3,11,3,1,0,1,1,1,0.0,0.006000000983476639,0.0,1,0.0227726511657238,-0.009652399457991123,0.013120251707732677,0.013120251707732677,inf,inf,0,0
3001,18,2,0,0.0057843998074531555,0.0,0.001235262956470251,0.001235262956470251,0.0,0.0057843998074531555,0.0,0,1,0.9076921939849854,0.20944694064039504,13,1.661538353333106,0.0018389698817358202,0.001449605681487089,0.0057843998074531555,0.001235262956470251,0.0057843998074531555,0.001235262956470251,0.002056010300293565,0.004271219950169325,0.002056010300293565,0,0,0,8,11,13,13,0,1,1,1,0.0,0.0,0.0,1,0.008195614442229271,0.005303414538502693,0.0028921999037265778,0.0028921999037265778,inf,inf,0,0
3001,18,2,1,0.006286283954977989,0.0,0.000806594907771796,0.000806594907771796,0.0,0.006286283954977989,0.0,0,1,0.9076921939849854,0.20944694064039504,13,1.661538353333106,0.0018062201882934456,0.001493197353281213,0.006286283954977989,0.000806594907771796,0.006286283954977989,0.000806594907771796,0.001534232753328979,0.0052565415389835835,0.001534232753328979,0,0,0,8,12,13,13,0,1,1,1,0.0,0.0,0.0,1,0.011012362316250801,0.007869220338761806,0.0031431419774889946,0.0031431419774889946,inf,inf,0,0
3001,18,2,3,0.00830504484474659,0.0,-0.0007738697458989918,-0.0007738697458989918,-3.469446951953614e-18,0.00830504484474659,0.0,0,1,0.9076923131942749,0.2094469155167731,13,1.661538461366525,0.0021254741944332243,0.001669575697218878,0.00830504484474659,-0.0007738697458989884,0.00830504484474659,0.0007738697458989884,0.0020709203090518713,0.006050088442862034,0.0020709203090518713,0,0,0,8,12,13,13,0,1,1,1,0.0,0.0,0.0,1,0.014157552272081375,0.01000502984970808,0.004152522422373295,0.004152522422373295,inf,inf,0,0
3001,18,2,4,0.014948798343539238,0.044999999925494194,0.0014939013635739684,0.0014939013635739684,0.00207692295226913,0.014948798343539238,0.044999999925494194,1,4,0.9076921939849854,0.20944694064039504,13,1.661538353333106,0.007965961142124512,0.004682303742456013,0.030051201581954956,-0.0005830215886951616,0.030051201581954956,0.0005830215886951616,0.0020040390081703663,0.006241887342184782,0.0020040390081703663,0,10,2,10,11,1,1,1,1,0,0,0.015000000596046448,0.014999999664723873,0.014999999664723873,0,0.03335832804441452,0.01548776775598526,0.01787056028842926,0.01787056028842926,1.1913707125244946,2.2238885860020847,0,0
3001,18,2,5,0.007062135264277458,0.0,0.0004337166028562933,0.0004337166028562933,0.0,0.007062135264277458,0.0,0,1,0.9076921939849854,0.20944694064039504,13,1.661538353333106,0.001905230335700575,0.0014505670268154707,0.007062135264277458,0.0004337166028562933,0.007062135264277458,0.0004337166028562933,0.0020079216919839382,0.0052085923962295055,0.0020079216919839382,0,0,0,8,12,13,13,0,1,1,1,0.0,0.0,0.0,1,0.014017336070537567,0.010486268438398838,0.003531067632138729,0.003531067632138729,inf,inf,0,0
3001,19,0,1,0.01269531063735485,0.024000002071261406,0.0004994480987079442,0.0004994480987079442,-1.289523487990607e-10,0.01269531063735485,0.024000002071261406,1,3,0.9076921939849854,0.20944694064039504,13,1.661538353333106,0.0033407538285230745,0.002406675104029785,0.011304691433906555,0.000499448227660293,0.011304691433906555,0.000499448227660293,0.0007681627757847309,0.004082606639713049,0.0007681627757847309,0,10,11,2,11,1,1,1,0,1,0,0.012000001966953278,0.012000000104308128,0.012000000104308128,0,0.015033727511763573,-0.00835172738879919,0.006682000122964382,0.006682000122964382,0.5568333387401783,1.2528106150904368,0,0
3001,19,0,2,0.008898133412003517,0.0,-0.0023166323080658913,-0.0023166323080658913,0.0,0.008898133412003517,0.0,0,1,0.007692307233810425,0.20944694064039504,13,1.6615383533331063,0.0023299831675446187,0.0018855799981475582,0.008898133412003517,-0.0023166323080658913,0.008898133412003517,0.0023166323080658913,0.0010483701480552554,0.0040163216181099415,0.0010483701480552554,0,0,0,8,11,13,13,0,1,1,1,0.0,0.0,0.0,1,0.00878935120999813,-0.004340284503996372,0.004449066706001759,0.004449066706001759,inf,inf,0,0
3001,19,0,3,0.011445008218288422,0.012000001966953278,-0.0066491179168224335,-0.0066491179168224335,-0.00540000085495412,0.011445008218288422,0.012000001966953278,1,3,0.007692308165132999,0.2094469155167731,13,1.661538461366525,0.001938238347078948,0.0015045632801112337,0.000554993748664856,-0.0012491170618683135,0.000554993748664856,0.0012491170618683135,0.002973149297758937,0.004907290451228619,0.002973149297758937,0,10,11,8,11,1,1,1,0,1,0,0.006000000983476639,0.006000000983476639,0.006000000983476639,0,0.008682645857334137,-0.005489909090101719,0.003192736767232418,0.003192736767232418,0.5321227073170277,1.447107405689635,0,0
3001,19,0,4,0.009859314188361168,0.0,-0.0004748459905385971,-0.0004748459905385971,0.0,0.009859314188361168,0.0,0,1,0.9076921939849854,0.20944694064039504,13,1.661538353333106,0.002547665759189733,0.002075427603086776,0.009859314188361168,-0.0004748459905385971,0.009859314188361168,0.0004748459905385971,0.0022432073019444942,0.004398987162858248,0.0022432073019444942,0,0,0,8,11,13,13,0,1,1,1,0.0,0.0,0.0,1,0.009842367842793465,-0.004912710748612881,0.004929657094180584,0.004929657094180584,inf,inf,0,0
3001,19,0,5,0.011182211339473724,0.012000001966953278,0.0003657011839095503,0.0003657011839095503,0.0,0.011182211339473724,0.012000001966953278,1,3,0.9076921939849854,0.20944694064039504,13,1.661538353333106,0.0024312179533734434,0.00188705098082328,0.0008177906274795532,0.0003657011839095503,0.0008177906274795532,0.0003657011839095503,0.0009019090211950243,0.004450892563909292,0.0009019090211950243,0,10,11,2,11,1,1,1,0,1,0,0.006000000983476639,0.006000000983476639,0.006000000983476639,0,0.010307470336556435,-0.005818375386297703,0.004489094950258732,0.004489094950258732,0.7481823690731417,1.7179114411717775,0,0
3001,19,1,0,0.01922932267189026,0.035999998450279236,-0.0007935815374366939,-0.0007935815374366939,0.0,0.01922932267189026,0.035999998450279236,1,3,0.9076921939849854,0.20944694064039504,13,1.661538353333106,0.004382558054263995,0.0034273267674022885,0.016770675778388977,-0.0007935815374366939,0.016770675778388977,0.0007935815374366939,0.0010929404525086284,0.004782404284924269,0.0010929404525086284,0,10,11,10,11,1,1,1,1,1,1,0.017999999225139618,0.017999999225139618,0.017999999225139618,0,0.01056160032749176,-0.0021762624382972717,0.008385337889194489,0.008385337889194489,0.465852125009158,0.5867555990080793,1,0
3001,19,1,2,0.007727876305580139,0.0,-0.0007927672122605145,-0.0007927672122605145,0.0,0.007727876305580139,0.0,0,1,0.007692307233810425,0.20944694064039504,13,1.6615383533331063,0.002613218292850816,0.0022100997350272336,0.007727876305580139,-0.0007927672122605145,0.007727876305580139,0.0007927672122605145,0.0019839578308165073,0.003187610534951091,0.0019839578308165073,0,0,0,1,11,13,13,0,1,1,1,0.0,0.0,0.0,1,0.004430860280990601,0.000566922128200531,0.0038639381527900696,0.0038639381527900696,inf,inf,0,0
3001,19,1,3,0.014756616204977036,0.012000001966953278,-0.006929220166057348,-0.006929220166057348,-0.0054000008549541165,0.014756616204977036,0.012000001966953278,1,3,0.007692308165132999,0.2094469155167731,13,1.661538461366525,0.0027438569744861765,0.002224862046495697,0.002756614238023758,-0.0015292193111032318,0.002756614238023758,0.0015292193111032318,0.0035154232755303383,0.0032093715853989124,0.0035154232755303383,0,10,11,10,11,1,1,1,1,1,1,0.006000000983476639,0.006000000983476639,0.006000000983476639,0,0.006332460790872574,-0.0016049686819314957,0.004727492108941078,0.004727492108941078,0.7879152223408106,1.0554099588169226,0,0
3001,19,1,4,0.008915303274989128,0.0,-0.0005731464480049908,-0.0005731464480049908,0.0,0.008915303274989128,0.0,0,1,0.9076921939849854,0.20944694064039504,13,1.661538353333106,0.002808340593215304,0.00239229973780333,0.008915303274989128,-0.0005731464480049908,0.008915303274989128,0.0005731464480049908,0.0011581919388845563,0.0035313102416694164,0.0011581919388845563,0,0,0,1,11,13,13,0,1,1,1,0.0,0.0,0.0,1,0.005278576165437698,-0.0008209245279431343,0.004457651637494564,0.004457651637494564,inf,inf,0,0
3001,19,1,5,0.016923604533076286,0.036000001011416316,-0.005075212102383375,-0.005075212102383375,-0.006230769195307323,0.016923604533076286,0.036000001011416316,1,4,0.9076921939849854,0.20944694064039504,13,1.661538353333106,0.008803951650545164,0.0073014365773670055,0.01907639647834003,0.0011555570929239478,0.01907639647834003,0.0011555570929239478,0.0010065945098176599,0.002935258438810706,0.0010065945098176599,0,1,11,1,11,3,1,0,1,1,1,0.0,0.006000000983476639,0.0,1,0.021794891683384776,-0.009130714810453355,0.01266417687293142,0.01266417687293142,inf,inf,0,0
3001,19,2,0,0.004740634933114052,0.0,-0.0006597337196581066,-0.0006597337196581066,0.0,0.004740634933114052,0.0,0,1,0.9076921939849854,0.20944694064039504,13,1.661538353333106,0.0011199225849120582,0.0008507221310327833,0.004740634933114052,-0.0006597337196581066,0.004740634933114052,0.0006597337196581066,0.0019136768532916903,0.0030721735674887896,0.0019136768532916903,0,0,0,3,11,13,13,0,1,1,1,0.0,0.0,0.0,1,0.0024381543044000864,-6.783672142773867e-05,0.0023703175829723477,0.0023703175829723477,inf,inf,0,0
3001,19,2,1,0.003705236129462719,0.0,0.0011609409702941775,0.0011609409702941775,0.0,0.003705236129462719,0.0,0,1,0.9076921939849854,0.20944694064039504,13,1.661538353333106,0.0009624956199995329,0.0007495082864543344,0.003705236129462719,0.0011609409702941775,0.003705236129462719,0.0011609409702941775,0.001463811146095395,0.003312861081212759,0.001463811146095395,0,0,0,3,11,13,13,0,1,1,1,0.0,0.0,0.0,1,0.0020981316920369864,0.0002455136855132878,0.0018526180065236986,0.0018526180065236986,inf,inf,0,0
3001,19,2,3,0.003697760868817568,0.0,-5.023900303058326e-05,-5.023900303058326e-05,0.0,0.003697760868817568,0.0,0,1,0.007692308165132999,0.2094469155167731,13,1.661538461366525,0.0009912703016390814,0.0007574824055676769,0.003697760868817568,-5.023900303058326e-05,0.003697760868817568,5.023900303058326e-05,0.001532172434963286,0.004185125231742859,0.001532172434963286,0,0,0,3,10,13,13,0,1,1,1,0.0,0.0,0.0,1,0.0025076300371438265,0.0006587495445273817,0.0018488804926164448,0.0018488804926164448,inf,inf,0,0
3001,19,2,4,0.013697370886802673,0.029999999329447746,-0.0005456483922898769,-0.0005456483922898769,0.0,0.013697370886802673,0.029999999329447746,1,3,0.9076921939849854,0.20944694064039504,13,1.661538353333106,0.0032899009610350216,0.001763782782473921,0.016302628442645073,-0.0005456483922898769,0.016302628442645073,0.0005456483922898769,0.0017526637529954314,0.005355538334697485,0.0017526637529954314,0,10,11,10,11,1,1,1,1,1,1,0.014999999664723873,0.014999999664723873,0.014999999664723873,0,0.008277762215584517,-0.0001264477614313364,0.00815131445415318,0.00815131445415318,0.5434209757566173,0.5518508267071283,0,0
3001,19,2,5,0.004246123135089874,0.0,0.0008744271472096443,0.0008744271472096443,0.0,0.004246123135089874,0.0,0,1,0.9076921939849854,0.20944694064039504,13,1.661538353333106,0.0010714332287895378,0.000848267761440727,0.004246123135089874,0.0008744271472096443,0.004246123135089874,0.0008744271472096443,0.0014637871645390987,0.003927456680685282,0.0014637871645390987,0,0,0,3,10,13,13,0,1,1,1,0.0,0.0,0.0,1,0.0022231279872357845,-0.00010006653610616922,0.0021230614511296153,0.0021230614511296153,inf,inf,0,0
3001,20,0,1,0.01225263997912407,0.024000000208616257,0.00025815548724494874,0.00025815548724494874,-2.5790471494535616e-10,0.01225263997912407,0.024000000208616257,1,3,0.9076921939849854,0.20944694064039504,13,1.661538353333106,0.0034428059949629885,0.002471446528060902,0.011747360229492188,0.0002581557451496637,0.011747360229492188,0.0002581557451496637,0.0009863660670816898,0.00419452041387558,0.0009863660670816898,0,10,11,2,11,1,1,1,0,1,0,0.012000001966953278,0.011999998241662979,0.011999998241662979,0,0.014312546700239182,-0.007352903485298157,0.006959643214941025,0.006959643214941025,0.5799703528936972,1.1927123997857958,0,0
3001,20,0,2,0.008348166942596436,0.0,-0.0027797094080597162,-0.0027797094080597162,-3.469446951953614e-18,0.008348166942596436,0.0,0,1,0.9076921939849854,0.20944694064039504,13,1.6615383533331063,0.0022878327999734664,0.0018055193214374181,0.008348166942596436,-0.0027797094080597128,0.008348166942596436,0.0027797094080597128,0.0013738800771534443,0.004321332089602947,0.0013738800771534443,0,0,0,8,11,13,13,0,1,1,1,0.0,0.0,0.0,1,0.006848020479083061,-0.0026739370077848434,0.004174083471298218,0.004174083471298218,inf,inf,0,0
3001,20,0,3,0.012086750939488411,0.012000001966953278,-0.006975666154175997,-0.006975666154175997,-0.00540000085495412,0.012086750939488411,0.012000001966953278,1,3,0.9076923131942749,0.2094469155167731,13,1.661538461366525,0.002059395531088934,0.0016390082575160369,8.674897253513336e-05,-0.0015756652992218768,8.674897253513336e-05,0.0015756652992218768,0.0033264104276895523,0.005103192292153835,0.0033264104276895523,0,10,11,8,11,1,1,1,0,1,0,0.006000000983476639,0.006000000983476639,0.006000000983476639,0,0.0070953816175460815,-0.0037571508437395096,0.003338230773806572,0.003338230773806572,0.5563717044379997,1.1825634090870991,0,0
3001,20,0,4,0.009337062016129494,0.0,-0.0008027621661312878,-0.0008027621661312878,-3.469446951953614e-18,0.009337062016129494,0.0,0,1,0.9076921939849854,0.20944694064039504,13,1.661538353333106,0.0024621052463373806,0.0019697593910806984,0.009337062016129494,-0.0008027621661312843,0.009337062016129494,0.0008027621661312843,0.002556729596108198,0.004727993626147509,0.002556729596108198,0,0,0,8,11,13,13,0,1,1,1,0.0,0.0,0.0,1,0.007940193638205528,-0.0032716626301407814,0.004668531008064747,0.004668531008064747,inf,inf,0,0
3001,20,0,5,0.01076879445463419,0.012000000104308128,0.0003290800377726555,0.0003290800377726555,-1.289523557379546e-10,0.01076879445463419,0.012000000104308128,1,3,0.007692307233810425,0.20944694064039504,13,1.661538353333106,0.002553967953995983,0.0019696226134102725,0.0012312056496739388,0.0003290801667250112,0.0012312056496739388,0.0003290801667250112,0.0010254473891109228,0.004105851985514164,0.0010254473891109228,0,10,11,2,11,1,1,1,0,1,0,0.006000000983476639,0.0059999991208314896,0.0059999991208314896,0,0.00995691679418087,-0.005130590870976448,0.004826325923204422,0.004826325923204422,0.8043877717328035,1.6594863755248392,0,0
3001,20,1,0,0.01857788860797882,0.035999998450279236,-0.0005921001429669559,-0.0005921001429669559,0.0,0.01857788860797882,0.035999998450279236,1,3,0.9076921939849854,0.20944694064039504,13,1.661538353333106,0.004592525269479734,0.00356179246535668,0.017422109842300415,-0.0005921001429669559,0.017422109842300415,0.0005921001429669559,0.0015153721906244755,0.004748026840388775,0.0015153721906244755,0,10,11,10,11,1,1,1,1,1,1,0.017999999225139618,0.017999999225139618,0.017999999225139618,0,0.009355444461107254,0.0006443895399570465,0.008711054921150208,0.008711054921150208,0.4839475164523314,0.5197469368799202,1,0
3001,20,1,2,0.007823657244443893,0.0,-0.0008560819551348686,-0.0008560819551348686,0.0,0.007823657244443893,0.0,0,1,0.9076921939849854,0.20944694064039504,13,1.6615383533331063,0.002700271273805878,0.002268538055335276,0.007823657244443893,-0.0008560819551348686,0.007823657244443893,0.0008560819551348686,0.0019169000443071127,0.0038983956910669804,0.0019169000443071127,0,0,0,3,11,13,13,0,1,1,1,0.0,0.0,0.0,1,0.006979946047067642,0.0030681174248456955,0.003911828622221947,0.003911828622221947,inf,inf,0,0
3001,20,1,3,0.013767533004283905,0.012000001966953278,-0.0063764541409909725,-0.0063764541409909725,-0.0054000008549541165,0.013767533004283905,0.012000001966953278,1,3,0.9076923131942749,0.2094469155167731,13,1.661538461366525,0.002799453908872777,0.002217391230298217,0.0017675310373306274,-0.000976453286036856,0.0017675310373306274,0.000976453286036856,0.003082719398662448,0.0036607463844120502,0.003082719398662448,0,10,11,10,11,1,1,1,1,1,1,0.006000000983476639,0.006000000983476639,0.006000000983476639,0,0.005869200453162193,0.0009198905900120735,0.00494930986315012,0.00494930986315012,0.8248848419825247,0.9781999151875714,0,0
3001,20,1,4,0.008681852370500565,0.0,-0.0005758944898843765,-0.0005758944898843765,0.0,0.008681852370500565,0.0,0,1,0.9076921939849854,0.20944694064039504,13,1.661538353333106,0.0029357598063905247,0.0024948671636496776,0.008681852370500565,-0.0005758944898843765,0.008681852370500565,0.0005758944898843765,0.0014307443052530289,0.0036433108616620302,0.0014307443052530289,0,0,0,1,11,13,13,0,1,1,1,0.0,0.0,0.0,1,0.00637507438659668,0.0020341482013463974,0.004340926185250282,0.004340926185250282,inf,inf,0,0
3001,20,1,5,0.01707300916314125,0.036000002175569534,-0.005351141560822725,-0.005351141560822725,-0.006230769437092991,0.01707300916314125,0.036000002175569534,1,4,0.007692307233810425,0.20944694064039504,13,1.661538353333106,0.008748265618497402,0.007220253370393661,0.018926993012428284,0.0008796278762702656,0.018926993012428284,0.0008796278762702656,0.0008447524160146713,0.004449095111340284,0.0008447524160146713,0,1,11,1,11,3,1,0,1,1,1,0.0,0.006000000983476639,0.0,1,0.02308112382888794,-0.010207817889750004,0.012873305939137936,0.012873305939137936,inf,inf,0,0
3001,20,2,0,0.006322477012872696,0.0,0.0004402987251523882,0.0004402987251523882,0.0,0.006322477012872696,0.0,0,1,0.9076921939849854,0.20944694064039504,13,1.661538353333106,0.001850635191598368,0.0014442175670841032,0.006322477012872696,0.0004402987251523882,0.006322477012872696,0.0004402987251523882,0.002001237589865923,0.004933010786771774,0.002001237589865923,0,0,0,8,2,13,13,0,1,1,1,0.0,0.0,0.0,1,0.009675614535808563,0.006514376029372215,0.003161238506436348,0.003161238506436348,inf,inf,0,0
3001,20,2,1,0.006325488910079002,0.0,0.0007546137203462422,0.0007546137203462422,6.938893903907228e-18,0.006325488910079002,0.0,0,1,0.9076921939849854,0.20944694064039504,13,1.661538353333106,0.001705788067665301,0.0012993680302207991,0.006325488910079002,0.0007546137203462353,0.006325488910079002,0.0007546137203462353,0.0018585438374429941,0.00511436490342021,0.0018585438374429941,0,0,0,8,12,13,13,0,1,1,1,0.0,0.0,0.0,1,0.01188013143837452,0.008717386983335018,0.003162744455039501,0.003162744455039501,inf,inf,0,0
3001,20,2,3,0.00801987573504448,0.0,-4.8563193558948115e-05,-4.8563193558948115e-05,0.0,0.00801987573504448,0.0,0,1,0.9076923131942749,0.2094469155167731,13,1.661538461366525,0.002025223400302463,0.001534570735939861,0.00801987573504448,-4.8563193558948115e-05,0.00801987573504448,4.8563193558948115e-05,0.0026601466815918684,0.00506791565567255,0.0026601466815918684,0,0,0,8,12,13,13,0,1,1,1,0.0,0.0,0.0,1,0.014218064025044441,0.010208126157522202,0.00400993786752224,0.00400993786752224,inf,inf,0,0
3001,20,2,4,0.01379176415503025,0.044999998062849045,0.0010936347534880042,0.0010936347534880042,0.0020769230812214892,0.01379176415503025,0.044999998062849045,1,4,0.9076921939849854,0.20944694064039504,13,1.661538353333106,0.007866219952413628,0.0046679408306024486,0.031208233907818794,-0.000983288327733485,0.031208233907818794,0.000983288327733485,0.0016377901192754507,0.0045681362971663475,0.0016377901192754507,0,10,2,10,11,1,1,1,1,0,0,0.014999998733401299,0.014999999664723873,0.014999998733401299,0,0.033351702615618706,0.015380964614450932,0.017970738001167774,0.017970738001167774,1.198049301241031,2.2234470287889216,0,0
3001,20,2,5,0.007354458793997765,0.0,0.00033132670796476305,0.00033132670796476305,6.938893903907228e-18,0.007354458793997765,0.0,0,1,0.007692307233810425,0.20944694064039504,13,1.661538353333106,0.0019778409883042525,0.0015050544012227705,0.007354458793997765,0.0003313267079647561,0.007354458793997765,0.0003313267079647561,0.002063451800495386,0.005124255549162626,0.002063451800495386,0,0,0,8,2,13,13,0,1,1,1,0.0,0.0,0.0,1,0.014450350776314735,0.010773121379315853,0.0036772293969988823,0.0036772293969988823,inf,inf,0,0
3001,21,0,1,0.018620630726218224,0.023999996483325958,-0.003591179847717285,-0.003591179847717285,5.158093951962428e-10,0.018620630726218224,0.023999996483325958,1,3,0.007692307233810425,0.20944694064039504,13,1.661538353333106,0.004537028294840769,0.0035424005218158824,0.005379365757107735,-0.0035911803635266804,0.005379365757107735,0.0035911803635266804,0.00604472728446126,0.009999511763453484,0.00604472728446126,0,10,11,4,11,1,1,1,0,1,0,0.01199999451637268,0.012000001966953278,0.01199999451637268,0,0.056253859773278236,0.04763497691601515,0.008618882857263088,0.008618882857263088,0.71824056631889,4.68782378996307,0,0
3001,21,0,2,0.015274330973625183,0.0,-0.0017685453640297055,-0.0017685453640297055,0.0,0.015274330973625183,0.0,0,1,0.9076921939849854,0.20944694064039504,13,1.6615383533331063,0.004022245719338594,0.0033910318151028204,0.015274330973625183,-0.0017685453640297055,0.015274330973625183,0.0017685453640297055,0.005518712569028139,0.014265068806707859,0.005518712569028139,0,0,0,7,11,13,13,0,1,1,1,0.0,0.0,0.0,1,0.06479153782129288,0.057154372334480286,0.0076371654868125916,0.0076371654868125916,inf,inf,0,0
3001,21,0,3,0.019289683550596237,0.01199999451637268,-0.012605085968971252,-0.012605085968971252,-0.005399997502192874,0.019289683550596237,0.01199999451637268,1,3,0.9076923131942749,0.2094469155167731,13,1.661538461366525,0.003501133842826605,0.0027966369274099903,0.0072896890342235565,-0.007205088466778378,0.0072896890342235565,0.007205088466778378,0.011330224573612213,0.012910396791994572,0.011330224573612213,0,10,11,7,11,1,1,1,0,1,0,0.00599999725818634,0.00599999725818634,0.00599999725818634,0,0.04129411652684212,0.03464927338063717,0.006644843146204948,0.006644843146204948,1.1074743637822144,6.882355899496589,0,0
3001,21,0,4,0.010100927203893661,0.0,0.00026565961888991296,0.00026565961888991296,-1.3877787807814457e-17,0.010100927203893661,0.0,0,1,0.9076921939849854,0.20944694064039504,13,1.661538353333106,0.003225121961316698,0.002796263252136975,0.010100927203893661,0.00026565961888992684,0.010100927203893661,0.00026565961888992684,0.0049821361899375916,0.014121485874056816,0.0049821361899375916,0,0,0,4,11,13,13,0,1,1,1,0.0,0.0,0.0,1,0.051789212971925735,0.046738749369978905,0.005050463601946831,0.005050463601946831,inf,inf,0,0
3001,21,0,5,0.018965646624565125,0.012000001966953278,-0.003644830547273159,-0.003644830547273159,5.158093951962428e-10,0.018965646624565125,0.012000001966953278,1,3,0.9076921939849854,0.20944694064039504,13,1.661538353333106,0.004363596941955471,0.003809323853994969,0.006965644657611847,-0.0036448310630825542,0.006965644657611847,0.0036448310630825542,0.006279430817812681,0.008127010427415371,0.006279430817812681,0,10,11,7,11,1,1,1,0,1,0,0.00599999725818634,0.006000004708766937,0.00599999725818634,0,0.04497123509645462,0.03846144862473011,0.00650978647172451,0.00650978647172451,1.0849649077493524,7.495209274486966,0,0
3001,21,1,0,0.019467614591121674,0.035999998450279236,0.0002587033959571272,0.0002587033959571272,6.938893903907228e-18,0.019467614591121674,0.035999998450279236,1,3,0.9076921939849854,0.20944694064039504,13,1.661538353333106,0.003955101768011085,0.002873971705605998,0.016532383859157562,0.0002587033959571203,0.016532383859157562,0.0002587033959571203,0.0021129772067070007,0.005031470209360123,0.0021129772067070007,0,10,11,10,11,1,1,1,1,1,1,0.017999999225139618,0.017999999225139618,0.017999999225139618,0,0.01226736232638359,0.00400117039680481,0.008266191929578781,0.008266191929578781,0.4592329047455647,0.6815201585814756,1,0
3001,21,1,2,0.009790316224098206,0.0,0.0005238009616732597,0.0005238009616732597,0.0,0.009790316224098206,0.0,0,1,0.9076921939849854,0.20944694064039504,13,1.6615383533331063,0.0025561631738538083,0.002013444768253868,0.009790316224098206,0.0005238009616732597,0.009790316224098206,0.0005238009616732597,0.002968961838632822,0.003144653048366308,0.002968961838632822,0,0,0,1,11,13,13,0,1,1,1,0.0,0.0,0.0,1,0.010831348598003387,0.005936190485954285,0.004895158112049103,0.004895158112049103,inf,inf,0,0
3001,21,1,3,0.014899741858243942,0.012000001966953278,-0.00808043498545885,-0.00808043498545885,-0.0054000008549541165,0.014899741858243942,0.012000001966953278,1,3,0.9076923131942749,0.2094469155167731,13,1.661538461366525,0.0021421417710642985,0.0016764832671577403,0.0028997398912906647,-0.0026804341305047344,0.0028997398912906647,0.0026804341305047344,0.00345038715749979,0.004091709852218628,0.00345038715749979,0,10,11,10,11,1,1,1,1,1,1,0.006000000983476639,0.006000000983476639,0.006000000983476639,0,0.008490100502967834,0.004506083205342293,0.003984017297625542,0.003984017297625542,0.6640027740990542,1.4150165185553576,0,0
3001,21,1,4,0.00938904657959938,0.0,0.0006562306662090123,0.0006562306662090123,6.938893903907228e-18,0.00938904657959938,0.0,0,1,0.9076921939849854,0.20944694064039504,13,1.661538353333106,0.002559831230597822,0.0021169672791774455,0.00938904657959938,0.0006562306662090053,0.00938904657959938,0.0006562306662090053,0.0019230777397751808,0.0035674290265887976,0.0019230777397751808,0,0,0,1,11,13,13,0,1,1,1,0.0,0.0,0.0,1,0.010741990059614182,0.006047466769814491,0.00469452328979969,0.00469452328979969,inf,inf,0,0
3001,21,1,5,0.01793646439909935,0.03599999472498894,-0.004409351851791143,-0.004409351851791143,-0.006230768921283561,0.01793646439909935,0.03599999472498894,1,4,0.9076921939849854,0.20944694064039504,13,1.661538353333106,0.010260845252222083,0.008454762266937796,0.018063530325889587,0.0018214170694924176,0.018063530325889587,0.0018214170694924176,0.003006921848282218,0.006530764512717724,0.003006921848282218,0,1,11,1,11,3,1,0,1,1,1,0.0,0.00599999725818634,0.0,1,0.020264513790607452,-0.005569014698266983,0.01469549909234047,0.01469549909234047,inf,inf,0,0
3001,21,2,0,0.0056594256311655045,0.0,0.0011014653136953712,0.0011014653136953712,0.0,0.0056594256311655045,0.0,0,1,0.9076921939849854,0.20944694064039504,13,1.661538353333106,0.0018533175082680938,0.001456367436069003,0.0056594256311655045,0.0011014653136953712,0.0056594256311655045,0.0011014653136953712,0.001992899691686034,0.003997026942670345,0.001992899691686034,0,0,0,8,11,13,13,0,1,1,1,0.0,0.0,0.0,1,0.008697999641299248,0.0058682868257164955,0.0028297128155827522,0.0028297128155827522,inf,inf,0,0
3001,21,2,1,0.006442274898290634,0.0,0.0007810285314917564,0.0007810285314917564,0.0,0.006442274898290634,0.0,0,1,0.007692307233810425,0.20944694064039504,13,1.661538353333106,0.001835629878467873,0.0015059596467652968,0.006442274898290634,0.0007810285314917564,0.006442274898290634,0.0007810285314917564,0.0015448958147317171,0.005256827920675278,0.0015448958147317171,0,0,0,8,12,13,13,0,1,1,1,0.0,0.0,0.0,1,0.011251077055931091,0.008029939606785774,0.003221137449145317,0.003221137449145317,inf,inf,0,0
3001,21,2,3,0.008501378819346428,0.0,-0.0007107462733983994,-0.0007107462733983994,-3.469446951953614e-18,0.008501378819346428,0.0,0,1,0.9076923131942749,0.2094469155167731,13,1.661538461366525,0.00212557250120656,0.0016360086493590882,0.008501378819346428,-0.0007107462733983959,0.008501378819346428,0.0007107462733983959,0.002190616214647889,0.005332276225090027,0.002190616214647889,0,0,0,8,12,13,13,0,1,1,1,0.0,0.0,0.0,1,0.014675986021757126,0.010425296612083912,0.004250689409673214,0.004250689409673214,inf,inf,0,0
3001,21,2,4,0.014968561008572578,0.044999999925494194,0.0014856249326840043,0.0014856249326840043,0.00207692295226913,0.014968561008572578,0.044999999925494194,1,4,0.9076921939849854,0.20944694064039504,13,1.661538353333106,0.007980415781190645,0.004730250212479624,0.030031438916921616,-0.0005912980195851257,0.030031438916921616,0.0005912980195851257,0.0020043388940393925,0.005475611425936222,0.0020043388940393925,0,10,2,10,11,1,1,1,1,0,0,0.015000000596046448,0.014999999664723873,0.014999999664723873,0,0.034001704305410385,0.016182878986001015,0.01781882531940937,0.01781882531940937,1.187921714512744,2.266780337693848,0,0
3001,21,2,5,0.007237683981657028,0.0,0.00047098658978939056,0.00047098658978939056,0.0,0.007237683981657028,0.0,0,1,0.9076921939849854,0.20944694064039504,13,1.661538353333106,0.0018838464499689024,0.00141488952485062,0.007237683981657028,0.00047098658978939056,0.007237683981657028,0.00047098658978939056,0.0022142936941236258,0.00441912142559886,0.0022142936941236258,0,0,0,8,12,13,13,0,1,1,1,0.0,0.0,0.0,1,0.014268502593040466,0.010649660602211952,0.003618841990828514,0.003618841990828514,inf,inf,0,0
3001,22,0,1,0.014812751673161983,0.023999999277293682,0.0007840343751013279,0.0007840343751013279,-6.44761778689773e-11,0.014812751673161983,0.023999999277293682,1,3,0.9076921939849854,0.20944694064039504,13,1.661538353333106,0.002061218870388128,0.001503683626651764,0.009187247604131699,0.0007840344395775058,0.009187247604131699,0.0007840344395775058,0.001074623316526413,0.007296124007552862,0.001074623316526413,0,10,11,10,11,1,1,1,1,1,1,0.012000000104308128,0.011999999172985554,0.011999999172985554,0,0.005988009041175246,-0.0013943853555247188,0.0045936236856505275,0.0045936236856505275,0.3828020001861093,0.4990007878213422,1,0
3001,22,0,2,0.008277004584670067,0.0,-0.0010813400149345398,-0.0010813400149345398,0.0,0.008277004584670067,0.0,0,1,0.9076921939849854,0.20944694064039504,13,1.6615383533331063,0.0017943645936289545,0.0012793981321376456,0.008277004584670067,-0.0010813400149345398,0.008277004584670067,0.0010813400149345398,0.0017694153357297182,0.005359129048883915,0.0017694153357297182,0,0,0,10,11,13,13,0,1,1,1,0.0,0.0,0.0,1,0.005806384142488241,0.0016678816173225641,0.004138502525165677,0.004138502525165677,inf,inf,0,0
3001,22,0,3,0.015259239822626114,0.012000000104308128,-0.006560271605849266,-0.006560271605849266,-0.005399999839454318,0.015259239822626114,0.012000000104308128,1,3,0.9076923131942749,0.2094469155167731,13,1.661538461366525,0.0009602265005515364,0.0008498283757960735,0.0032592397183179855,-0.0011602717663949484,0.0032592397183179855,0.0011602717663949484,0.004478905815631151,0.009845850057899952,0.004478905815631151,0,10,11,10,11,1,1,1,1,1,1,0.006000000284984708,0.0059999998193234205,0.0059999998193234205,0,0.0023242919705808163,-0.0006946718785911798,0.0016296200919896364,0.0016296200919896364,0.271603356843667,0.38738200676194534,1,0
3001,22,0,4,0.011189460754394531,0.0,-0.0007774585974402726,-0.0007774585974402726,0.0,0.011189460754394531,0.0,0,1,0.9076921939849854,0.20944694064039504,13,1.661538353333106,0.002376747890442247,0.0016041190512257918,0.011189460754394531,-0.0007774585974402726,0.011189460754394531,0.0007774585974402726,0.0018205948872491717,0.005644474644213915,0.0018205948872491717,0,0,0,10,11,13,13,0,1,1,1,0.0,0.0,0.0,1,0.006752818590030074,0.0011580883292481303,0.005594730260781944,0.005594730260781944,inf,inf,0,0
3001,22,0,5,0.012002570554614067,0.011999999871477485,0.0007619825191795826,0.0007619825191795826,1.6119043599882588e-11,0.012002570554614067,0.011999999871477485,1,3,0.9076921939849854,0.20944694064039504,13,1.661538353333106,0.0008270187741240688,0.0007161092792896653,2.5706831365823746e-06,0.000761982503060539,2.5706831365823746e-06,0.000761982503060539,0.0011903787963092327,0.00560902850702405,0.0011903787963092327,0,10,11,10,11,1,1,1,1,1,1,0.0059999998193234205,0.006000000052154064,0.0059999998193234205,0,0.0015196700114756823,0.00014449481386691332,0.001375175197608769,0.001375175197608769,0.2291958731698492,0.25327834287285783,1,0
3001,22,1,0,0.018938235938549042,0.035999998450279236,-0.000573841214645654,-0.000573841214645654,0.0,0.018938235938549042,0.035999998450279236,1,3,0.007692307233810425,0.20944694064039504,13,1.661538353333106,0.004493196843219298,0.0034840556203260932,0.017061762511730194,-0.000573841214645654,0.017061762511730194,0.000573841214645654,0.0016388633521273732,0.0048934645019471645,0.0016388633521273732,0,10,11,10,11,1,1,1,1,1,1,0.017999999225139618,0.017999999225139618,0.017999999225139618,0,0.010804764926433563,-0.002273883670568466,0.008530881255865097,0.008530881255865097,0.473937867950043,0.600264743975274,1,0
3001,22,1,2,0.008095968514680862,0.0,-0.0012958639999851584,-0.0012958639999851584,0.0,0.008095968514680862,0.0,0,1,0.9076921939849854,0.20944694064039504,13,1.6615383533331063,0.0027564815523744295,0.0023326745488234523,0.008095968514680862,-0.0012958639999851584,0.008095968514680862,0.0012958639999851584,0.0017807799158617854,0.0034737614914774895,0.0017807799158617854,0,0,0,3,11,13,13,0,1,1,1,0.0,0.0,0.0,1,0.006414230912923813,0.0023662466555833817,0.004047984257340431,0.004047984257340431,inf,inf,0,0
3001,22,1,3,0.014629777520895004,0.012000001966953278,-0.006771567743271589,-0.006771567743271589,-0.0054000008549541165,0.014629777520895004,0.012000001966953278,1,3,0.9076923131942749,0.2094469155167731,13,1.661538461366525,0.0026105109018919616,0.002119182570446172,0.0026297755539417267,-0.0013715668883174728,0.0026297755539417267,0.0013715668883174728,0.0036334923934191465,0.0034076515585184097,0.0036334923934191465,0,10,11,10,11,1,1,1,1,1,1,0.006000000983476639,0.006000000983476639,0.006000000983476639,0,0.004911927506327629,0.0004106396809220314,0.004501287825405598,0.004501287825405598,0.750214514597858,0.818654450200017,0,0
3001,22,1,4,0.009021181613206863,0.0,-0.00028379695140756667,-0.00028379695140756667,0.0,0.009021181613206863,0.0,0,1,0.9076921939849854,0.20944694064039504,13,1.661538353333106,0.002936979882618929,0.0024607906768307894,0.009021181613206863,-0.00028379695140756667,0.009021181613206863,0.00028379695140756667,0.0014567627804353833,0.003594241803511977,0.0014567627804353833,0,0,0,1,11,13,13,0,1,1,1,0.0,0.0,0.0,1,0.005604680627584457,0.0010940898209810257,0.004510590806603432,0.004510590806603432,inf,inf,0,0
3001,22,1,5,0.017114805057644844,0.036000002175569534,-0.005269945133477449,-0.005269945133477449,-0.006230769437092991,0.017114805057644844,0.036000002175569534,1,4,0.9076921939849854,0.20944694064039504,13,1.661538353333106,0.008782825862280364,0.007254814211080764,0.01888519711792469,0.0009608243036155414,0.01888519711792469,0.0009608243036155414,0.001178669510409236,0.004453010857105255,0.001178669510409236,0,1,11,1,11,3,1,0,1,1,1,0.0,0.006000000983476639,0.0,1,0.0207956712692976,-0.00789214950054884,0.01290352176874876,0.01290352176874876,inf,inf,0,0
3001,22,2,0,0.00660179927945137,0.0,0.0003013424575328827,0.0003013424575328827,0.0,0.00660179927945137,0.0,0,1,0.007692307233810425,0.20944694064039504,13,1.661538353333106,0.0018395754666699212,0.0014320960896607687,0.00660179927945137,0.0003013424575328827,0.00660179927945137,0.0003013424575328827,0.0019171860767528415,0.005742837209254503,0.0019171860767528415,0,0,0,8,2,13,13,0,1,1,1,0.0,0.0,0.0,1,0.008814942091703415,0.00551404245197773,0.003300899639725685,0.003300899639725685,inf,inf,0,0
3001,22,2,1,0.00641978345811367,0.0,0.0007026763632893562,0.0007026763632893562,6.938893903907228e-18,0.00641978345811367,0.0,0,1,0.9076921939849854,0.20944694064039504,13,1.661538353333106,0.0017735401266298764,0.0013398842213774573,0.00641978345811367,0.0007026763632893493,0.00641978345811367,0.0007026763632893493,0.0016984173562377691,0.006253090221434832,0.0016984173562377691,0,0,0,8,2,13,13,0,1,1,1,0.0,0.0,0.0,1,0.011751705780625343,0.008541814051568508,0.003209891729056835,0.003209891729056835,inf,inf,0,0
3001,22,2,3,0.00797288678586483,0.0,-0.00017811574798543006,-0.00017811574798543006,0.0,0.00797288678586483,0.0,0,1,0.9076923131942749,0.2094469155167731,13,1.661538461366525,0.0020767185926679134,0.0016104699327395512,0.00797288678586483,-0.00017811574798543006,0.00797288678586483,0.00017811574798543006,0.0025131679140031338,0.006406567059457302,0.0025131679140031338,0,0,0,8,12,13,13,0,1,1,1,0.0,0.0,0.0,1,0.013593548908829689,0.009607105515897274,0.003986443392932415,0.003986443392932415,inf,inf,0,0
3001,22,2,4,0.013030808418989182,0.044999998062849045,0.0008579855784773827,0.0008579855784773827,0.0020769230812214892,0.013030808418989182,0.044999998062849045,1,4,0.9076921939849854,0.20944694064039504,13,1.661538353333106,0.0078284154449759,0.004701359616316987,0.03196918964385986,-0.0012189375027441066,0.03196918964385986,0.0012189375027441066,0.001846468192525208,0.005483848042786121,0.001846468192525208,0,10,2,10,11,1,1,1,1,0,0,0.014999998733401299,0.014999999664723873,0.014999998733401299,0,0.0325858760625124,0.014627399854362011,0.017958476208150387,0.017958476208150387,1.1972318483041795,2.1723919209374123,0,0
3001,22,2,5,0.0075117070227861404,0.0,0.0002478761598467827,0.0002478761598467827,6.938893903907228e-18,0.0075117070227861404,0.0,0,1,0.9076921939849854,0.20944694064039504,13,1.661538353333106,0.0019931763830420483,0.0015083826505220854,0.0075117070227861404,0.00024787615984677575,0.0075117070227861404,0.00024787615984677575,0.0020615647081285715,0.005328104831278324,0.0020615647081285715,0,0,0,8,2,13,13,0,1,1,1,0.0,0.0,0.0,1,0.014514787122607231,0.010758933611214161,0.0037558535113930702,0.0037558535113930702,inf,inf,0,0
3001,23,0,1,0.01493406668305397,0.023999999277293682,-3.975916843046434e-05,-3.975916843046434e-05,-6.44761778689773e-11,0.01493406668305397,0.023999999277293682,1,3,0.9076921939849854,0.20944694064039504,13,1.661538353333106,0.0019715940999141196,0.0012882384685138186,0.009065932594239712,-3.975910395428647e-05,0.009065932594239712,3.975910395428647e-05,0.0021706088446080685,0.007354225497692823,0.0021706088446080685,0,10,11,10,11,1,1,1,1,1,1,0.012000000104308128,0.011999999172985554,0.011999999172985554,0,0.008806415542494506,-0.004273449390893802,0.004532966151600704,0.004532966151600704,0.37774720533359163,0.7338680124511628,1,0
3001,23,0,2,0.008244414813816547,0.0,-0.0011663689510896802,-0.0011663689510896802,0.0,0.008244414813816547,0.0,0,1,0.9076921939849854,0.20944694064039504,13,1.6615383533331063,0.0017803902758820535,0.0012041782028973103,0.008244414813816547,-0.0011663689510896802,0.008244414813816547,0.0011663689510896802,0.0012266694102436304,0.006268272642046213,0.0012266694102436304,0,0,0,10,11,13,13,0,1,1,1,0.0,0.0,0.0,1,0.006878216750919819,-0.002756009460426867,0.004122207290492952,0.004122207290492952,inf,inf,0,0
3001,23,0,3,0.016280988231301308,0.012000000104308128,-0.007117290515452623,-0.007117290515452623,-0.005399999839454318,0.016280988231301308,0.012000000104308128,1,3,0.9076923131942749,0.2094469155167731,13,1.661538461366525,0.001093642058509932,0.0008346606845025128,0.004280988126993179,-0.0017172906759983057,0.004280988126993179,0.0017172906759983057,0.0039100563153624535,0.008278241381049156,0.0039100563153624535,0,10,11,10,11,1,1,1,1,1,1,0.006000000284984708,0.0059999998193234205,0.0059999998193234205,0,0.009519495069980621,-0.007379000657238066,0.002140494412742555,0.002140494412742555,0.3567490795331264,1.586582559439822,1,0
3001,23,0,4,0.009811694733798504,0.0,0.0002992787922266871,0.0002992787922266871,0.0,0.009811694733798504,0.0,0,1,0.9076921939849854,0.20944694064039504,13,1.661538353333106,0.0020997130907481044,0.0014094375845419584,0.009811694733798504,0.0002992787922266871,0.009811694733798504,0.0002992787922266871,0.002041369676589966,0.006758526898920536,0.002041369676589966,0,0,0,10,11,13,13,0,1,1,1,0.0,0.0,0.0,1,0.009159059263765812,-0.00425321189686656,0.004905847366899252,0.004905847366899252,inf,inf,0,0
3001,23,0,5,0.012611573562026024,0.011999999871477485,0.0006885416223667562,0.0006885416223667562,1.6119043599882588e-11,0.012611573562026024,0.011999999871477485,1,3,0.9076921939849854,0.20944694064039504,13,1.661538353333106,0.0008230472099443758,0.0007009113361761415,0.0006115736905485392,0.0006885416062477126,0.0006115736905485392,0.0006885416062477126,0.001129340729676187,0.0063078757375478745,0.001129340729676187,0,10,11,10,11,1,1,1,1,1,1,0.0059999998193234205,0.006000000052154064,0.0059999998193234205,0,0.004871254786849022,-0.0036086204927414656,0.0012626342941075563,0.0012626342941075563,0.21043905535482751,0.8118758222559948,1,0
3001,23,1,0,0.02127334661781788,0.036000002175569534,0.0004761576128657907,0.0004761576128657907,2.579047114759092e-10,0.02127334661781788,0.036000002175569534,1,3,0.9076921939849854,0.20944694064039504,13,1.661538353333106,0.004166906273889942,0.003393618775719017,0.014726655557751656,0.00047615735496107925,0.014726655557751656,0.00047615735496107925,0.0031537474133074284,0.007340965326875448,0.0031537474133074284,0,10,11,10,11,1,1,1,1,1,1,0.017999999225139618,0.018000002950429916,0.017999999225139618,0,0.008706793189048767,0.0013434654101729393,0.007363327778875828,0.007363327778875828,0.40907378310282755,0.4837107535476148,1,0
3001,23,1,2,0.010434785857796669,0.0,-0.0018405256560072303,-0.0018405256560072303,6.938893903907228e-18,0.010434785857796669,0.0,0,1,0.9076921939849854,0.20944694064039504,13,1.6615383533331063,0.0031095600180471978,0.0024484871671749996,0.010434785857796669,-0.0018405256560072372,0.010434785857796669,0.0018405256560072372,0.001988291973248124,0.004716972820460796,0.001988291973248124,0,0,0,10,11,13,13,0,1,1,1,0.0,0.0,0.0,1,0.00865471176803112,0.003437318839132786,0.0052173929288983345,0.0052173929288983345,inf,inf,0,0
3001,23,1,3,0.01673055812716484,0.011999998241662979,-0.007871309295296669,-0.007871309295296669,-0.005399999178573492,0.01673055812716484,0.011999998241662979,1,3,0.9076923131942749,0.2094469155167731,13,1.661538461366525,0.0025595837974539152,0.0020370186256939136,0.004730559885501862,-0.002471310116723177,0.004730559885501862,0.002471310116723177,0.004370782058686018,0.005532449577003717,0.004370782058686018,0,10,11,10,11,1,1,1,1,1,1,0.0059999991208314896,0.0059999991208314896,0.0059999991208314896,0,0.006328940391540527,0.0018978463485836983,0.004431094042956829,0.004431094042956829,0.7385157820394416,1.0548235531513632,0,0
3001,23,1,4,0.012034712359309196,0.0,0.00015087115752976388,0.00015087115752976388,6.938893903907228e-18,0.012034712359309196,0.0,0,1,0.9076921939849854,0.20944694064039504,13,1.661538353333106,0.003295995768063748,0.0025714767446532055,0.012034712359309196,0.00015087115752975694,0.012034712359309196,0.00015087115752975694,0.001565842772834003,0.005496068391948938,0.001565842772834003,0,0,0,10,11,13,13,0,1,1,1,0.0,0.0,0.0,1,0.010500555858016014,0.004483199678361416,0.006017356179654598,0.006017356179654598,inf,inf,0,0
3001,23,1,5,0.01915372535586357,0.03599999938160181,-0.005235031712800264,-0.005235031712800264,-0.006230768727855041,0.01915372535586357,0.03599999938160181,1,4,0.9076921939849854,0.20944694064039504,13,1.661538353333106,0.009660704206489498,0.007915970621377052,0.01684627402573824,0.0009957370150547769,0.01684627402573824,0.0009957370150547769,0.0009632216533645988,0.004981698468327522,0.0009632216533645988,0,1,11,10,11,3,1,0,0,1,0,0.0,0.006000000983476639,0.0,1,0.01937014702707529,-0.005682225804775953,0.013687921222299337,0.013687921222299337,inf,inf,0,0
3001,23,2,0,0.0067640431225299835,0.0,-0.00315654999576509,-0.00315654999576509,3.469446951953614e-18,0.0067640431225299835,0.0,0,1,0.9076921939849854,0.20944694064039504,13,1.661538353333106,0.001903556115131036,0.001496902385935981,0.0067640431225299835,-0.0031565499957650935,0.0067640431225299835,0.0031565499957650935,0.0031429275404661894,0.0054308390244841576,0.0031429275404661894,0,0,0,8,2,13,13,0,1,1,1,0.0,0.0,0.0,1,0.009665295481681824,0.006283273920416832,0.0033820215612649918,0.0033820215612649918,inf,inf,0,0
3001,23,2,1,0.006007440388202667,0.0,-0.002794218249619007,-0.002794218249619007,3.469446951953614e-18,0.006007440388202667,0.0,0,1,0.9076921939849854,0.20944694064039504,13,1.661538353333106,0.0016814071523185835,0.0012570999386395222,0.006007440388202667,-0.0027942182496190106,0.006007440388202667,0.0027942182496190106,0.003239118028432131,0.006058950908482075,0.003239118028432131,0,0,0,8,2,13,13,0,1,1,1,0.0,0.0,0.0,1,0.010169144719839096,0.0071654245257377625,0.0030037201941013336,0.0030037201941013336,inf,inf,0,0
3001,23,2,3,0.007397236302495003,0.0,-0.00025050961994566023,-0.00025050961994566023,0.0,0.007397236302495003,0.0,0,1,0.9076923131942749,0.2094469155167731,13,1.661538461366525,0.0019454241716673002,0.0015098930022420262,0.007397236302495003,-0.00025050961994566023,0.007397236302495003,0.00025050961994566023,0.0029872802551835775,0.005642179865390062,0.0029872802551835775,0,0,0,8,12,13,13,0,1,1,1,0.0,0.0,0.0,1,0.012906866148114204,0.009208247996866703,0.0036986181512475014,0.0036986181512475014,inf,inf,0,0
3001,23,2,4,0.01358654536306858,0.044999998062849045,0.0009240980143658817,0.0009240980143658817,0.0020769230812214892,0.01358654536306858,0.044999998062849045,1,4,0.9076921939849854,0.20944694064039504,13,1.661538353333106,0.007837766927455619,0.004668648613716017,0.031413452699780464,-0.0011528250668556075,0.031413452699780464,0.0011528250668556075,0.0017036854987964034,0.004648455418646336,0.0017036854987964034,0,10,2,10,11,1,1,1,1,0,0,0.014999998733401299,0.014999999664723873,0.014999998733401299,0,0.032059233635663986,0.01410721242427826,0.017952021211385727,0.017952021211385727,1.196801515150198,2.137282422849542,0,0
3001,23,2,5,0.00683743879199028,0.0,0.00038483706885017455,0.00038483706885017455,6.938893903907228e-18,0.00683743879199028,0.0,0,1,0.9076921939849854,0.20944694064039504,13,1.661538353333106,0.0018652426726517859,0.0014356470848681658,0.00683743879199028,0.0003848370688501676,0.00683743879199028,0.0003848370688501676,0.0021351859904825687,0.004798311740159988,0.0021351859904825687,0,0,0,8,2,13,13,0,1,1,1,0.0,0.0,0.0,1,0.01340450532734394,0.0099857859313488,0.00341871939599514,0.00341871939599514,inf,inf,0,0
