seed,state_idx,ego_id,neighbor_id,fixed_panel_step_index,fixed_panel_step_hash,fixed_panel_fingerprint,learned_score,oracle_score,learned_signed,learned_direction_row_aipw,oracle_signed,learned_range,oracle_range,oracle_q_nonconstant,oracle_q_distinct_levels,observed_action_probability,policy_support_entropy,valid_action_count,target_policy_l1_to_uniform,q_centered_rmse,q_centered_mae,abs_error,signed_error,capacity_abs_error,direction_abs_error,proxy_sigma,capacity_sigma,direction_sigma,dr_applied,learned_q_range,oracle_q_range_from_surface,capacity_head_q_range_consistency_abs,capacity_q_error_bound,capacity_q_error_bound_violation,direction_head_q_consistency_abs,oracle_direction_q_consistency_abs,oracle_argmax_action,oracle_argmin_action,learned_argmax_action,learned_argmin_action,oracle_argmax_count,oracle_argmin_count,oracle_extrema_unique,argmax_match,argmin_match,both_extrema_match,oracle_g_plus,oracle_g_minus,oracle_extrema_gap,extrema_gap_zero,q_raw_sup_error,q_gauge_shift_opt,q_gauge_sup_error,q_gauge_sup_error_check,lambda_C,lambda_C_raw,extrema_stability_certified,extrema_stability_violation,learned_direction_from_q,oracle_direction_from_q,direction_weight_l1,direction_q_error_bound,direction_sign_margin,lambda_D,direction_sign_match_from_q,direction_sign_certified,direction_sign_violation,oracle_capacity_rank,learned_capacity_rank,oracle_capacity_topk_member,learned_capacity_topk_member,oracle_capacity_margin_to_topk_boundary
5010,0,0,1,0,4db5ed84e50851115e92f0f686ac3d9033f345afd858f1fe94986d4964b1688e,6422b3ba4af70009e3bdb634f81efb12dc4f4c47a37225332594babd0b417e68,0.011169680394232273,0.017999999225139618,0.004440945107489824,0.004440945107489824,0.0,0.011169680394232273,0.017999999225139618,1,3,0.9076921939849854,0.20944694064039504,13,1.661538353333106,0.0024402418954387888,0.0019750252974663238,0.006830318830907345,0.004440945107489824,0.006830318830907345,0.004440945107489824,0.0028344441670924425,0.008427879773080349,0.0028344441670924425,0,0.011169680001330562,0.017999999225139618,3.92901711165905e-10,0.00971658890193794,0,7.98400807272559e-11,0.0,10,11,2,11,1,1,1,0,1,0,0.008999999612569809,0.008999999612569809,0.008999999612569809,0,0.009937114373315126,-0.005078819922346156,0.00485829445096897,0.00485829445096897,0.5398105177897624,1.1041238667873385,0,0,0.004440945187329905,0.0,1.6615384505345263,0.00807224303430347,0.0,inf,0,0,0,2,2,0,0,0.006000000983476639
5010,0,0,2,0,4db5ed84e50851115e92f0f686ac3d9033f345afd858f1fe94986d4964b1688e,6422b3ba4af70009e3bdb634f81efb12dc4f4c47a37225332594babd0b417e68,0.011786321178078651,0.024000000208616257,0.0014115317026153207,0.0014115317026153207,0.0,0.011786321178078651,0.024000000208616257,1,3,0.9076921939849854,0.20944694064039504,13,1.661538353333106,0.002863519622135747,0.00203330077495448,0.012213679030537605,0.0014115317026153207,0.012213679030537605,0.0014115317026153207,0.003348030848428607,0.005449079908430576,0.003348030848428607,0,0.011786320887040347,0.024000000208616257,2.9103830456733704e-10,0.01221367932157591,0,3.6273306992622156e-10,0.0,10,11,10,11,1,1,1,1,1,1,0.012000000104308128,0.012000000104308128,0.012000000104308128,0,0.011452176899183542,-0.005345337238395587,0.006106839660787955,0.006106839660787955,0.5089033006421003,0.9543480666364401,0,0,0.0014115320653483906,0.0,1.6615384505345263,0.01014674890764841,0.0,inf,0,0,0,1,1,1,1,0.006000000983476639
5010,0,0,3,0,4db5ed84e50851115e92f0f686ac3d9033f345afd858f1fe94986d4964b1688e,6422b3ba4af70009e3bdb634f81efb12dc4f4c47a37225332594babd0b417e68,0.009191963821649551,0.0,0.0013190297177061439,0.0013190297177061439,0.0,0.009191963821649551,0.0,0,1,0.9076921939849854,0.20944694064039504,13,1.661538353333106,0.0021750712229060784,0.0017296737528367508,0.009191963821649551,0.0013190297177061439,0.009191963821649551,0.0013190297177061439,0.0032471679151058197,0.006820708978921175,0.0032471679151058197,0,0.009191964170895517,0.0,3.4924596548080444e-10,0.009191964170895517,0,2.4246173406690386e-10,0.0,0,0,2,5,13,13,0,1,1,1,0.0,0.0,0.0,1,0.007587835192680359,-0.0029918531072326005,0.0045959820854477584,0.0045959820854477584,inf,inf,0,0,0.0013190294752444098,0.0,1.6615384505345263,0.00763640095293931,0.0,inf,0,0,0,3,3,0,0,0.024000000208616257
5010,0,0,4,0,4db5ed84e50851115e92f0f686ac3d9033f345afd858f1fe94986d4964b1688e,6422b3ba4af70009e3bdb634f81efb12dc4f4c47a37225332594babd0b417e68,0.008221032097935677,0.0,0.002582235261797905,0.002582235261797905,0.0,0.008221032097935677,0.0,0,1,0.007692307233810425,0.20944694064039504,13,1.661538353333106,0.0024631368366247602,0.0021416444387204244,0.008221032097935677,0.002582235261797905,0.008221032097935677,0.002582235261797905,0.0034184474498033524,0.007147247437387705,0.0034184474498033524,0,0.008221032214350998,0.0,1.1641532182693481e-10,0.008221032214350998,0,2.708924668783086e-10,0.0,0,0,2,5,13,13,0,1,1,1,0.0,0.0,0.0,1,0.006380347069352865,-0.002269830962177366,0.004110516107175499,0.004110516107175499,inf,inf,0,0,0.002582234990905438,0.0,1.6615384505345263,0.006829780563613592,0.0,inf,0,0,0,4,4,0,0,0.024000000208616257
5010,0,0,5,0,4db5ed84e50851115e92f0f686ac3d9033f345afd858f1fe94986d4964b1688e,6422b3ba4af70009e3bdb634f81efb12dc4f4c47a37225332594babd0b417e68,0.008162821643054485,0.0,0.003212164156138897,0.003212164156138897,0.0,0.008162821643054485,0.0,0,1,0.007692307233810425,0.20944694064039504,13,1.661538353333106,0.002346905616990202,0.0020068353593084938,0.008162821643054485,0.003212164156138897,0.008162821643054485,0.003212164156138897,0.003246466862037778,0.007303427904844284,0.003246466862037778,0,0.008162821410223842,0.0,2.3283064365386963e-10,0.008162821410223842,0,5.496197824118865e-10,0.0,0,0,2,5,13,13,0,1,1,1,0.0,0.0,0.0,1,0.008432765491306782,-0.004351354786194861,0.004081410705111921,0.004081410705111921,inf,inf,0,0,0.0032121636065191145,0.0,1.6615384505345263,0.006781420818966689,0.0,inf,0,0,0,5,5,0,0,0.024000000208616257
5010,0,1,0,0,4db5ed84e50851115e92f0f686ac3d9033f345afd858f1fe94986d4964b1688e,6422b3ba4af70009e3bdb634f81efb12dc4f4c47a37225332594babd0b417e68,0.01380008552223444,0.012000000104308128,0.0012145891087129712,0.0012145891087129712,0.0,0.01380008552223444,0.012000000104308128,1,3,0.007692307233810425,0.20944694064039504,13,1.661538353333106,0.0027415507220699647,0.0023169462216367735,0.0018000854179263115,0.0012145891087129712,0.0018000854179263115,0.0012145891087129712,0.0027264209929853678,0.004087241366505623,0.0027264209929853678,0,0.013800085347611457,0.012000000104308128,1.7462298274040222e-10,0.01042480074102059,0,2.8609742396337734e-10,0.0,10,11,2,11,1,1,1,0,1,0,0.006000000052154064,0.006000000052154064,0.006000000052154064,0,0.009564249543473125,-0.0043518491729628295,0.005212400370510295,0.005212400370510295,0.8687333875337196,1.5940415767228964,0,0,0.0012145888226155472,0.0,1.6615384505345263,0.008660603635183266,0.0,inf,0,0,0,2,2,0,0,0.012000000104308128
5010,0,1,2,0,4db5ed84e50851115e92f0f686ac3d9033f345afd858f1fe94986d4964b1688e,6422b3ba4af70009e3bdb634f81efb12dc4f4c47a37225332594babd0b417e68,0.014813736081123352,0.024000000208616257,0.0012661151122301817,0.0012661151122301817,0.0,0.014813736081123352,0.024000000208616257,1,3,0.9076921939849854,0.20944694064039504,13,1.661538353333106,0.002372779700797689,0.0019256155882802237,0.009186264127492905,0.0012661151122301817,0.009186264127492905,0.0012661151122301817,0.00416673393920064,0.008189287967979908,0.00416673393920064,0,0.014813736081123352,0.024000000208616257,0.0,0.009186264127492905,0,3.012135029248353e-12,0.0,10,11,10,11,1,1,1,1,1,1,0.012000000104308128,0.012000000104308128,0.012000000104308128,0,0.011290696449577808,-0.006697564385831356,0.004593132063746452,0.004593132063746452,0.38276100198511404,0.9408913626195993,1,0,0.0012661151092180467,0.0,1.6615384505345263,0.007631665532297731,0.0,inf,0,0,0,1,1,1,1,0.012000000104308128
5010,0,1,3,0,4db5ed84e50851115e92f0f686ac3d9033f345afd858f1fe94986d4964b1688e,6422b3ba4af70009e3bdb634f81efb12dc4f4c47a37225332594babd0b417e68,0.006286971736699343,0.0,0.0004885658272542059,0.0004885658272542059,0.0,0.006286971736699343,0.0,0,1,0.9076921939849854,0.20944694064039504,13,1.661538353333106,0.001961112508173406,0.0016842532907089098,0.006286971736699343,0.0004885658272542059,0.006286971736699343,0.0004885658272542059,0.0027108360081911087,0.004354627802968025,0.0027108360081911087,0,0.00628697156207636,0.0,1.7462298274040222e-10,0.00628697156207636,0,2.3740954016061855e-10,0.0,0,0,8,0,13,13,0,1,1,1,0.0,0.0,0.0,1,0.007204217836260796,-0.004060732055222616,0.00314348578103818,0.00314348578103818,inf,inf,0,0,0.0004885655898446658,0.0,1.6615384505345263,0.005223022493903493,0.0,inf,0,0,0,3,5,0,0,0.024000000208616257
5010,0,1,4,0,4db5ed84e50851115e92f0f686ac3d9033f345afd858f1fe94986d4964b1688e,6422b3ba4af70009e3bdb634f81efb12dc4f4c47a37225332594babd0b417e68,0.008149035274982452,0.0,0.0009221570217050612,0.0009221570217050612,0.0,0.008149035274982452,0.0,0,1,0.007692307233810425,0.20944694064039504,13,1.661538353333106,0.002347942323830979,0.0017783197866389029,0.008149035274982452,0.0009221570217050612,0.008149035274982452,0.0009221570217050612,0.0030527038034051657,0.002240977482870221,0.0030527038034051657,0,0.008149034983944148,0.0,2.9103830456733704e-10,0.008149034983944148,0,6.87923779356045e-11,0.0,0,0,8,11,13,13,0,1,1,1,0.0,0.0,0.0,1,0.007458179723471403,-0.003383662231499329,0.004074517491972074,0.004074517491972074,inf,inf,0,0,0.0009221569529126833,0.0,1.6615384505345263,0.006769967480287104,0.0,inf,0,0,0,4,3,0,0,0.024000000208616257
5010,0,1,5,0,4db5ed84e50851115e92f0f686ac3d9033f345afd858f1fe94986d4964b1688e,6422b3ba4af70009e3bdb634f81efb12dc4f4c47a37225332594babd0b417e68,0.0068433573469519615,0.0,0.0013458449393510818,0.0013458449393510818,0.0,0.0068433573469519615,0.0,0,1,0.007692307233810425,0.20944694064039504,13,1.661538353333106,0.0021229012426365245,0.001692085429067178,0.0068433573469519615,0.0013458449393510818,0.0068433573469519615,0.0013458449393510818,0.0025167756248265505,0.003430776298046112,0.0025167756248265505,0,0.006843357172328979,0.0,1.7462298274040222e-10,0.006843357172328979,0,4.0203876382552406e-10,0.0,0,0,8,5,13,13,0,1,1,1,0.0,0.0,0.0,1,0.0076857744716107845,-0.004264095885446295,0.0034216785861644894,0.0034216785861644894,inf,inf,0,0,0.001345844537312318,0.0,1.6615384505345263,0.005685250536282914,0.0,inf,0,0,0,5,4,0,0,0.024000000208616257
5010,0,2,0,0,4db5ed84e50851115e92f0f686ac3d9033f345afd858f1fe94986d4964b1688e,6422b3ba4af70009e3bdb634f81efb12dc4f4c47a37225332594babd0b417e68,0.012916607782244682,0.012000000104308128,0.0003358202229719609,0.0003358202229719609,0.0,0.012916607782244682,0.012000000104308128,1,3,0.007692307233810425,0.20944694064039504,13,1.661538353333106,0.0023134271341016884,0.001779286891425899,0.000916607677936554,0.0003358202229719609,0.000916607677936554,0.0003358202229719609,0.0025142610538750887,0.0033470001071691513,0.0025142610538750887,0,0.01291660824790597,0.012000000104308128,4.656612873077393e-10,0.008927470189519227,0,2.1557751308902418e-10,0.0,10,11,7,11,1,1,1,0,1,0,0.006000000052154064,0.006000000052154064,0.006000000052154064,0,0.007126616779714823,0.0026628816849552095,0.004463735094759613,0.004463735094759613,0.7439558426598821,1.187769452961303,0,0,0.0003358200073944478,0.0,1.6615384505345263,0.007416667492943475,0.0,inf,0,0,0,2,2,0,0,0.0059999991208314896
5010,0,2,1,0,4db5ed84e50851115e92f0f686ac3d9033f345afd858f1fe94986d4964b1688e,6422b3ba4af70009e3bdb634f81efb12dc4f4c47a37225332594babd0b417e68,0.013538133352994919,0.017999999225139618,-0.0009917764691635966,-0.0009917764691635966,0.0,0.013538133352994919,0.017999999225139618,1,3,0.9076921939849854,0.20944694064039504,13,1.661538353333106,0.002481103410641347,0.0019293953574189544,0.004461865872144699,-0.0009917764691635966,0.004461865872144699,0.0009917764691635966,0.0039665428921580315,0.005304490216076374,0.0039665428921580315,0,0.013538133352994919,0.017999999225139618,0.0,0.009581095539033413,0,7.743623884476358e-12,0.0,10,11,7,11,1,1,1,0,1,0,0.008999999612569809,0.008999999612569809,0.008999999612569809,0,0.006540780421346426,0.0017502326518297195,0.0047905477695167065,0.0047905477695167065,0.5322831084154726,0.7267534114347377,0,0,-0.0009917764614199727,0.0,1.6615384505345263,0.00795967931817442,0.0,inf,0,0,0,1,1,1,1,0.0059999991208314896
5010,0,2,3,0,4db5ed84e50851115e92f0f686ac3d9033f345afd858f1fe94986d4964b1688e,6422b3ba4af70009e3bdb634f81efb12dc4f4c47a37225332594babd0b417e68,0.00790475681424141,0.0,-0.0005871157627552748,-0.0005871157627552748,0.0,0.00790475681424141,0.0,0,1,0.9076921939849854,0.20944694064039504,13,1.661538353333106,0.0020545010293875786,0.001640249895808127,0.00790475681424141,-0.0005871157627552748,0.00790475681424141,0.0005871157627552748,0.0031663705594837666,0.0032294781412929296,0.0031663705594837666,0,0.007904756930656731,0.0,1.1641532182693481e-10,0.007904756930656731,0,2.363302230778616e-10,0.0,0,0,7,12,13,13,0,1,1,1,0.0,0.0,0.0,1,0.006846379954367876,0.0028940014890395105,0.0039523784653283656,0.0039523784653283656,inf,inf,0,0,-0.0005871159990854979,0.0,1.6615384505345263,0.006567028791207722,0.0,inf,0,0,0,3,5,0,0,0.017999999225139618
5010,0,2,4,0,4db5ed84e50851115e92f0f686ac3d9033f345afd858f1fe94986d4964b1688e,6422b3ba4af70009e3bdb634f81efb12dc4f4c47a37225332594babd0b417e68,0.011804526671767235,0.0,-0.0003643925301730633,-0.0003643925301730633,0.0,0.011804526671767235,0.0,0,1,0.007692307233810425,0.20944694064039504,13,1.661538353333106,0.002829870425009855,0.0018886407388142756,0.011804526671767235,-0.0003643925301730633,0.011804526671767235,0.0003643925301730633,0.0037486141081899405,0.0035603491123765707,0.0037486141081899405,0,0.0118045270210132,0.0,3.4924596548080444e-10,0.0118045270210132,0,3.5546868074921856e-11,0.0,0,0,7,5,13,13,0,1,1,1,0.0,0.0,0.0,1,0.01029017474502325,0.0043879112345166504,0.0059022635105066,0.0059022635105066,inf,inf,0,0,-0.0003643924946261952,0.0,1.6615384505345263,0.00980683776789361,0.0,inf,0,0,0,4,3,0,0,0.017999999225139618
5010,0,2,5,0,4db5ed84e50851115e92f0f686ac3d9033f345afd858f1fe94986d4964b1688e,6422b3ba4af70009e3bdb634f81efb12dc4f4c47a37225332594babd0b417e68,0.011063630692660809,0.0,-9.419590787729248e-05,-9.419590787729248e-05,0.0,0.011063630692660809,0.0,0,1,0.007692307233810425,0.20944694064039504,13,1.661538353333106,0.002650969006887368,0.0018590325875395147,0.011063630692660809,-9.419590787729248e-05,0.011063630692660809,9.419590787729248e-05,0.00314674386754632,0.0039689987897872925,0.00314674386754632,0,0.011063630459830165,0.0,2.3283064365386963e-10,0.011063630459830165,0,8.123667970955095e-12,0.0,0,0,7,5,13,13,0,1,1,1,0.0,0.0,0.0,1,0.008387121371924877,0.0028553061420097947,0.0055318152299150825,0.0055318152299150825,inf,inf,0,0,-9.419589975362451e-05,0.0,1.6615384505345263,0.0091913237057564,0.0,inf,0,0,0,5,4,0,0,0.017999999225139618
5010,1,0,1,1,1c24e070838ceffd97d48aca8a00943062fdde56e7971e3abca326170ae2b8cc,6422b3ba4af70009e3bdb634f81efb12dc4f4c47a37225332594babd0b417e68,0.008564995601773262,0.017999999225139618,0.0019392226822674274,0.0019392226822674274,0.0,0.008564995601773262,0.017999999225139618,1,3,0.9076921939849854,0.20944694064039504,13,1.661538353333106,0.002555415439440125,0.002020701087154338,0.009435003623366356,0.0019392226822674274,0.009435003623366356,0.0019392226822674274,0.0034002866595983505,0.005024404264986515,0.0034002866595983505,0,0.008564995281631127,0.017999999225139618,3.2014213502407074e-10,0.009435003943508491,0,1.0614312922520297e-10,0.0,10,11,10,11,1,1,1,1,1,1,0.008999999612569809,0.008999999612569809,0.008999999612569809,0,0.008728885411983356,-0.00401138344022911,0.0047175019717542455,0.0047175019717542455,0.5241669083147035,0.9698761986380752,0,0,0.0019392225761242982,0.0,1.6615384505345263,0.007838310916542121,0.0,inf,0,0,0,2,2,0,0,0.006000000983476639
5010,1,0,2,1,1c24e070838ceffd97d48aca8a00943062fdde56e7971e3abca326170ae2b8cc,6422b3ba4af70009e3bdb634f81efb12dc4f4c47a37225332594babd0b417e68,0.009081542491912842,0.024000000208616257,0.0022337103728204966,0.0022337103728204966,0.0,0.009081542491912842,0.024000000208616257,1,3,0.9076921939849854,0.20944694064039504,13,1.661538353333106,0.0035985510349592137,0.0026929235022470975,0.014918457716703415,0.0022337103728204966,0.014918457716703415,0.0022337103728204966,0.0048604849725961685,0.0031802409794181585,0.0048604849725961685,0,0.00908154237549752,0.024000000208616257,1.1641532182693481e-10,0.014918457833118737,0,1.1867156736455886e-10,0.0,10,11,10,11,1,1,1,1,1,1,0.012000000104308128,0.012000000104308128,0.012000000104308128,0,0.010150932357646525,-0.0026917034410871565,0.007459228916559368,0.007459228916559368,0.6216024043100987,0.8459110224509274,0,0,0.002233710254148929,0.0,1.6615384505345263,0.012393795656202387,0.0,inf,0,0,0,1,1,1,1,0.006000000983476639
5010,1,0,3,1,1c24e070838ceffd97d48aca8a00943062fdde56e7971e3abca326170ae2b8cc,6422b3ba4af70009e3bdb634f81efb12dc4f4c47a37225332594babd0b417e68,0.005831072106957436,0.0,0.0012234883615747094,0.0012234883615747094,0.0,0.005831072106957436,0.0,0,1,0.9076921939849854,0.20944694064039504,13,1.661538353333106,0.001694082795331619,0.0013711872256082652,0.005831072106957436,0.0012234883615747094,0.005831072106957436,0.0012234883615747094,0.0053320773877203465,0.004542890004813671,0.0053320773877203465,0,0.005831071946886368,0.0,1.6007106751203537e-10,0.005831071946886368,0,1.2686885895139832e-10,0.0,0,0,4,8,13,13,0,1,1,1,0.0,0.0,0.0,1,0.005655242595821619,-0.002739706622378435,0.002915535973443184,0.002915535973443184,inf,inf,0,0,0.0012234882347058505,0.0,1.6615384505345263,0.00484427512379246,0.0,inf,0,0,0,3,5,0,0,0.024000000208616257
5010,1,0,4,1,1c24e070838ceffd97d48aca8a00943062fdde56e7971e3abca326170ae2b8cc,6422b3ba4af70009e3bdb634f81efb12dc4f4c47a37225332594babd0b417e68,0.007163656409829855,0.0,0.0019196891225874424,0.0019196891225874424,0.0,0.007163656409829855,0.0,0,1,0.007692307233810425,0.20944694064039504,13,1.661538353333106,0.0020775680057669088,0.0017292040314789885,0.007163656409829855,0.0019196891225874424,0.007163656409829855,0.0019196891225874424,0.0061102272011339664,0.006938929203897715,0.0061102272011339664,0,0.007163656526245177,0.0,1.1641532182693481e-10,0.007163656526245177,0,3.8330040747283634e-11,0.0,0,0,4,8,13,13,0,1,1,1,0.0,0.0,0.0,1,0.005693353712558746,-0.002111525449436158,0.0035818282631225884,0.0035818282631225884,inf,inf,0,0,0.0019196891609174831,0.0,1.6615384505345263,0.005951345382389479,0.0,inf,0,0,0,4,4,0,0,0.024000000208616257
5010,1,0,5,1,1c24e070838ceffd97d48aca8a00943062fdde56e7971e3abca326170ae2b8cc,6422b3ba4af70009e3bdb634f81efb12dc4f4c47a37225332594babd0b417e68,0.007598288357257843,0.0,0.0008539347909390926,0.0008539347909390926,0.0,0.007598288357257843,0.0,0,1,0.9076921939849854,0.20944694064039504,13,1.661538353333106,0.0018458545580920097,0.0014354550285187698,0.007598288357257843,0.0008539347909390926,0.007598288357257843,0.0008539347909390926,0.003596886759623885,0.005554431118071079,0.003596886759623885,0,0.007598288473673165,0.0,1.1641532182693481e-10,0.007598288473673165,0,1.358340031166333e-10,0.0,0,0,4,8,13,13,0,1,1,1,0.0,0.0,0.0,1,0.005844736937433481,-0.002045592700596899,0.0037991442368365824,0.0037991442368365824,inf,inf,0,0,0.0008539349267730958,0.0,1.6615384505345263,0.0063124242286306306,0.0,inf,0,0,0,5,3,0,0,0.024000000208616257
5010,1,1,0,1,1c24e070838ceffd97d48aca8a00943062fdde56e7971e3abca326170ae2b8cc,6422b3ba4af70009e3bdb634f81efb12dc4f4c47a37225332594babd0b417e68,0.011815031059086323,0.012000000104308128,-0.002034349599853158,-0.002034349599853158,0.0,0.011815031059086323,0.012000000104308128,1,3,0.9076921939849854,0.20944694064039504,13,1.661538353333106,0.002404120519563276,0.002171997789742312,0.00018496904522180557,-0.002034349599853158,0.00018496904522180557,0.002034349599853158,0.0019839503802359104,0.006977605167776346,0.0019839503802359104,0,0.011815030709840357,0.012000000104308128,3.4924596548080444e-10,0.007579523255117238,0,5.918027500342871e-10,0.0,10,11,7,11,1,1,1,0,1,0,0.006000000052154064,0.006000000052154064,0.006000000052154064,0,0.0065547707490623,-0.002765009121503681,0.003789761627558619,0.003789761627558619,0.6316269324361179,1.0924617820143296,0,0,-0.002034350191655908,0.0,1.6615384505345263,0.006296834662548952,0.0,inf,0,0,0,2,2,0,0,0.029999999329447746
5010,1,1,2,1,1c24e070838ceffd97d48aca8a00943062fdde56e7971e3abca326170ae2b8cc,6422b3ba4af70009e3bdb634f81efb12dc4f4c47a37225332594babd0b417e68,0.015612706542015076,0.041999999433755875,0.001181605621241033,0.001181605621241033,0.0020769230167453096,0.015612706542015076,0.041999999433755875,1,4,0.9076921939849854,0.20944694064039504,13,1.661538353333106,0.007843477619676882,0.004668373125467516,0.0263872928917408,-0.0008953173955042765,0.0263872928917408,0.0008953173955042765,0.0029995760414749384,0.008359858766198158,0.0029995760414749384,0,0.015612707007676363,0.041999999433755875,4.656612873077393e-10,0.031854827888309956,0,9.916671780615949e-11,8.673617379884035e-19,10,1,10,11,1,1,1,1,0,0,0.012000000104308128,0.017999999225139618,0.012000000104308128,0,0.024262816179543734,0.008335402235388756,0.015927413944154978,0.015927413944154978,1.3272844838090347,2.021901330720249,0,0,0.0011816055220743153,0.0020769230167453087,1.6615384505345263,0.02646401068579327,0.0020769230167453087,12.74193144012835,1,0,0,1,1,1,1,0.029999999329447746
5010,1,1,3,1,1c24e070838ceffd97d48aca8a00943062fdde56e7971e3abca326170ae2b8cc,6422b3ba4af70009e3bdb634f81efb12dc4f4c47a37225332594babd0b417e68,0.007871204055845737,0.0,-0.0016106226248666644,-0.0016106226248666644,0.0,0.007871204055845737,0.0,0,1,0.9076921939849854,0.20944694064039504,13,1.661538353333106,0.002297815552135921,0.0018677756613252694,0.007871204055845737,-0.0016106226248666644,0.007871204055845737,0.0016106226248666644,0.0030047488398849964,0.0077447183430194855,0.0030047488398849964,0,0.007871203823015094,0.0,2.3283064365386963e-10,0.007871203823015094,0,4.550038648805377e-10,0.0,0,0,8,11,13,13,0,1,1,1,0.0,0.0,0.0,1,0.005539038684219122,-0.001603436772711575,0.003935601911507547,0.003935601911507547,inf,inf,0,0,-0.0016106221698627995,0.0,1.6615384505345263,0.00653915390196697,0.0,inf,0,0,0,3,5,0,0,0.041999999433755875
5010,1,1,4,1,1c24e070838ceffd97d48aca8a00943062fdde56e7971e3abca326170ae2b8cc,6422b3ba4af70009e3bdb634f81efb12dc4f4c47a37225332594babd0b417e68,0.010203856974840164,0.0,-0.0007647427264600992,-0.0007647427264600992,0.0,0.010203856974840164,0.0,0,1,0.007692307233810425,0.20944694064039504,13,1.661538353333106,0.0029188404027405794,0.0023243838574009885,0.010203856974840164,-0.0007647427264600992,0.010203856974840164,0.0007647427264600992,0.0025403888430446386,0.004124619998037815,0.0025403888430446386,0,0.01020385674200952,0.0,2.3283064365386963e-10,0.01020385674200952,0,6.595885914274097e-11,0.0,0,0,7,11,13,13,0,1,1,1,0.0,0.0,0.0,1,0.006773918867111206,-0.0016719904961064458,0.00510192837100476,0.00510192837100476,inf,inf,0,0,-0.0007647426605012401,0.0,1.6615384505345263,0.00847705016029739,0.0,inf,0,0,0,4,3,0,0,0.041999999433755875
5010,1,1,5,1,1c24e070838ceffd97d48aca8a00943062fdde56e7971e3abca326170ae2b8cc,6422b3ba4af70009e3bdb634f81efb12dc4f4c47a37225332594babd0b417e68,0.010015933774411678,0.0,-0.00015666091348975897,-0.00015666091348975897,0.0,0.010015933774411678,0.0,0,1,0.9076921939849854,0.20944694064039504,13,1.661538353333106,0.002801655310884949,0.0022339744768215663,0.010015933774411678,-0.00015666091348975897,0.010015933774411678,0.00015666091348975897,0.003286259714514017,0.006897694431245327,0.003286259714514017,0,0.010015933541581035,0.0,2.3283064365386963e-10,0.010015933541581035,0,1.1111927350482276e-11,0.0,0,0,10,11,13,13,0,1,1,1,0.0,0.0,0.0,1,0.006569834891706705,-0.0015618681209161878,0.005007966770790517,0.005007966770790517,inf,inf,0,0,-0.00015666090237783162,0.0,1.6615384505345263,0.00832092934866767,0.0,inf,0,0,0,5,4,0,0,0.041999999433755875
5010,1,2,0,1,1c24e070838ceffd97d48aca8a00943062fdde56e7971e3abca326170ae2b8cc,6422b3ba4af70009e3bdb634f81efb12dc4f4c47a37225332594babd0b417e68,0.012699095532298088,0.012000000104308128,8.881113171810284e-05,8.881113171810284e-05,0.0,0.012699095532298088,0.012000000104308128,1,3,0.9076921939849854,0.20944694064039504,13,1.661538353333106,0.00250780915337129,0.0020112314780887505,0.0006990954279899597,8.881113171810284e-05,0.0006990954279899597,8.881113171810284e-05,0.0028654695488512516,0.0048338924534618855,0.0028654695488512516,0,0.012699095532298088,0.012000000104308128,0.0,0.008956865116488189,0,3.777401677042269e-12,0.0,10,11,7,11,1,1,1,0,1,0,0.006000000052154064,0.006000000052154064,0.006000000052154064,0,0.0053639651159755886,-0.0008855325577314943,0.004478432558244094,0.004478432558244094,0.7464054198860031,0.8939941782250265,0,0,8.881113549550452e-05,0.0,1.6615384505345263,0.007441087893648267,0.0,inf,0,0,0,2,1,0,1,0.0059999991208314896
5010,1,2,1,1,1c24e070838ceffd97d48aca8a00943062fdde56e7971e3abca326170ae2b8cc,6422b3ba4af70009e3bdb634f81efb12dc4f4c47a37225332594babd0b417e68,0.011984341777861118,0.017999999225139618,0.00014026113785803318,0.00014026113785803318,0.0,0.011984341777861118,0.017999999225139618,1,3,0.9076921939849854,0.20944694064039504,13,1.661538353333106,0.002572673685523385,0.002021279143301781,0.0060156574472785,0.00014026113785803318,0.0060156574472785,0.00014026113785803318,0.00264181406237185,0.006650146096944809,0.00264181406237185,0,0.011984341777861118,0.017999999225139618,0.0,0.009679354960098863,0,1.764473969495181e-10,0.0,10,11,7,11,1,1,1,0,1,0,0.008999999612569809,0.008999999612569809,0.008999999612569809,0,0.00553857465274632,-0.0006988971726968884,0.004839677480049431,0.004839677480049431,0.5377419653763227,0.6153972101299754,0,0,0.00014026096141063623,0.0,1.6615384505345263,0.008041310221288173,0.0,inf,0,0,0,1,3,1,0,0.0059999991208314896
5010,1,2,3,1,1c24e070838ceffd97d48aca8a00943062fdde56e7971e3abca326170ae2b8cc,6422b3ba4af70009e3bdb634f81efb12dc4f4c47a37225332594babd0b417e68,0.00880409311503172,0.0,-0.0004314666148275137,-0.0004314666148275137,0.0,0.00880409311503172,0.0,0,1,0.9076921939849854,0.20944694064039504,13,1.661538353333106,0.00217835611125479,0.0017626287397369189,0.00880409311503172,-0.0004314666148275137,0.00880409311503172,0.0004314666148275137,0.004397352691739798,0.006257376167923212,0.004397352691739798,0,0.008804093347862363,0.0,2.3283064365386963e-10,0.008804093347862363,0,2.1632289205373786e-10,0.0,0,0,7,5,13,13,0,1,1,1,0.0,0.0,0.0,1,0.005394980777055025,0.0009929341031238437,0.004402046673931181,0.004402046673931181,inf,inf,0,0,-0.00043146639850462164,0.0,1.6615384505345263,0.00731416980978428,0.0,inf,0,0,0,3,5,0,0,0.017999999225139618
5010,1,2,4,1,1c24e070838ceffd97d48aca8a00943062fdde56e7971e3abca326170ae2b8cc,6422b3ba4af70009e3bdb634f81efb12dc4f4c47a37225332594babd0b417e68,0.012330807745456696,0.0,0.0004384685307741165,0.0004384685307741165,0.0,0.012330807745456696,0.0,0,1,0.007692307233810425,0.20944694064039504,13,1.661538353333106,0.002876797218618742,0.00200479822515747,0.012330807745456696,0.0004384685307741165,0.012330807745456696,0.0004384685307741165,0.0035899393260478973,0.003060535527765751,0.0035899393260478973,0,0.012330808211117983,0.0,4.656612873077393e-10,0.012330808211117983,0,3.729702583560833e-10,0.0,0,0,7,11,13,13,0,1,1,1,0.0,0.0,0.0,1,0.006435666233301163,0.0002702621277421713,0.006165404105558991,0.006165404105558991,inf,inf,0,0,0.00043846815780385816,0.0,1.6615384505345263,0.010244055984469693,0.0,inf,0,0,0,4,2,0,0,0.017999999225139618
5010,1,2,5,1,1c24e070838ceffd97d48aca8a00943062fdde56e7971e3abca326170ae2b8cc,6422b3ba4af70009e3bdb634f81efb12dc4f4c47a37225332594babd0b417e68,0.010387195274233818,0.0,-0.0008655921556055546,-0.0008655921556055546,0.0,0.010387195274233818,0.0,0,1,0.9076921939849854,0.20944694064039504,13,1.661538353333106,0.0026078316913512394,0.0020219616084938222,0.010387195274233818,-0.0008655921556055546,0.010387195274233818,0.0008655921556055546,0.004055539611726999,0.003971674479544163,0.004055539611726999,0,0.010387195274233818,0.0,0.0,0.010387195274233818,0,5.413550059618633e-10,0.0,0,0,7,5,13,13,0,1,1,1,0.0,0.0,0.0,1,0.005867263302206993,0.0006736656650900841,0.005193597637116909,0.005193597637116909,inf,inf,0,0,-0.0008655916142505486,0.0,1.6615384505345263,0.008629362170675007,0.0,inf,0,0,0,5,4,0,0,0.017999999225139618
5010,2,0,1,2,f2c7f5c5bceb4dd2cc53b3887e4a19fb865e0558b34581c45ff5713f6ce29a80,6422b3ba4af70009e3bdb634f81efb12dc4f4c47a37225332594babd0b417e68,0.014107261784374714,0.017999999225139618,0.0009436067193746567,0.0009436067193746567,0.0,0.014107261784374714,0.017999999225139618,1,3,0.9076921939849854,0.20944694064039504,13,1.661538353333106,0.0015437010594988119,0.0013196693902791162,0.003892737440764904,0.0009436067193746567,0.003892737440764904,0.0009436067193746567,0.0016679356340318918,0.005226601846516132,0.0016679356340318918,0,0.014107261784374714,0.017999999225139618,0.0,0.005013199290260673,0,6.132266298485706e-11,0.0,10,11,10,11,1,1,1,1,1,1,0.008999999612569809,0.008999999612569809,0.008999999612569809,0,0.003809796879068017,-0.0013031972339376807,0.0025065996451303363,0.0025065996451303363,0.27851108367043764,0.42331078256348825,1,0,0.0009436066580519937,0.0,1.6615384505345263,0.004164811690480253,0.0,inf,0,0,0,2,2,0,0,0.006000000983476639
5010,2,0,2,2,f2c7f5c5bceb4dd2cc53b3887e4a19fb865e0558b34581c45ff5713f6ce29a80,6422b3ba4af70009e3bdb634f81efb12dc4f4c47a37225332594babd0b417e68,0.015132054686546326,0.024000000208616257,0.0007035509333945811,0.0007035509333945811,0.0,0.015132054686546326,0.024000000208616257,1,3,0.9076921939849854,0.20944694064039504,13,1.6615383533331063,0.002763022813354626,0.0023153284671385745,0.008867945522069931,0.0007035509333945811,0.008867945522069931,0.0007035509333945811,0.0024891693610697985,0.006173272617161274,0.0024891693610697985,0,0.015132054220885038,0.024000000208616257,4.656612873077393e-10,0.009003845974802971,0,1.6727703998440507e-10,0.0,10,11,10,11,1,1,1,1,1,1,0.012000000104308128,0.012000000104308128,0.012000000104308128,0,0.004687621723860502,0.0001856987364590168,0.0045019229874014854,0.0045019229874014854,0.3751602456891019,0.3906351402595068,1,0,0.0007035511006716211,0.0,1.661538450534526,0.007480118144912829,0.0,inf,0,0,0,1,1,1,1,0.006000000983476639
5010,2,0,3,2,f2c7f5c5bceb4dd2cc53b3887e4a19fb865e0558b34581c45ff5713f6ce29a80,6422b3ba4af70009e3bdb634f81efb12dc4f4c47a37225332594babd0b417e68,0.005222932435572147,0.0,-0.0020710898097604513,-0.0020710898097604513,0.0,0.005222932435572147,0.0,0,1,0.9076923131942749,0.2094469155167731,13,1.661538461366525,0.0017644193487328559,0.0015547270165031676,0.005222932435572147,-0.0020710898097604513,0.005222932435572147,0.0020710898097604513,0.002749770414084196,0.005556684918701649,0.002749770414084196,0,0.005222932435572147,0.0,0.0,0.005222932435572147,0,3.6224328224532254e-11,0.0,0,0,10,11,13,13,0,1,1,1,0.0,0.0,0.0,1,0.002661122940480709,4.965672269463539e-05,0.0026114662177860737,0.0026114662177860737,inf,inf,0,0,-0.0020710898459847795,0.0,1.6615384522538923,0.004339051537613599,0.0,inf,0,0,0,3,5,0,0,0.024000000208616257
5010,2,0,4,2,f2c7f5c5bceb4dd2cc53b3887e4a19fb865e0558b34581c45ff5713f6ce29a80,6422b3ba4af70009e3bdb634f81efb12dc4f4c47a37225332594babd0b417e68,0.007814096286892891,0.0,0.001182233332656324,0.001182233332656324,0.0,0.007814096286892891,0.0,0,1,0.9076921939849854,0.20944694064039504,13,1.661538353333106,0.0022037424710485867,0.0019021506666497894,0.007814096286892891,0.001182233332656324,0.007814096286892891,0.001182233332656324,0.0035435911267995834,0.0037742676213383675,0.0035435911267995834,0,0.007814096752554178,0.0,4.656612873077393e-10,0.007814096752554178,0,1.0679469331434377e-10,0.0,0,0,7,11,13,13,0,1,1,1,0.0,0.0,0.0,1,0.005925098899751902,-0.0020180505234748125,0.003907048376277089,0.003907048376277089,inf,inf,0,0,0.0011822334394510172,0.0,1.6615384505345263,0.006491711105282872,0.0,inf,0,0,0,4,3,0,0,0.024000000208616257
5010,2,0,5,2,f2c7f5c5bceb4dd2cc53b3887e4a19fb865e0558b34581c45ff5713f6ce29a80,6422b3ba4af70009e3bdb634f81efb12dc4f4c47a37225332594babd0b417e68,0.0063132536597549915,0.0,0.0014386879047378898,0.0014386879047378898,0.0,0.0063132536597549915,0.0,0,1,0.9076921939849854,0.20944694064039504,13,1.661538353333106,0.002123833202257639,0.0018430045637448137,0.0063132536597549915,0.0014386879047378898,0.0063132536597549915,0.0014386879047378898,0.0032563095446676016,0.005467001814395189,0.0032563095446676016,0,0.00631325354333967,0.0,1.1641532182693481e-10,0.00631325354333967,0,1.9198668262804253e-10,0.0,0,0,10,3,13,13,0,1,1,1,0.0,0.0,0.0,1,0.004384943749755621,-0.001228316978085786,0.003156626771669835,0.003156626771669835,inf,inf,0,0,0.0014386877127512071,0.0,1.6615384505345263,0.005244856755116102,0.0,inf,0,0,0,5,4,0,0,0.024000000208616257
5010,2,1,0,2,f2c7f5c5bceb4dd2cc53b3887e4a19fb865e0558b34581c45ff5713f6ce29a80,6422b3ba4af70009e3bdb634f81efb12dc4f4c47a37225332594babd0b417e68,0.015081062912940979,0.012000000104308128,-9.7849486337509e-05,-9.7849486337509e-05,0.0,0.015081062912940979,0.012000000104308128,1,3,0.9076921939849854,0.20944694064039504,13,1.661538353333106,0.002307454557872458,0.0016514947114391087,0.0030810628086328506,-9.7849486337509e-05,0.0030810628086328506,9.7849486337509e-05,0.003171177115291357,0.004332444164901972,0.003171177115291357,0,0.015081062563695014,0.012000000104308128,3.4924596548080444e-10,0.009296803385950625,0,2.622938810592501e-10,0.0,10,11,7,11,1,1,1,0,1,0,0.006000000052154064,0.006000000052154064,0.006000000052154064,0,0.010569737292826176,-0.005921335599850863,0.0046484016929753125,0.0046484016929753125,0.7747336087616343,1.761622866825064,0,0,-9.784974863139007e-05,0.0,1.6615384505345263,0.00772349814640827,0.0,inf,0,0,0,2,2,0,0,0.029999999329447746
5010,2,1,2,2,f2c7f5c5bceb4dd2cc53b3887e4a19fb865e0558b34581c45ff5713f6ce29a80,6422b3ba4af70009e3bdb634f81efb12dc4f4c47a37225332594babd0b417e68,0.015881799161434174,0.041999999433755875,0.0003995816223323345,0.0003995816223323345,0.0020769230167453096,0.015881799161434174,0.041999999433755875,1,4,0.9076921939849854,0.20944694064039504,13,1.6615383533331063,0.008191796388259804,0.004778239939405896,0.0261182002723217,-0.001677341394412975,0.0261182002723217,0.001677341394412975,0.003989872056990862,0.0061212144792079926,0.003989872056990862,0,0.015881798695772886,0.041999999433755875,4.656612873077393e-10,0.03464002441614866,0,3.3487774055498964e-10,8.673617379884035e-19,10,3,10,11,1,1,1,1,0,0,0.012000000104308128,0.017999999225139618,0.012000000104308128,0,0.02243034029379487,0.005110328085720539,0.01732001220807433,0.01732001220807433,1.4433343381269024,1.8691950082352198,0,0,0.00039958128745459396,0.0020769230167453087,1.661538450534526,0.0287778662474429,0.0020769230167453087,13.856010076165429,1,0,0,1,1,1,1,0.029999999329447746
5010,2,1,3,2,f2c7f5c5bceb4dd2cc53b3887e4a19fb865e0558b34581c45ff5713f6ce29a80,6422b3ba4af70009e3bdb634f81efb12dc4f4c47a37225332594babd0b417e68,0.00851537100970745,0.0,-0.0021074931137263775,-0.0021074931137263775,0.0,0.00851537100970745,0.0,0,1,0.9076923131942749,0.2094469155167731,13,1.661538461366525,0.0020203030937836304,0.0015113605599652027,0.00851537100970745,-0.0021074931137263775,0.00851537100970745,0.0021074931137263775,0.002810811623930931,0.006326571572571993,0.002810811623930931,0,0.00851537100970745,0.0,0.0,0.00851537100970745,0,1.4162439406981142e-10,0.0,0,0,7,5,13,13,0,1,1,1,0.0,0.0,0.0,1,0.0063902828842401505,-0.002132597379386425,0.004257685504853725,0.004257685504853725,inf,inf,0,0,-0.0021074929721019834,0.0,1.6615384522538923,0.007074308183918491,0.0,inf,0,0,0,3,5,0,0,0.041999999433755875
5010,2,1,4,2,f2c7f5c5bceb4dd2cc53b3887e4a19fb865e0558b34581c45ff5713f6ce29a80,6422b3ba4af70009e3bdb634f81efb12dc4f4c47a37225332594babd0b417e68,0.01063055545091629,0.0,-0.00021210825070738792,-0.00021210825070738792,0.0,0.01063055545091629,0.0,0,1,0.9076921939849854,0.20944694064039504,13,1.661538353333106,0.0024850601946407765,0.0017512316043873056,0.01063055545091629,-0.00021210825070738792,0.01063055545091629,0.00021210825070738792,0.003708773059770465,0.004302619025111198,0.003708773059770465,0,0.0106305556037114,0.0,1.5279510989785194e-10,0.0106305556037114,0,1.1977897016249295e-10,0.0,0,0,7,11,13,13,0,1,1,1,0.0,0.0,0.0,1,0.010521642863750458,-0.005206365061894758,0.0053152778018557,0.0053152778018557,inf,inf,0,0,-0.00021210813092841776,0.0,1.6615384505345263,0.008831538443055884,0.0,inf,0,0,0,4,4,0,0,0.041999999433755875
5010,2,1,5,2,f2c7f5c5bceb4dd2cc53b3887e4a19fb865e0558b34581c45ff5713f6ce29a80,6422b3ba4af70009e3bdb634f81efb12dc4f4c47a37225332594babd0b417e68,0.011340588331222534,0.0,2.9055168852210045e-05,2.9055168852210045e-05,0.0,0.011340588331222534,0.0,0,1,0.9076921939849854,0.20944694064039504,13,1.661538353333106,0.002604014313717863,0.00171369072821366,0.011340588331222534,2.9055168852210045e-05,0.011340588331222534,2.9055168852210045e-05,0.0034558018669486046,0.006527322810143232,0.0034558018669486046,0,0.011340588796883821,0.0,4.656612873077393e-10,0.011340588796883821,0,2.1299634365284925e-11,0.0,0,0,7,11,13,13,0,1,1,1,0.0,0.0,0.0,1,0.011175216175615788,-0.005504921777173877,0.005670294398441911,0.005670294398441911,inf,inf,0,0,2.905519015184441e-05,0.0,1.6615384505345263,0.009421412168861776,0.0,inf,0,0,0,5,3,0,0,0.041999999433755875
5010,2,2,0,2,f2c7f5c5bceb4dd2cc53b3887e4a19fb865e0558b34581c45ff5713f6ce29a80,6422b3ba4af70009e3bdb634f81efb12dc4f4c47a37225332594babd0b417e68,0.010577676817774773,0.012000001035630703,-0.0014573801308870316,-0.0014573801308870316,-6.44761778689773e-11,0.010577676817774773,0.012000001035630703,1,3,0.9076921939849854,0.20944694064039504,13,1.661538353333106,0.002969521266294566,0.0024603052869350958,0.0014223242178559303,-0.0014573800664108537,0.0014223242178559303,0.0014573800664108537,0.003556152107194066,0.004916446749120951,0.003556152107194066,0,0.010577676817774773,0.012000001035630703,0.0,0.010515036061406136,0,6.69640055211973e-11,1.734723475976807e-18,10,11,7,11,1,1,1,0,1,0,0.006000000983476639,0.006000000052154064,0.006000000052154064,0,0.009171765297651291,0.003914247266948223,0.005257518030703068,0.005257518030703068,0.8762529975004855,1.528627536321192,0,0,-0.001457380063923026,-6.447617960370078e-11,1.6615384505345263,0.00873556836239171,6.447617960370078e-11,135485204.24262714,1,0,0,2,3,0,0,0.005999998189508915
5010,2,2,1,2,f2c7f5c5bceb4dd2cc53b3887e4a19fb865e0558b34581c45ff5713f6ce29a80,6422b3ba4af70009e3bdb634f81efb12dc4f4c47a37225332594babd0b417e68,0.01094268448650837,0.017999999225139618,0.0005549092893488705,0.0005549092893488705,0.0,0.01094268448650837,0.017999999225139618,1,3,0.9076921939849854,0.20944694064039504,13,1.661538353333106,0.002720469035587156,0.0021254320645473414,0.0070573147386312485,0.0005549092893488705,0.0070573147386312485,0.0005549092893488705,0.004065383225679398,0.0036508634220808744,0.004065383225679398,0,0.01094268448650837,0.017999999225139618,0.0,0.008892824873328209,0,1.3836443258502529e-09,3.469446951953614e-18,10,11,10,11,1,1,1,1,1,1,0.008999999612569809,0.008999999612569809,0.008999999612569809,0,0.0074567366391420364,0.003010324202477932,0.0044464124366641045,0.0044464124366641045,0.49404584756359793,0.8285263289042389,1,0,0.0005549079057045447,-3.469446951953614e-18,1.6615384505345263,0.007387885230452323,3.469446951953614e-18,inf,0,0,0,1,1,1,1,0.005999998189508915
5010,2,2,3,2,f2c7f5c5bceb4dd2cc53b3887e4a19fb865e0558b34581c45ff5713f6ce29a80,6422b3ba4af70009e3bdb634f81efb12dc4f4c47a37225332594babd0b417e68,0.00815337523818016,0.0,-0.0006460025906562805,-0.0006460025906562805,-3.469446951953614e-18,0.00815337523818016,0.0,0,1,0.9076923131942749,0.2094469155167731,13,1.661538461366525,0.002283159708717697,0.0018041660270747347,0.00815337523818016,-0.000646002590656277,0.00815337523818016,0.000646002590656277,0.002930425340309739,0.003156529273837805,0.002930425340309739,0,0.00815337523818016,0.0,0.0,0.00815337523818016,0,1.386210016565692e-09,3.469446951953614e-18,0,0,8,12,13,13,0,1,1,1,0.0,0.0,0.0,1,0.009068744257092476,0.004992056638002396,0.00407668761909008,0.00407668761909008,inf,inf,0,0,-0.0006460039768662971,-6.938893903907228e-18,1.6615384522538923,0.006773573236945538,6.938893903907228e-18,inf,0,0,0,3,5,0,0,0.017999999225139618
5010,2,2,4,2,f2c7f5c5bceb4dd2cc53b3887e4a19fb865e0558b34581c45ff5713f6ce29a80,6422b3ba4af70009e3bdb634f81efb12dc4f4c47a37225332594babd0b417e68,0.010821100324392319,0.0,0.0006988694076426327,0.0006988694076426327,0.0,0.010821100324392319,0.0,0,1,0.9076921939849854,0.20944694064039504,13,1.661538353333106,0.0029251263709809752,0.0023241085413645006,0.010821100324392319,0.0006988694076426327,0.010821100324392319,0.0006988694076426327,0.005317367147654295,0.0034738152753561735,0.005317367147654295,0,0.010821100324392319,0.0,0.0,0.010821100324392319,0,3.357983342777704e-09,1.734723475976807e-18,0,0,7,9,13,13,0,1,1,1,0.0,0.0,0.0,1,0.008613018319010735,0.003202468156814575,0.005410550162196159,0.005410550162196159,inf,inf,0,0,0.0006988727656259755,-1.734723475976807e-18,1.6615384505345263,0.008989837133034737,1.734723475976807e-18,inf,0,0,0,4,2,0,0,0.017999999225139618
5010,2,2,5,2,f2c7f5c5bceb4dd2cc53b3887e4a19fb865e0558b34581c45ff5713f6ce29a80,6422b3ba4af70009e3bdb634f81efb12dc4f4c47a37225332594babd0b417e68,0.008840151131153107,0.0,-0.0006548523087985814,-0.0006548523087985814,0.0,0.008840151131153107,0.0,0,1,0.9076921939849854,0.20944694064039504,13,1.661538353333106,0.002713839109764458,0.0022739130761143724,0.008840151131153107,-0.0006548523087985814,0.008840151131153107,0.0006548523087985814,0.0038740651216357946,0.004399886354804039,0.0038740651216357946,0,0.008840151131153107,0.0,0.0,0.008840151131153107,0,1.0228044175497608e-09,1.734723475976807e-18,0,0,7,12,13,13,0,1,1,1,0.0,0.0,0.0,1,0.007325051352381706,0.002904975786805153,0.004420075565576553,0.004420075565576553,inf,inf,0,0,-0.0006548533316029989,-1.734723475976807e-18,1.6615384505345263,0.007344125506473586,1.734723475976807e-18,inf,0,0,0,5,4,0,0,0.017999999225139618
5010,3,0,1,3,938a02e997cb83f992403fbb9b5510b58e3a2862cc181eb2fbf7b7cace35ac0e,6422b3ba4af70009e3bdb634f81efb12dc4f4c47a37225332594babd0b417e68,0.011885999701917171,0.017999999225139618,0.0005256086005829275,0.0005256086005829275,0.0,0.011885999701917171,0.017999999225139618,1,3,0.9076921939849854,0.20944694064039504,13,1.661538353333106,0.002041692227177347,0.0017648682724298722,0.0061139995232224464,0.0005256086005829275,0.0061139995232224464,0.0005256086005829275,0.0020779443439096212,0.007954271510243416,0.0020779443439096212,0,0.011885999469086528,0.017999999225139618,2.3283064365386963e-10,0.006982160033658147,0,1.9534237270281418e-10,0.0,10,11,10,11,1,1,1,1,1,1,0.008999999612569809,0.008999999612569809,0.008999999612569809,0,0.0054025177378207445,-0.001911437720991671,0.0034910800168290734,0.0034910800168290734,0.3878977963458212,0.6002797744874725,1,0,0.0005256084052405548,0.0,1.6615384505345263,0.005800563681854227,0.0,inf,0,0,0,2,2,0,0,0.006000000983476639
5010,3,0,2,3,938a02e997cb83f992403fbb9b5510b58e3a2862cc181eb2fbf7b7cace35ac0e,6422b3ba4af70009e3bdb634f81efb12dc4f4c47a37225332594babd0b417e68,0.016678201034665108,0.024000000208616257,-0.000846497539896518,-0.000846497539896518,0.0,0.016678201034665108,0.024000000208616257,1,3,0.9076921939849854,0.20944694064039504,13,1.6615383533331063,0.0021702065477595396,0.0015897194234263043,0.007321799173951149,-0.000846497539896518,0.007321799173951149,0.000846497539896518,0.0029734214767813683,0.009766235947608948,0.0029734214767813683,0,0.01667820056900382,0.024000000208616257,4.656612873077393e-10,0.008043619571253657,0,1.543817569442385e-11,0.0,10,11,10,11,1,1,1,1,1,1,0.012000000104308128,0.012000000104308128,0.012000000104308128,0,0.00420033885166049,-0.00017852906603366137,0.004021809785626829,0.004021809785626829,0.3351508125556562,0.35002823459580834,1,0,-0.0008464975553346937,0.0,1.661538450534526,0.006682391599554995,0.0,inf,0,0,0,1,1,1,1,0.006000000983476639
5010,3,0,3,3,938a02e997cb83f992403fbb9b5510b58e3a2862cc181eb2fbf7b7cace35ac0e,6422b3ba4af70009e3bdb634f81efb12dc4f4c47a37225332594babd0b417e68,0.006577445659786463,0.0,-0.0014202161692082882,-0.0014202161692082882,0.0,0.006577445659786463,0.0,0,1,0.9076923131942749,0.2094469155167731,13,1.661538461366525,0.001961432937079649,0.0016488020519856686,0.006577445659786463,-0.0014202161692082882,0.006577445659786463,0.0014202161692082882,0.004304565954953432,0.0041261399164795876,0.004304565954953432,0,0.0065774455142673105,0.0,1.4551915228366852e-10,0.0065774455142673105,0,1.5224489984672074e-10,0.0,0,0,7,5,13,13,0,1,1,1,0.0,0.0,0.0,1,0.006242850795388222,0.0029541280382545665,0.0032887227571336553,0.0032887227571336553,inf,inf,0,0,-0.0014202160169633883,0.0,1.6615384522538923,0.005464339319780007,0.0,inf,0,0,0,3,5,0,0,0.024000000208616257
5010,3,0,4,3,938a02e997cb83f992403fbb9b5510b58e3a2862cc181eb2fbf7b7cace35ac0e,6422b3ba4af70009e3bdb634f81efb12dc4f4c47a37225332594babd0b417e68,0.00938144139945507,0.0,-0.0006411184440366924,-0.0006411184440366924,0.0,0.00938144139945507,0.0,0,1,0.9076921939849854,0.20944694064039504,13,1.661538353333106,0.0022300808647715215,0.0015017405135444085,0.00938144139945507,-0.0006411184440366924,0.00938144139945507,0.0006411184440366924,0.0022392054088413715,0.003813034389168024,0.0022392054088413715,0,0.009381441632285714,0.0,2.3283064365386963e-10,0.009381441632285714,0,1.8324986938034887e-10,0.0,0,0,7,11,13,13,0,1,1,1,0.0,0.0,0.0,1,0.005653864238411188,0.000963143422268331,0.004690720816142857,0.004690720816142857,inf,inf,0,0,-0.0006411186272865618,0.0,1.6615384505345263,0.007793812996744052,0.0,inf,0,0,0,4,3,0,0,0.024000000208616257
5010,3,0,5,3,938a02e997cb83f992403fbb9b5510b58e3a2862cc181eb2fbf7b7cace35ac0e,6422b3ba4af70009e3bdb634f81efb12dc4f4c47a37225332594babd0b417e68,0.008136029355227947,0.0,0.001227503758855164,0.001227503758855164,0.0,0.008136029355227947,0.0,0,1,0.9076921939849854,0.20944694064039504,13,1.661538353333106,0.0020453212342885258,0.001656426792584095,0.008136029355227947,0.001227503758855164,0.008136029355227947,0.001227503758855164,0.002831170568242669,0.004719112999737263,0.002831170568242669,0,0.008136029588058591,0.0,2.3283064365386963e-10,0.008136029588058591,0,1.4021605144326488e-10,0.0,0,0,7,5,13,13,0,1,1,1,0.0,0.0,0.0,1,0.00540142273530364,0.001333407941274345,0.0040680147940292954,0.0040680147940292954,inf,inf,0,0,0.0012275036186391126,0.0,1.6615384505345263,0.006759162997622966,0.0,inf,0,0,0,5,4,0,0,0.024000000208616257
5010,3,1,0,3,938a02e997cb83f992403fbb9b5510b58e3a2862cc181eb2fbf7b7cace35ac0e,6422b3ba4af70009e3bdb634f81efb12dc4f4c47a37225332594babd0b417e68,0.013277286663651466,0.012000000104308128,-0.0022826448548585176,-0.0022826448548585176,0.0,0.013277286663651466,0.012000000104308128,1,3,0.9076921939849854,0.20944694064039504,13,1.661538353333106,0.0023465191868891635,0.0017952310064664255,0.001277286559343338,-0.0022826448548585176,0.001277286559343338,0.0022826448548585176,0.005020259879529476,0.004008814692497253,0.005020259879529476,0,0.01327728689648211,0.012000000104308128,2.3283064365386963e-10,0.008507117163389921,0,4.4585404986030586e-10,0.0,10,11,10,11,1,1,1,1,1,1,0.006000000052154064,0.006000000052154064,0.006000000052154064,0,0.00654090428724885,-0.0022873457055538893,0.004253558581694961,0.004253558581694961,0.7089264241202611,1.09015070506551,0,0,-0.002282644409004468,0.0,1.6615384505345263,0.007067451135087282,0.0,inf,0,0,0,2,2,0,0,0.012000000104308128
5010,3,1,2,3,938a02e997cb83f992403fbb9b5510b58e3a2862cc181eb2fbf7b7cace35ac0e,6422b3ba4af70009e3bdb634f81efb12dc4f4c47a37225332594babd0b417e68,0.018322771415114403,0.024000000208616257,0.0007416221778839827,0.0007416221778839827,0.0,0.018322771415114403,0.024000000208616257,1,3,0.9076921939849854,0.20944694064039504,13,1.6615383533331063,0.003632361211979472,0.002706397558319983,0.005677228793501854,0.0007416221778839827,0.005677228793501854,0.0007416221778839827,0.004961139988154173,0.005952052306383848,0.004961139988154173,0,0.018322770949453115,0.024000000208616257,4.656612873077393e-10,0.014133484568446875,0,6.269886606430353e-11,0.0,10,11,10,11,1,1,1,1,1,1,0.012000000104308128,0.012000000104308128,0.012000000104308128,0,0.009685679338872433,-0.0026189370546489954,0.007066742284223437,0.007066742284223437,0.5888951852330736,0.8071399378900981,0,0,0.0007416222405828487,0.0,1.661538450534526,0.011741664025255427,0.0,inf,0,0,0,1,1,1,1,0.012000000104308128
5010,3,1,3,3,938a02e997cb83f992403fbb9b5510b58e3a2862cc181eb2fbf7b7cace35ac0e,6422b3ba4af70009e3bdb634f81efb12dc4f4c47a37225332594babd0b417e68,0.008008066564798355,0.0,-0.0018533653346821666,-0.0018533653346821666,0.0,0.008008066564798355,0.0,0,1,0.9076923131942749,0.2094469155167731,13,1.661538461366525,0.0022658715629877047,0.0018364704095554596,0.008008066564798355,-0.0018533653346821666,0.008008066564798355,0.0018533653346821666,0.004079474601894617,0.0030154790729284286,0.004079474601894617,0,0.008008066331967711,0.0,2.3283064365386963e-10,0.008008066331967711,0,1.3214482199458422e-10,0.0,0,0,7,5,13,13,0,1,1,1,0.0,0.0,0.0,1,0.004307753872126341,-0.00030372070614248514,0.004004033165983856,0.004004033165983856,inf,inf,0,0,-0.0018533652025373446,0.0,1.6615384522538923,0.006652855069382068,0.0,inf,0,0,0,3,5,0,0,0.024000000208616257
5010,3,1,4,3,938a02e997cb83f992403fbb9b5510b58e3a2862cc181eb2fbf7b7cace35ac0e,6422b3ba4af70009e3bdb634f81efb12dc4f4c47a37225332594babd0b417e68,0.011739187873899937,0.0,0.0003848026099149138,0.0003848026099149138,0.0,0.011739187873899937,0.0,0,1,0.9076921939849854,0.20944694064039504,13,1.661538353333106,0.0029716801782391495,0.002238024252097635,0.011739187873899937,0.0003848026099149138,0.011739187873899937,0.0003848026099149138,0.002613139571622014,0.00890785176306963,0.002613139571622014,0,0.011739187873899937,0.0,0.0,0.011739187873899937,0,3.91024888033234e-10,0.0,0,0,7,5,13,13,0,1,1,1,0.0,0.0,0.0,1,0.007586700841784477,-0.001717106904834509,0.005869593936949968,0.005869593936949968,inf,inf,0,0,0.0003848030009398018,0.0,1.6615384505345263,0.0097525560152667,0.0,inf,0,0,0,4,3,0,0,0.024000000208616257
5010,3,1,5,3,938a02e997cb83f992403fbb9b5510b58e3a2862cc181eb2fbf7b7cace35ac0e,6422b3ba4af70009e3bdb634f81efb12dc4f4c47a37225332594babd0b417e68,0.011305177584290504,0.0,0.0016617807559669018,0.0016617807559669018,0.0,0.011305177584290504,0.0,0,1,0.9076921939849854,0.20944694064039504,13,1.661538353333106,0.0030712586037506743,0.0024440839098623167,0.011305177584290504,0.0016617807559669018,0.011305177584290504,0.0016617807559669018,0.0035655784886330366,0.005579016171395779,0.0035655784886330366,0,0.011305177118629217,0.0,4.656612873077393e-10,0.011305177118629217,0,2.292842671367673e-10,0.0,0,0,7,5,13,13,0,1,1,1,0.0,0.0,0.0,1,0.006872266065329313,-0.0012196775060147047,0.005652588559314609,0.005652588559314609,inf,inf,0,0,0.0016617805266826346,0.0,1.6615384505345263,0.009391993236352786,0.0,inf,0,0,0,5,4,0,0,0.024000000208616257
5010,3,2,0,3,938a02e997cb83f992403fbb9b5510b58e3a2862cc181eb2fbf7b7cace35ac0e,6422b3ba4af70009e3bdb634f81efb12dc4f4c47a37225332594babd0b417e68,0.01145286113023758,0.012000001035630703,-0.0009737879154272377,-0.0009737879154272377,-6.44761778689773e-11,0.01145286113023758,0.012000001035630703,1,3,0.9076921939849854,0.20944694064039504,13,1.661538353333106,0.0023515583437798008,0.0019128151766999936,0.0005471399053931236,-0.0009737878509510599,0.0005471399053931236,0.0009737878509510599,0.0035445422399789095,0.003824234241619706,0.0035445422399789095,0,0.01145286113023758,0.012000001035630703,0.0,0.00807373970746994,0,5.912122562345967e-10,1.734723475976807e-18,10,11,10,11,1,1,1,1,1,1,0.006000000983476639,0.006000000052154064,0.006000000052154064,0,0.01148979738354683,0.007452927529811859,0.00403686985373497,0.00403686985373497,0.6728116364408515,1.914966213945593,0,0,-0.0009737873242149815,-6.447617960370078e-11,1.6615384505345263,0.006707414481784342,6.447617960370078e-11,104029341.11498368,1,0,0,2,2,0,0,0.026999997906386852
5010,3,2,1,3,938a02e997cb83f992403fbb9b5510b58e3a2862cc181eb2fbf7b7cace35ac0e,6422b3ba4af70009e3bdb634f81efb12dc4f4c47a37225332594babd0b417e68,0.01637127995491028,0.038999998942017555,0.002277927240356803,0.002277927240356803,0.002076923016745308,0.01637127995491028,0.038999998942017555,1,4,0.9076921939849854,0.20944694064039504,13,1.661538353333106,0.008613474286195483,0.004619371168006808,0.022628718987107277,0.00020100422361149506,0.022628718987107277,0.00020100422361149506,0.0054434980265796185,0.006487952079623938,0.0054434980265796185,0,0.01637127995491028,0.038999998942017555,0.0,0.03759082406759262,0,1.8081569123917784e-09,1.734723475976807e-18,10,4,10,11,1,1,1,1,0,0,0.008999999612569809,0.020999999716877937,0.008999999612569809,0,0.03818935342133045,0.01939394138753414,0.01879541203379631,0.01879541203379631,2.088379204766385,4.243261673922015,0,0,0.0022779290485137153,0.002076923016745306,1.6615384505345263,0.03122929978779191,0.002076923016745306,15.036329963125239,1,0,0,1,1,1,1,0.026999997906386852
5010,3,2,3,3,938a02e997cb83f992403fbb9b5510b58e3a2862cc181eb2fbf7b7cace35ac0e,6422b3ba4af70009e3bdb634f81efb12dc4f4c47a37225332594babd0b417e68,0.011314131319522858,0.0,-0.0009294180199503899,-0.0009294180199503899,-3.469446951953614e-18,0.011314131319522858,0.0,0,1,0.9076923131942749,0.2094469155167731,13,1.661538461366525,0.0029783264375909018,0.0022858056135078857,0.011314131319522858,-0.0009294180199503864,0.011314131319522858,0.0009294180199503864,0.0035012911539524794,0.00447470135986805,0.0035012911539524794,0,0.011314131319522858,0.0,0.0,0.011314131319522858,0,2.3444215492551823e-10,3.469446951953614e-18,0,0,10,12,13,13,0,1,1,1,0.0,0.0,0.0,1,0.015173103660345078,0.009516038000583649,0.005657065659761429,0.005657065659761429,inf,inf,0,0,-0.0009294177855082349,-6.938893903907228e-18,1.6615384522538923,0.009399432120618648,6.938893903907228e-18,inf,0,0,0,3,4,0,0,0.038999998942017555
5010,3,2,4,3,938a02e997cb83f992403fbb9b5510b58e3a2862cc181eb2fbf7b7cace35ac0e,6422b3ba4af70009e3bdb634f81efb12dc4f4c47a37225332594babd0b417e68,0.011320395395159721,0.0,0.0009268031571991742,0.0009268031571991742,0.0,0.011320395395159721,0.0,0,1,0.9076921939849854,0.20944694064039504,13,1.661538353333106,0.003210788030542938,0.0026778180438738605,0.011320395395159721,0.0009268031571991742,0.011320395395159721,0.0009268031571991742,0.004558374639600515,0.004196275025606155,0.004558374639600515,0,0.011320395395159721,0.0,0.0,0.011320395395159721,0,6.341462927689223e-10,1.734723475976807e-18,0,0,7,12,13,13,0,1,1,1,0.0,0.0,0.0,1,0.011611051857471466,0.005950854159891605,0.005660197697579861,0.005660197697579861,inf,inf,0,0,0.0009268037913454669,-1.734723475976807e-18,1.6615384505345263,0.009404636112155935,1.734723475976807e-18,inf,0,0,0,4,3,0,0,0.038999998942017555
5010,3,2,5,3,938a02e997cb83f992403fbb9b5510b58e3a2862cc181eb2fbf7b7cace35ac0e,6422b3ba4af70009e3bdb634f81efb12dc4f4c47a37225332594babd0b417e68,0.011306017637252808,0.0,0.0011138370027765632,0.0011138370027765632,0.0,0.011306017637252808,0.0,0,1,0.9076921939849854,0.20944694064039504,13,1.661538353333106,0.0032544072169084603,0.002646905055941915,0.011306017637252808,0.0011138370027765632,0.011306017637252808,0.0011138370027765632,0.005862012505531311,0.007052548695355654,0.005862012505531311,0,0.011306017637252808,0.0,0.0,0.011306017637252808,0,1.0905093772439756e-09,1.734723475976807e-18,0,0,10,12,13,13,0,1,1,1,0.0,0.0,0.0,1,0.012096725404262543,0.006443716585636139,0.005653008818626404,0.005653008818626404,inf,inf,0,0,0.0011138380932859404,-1.734723475976807e-18,1.6615384505345263,0.009392691513358527,1.734723475976807e-18,inf,0,0,0,5,5,0,0,0.038999998942017555
5010,4,0,1,4,ba1178890fbcdebc8226b7c355a9aaca040f3b06070fc5344282a329acc050aa,6422b3ba4af70009e3bdb634f81efb12dc4f4c47a37225332594babd0b417e68,0.034242913126945496,0.01799999177455902,-0.0017038076184689999,-0.0017038076184689999,0.0,0.034242913126945496,0.01799999177455902,1,3,0.9076921939849854,0.20944694064039504,13,1.661538353333106,0.007153640110690516,0.005534365657474514,0.016242921352386475,-0.0017038076184689999,0.016242921352386475,0.0017038076184689999,0.009899680502712727,0.01311405748128891,0.009899680502712727,0,0.034242911264300346,0.01799999177455902,1.862645149230957e-09,0.025242915377020836,0,1.053648748979008e-09,1.3877787807814457e-17,10,11,10,3,1,1,1,1,0,0,0.00899999588727951,0.00899999588727951,0.00899999588727951,0,0.10712796822190285,0.09450651053339243,0.012621457688510418,0.012621457688510418,1.4023848284585818,11.903113019564406,0,0,-0.0017038065648202509,-1.3877787807814457e-17,1.6615384505345263,0.020971037251254685,1.3877787807814457e-17,inf,0,0,0,2,3,0,0,0.006000012159347534
5010,4,0,2,4,ba1178890fbcdebc8226b7c355a9aaca040f3b06070fc5344282a329acc050aa,6422b3ba4af70009e3bdb634f81efb12dc4f4c47a37225332594babd0b417e68,0.04097679257392883,0.024000003933906555,0.00042395308264531195,0.00042395308264531195,0.0016615356280253596,0.04097679257392883,0.024000003933906555,1,4,0.9076921939849854,0.20944694064039504,13,1.6615383533331063,0.008726133143485424,0.006754736206632041,0.016976788640022278,-0.0012375825453800476,0.016976788640022278,0.0012375825453800476,0.008309945464134216,0.015400511212646961,0.008309945464134216,0,0.040976793970912695,0.024000003933906555,1.3969838619232178e-09,0.028976792003959417,0,6.301170002442902e-11,1.0408340855860843e-17,10,11,10,3,1,1,1,1,0,0,0.01000000536441803,0.012000001966953278,0.01000000536441803,0,0.11637851968407631,0.1018901236820966,0.014488396001979709,0.014488396001979709,1.4488388229802605,11.637845725380688,0,0,0.000423953145657012,0.00166153562802537,1.661538450534526,0.02407302704385999,0.00166153562802537,14.48842061392885,1,0,0,1,1,1,1,0.006000012159347534
5010,4,0,3,4,ba1178890fbcdebc8226b7c355a9aaca040f3b06070fc5344282a329acc050aa,6422b3ba4af70009e3bdb634f81efb12dc4f4c47a37225332594babd0b417e68,0.040373824536800385,0.0,0.014054782688617706,0.014054782688617706,0.0,0.040373824536800385,0.0,0,1,0.9076923131942749,0.2094469155167731,13,1.661538461366525,0.011180231573907146,0.008912206511702058,0.040373824536800385,0.014054782688617706,0.040373824536800385,0.014054782688617706,0.011748183518648148,0.020235178992152214,0.011748183518648148,0,0.040373826399445534,0.0,1.862645149230957e-09,0.040373826399445534,0,3.689737172046792e-09,6.938893903907228e-18,0,0,6,12,13,13,0,1,1,1,0.0,0.0,0.0,1,0.14887966960668564,0.12869275640696287,0.020186913199722767,0.020186913199722767,inf,inf,0,0,0.014054786378354878,6.938893903907228e-18,1.6615384522538923,0.03354133251365103,6.938893903907228e-18,inf,0,0,0,3,2,0,0,0.024000003933906555
5010,4,0,4,4,ba1178890fbcdebc8226b7c355a9aaca040f3b06070fc5344282a329acc050aa,6422b3ba4af70009e3bdb634f81efb12dc4f4c47a37225332594babd0b417e68,0.02733467146754265,0.0,0.0077601210214197636,0.0077601210214197636,0.0,0.02733467146754265,0.0,0,1,0.9076921939849854,0.20944694064039504,13,1.661538353333106,0.008172663429502581,0.006669354638005207,0.02733467146754265,0.0077601210214197636,0.02733467146754265,0.0077601210214197636,0.010353149846196175,0.01939363218843937,0.010353149846196175,0,0.027334672089637024,0.0,6.220943760126829e-10,0.027334672089637024,0,3.785318777177471e-10,6.938893903907228e-18,0,0,6,12,13,13,0,1,1,1,0.0,0.0,0.0,1,0.1053653359413147,0.09169799989649619,0.013667336044818512,0.013667336044818512,inf,inf,0,0,0.007760121399951641,-6.938893903907228e-18,1.6615384505345263,0.022708804354842432,6.938893903907228e-18,inf,0,0,0,4,5,0,0,0.024000003933906555
5010,4,0,5,4,ba1178890fbcdebc8226b7c355a9aaca040f3b06070fc5344282a329acc050aa,6422b3ba4af70009e3bdb634f81efb12dc4f4c47a37225332594babd0b417e68,0.03382762521505356,0.0,-0.012928835116326809,-0.012928835116326809,0.0,0.03382762521505356,0.0,0,1,0.9076921939849854,0.20944694064039504,13,1.661538353333106,0.0090755107432926,0.0071835394441728765,0.03382762521505356,-0.012928835116326809,0.03382762521505356,0.012928835116326809,0.005432304926216602,0.019579634070396423,0.005432304926216602,0,0.03382762707769871,0.0,1.862645149230957e-09,0.03382762707769871,0,2.4354227801115513e-09,6.938893903907228e-18,0,0,6,12,13,13,0,1,1,1,0.0,0.0,0.0,1,0.12952712550759315,0.1126133119687438,0.016913813538849354,0.016913813538849354,inf,inf,0,0,-0.012928832680904029,-6.938893903907228e-18,1.6615384505345263,0.02810295153996965,6.938893903907228e-18,inf,0,0,0,5,4,0,0,0.024000003933906555
5010,4,1,0,4,ba1178890fbcdebc8226b7c355a9aaca040f3b06070fc5344282a329acc050aa,6422b3ba4af70009e3bdb634f81efb12dc4f4c47a37225332594babd0b417e68,0.017546096816658974,0.012000000104308128,-0.0016802955651655793,-0.0016802955651655793,0.0016615385294533674,0.017546096816658974,0.012000000104308128,1,4,0.9076921939849854,0.20944694064039504,13,1.661538353333106,0.0025965061016085984,0.0020437527740010493,0.005546096712350845,-0.0033418340946189465,0.005546096712350845,0.0033418340946189465,0.0026391211431473494,0.0045972722582519054,0.0026391211431473494,0,0.01754609728232026,0.012000000104308128,4.656612873077393e-10,0.008601517882198095,0,1.6202032554132884e-10,2.168404344971009e-19,10,11,10,11,1,1,1,1,1,1,0.003999999957159162,0.006000000052154064,0.003999999957159162,0,0.005658815149217844,-0.0013580562081187963,0.004300758941099048,0.004300758941099048,1.0751897467902696,1.4147038024562353,0,0,-0.0016802954031452538,0.0016615385294533676,1.6615384505345263,0.007145876347116222,0.0016615385294533676,4.30075873682397,0,0,0,2,2,0,0,0.012000000104308128
5010,4,1,2,4,ba1178890fbcdebc8226b7c355a9aaca040f3b06070fc5344282a329acc050aa,6422b3ba4af70009e3bdb634f81efb12dc4f4c47a37225332594babd0b417e68,0.02096490189433098,0.024000000208616257,-0.00017708253290038556,-0.00017708253290038556,0.0016615385294533674,0.02096490189433098,0.024000000208616257,1,4,0.9076921939849854,0.20944694064039504,13,1.6615383533331063,0.0035672008215265182,0.0028522962576175144,0.0030350983142852783,-0.001838621062353753,0.0030350983142852783,0.001838621062353753,0.0043031866662204266,0.005720221903175116,0.0043031866662204266,0,0.020964900963008404,0.024000000208616257,9.313225746154785e-10,0.013285278342664242,0,2.2964299011647357e-10,4.336808689942018e-19,10,11,10,11,1,1,1,1,1,1,0.010000000009313226,0.012000000104308128,0.010000000009313226,0,0.007952281273901463,-0.0013096421025693417,0.006642639171332121,0.006642639171332121,0.6642639165145681,0.7952281266495324,0,0,-0.00017708276254337568,0.0016615385294533678,1.661538450534526,0.01103700039619512,0.0016615385294533678,6.642638855823705,0,0,0,1,1,1,1,0.012000000104308128
5010,4,1,3,4,ba1178890fbcdebc8226b7c355a9aaca040f3b06070fc5344282a329acc050aa,6422b3ba4af70009e3bdb634f81efb12dc4f4c47a37225332594babd0b417e68,0.006755492649972439,0.0,-0.0021730593871325254,-0.0021730593871325254,0.0,0.006755492649972439,0.0,0,1,0.9076923131942749,0.2094469155167731,13,1.661538461366525,0.0021626645802498537,0.0017357446348360746,0.006755492649972439,-0.0021730593871325254,0.006755492649972439,0.0021730593871325254,0.003199530066922307,0.005418779794126749,0.003199530066922307,0,0.006755492649972439,0.0,0.0,0.006755492649972439,0,9.733226204178269e-11,4.336808689942018e-19,0,0,2,5,13,13,0,1,1,1,0.0,0.0,0.0,1,0.003556492505595088,-0.0001787461806088686,0.0033777463249862194,0.0033777463249862194,inf,inf,0,0,-0.0021730594844647875,-4.336808689942018e-19,1.6615384522538923,0.005612255400923876,4.336808689942018e-19,inf,0,0,0,3,5,0,0,0.024000000208616257
5010,4,1,4,4,ba1178890fbcdebc8226b7c355a9aaca040f3b06070fc5344282a329acc050aa,6422b3ba4af70009e3bdb634f81efb12dc4f4c47a37225332594babd0b417e68,0.011346761137247086,0.0,0.001455610035918653,0.001455610035918653,0.0,0.011346761137247086,0.0,0,1,0.9076921939849854,0.20944694064039504,13,1.661538353333106,0.0030028855655013964,0.0024811513618615694,0.011346761137247086,0.001455610035918653,0.011346761137247086,0.001455610035918653,0.0028824866749346256,0.007365481462329626,0.0028824866749346256,0,0.011346761137247086,0.0,0.0,0.011346761137247086,0,2.3799325531148607e-10,1.0842021724855044e-19,0,0,7,11,13,13,0,1,1,1,0.0,0.0,0.0,1,0.008685113163664937,-0.0030117325950413942,0.005673380568623543,0.005673380568623543,inf,inf,0,0,0.0014556097979253977,1.0842021724855044e-19,1.6615384505345263,0.00942653995928345,1.0842021724855044e-19,inf,0,0,0,4,4,0,0,0.024000000208616257
5010,4,1,5,4,ba1178890fbcdebc8226b7c355a9aaca040f3b06070fc5344282a329acc050aa,6422b3ba4af70009e3bdb634f81efb12dc4f4c47a37225332594babd0b417e68,0.0118295568972826,0.0,0.0006995092262513936,0.0006995092262513936,0.0,0.0118295568972826,0.0,0,1,0.9076921939849854,0.20944694064039504,13,1.661538353333106,0.0031632625374517385,0.0025868611294878148,0.0118295568972826,0.0006995092262513936,0.0118295568972826,0.0006995092262513936,0.004327398259192705,0.008140378631651402,0.004327398259192705,0,0.011829557362943888,0.0,4.656612873077393e-10,0.011829557362943888,0,1.9730313986342923e-10,1.0842021724855044e-19,0,0,7,5,13,13,0,1,1,1,0.0,0.0,0.0,1,0.007202355423942208,-0.0012875767424702644,0.005914778681471944,0.005914778681471944,inf,inf,0,0,0.0006995094235545334,1.0842021724855044e-19,1.6615384505345263,0.009827632205667541,1.0842021724855044e-19,inf,0,0,0,5,3,0,0,0.024000000208616257
5010,4,2,0,4,ba1178890fbcdebc8226b7c355a9aaca040f3b06070fc5344282a329acc050aa,6422b3ba4af70009e3bdb634f81efb12dc4f4c47a37225332594babd0b417e68,0.011959286406636238,0.012000001035630703,-0.002245156327262521,-0.002245156327262521,0.001661538658405723,0.011959286406636238,0.012000001035630703,1,4,0.9076921939849854,0.20944694064039504,13,1.661538353333106,0.002198145787704313,0.0018076805408889726,4.0714628994464874e-05,-0.003906694985668244,4.0714628994464874e-05,0.003906694985668244,0.004697845783084631,0.00425913417711854,0.004697845783084631,0,0.011959286406636238,0.012000001035630703,0.0,0.008175812661647797,0,9.067895462289144e-10,0.0,10,11,10,11,1,1,1,1,1,1,0.0040000006556510925,0.006000000052154064,0.0040000006556510925,0,0.009176036342978477,0.005088130012154579,0.004087906330823898,0.004087906330823898,1.0219764151909863,2.29400870972729,0,0,-0.0022451554204729746,0.001661538658405723,1.6615384505345263,0.006792213550847421,0.001661538658405723,4.087905819395544,0,0,0,2,2,0,0,0.026999997906386852
5010,4,2,1,4,ba1178890fbcdebc8226b7c355a9aaca040f3b06070fc5344282a329acc050aa,6422b3ba4af70009e3bdb634f81efb12dc4f4c47a37225332594babd0b417e68,0.01626110076904297,0.038999998942017555,0.002375237410888076,0.002375237410888076,0.0020769230167453114,0.01626110076904297,0.038999998942017555,1,4,0.9076921939849854,0.20944694064039504,13,1.661538353333106,0.008022967787398092,0.004312920169188426,0.022738898172974586,0.0002983143941427645,0.022738898172974586,0.0002983143941427645,0.004760601092129946,0.005605156999081373,0.004760601092129946,0,0.01626110076904297,0.038999998942017555,0.0,0.034207554534077644,0,7.858627030371546e-10,3.469446951953614e-18,10,1,10,11,1,1,1,1,0,0,0.008999999612569809,0.020999999716877937,0.008999999612569809,0,0.03084949217736721,0.013745714910328388,0.017103777267038822,0.017103777267038822,1.9004197781465355,3.4277215005966672,0,0,0.002375236625025373,0.002076923016745308,1.6615384505345263,0.02841858357856334,0.002076923016745308,13.683022119470449,1,0,0,1,1,1,1,0.026999997906386852
5010,4,2,3,4,ba1178890fbcdebc8226b7c355a9aaca040f3b06070fc5344282a329acc050aa,6422b3ba4af70009e3bdb634f81efb12dc4f4c47a37225332594babd0b417e68,0.009739341214299202,0.0,-0.0016646062722429633,-0.0016646062722429633,0.0,0.009739341214299202,0.0,0,1,0.9076923131942749,0.2094469155167731,13,1.661538461366525,0.0027191564102354987,0.002209775789073233,0.009739341214299202,-0.0016646062722429633,0.009739341214299202,0.0016646062722429633,0.0035780116450041533,0.004221752751618624,0.0035780116450041533,0,0.009739341214299202,0.0,0.0,0.009739341214299202,0,2.479097521018714e-09,3.469446951953614e-18,0,0,8,12,13,13,0,1,1,1,0.0,0.0,0.0,1,0.010065242648124695,0.005195572040975094,0.004869670607149601,0.004869670607149601,inf,inf,0,0,-0.0016646037931454423,-3.469446951953614e-18,1.6615384522538923,0.00809114496358962,3.469446951953614e-18,inf,0,0,0,3,4,0,0,0.038999998942017555
5010,4,2,4,4,ba1178890fbcdebc8226b7c355a9aaca040f3b06070fc5344282a329acc050aa,6422b3ba4af70009e3bdb634f81efb12dc4f4c47a37225332594babd0b417e68,0.009235518053174019,0.0,0.001989340642467141,0.001989340642467141,0.0,0.009235518053174019,0.0,0,1,0.9076921939849854,0.20944694064039504,13,1.661538353333106,0.00288185893662295,0.002461270423683189,0.009235518053174019,0.001989340642467141,0.009235518053174019,0.001989340642467141,0.004403976257890463,0.004168415442109108,0.004403976257890463,0,0.009235518053174019,0.0,0.0,0.009235518053174019,0,1.2870947033866154e-09,0.0,0,0,7,12,13,13,0,1,1,1,0.0,0.0,0.0,1,0.005475617945194244,0.000857858918607235,0.004617759026587009,0.004617759026587009,inf,inf,0,0,0.0019893419295618445,0.0,1.6615384505345263,0.007672584177977202,0.0,inf,0,0,0,4,5,0,0,0.038999998942017555
5010,4,2,5,4,ba1178890fbcdebc8226b7c355a9aaca040f3b06070fc5344282a329acc050aa,6422b3ba4af70009e3bdb634f81efb12dc4f4c47a37225332594babd0b417e68,0.010195279493927956,0.0,0.0009534209966659546,0.0009534209966659546,3.469446951953614e-18,0.010195279493927956,0.0,0,1,0.9076921939849854,0.20944694064039504,13,1.661538353333106,0.00283147602024799,0.002395953277688055,0.010195279493927956,0.0009534209966659511,0.010195279493927956,0.0009534209966659511,0.0025590304285287857,0.00585600221529603,0.0025590304285287857,0,0.010195279493927956,0.0,0.0,0.010195279493927956,0,3.074214237341888e-09,5.204170427930421e-18,0,0,8,12,13,13,0,1,1,1,0.0,0.0,0.0,1,0.006196171045303345,0.001098531298339367,0.005097639746963978,0.005097639746963978,inf,inf,0,0,0.0009534240708801919,-1.734723475976807e-18,1.6615384505345263,0.008469924446553742,1.734723475976807e-18,inf,0,0,0,5,3,0,0,0.038999998942017555
5010,5,0,1,5,9a9c5cdcd57c65f0951acf48411fdff110d5f9a9f11d7eb1ca4a60d35401e637,6422b3ba4af70009e3bdb634f81efb12dc4f4c47a37225332594babd0b417e68,0.015473555773496628,0.017999999225139618,-0.0011540765408426523,-0.0011540765408426523,3.469446951953614e-18,0.015473555773496628,0.017999999225139618,1,3,0.9076921939849854,0.20944694064039504,13,1.661538353333106,0.003089743913346549,0.002256283905775942,0.00252644345164299,-0.0011540765408426558,0.00252644345164299,0.0011540765408426558,0.0036651825066655874,0.004415699280798435,0.0036651825066655874,0,0.01547355530783534,0.017999999225139618,4.656612873077393e-10,0.01341605233028531,0,1.0894101324168681e-09,0.0,10,11,4,11,1,1,1,0,1,0,0.008999999612569809,0.008999999612569809,0.008999999612569809,0,0.012675599660724401,0.005967573495581746,0.006708026165142655,0.006708026165142655,0.7453362726564922,1.4084000229312323,0,0,-0.00115407545143252,3.469446951953614e-18,1.6615384505345263,0.011145643400576189,3.469446951953614e-18,inf,0,0,0,2,1,0,1,0.006000000983476639
5010,5,0,2,5,9a9c5cdcd57c65f0951acf48411fdff110d5f9a9f11d7eb1ca4a60d35401e637,6422b3ba4af70009e3bdb634f81efb12dc4f4c47a37225332594babd0b417e68,0.014012172818183899,0.024000000208616257,-0.0031102250795811415,-0.0031102250795811415,-0.001523077162641745,0.014012172818183899,0.024000000208616257,1,4,0.007692307233810425,0.20944694064039504,13,1.6615383533331063,0.0034096021044028846,0.002902441090468824,0.009987827390432358,-0.0015871479169393965,0.009987827390432358,0.0015871479169393965,0.0036996291019022465,0.007121420465409756,0.0036996291019022465,0,0.014012172352522612,0.024000000208616257,4.656612873077393e-10,0.01180101977661252,0,2.8745464038595903e-10,2.6020852139652106e-18,10,11,10,11,1,1,1,1,1,1,0.012000000104308128,0.009999999776482582,0.009999999776482582,0,0.013208173215389252,0.007307663327082992,0.00590050988830626,0.00590050988830626,0.5900510020192936,1.3208173510614936,0,0,-0.003110225367035782,-0.0015230771626417424,1.661538450534526,0.009803924057180034,0.0015230771626417424,6.436918823059071,1,0,0,1,2,1,0,0.006000000983476639
5010,5,0,3,5,9a9c5cdcd57c65f0951acf48411fdff110d5f9a9f11d7eb1ca4a60d35401e637,6422b3ba4af70009e3bdb634f81efb12dc4f4c47a37225332594babd0b417e68,0.011481202207505703,0.0,0.00013213542115408927,0.00013213542115408927,-3.469446951953614e-18,0.011481202207505703,0.0,0,1,0.9076923131942749,0.2094469155167731,13,1.661538461366525,0.0035270263935186265,0.0029186143997241057,0.011481202207505703,0.00013213542115409274,0.011481202207505703,0.00013213542115409274,0.004730387590825558,0.008884129114449024,0.004730387590825558,0,0.011481202440336347,0.0,2.3283064365386963e-10,0.011481202440336347,0,7.630348406069409e-10,7.806255641895632e-18,0,0,4,9,13,13,0,1,1,1,0.0,0.0,0.0,1,0.014767788583412766,0.009027187363244593,0.005740601220168173,0.005740601220168173,inf,inf,0,0,0.00013213465811924867,4.336808689942018e-18,1.6615384522538923,0.009538229666365033,4.336808689942018e-18,inf,0,0,0,3,5,0,0,0.024000000208616257
5010,5,0,4,5,9a9c5cdcd57c65f0951acf48411fdff110d5f9a9f11d7eb1ca4a60d35401e637,6422b3ba4af70009e3bdb634f81efb12dc4f4c47a37225332594babd0b417e68,0.012888782657682896,0.0,-0.002739066956564784,-0.002739066956564784,0.0,0.012888782657682896,0.0,0,1,0.9076921939849854,0.20944694064039504,13,1.661538353333106,0.0038240546266468294,0.003270838856035788,0.012888782657682896,-0.002739066956564784,0.012888782657682896,0.002739066956564784,0.00354027166031301,0.010331143625080585,0.00354027166031301,0,0.012888782424852252,0.0,2.3283064365386963e-10,0.012888782424852252,0,6.964708445383883e-10,2.6020852139652106e-18,0,0,4,9,13,13,0,1,1,1,0.0,0.0,0.0,1,0.01504199649207294,0.008597605279646814,0.006444391212426126,0.006444391212426126,inf,inf,0,0,-0.0027390676530356286,2.6020852139652106e-18,1.6615384505345263,0.010707603789732822,2.6020852139652106e-18,inf,0,0,0,4,3,0,0,0.024000000208616257
5010,5,0,5,5,9a9c5cdcd57c65f0951acf48411fdff110d5f9a9f11d7eb1ca4a60d35401e637,6422b3ba4af70009e3bdb634f81efb12dc4f4c47a37225332594babd0b417e68,0.012540766969323158,0.0,-0.0005964356823824346,-0.0005964356823824346,0.0,0.012540766969323158,0.0,0,1,0.9076921939849854,0.20944694064039504,13,1.661538353333106,0.003220361838262269,0.002764344055580316,0.012540766969323158,-0.0005964356823824346,0.012540766969323158,0.0005964356823824346,0.0020952054765075445,0.008284984156489372,0.0020952054765075445,0,0.012540767434984446,0.0,4.656612873077393e-10,0.012540767434984446,0,6.524532719653919e-10,3.469446951953614e-18,0,0,4,9,13,13,0,1,1,1,0.0,0.0,0.0,1,0.013199817854911089,0.006929434137418866,0.006270383717492223,0.006270383717492223,inf,inf,0,0,-0.0005964363348357066,3.469446951953614e-18,1.6615384505345263,0.01041848364621895,3.469446951953614e-18,inf,0,0,0,5,4,0,0,0.024000000208616257
5010,5,1,0,5,9a9c5cdcd57c65f0951acf48411fdff110d5f9a9f11d7eb1ca4a60d35401e637,6422b3ba4af70009e3bdb634f81efb12dc4f4c47a37225332594babd0b417e68,0.012229327112436295,0.011999999871477485,-0.0016048509860411286,-0.0016048509860411286,-1.6119044467244326e-11,0.012229327112436295,0.011999999871477485,1,3,0.007692307233810425,0.20944694064039504,13,1.661538353333106,0.002009943379385567,0.0016838701596186005,0.00022932724095880985,-0.0016048509699220842,0.00022932724095880985,0.0016048509699220842,0.002619456732645631,0.0048498306423425674,0.002619456732645631,0,0.012229327578097582,0.011999999871477485,4.656612873077393e-10,0.007314987014979124,0,7.825516372059194e-10,2.168404344971009e-19,10,11,7,11,1,1,1,0,1,0,0.006000000052154064,0.0059999998193234205,0.0059999998193234205,0,0.008379131322726607,-0.004721637815237045,0.003657493507489562,0.003657493507489562,0.6095822696044669,1.3965219291742355,0,0,-0.0016048502034894914,-1.611904468408476e-11,1.6615384505345263,0.006077066095274297,1.611904468408476e-11,377011554.61616945,1,0,0,2,2,0,0,0.012000000337138772
5010,5,1,2,5,9a9c5cdcd57c65f0951acf48411fdff110d5f9a9f11d7eb1ca4a60d35401e637,6422b3ba4af70009e3bdb634f81efb12dc4f4c47a37225332594babd0b417e68,0.016114402562379837,0.024000000208616257,-0.0006127445958554745,-0.0006127445958554745,-0.0015230770175703422,0.016114402562379837,0.024000000208616257,1,4,0.007692307233810425,0.20944694064039504,13,1.6615383533331063,0.003060599502981428,0.0023524421308542317,0.00788559764623642,0.0009103324217148677,0.00788559764623642,0.0009103324217148677,0.003544093808159232,0.004159664735198021,0.003544093808159232,0,0.016114403028041124,0.024000000208616257,4.656612873077393e-10,0.012245137128047645,0,6.254801880427319e-10,6.505213034913027e-19,10,11,10,11,1,1,1,1,1,1,0.012000000337138772,0.009999999776482582,0.009999999776482582,0,0.009192975703626871,-0.0030704071396030486,0.0061225685640238225,0.0061225685640238225,0.6122568700873897,0.9192975909105895,0,0,-0.0006127452213356625,-0.0015230770175703428,1.661538450534526,0.01017288308515954,0.0015230770175703428,6.679165247590448,1,0,0,1,1,1,1,0.012000000337138772
5010,5,1,3,5,9a9c5cdcd57c65f0951acf48411fdff110d5f9a9f11d7eb1ca4a60d35401e637,6422b3ba4af70009e3bdb634f81efb12dc4f4c47a37225332594babd0b417e68,0.006589309312403202,0.0,-0.0018242126097902656,-0.0018242126097902656,4.336808689942018e-19,0.006589309312403202,0.0,0,1,0.9076923131942749,0.2094469155167731,13,1.661538461366525,0.0017884417115251728,0.0015328538675720876,0.006589309312403202,-0.001824212609790266,0.006589309312403202,0.001824212609790266,0.0032085939310491085,0.004579230677336454,0.0032085939310491085,0,0.006589309079572558,0.0,2.3283064365386963e-10,0.006589309079572558,0,6.882983428005418e-10,2.168404344971009e-19,0,0,7,8,13,13,0,1,1,1,0.0,0.0,0.0,1,0.005899218609556556,-0.0026045640697702765,0.003294654539786279,0.003294654539786279,inf,inf,0,0,-0.0018242132980886084,2.168404344971009e-19,1.6615384522538923,0.005474195204747754,2.168404344971009e-19,inf,0,0,0,3,5,0,0,0.024000000208616257
5010,5,1,4,5,9a9c5cdcd57c65f0951acf48411fdff110d5f9a9f11d7eb1ca4a60d35401e637,6422b3ba4af70009e3bdb634f81efb12dc4f4c47a37225332594babd0b417e68,0.00940698478370905,0.0,-0.0017000348307192326,-0.0017000348307192326,-4.336808689942018e-19,0.00940698478370905,0.0,0,1,0.9076921939849854,0.20944694064039504,13,1.661538353333106,0.0023543356470683255,0.0018234842473409585,0.00940698478370905,-0.0017000348307192321,0.00940698478370905,0.0017000348307192321,0.0027907926123589277,0.004886259790509939,0.0027907926123589277,0,0.00940698478370905,0.0,0.0,0.00940698478370905,0,6.651162693521728e-12,4.336808689942018e-19,0,0,7,11,13,13,0,1,1,1,0.0,0.0,0.0,1,0.009086470818147063,-0.004382978426292539,0.004703492391854525,0.004703492391854525,inf,inf,0,0,-0.0017000348373703953,0.0,1.6615384505345263,0.0078150334608629,0.0,inf,0,0,0,4,3,0,0,0.024000000208616257
5010,5,1,5,5,9a9c5cdcd57c65f0951acf48411fdff110d5f9a9f11d7eb1ca4a60d35401e637,6422b3ba4af70009e3bdb634f81efb12dc4f4c47a37225332594babd0b417e68,0.007774492725729942,0.0,0.0005807128036394715,0.0005807128036394715,-4.336808689942018e-19,0.007774492725729942,0.0,0,1,0.9076921939849854,0.20944694064039504,13,1.661538353333106,0.0020245023302402614,0.0015848682223427932,0.007774492725729942,0.000580712803639472,0.007774492725729942,0.000580712803639472,0.001727243303321302,0.004916155245155096,0.001727243303321302,0,0.007774492725729942,0.0,0.0,0.007774492725729942,0,1.048001788649111e-09,0.0,0,0,7,11,13,13,0,1,1,1,0.0,0.0,0.0,1,0.009303177474066615,-0.005415931111201644,0.003887246362864971,0.003887246362864971,inf,inf,0,0,0.0005807117556376829,-4.336808689942018e-19,1.6615384505345263,0.0064588092986006375,4.336808689942018e-19,inf,0,0,0,5,4,0,0,0.024000000208616257
5010,5,2,0,5,9a9c5cdcd57c65f0951acf48411fdff110d5f9a9f11d7eb1ca4a60d35401e637,6422b3ba4af70009e3bdb634f81efb12dc4f4c47a37225332594babd0b417e68,0.01053522527217865,0.012000001966953278,-0.0001938260393217206,-0.0001938260393217206,3.469446951953614e-18,0.01053522527217865,0.012000001966953278,1,3,0.007692307233810425,0.20944694064039504,13,1.661538353333106,0.0026720781301619733,0.0021278858901216434,0.0014647766947746277,-0.00019382603932172407,0.0014647766947746277,0.00019382603932172407,0.0021756060887128115,0.005427193362265825,0.0021756060887128115,0,0.010535224806517363,0.012000001966953278,4.656612873077393e-10,0.010267010889947414,0,3.9709575037905065e-10,5.204170427930421e-18,10,11,7,11,1,1,1,0,1,0,0.006000000983476639,0.006000000983476639,0.006000000983476639,0,0.016902117989957333,-0.011768612544983625,0.005133505444973707,0.005133505444973707,0.8555841005877887,2.817019203247459,0,0,-0.00019382564222597022,-1.734723475976807e-18,1.6615384505345263,0.008529516682852168,1.734723475976807e-18,inf,0,0,0,2,2,0,0,0.00599999725818634
5010,5,2,1,5,9a9c5cdcd57c65f0951acf48411fdff110d5f9a9f11d7eb1ca4a60d35401e637,6422b3ba4af70009e3bdb634f81efb12dc4f4c47a37225332594babd0b417e68,0.011034143157303333,0.017999999225139618,0.00191506405826658,0.00191506405826658,0.0,0.011034143157303333,0.017999999225139618,1,3,0.9076921939849854,0.20944694064039504,13,1.661538353333106,0.002656105937603515,0.0021637915220309996,0.006965856067836285,0.00191506405826658,0.006965856067836285,0.00191506405826658,0.0032794559374451637,0.003975034225732088,0.0032794559374451637,0,0.011034143157303333,0.017999999225139618,0.0,0.009909046813845634,0,2.9745275686998696e-10,1.734723475976807e-18,10,11,7,11,1,1,1,0,1,0,0.008999999612569809,0.008999999612569809,0.008999999612569809,0,0.0174620458856225,-0.012507522478699684,0.004954523406922817,0.004954523406922817,0.5505026244671283,1.9402274041472416,0,0,0.0019150637608138232,-1.734723475976807e-18,1.6615384505345263,0.00823213114467558,1.734723475976807e-18,inf,0,0,0,1,1,1,1,0.00599999725818634
5010,5,2,3,5,9a9c5cdcd57c65f0951acf48411fdff110d5f9a9f11d7eb1ca4a60d35401e637,6422b3ba4af70009e3bdb634f81efb12dc4f4c47a37225332594babd0b417e68,0.008005257695913315,0.0,9.034523827722296e-05,9.034523827722296e-05,0.0,0.008005257695913315,0.0,0,1,0.9076923131942749,0.2094469155167731,13,1.661538461366525,0.0020641506195848455,0.0015375208352091747,0.008005257695913315,9.034523827722296e-05,0.008005257695913315,9.034523827722296e-05,0.0022571992594748735,0.004969444591552019,0.0022571992594748735,0,0.008005257695913315,0.0,0.0,0.008005257695913315,0,1.2322662439057108e-09,3.469446951953614e-18,0,0,1,12,13,13,0,1,1,1,0.0,0.0,0.0,1,0.013307493180036545,-0.009304864332079887,0.004002628847956657,0.004002628847956657,inf,inf,0,0,9.034647054346687e-05,-3.469446951953614e-18,1.6615384522538923,0.006650521740980684,3.469446951953614e-18,inf,0,0,0,3,5,0,0,0.017999999225139618
5010,5,2,4,5,9a9c5cdcd57c65f0951acf48411fdff110d5f9a9f11d7eb1ca4a60d35401e637,6422b3ba4af70009e3bdb634f81efb12dc4f4c47a37225332594babd0b417e68,0.010157637298107147,0.0,-0.0006258647190406919,-0.0006258647190406919,3.469446951953614e-18,0.010157637298107147,0.0,0,1,0.9076921939849854,0.20944694064039504,13,1.661538353333106,0.0026129470336138222,0.0018416440290724033,0.010157637298107147,-0.0006258647190406953,0.010157637298107147,0.0006258647190406953,0.003772109979763627,0.0031957682222127914,0.003772109979763627,0,0.01015763683244586,0.0,4.656612873077393e-10,0.01015763683244586,0,4.895072771606002e-10,3.469446951953614e-18,0,0,7,12,13,13,0,1,1,1,0.0,0.0,0.0,1,0.015964326914399862,-0.010885508498176932,0.00507881841622293,0.00507881841622293,inf,inf,0,0,-0.0006258642295334147,0.0,1.6615384505345263,0.008438652081837264,0.0,inf,0,0,0,4,3,0,0,0.017999999225139618
5010,5,2,5,5,9a9c5cdcd57c65f0951acf48411fdff110d5f9a9f11d7eb1ca4a60d35401e637,6422b3ba4af70009e3bdb634f81efb12dc4f4c47a37225332594babd0b417e68,0.009036287665367126,0.0,-2.906180452555418e-05,-2.906180452555418e-05,3.469446951953614e-18,0.009036287665367126,0.0,0,1,0.9076921939849854,0.20944694064039504,13,1.661538353333106,0.0023645152271227275,0.0016237198259438988,0.009036287665367126,-2.906180452555765e-05,0.009036287665367126,2.906180452555765e-05,0.003145685186609626,0.003921209368854761,0.003145685186609626,0,0.009036288131028414,0.0,4.656612873077393e-10,0.009036288131028414,0,2.2010113783638152e-10,3.469446951953614e-18,0,0,7,12,13,13,0,1,1,1,0.0,0.0,0.0,1,0.01715758489444852,-0.012639440828934312,0.004518144065514207,0.004518144065514207,inf,inf,0,0,-2.9062024626692017e-05,0.0,1.6615384505345263,0.007507070089906241,0.0,inf,0,0,0,5,4,0,0,0.017999999225139618
5010,6,0,1,6,6a702b0011d7c027546f0c5c5b9a64667f1e3cd205f3e4784a8ab55f3e610f37,6422b3ba4af70009e3bdb634f81efb12dc4f4c47a37225332594babd0b417e68,0.011663269251585007,0.017999999225139618,-0.0012217266485095024,-0.0012217266485095024,0.0,0.011663269251585007,0.017999999225139618,1,3,0.9076921939849854,0.20944694064039504,13,1.661538353333106,0.0027586921921754887,0.002175929675088126,0.006336729973554611,-0.0012217266485095024,0.006336729973554611,0.0012217266485095024,0.0036467015743255615,0.0036671054549515247,0.0036467015743255615,0,0.011663269251585007,0.017999999225139618,0.0,0.009381148964166641,0,2.5011700505866985e-09,1.734723475976807e-18,10,11,4,11,1,1,1,0,1,0,0.008999999612569809,0.008999999612569809,0.008999999612569809,0,0.005581393837928772,-0.0008908193558454514,0.004690574482083321,0.004690574482083321,0.5211749648891374,0.620154897577278,0,0,-0.0012217241473394518,-1.734723475976807e-18,1.6615384505345263,0.007793569857077509,1.734723475976807e-18,inf,0,0,0,2,3,0,0,0.006000002846121788
5010,6,0,2,6,6a702b0011d7c027546f0c5c5b9a64667f1e3cd205f3e4784a8ab55f3e610f37,6422b3ba4af70009e3bdb634f81efb12dc4f4c47a37225332594babd0b417e68,0.012683689594268799,0.024000002071261406,0.0015130086103454232,0.0015130086103454232,-0.0015230758731181841,0.012683689594268799,0.024000002071261406,1,4,0.007692307233810425,0.20944694064039504,13,1.6615383533331063,0.003557915667182909,0.002992924435075218,0.011316312476992607,0.0030360844834636073,0.011316312476992607,0.0030360844834636073,0.0033953171223402023,0.003440339583903551,0.0033953171223402023,0,0.012683689594268799,0.024000002071261406,0.0,0.012773778289556503,0,1.4661072824523336e-09,1.734723475976807e-18,10,11,8,11,1,1,1,0,1,0,0.012000001966953278,0.010000001639127731,0.010000001639127731,0,0.006749849766492844,-0.000362960621714592,0.006386889144778252,0.006386889144778252,0.6386888097885712,0.6749848660106431,0,0,0.0015130071442381408,-0.0015230758731181859,1.661538450534526,0.01061206189335064,0.0015230758731181859,6.9675201877005755,0,0,0,1,2,1,0,0.006000002846121788
5010,6,0,3,6,6a702b0011d7c027546f0c5c5b9a64667f1e3cd205f3e4784a8ab55f3e610f37,6422b3ba4af70009e3bdb634f81efb12dc4f4c47a37225332594babd0b417e68,0.011531209573149681,0.0,0.0009256424382328987,0.0009256424382328987,0.0,0.011531209573149681,0.0,0,1,0.9076923131942749,0.2094469155167731,13,1.661538461366525,0.003709315707965619,0.0029581607975197963,0.011531209573149681,0.0009256424382328987,0.011531209573149681,0.0009256424382328987,0.004755120724439621,0.004206769168376923,0.004755120724439621,0,0.011531209573149681,0.0,0.0,0.011531209573149681,0,3.36191685254561e-09,6.938893903907228e-18,0,0,8,0,13,13,0,1,1,1,0.0,0.0,0.0,1,0.008483950048685074,0.0027183452621102333,0.0057656047865748405,0.0057656047865748405,inf,inf,0,0,0.0009256458001497513,-6.938893903907228e-18,1.6615384522538923,0.009579774053393194,6.938893903907228e-18,inf,0,0,0,3,4,0,0,0.024000002071261406
5010,6,0,4,6,6a702b0011d7c027546f0c5c5b9a64667f1e3cd205f3e4784a8ab55f3e610f37,6422b3ba4af70009e3bdb634f81efb12dc4f4c47a37225332594babd0b417e68,0.013667872175574303,0.0,-0.0010465467348694801,-0.0010465467348694801,0.0,0.013667872175574303,0.0,0,1,0.9076921939849854,0.20944694064039504,13,1.661538353333106,0.0036795036920890503,0.0029159093925938814,0.013667872175574303,-0.0010465467348694801,0.013667872175574303,0.0010465467348694801,0.0032764479983597994,0.004657034762203693,0.0032764479983597994,0,0.013667872175574303,0.0,0.0,0.013667872175574303,0,2.0415126186779098e-09,1.734723475976807e-18,0,0,8,12,13,13,0,1,1,1,0.0,0.0,0.0,1,0.006836406886577606,2.4707987904548645e-06,0.006833936087787151,0.006833936087787151,inf,inf,0,0,-0.0010465446933568615,-1.734723475976807e-18,1.6615384505345263,0.011354847578353845,1.734723475976807e-18,inf,0,0,0,4,1,0,1,0.024000002071261406
5010,6,0,5,6,6a702b0011d7c027546f0c5c5b9a64667f1e3cd205f3e4784a8ab55f3e610f37,6422b3ba4af70009e3bdb634f81efb12dc4f4c47a37225332594babd0b417e68,0.008954258635640144,0.0,-0.0029271163512021303,-0.0029271163512021303,0.0,0.008954258635640144,0.0,0,1,0.9076921939849854,0.20944694064039504,13,1.661538353333106,0.002889671284482938,0.0024253825199674573,0.008954258635640144,-0.0029271163512021303,0.008954258635640144,0.0029271163512021303,0.0021110058296471834,0.00248004961758852,0.0021110058296471834,0,0.008954258635640144,0.0,0.0,0.008954258635640144,0,4.521971944462799e-09,1.734723475976807e-18,0,0,8,12,13,13,0,1,1,1,0.0,0.0,0.0,1,0.005911614745855331,0.0014344854280352592,0.004477129317820072,0.004477129317820072,inf,inf,0,0,-0.002927111829230186,-1.734723475976807e-18,1.6615384505345263,0.007438922509573464,1.734723475976807e-18,inf,0,0,0,5,5,0,0,0.024000002071261406
5010,6,1,0,6,6a702b0011d7c027546f0c5c5b9a64667f1e3cd205f3e4784a8ab55f3e610f37,6422b3ba4af70009e3bdb634f81efb12dc4f4c47a37225332594babd0b417e68,0.012204685248434544,0.011999999871477485,-0.0017146021127700806,-0.0017146021127700806,-1.6119044467244326e-11,0.012204685248434544,0.011999999871477485,1,3,0.9076921939849854,0.20944694064039504,13,1.661538353333106,0.0019199036522028231,0.0016219498611678034,0.0002046853769570589,-0.001714602096651036,0.0002046853769570589,0.001714602096651036,0.002690594643354416,0.0038602743297815323,0.002690594643354416,0,0.0122046850156039,0.011999999871477485,2.3283064365386963e-10,0.006766065955162048,0,1.9819221567726752e-10,2.168404344971009e-19,10,11,10,11,1,1,1,1,1,1,0.006000000052154064,0.0059999998193234205,0.0059999998193234205,0,0.006586682749912143,-0.0032036497723311186,0.003383032977581024,0.003383032977581024,0.563838846575583,1.0977804913758944,0,0,-0.0017146023109622962,-1.611904468408476e-11,1.6615384505345263,0.00562103937167718,1.611904468408476e-11,348720379.02017534,1,0,0,2,2,0,0,0.012000000337138772
5010,6,1,2,6,6a702b0011d7c027546f0c5c5b9a64667f1e3cd205f3e4784a8ab55f3e610f37,6422b3ba4af70009e3bdb634f81efb12dc4f4c47a37225332594babd0b417e68,0.016758179292082787,0.024000000208616257,-0.0011532210046425462,-0.0011532210046425462,-0.0015230770175703422,0.016758179292082787,0.024000000208616257,1,4,0.007692307233810425,0.20944694064039504,13,1.6615383533331063,0.003040331957498785,0.002382783292924996,0.00724182091653347,0.000369856012927796,0.00724182091653347,0.000369856012927796,0.003448614152148366,0.0030631169211119413,0.003448614152148366,0,0.016758179001044482,0.024000000208616257,2.9103830456733704e-10,0.011606052226852626,0,4.799636139918295e-10,6.505213034913027e-19,10,11,10,11,1,1,1,1,1,1,0.012000000337138772,0.009999999776482582,0.009999999776482582,0,0.008358543098438531,-0.0025555169850122184,0.005803026113426313,0.005803026113426313,0.5803026243134057,0.8358543285266532,0,0,-0.0011532214846061602,-0.0015230770175703428,1.661538450534526,0.00964195101691375,0.0015230770175703428,6.330573507237915,1,0,0,1,1,1,1,0.012000000337138772
5010,6,1,3,6,6a702b0011d7c027546f0c5c5b9a64667f1e3cd205f3e4784a8ab55f3e610f37,6422b3ba4af70009e3bdb634f81efb12dc4f4c47a37225332594babd0b417e68,0.006058818660676479,0.0,-0.0023747726809233427,-0.0023747726809233427,4.336808689942018e-19,0.006058818660676479,0.0,0,1,0.9076923131942749,0.2094469155167731,13,1.661538461366525,0.001918466595981059,0.0016315686957326515,0.006058818660676479,-0.002374772680923343,0.006058818660676479,0.002374772680923343,0.0030073081143200397,0.00367911159992218,0.0030073081143200397,0,0.006058818893507123,0.0,2.3283064365386963e-10,0.006058818893507123,0,8.13849286140228e-10,2.168404344971009e-19,0,0,7,11,13,13,0,1,1,1,0.0,0.0,0.0,1,0.005026321625337005,-0.001996912178583443,0.0030294094467535615,0.0030294094467535615,inf,inf,0,0,-0.0023747718670740566,2.168404344971009e-19,1.6615384522538923,0.005033480283402233,2.168404344971009e-19,inf,0,0,0,3,5,0,0,0.024000000208616257
5010,6,1,4,6,6a702b0011d7c027546f0c5c5b9a64667f1e3cd205f3e4784a8ab55f3e610f37,6422b3ba4af70009e3bdb634f81efb12dc4f4c47a37225332594babd0b417e68,0.009359117597341537,0.0,-0.0010498282499611378,-0.0010498282499611378,0.0,0.009359117597341537,0.0,0,1,0.9076921939849854,0.20944694064039504,13,1.661538353333106,0.002342138558188489,0.0018076106586311694,0.009359117597341537,-0.0010498282499611378,0.009359117597341537,0.0010498282499611378,0.003706308314576745,0.005212891846895218,0.003706308314576745,0,0.009359117364510894,0.0,2.3283064365386963e-10,0.009359117364510894,0,1.6677474158621752e-10,4.336808689942018e-19,0,0,7,11,13,13,0,1,1,1,0.0,0.0,0.0,1,0.0093872572761029,-0.004707698593847454,0.004679558682255447,0.004679558682255447,inf,inf,0,0,-0.0010498284167358794,-4.336808689942018e-19,1.6615384505345263,0.007775266682100105,4.336808689942018e-19,inf,0,0,0,4,3,0,0,0.024000000208616257
5010,6,1,5,6,6a702b0011d7c027546f0c5c5b9a64667f1e3cd205f3e4784a8ab55f3e610f37,6422b3ba4af70009e3bdb634f81efb12dc4f4c47a37225332594babd0b417e68,0.00846795178949833,0.0,0.0004258729750290513,0.0004258729750290513,0.0,0.00846795178949833,0.0,0,1,0.9076921939849854,0.20944694064039504,13,1.661538353333106,0.002358550302766588,0.0019566317298311806,0.00846795178949833,0.0004258729750290513,0.00846795178949833,0.0004258729750290513,0.002016432350501418,0.005185944493860006,0.002016432350501418,0,0.008467951556667686,0.0,2.3283064365386963e-10,0.008467951556667686,0,2.2848706867500956e-10,4.336808689942018e-19,0,0,7,11,13,13,0,1,1,1,0.0,0.0,0.0,1,0.009122499963268638,-0.004888524184934795,0.004233975778333843,0.004233975778333843,inf,inf,0,0,0.00042587274654198263,-4.336808689942018e-19,1.6615384505345263,0.007034913554333528,4.336808689942018e-19,inf,0,0,0,5,4,0,0,0.024000000208616257
5010,6,2,0,6,6a702b0011d7c027546f0c5c5b9a64667f1e3cd205f3e4784a8ab55f3e610f37,6422b3ba4af70009e3bdb634f81efb12dc4f4c47a37225332594babd0b417e68,0.013735358603298664,0.012000001035630703,-0.001075693522579968,-0.001075693522579968,6.447617439953035e-11,0.013735358603298664,0.012000001035630703,1,3,0.9076921939849854,0.20944694064039504,13,1.661538353333106,0.0035801175255085077,0.002957805021274725,0.0017353575676679611,-0.0010756935870561424,0.0017353575676679611,0.0010756935870561424,0.0034249904565513134,0.008223100565373898,0.0034249904565513134,0,0.013735358603298664,0.012000001035630703,0.0,0.013654639013111591,0,7.611371177426718e-10,6.071532165918825e-18,10,11,1,11,1,1,1,0,1,0,0.006000000052154064,0.006000000983476639,0.006000000052154064,0,0.009583658538758755,0.002756339032202959,0.006827319506555796,0.006827319506555796,1.1378865745350644,1.597276409242383,0,0,-0.0010756927614428502,6.447618047106252e-11,1.6615384505345263,0.011343853874226864,6.447618047106252e-11,175938676.7539384,0,0,0,2,5,0,0,0.005999998189508915
5010,6,2,1,6,6a702b0011d7c027546f0c5c5b9a64667f1e3cd205f3e4784a8ab55f3e610f37,6422b3ba4af70009e3bdb634f81efb12dc4f4c47a37225332594babd0b417e68,0.01506473496556282,0.017999999225139618,0.000372717302525416,0.000372717302525416,3.469446951953614e-18,0.01506473496556282,0.017999999225139618,1,3,0.9076921939849854,0.20944694064039504,13,1.661538353333106,0.0039442103887594206,0.003222591359410766,0.0029352642595767975,0.00037271730252541255,0.0029352642595767975,0.00037271730252541255,0.004578168038278818,0.008000701665878296,0.004578168038278818,0,0.015064734499901533,0.017999999225139618,4.656612873077393e-10,0.014882890041917562,0,1.7182395862028188e-09,0.0,10,11,1,11,1,1,1,0,1,0,0.008999999612569809,0.008999999612569809,0.008999999612569809,0,0.011014660354703665,0.0035732153337448835,0.007441445020958781,0.007441445020958781,0.8268272601440694,1.2238512032067301,0,0,0.0003727190207650022,3.469446951953614e-18,1.6615384505345263,0.012364247029861719,3.469446951953614e-18,inf,0,0,0,1,4,1,0,0.005999998189508915
5010,6,2,3,6,6a702b0011d7c027546f0c5c5b9a64667f1e3cd205f3e4784a8ab55f3e610f37,6422b3ba4af70009e3bdb634f81efb12dc4f4c47a37225332594babd0b417e68,0.016231754794716835,0.0,-0.0014352278085425496,-0.0014352278085425496,-3.469446951953614e-18,0.016231754794716835,0.0,0,1,0.9076923131942749,0.2094469155167731,13,1.661538461366525,0.0042747308452216965,0.0033829655145576018,0.016231754794716835,-0.0014352278085425461,0.016231754794716835,0.0014352278085425461,0.005681861191987991,0.008087479509413242,0.005681861191987991,0,0.016231754329055548,0.0,4.656612873077393e-10,0.016231754329055548,0,1.0163557443571003e-09,7.806255641895632e-18,0,0,1,9,13,13,0,1,1,1,0.0,0.0,0.0,1,0.011022815015166998,0.002906937850639224,0.008115877164527774,0.008115877164527774,inf,inf,0,0,-0.0014352267921868053,4.336808689942018e-18,1.6615384522538923,0.013484841982632185,4.336808689942018e-18,inf,0,0,0,3,3,0,0,0.017999999225139618
5010,6,2,4,6,6a702b0011d7c027546f0c5c5b9a64667f1e3cd205f3e4784a8ab55f3e610f37,6422b3ba4af70009e3bdb634f81efb12dc4f4c47a37225332594babd0b417e68,0.017617685720324516,0.0,-0.0006349325994960964,-0.0006349325994960964,3.469446951953614e-18,0.017617685720324516,0.0,0,1,0.9076921939849854,0.20944694064039504,13,1.661538353333106,0.004559939914686229,0.0036016696920761694,0.017617685720324516,-0.0006349325994960998,0.017617685720324516,0.0006349325994960998,0.005163536872714758,0.011595752090215683,0.005163536872714758,0,0.017617685720324516,0.0,0.0,0.017617685720324516,0,8.569571614824856e-11,3.469446951953614e-18,0,0,1,9,13,13,0,1,1,1,0.0,0.0,0.0,1,0.009350806474685669,0.0005419636145234108,0.008808842860162258,0.008808842860162258,inf,inf,0,0,-0.0006349325138003802,0.0,1.6615384505345263,0.014636231116876123,0.0,inf,0,0,0,4,1,0,1,0.017999999225139618
5010,6,2,5,6,6a702b0011d7c027546f0c5c5b9a64667f1e3cd205f3e4784a8ab55f3e610f37,6422b3ba4af70009e3bdb634f81efb12dc4f4c47a37225332594babd0b417e68,0.017415210604667664,0.0,-0.00021289226424414665,-0.00021289226424414665,3.469446951953614e-18,0.017415210604667664,0.0,0,1,0.9076921939849854,0.20944694064039504,13,1.661538353333106,0.00460053406876717,0.003854468222376863,0.017415210604667664,-0.00021289226424415011,0.017415210604667664,0.00021289226424415011,0.003959223162382841,0.009621976874768734,0.003959223162382841,0,0.017415210604667664,0.0,0.0,0.017415210604667664,0,2.088092771607153e-10,0.0,0,0,1,9,13,13,0,1,1,1,0.0,0.0,0.0,1,0.01029016263782978,0.0015825573354959488,0.008707605302333832,0.008707605302333832,inf,inf,0,0,-0.0002128924730534238,3.469446951953614e-18,1.6615384505345263,0.01446802102190598,3.469446951953614e-18,inf,0,0,0,5,2,0,0,0.017999999225139618
5010,7,0,1,7,b6a8c94eeb04dc57829c520ac458f7b03df91878306014869dd3e6f81b4f1d75,6422b3ba4af70009e3bdb634f81efb12dc4f4c47a37225332594babd0b417e68,0.028818251565098763,0.018000006675720215,-0.0003388824115972966,-0.0003388824115972966,-1.3877787807814457e-17,0.028818251565098763,0.018000006675720215,1,3,0.9076921939849854,0.20944694064039504,13,1.661538353333106,0.006318585523970564,0.004957633875530853,0.010818244889378548,-0.0003388824115972827,0.010818244889378548,0.0003388824115972827,0.007233866024762392,0.012052305042743683,0.007233866024762392,0,0.028818251565098763,0.018000006675720215,0.0,0.02198917604982853,0,2.0578591053421746e-09,2.0816681711721685e-17,10,11,10,9,1,1,1,1,0,0,0.009000003337860107,0.009000003337860107,0.009000003337860107,0,0.056356245651841164,0.0453616576269269,0.010994588024914265,0.010994588024914265,1.2216204385906817,6.2618027500910625,0,0,-0.00033888446945640194,6.938893903907228e-18,1.6615384505345263,0.018267930751181504,6.938893903907228e-18,inf,0,0,0,2,1,0,1,0.00599999725818634
5010,7,0,2,7,b6a8c94eeb04dc57829c520ac458f7b03df91878306014869dd3e6f81b4f1d75,6422b3ba4af70009e3bdb634f81efb12dc4f4c47a37225332594babd0b417e68,0.028147399425506592,0.024000003933906555,-0.006778181996196508,-0.006778181996196508,-0.0016615356280253735,0.028147399425506592,0.024000003933906555,1,4,0.9076921939849854,0.20944694064039504,13,1.6615383533331063,0.006894627100118651,0.006122426058237369,0.004147395491600037,-0.005116646368171135,0.004147395491600037,0.005116646368171135,0.010915044695138931,0.008492708206176758,0.010915044695138931,0,0.028147399425506592,0.024000003933906555,0.0,0.020629217848181725,0,8.935964607159619e-10,0.0,10,11,10,3,1,1,1,1,0,0,0.012000001966953278,0.01000000536441803,0.01000000536441803,0,0.06189996935427189,0.051585360430181026,0.010314608924090862,0.010314608924090862,1.0314603390906423,6.189993614855854,0,0,-0.006778182889792969,-0.0016615356280253735,1.661538450534526,0.017138119329603525,0.0016615356280253735,10.314626445880707,1,0,0,1,2,1,0,0.00599999725818634
5010,7,0,3,7,b6a8c94eeb04dc57829c520ac458f7b03df91878306014869dd3e6f81b4f1d75,6422b3ba4af70009e3bdb634f81efb12dc4f4c47a37225332594babd0b417e68,0.02136750891804695,0.0,0.007818694226443768,0.007818694226443768,1.3877787807814457e-17,0.02136750891804695,0.0,0,1,0.9076923131942749,0.2094469155167731,13,1.661538461366525,0.007264333609526917,0.006174593895416123,0.02136750891804695,0.007818694226443754,0.02136750891804695,0.007818694226443754,0.010359336622059345,0.021234523504972458,0.010359336622059345,0,0.02136750821955502,0.0,6.984919309616089e-10,0.02136750821955502,0,7.400554665609738e-10,1.3877787807814457e-17,0,0,11,9,13,13,0,1,1,1,0.0,0.0,0.0,1,0.08381967549212277,0.07313592138234526,0.01068375410977751,0.01068375410977751,inf,inf,0,0,0.007818693486388301,2.7755575615628914e-17,1.6615384522538923,0.017751468267820886,2.7755575615628914e-17,inf,0,0,0,3,5,0,0,0.024000003933906555
5010,7,0,4,7,b6a8c94eeb04dc57829c520ac458f7b03df91878306014869dd3e6f81b4f1d75,6422b3ba4af70009e3bdb634f81efb12dc4f4c47a37225332594babd0b417e68,0.025830306112766266,0.0,-0.003489519702270627,-0.003489519702270627,0.0,0.025830306112766266,0.0,0,1,0.9076921939849854,0.20944694064039504,13,1.661538353333106,0.007568951327135476,0.00642409600309212,0.025830306112766266,-0.003489519702270627,0.025830306112766266,0.003489519702270627,0.008034652099013329,0.020275942981243134,0.008034652099013329,0,0.025830306578427553,0.0,4.656612873077393e-10,0.025830306578427553,0,6.25009734071813e-10,6.938893903907228e-18,0,0,1,12,13,13,0,1,1,1,0.0,0.0,0.0,1,0.08631369704380631,0.07339854375459254,0.012915153289213777,0.012915153289213777,inf,inf,0,0,-0.003489520327280361,6.938893903907228e-18,1.6615384505345263,0.021459023784576148,6.938893903907228e-18,inf,0,0,0,4,4,0,0,0.024000003933906555
5010,7,0,5,7,b6a8c94eeb04dc57829c520ac458f7b03df91878306014869dd3e6f81b4f1d75,6422b3ba4af70009e3bdb634f81efb12dc4f4c47a37225332594babd0b417e68,0.026003193110227585,0.0,-0.001887439633719623,-0.001887439633719623,0.0,0.026003193110227585,0.0,0,1,0.9076921939849854,0.20944694064039504,13,1.661538353333106,0.007655072703763006,0.006682044484779327,0.026003193110227585,-0.001887439633719623,0.026003193110227585,0.001887439633719623,0.0052608163096010685,0.017461689189076424,0.0052608163096010685,0,0.02600319334305823,0.0,2.3283064365386963e-10,0.02600319334305823,0,1.4166478944782623e-09,6.938893903907228e-18,0,0,4,9,13,13,0,1,1,1,0.0,0.0,0.0,1,0.07775571406818926,0.06475411739666015,0.013001596671529114,0.013001596671529114,inf,inf,0,0,-0.0018874382170717286,6.938893903907228e-18,1.6615384505345263,0.02160265278808734,6.938893903907228e-18,inf,0,0,0,5,3,0,0,0.024000003933906555
5010,7,1,0,7,b6a8c94eeb04dc57829c520ac458f7b03df91878306014869dd3e6f81b4f1d75,6422b3ba4af70009e3bdb634f81efb12dc4f4c47a37225332594babd0b417e68,0.012124750763177872,0.012000000104308128,-0.001505557564087212,-0.001505557564087212,0.0,0.012124750763177872,0.012000000104308128,1,3,0.9076921939849854,0.20944694064039504,13,1.661538353333106,0.0019682176990396456,0.0016637305073307822,0.00012475065886974335,-0.001505557564087212,0.00012475065886974335,0.001505557564087212,0.0030138769652694464,0.004707871004939079,0.0030138769652694464,0,0.012124750996008515,0.012000000104308128,2.3283064365386963e-10,0.006607487099245191,0,5.09232534612325e-11,8.673617379884035e-19,10,11,7,11,1,1,1,0,1,0,0.006000000052154064,0.006000000052154064,0.006000000052154064,0,0.004944200627505779,-0.001640457077883184,0.0033037435496225953,0.0033037435496225953,0.5506239201508867,0.8240334307548478,0,0,-0.0015055576150104655,8.673617379884035e-19,1.6615384505345263,0.005489296938403363,8.673617379884035e-19,inf,0,0,0,2,2,0,0,0.012000000104308128
5010,7,1,2,7,b6a8c94eeb04dc57829c520ac458f7b03df91878306014869dd3e6f81b4f1d75,6422b3ba4af70009e3bdb634f81efb12dc4f4c47a37225332594babd0b417e68,0.016225753352046013,0.024000000208616257,-0.0008372141164727509,-0.0008372141164727509,-0.001661538561691457,0.016225753352046013,0.024000000208616257,1,4,0.9076921939849854,0.20944694064039504,13,1.6615383533331063,0.0026409981176990396,0.002132466853700975,0.007774246856570244,0.0008243244452187061,0.007774246856570244,0.0008243244452187061,0.002590443938970566,0.0034436562564224005,0.002590443938970566,0,0.016225753352046013,0.024000000208616257,0.0,0.009784075664356351,0,7.415506967159424e-11,2.168404344971009e-19,10,11,10,11,1,1,1,1,1,1,0.012000000337138772,0.009999999776482582,0.009999999776482582,0,0.009260722436010838,-0.004368684603832662,0.0048920378321781754,0.0048920378321781754,0.4892037941523744,0.9260722643004119,1,0,-0.0008372141906278206,-0.0016615385616914567,1.661538450534526,0.008128308959633608,0.0016615385616914567,4.892037504900842,1,0,0,1,1,1,1,0.012000000104308128
5010,7,1,3,7,b6a8c94eeb04dc57829c520ac458f7b03df91878306014869dd3e6f81b4f1d75,6422b3ba4af70009e3bdb634f81efb12dc4f4c47a37225332594babd0b417e68,0.005694960243999958,0.0,-0.0016178992809727788,-0.0016178992809727788,8.673617379884035e-19,0.005694960243999958,0.0,0,1,0.9076923131942749,0.2094469155167731,13,1.661538461366525,0.0017427496012229165,0.0015320493922342912,0.005694960243999958,-0.0016178992809727797,0.005694960243999958,0.0016178992809727797,0.003169284900650382,0.004428680054843426,0.003169284900650382,0,0.005694960011169314,0.0,2.3283064365386963e-10,0.005694960011169314,0,1.2903804847558265e-10,8.673617379884035e-19,0,0,7,8,13,13,0,1,1,1,0.0,0.0,0.0,1,0.0036315051838755608,-0.0007840251782909036,0.002847480005584657,0.002847480005584657,inf,inf,0,0,-0.0016178991519347303,1.734723475976807e-18,1.6615384522538923,0.004731197521303036,1.734723475976807e-18,inf,0,0,0,3,5,0,0,0.024000000208616257
5010,7,1,4,7,b6a8c94eeb04dc57829c520ac458f7b03df91878306014869dd3e6f81b4f1d75,6422b3ba4af70009e3bdb634f81efb12dc4f4c47a37225332594babd0b417e68,0.008472115732729435,0.0,-0.0019111339934170246,-0.0019111339934170246,0.0,0.008472115732729435,0.0,0,1,0.9076921939849854,0.20944694064039504,13,1.661538353333106,0.002243184714696076,0.0017904260432755454,0.008472115732729435,-0.0019111339934170246,0.008472115732729435,0.0019111339934170246,0.0026611757930368185,0.00432771909981966,0.0026611757930368185,0,0.008472115732729435,0.0,0.0,0.008472115732729435,0,4.1073206034220044e-11,4.336808689942018e-19,0,0,7,11,13,13,0,1,1,1,0.0,0.0,0.0,1,0.006116760894656181,-0.0018807030282914639,0.0042360578663647175,0.0042360578663647175,inf,inf,0,0,-0.0019111340344902306,4.336808689942018e-19,1.6615384505345263,0.007038373023654224,4.336808689942018e-19,inf,0,0,0,4,3,0,0,0.024000000208616257
5010,7,1,5,7,b6a8c94eeb04dc57829c520ac458f7b03df91878306014869dd3e6f81b4f1d75,6422b3ba4af70009e3bdb634f81efb12dc4f4c47a37225332594babd0b417e68,0.007646462880074978,0.0,0.00034521915949881077,0.00034521915949881077,0.0,0.007646462880074978,0.0,0,1,0.9076921939849854,0.20944694064039504,13,1.661538353333106,0.0020795382854533434,0.0015888460002530963,0.007646462880074978,0.00034521915949881077,0.007646462880074978,0.00034521915949881077,0.002088412642478943,0.0047103711403906345,0.002088412642478943,0,0.007646462880074978,0.0,0.0,0.007646462880074978,0,6.218988128289804e-11,4.336808689942018e-19,0,0,7,11,13,13,0,1,1,1,0.0,0.0,0.0,1,0.006668081507086754,-0.002844850067049265,0.003823231440037489,0.003823231440037489,inf,inf,0,0,0.00034521922168869205,4.336808689942018e-19,1.6615384505345263,0.006352446042914775,4.336808689942018e-19,inf,0,0,0,5,4,0,0,0.024000000208616257
5010,7,2,0,7,b6a8c94eeb04dc57829c520ac458f7b03df91878306014869dd3e6f81b4f1d75,6422b3ba4af70009e3bdb634f81efb12dc4f4c47a37225332594babd0b417e68,0.009355764836072922,0.012000001035630703,-0.002344141947105527,-0.002344141947105527,-6.44761778689773e-11,0.009355764836072922,0.012000001035630703,1,3,0.9076921939849854,0.20944694064039504,13,1.661538353333106,0.0030444730990900654,0.002599536942747923,0.0026442361995577812,-0.002344141882629349,0.0026442361995577812,0.002344141882629349,0.001816410105675459,0.0043161790817976,0.001816410105675459,0,0.009355764836072922,0.012000001035630703,0.0,0.00947798416018486,0,6.543112059109735e-10,0.0,10,11,0,9,1,1,1,0,0,0,0.006000000983476639,0.006000000052154064,0.006000000052154064,0,0.010146526619791985,0.0054075345396995544,0.00473899208009243,0.00473899208009243,0.7898320064832468,1.6910877552658141,0,0,-0.002344142601416733,-6.44761778689773e-11,1.6615384505345263,0.007874017557852168,6.44761778689773e-11,122122895.89890143,1,0,0,2,5,0,0,0.005999998189508915
5010,7,2,1,7,b6a8c94eeb04dc57829c520ac458f7b03df91878306014869dd3e6f81b4f1d75,6422b3ba4af70009e3bdb634f81efb12dc4f4c47a37225332594babd0b417e68,0.013232545927166939,0.017999999225139618,0.004130642861127853,0.004130642861127853,0.0,0.013232545927166939,0.017999999225139618,1,3,0.9076921939849854,0.20944694064039504,13,1.661538353333106,0.0032415840068944616,0.0028854041586260826,0.004767453297972679,0.004130642861127853,0.004767453297972679,0.004130642861127853,0.0040478832088410854,0.004089872818440199,0.0040478832088410854,0,0.013232545927166939,0.017999999225139618,0.0,0.010611843317747116,0,1.932985417563149e-09,3.469446951953614e-18,10,11,10,11,1,1,1,1,1,1,0.008999999612569809,0.008999999612569809,0.008999999612569809,0,0.010322919115424156,0.005016997456550598,0.005305921658873558,0.005305921658873558,0.5895468763646463,1.146991062200347,0,0,0.004130640928142436,-3.469446951953614e-18,1.6615384505345263,0.008815992851742355,3.469446951953614e-18,inf,0,0,0,1,1,1,1,0.005999998189508915
5010,7,2,3,7,b6a8c94eeb04dc57829c520ac458f7b03df91878306014869dd3e6f81b4f1d75,6422b3ba4af70009e3bdb634f81efb12dc4f4c47a37225332594babd0b417e68,0.009819133207201958,0.0,0.00036323737003840506,0.00036323737003840506,-3.469446951953614e-18,0.009819133207201958,0.0,0,1,0.9076923131942749,0.2094469155167731,13,1.661538461366525,0.0031864458910677382,0.0027659806759047084,0.009819133207201958,0.00036323737003840853,0.009819133207201958,0.00036323737003840853,0.005706431809812784,0.005268716253340244,0.005706431809812784,0,0.009819133207201958,0.0,0.0,0.009819133207201958,0,1.557487800188384e-09,3.469446951953614e-18,0,0,5,7,13,13,0,1,1,1,0.0,0.0,0.0,1,0.010839449241757393,0.005929882638156414,0.004909566603600979,0.004909566603600979,inf,inf,0,0,0.00036323892752620525,-6.938893903907228e-18,1.6615384522538923,0.00815743369578457,6.938893903907228e-18,inf,0,0,0,3,4,0,0,0.017999999225139618
5010,7,2,4,7,b6a8c94eeb04dc57829c520ac458f7b03df91878306014869dd3e6f81b4f1d75,6422b3ba4af70009e3bdb634f81efb12dc4f4c47a37225332594babd0b417e68,0.011400403454899788,0.0,0.004685157909989357,0.004685157909989357,0.0,0.011400403454899788,0.0,0,1,0.9076921939849854,0.20944694064039504,13,1.661538353333106,0.003465519758276806,0.0030590679342224754,0.011400403454899788,0.004685157909989357,0.011400403454899788,0.004685157909989357,0.005510886665433645,0.004193779081106186,0.005510886665433645,0,0.011400403454899788,0.0,0.0,0.011400403454899788,0,1.2298388973874808e-09,1.734723475976807e-18,0,0,5,9,13,13,0,1,1,1,0.0,0.0,0.0,1,0.010320590808987617,0.0046203890815377235,0.005700201727449894,0.005700201727449894,inf,inf,0,0,0.004685159139828254,-1.734723475976807e-18,1.6615384505345263,0.009471104345961327,1.734723475976807e-18,inf,0,0,0,4,2,0,0,0.017999999225139618
5010,7,2,5,7,b6a8c94eeb04dc57829c520ac458f7b03df91878306014869dd3e6f81b4f1d75,6422b3ba4af70009e3bdb634f81efb12dc4f4c47a37225332594babd0b417e68,0.01005559042096138,0.0,0.003262379439547658,0.003262379439547658,0.0,0.01005559042096138,0.0,0,1,0.9076921939849854,0.20944694064039504,13,1.661538353333106,0.003331269326075299,0.0030203693761275364,0.01005559042096138,0.003262379439547658,0.01005559042096138,0.003262379439547658,0.0036820489913225174,0.004280468448996544,0.0036820489913225174,0,0.01005559042096138,0.0,0.0,0.01005559042096138,0,3.607197776589466e-09,1.734723475976807e-18,0,0,4,9,13,13,0,1,1,1,0.0,0.0,0.0,1,0.010426973924040794,0.005399178713560104,0.00502779521048069,0.00502779521048069,inf,inf,0,0,0.0032623758323498814,-1.734723475976807e-18,1.6615384505345263,0.008353875063626998,1.734723475976807e-18,inf,0,0,0,5,3,0,0,0.017999999225139618
5010,8,0,1,8,19a88551ceb63b5d948534eb7fff5f82ae4eb38693a58117cfe7d4a89d7e8ee4,6422b3ba4af70009e3bdb634f81efb12dc4f4c47a37225332594babd0b417e68,0.026125295087695122,0.018000006675720215,3.043267315661069e-05,3.043267315661069e-05,-1.3877787807814457e-17,0.026125295087695122,0.018000006675720215,1,3,0.9076921939849854,0.20944694064039504,13,1.661538353333106,0.006241838126354989,0.00469857668118364,0.008125288411974907,3.0432673156624568e-05,0.008125288411974907,3.0432673156624568e-05,0.008620768785476685,0.012980950996279716,0.008620768785476685,0,0.026125295087695122,0.018000006675720215,0.0,0.02297475002706051,0,8.198941352233202e-10,2.0816681711721685e-17,10,11,10,9,1,1,1,1,0,0,0.009000003337860107,0.009000003337860107,0.009000003337860107,0,0.057649584487080574,0.04616220947355032,0.011487375013530254,0.011487375013530254,1.2763745281300705,6.405507011821584,0,0,3.0431853262475467e-05,6.938893903907228e-18,1.6615384505345263,0.019086715280690093,6.938893903907228e-18,inf,0,0,0,2,4,0,0,0.00599999725818634
5010,8,0,2,8,19a88551ceb63b5d948534eb7fff5f82ae4eb38693a58117cfe7d4a89d7e8ee4,6422b3ba4af70009e3bdb634f81efb12dc4f4c47a37225332594babd0b417e68,0.027167705819010735,0.024000003933906555,-0.006408443208783865,-0.006408443208783865,-0.0016615356280253735,0.027167705819010735,0.024000003933906555,1,4,0.9076921939849854,0.20944694064039504,13,1.6615383533331063,0.006871197425220857,0.0059962688708270085,0.0031677018851041794,-0.0047469075807584915,0.0031677018851041794,0.0047469075807584915,0.010747465305030346,0.010425026528537273,0.010747465305030346,0,0.027167706284672022,0.024000003933906555,4.656612873077393e-10,0.021012291312217712,0,5.403408215656769e-10,0.0,10,11,10,3,1,1,1,1,0,0,0.012000001966953278,0.01000000536441803,0.01000000536441803,0,0.06434530019760132,0.05383915454149246,0.010506145656108856,0.010506145656108856,1.0506140020176162,6.434526568011099,0,0,-0.006408442668443043,-0.0016615356280253735,1.661538450534526,0.01745636497454115,0.0016615356280253735,10.506163503268901,1,0,0,1,2,1,0,0.00599999725818634
5010,8,0,3,8,19a88551ceb63b5d948534eb7fff5f82ae4eb38693a58117cfe7d4a89d7e8ee4,6422b3ba4af70009e3bdb634f81efb12dc4f4c47a37225332594babd0b417e68,0.023759104311466217,0.0,0.007643140386790037,0.007643140386790037,1.3877787807814457e-17,0.023759104311466217,0.0,0,1,0.9076923131942749,0.2094469155167731,13,1.661538461366525,0.007402957131154061,0.006293152425901071,0.023759104311466217,0.007643140386790023,0.023759104311466217,0.007643140386790023,0.009296558797359467,0.019876739010214806,0.009296558797359467,0,0.023759103380143642,0.0,9.313225746154785e-10,0.023759103380143642,0,2.549434587051369e-10,1.3877787807814457e-17,0,0,4,9,13,13,0,1,1,1,0.0,0.0,0.0,1,0.0887902183458209,0.07691066665574908,0.011879551690071821,0.011879551690071821,inf,inf,0,0,0.0076431401318465785,2.7755575615628914e-17,1.6615384522538923,0.019738331928592045,2.7755575615628914e-17,inf,0,0,0,3,5,0,0,0.024000003933906555
5010,8,0,4,8,19a88551ceb63b5d948534eb7fff5f82ae4eb38693a58117cfe7d4a89d7e8ee4,6422b3ba4af70009e3bdb634f81efb12dc4f4c47a37225332594babd0b417e68,0.026576528325676918,0.0,-0.004280815366655588,-0.004280815366655588,0.0,0.026576528325676918,0.0,0,1,0.007692307233810425,0.20944694064039504,13,1.661538353333106,0.007611632297461508,0.006391025054648784,0.026576528325676918,-0.004280815366655588,0.026576528325676918,0.004280815366655588,0.008210242725908756,0.017986757680773735,0.008210242725908756,0,0.026576528325676918,0.0,0.0,0.026576528325676918,0,3.292395522880298e-10,6.938893903907228e-18,0,0,1,9,13,13,0,1,1,1,0.0,0.0,0.0,1,0.08180573210120201,0.06851746793836355,0.013288264162838459,0.013288264162838459,inf,inf,0,0,-0.004280815037416036,6.938893903907228e-18,1.6615384505345263,0.022078961847416086,6.938893903907228e-18,inf,0,0,0,4,3,0,0,0.024000003933906555
5010,8,0,5,8,19a88551ceb63b5d948534eb7fff5f82ae4eb38693a58117cfe7d4a89d7e8ee4,6422b3ba4af70009e3bdb634f81efb12dc4f4c47a37225332594babd0b417e68,0.02892048843204975,0.0,-0.00104679842479527,-0.00104679842479527,0.0,0.02892048843204975,0.0,0,1,0.9076921939849854,0.20944694064039504,13,1.661538353333106,0.007884761800890058,0.006400272354535956,0.02892048843204975,-0.00104679842479527,0.02892048843204975,0.00104679842479527,0.006246861070394516,0.01563899591565132,0.006246861070394516,0,0.028920487966388464,0.0,4.656612873077393e-10,0.028920487966388464,0,1.212405876215017e-09,6.938893903907228e-18,0,0,4,9,13,13,0,1,1,1,0.0,0.0,0.0,1,0.08655612310394645,0.07209587912075222,0.014460243983194232,0.014460243983194232,inf,inf,0,0,-0.0010467996372011462,6.938893903907228e-18,1.6615384505345263,0.024026251382187752,6.938893903907228e-18,inf,0,0,0,5,1,0,1,0.024000003933906555
5010,8,1,0,8,19a88551ceb63b5d948534eb7fff5f82ae4eb38693a58117cfe7d4a89d7e8ee4,6422b3ba4af70009e3bdb634f81efb12dc4f4c47a37225332594babd0b417e68,0.01116087380796671,0.012000000104308128,-0.0008328906260430813,-0.0008328906260430813,0.0,0.01116087380796671,0.012000000104308128,1,3,0.9076921939849854,0.20944694064039504,13,1.661538353333106,0.0018178216060691307,0.0015537239164775292,0.0008391262963414192,-0.0008328906260430813,0.0008391262963414192,0.0008328906260430813,0.002661812584847212,0.0034732709173113108,0.002661812584847212,0,0.011160874040797353,0.012000000104308128,2.3283064365386963e-10,0.005920234601944685,0,1.01714780348372e-09,8.673617379884035e-19,10,11,10,11,1,1,1,1,1,1,0.006000000052154064,0.006000000052154064,0.006000000052154064,0,0.003339985152706504,-0.0003798678517341614,0.0029601173009723425,0.0029601173009723425,0.49335287920699744,0.556664187279034,1,0,-0.0008328916431908848,8.673617379884035e-19,1.6615384505345263,0.00491834871365803,8.673617379884035e-19,inf,0,0,0,2,2,0,0,0.012000000104308128
5010,8,1,2,8,19a88551ceb63b5d948534eb7fff5f82ae4eb38693a58117cfe7d4a89d7e8ee4,6422b3ba4af70009e3bdb634f81efb12dc4f4c47a37225332594babd0b417e68,0.015385066159069538,0.024000000208616257,-0.0004809076199308038,-0.0004809076199308038,-0.001661538561691457,0.015385066159069538,0.024000000208616257,1,4,0.9076921939849854,0.20944694064039504,13,1.6615383533331063,0.0027078682078027147,0.0021834653642403305,0.008614934049546719,0.0011806309417606532,0.008614934049546719,0.0011806309417606532,0.002516369568184018,0.004153179470449686,0.002516369568184018,0,0.015385066159069538,0.024000000208616257,0.0,0.01015506882686168,0,9.542168053974787e-11,2.168404344971009e-19,10,11,10,11,1,1,1,1,1,1,0.012000000337138772,0.009999999776482582,0.009999999776482582,0,0.00843686331063509,-0.00335932889720425,0.00507753441343084,0.00507753441343084,0.507753452692258,0.8436863499213685,0,0,-0.00048090752450912324,-0.0016615385616914567,1.661538450534526,0.00843651866182761,0.0016615385616914567,5.077534073743784,1,0,0,1,1,1,1,0.012000000104308128
5010,8,1,3,8,19a88551ceb63b5d948534eb7fff5f82ae4eb38693a58117cfe7d4a89d7e8ee4,6422b3ba4af70009e3bdb634f81efb12dc4f4c47a37225332594babd0b417e68,0.004896567203104496,0.0,-0.001366212498396635,-0.001366212498396635,8.673617379884035e-19,0.004896567203104496,0.0,0,1,0.9076923131942749,0.2094469155167731,13,1.661538461366525,0.0016160086672029044,0.0014231447516196577,0.004896567203104496,-0.001366212498396636,0.004896567203104496,0.001366212498396636,0.002643220592290163,0.0033472736831754446,0.002643220592290163,0,0.004896566970273852,0.0,2.3283064365386963e-10,0.004896566970273852,0,1.6967518102345425e-10,8.673617379884035e-19,0,0,2,8,13,13,0,1,1,1,0.0,0.0,0.0,1,0.002871399512514472,0.00042311602737754583,0.002448283485136926,0.002448283485136926,inf,inf,0,0,-0.001366212668071816,1.734723475976807e-18,1.6615384522538923,0.004067917152573174,1.734723475976807e-18,inf,0,0,0,3,5,0,0,0.024000000208616257
5010,8,1,4,8,19a88551ceb63b5d948534eb7fff5f82ae4eb38693a58117cfe7d4a89d7e8ee4,6422b3ba4af70009e3bdb634f81efb12dc4f4c47a37225332594babd0b417e68,0.008042949251830578,0.0,-0.001588510349392891,-0.001588510349392891,0.0,0.008042949251830578,0.0,0,1,0.007692307233810425,0.20944694064039504,13,1.661538353333106,0.0021095485675801124,0.0016596377882334963,0.008042949251830578,-0.001588510349392891,0.008042949251830578,0.001588510349392891,0.0021510866936296225,0.004308626055717468,0.0021510866936296225,0,0.008042949484661222,0.0,2.3283064365386963e-10,0.008042949484661222,0,1.5604317057243966e-10,4.336808689942018e-19,0,0,7,11,13,13,0,1,1,1,0.0,0.0,0.0,1,0.005480276420712471,-0.0014588016783818603,0.004021474742330611,0.004021474742330611,inf,inf,0,0,-0.0015885105054360615,4.336808689942018e-19,1.6615384505345263,0.006681834912235737,4.336808689942018e-19,inf,0,0,0,4,3,0,0,0.024000000208616257
5010,8,1,5,8,19a88551ceb63b5d948534eb7fff5f82ae4eb38693a58117cfe7d4a89d7e8ee4,6422b3ba4af70009e3bdb634f81efb12dc4f4c47a37225332594babd0b417e68,0.006933140568435192,0.0,0.00041233026422560215,0.00041233026422560215,0.0,0.006933140568435192,0.0,0,1,0.9076921939849854,0.20944694064039504,13,1.661538353333106,0.0018467479447192812,0.0013475648276287421,0.006933140568435192,0.00041233026422560215,0.006933140568435192,0.00041233026422560215,0.002255459316074848,0.004680503625422716,0.002255459316074848,0,0.0069331403356045485,0.0,2.3283064365386963e-10,0.0069331403356045485,0,5.0999393076678334e-11,4.336808689942018e-19,0,0,7,11,13,13,0,1,1,1,0.0,0.0,0.0,1,0.005026764236390591,-0.0015601940685883164,0.0034665701678022742,0.0034665701678022742,inf,inf,0,0,0.0004123303152249952,4.336808689942018e-19,1.6615384505345263,0.005759839625279404,4.336808689942018e-19,inf,0,0,0,5,4,0,0,0.024000000208616257
5010,8,2,0,8,19a88551ceb63b5d948534eb7fff5f82ae4eb38693a58117cfe7d4a89d7e8ee4,6422b3ba4af70009e3bdb634f81efb12dc4f4c47a37225332594babd0b417e68,0.00942540168762207,0.012000001035630703,-0.0026031536981463432,-0.0026031536981463432,-6.44761778689773e-11,0.00942540168762207,0.012000001035630703,1,3,0.9076921939849854,0.20944694064039504,13,1.661538353333106,0.003178805939598972,0.0028311672163080183,0.0025745993480086327,-0.0026031536336701654,0.0025745993480086327,0.0026031536336701654,0.0010812475811690092,0.004333131480962038,0.0010812475811690092,0,0.00942540168762207,0.012000001035630703,0.0,0.00950726866722107,0,1.0573629576071664e-09,0.0,10,11,0,11,1,1,1,0,1,0,0.006000000983476639,0.006000000052154064,0.006000000052154064,0,0.010911675170063972,0.006158040836453438,0.004753634333610535,0.004753634333610535,0.792272382048385,1.8186125125359898,0,0,-0.002603154755509301,-6.44761778689773e-11,1.6615384505345263,0.007898346225074973,6.44761778689773e-11,122500223.89858907,1,0,0,2,5,0,0,0.005999998189508915
5010,8,2,1,8,19a88551ceb63b5d948534eb7fff5f82ae4eb38693a58117cfe7d4a89d7e8ee4,6422b3ba4af70009e3bdb634f81efb12dc4f4c47a37225332594babd0b417e68,0.013133598491549492,0.017999999225139618,0.00420888839289546,0.00420888839289546,0.0,0.013133598491549492,0.017999999225139618,1,3,0.9076921939849854,0.20944694064039504,13,1.661538353333106,0.003528919291542868,0.0032386274115573724,0.004866400733590126,0.00420888839289546,0.004866400733590126,0.00420888839289546,0.004329952877014875,0.005067826714366674,0.004329952877014875,0,0.013133598491549492,0.017999999225139618,0.0,0.010257398709654808,0,5.667392666275362e-10,3.469446951953614e-18,10,11,10,11,1,1,1,1,1,1,0.008999999612569809,0.008999999612569809,0.008999999612569809,0,0.011456768959760666,0.006328069604933262,0.005128699354827404,0.005128699354827404,0.569855508400737,1.2729743836610417,0,0,0.004208888959634727,-3.469446951953614e-18,1.6615384505345263,0.00852153117927735,3.469446951953614e-18,inf,0,0,0,1,1,1,1,0.005999998189508915
5010,8,2,3,8,19a88551ceb63b5d948534eb7fff5f82ae4eb38693a58117cfe7d4a89d7e8ee4,6422b3ba4af70009e3bdb634f81efb12dc4f4c47a37225332594babd0b417e68,0.011844228953123093,0.0,0.0004108011198695749,0.0004108011198695749,-3.469446951953614e-18,0.011844228953123093,0.0,0,1,0.9076923131942749,0.2094469155167731,13,1.661538461366525,0.0033959912660797616,0.0028931985460442203,0.011844228953123093,0.0004108011198695784,0.011844228953123093,0.0004108011198695784,0.0051924013532698154,0.004910193849354982,0.0051924013532698154,0,0.011844228953123093,0.0,0.0,0.011844228953123093,0,3.689413401522512e-09,3.469446951953614e-18,0,0,5,7,13,13,0,1,1,1,0.0,0.0,0.0,1,0.01258251816034317,0.006660403683781624,0.005922114476561546,0.005922114476561546,inf,inf,0,0,0.0004108048092829764,-6.938893903907228e-18,1.6615384522538923,0.009839820921456442,6.938893903907228e-18,inf,0,0,0,3,2,0,0,0.017999999225139618
5010,8,2,4,8,19a88551ceb63b5d948534eb7fff5f82ae4eb38693a58117cfe7d4a89d7e8ee4,6422b3ba4af70009e3bdb634f81efb12dc4f4c47a37225332594babd0b417e68,0.01134386658668518,0.0,0.0047751194797456264,0.0047751194797456264,0.0,0.01134386658668518,0.0,0,1,0.007692307233810425,0.20944694064039504,13,1.661538353333106,0.0034787481825790272,0.003087219953007952,0.01134386658668518,0.0047751194797456264,0.01134386658668518,0.0047751194797456264,0.005080814473330975,0.004560308996587992,0.005080814473330975,0,0.01134386658668518,0.0,0.0,0.01134386658668518,0,9.49846335265847e-10,1.734723475976807e-18,0,0,5,9,13,13,0,1,1,1,0.0,0.0,0.0,1,0.010706713423132896,0.005034780129790306,0.00567193329334259,0.00567193329334259,inf,inf,0,0,0.004775120429591962,-1.734723475976807e-18,1.6615384505345263,0.00942413525575564,1.734723475976807e-18,inf,0,0,0,4,3,0,0,0.017999999225139618
5010,8,2,5,8,19a88551ceb63b5d948534eb7fff5f82ae4eb38693a58117cfe7d4a89d7e8ee4,6422b3ba4af70009e3bdb634f81efb12dc4f4c47a37225332594babd0b417e68,0.009972576051950455,0.0,0.0032356560695916414,0.0032356560695916414,0.0,0.009972576051950455,0.0,0,1,0.9076921939849854,0.20944694064039504,13,1.661538353333106,0.0033945249113131615,0.0030822504598360797,0.009972576051950455,0.0032356560695916414,0.009972576051950455,0.0032356560695916414,0.0036010711919516325,0.003988505341112614,0.0036010711919516325,0,0.009972576051950455,0.0,0.0,0.009972576051950455,0,6.799503841914412e-11,1.734723475976807e-18,0,0,5,9,13,13,0,1,1,1,0.0,0.0,0.0,1,0.012214884161949158,0.00722859613597393,0.004986288025975227,0.004986288025975227,inf,inf,0,0,0.003235656001596603,-1.734723475976807e-18,1.6615384505345263,0.008284909280597741,1.734723475976807e-18,inf,0,0,0,5,4,0,0,0.017999999225139618
5010,9,0,1,9,53286689faa95b71965a227e7f61556f0bae7daaf07d58a37c6072f6b4b96e3e,6422b3ba4af70009e3bdb634f81efb12dc4f4c47a37225332594babd0b417e68,0.009204329922795296,0.017999999225139618,0.0007387346704490483,0.0007387346704490483,0.0,0.009204329922795296,0.017999999225139618,1,3,0.9076921939849854,0.20944694064039504,13,1.661538353333106,0.0031212408684110336,0.0023946995301359505,0.008795669302344322,0.0007387346704490483,0.008795669302344322,0.0007387346704490483,0.004597828257828951,0.004688530694693327,0.004597828257828951,0,0.009204329922795296,0.017999999225139618,0.0,0.011343227699398994,0,3.0711585323472956e-09,1.734723475976807e-18,10,11,2,11,1,1,1,0,1,0,0.008999999612569809,0.008999999612569809,0.008999999612569809,0,0.010759329423308372,-0.005087715573608875,0.005671613849699497,0.005671613849699497,0.6301793437611112,1.1954810984970936,0,0,0.0007387377416075806,-1.734723475976807e-18,1.6615384505345263,0.009423604487859862,1.734723475976807e-18,inf,0,0,0,2,4,0,0,0.006000000983476639
5010,9,0,2,9,53286689faa95b71965a227e7f61556f0bae7daaf07d58a37c6072f6b4b96e3e,6422b3ba4af70009e3bdb634f81efb12dc4f4c47a37225332594babd0b417e68,0.01076291874051094,0.024000000208616257,0.001264088787138462,0.001264088787138462,0.001661537175453632,0.01076291874051094,0.024000000208616257,1,4,0.9076921939849854,0.20944694064039504,13,1.6615383533331063,0.0032161733529065296,0.0023807997446088397,0.013237081468105316,-0.00039744838831516985,0.013237081468105316,0.00039744838831516985,0.0040049864910542965,0.006456599570810795,0.0040049864910542965,0,0.01076291874051094,0.024000000208616257,0.0,0.013237081468105316,0,2.527691261161591e-09,3.469446951953614e-18,10,11,10,11,1,1,1,1,1,1,0.010000001639127731,0.012000000104308128,0.010000001639127731,0,0.0068301185965538025,0.0002115778625011444,0.006618540734052658,0.006618540734052658,0.661853964918947,0.6830117477010306,0,0,0.0012640913148297232,0.0016615371754536354,1.661538450534526,0.010996959916057498,0.0016615371754536354,6.618545813189579,1,0,0,1,3,1,0,0.006000000983476639
5010,9,0,3,9,53286689faa95b71965a227e7f61556f0bae7daaf07d58a37c6072f6b4b96e3e,6422b3ba4af70009e3bdb634f81efb12dc4f4c47a37225332594babd0b417e68,0.011060897260904312,0.0,0.0010759005090221763,0.0010759005090221763,0.0,0.011060897260904312,0.0,0,1,0.9076923131942749,0.2094469155167731,13,1.661538461366525,0.0031077599371075316,0.002377731472077454,0.011060897260904312,0.0010759005090221763,0.011060897260904312,0.0010759005090221763,0.004401172045618296,0.00573041383177042,0.004401172045618296,0,0.011060897260904312,0.0,0.0,0.011060897260904312,0,8.424113732974359e-10,6.938893903907228e-18,0,0,2,12,13,13,0,1,1,1,0.0,0.0,0.0,1,0.005582641810178757,5.219317972660065e-05,0.005530448630452156,0.005530448630452156,inf,inf,0,0,0.001075899666610803,-6.938893903907228e-18,1.6615384522538923,0.009189053057711134,6.938893903907228e-18,inf,0,0,0,3,2,0,0,0.024000000208616257
5010,9,0,4,9,53286689faa95b71965a227e7f61556f0bae7daaf07d58a37c6072f6b4b96e3e,6422b3ba4af70009e3bdb634f81efb12dc4f4c47a37225332594babd0b417e68,0.011899331584572792,0.0,-0.0019599420484155416,-0.0019599420484155416,0.0,0.011899331584572792,0.0,0,1,0.9076921939849854,0.20944694064039504,13,1.661538353333106,0.0031036909796153607,0.0024750113222725997,0.011899331584572792,-0.0019599420484155416,0.011899331584572792,0.0019599420484155416,0.0030549748335033655,0.005987027194350958,0.0030549748335033655,0,0.011899331584572792,0.0,0.0,0.011899331584572792,0,2.41650881249722e-09,1.734723475976807e-18,0,0,2,12,13,13,0,1,1,1,0.0,0.0,0.0,1,0.0068249087780714035,-0.0008752429857850075,0.005949665792286396,0.005949665792286396,inf,inf,0,0,-0.001959939631906729,-1.734723475976807e-18,1.6615384505345263,0.009885598481713814,1.734723475976807e-18,inf,0,0,0,4,1,0,1,0.024000000208616257
5010,9,0,5,9,53286689faa95b71965a227e7f61556f0bae7daaf07d58a37c6072f6b4b96e3e,6422b3ba4af70009e3bdb634f81efb12dc4f4c47a37225332594babd0b417e68,0.008473632857203484,0.0,-0.0009866515174508095,-0.0009866515174508095,0.0,0.008473632857203484,0.0,0,1,0.9076921939849854,0.20944694064039504,13,1.661538353333106,0.0024254359246412872,0.001968661576685821,0.008473632857203484,-0.0009866515174508095,0.008473632857203484,0.0009866515174508095,0.0030660091433674097,0.0036201768089085817,0.0030660091433674097,0,0.008473632857203484,0.0,0.0,0.008473632857203484,0,9.964284293506598e-10,1.734723475976807e-18,0,0,2,12,13,13,0,1,1,1,0.0,0.0,0.0,1,0.006427103653550148,-0.0021902872249484062,0.004236816428601742,0.004236816428601742,inf,inf,0,0,-0.0009866525138792388,-1.734723475976807e-18,1.6615384505345263,0.007039633403978163,1.734723475976807e-18,inf,0,0,0,5,5,0,0,0.024000000208616257
5010,9,1,0,9,53286689faa95b71965a227e7f61556f0bae7daaf07d58a37c6072f6b4b96e3e,6422b3ba4af70009e3bdb634f81efb12dc4f4c47a37225332594babd0b417e68,0.012112872675061226,0.011999999871477485,-0.0024306245613843203,-0.0024306245613843203,-1.6119044467244326e-11,0.012112872675061226,0.011999999871477485,1,3,0.9076921939849854,0.20944694064039504,13,1.661538353333106,0.0019261247276391212,0.0013694706422513758,0.00011287280358374119,-0.002430624545265276,0.00011287280358374119,0.002430624545265276,0.003314325353130698,0.003881106385961175,0.003314325353130698,0,0.012112872442230582,0.011999999871477485,2.3283064365386963e-10,0.007727367803454399,0,5.982173029508986e-10,2.168404344971009e-19,10,11,10,11,1,1,1,1,1,1,0.006000000052154064,0.0059999998193234205,0.0059999998193234205,0,0.007983265211805701,-0.004119581310078502,0.0038636839017271996,0.0038636839017271996,0.6439473363455669,1.3305442420339806,0,0,-0.002430625159601623,-1.611904468408476e-11,1.6615384505345263,0.006419659363431004,1.611904468408476e-11,398265498.3126572,1,0,0,2,2,0,0,0.012000001268461347
5010,9,1,2,9,53286689faa95b71965a227e7f61556f0bae7daaf07d58a37c6072f6b4b96e3e,6422b3ba4af70009e3bdb634f81efb12dc4f4c47a37225332594babd0b417e68,0.01629289798438549,0.02400000113993883,-0.00024120393209159374,-0.00024120393209159374,0.001661538593929545,0.01629289798438549,0.02400000113993883,1,4,0.9076921939849854,0.20944694064039504,13,1.6615383533331063,0.0026877968864422418,0.002287688197191948,0.007707103155553341,-0.0019027425260211388,0.007707103155553341,0.0019027425260211388,0.0029214469250291586,0.003354699583724141,0.0029214469250291586,0,0.01629289767879527,0.02400000113993883,3.055902197957039e-10,0.008723577091586776,0,1.3558698825147375e-10,4.336808689942018e-19,10,11,10,11,1,1,1,1,1,1,0.010000000009313226,0.012000001035630703,0.010000000009313226,0,0.006830505401012488,-0.0024687168552190997,0.004361788545793388,0.004361788545793388,0.4361788541731156,0.6830505394651084,1,0,-0.0002412037965046055,0.0016615385939295455,1.661538450534526,0.00724727938193679,0.0016615385939295455,4.36178816935991,0,0,0,1,1,1,1,0.012000001268461347
5010,9,1,3,9,53286689faa95b71965a227e7f61556f0bae7daaf07d58a37c6072f6b4b96e3e,6422b3ba4af70009e3bdb634f81efb12dc4f4c47a37225332594babd0b417e68,0.006833682768046856,0.0,-0.00039984527393244207,-0.00039984527393244207,4.336808689942018e-19,0.006833682768046856,0.0,0,1,0.9076923131942749,0.2094469155167731,13,1.661538461366525,0.0019124502939990048,0.0016095204080438471,0.006833682768046856,-0.0003998452739324425,0.006833682768046856,0.0003998452739324425,0.003631034167483449,0.004695126321166754,0.003631034167483449,0,0.006833682768046856,0.0,0.0,0.006833682768046856,0,3.5103252249424344e-10,2.168404344971009e-19,0,0,7,8,13,13,0,1,1,1,0.0,0.0,0.0,1,0.00650880835019052,-0.0030919669661670923,0.003416841384023428,0.003416841384023428,inf,inf,0,0,-0.0003998449228999196,2.168404344971009e-19,1.6615384522538923,0.005677213344807334,2.168404344971009e-19,inf,0,0,0,3,5,0,0,0.02400000113993883
5010,9,1,4,9,53286689faa95b71965a227e7f61556f0bae7daaf07d58a37c6072f6b4b96e3e,6422b3ba4af70009e3bdb634f81efb12dc4f4c47a37225332594babd0b417e68,0.009031718596816063,0.0,-0.0028033778071403503,-0.0028033778071403503,-4.336808689942018e-19,0.009031718596816063,0.0,0,1,0.9076921939849854,0.20944694064039504,13,1.661538353333106,0.002485101736683703,0.0019597421819068624,0.009031718596816063,-0.00280337780714035,0.009031718596816063,0.00280337780714035,0.002657485892996192,0.0037781689316034317,0.002657485892996192,0,0.00903171906247735,0.0,4.656612873077393e-10,0.00903171906247735,0,1.1630181965052722e-09,4.336808689942018e-19,0,0,7,5,13,13,0,1,1,1,0.0,0.0,0.0,1,0.006702912738546729,-0.002187053207308054,0.004515859531238675,0.004515859531238675,inf,inf,0,0,-0.002803376644122154,0.0,1.6615384505345263,0.007503274248365881,0.0,inf,0,0,0,4,3,0,0,0.02400000113993883
5010,9,1,5,9,53286689faa95b71965a227e7f61556f0bae7daaf07d58a37c6072f6b4b96e3e,6422b3ba4af70009e3bdb634f81efb12dc4f4c47a37225332594babd0b417e68,0.007182424888014793,0.0,0.00016308610793203115,0.00016308610793203115,0.0,0.007182424888014793,0.0,0,1,0.9076921939849854,0.20944694064039504,13,1.661538353333106,0.0019035555619161127,0.00150146550008443,0.007182424888014793,0.00016308610793203115,0.007182424888014793,0.00016308610793203115,0.0030944417230784893,0.006137377116829157,0.0030944417230784893,0,0.00718242465518415,0.0,2.3283064365386963e-10,0.00718242465518415,0,4.345032719038633e-10,4.336808689942018e-19,0,0,7,5,13,13,0,1,1,1,0.0,0.0,0.0,1,0.007351830368861556,-0.003760618041269481,0.003591212327592075,0.003591212327592075,inf,inf,0,0,0.00016308567342875925,-4.336808689942018e-19,1.6615384505345263,0.005966937366327826,4.336808689942018e-19,inf,0,0,0,5,4,0,0,0.02400000113993883
5010,9,2,0,9,53286689faa95b71965a227e7f61556f0bae7daaf07d58a37c6072f6b4b96e3e,6422b3ba4af70009e3bdb634f81efb12dc4f4c47a37225332594babd0b417e68,0.012568077072501183,0.012000001966953278,0.004654368851333857,0.004654368851333857,3.469446951953614e-18,0.012568077072501183,0.012000001966953278,1,3,0.9076921939849854,0.20944694064039504,13,1.661538353333106,0.0029348605236438805,0.0023810388465252148,0.000568075105547905,0.004654368851333853,0.000568075105547905,0.004654368851333853,0.0044274828396737576,0.004937777295708656,0.0044274828396737576,0,0.012568077072501183,0.012000001966953278,0.0,0.009227549657225609,0,1.0839355732428224e-09,5.204170427930421e-18,10,11,10,11,1,1,1,1,1,1,0.006000000983476639,0.006000000983476639,0.006000000983476639,0,0.013002894818782806,0.008389119990170002,0.004613774828612804,0.004613774828612804,0.7689623453927169,2.1671487812404346,0,0,0.004654367767398283,-1.734723475976807e-18,1.6615384505345263,0.007665964279848518,1.734723475976807e-18,inf,0,0,0,2,2,0,0,0.00599999725818634
5010,9,2,1,9,53286689faa95b71965a227e7f61556f0bae7daaf07d58a37c6072f6b4b96e3e,6422b3ba4af70009e3bdb634f81efb12dc4f4c47a37225332594babd0b417e68,0.018450336530804634,0.017999999225139618,0.004246944095939398,0.004246944095939398,0.0,0.018450336530804634,0.017999999225139618,1,3,0.9076921939849854,0.20944694064039504,13,1.661538353333106,0.003379808577593833,0.002885739831529425,0.0004503373056650162,0.004246944095939398,0.0004503373056650162,0.004246944095939398,0.004830729681998491,0.0076950928196311,0.004830729681998491,0,0.018450336530804634,0.017999999225139618,0.0,0.011350734159350395,0,3.23044323929933e-09,1.734723475976807e-18,10,11,10,11,1,1,1,1,1,1,0.008999999612569809,0.008999999612569809,0.008999999612569809,0,0.0145517997443676,0.008876432664692402,0.005675367079675198,0.005675367079675198,0.6305963693319189,1.6168667078656196,0,0,0.0042469408654961585,-1.734723475976807e-18,1.6615384505345263,0.009429840623778187,1.734723475976807e-18,inf,0,0,0,1,1,1,1,0.00599999725818634
5010,9,2,3,9,53286689faa95b71965a227e7f61556f0bae7daaf07d58a37c6072f6b4b96e3e,6422b3ba4af70009e3bdb634f81efb12dc4f4c47a37225332594babd0b417e68,0.010981651023030281,0.0,-0.0011242894688621163,-0.0011242894688621163,0.0,0.010981651023030281,0.0,0,1,0.9076923131942749,0.2094469155167731,13,1.661538461366525,0.0034716790643658187,0.0030401810210132036,0.010981651023030281,-0.0011242894688621163,0.010981651023030281,0.0011242894688621163,0.004942293278872967,0.0024703273084014654,0.004942293278872967,0,0.010981651023030281,0.0,0.0,0.010981651023030281,0,1.075512401360612e-09,3.469446951953614e-18,0,0,5,9,13,13,0,1,1,1,0.0,0.0,0.0,1,0.014068793505430222,0.008577967993915081,0.0054908255115151405,0.0054908255115151405,inf,inf,0,0,-0.001124288393349715,-3.469446951953614e-18,1.6615384522538923,0.009123217721999054,3.469446951953614e-18,inf,0,0,0,3,5,0,0,0.017999999225139618
5010,9,2,4,9,53286689faa95b71965a227e7f61556f0bae7daaf07d58a37c6072f6b4b96e3e,6422b3ba4af70009e3bdb634f81efb12dc4f4c47a37225332594babd0b417e68,0.012285292148590088,0.0,0.004250277765095234,0.004250277765095234,3.469446951953614e-18,0.012285292148590088,0.0,0,1,0.9076921939849854,0.20944694064039504,13,1.661538353333106,0.0037460339972282706,0.0032899319332026873,0.012285292148590088,0.0042502777650952304,0.012285292148590088,0.0042502777650952304,0.0032977471128106117,0.003814580151811242,0.0032977471128106117,0,0.012285292148590088,0.0,0.0,0.012285292148590088,0,5.153018255155128e-10,3.469446951953614e-18,0,0,0,9,13,13,0,1,1,1,0.0,0.0,0.0,1,0.013018004596233368,0.006875358521938324,0.006142646074295044,0.006142646074295044,inf,inf,0,0,0.004250277249793408,0.0,1.6615384505345263,0.010206242640466177,0.0,inf,0,0,0,4,3,0,0,0.017999999225139618
5010,9,2,5,9,53286689faa95b71965a227e7f61556f0bae7daaf07d58a37c6072f6b4b96e3e,6422b3ba4af70009e3bdb634f81efb12dc4f4c47a37225332594babd0b417e68,0.011890476569533348,0.0,0.003138035535812378,0.003138035535812378,0.0,0.011890476569533348,0.0,0,1,0.9076921939849854,0.20944694064039504,13,1.661538353333106,0.00359112471729288,0.003082557741177858,0.011890476569533348,0.003138035535812378,0.011890476569533348,0.003138035535812378,0.004518467001616955,0.004454141017049551,0.004518467001616955,0,0.011890476569533348,0.0,0.0,0.011890476569533348,0,4.177333187693755e-09,0.0,0,0,3,9,13,13,0,1,1,1,0.0,0.0,0.0,1,0.014123305678367615,0.00817806739360094,0.005945238284766674,0.005945238284766674,inf,inf,0,0,0.0031380397131455656,0.0,1.6615384505345263,0.009878242007729764,0.0,inf,0,0,0,5,4,0,0,0.017999999225139618
5010,10,0,1,10,f1ea8bd27a2f5c3880bfd1d414b7e11ce778ec979d16d7c47cf2c2d5bb93577a,6422b3ba4af70009e3bdb634f81efb12dc4f4c47a37225332594babd0b417e68,0.025456812232732773,0.018000006675720215,0.002061942359432578,0.002061942359432578,-1.3877787807814457e-17,0.025456812232732773,0.018000006675720215,1,3,0.9076921939849854,0.20944694064039504,13,1.661538353333106,0.006694040315385404,0.005351877986238553,0.007456805557012558,0.002061942359432592,0.007456805557012558,0.002061942359432592,0.008182636462152004,0.013822016306221485,0.008182636462152004,0,0.025456812465563416,0.018000006675720215,2.3283064365386963e-10,0.02346420893445611,0,6.888645678188032e-10,2.0816681711721685e-17,10,11,10,3,1,1,1,1,0,0,0.009000003337860107,0.009000003337860107,0.009000003337860107,0,0.0749041405506432,0.06317203608341515,0.011732104467228055,0.011732104467228055,1.3035666795672043,8.322679196744925,0,0,0.0020619416705680103,6.938893903907228e-18,1.6615384505345263,0.0194933426779873,6.938893903907228e-18,inf,0,0,0,2,4,0,0,0.00599999725818634
5010,10,0,2,10,f1ea8bd27a2f5c3880bfd1d414b7e11ce778ec979d16d7c47cf2c2d5bb93577a,6422b3ba4af70009e3bdb634f81efb12dc4f4c47a37225332594babd0b417e68,0.03341616690158844,0.024000003933906555,-0.004807465244084597,-0.004807465244084597,-0.0016615356280253735,0.03341616690158844,0.024000003933906555,1,4,0.9076921939849854,0.20944694064039504,13,1.6615383533331063,0.0076997122238444925,0.0065643432437850055,0.009416162967681885,-0.003145929616059223,0.009416162967681885,0.003145929616059223,0.011119133792817593,0.014135677367448807,0.011119133792817593,0,0.033416167832911015,0.024000003933906555,9.313225746154785e-10,0.02527055097743869,0,1.0080636559869904e-09,0.0,10,11,10,3,1,1,1,1,0,0,0.012000001966953278,0.01000000536441803,0.01000000536441803,0,0.0835289373062551,0.07089366181753576,0.012635275488719344,0.012635275488719344,1.2635268710633016,8.352889249786541,0,0,-0.004807466252148253,-0.0016615356280253735,1.661538450534526,0.020993996057603617,0.0016615356280253735,12.635296952707304,1,0,0,1,1,1,1,0.00599999725818634
5010,10,0,3,10,f1ea8bd27a2f5c3880bfd1d414b7e11ce778ec979d16d7c47cf2c2d5bb93577a,6422b3ba4af70009e3bdb634f81efb12dc4f4c47a37225332594babd0b417e68,0.02361917681992054,0.0,0.009629090316593647,0.009629090316593647,1.3877787807814457e-17,0.02361917681992054,0.0,0,1,0.9076923131942749,0.2094469155167731,13,1.661538461366525,0.008189035382697813,0.006712988726436519,0.02361917681992054,0.009629090316593633,0.02361917681992054,0.009629090316593633,0.010532579384744167,0.01755692809820175,0.010532579384744167,0,0.02361917746020481,0.0,6.402842700481415e-10,0.02361917746020481,0,7.115533023904774e-10,1.3877787807814457e-17,0,0,4,3,13,13,0,1,1,1,0.0,0.0,0.0,1,0.10454757511615753,0.09273798638605513,0.011809588730102405,0.011809588730102405,inf,inf,0,0,0.009629089605040345,2.7755575615628914e-17,1.6615384522538923,0.01962208578036936,2.7755575615628914e-17,inf,0,0,0,3,5,0,0,0.024000003933906555
5010,10,0,4,10,f1ea8bd27a2f5c3880bfd1d414b7e11ce778ec979d16d7c47cf2c2d5bb93577a,6422b3ba4af70009e3bdb634f81efb12dc4f4c47a37225332594babd0b417e68,0.026744993403553963,0.0,0.0028134100139141083,0.0028134100139141083,0.0,0.026744993403553963,0.0,0,1,0.9076921939849854,0.20944694064039504,13,1.661538353333106,0.007741627785413401,0.006418526481241869,0.026744993403553963,0.0028134100139141083,0.026744993403553963,0.0028134100139141083,0.012456826865673065,0.01568167842924595,0.012456826865673065,0,0.026744993403553963,0.0,0.0,0.026744993403553963,0,1.1705947990450771e-09,6.938893903907228e-18,0,0,1,9,13,13,0,1,1,1,0.0,0.0,0.0,1,0.08731814846396446,0.07394565176218748,0.013372496701776981,0.013372496701776981,inf,inf,0,0,0.0028134111845089073,6.938893903907228e-18,1.6615384505345263,0.02221891744964859,6.938893903907228e-18,inf,0,0,0,4,3,0,0,0.024000003933906555
5010,10,0,5,10,f1ea8bd27a2f5c3880bfd1d414b7e11ce778ec979d16d7c47cf2c2d5bb93577a,6422b3ba4af70009e3bdb634f81efb12dc4f4c47a37225332594babd0b417e68,0.029407277703285217,0.0,0.0006388701149262488,0.0006388701149262488,0.0,0.029407277703285217,0.0,0,1,0.9076921939849854,0.20944694064039504,13,1.661538353333106,0.008603880394896174,0.0068995713107508315,0.029407277703285217,0.0006388701149262488,0.029407277703285217,0.0006388701149262488,0.006911998614668846,0.014113259501755238,0.006911998614668846,0,0.02940727723762393,0.0,4.656612873077393e-10,0.02940727723762393,0,1.2659940500439615e-09,6.938893903907228e-18,0,0,4,12,13,13,0,1,1,1,0.0,0.0,0.0,1,0.10446185059845448,0.08975821197964251,0.014703638618811965,0.014703638618811965,inf,inf,0,0,0.0006388688489321987,6.938893903907228e-18,1.6615384505345263,0.024430660927920456,6.938893903907228e-18,inf,0,0,0,5,2,0,0,0.024000003933906555
5010,10,1,0,10,f1ea8bd27a2f5c3880bfd1d414b7e11ce778ec979d16d7c47cf2c2d5bb93577a,6422b3ba4af70009e3bdb634f81efb12dc4f4c47a37225332594babd0b417e68,0.010686294175684452,0.012000000104308128,-0.0006445965846069157,-0.0006445965846069157,0.0,0.010686294175684452,0.012000000104308128,1,3,0.9076921939849854,0.20944694064039504,13,1.661538353333106,0.0019459562076196274,0.0016594731714576483,0.0013137059286236763,-0.0006445965846069157,0.0013137059286236763,0.0006445965846069157,0.0028989489655941725,0.0022225866559892893,0.0028989489655941725,0,0.010686293826438487,0.012000000104308128,3.4924596548080444e-10,0.00607706792652607,0,5.083512387080158e-11,8.673617379884035e-19,10,11,10,11,1,1,1,1,1,1,0.006000000052154064,0.006000000052154064,0.006000000052154064,0,0.003437163308262825,-0.0003986293449997902,0.003038533963263035,0.003038533963263035,0.5064223228085087,0.5728605463976365,0,0,-0.0006445965337717918,8.673617379884035e-19,1.6615384505345263,0.005048641013216596,8.673617379884035e-19,inf,0,0,0,2,2,0,0,0.012000000104308128
5010,10,1,2,10,f1ea8bd27a2f5c3880bfd1d414b7e11ce778ec979d16d7c47cf2c2d5bb93577a,6422b3ba4af70009e3bdb634f81efb12dc4f4c47a37225332594babd0b417e68,0.015121937729418278,0.024000000208616257,-0.0005051962216384709,-0.0005051962216384709,-0.001661538561691457,0.015121937729418278,0.024000000208616257,1,4,0.9076921939849854,0.20944694064039504,13,1.6615383533331063,0.002798387617143936,0.002352346685444991,0.008878062479197979,0.001156342340052986,0.008878062479197979,0.001156342340052986,0.0027726085390895605,0.003536232514306903,0.0027726085390895605,0,0.0151219378458336,0.024000000208616257,1.1641532182693481e-10,0.01019693078706041,0,4.824643072207091e-10,2.168404344971009e-19,10,11,10,11,1,1,1,1,1,1,0.012000000337138772,0.009999999776482582,0.009999999776482582,0,0.007946214522235096,-0.0028477491287048906,0.005098465393530205,0.005098465393530205,0.509846550748979,0.7946214699846834,0,0,-0.0005051967041027781,-0.0016615385616914567,1.661538450534526,0.008471296290070079,0.0016615385616914567,5.098465052442867,1,0,0,1,1,1,1,0.012000000104308128
5010,10,1,3,10,f1ea8bd27a2f5c3880bfd1d414b7e11ce778ec979d16d7c47cf2c2d5bb93577a,6422b3ba4af70009e3bdb634f81efb12dc4f4c47a37225332594babd0b417e68,0.006733211688697338,0.0,-0.0012778150849044323,-0.0012778150849044323,8.673617379884035e-19,0.006733211688697338,0.0,0,1,0.9076923131942749,0.2094469155167731,13,1.661538461366525,0.0018808965947795504,0.0015797855238810449,0.006733211688697338,-0.0012778150849044332,0.006733211688697338,0.0012778150849044332,0.0025908600073307753,0.0038089421577751637,0.0025908600073307753,0,0.006733211572282016,0.0,1.1641532182693481e-10,0.006733211572282016,0,2.677789095063138e-10,8.673617379884035e-19,0,0,2,8,13,13,0,1,1,1,0.0,0.0,0.0,1,0.00398946541827172,0.0006228596321307123,0.003366605786141008,0.003366605786141008,inf,inf,0,0,-0.0012778153526833418,1.734723475976807e-18,1.6615384522538923,0.005593744967253729,1.734723475976807e-18,inf,0,0,0,3,5,0,0,0.024000000208616257
5010,10,1,4,10,f1ea8bd27a2f5c3880bfd1d414b7e11ce778ec979d16d7c47cf2c2d5bb93577a,6422b3ba4af70009e3bdb634f81efb12dc4f4c47a37225332594babd0b417e68,0.008468405343592167,0.0,-0.00011500949040055275,-0.00011500949040055275,0.0,0.008468405343592167,0.0,0,1,0.9076921939849854,0.20944694064039504,13,1.661538353333106,0.002204359996725855,0.0017549117211494924,0.008468405343592167,-0.00011500949040055275,0.008468405343592167,0.00011500949040055275,0.0034538153558969498,0.004048397298902273,0.0034538153558969498,0,0.008468405343592167,0.0,0.0,0.008468405343592167,0,2.0730382254557922e-11,4.336808689942018e-19,0,0,7,11,13,13,0,1,1,1,0.0,0.0,0.0,1,0.004761803895235062,-0.0005276012234389782,0.0042342026717960835,0.0042342026717960835,inf,inf,0,0,-0.000115009511130935,4.336808689942018e-19,1.6615384505345263,0.007035290546545216,4.336808689942018e-19,inf,0,0,0,4,3,0,0,0.024000000208616257
5010,10,1,5,10,f1ea8bd27a2f5c3880bfd1d414b7e11ce778ec979d16d7c47cf2c2d5bb93577a,6422b3ba4af70009e3bdb634f81efb12dc4f4c47a37225332594babd0b417e68,0.007392316125333309,0.0,0.00020851050794590265,0.00020851050794590265,0.0,0.007392316125333309,0.0,0,1,0.9076921939849854,0.20944694064039504,13,1.661538353333106,0.0021563157748719546,0.001647318862158166,0.007392316125333309,0.00020851050794590265,0.007392316125333309,0.00020851050794590265,0.002632787451148033,0.004735912196338177,0.002632787451148033,0,0.007392316358163953,0.0,2.3283064365386963e-10,0.007392316358163953,0,3.356272083171463e-10,4.336808689942018e-19,0,0,4,11,13,13,0,1,1,1,0.0,0.0,0.0,1,0.004435338079929352,-0.0007391799008473754,0.0036961581790819764,0.0036961581790819764,inf,inf,0,0,0.00020851017231869433,4.336808689942018e-19,1.6615384505345263,0.006141308933802383,4.336808689942018e-19,inf,0,0,0,5,4,0,0,0.024000000208616257
5010,10,2,0,10,f1ea8bd27a2f5c3880bfd1d414b7e11ce778ec979d16d7c47cf2c2d5bb93577a,6422b3ba4af70009e3bdb634f81efb12dc4f4c47a37225332594babd0b417e68,0.010346530005335808,0.012000001035630703,-0.002787963720038533,-0.002787963720038533,-6.44761778689773e-11,0.010346530005335808,0.012000001035630703,1,3,0.9076921939849854,0.20944694064039504,13,1.661538353333106,0.003270653626859879,0.0029366859207315557,0.0016534710302948952,-0.0027879636555623553,0.0016534710302948952,0.0027879636555623553,0.0011781546054407954,0.0033846742007881403,0.0011781546054407954,0,0.010346530005335808,0.012000001035630703,0.0,0.009370755404233932,0,6.381516669262677e-10,0.0,10,11,0,11,1,1,1,0,1,0,0.006000000983476639,0.006000000052154064,0.006000000052154064,0,0.013069003820419312,0.008383626118302345,0.004685377702116966,0.004685377702116966,0.780896276898342,2.178167284469839,0,0,-0.0027879630818868663,-6.44761778689773e-11,1.6615384505345263,0.0077849352073444435,6.44761778689773e-11,120741263.90004522,1,0,0,2,5,0,0,0.005999998189508915
5010,10,2,1,10,f1ea8bd27a2f5c3880bfd1d414b7e11ce778ec979d16d7c47cf2c2d5bb93577a,6422b3ba4af70009e3bdb634f81efb12dc4f4c47a37225332594babd0b417e68,0.014044271782040596,0.017999999225139618,0.004267152864485979,0.004267152864485979,0.0,0.014044271782040596,0.017999999225139618,1,3,0.9076921939849854,0.20944694064039504,13,1.661538353333106,0.0037723358248519757,0.0034701077146290322,0.003955727443099022,0.004267152864485979,0.003955727443099022,0.004267152864485979,0.004659147467464209,0.005514498800039291,0.004659147467464209,0,0.014044271782040596,0.017999999225139618,0.0,0.01065855659544468,0,2.9591359952674257e-09,3.469446951953614e-18,10,11,10,11,1,1,1,1,1,1,0.008999999612569809,0.008999999612569809,0.008999999612569809,0,0.013973157852888107,0.008643879555165768,0.00532927829772234,0.00532927829772234,0.5921420585706723,1.5525731616002028,0,0,0.004267155823621974,-3.469446951953614e-18,1.6615384505345263,0.008854800805264854,3.469446951953614e-18,inf,0,0,0,1,1,1,1,0.005999998189508915
5010,10,2,3,10,f1ea8bd27a2f5c3880bfd1d414b7e11ce778ec979d16d7c47cf2c2d5bb93577a,6422b3ba4af70009e3bdb634f81efb12dc4f4c47a37225332594babd0b417e68,0.011072663590312004,0.0,0.00035233687958680093,0.00035233687958680093,-3.469446951953614e-18,0.011072663590312004,0.0,0,1,0.9076923131942749,0.2094469155167731,13,1.661538461366525,0.003394701883690224,0.0029893953727899926,0.011072663590312004,0.0003523368795868044,0.011072663590312004,0.0003523368795868044,0.005497807636857033,0.004936011042445898,0.005497807636857033,0,0.011072663590312004,0.0,0.0,0.011072663590312004,0,2.8925997014317417e-11,3.469446951953614e-18,0,0,5,7,13,13,0,1,1,1,0.0,0.0,0.0,1,0.014702584594488144,0.009166252799332142,0.005536331795156002,0.005536331795156002,inf,inf,0,0,0.00035233690851279795,-6.938893903907228e-18,1.6615384522538923,0.009198828162087516,6.938893903907228e-18,inf,0,0,0,3,3,0,0,0.017999999225139618
5010,10,2,4,10,f1ea8bd27a2f5c3880bfd1d414b7e11ce778ec979d16d7c47cf2c2d5bb93577a,6422b3ba4af70009e3bdb634f81efb12dc4f4c47a37225332594babd0b417e68,0.012234270572662354,0.0,-0.0018746317364275455,-0.0018746317364275455,0.0,0.012234270572662354,0.0,0,1,0.9076921939849854,0.20944694064039504,13,1.661538353333106,0.0035703195541378742,0.003129271073983266,0.012234270572662354,-0.0018746317364275455,0.012234270572662354,0.0018746317364275455,0.0012084683403372765,0.004543412011116743,0.0012084683403372765,0,0.012234270572662354,0.0,0.0,0.012234270572662354,0,6.643409971446301e-10,1.734723475976807e-18,0,0,5,9,13,13,0,1,1,1,0.0,0.0,0.0,1,0.012409713119268417,0.006292577832937241,0.006117135286331177,0.006117135286331177,inf,inf,0,0,-0.0018746310720865484,-1.734723475976807e-18,1.6615384505345263,0.010163855485360779,1.734723475976807e-18,inf,0,0,0,4,2,0,0,0.017999999225139618
5010,10,2,5,10,f1ea8bd27a2f5c3880bfd1d414b7e11ce778ec979d16d7c47cf2c2d5bb93577a,6422b3ba4af70009e3bdb634f81efb12dc4f4c47a37225332594babd0b417e68,0.010613607242703438,0.0,0.0028746258467435837,0.0028746258467435837,0.0,0.010613607242703438,0.0,0,1,0.9076921939849854,0.20944694064039504,13,1.661538353333106,0.003650031058111189,0.0033777913839153993,0.010613607242703438,0.0028746258467435837,0.010613607242703438,0.0028746258467435837,0.0037679674569517374,0.0050619663670659065,0.0037679674569517374,0,0.010613607242703438,0.0,0.0,0.010613607242703438,0,2.268540102295935e-09,1.734723475976807e-18,0,0,5,9,13,13,0,1,1,1,0.0,0.0,0.0,1,0.014516666531562805,0.009209862910211086,0.005306803621351719,0.005306803621351719,inf,inf,0,0,0.0028746235782034814,-1.734723475976807e-18,1.6615384505345263,0.008817458266311749,1.734723475976807e-18,inf,0,0,0,5,4,0,0,0.017999999225139618
5010,11,0,1,11,15887b6acf10e23372f71e98f12a0349a7f580e32893b0190204fe6d1d15351d,6422b3ba4af70009e3bdb634f81efb12dc4f4c47a37225332594babd0b417e68,0.00953054428100586,0.017999999225139618,0.0016855908324941993,0.0016855908324941993,-3.223808850080778e-11,0.00953054428100586,0.017999999225139618,1,3,0.9076921939849854,0.20944694064039504,13,1.661538353333106,0.003096311946825537,0.0025022874542197883,0.008469454944133759,0.0016855908647322878,0.008469454944133759,0.0016855908647322878,0.004391202237457037,0.004877155181020498,0.004391202237457037,0,0.00953054428100586,0.017999999225139618,0.0,0.011119506554678082,0,5.028551897795497e-10,3.2526065174565133e-19,10,11,2,11,1,1,1,0,1,0,0.008999999845400453,0.008999999379739165,0.008999999379739165,0,0.010028299177065492,0.0044685458997264504,0.005559753277339041,0.005559753277339041,0.6177504067228249,1.114255540910507,0,0,0.001685591335349389,-3.2238088826068434e-11,1.6615384505345263,0.009237743845784165,3.2238088826068434e-11,286547502.7264743,0,0,0,2,3,0,0,0.006000000983476639
5010,11,0,2,11,15887b6acf10e23372f71e98f12a0349a7f580e32893b0190204fe6d1d15351d,6422b3ba4af70009e3bdb634f81efb12dc4f4c47a37225332594babd0b417e68,0.013549121096730232,0.024000000208616257,-0.0010331940138712525,-0.0010331940138712525,0.0016615385294533674,0.013549121096730232,0.024000000208616257,1,4,0.9076921939849854,0.20944694064039504,13,1.6615383533331063,0.002730510919038922,0.0021856001773904237,0.010450879111886024,-0.0026947325433246197,0.010450879111886024,0.0026947325433246197,0.002192527288571,0.00800422765314579,0.002192527288571,0,0.013549121445976198,0.024000000208616257,3.4924596548080444e-10,0.010450878762640059,0,2.9788087795024065e-10,4.336808689942018e-19,10,11,10,11,1,1,1,1,1,1,0.010000000009313226,0.012000000104308128,0.010000000009313226,0,0.013252920121885836,0.008027480740565807,0.0052254393813200295,0.0052254393813200295,0.522543937645346,1.3252920109543092,0,0,-0.0010331937159903746,0.0016615385294533678,1.661538450534526,0.008682268453000574,0.0016615385294533678,5.225439133124988,0,0,0,1,1,1,1,0.006000000983476639
5010,11,0,3,11,15887b6acf10e23372f71e98f12a0349a7f580e32893b0190204fe6d1d15351d,6422b3ba4af70009e3bdb634f81efb12dc4f4c47a37225332594babd0b417e68,0.00961216539144516,0.0,0.0005453177145682275,0.0005453177145682275,0.0,0.00961216539144516,0.0,0,1,0.9076923131942749,0.2094469155167731,13,1.661538461366525,0.0025399285296926425,0.002074331144344877,0.00961216539144516,0.0005453177145682275,0.00961216539144516,0.0005453177145682275,0.0029334474820643663,0.0031802041921764612,0.0029334474820643663,0,0.009612165857106447,0.0,4.656612873077393e-10,0.009612165857106447,0,1.984408531593984e-10,4.336808689942018e-19,0,0,2,10,13,13,0,1,1,1,0.0,0.0,0.0,1,0.013627493986859918,0.008821411058306694,0.004806082928553224,0.004806082928553224,inf,inf,0,0,0.0005453179130090807,-4.336808689942018e-19,1.6615384522538923,0.007985491590512176,4.336808689942018e-19,inf,0,0,0,3,2,0,0,0.024000000208616257
5010,11,0,4,11,15887b6acf10e23372f71e98f12a0349a7f580e32893b0190204fe6d1d15351d,6422b3ba4af70009e3bdb634f81efb12dc4f4c47a37225332594babd0b417e68,0.007954498752951622,0.0,-0.0023872770834714174,-0.0023872770834714174,0.0,0.007954498752951622,0.0,0,1,0.9076921939849854,0.20944694064039504,13,1.661538353333106,0.0022034405766847903,0.001756814479298846,0.007954498752951622,-0.0023872770834714174,0.007954498752951622,0.0023872770834714174,0.004951419774442911,0.006487537641078234,0.004951419774442911,0,0.007954498752951622,0.0,0.0,0.007954498752951622,0,4.671435586446615e-10,1.0842021724855044e-19,0,0,2,12,13,13,0,1,1,1,0.0,0.0,0.0,1,0.012124210828915238,0.008146961452439427,0.003977249376475811,0.003977249376475811,inf,inf,0,0,-0.0023872766163278588,1.0842021724855044e-19,1.6615384505345263,0.00660835276637903,1.0842021724855044e-19,inf,0,0,0,4,4,0,0,0.024000000208616257
5010,11,0,5,11,15887b6acf10e23372f71e98f12a0349a7f580e32893b0190204fe6d1d15351d,6422b3ba4af70009e3bdb634f81efb12dc4f4c47a37225332594babd0b417e68,0.006610341370105743,0.0,4.105386324226856e-06,4.105386324226856e-06,0.0,0.006610341370105743,0.0,0,1,0.9076921939849854,0.20944694064039504,13,1.661538353333106,0.002026380203184173,0.0016929632625900782,0.006610341370105743,4.105386324226856e-06,0.006610341370105743,4.105386324226856e-06,0.0046294089406728745,0.004592748358845711,0.0046294089406728745,0,0.006610341370105743,0.0,0.0,0.006610341370105743,0,4.889171584948615e-10,2.168404344971009e-19,0,0,2,9,13,13,0,1,1,1,0.0,0.0,0.0,1,0.010251704836264253,0.006946534151211381,0.0033051706850528717,0.0033051706850528717,inf,inf,0,0,4.105875241385351e-06,2.168404344971009e-19,1.6615384505345263,0.005491668178794888,2.168404344971009e-19,inf,0,0,0,5,5,0,0,0.024000000208616257
5010,11,1,0,11,15887b6acf10e23372f71e98f12a0349a7f580e32893b0190204fe6d1d15351d,6422b3ba4af70009e3bdb634f81efb12dc4f4c47a37225332594babd0b417e68,0.011670737527310848,0.011999999871477485,-0.0024908098857849836,-0.0024908098857849836,-1.6119044467244326e-11,0.011670737527310848,0.011999999871477485,1,3,0.007692307233810425,0.20944694064039504,13,1.661538353333106,0.0018489283846859592,0.0013521403465530225,0.00032926234416663647,-0.002490809869665939,0.00032926234416663647,0.002490809869665939,0.003218989819288254,0.0038549138698726892,0.003218989819288254,0,0.011670737294480205,0.011999999871477485,2.3283064365386963e-10,0.006675394484773278,0,1.26784410227343e-10,2.168404344971009e-19,10,11,10,11,1,1,1,1,1,1,0.006000000052154064,0.0059999998193234205,0.0059999998193234205,0,0.006972471019253135,-0.0036347737768664956,0.003337697242386639,0.003337697242386639,0.5562828904823215,1.1620785382022516,0,0,-0.002490810012569394,-1.611904468408476e-11,1.6615384505345263,0.005545712304468458,1.611904468408476e-11,344047207.08690953,1,0,0,2,2,0,0,0.012000001268461347
5010,11,1,2,11,15887b6acf10e23372f71e98f12a0349a7f580e32893b0190204fe6d1d15351d,6422b3ba4af70009e3bdb634f81efb12dc4f4c47a37225332594babd0b417e68,0.016009174287319183,0.02400000113993883,0.00034733209758996964,0.00034733209758996964,0.001661538593929545,0.016009174287319183,0.02400000113993883,1,4,0.9076921939849854,0.20944694064039504,13,1.6615383533331063,0.002591707339265023,0.002229684480251028,0.007990826852619648,-0.0013142064963395754,0.007990826852619648,0.0013142064963395754,0.003185821697115898,0.004502612631767988,0.003185821697115898,0,0.016009175218641758,0.02400000113993883,9.313225746154785e-10,0.008164481376297772,0,3.703518045624493e-10,4.336808689942018e-19,10,11,10,11,1,1,1,1,1,1,0.010000000009313226,0.012000001035630703,0.010000000009313226,0,0.004822379909455776,-0.0007401392213068902,0.004082240688148886,0.004082240688148886,0.4082240684347003,0.4822379904964585,1,0,0.00034733172723816507,0.0016615385939295455,1.661538450534526,0.006782799867695898,0.0016615385939295455,4.0822403358411,1,0,0,1,1,1,1,0.012000001268461347
5010,11,1,3,11,15887b6acf10e23372f71e98f12a0349a7f580e32893b0190204fe6d1d15351d,6422b3ba4af70009e3bdb634f81efb12dc4f4c47a37225332594babd0b417e68,0.006312376819550991,0.0,-0.00016592264000792056,-0.00016592264000792056,4.336808689942018e-19,0.006312376819550991,0.0,0,1,0.9076923131942749,0.2094469155167731,13,1.661538461366525,0.0017785863749837003,0.001444642911472264,0.006312376819550991,-0.000165922640007921,0.006312376819550991,0.000165922640007921,0.003453827928751707,0.003909769468009472,0.003453827928751707,0,0.006312376819550991,0.0,0.0,0.006312376819550991,0,9.517880103851462e-11,2.168404344971009e-19,0,0,2,8,13,13,0,1,1,1,0.0,0.0,0.0,1,0.004691938636824489,-0.0015357502270489931,0.0031561884097754955,0.0031561884097754955,inf,inf,0,0,-0.00016592254482911952,2.168404344971009e-19,1.6615384522538923,0.00524412840540005,2.168404344971009e-19,inf,0,0,0,3,4,0,0,0.02400000113993883
5010,11,1,4,11,15887b6acf10e23372f71e98f12a0349a7f580e32893b0190204fe6d1d15351d,6422b3ba4af70009e3bdb634f81efb12dc4f4c47a37225332594babd0b417e68,0.007913075387477875,0.0,-0.0026550039183348417,-0.0026550039183348417,-4.336808689942018e-19,0.007913075387477875,0.0,0,1,0.9076921939849854,0.20944694064039504,13,1.661538353333106,0.0021574666188825483,0.001782571039983683,0.007913075387477875,-0.0026550039183348413,0.007913075387477875,0.0026550039183348413,0.0022971525322645903,0.004023394081741571,0.0022971525322645903,0,0.007913075853139162,0.0,4.656612873077393e-10,0.007913075853139162,0,1.7763613973861836e-10,4.336808689942018e-19,0,0,7,5,13,13,0,1,1,1,0.0,0.0,0.0,1,0.004731180379167199,-0.0007746424525976181,0.003956537926569581,0.003956537926569581,inf,inf,0,0,-0.0026550040959709815,0.0,1.6615384505345263,0.006573939895993509,0.0,inf,0,0,0,4,3,0,0,0.02400000113993883
5010,11,1,5,11,15887b6acf10e23372f71e98f12a0349a7f580e32893b0190204fe6d1d15351d,6422b3ba4af70009e3bdb634f81efb12dc4f4c47a37225332594babd0b417e68,0.005840152967721224,0.0,0.0003598493058234453,0.0003598493058234453,0.0,0.005840152967721224,0.0,0,1,0.9076921939849854,0.20944694064039504,13,1.661538353333106,0.001660897989183455,0.0013012286749552694,0.005840152967721224,0.0003598493058234453,0.005840152967721224,0.0003598493058234453,0.003316229674965143,0.00548499496653676,0.003316229674965143,0,0.005840152851305902,0.0,1.1641532182693481e-10,0.005840152851305902,0,2.2955195123214311e-10,4.336808689942018e-19,0,0,7,5,13,13,0,1,1,1,0.0,0.0,0.0,1,0.004738057730719447,-0.0018179813050664961,0.002920076425652951,0.002920076425652951,inf,inf,0,0,0.00035984953537539655,-4.336808689942018e-19,1.6615384505345263,0.0048518192597218025,4.336808689942018e-19,inf,0,0,0,5,5,0,0,0.02400000113993883
5010,11,2,0,11,15887b6acf10e23372f71e98f12a0349a7f580e32893b0190204fe6d1d15351d,6422b3ba4af70009e3bdb634f81efb12dc4f4c47a37225332594babd0b417e68,0.011815877631306648,0.012000001966953278,0.004389521200209856,0.004389521200209856,3.469446951953614e-18,0.011815877631306648,0.012000001966953278,1,3,0.007692307233810425,0.20944694064039504,13,1.661538353333106,0.0029476652380989775,0.0024705247722081177,0.00018412433564662933,0.0043895212002098526,0.00018412433564662933,0.0043895212002098526,0.004092726390808821,0.005085789132863283,0.004092726390808821,0,0.011815877631306648,0.012000001966953278,0.0,0.009016547352075577,0,1.583662940368713e-09,5.204170427930421e-18,10,11,10,11,1,1,1,1,1,1,0.006000000983476639,0.006000000983476639,0.006000000983476639,0,0.012411493808031082,0.007903220131993294,0.004508273676037788,0.004508273676037788,0.7513788228457116,2.068581962271508,0,0,0.004389519616546916,-1.734723475976807e-18,1.6615384505345263,0.00749067005826942,1.734723475976807e-18,inf,0,0,0,2,2,0,0,0.00599999725818634
5010,11,2,1,11,15887b6acf10e23372f71e98f12a0349a7f580e32893b0190204fe6d1d15351d,6422b3ba4af70009e3bdb634f81efb12dc4f4c47a37225332594babd0b417e68,0.016583550721406937,0.017999999225139618,0.004401697777211666,0.004401697777211666,0.0,0.016583550721406937,0.017999999225139618,1,3,0.9076921939849854,0.20944694064039504,13,1.661538353333106,0.0035165853186423586,0.0031271032195472155,0.0014164485037326813,0.004401697777211666,0.0014164485037326813,0.004401697777211666,0.004868459887802601,0.007147804368287325,0.004868459887802601,0,0.016583550721406937,0.017999999225139618,0.0,0.010454731062054634,0,3.06570523828098e-09,1.734723475976807e-18,10,11,10,11,1,1,1,1,1,1,0.008999999612569809,0.008999999612569809,0.008999999612569809,0,0.014571357518434525,0.009343991987407207,0.005227365531027317,0.005227365531027317,0.580818417339323,1.6190397939666024,0,0,0.004401700842916904,-1.734723475976807e-18,1.6615384505345263,0.008685468824800719,1.734723475976807e-18,inf,0,0,0,1,1,1,1,0.00599999725818634
5010,11,2,3,11,15887b6acf10e23372f71e98f12a0349a7f580e32893b0190204fe6d1d15351d,6422b3ba4af70009e3bdb634f81efb12dc4f4c47a37225332594babd0b417e68,0.011253127828240395,0.0,-0.0005130462232045829,-0.0005130462232045829,0.0,0.011253127828240395,0.0,0,1,0.9076923131942749,0.2094469155167731,13,1.661538461366525,0.003438226990155457,0.0028952982651411427,0.011253127828240395,-0.0005130462232045829,0.011253127828240395,0.0005130462232045829,0.004816981498152018,0.0027235897723585367,0.004816981498152018,0,0.011253127828240395,0.0,0.0,0.011253127828240395,0,7.649394676706445e-10,3.469446951953614e-18,0,0,5,7,13,13,0,1,1,1,0.0,0.0,0.0,1,0.014061931520700455,0.008435367606580257,0.005626563914120197,0.005626563914120197,inf,inf,0,0,-0.0005130454582651153,-3.469446951953614e-18,1.6615384522538923,0.009348752297374875,3.469446951953614e-18,inf,0,0,0,3,3,0,0,0.017999999225139618
5010,11,2,4,11,15887b6acf10e23372f71e98f12a0349a7f580e32893b0190204fe6d1d15351d,6422b3ba4af70009e3bdb634f81efb12dc4f4c47a37225332594babd0b417e68,0.011136213317513466,0.0,0.004495610017329454,0.004495610017329454,3.469446951953614e-18,0.011136213317513466,0.0,0,1,0.9076921939849854,0.20944694064039504,13,1.661538353333106,0.0035926316157494174,0.0032803187885227995,0.011136213317513466,0.004495610017329451,0.011136213317513466,0.004495610017329451,0.0029242318123579025,0.004669537302106619,0.0029242318123579025,0,0.011136213317513466,0.0,0.0,0.011136213317513466,0,8.943853001958102e-10,3.469446951953614e-18,0,0,0,9,13,13,0,1,1,1,0.0,0.0,0.0,1,0.013537727296352386,0.007969620637595654,0.005568106658756733,0.005568106658756733,inf,inf,0,0,0.004495610911714755,0.0,1.6615384505345263,0.009251623310201641,0.0,inf,0,0,0,4,4,0,0,0.017999999225139618
5010,11,2,5,11,15887b6acf10e23372f71e98f12a0349a7f580e32893b0190204fe6d1d15351d,6422b3ba4af70009e3bdb634f81efb12dc4f4c47a37225332594babd0b417e68,0.010591289028525352,0.0,0.0032605521846562624,0.0032605521846562624,0.0,0.010591289028525352,0.0,0,1,0.9076921939849854,0.20944694064039504,13,1.661538353333106,0.0033893016317318465,0.0029989545779115353,0.010591289028525352,0.0032605521846562624,0.010591289028525352,0.0032605521846562624,0.003980962559580803,0.002299114828929305,0.003980962559580803,0,0.010591289028525352,0.0,0.0,0.010591289028525352,0,3.485193886959559e-09,0.0,0,0,5,9,13,13,0,1,1,1,0.0,0.0,0.0,1,0.013952787965536118,0.008657143451273441,0.005295644514262676,0.005295644514262676,inf,inf,0,0,0.0032605556698501494,0.0,1.6615384505345263,0.008798916980809672,0.0,inf,0,0,0,5,5,0,0,0.017999999225139618
5010,12,0,1,12,f6be7eecec33082e5ba80d7783a9f13bd6a5fbe551833ff59e9c5267e50100cf,6422b3ba4af70009e3bdb634f81efb12dc4f4c47a37225332594babd0b417e68,0.01252950169146061,0.017999999225139618,-0.000625512155238539,-0.000625512155238539,3.469446951953614e-18,0.01252950169146061,0.017999999225139618,1,3,0.9076921939849854,0.20944694064039504,13,1.661538353333106,0.0030978950044798716,0.0020924158003071004,0.0054704975336790085,-0.0006255121552385424,0.0054704975336790085,0.0006255121552385424,0.0039174240082502365,0.005842964164912701,0.0039174240082502365,0,0.012529501458629966,0.017999999225139618,2.3283064365386963e-10,0.013796437298879027,0,1.429454861770485e-10,0.0,10,11,4,11,1,1,1,0,1,0,0.008999999612569809,0.008999999612569809,0.008999999612569809,0,0.014242000645026565,0.007343781995587051,0.006898218649439514,0.006898218649439514,0.7664687718214063,1.5824445842348192,0,0,-0.0006255120122930528,3.469446951953614e-18,1.6615384505345263,0.011461655526238103,3.469446951953614e-18,inf,0,0,0,2,2,0,0,0.006000000983476639
5010,12,0,2,12,f6be7eecec33082e5ba80d7783a9f13bd6a5fbe551833ff59e9c5267e50100cf,6422b3ba4af70009e3bdb634f81efb12dc4f4c47a37225332594babd0b417e68,0.011479170992970467,0.024000000208616257,-0.0024025095626711845,-0.0024025095626711845,-0.0016615387228819008,0.011479170992970467,0.024000000208616257,1,4,0.007692307233810425,0.20944694064039504,13,1.6615383533331063,0.0036027032558452934,0.0027704939284753163,0.01252082921564579,-0.0007409708397892838,0.01252082921564579,0.0007409708397892838,0.004387132357805967,0.006640744861215353,0.004387132357805967,0,0.011479170992970467,0.024000000208616257,0.0,0.013624796411022544,0,1.4120189826410945e-11,8.673617379884035e-19,10,11,4,11,1,1,1,0,1,0,0.012000000104308128,0.009999999776482582,0.009999999776482582,0,0.0159199433401227,0.009107545134611428,0.006812398205511272,0.006812398205511272,0.681239835778024,1.591994369596117,0,0,-0.0024025095485509947,-0.0016615387228819,1.661538450534526,0.011319061558809384,0.0016615387228819,6.812397088872379,1,0,0,1,5,1,0,0.006000000983476639
5010,12,0,3,12,f6be7eecec33082e5ba80d7783a9f13bd6a5fbe551833ff59e9c5267e50100cf,6422b3ba4af70009e3bdb634f81efb12dc4f4c47a37225332594babd0b417e68,0.013270230032503605,0.0,-0.0006788820028305054,-0.0006788820028305054,-3.469446951953614e-18,0.013270230032503605,0.0,0,1,0.007692308165132999,0.2094469155167731,13,1.661538461366525,0.0034979679315440926,0.0027961562988320756,0.013270230032503605,-0.0006788820028305019,0.013270230032503605,0.0006788820028305019,0.003852222813293338,0.007800878956913948,0.003852222813293338,0,0.013270230265334249,0.0,2.3283064365386963e-10,0.013270230265334249,0,2.6306618602228715e-10,7.806255641895632e-18,0,0,4,9,13,13,0,1,1,1,0.0,0.0,0.0,1,0.01586930942721665,0.009234194294549525,0.006635115132667124,0.006635115132667124,inf,inf,0,0,-0.0006788822658966914,4.336808689942018e-18,1.6615384522538923,0.011024498928058114,4.336808689942018e-18,inf,0,0,0,3,1,0,1,0.024000000208616257
5010,12,0,4,12,f6be7eecec33082e5ba80d7783a9f13bd6a5fbe551833ff59e9c5267e50100cf,6422b3ba4af70009e3bdb634f81efb12dc4f4c47a37225332594babd0b417e68,0.012261079624295235,0.0,-0.002188995946198702,-0.002188995946198702,0.0,0.012261079624295235,0.0,0,1,0.9076921939849854,0.20944694064039504,13,1.661538353333106,0.003329924485649083,0.0026909596529188597,0.012261079624295235,-0.002188995946198702,0.012261079624295235,0.002188995946198702,0.003037747461348772,0.007280746474862099,0.003037747461348772,0,0.01226107927504927,0.0,3.4924596548080444e-10,0.01226107927504927,0,2.67924349373061e-10,2.6020852139652106e-18,0,0,4,12,13,13,0,1,1,1,0.0,0.0,0.0,1,0.019151628599502146,0.013021088961977512,0.006130539637524635,0.006130539637524635,inf,inf,0,0,-0.0021889956782743525,2.6020852139652106e-18,1.6615384505345263,0.010186127330273178,2.6020852139652106e-18,inf,0,0,0,4,3,0,0,0.024000000208616257
5010,12,0,5,12,f6be7eecec33082e5ba80d7783a9f13bd6a5fbe551833ff59e9c5267e50100cf,6422b3ba4af70009e3bdb634f81efb12dc4f4c47a37225332594babd0b417e68,0.011540540494024754,0.0,-0.0020963617134839296,-0.0020963617134839296,3.469446951953614e-18,0.011540540494024754,0.0,0,1,0.9076921939849854,0.20944694064039504,13,1.661538353333106,0.0028785963703035003,0.0021631960376832606,0.011540540494024754,-0.002096361713483933,0.011540540494024754,0.002096361713483933,0.0043230215087533,0.00551142543554306,0.0043230215087533,0,0.011540540494024754,0.0,0.0,0.011540540494024754,0,1.6074606142696402e-10,0.0,0,0,4,9,13,13,0,1,1,1,0.0,0.0,0.0,1,0.01748393289744854,0.011713662650436163,0.005770270247012377,0.005770270247012377,inf,inf,0,0,-0.002096361552737868,3.469446951953614e-18,1.6615384505345263,0.009587525885386423,3.469446951953614e-18,inf,0,0,0,5,4,0,0,0.024000000208616257
5010,12,1,0,12,f6be7eecec33082e5ba80d7783a9f13bd6a5fbe551833ff59e9c5267e50100cf,6422b3ba4af70009e3bdb634f81efb12dc4f4c47a37225332594babd0b417e68,0.010668170638382435,0.011999999871477485,-0.0020653430838137865,-0.0020653430838137865,-1.6119044467244326e-11,0.010668170638382435,0.011999999871477485,1,3,0.007692307233810425,0.20944694064039504,13,1.661538353333106,0.0019787230290449704,0.0015859662296151267,0.0013318292330950499,-0.002065343067694742,0.0013318292330950499,0.002065343067694742,0.0023693374823778868,0.0038951148744672537,0.0023693374823778868,0,0.010668170521967113,0.011999999871477485,1.1641532182693481e-10,0.007132126833312213,0,8.898837638993129e-10,2.168404344971009e-19,10,11,2,11,1,1,1,0,1,0,0.006000000052154064,0.0059999998193234205,0.0059999998193234205,0,0.005252603208646178,-0.0016865397919900715,0.0035660634166561067,0.0035660634166561067,0.5943439206733555,0.87543389446943,0,0,-0.0020653439736975504,-1.611904468408476e-11,1.6615384505345263,0.005925151483818647,1.611904468408476e-11,367587012.75075454,1,0,0,2,2,0,0,0.012000000337138772
5010,12,1,2,12,f6be7eecec33082e5ba80d7783a9f13bd6a5fbe551833ff59e9c5267e50100cf,6422b3ba4af70009e3bdb634f81efb12dc4f4c47a37225332594babd0b417e68,0.015203979797661304,0.024000000208616257,0.000375987816369161,0.000375987816369161,-0.001661538561691457,0.015203979797661304,0.024000000208616257,1,4,0.007692307233810425,0.20944694064039504,13,1.6615383533331063,0.0026485487272050676,0.002179746856339849,0.008796020410954952,0.002037526378060618,0.008796020410954952,0.002037526378060618,0.002614213852211833,0.00517774885520339,0.002614213852211833,0,0.015203979797661304,0.024000000208616257,0.0,0.009118053363636136,0,1.7078965845740424e-10,2.168404344971009e-19,10,11,10,11,1,1,1,1,1,1,0.012000000337138772,0.009999999776482582,0.009999999776482582,0,0.0069279856979846954,-0.0023689590161666274,0.004559026681818068,0.004559026681818068,0.45590267837202575,0.6927985852837246,1,0,0.00037598798715881947,-0.0016615385616914567,1.661538450534526,0.007574998128853555,0.0016615385616914567,4.5590263768191805,0,0,0,1,1,1,1,0.012000000337138772
5010,12,1,3,12,f6be7eecec33082e5ba80d7783a9f13bd6a5fbe551833ff59e9c5267e50100cf,6422b3ba4af70009e3bdb634f81efb12dc4f4c47a37225332594babd0b417e68,0.008492201566696167,0.0,-0.0008411371964029968,-0.0008411371964029968,4.336808689942018e-19,0.008492201566696167,0.0,0,1,0.007692308165132999,0.2094469155167731,13,1.661538461366525,0.002044753058171413,0.001610831971991168,0.008492201566696167,-0.0008411371964029972,0.008492201566696167,0.0008411371964029972,0.0032329768873751163,0.0038695563562214375,0.0032329768873751163,0,0.00849220179952681,0.0,2.3283064365386963e-10,0.00849220179952681,0,4.672295805460691e-10,2.168404344971009e-19,0,0,2,8,13,13,0,1,1,1,0.0,0.0,0.0,1,0.0058490734081715345,-0.0016029725084081292,0.004246100899763405,0.004246100899763405,inf,inf,0,0,-0.0008411376636325773,2.168404344971009e-19,1.6615384522538923,0.007055059917106748,2.168404344971009e-19,inf,0,0,0,3,3,0,0,0.024000000208616257
5010,12,1,4,12,f6be7eecec33082e5ba80d7783a9f13bd6a5fbe551833ff59e9c5267e50100cf,6422b3ba4af70009e3bdb634f81efb12dc4f4c47a37225332594babd0b417e68,0.007099897600710392,0.0,-0.0019561389926820993,-0.0019561389926820993,-4.336808689942018e-19,0.007099897600710392,0.0,0,1,0.9076921939849854,0.20944694064039504,13,1.661538353333106,0.0020143999989237363,0.0015511364370295862,0.007099897600710392,-0.001956138992682099,0.007099897600710392,0.001956138992682099,0.0018862973665818572,0.003585187951102853,0.0018862973665818572,0,0.007099897757143481,0.0,1.5643308870494366e-10,0.007099897757143481,0,2.7199084130791196e-11,4.336808689942018e-19,0,0,2,8,13,13,0,1,1,1,0.0,0.0,0.0,1,0.0040505698416382074,-0.0005006209630664671,0.0035499488785717404,0.0035499488785717404,inf,inf,0,0,-0.001956138965483015,0.0,1.6615384505345263,0.0058983765591788685,0.0,inf,0,0,0,4,4,0,0,0.024000000208616257
5010,12,1,5,12,f6be7eecec33082e5ba80d7783a9f13bd6a5fbe551833ff59e9c5267e50100cf,6422b3ba4af70009e3bdb634f81efb12dc4f4c47a37225332594babd0b417e68,0.005696883890777826,0.0,-0.0002611833333503455,-0.0002611833333503455,0.0,0.005696883890777826,0.0,0,1,0.9076921939849854,0.20944694064039504,13,1.661538353333106,0.001705429484816022,0.0013355328508559065,0.005696883890777826,-0.0002611833333503455,0.005696883890777826,0.0002611833333503455,0.0022273906506597996,0.004689510446041822,0.0022273906506597996,0,0.005696884065400809,0.0,1.7462298274040222e-10,0.005696884065400809,0,3.912733232032395e-10,4.336808689942018e-19,0,0,2,5,13,13,0,1,1,1,0.0,0.0,0.0,1,0.0035716320853680372,-0.0007231900526676327,0.0028484420327004045,0.0028484420327004045,inf,inf,0,0,-0.0002611829420770223,-4.336808689942018e-19,1.6615384505345263,0.004732795961450447,4.336808689942018e-19,inf,0,0,0,5,5,0,0,0.024000000208616257
5010,12,2,0,12,f6be7eecec33082e5ba80d7783a9f13bd6a5fbe551833ff59e9c5267e50100cf,6422b3ba4af70009e3bdb634f81efb12dc4f4c47a37225332594babd0b417e68,0.010298004373908043,0.012000001035630703,-0.0005346828256733716,-0.0005346828256733716,6.447617439953035e-11,0.010298004373908043,0.012000001035630703,1,3,0.007692307233810425,0.20944694064039504,13,1.661538353333106,0.0038593282215192027,0.003289395057425432,0.00170199666172266,-0.000534682890149546,0.00170199666172266,0.000534682890149546,0.00532910181209445,0.004952101036906242,0.00532910181209445,0,0.010298004723154008,0.012000001035630703,3.4924596548080444e-10,0.012596439919434488,0,6.0360960977765e-10,6.071532165918825e-18,10,11,4,8,1,1,1,0,0,0,0.006000000052154064,0.006000000983476639,0.006000000052154064,0,0.01670722512062639,0.010409005160909146,0.006298219959717244,0.006298219959717244,1.0497033174951582,2.7845374959002402,0,0,-0.0005346834292829813,6.447618047106252e-11,1.6615384505345263,0.010464734632994216,6.447618047106252e-11,162303885.81548935,0,0,0,2,5,0,0,0.005999998189508915
5010,12,2,1,12,f6be7eecec33082e5ba80d7783a9f13bd6a5fbe551833ff59e9c5267e50100cf,6422b3ba4af70009e3bdb634f81efb12dc4f4c47a37225332594babd0b417e68,0.018146183341741562,0.017999999225139618,0.005111721809953451,0.005111721809953451,3.469446951953614e-18,0.018146183341741562,0.017999999225139618,1,3,0.9076921939849854,0.20944694064039504,13,1.661538353333106,0.004598241541574885,0.0036512055408799223,0.00014618411660194397,0.005111721809953448,0.00014618411660194397,0.005111721809953448,0.003972779493778944,0.008943772874772549,0.003972779493778944,0,0.018146184273064137,0.017999999225139618,9.313225746154785e-10,0.016777182230725884,0,1.1058971689792418e-09,0.0,10,11,4,11,1,1,1,0,1,0,0.008999999612569809,0.008999999612569809,0.008999999612569809,0,0.03195914160460234,0.023570550489239395,0.008388591115362942,0.008388591115362942,0.9320657196081491,3.551015886708122,0,0,0.00511172291585062,3.469446951953614e-18,1.6615384505345263,0.013937966683987836,3.469446951953614e-18,inf,0,0,0,1,1,1,1,0.005999998189508915
5010,12,2,3,12,f6be7eecec33082e5ba80d7783a9f13bd6a5fbe551833ff59e9c5267e50100cf,6422b3ba4af70009e3bdb634f81efb12dc4f4c47a37225332594babd0b417e68,0.015029039233922958,0.0,0.001903754542581737,0.001903754542581737,-3.469446951953614e-18,0.015029039233922958,0.0,0,1,0.007692308165132999,0.2094469155167731,13,1.661538461366525,0.004142867173940377,0.003261873837472243,0.015029039233922958,0.0019037545425817405,0.015029039233922958,0.0019037545425817405,0.002019154140725732,0.005240301601588726,0.002019154140725732,0,0.015029038768261671,0.0,4.656612873077393e-10,0.015029038768261671,0,2.1973788478894807e-10,7.806255641895632e-18,0,0,4,7,13,13,0,1,1,1,0.0,0.0,0.0,1,0.02834371943026781,0.020829200046136975,0.0075145193841308355,0.0075145193841308355,inf,inf,0,0,0.0019037543228438523,4.336808689942018e-18,1.6615384522538923,0.01248566290694062,4.336808689942018e-18,inf,0,0,0,3,3,0,0,0.017999999225139618
5010,12,2,4,12,f6be7eecec33082e5ba80d7783a9f13bd6a5fbe551833ff59e9c5267e50100cf,6422b3ba4af70009e3bdb634f81efb12dc4f4c47a37225332594babd0b417e68,0.01449876744300127,0.0,0.001341573428362608,0.001341573428362608,0.0,0.01449876744300127,0.0,0,1,0.9076921939849854,0.20944694064039504,13,1.661538353333106,0.003928817222471493,0.002974384194295082,0.01449876744300127,0.001341573428362608,0.01449876744300127,0.001341573428362608,0.004654443357139826,0.00633352342993021,0.004654443357139826,0,0.01449876744300127,0.0,0.0,0.01449876744300127,0,1.7287378082861404e-10,2.6020852139652106e-18,0,0,4,8,13,13,0,1,1,1,0.0,0.0,0.0,1,0.027328637428581715,0.02007925370708108,0.007249383721500635,0.007249383721500635,inf,inf,0,0,0.0013415732554888271,2.6020852139652106e-18,1.6615384505345263,0.012045129795952384,2.6020852139652106e-18,inf,0,0,0,4,4,0,0,0.017999999225139618
5010,12,2,5,12,f6be7eecec33082e5ba80d7783a9f13bd6a5fbe551833ff59e9c5267e50100cf,6422b3ba4af70009e3bdb634f81efb12dc4f4c47a37225332594babd0b417e68,0.0169774629175663,0.0,0.003300444455817342,0.003300444455817342,3.469446951953614e-18,0.0169774629175663,0.0,0,1,0.9076921939849854,0.20944694064039504,13,1.661538353333106,0.004556503283972122,0.0034319773408000155,0.0169774629175663,0.0033004444558173383,0.0169774629175663,0.0033004444558173383,0.003903753822669387,0.006722260266542435,0.003903753822669387,0,0.0169774629175663,0.0,0.0,0.0169774629175663,0,2.990677150371823e-10,0.0,0,0,4,8,13,13,0,1,1,1,0.0,0.0,0.0,1,0.03222398180514574,0.02373525034636259,0.00848873145878315,0.00848873145878315,inf,inf,0,0,0.003300444754885057,3.469446951953614e-18,1.6615384505345263,0.014104353715030243,3.469446951953614e-18,inf,0,0,0,5,2,0,0,0.017999999225139618
5010,13,0,1,13,1843b28f906b5772c7f5d60dc9b55a751203224f28cdf9d6511e1c20123095d9,6422b3ba4af70009e3bdb634f81efb12dc4f4c47a37225332594babd0b417e68,0.009599793702363968,0.01799999736249447,-0.00024695973843336105,-0.00024695973843336105,1.289523557379546e-10,0.009599793702363968,0.01799999736249447,1,3,0.9076921939849854,0.20944694064039504,13,1.661538353333106,0.0038412557720039747,0.0026798542126043315,0.0084002036601305,-0.0002469598673857168,0.0084002036601305,0.0002469598673857168,0.004138219635933638,0.0035745054483413696,0.004138219635933638,0,0.009599793702363968,0.01799999736249447,0.0,0.015270944684743881,0,2.2048825334963773e-09,5.204170427930421e-18,10,11,2,12,1,1,1,0,0,0,0.00899999774992466,0.008999999612569809,0.00899999774992466,0,0.00943417102098465,0.001798698678612709,0.007635472342371941,0.007635472342371941,0.8483860279227134,1.0482414866229965,0,0,-0.00024696194331589455,1.2895236094212503e-10,1.6615384505345263,0.012686630884843904,1.2895236094212503e-10,98382307.94810943,0,0,0,2,5,0,0,0.006000004708766937
5010,13,0,2,13,1843b28f906b5772c7f5d60dc9b55a751203224f28cdf9d6511e1c20123095d9,6422b3ba4af70009e3bdb634f81efb12dc4f4c47a37225332594babd0b417e68,0.010670056566596031,0.024000002071261406,0.0010374104604125023,0.0010374104604125023,-0.0016615373044059911,0.010670056566596031,0.024000002071261406,1,4,0.9076921939849854,0.20944694064039504,13,1.6615383533331063,0.004517000164785044,0.003380715736799691,0.013329945504665375,0.0026989477648184934,0.013329945504665375,0.0026989477648184934,0.004386075772345066,0.003685237606987357,0.004386075772345066,0,0.010670056566596031,0.024000002071261406,0.0,0.018615083768963814,0,3.1166421145256695e-09,1.734723475976807e-18,10,11,8,12,1,1,1,0,0,0,0.012000001966953278,0.010000001639127731,0.010000001639127731,0,0.010891607031226158,0.0015840651467442513,0.009307541884481907,0.009307541884481907,0.9307540358857156,1.0891605245952938,0,0,0.0010374135770546168,-0.0016615373044059894,1.661538450534526,0.01546483872102727,0.0016615373044059894,9.307548304824882,0,0,0,1,3,1,0,0.006000004708766937
5010,13,0,3,13,1843b28f906b5772c7f5d60dc9b55a751203224f28cdf9d6511e1c20123095d9,6422b3ba4af70009e3bdb634f81efb12dc4f4c47a37225332594babd0b417e68,0.012989437207579613,0.0,0.0011178972199559212,0.0011178972199559212,0.0,0.012989437207579613,0.0,0,1,0.007692308165132999,0.2094469155167731,13,1.661538461366525,0.0036421986723090423,0.002915274704525456,0.012989437207579613,0.0011178972199559212,0.012989437207579613,0.0011178972199559212,0.0033607862424105406,0.008852003142237663,0.0033607862424105406,0,0.012989437207579613,0.0,0.0,0.012989437207579613,0,1.9710227113639567e-09,3.469446951953614e-18,0,0,2,7,13,13,0,1,1,1,0.0,0.0,0.0,1,0.010485989972949028,0.003991271369159222,0.006494718603789806,0.006494718603789806,inf,inf,0,0,0.0011178991909786325,-3.469446951953614e-18,1.6615384522538923,0.010791224696765475,3.469446951953614e-18,inf,0,0,0,3,1,0,1,0.024000002071261406
5010,13,0,4,13,1843b28f906b5772c7f5d60dc9b55a751203224f28cdf9d6511e1c20123095d9,6422b3ba4af70009e3bdb634f81efb12dc4f4c47a37225332594babd0b417e68,0.01195312850177288,0.0,-0.0010220753028988838,-0.0010220753028988838,0.0,0.01195312850177288,0.0,0,1,0.9076921939849854,0.20944694064039504,13,1.661538353333106,0.0032881494995879927,0.0025673951711175005,0.01195312850177288,-0.0010220753028988838,0.01195312850177288,0.0010220753028988838,0.0032075438648462296,0.0026382380165159702,0.0032075438648462296,0,0.01195312850177288,0.0,0.0,0.01195312850177288,0,2.6152622897152034e-09,5.204170427930421e-18,0,0,2,12,13,13,0,1,1,1,0.0,0.0,0.0,1,0.010171601548790932,0.004195037297904491,0.00597656425088644,0.00597656425088644,inf,inf,0,0,-0.0010220779181611735,5.204170427930421e-18,1.6615384505345263,0.009930291304937899,5.204170427930421e-18,inf,0,0,0,4,2,0,0,0.024000002071261406
5010,13,0,5,13,1843b28f906b5772c7f5d60dc9b55a751203224f28cdf9d6511e1c20123095d9,6422b3ba4af70009e3bdb634f81efb12dc4f4c47a37225332594babd0b417e68,0.010362682864069939,0.0,-0.0013302717125043273,-0.0013302717125043273,3.469446951953614e-18,0.010362682864069939,0.0,0,1,0.007692307233810425,0.20944694064039504,13,1.661538353333106,0.002963263162612015,0.002423315799447912,0.010362682864069939,-0.0013302717125043308,0.010362682864069939,0.0013302717125043308,0.003596746828407049,0.0019780942238867283,0.003596746828407049,0,0.010362682864069939,0.0,0.0,0.010362682864069939,0,5.302824446912213e-10,1.734723475976807e-18,0,0,2,12,13,13,0,1,1,1,0.0,0.0,0.0,1,0.009170835837721825,0.003989494405686855,0.005181341432034969,0.005181341432034969,inf,inf,0,0,-0.001330272242786772,5.204170427930421e-18,1.6615384505345263,0.008608998014673727,5.204170427930421e-18,inf,0,0,0,5,4,0,0,0.024000002071261406
5010,13,1,0,13,1843b28f906b5772c7f5d60dc9b55a751203224f28cdf9d6511e1c20123095d9,6422b3ba4af70009e3bdb634f81efb12dc4f4c47a37225332594babd0b417e68,0.009674735367298126,0.012000000104308128,-0.0021292148157954216,-0.0021292148157954216,0.0,0.009674735367298126,0.012000000104308128,1,3,0.9076921939849854,0.20944694064039504,13,1.661538353333106,0.0020394072093580613,0.0016307946419916474,0.002325264737010002,-0.0021292148157954216,0.002325264737010002,0.0021292148157954216,0.003320415737107396,0.002384744817391038,0.003320415737107396,0,0.009674735832959414,0.012000000104308128,4.656612873077393e-10,0.00779251306084916,0,1.1395561924643083e-10,4.336808689942018e-19,10,11,2,11,1,1,1,0,1,0,0.006000000052154064,0.006000000052154064,0.006000000052154064,0,0.0074135921895504,0.00351733565912582,0.00389625653042458,0.00389625653042458,0.6493760827594963,1.235598687518151,0,0,-0.002129214929751041,4.336808689942018e-19,1.6615384505345263,0.006473780038446686,4.336808689942018e-19,inf,0,0,0,2,2,0,0,0.012000000104308128
5010,13,1,2,13,1843b28f906b5772c7f5d60dc9b55a751203224f28cdf9d6511e1c20123095d9,6422b3ba4af70009e3bdb634f81efb12dc4f4c47a37225332594babd0b417e68,0.013460887596011162,0.024000000208616257,3.541547994245775e-05,3.541547994245775e-05,-0.001661538561691457,0.013460887596011162,0.024000000208616257,1,4,0.9076921939849854,0.20944694064039504,13,1.6615383533331063,0.00293955276866326,0.0023784700010630396,0.010539112612605095,0.0016969540416339147,0.010539112612605095,0.0016969540416339147,0.00361512484960258,0.004725392907857895,0.00361512484960258,0,0.013460887363180518,0.024000000208616257,2.3283064365386963e-10,0.010657667415216565,0,5.989739959447529e-11,2.168404344971009e-19,10,11,10,11,1,1,1,1,1,1,0.012000000337138772,0.009999999776482582,0.009999999776482582,0,0.005571278976276517,-0.00024244526866823435,0.0053288337076082826,0.0053288337076082826,0.5328833826717,0.5571279100804308,0,0,3.5415420045058156e-05,-0.0016615385616914567,1.661538450534526,0.00885406210169562,0.0016615385616914567,5.328833351109305,0,0,0,1,1,1,1,0.012000000104308128
5010,13,1,3,13,1843b28f906b5772c7f5d60dc9b55a751203224f28cdf9d6511e1c20123095d9,6422b3ba4af70009e3bdb634f81efb12dc4f4c47a37225332594babd0b417e68,0.007640780881047249,0.0,-0.0015251148724928498,-0.0015251148724928498,8.673617379884035e-19,0.007640780881047249,0.0,0,1,0.007692308165132999,0.2094469155167731,13,1.661538461366525,0.001983208087936745,0.0016115385937069118,0.007640780881047249,-0.0015251148724928507,0.007640780881047249,0.0015251148724928507,0.0027560354210436344,0.0028492724522948265,0.0027560354210436344,0,0.007640781055670232,0.0,1.7462298274040222e-10,0.007640781055670232,0,6.535670941075489e-11,8.673617379884035e-19,0,0,2,8,13,13,0,1,1,1,0.0,0.0,0.0,1,0.005619289062451571,0.0017988985346164554,0.003820390527835116,0.003820390527835116,inf,inf,0,0,-0.0015251149378495592,1.734723475976807e-18,1.6615384522538923,0.006347725764624589,1.734723475976807e-18,inf,0,0,0,3,3,0,0,0.024000000208616257
5010,13,1,4,13,1843b28f906b5772c7f5d60dc9b55a751203224f28cdf9d6511e1c20123095d9,6422b3ba4af70009e3bdb634f81efb12dc4f4c47a37225332594babd0b417e68,0.0064310189336538315,0.0,0.0006615073070861399,0.0006615073070861399,0.0,0.0064310189336538315,0.0,0,1,0.9076921939849854,0.20944694064039504,13,1.661538353333106,0.0019745820378530626,0.0016284280431804045,0.0064310189336538315,0.0006615073070861399,0.0064310189336538315,0.0006615073070861399,0.003146305913105607,0.0036848606541752815,0.003146305913105607,0,0.00643101881723851,0.0,1.1641532182693481e-10,0.00643101881723851,0,6.617066074764144e-11,4.336808689942018e-19,0,0,7,11,13,13,0,1,1,1,0.0,0.0,0.0,1,0.0062911262502893806,0.0030756168416701257,0.003215509408619255,0.003215509408619255,inf,inf,0,0,0.0006615072409154792,4.336808689942018e-19,1.6615384505345263,0.005342692520476428,4.336808689942018e-19,inf,0,0,0,4,4,0,0,0.024000000208616257
5010,13,1,5,13,1843b28f906b5772c7f5d60dc9b55a751203224f28cdf9d6511e1c20123095d9,6422b3ba4af70009e3bdb634f81efb12dc4f4c47a37225332594babd0b417e68,0.00558901485055685,0.0,3.1106173992156982e-06,3.1106173992156982e-06,0.0,0.00558901485055685,0.0,0,1,0.007692307233810425,0.20944694064039504,13,1.661538353333106,0.001826002461184316,0.001396011274250103,0.00558901485055685,3.1106173992156982e-06,0.00558901485055685,3.1106173992156982e-06,0.002749292179942131,0.00463082967326045,0.002749292179942131,0,0.005589015083387494,0.0,2.3283064365386963e-10,0.005589015083387494,0,4.6881340823312634e-11,4.336808689942018e-19,0,0,2,11,13,13,0,1,1,1,0.0,0.0,0.0,1,0.005221095168963075,0.0024265876272693276,0.002794507541693747,0.002794507541693747,inf,inf,0,0,3.1106642805565216e-06,4.336808689942018e-19,1.6615384505345263,0.0046431817308328766,4.336808689942018e-19,inf,0,0,0,5,5,0,0,0.024000000208616257
5010,13,2,0,13,1843b28f906b5772c7f5d60dc9b55a751203224f28cdf9d6511e1c20123095d9,6422b3ba4af70009e3bdb634f81efb12dc4f4c47a37225332594babd0b417e68,0.010462092235684395,0.012000001035630703,0.004001767840236425,0.004001767840236425,-6.44761778689773e-11,0.010462092235684395,0.012000001035630703,1,3,0.9076921939849854,0.20944694064039504,13,1.661538353333106,0.0034340795700651765,0.0030289151479859317,0.0015379087999463081,0.004001767904712603,0.0015379087999463081,0.004001767904712603,0.0056306286714971066,0.004497456829994917,0.0056306286714971066,0,0.010462092235684395,0.012000001035630703,0.0,0.010462092235684395,0,4.422353603109053e-09,0.0,10,11,0,7,1,1,1,0,0,0,0.006000000983476639,0.006000000052154064,0.006000000052154064,0,0.01861993968486786,0.013388893567025661,0.005231046117842197,0.005231046117842197,0.8718410120620242,3.1033232538361566,0,0,0.0040017722625900285,-6.44761778689773e-11,1.6615384505345263,0.008691584261314174,6.44761778689773e-11,134803031.88840428,0,0,0,2,4,0,0,0.005999998189508915
5010,13,2,1,13,1843b28f906b5772c7f5d60dc9b55a751203224f28cdf9d6511e1c20123095d9,6422b3ba4af70009e3bdb634f81efb12dc4f4c47a37225332594babd0b417e68,0.013414373621344566,0.017999999225139618,0.003154020057991147,0.003154020057991147,0.0,0.013414373621344566,0.017999999225139618,1,3,0.9076921939849854,0.20944694064039504,13,1.661538353333106,0.0036904583172018787,0.003206987507068194,0.004585625603795052,0.003154020057991147,0.004585625603795052,0.003154020057991147,0.005469327326864004,0.008456935174763203,0.005469327326864004,0,0.013414373621344566,0.017999999225139618,0.0,0.012232454493641853,0,1.2363972137774404e-09,3.469446951953614e-18,10,11,10,12,1,1,1,1,0,0,0.008999999612569809,0.008999999612569809,0.008999999612569809,0,0.02139412611722946,0.015277898870408535,0.006116227246820927,0.006116227246820927,0.6795808344567843,2.3771252264666156,0,0,0.003154021294388361,-3.469446951953614e-18,1.6615384505345263,0.010162346742799894,3.469446951953614e-18,inf,0,0,0,1,1,1,1,0.005999998189508915
5010,13,2,3,13,1843b28f906b5772c7f5d60dc9b55a751203224f28cdf9d6511e1c20123095d9,6422b3ba4af70009e3bdb634f81efb12dc4f4c47a37225332594babd0b417e68,0.010765157639980316,0.0,0.0008490821346640587,0.0008490821346640587,-3.469446951953614e-18,0.010765157639980316,0.0,0,1,0.007692308165132999,0.2094469155167731,13,1.661538461366525,0.003632781732717158,0.003163379324963812,0.010765157639980316,0.0008490821346640622,0.010765157639980316,0.0008490821346640622,0.004705924075096846,0.005820506252348423,0.004705924075096846,0,0.010765157639980316,0.0,0.0,0.010765157639980316,0,2.0728211092002624e-09,3.469446951953614e-18,0,0,4,7,13,13,0,1,1,1,0.0,0.0,0.0,1,0.0192994587123394,0.013916879892349243,0.005382578819990158,0.005382578819990158,inf,inf,0,0,0.0008490842074851679,-6.938893903907228e-18,1.6615384522538923,0.00894336168170103,6.938893903907228e-18,inf,0,0,0,3,2,0,0,0.017999999225139618
5010,13,2,4,13,1843b28f906b5772c7f5d60dc9b55a751203224f28cdf9d6511e1c20123095d9,6422b3ba4af70009e3bdb634f81efb12dc4f4c47a37225332594babd0b417e68,0.009730219841003418,0.0,-0.00348513456992805,-0.00348513456992805,0.0,0.009730219841003418,0.0,0,1,0.9076921939849854,0.20944694064039504,13,1.661538353333106,0.003300466187389088,0.0028193976355374924,0.009730219841003418,-0.00348513456992805,0.009730219841003418,0.00348513456992805,0.0032513407059013844,0.00489721167832613,0.0032513407059013844,0,0.009730219841003418,0.0,0.0,0.009730219841003418,0,1.381093087116092e-10,1.734723475976807e-18,0,0,5,9,13,13,0,1,1,1,0.0,0.0,0.0,1,0.018035467714071274,0.013170357793569565,0.004865109920501709,0.004865109920501709,inf,inf,0,0,-0.0034851347080373588,-1.734723475976807e-18,1.6615384505345263,0.008083567198990562,1.734723475976807e-18,inf,0,0,0,4,5,0,0,0.017999999225139618
5010,13,2,5,13,1843b28f906b5772c7f5d60dc9b55a751203224f28cdf9d6511e1c20123095d9,6422b3ba4af70009e3bdb634f81efb12dc4f4c47a37225332594babd0b417e68,0.010561700910329819,0.0,0.002985913073644042,0.002985913073644042,0.0,0.010561700910329819,0.0,0,1,0.007692307233810425,0.20944694064039504,13,1.661538353333106,0.0032824717512658207,0.002754327108168743,0.010561700910329819,0.002985913073644042,0.010561700910329819,0.002985913073644042,0.0053797317668795586,0.004755635745823383,0.0053797317668795586,0,0.010561700910329819,0.0,0.0,0.010561700910329819,0,1.4166110368085683e-09,1.734723475976807e-18,0,0,4,9,13,13,0,1,1,1,0.0,0.0,0.0,1,0.020248115062713623,0.014967264607548714,0.005280850455164909,0.005280850455164909,inf,inf,0,0,0.002985914490255079,-1.734723475976807e-18,1.6615384505345263,0.008774336082779251,1.734723475976807e-18,inf,0,0,0,5,3,0,0,0.017999999225139618
5010,14,0,1,14,84183aa3de7786432069dd9be1d083693ea88cccb94c37307c019485ee213573,6422b3ba4af70009e3bdb634f81efb12dc4f4c47a37225332594babd0b417e68,0.011729085817933083,0.017999999225139618,0.0007884439546614885,0.0007884439546614885,-3.223808850080778e-11,0.011729085817933083,0.017999999225139618,1,3,0.007692307233810425,0.20944694064039504,13,1.661538353333106,0.0030924018638084244,0.002707460797708702,0.006270913407206535,0.000788443986899577,0.006270913407206535,0.000788443986899577,0.004546708893030882,0.009736845269799232,0.004546708893030882,0,0.011729085497790948,0.017999999225139618,3.2014213502407074e-10,0.010182528290897608,0,7.276682763290854e-10,3.2526065174565133e-19,10,11,10,11,1,1,1,1,1,1,0.008999999845400453,0.008999999379739165,0.008999999379739165,0,0.009744859533384442,0.004653595387935638,0.005091264145448804,0.005091264145448804,0.5656960551475457,1.0827622449977174,0,0,0.0007884432269932122,-3.2238088826068434e-11,1.6615384505345263,0.008459331139490996,3.2238088826068434e-11,262401756.6652584,0,0,0,2,2,0,0,0.006000000983476639
5010,14,0,2,14,84183aa3de7786432069dd9be1d083693ea88cccb94c37307c019485ee213573,6422b3ba4af70009e3bdb634f81efb12dc4f4c47a37225332594babd0b417e68,0.01687784306704998,0.024000000208616257,-0.0008242873009294271,-0.0008242873009294271,0.0016615385294533674,0.01687784306704998,0.024000000208616257,1,4,0.9076921939849854,0.20944694064039504,13,1.6615383533331063,0.0033087299178146154,0.002840601410177318,0.0071221571415662766,-0.0024858258303827943,0.0071221571415662766,0.0024858258303827943,0.002825092989951372,0.010489465668797493,0.002825092989951372,0,0.016877843455404218,0.024000000208616257,3.8835423765704036e-10,0.01059931400232017,0,6.27921855136937e-11,4.336808689942018e-19,10,11,10,11,1,1,1,1,1,1,0.010000000009313226,0.012000000104308128,0.010000000009313226,0,0.012589938007295132,0.0072902810061350465,0.005299657001160085,0.005299657001160085,0.5299656996224394,1.2589937995569838,0,0,-0.0008242872381372416,0.0016615385294533678,1.661538450534526,0.008805583882071982,0.0016615385294533678,5.299656749439897,0,0,0,1,1,1,1,0.006000000983476639
5010,14,0,3,14,84183aa3de7786432069dd9be1d083693ea88cccb94c37307c019485ee213573,6422b3ba4af70009e3bdb634f81efb12dc4f4c47a37225332594babd0b417e68,0.011646849103271961,0.0,0.0012876427499577403,0.0012876427499577403,0.0,0.011646849103271961,0.0,0,1,0.9076923131942749,0.2094469155167731,13,1.661538461366525,0.0031697581983375026,0.0026501213591656036,0.011646849103271961,0.0012876427499577403,0.011646849103271961,0.0012876427499577403,0.0034610345028340816,0.006720332428812981,0.0034610345028340816,0,0.011646849103271961,0.0,0.0,0.011646849103271961,0,8.435320809907498e-10,4.336808689942018e-19,0,0,2,9,13,13,0,1,1,1,0.0,0.0,0.0,1,0.01457801298238337,0.00875458843074739,0.005823424551635981,0.005823424551635981,inf,inf,0,0,0.0012876435934898213,-4.336808689942018e-19,1.6615384522538923,0.009675843816342565,4.336808689942018e-19,inf,0,0,0,3,3,0,0,0.024000000208616257
5010,14,0,4,14,84183aa3de7786432069dd9be1d083693ea88cccb94c37307c019485ee213573,6422b3ba4af70009e3bdb634f81efb12dc4f4c47a37225332594babd0b417e68,0.011071172542870045,0.0,-0.004040551371872425,-0.004040551371872425,0.0,0.011071172542870045,0.0,0,1,0.007692307233810425,0.20944694064039504,13,1.661538353333106,0.0033051032777960563,0.0028580162652145475,0.011071172542870045,-0.004040551371872425,0.011071172542870045,0.004040551371872425,0.0046799746342003345,0.01056753471493721,0.0046799746342003345,0,0.011071172775700688,0.0,2.3283064365386963e-10,0.011071172775700688,0,2.667541795092765e-10,1.0842021724855044e-19,0,0,2,5,13,13,0,1,1,1,0.0,0.0,0.0,1,0.011415495770052075,0.005879909382201731,0.005535586387850344,0.005535586387850344,inf,inf,0,0,-0.004040551105118246,1.0842021724855044e-19,1.6615384505345263,0.009197589629668877,1.0842021724855044e-19,inf,0,0,0,4,4,0,0,0.024000000208616257
5010,14,0,5,14,84183aa3de7786432069dd9be1d083693ea88cccb94c37307c019485ee213573,6422b3ba4af70009e3bdb634f81efb12dc4f4c47a37225332594babd0b417e68,0.010024039074778557,0.0,-0.0008194783586077392,-0.0008194783586077392,0.0,0.010024039074778557,0.0,0,1,0.9076921939849854,0.20944694064039504,13,1.661538353333106,0.002982639027770606,0.0025876163995477573,0.010024039074778557,-0.0008194783586077392,0.010024039074778557,0.0008194783586077392,0.0052357944659888744,0.00614562164992094,0.0052357944659888744,0,0.010024039074778557,0.0,0.0,0.010024039074778557,0,1.1615208786106002e-09,2.168404344971009e-19,0,0,4,5,13,13,0,1,1,1,0.0,0.0,0.0,1,0.010570180835202336,0.005558161297813058,0.005012019537389278,0.005012019537389278,inf,inf,0,0,-0.0008194771970868606,2.168404344971009e-19,1.6615384505345263,0.008327663176202555,2.168404344971009e-19,inf,0,0,0,5,5,0,0,0.024000000208616257
5010,14,1,0,14,84183aa3de7786432069dd9be1d083693ea88cccb94c37307c019485ee213573,6422b3ba4af70009e3bdb634f81efb12dc4f4c47a37225332594babd0b417e68,0.01127629168331623,0.012000000104308128,0.0012800550321117043,0.0012800550321117043,-3.223808893448865e-11,0.01127629168331623,0.012000000104308128,1,3,0.007692307233810425,0.20944694064039504,13,1.661538353333106,0.001917591066812008,0.0015295015995186812,0.0007237084209918976,0.0012800550643497933,0.0007237084209918976,0.0012800550643497933,0.0027297434862703085,0.004977951291948557,0.0027297434862703085,0,0.011276291450485587,0.012000000104308128,2.3283064365386963e-10,0.006810696911998093,0,2.0119002601057256e-11,1.0842021724855044e-19,10,11,10,11,1,1,1,1,1,1,0.006000000284984708,0.0059999998193234205,0.0059999998193234205,0,0.007646431447938085,-0.004241082991939038,0.0034053484559990466,0.0034053484559990466,0.5675580930905836,1.2744052796988785,0,0,0.0012800550119927017,-3.223808904290887e-11,1.6615384505345263,0.005658117397110797,3.223808904290887e-11,175510322.26444465,0,0,0,2,2,0,0,0.012000000104308128
5010,14,1,2,14,84183aa3de7786432069dd9be1d083693ea88cccb94c37307c019485ee213573,6422b3ba4af70009e3bdb634f81efb12dc4f4c47a37225332594babd0b417e68,0.016133928671479225,0.024000000208616257,4.991811238141963e-06,4.991811238141963e-06,0.0016615385294533674,0.016133928671479225,0.024000000208616257,1,4,0.9076921939849854,0.20944694064039504,13,1.6615383533331063,0.002622307399786986,0.002370260967239297,0.007866071537137032,-0.0016565467182152254,0.007866071537137032,0.0016565467182152254,0.0040552266873419285,0.007168057840317488,0.0040552266873419285,0,0.016133929137140512,0.024000000208616257,4.656612873077393e-10,0.007866071071475744,0,6.984041925513218e-12,4.336808689942018e-19,10,11,10,11,1,1,1,1,1,1,0.010000000009313226,0.012000000104308128,0.010000000009313226,0,0.004568197298794985,-0.0006351617630571127,0.003933035535737872,0.003933035535737872,0.3933035532074947,0.45681972945405197,1,0,4.991818222183889e-06,0.0016615385294533678,1.661538450534526,0.006534889769947134,0.0016615385294533678,3.9330353489287173,1,0,0,1,1,1,1,0.012000000104308128
5010,14,1,3,14,84183aa3de7786432069dd9be1d083693ea88cccb94c37307c019485ee213573,6422b3ba4af70009e3bdb634f81efb12dc4f4c47a37225332594babd0b417e68,0.006492773070931435,0.0,-0.0012610693229362369,-0.0012610693229362369,0.0,0.006492773070931435,0.0,0,1,0.9076923131942749,0.2094469155167731,13,1.661538461366525,0.001825480071442183,0.0014210754784014209,0.006492773070931435,-0.0012610693229362369,0.006492773070931435,0.0012610693229362369,0.0038759857416152954,0.0029468992725014687,0.0038759857416152954,0,0.006492773070931435,0.0,0.0,0.006492773070931435,0,1.9263966116733755e-10,4.336808689942018e-19,0,0,2,8,13,13,0,1,1,1,0.0,0.0,0.0,1,0.004798267502337694,-0.0015518809668719769,0.0032463865354657173,0.0032463865354657173,inf,inf,0,0,-0.0012610691302965757,-4.336808689942018e-19,1.6615384522538923,0.005393996059555583,4.336808689942018e-19,inf,0,0,0,3,5,0,0,0.024000000208616257
5010,14,1,4,14,84183aa3de7786432069dd9be1d083693ea88cccb94c37307c019485ee213573,6422b3ba4af70009e3bdb634f81efb12dc4f4c47a37225332594babd0b417e68,0.007219525519758463,0.0,-0.0028972153086215258,-0.0028972153086215258,0.0,0.007219525519758463,0.0,0,1,0.007692307233810425,0.20944694064039504,13,1.661538353333106,0.00212355256241792,0.0018080620673077304,0.007219525519758463,-0.0028972153086215258,0.007219525519758463,0.0028972153086215258,0.0018747389549389482,0.005035019014030695,0.0018747389549389482,0,0.007219525519758463,0.0,0.0,0.007219525519758463,0,4.4927222879465045e-10,1.0842021724855044e-19,0,0,7,5,13,13,0,1,1,1,0.0,0.0,0.0,1,0.006664687069132924,-0.0030549243092536926,0.0036097627598792315,0.0036097627598792315,inf,inf,0,0,-0.0028972157578937546,1.0842021724855044e-19,1.6615384505345263,0.005997759622846974,1.0842021724855044e-19,inf,0,0,0,4,3,0,0,0.024000000208616257
5010,14,1,5,14,84183aa3de7786432069dd9be1d083693ea88cccb94c37307c019485ee213573,6422b3ba4af70009e3bdb634f81efb12dc4f4c47a37225332594babd0b417e68,0.007065370678901672,0.0,0.0005260955076664686,0.0005260955076664686,0.0,0.007065370678901672,0.0,0,1,0.9076921939849854,0.20944694064039504,13,1.661538353333106,0.0021517216314172567,0.001855277528327796,0.007065370678901672,0.0005260955076664686,0.007065370678901672,0.0005260955076664686,0.003974383231252432,0.003794690128415823,0.003974383231252432,0,0.007065370911732316,0.0,2.3283064365386963e-10,0.007065370911732316,0,1.067745482958779e-10,2.168404344971009e-19,0,0,2,5,13,13,0,1,1,1,0.0,0.0,0.0,1,0.00631277565844357,-0.002780090202577412,0.003532685455866158,0.003532685455866158,inf,inf,0,0,0.0005260956144410169,2.168404344971009e-19,1.6615384505345263,0.005869692718565713,2.168404344971009e-19,inf,0,0,0,5,4,0,0,0.024000000208616257
5010,14,2,0,14,84183aa3de7786432069dd9be1d083693ea88cccb94c37307c019485ee213573,6422b3ba4af70009e3bdb634f81efb12dc4f4c47a37225332594babd0b417e68,0.013894885778427124,0.012000001966953278,-0.00507475296035409,-0.00507475296035409,0.0,0.013894885778427124,0.012000001966953278,1,3,0.007692307233810425,0.20944694064039504,13,1.661538353333106,0.0034725667427905776,0.002888456692357035,0.0018948838114738464,-0.00507475296035409,0.0018948838114738464,0.00507475296035409,0.0016247681342065334,0.006487931124866009,0.0016247681342065334,0,0.013894885778427124,0.012000001966953278,0.0,0.01108640432357788,0,6.425504468776655e-10,0.0,10,11,10,7,1,1,1,1,0,0,0.006000000983476639,0.006000000983476639,0.006000000983476639,0,0.0206269770860672,0.01508377492427826,0.00554320216178894,0.00554320216178894,0.9238668755312418,3.4378289508404563,0,0,-0.005074752317803643,0.0,1.6615384505345263,0.009210243530898433,0.0,inf,0,0,0,2,3,0,0,0.00599999725818634
5010,14,2,1,14,84183aa3de7786432069dd9be1d083693ea88cccb94c37307c019485ee213573,6422b3ba4af70009e3bdb634f81efb12dc4f4c47a37225332594babd0b417e68,0.01776169240474701,0.017999999225139618,0.0032261740416288376,0.0032261740416288376,0.0,0.01776169240474701,0.017999999225139618,1,3,0.007692307233810425,0.20944694064039504,13,1.661538353333106,0.003663533128714534,0.003255748448992621,0.00023830682039260864,0.0032261740416288376,0.00023830682039260864,0.0032261740416288376,0.006791019346565008,0.009291150607168674,0.006791019346565008,0,0.01776169240474701,0.017999999225139618,0.0,0.009842012077569962,0,1.1248770491467663e-09,1.734723475976807e-18,10,11,10,11,1,1,1,1,1,1,0.008999999612569809,0.008999999612569809,0.008999999612569809,0,0.020173504948616028,0.015252498909831047,0.004921006038784981,0.004921006038784981,0.5467784722914966,2.2415006463378946,0,0,0.0032261751665058867,-1.734723475976807e-18,1.6615384505345263,0.008176440748753844,1.734723475976807e-18,inf,0,0,0,1,1,1,1,0.00599999725818634
5010,14,2,3,14,84183aa3de7786432069dd9be1d083693ea88cccb94c37307c019485ee213573,6422b3ba4af70009e3bdb634f81efb12dc4f4c47a37225332594babd0b417e68,0.014042668044567108,0.0,0.00021892164659220725,0.00021892164659220725,0.0,0.014042668044567108,0.0,0,1,0.9076923131942749,0.2094469155167731,13,1.661538461366525,0.0042361671390539245,0.0035704309947391937,0.014042668044567108,0.00021892164659220725,0.014042668044567108,0.00021892164659220725,0.0039049203041940928,0.00495153060182929,0.0039049203041940928,0,0.014042668044567108,0.0,0.0,0.014042668044567108,0,2.638294270551622e-10,3.469446951953614e-18,0,0,10,7,13,13,0,1,1,1,0.0,0.0,0.0,1,0.023484792560338974,0.01646345853805542,0.007021334022283554,0.007021334022283554,inf,inf,0,0,0.0002189213827627802,-3.469446951953614e-18,1.6615384522538923,0.011666216464142613,3.469446951953614e-18,inf,0,0,0,3,2,0,0,0.017999999225139618
5010,14,2,4,14,84183aa3de7786432069dd9be1d083693ea88cccb94c37307c019485ee213573,6422b3ba4af70009e3bdb634f81efb12dc4f4c47a37225332594babd0b417e68,0.011931844055652618,0.0,0.003788653528317809,0.003788653528317809,3.469446951953614e-18,0.011931844055652618,0.0,0,1,0.007692307233810425,0.20944694064039504,13,1.661538353333106,0.003985754631312064,0.0036348350698778616,0.011931844055652618,0.0037886535283178056,0.011931844055652618,0.0037886535283178056,0.004638650454580784,0.005607231054455042,0.004638650454580784,0,0.011931844055652618,0.0,0.0,0.011931844055652618,0,4.978976538352886e-09,3.469446951953614e-18,0,0,0,9,13,13,0,1,1,1,0.0,0.0,0.0,1,0.018309250473976135,0.012343328446149826,0.005965922027826309,0.005965922027826309,inf,inf,0,0,0.0037886585072943475,0.0,1.6615384505345263,0.009912608842124325,0.0,inf,0,0,0,4,5,0,0,0.017999999225139618
5010,14,2,5,14,84183aa3de7786432069dd9be1d083693ea88cccb94c37307c019485ee213573,6422b3ba4af70009e3bdb634f81efb12dc4f4c47a37225332594babd0b417e68,0.012149512767791748,0.0,0.0028319659177213907,0.0028319659177213907,0.0,0.012149512767791748,0.0,0,1,0.9076921939849854,0.20944694064039504,13,1.661538353333106,0.003979936749169498,0.003496537899829932,0.012149512767791748,0.0028319659177213907,0.012149512767791748,0.0028319659177213907,0.006645894143730402,0.005643323063850403,0.006645894143730402,0,0.012149512767791748,0.0,0.0,0.012149512767791748,0,3.1871434762187345e-09,0.0,0,0,10,9,13,13,0,1,1,1,0.0,0.0,0.0,1,0.023971453309059143,0.01789669692516327,0.006074756383895874,0.006074756383895874,inf,inf,0,0,0.002831969104864867,0.0,1.6615384505345263,0.010093441309473072,0.0,inf,0,0,0,5,4,0,0,0.017999999225139618
5010,15,0,1,15,f3bfd0819366ccf6ebb717ef95cdb3381e343e15218839d9d2a1b7a91338e685,6422b3ba4af70009e3bdb634f81efb12dc4f4c47a37225332594babd0b417e68,0.009642139077186584,0.017999999225139618,-0.0002681255282368511,-0.0002681255282368511,0.0,0.009642139077186584,0.017999999225139618,1,3,0.9076921939849854,0.20944694064039504,13,1.661538353333106,0.0033461061571745184,0.0029215404878166562,0.008357860147953033,-0.0002681255282368511,0.008357860147953033,0.0002681255282368511,0.002548790303990245,0.0021091708913445473,0.002548790303990245,0,0.009642139310017228,0.017999999225139618,2.3283064365386963e-10,0.010996393160894513,0,1.6999267282453295e-11,0.0,10,11,4,11,1,1,1,0,1,0,0.008999999612569809,0.008999999612569809,0.008999999612569809,0,0.008190177846699953,-0.0026919812662526965,0.0054981965804472566,0.0054981965804472566,0.6109107574591698,0.9100197999187887,0,0,-0.0002681255112375838,0.0,1.6615384505345263,0.009135465027010566,0.0,inf,0,0,0,2,4,0,0,0.006000000983476639
5010,15,0,2,15,f3bfd0819366ccf6ebb717ef95cdb3381e343e15218839d9d2a1b7a91338e685,6422b3ba4af70009e3bdb634f81efb12dc4f4c47a37225332594babd0b417e68,0.011540452018380165,0.024000000208616257,-0.001250496250577271,-0.001250496250577271,-0.0016615385616914563,0.011540452018380165,0.024000000208616257,1,4,0.9076921939849854,0.20944694064039504,13,1.6615383533331063,0.003531284030553685,0.002825793855308318,0.012459548190236092,0.00041104231111418533,0.012459548190236092,0.00041104231111418533,0.005192609969526529,0.0036093168891966343,0.005192609969526529,0,0.011540452018380165,0.024000000208616257,0.0,0.012661574874073267,0,1.6343088818024376e-10,2.168404344971009e-19,10,11,10,12,1,1,1,1,0,0,0.012000000337138772,0.009999999776482582,0.009999999776482582,0,0.009357932955026627,-0.003027145517989993,0.0063307874370366335,0.0063307874370366335,0.6330787578540763,0.9357933164192732,0,0,-0.0012504964140081592,-0.0016615385616914565,1.661538450534526,0.010518846748797292,0.0016615385616914565,6.330787013506951,1,0,0,1,1,1,1,0.006000000983476639
5010,15,0,3,15,f3bfd0819366ccf6ebb717ef95cdb3381e343e15218839d9d2a1b7a91338e685,6422b3ba4af70009e3bdb634f81efb12dc4f4c47a37225332594babd0b417e68,0.011532481759786606,0.0,0.001977483509108424,0.001977483509108424,0.0,0.011532481759786606,0.0,0,1,0.9076923131942749,0.2094469155167731,13,1.661538461366525,0.003241504179963974,0.002664871842596272,0.011532481759786606,0.001977483509108424,0.011532481759786606,0.001977483509108424,0.003709234297275543,0.0021612343844026327,0.003709234297275543,0,0.011532481759786606,0.0,0.0,0.011532481759786606,0,4.094506201104964e-11,0.0,0,0,2,12,13,13,0,1,1,1,0.0,0.0,0.0,1,0.006138356868177652,0.00037211598828434944,0.005766240879893303,0.005766240879893303,inf,inf,0,0,0.001977483550053486,0.0,1.6615384522538923,0.00958083094690104,0.0,inf,0,0,0,3,2,0,0,0.024000000208616257
5010,15,0,4,15,f3bfd0819366ccf6ebb717ef95cdb3381e343e15218839d9d2a1b7a91338e685,6422b3ba4af70009e3bdb634f81efb12dc4f4c47a37225332594babd0b417e68,0.010385675355792046,0.0,-0.0028945591766387224,-0.0028945591766387224,0.0,0.010385675355792046,0.0,0,1,0.007692307233810425,0.20944694064039504,13,1.661538353333106,0.0031220116393187412,0.0023995116256596244,0.010385675355792046,-0.0028945591766387224,0.010385675355792046,0.0028945591766387224,0.0037667586002498865,0.004317551385611296,0.0037667586002498865,0,0.010385675122961402,0.0,2.3283064365386963e-10,0.010385675122961402,0,2.987334659157459e-10,0.0,0,0,2,12,13,13,0,1,1,1,0.0,0.0,0.0,1,0.007519583683460951,-0.00232674612198025,0.005192837561480701,0.005192837561480701,inf,inf,0,0,-0.0028945594753721883,0.0,1.6615384505345263,0.008628099275780132,0.0,inf,0,0,0,4,3,0,0,0.024000000208616257
5010,15,0,5,15,f3bfd0819366ccf6ebb717ef95cdb3381e343e15218839d9d2a1b7a91338e685,6422b3ba4af70009e3bdb634f81efb12dc4f4c47a37225332594babd0b417e68,0.009112406522035599,0.0,-0.00040493509732186794,-0.00040493509732186794,0.0,0.009112406522035599,0.0,0,1,0.9076921939849854,0.20944694064039504,13,1.661538353333106,0.0029238453062815375,0.0022932971805642694,0.009112406522035599,-0.00040493509732186794,0.009112406522035599,0.00040493509732186794,0.003432631026953459,0.003122953465208411,0.003432631026953459,0,0.009112406987696886,0.0,4.656612873077393e-10,0.009112406987696886,0,2.113433109074414e-10,0.0,0,0,4,12,13,13,0,1,1,1,0.0,0.0,0.0,1,0.005255298223346472,-0.0006990947294980288,0.004556203493848443,0.004556203493848443,inf,inf,0,0,-0.00040493530866517885,0.0,1.6615384505345263,0.007570307293488937,0.0,inf,0,0,0,5,5,0,0,0.024000000208616257
5010,15,1,0,15,f3bfd0819366ccf6ebb717ef95cdb3381e343e15218839d9d2a1b7a91338e685,6422b3ba4af70009e3bdb634f81efb12dc4f4c47a37225332594babd0b417e68,0.01038927212357521,0.012000000104308128,-0.0011476739309728146,-0.0011476739309728146,0.0,0.01038927212357521,0.012000000104308128,1,3,0.9076921939849854,0.20944694064039504,13,1.661538353333106,0.0016475337863671238,0.0013114647525114685,0.0016107279807329178,-0.0011476739309728146,0.0016107279807329178,0.0011476739309728146,0.004309908486902714,0.004480387084186077,0.004309908486902714,0,0.010389271657913923,0.012000000104308128,4.656612873077393e-10,0.006082926411181688,0,4.924160992153537e-11,0.0,10,11,10,11,1,1,1,1,1,1,0.006000000052154064,0.006000000052154064,0.006000000052154064,0,0.0036917903926223516,-0.0006503271870315075,0.003041463205590844,0.003041463205590844,0.5069105298589,0.6152983934220067,0,0,-0.0011476738817312046,0.0,1.6615384505345263,0.0050535080619751845,0.0,inf,0,0,0,2,2,0,0,0.012000000104308128
5010,15,1,2,15,f3bfd0819366ccf6ebb717ef95cdb3381e343e15218839d9d2a1b7a91338e685,6422b3ba4af70009e3bdb634f81efb12dc4f4c47a37225332594babd0b417e68,0.015019964426755905,0.024000000208616257,0.0006338997045531869,0.0006338997045531869,-0.0016615385616914563,0.015019964426755905,0.024000000208616257,1,4,0.9076921939849854,0.20944694064039504,13,1.6615383533331063,0.0027687685141087456,0.002370845957675717,0.008980035781860352,0.002295438266244643,0.008980035781860352,0.002295438266244643,0.00360733550041914,0.006281265523284674,0.00360733550041914,0,0.015019963961094618,0.024000000208616257,4.656612873077393e-10,0.008980036247521639,0,4.673451968299769e-11,2.168404344971009e-19,10,11,10,11,1,1,1,1,1,1,0.012000000337138772,0.009999999776482582,0.009999999776482582,0,0.005535098724067211,-0.0010450806003063917,0.0044900181237608194,0.0044900181237608194,0.4490018224120547,0.5535098847786312,1,0,0.0006338996578186672,-0.0016615385616914565,1.661538450534526,0.007460337756225492,0.0016615385616914565,4.490017823378605,0,0,0,1,1,1,1,0.012000000104308128
5010,15,1,3,15,f3bfd0819366ccf6ebb717ef95cdb3381e343e15218839d9d2a1b7a91338e685,6422b3ba4af70009e3bdb634f81efb12dc4f4c47a37225332594babd0b417e68,0.0054564084857702255,0.0,-0.0019762550946325064,-0.0019762550946325064,0.0,0.0054564084857702255,0.0,0,1,0.9076923131942749,0.2094469155167731,13,1.661538461366525,0.0017451316730622193,0.0014924157635424528,0.0054564084857702255,-0.0019762550946325064,0.0054564084857702255,0.0019762550946325064,0.0030231254640966654,0.0037735409568995237,0.0030231254640966654,0,0.005456408252939582,0.0,2.3283064365386963e-10,0.005456408252939582,0,7.895481230618673e-11,0.0,0,0,7,5,13,13,0,1,1,1,0.0,0.0,0.0,1,0.003179861232638359,0.00045165710616856813,0.002728204126469791,0.002728204126469791,inf,inf,0,0,-0.0019762551735873187,0.0,1.6615384522538923,0.004533016061727299,0.0,inf,0,0,0,3,5,0,0,0.024000000208616257
5010,15,1,4,15,f3bfd0819366ccf6ebb717ef95cdb3381e343e15218839d9d2a1b7a91338e685,6422b3ba4af70009e3bdb634f81efb12dc4f4c47a37225332594babd0b417e68,0.008341709151864052,0.0,-0.001991165801882744,-0.001991165801882744,0.0,0.008341709151864052,0.0,0,1,0.007692307233810425,0.20944694064039504,13,1.661538353333106,0.0020472660321498534,0.0014618878382307715,0.008341709151864052,-0.001991165801882744,0.008341709151864052,0.001991165801882744,0.00297245173715055,0.005255547817796469,0.00297245173715055,0,0.008341709151864052,0.0,0.0,0.008341709151864052,0,1.0721473058319941e-10,0.0,0,0,7,11,13,13,0,1,1,1,0.0,0.0,0.0,1,0.004821527749300003,-0.0006506731733679771,0.004170854575932026,0.004170854575932026,inf,inf,0,0,-0.0019911656946680133,0.0,1.6615384505345263,0.006930035249498937,0.0,inf,0,0,0,4,3,0,0,0.024000000208616257
5010,15,1,5,15,f3bfd0819366ccf6ebb717ef95cdb3381e343e15218839d9d2a1b7a91338e685,6422b3ba4af70009e3bdb634f81efb12dc4f4c47a37225332594babd0b417e68,0.007159620523452759,0.0,0.0011372598819434643,0.0011372598819434643,0.0,0.007159620523452759,0.0,0,1,0.9076921939849854,0.20944694064039504,13,1.661538353333106,0.0020817832190126676,0.001777255276669941,0.007159620523452759,0.0011372598819434643,0.007159620523452759,0.0011372598819434643,0.0040052286349236965,0.0035487015265971422,0.0040052286349236965,0,0.007159620523452759,0.0,0.0,0.007159620523452759,0,2.9903783442530862e-12,0.0,0,0,7,11,13,13,0,1,1,1,0.0,0.0,0.0,1,0.004013486206531525,0.00043367594480514526,0.0035798102617263794,0.0035798102617263794,inf,inf,0,0,0.0011372598849338426,0.0,1.6615384505345263,0.005947992395476446,0.0,inf,0,0,0,5,4,0,0,0.024000000208616257
5010,15,2,0,15,f3bfd0819366ccf6ebb717ef95cdb3381e343e15218839d9d2a1b7a91338e685,6422b3ba4af70009e3bdb634f81efb12dc4f4c47a37225332594babd0b417e68,0.010347597301006317,0.012000001035630703,-0.0006441942532546818,-0.0006441942532546818,-6.44761778689773e-11,0.010347597301006317,0.012000001035630703,1,3,0.9076921939849854,0.20944694064039504,13,1.661538353333106,0.0033029257357256744,0.0028712923511774588,0.0016524037346243858,-0.000644194188778504,0.0016524037346243858,0.000644194188778504,0.004958965349942446,0.006666576489806175,0.004958965349942446,0,0.010347597301006317,0.012000001035630703,0.0,0.010347597301006317,0,1.4128917150829645e-09,1.734723475976807e-18,10,11,0,7,1,1,1,0,0,0,0.006000000983476639,0.006000000052154064,0.006000000052154064,0,0.017104443162679672,0.011930644512176514,0.005173798650503159,0.005173798650503159,0.8622997675884535,2.8507405023336614,0,0,-0.0006441928403629667,-6.447617960370078e-11,1.6615384505345263,0.00859646539313464,6.447617960370078e-11,133327772.30245857,1,0,0,2,5,0,0,0.005999998189508915
5010,15,2,1,15,f3bfd0819366ccf6ebb717ef95cdb3381e343e15218839d9d2a1b7a91338e685,6422b3ba4af70009e3bdb634f81efb12dc4f4c47a37225332594babd0b417e68,0.014911392703652382,0.017999999225139618,0.0009997630259022117,0.0009997630259022117,0.0,0.014911392703652382,0.017999999225139618,1,3,0.9076921939849854,0.20944694064039504,13,1.661538353333106,0.0035375626798017034,0.0029717899814865295,0.003088606521487236,0.0009997630259022117,0.003088606521487236,0.0009997630259022117,0.006086272653192282,0.00776261230930686,0.006086272653192282,0,0.014911392703652382,0.017999999225139618,0.0,0.012552624568343163,0,7.397404910847172e-11,1.734723475976807e-18,10,11,10,12,1,1,1,1,0,0,0.008999999612569809,0.008999999612569809,0.008999999612569809,0,0.018914174288511276,0.012637862004339695,0.006276312284171581,0.006276312284171581,0.6973680615947803,2.101575011413876,0,0,0.0009997630998762608,-1.734723475976807e-18,1.6615384505345263,0.010428334187713263,1.734723475976807e-18,inf,0,0,0,1,1,1,1,0.005999998189508915
5010,15,2,3,15,f3bfd0819366ccf6ebb717ef95cdb3381e343e15218839d9d2a1b7a91338e685,6422b3ba4af70009e3bdb634f81efb12dc4f4c47a37225332594babd0b417e68,0.010896449908614159,0.0,5.15226274728775e-05,5.15226274728775e-05,-3.469446951953614e-18,0.010896449908614159,0.0,0,1,0.9076923131942749,0.2094469155167731,13,1.661538461366525,0.003358528712279066,0.0027990805415006783,0.010896449908614159,5.152262747288097e-05,0.010896449908614159,5.152262747288097e-05,0.005132060963660479,0.006016049534082413,0.005132060963660479,0,0.010896449908614159,0.0,0.0,0.010896449908614159,0,9.310346573560002e-10,3.469446951953614e-18,0,0,5,7,13,13,0,1,1,1,0.0,0.0,0.0,1,0.02062278985977173,0.01517456490546465,0.005448224954307079,0.005448224954307079,inf,inf,0,0,5.152355850753486e-05,-6.938893903907228e-18,1.6615384522538923,0.009052435258110418,6.938893903907228e-18,inf,0,0,0,3,2,0,0,0.017999999225139618
5010,15,2,4,15,f3bfd0819366ccf6ebb717ef95cdb3381e343e15218839d9d2a1b7a91338e685,6422b3ba4af70009e3bdb634f81efb12dc4f4c47a37225332594babd0b417e68,0.010482707992196083,0.0,0.00455432990565896,0.00455432990565896,0.0,0.010482707992196083,0.0,0,1,0.007692307233810425,0.20944694064039504,13,1.661538353333106,0.003539579823428515,0.0031050442767566475,0.010482707992196083,0.00455432990565896,0.010482707992196083,0.00455432990565896,0.006851788144558668,0.00445715943351388,0.006851788144558668,0,0.010482707992196083,0.0,0.0,0.010482707992196083,0,5.006143751276615e-09,1.734723475976807e-18,0,0,5,9,13,13,0,1,1,1,0.0,0.0,0.0,1,0.017299339175224304,0.012057985179126263,0.0052413539960980415,0.0052413539960980415,inf,inf,0,0,0.004554334911802712,-1.734723475976807e-18,1.6615384505345263,0.008708711197379688,1.734723475976807e-18,inf,0,0,0,4,4,0,0,0.017999999225139618
5010,15,2,5,15,f3bfd0819366ccf6ebb717ef95cdb3381e343e15218839d9d2a1b7a91338e685,6422b3ba4af70009e3bdb634f81efb12dc4f4c47a37225332594babd0b417e68,0.010768095031380653,0.0,0.002600666368380189,0.002600666368380189,0.0,0.010768095031380653,0.0,0,1,0.9076921939849854,0.20944694064039504,13,1.661538353333106,0.0035501041919512857,0.003202995472758479,0.010768095031380653,0.002600666368380189,0.010768095031380653,0.002600666368380189,0.005086967255920172,0.005850082263350487,0.005086967255920172,0,0.010768095031380653,0.0,0.0,0.010768095031380653,0,1.2830460478785444e-09,1.734723475976807e-18,0,0,4,12,13,13,0,1,1,1,0.0,0.0,0.0,1,0.02180882915854454,0.016424781642854214,0.005384047515690327,0.005384047515690327,inf,inf,0,0,0.002600667651426237,-1.734723475976807e-18,1.6615384505345263,0.00894580196682437,1.734723475976807e-18,inf,0,0,0,5,3,0,0,0.017999999225139618
5010,16,0,1,16,db74027de8c63086bff933807bf63ddd79d402a013fc21cba31e52b3109df585,6422b3ba4af70009e3bdb634f81efb12dc4f4c47a37225332594babd0b417e68,0.008532697334885597,0.01799999736249447,0.0003429614007472992,0.0003429614007472992,1.289523557379546e-10,0.008532697334885597,0.01799999736249447,1,3,0.9076921939849854,0.20944694064039504,13,1.661538353333106,0.0034330390954029097,0.002385494403937864,0.009467300027608871,0.00034296127179494346,0.009467300027608871,0.00034296127179494346,0.004011106677353382,0.00364903942681849,0.004011106677353382,0,0.008532697334885597,0.01799999736249447,0.0,0.013412680476903915,0,9.290512213711022e-10,5.204170427930421e-18,10,11,2,12,1,1,1,0,0,0,0.00899999774992466,0.008999999612569809,0.00899999774992466,0,0.008168971166014671,-0.0014626309275627136,0.006706340238451958,0.006706340238451958,0.745149101677064,0.9076636898140397,0,0,0.00034296232979852057,1.2895236094212503e-10,1.6615384505345263,0.01114284216855481,1.2895236094212503e-10,86410532.44116886,1,0,0,2,5,0,0,0.006000004708766937
5010,16,0,2,16,db74027de8c63086bff933807bf63ddd79d402a013fc21cba31e52b3109df585,6422b3ba4af70009e3bdb634f81efb12dc4f4c47a37225332594babd0b417e68,0.010236749425530434,0.024000002071261406,0.0011400558287277818,0.0011400558287277818,-0.0016615373044059911,0.010236749425530434,0.024000002071261406,1,4,0.9076921939849854,0.20944694064039504,13,1.6615383533331063,0.0041315771050805025,0.0032207354153754443,0.013763252645730972,0.002801593133133773,0.013763252645730972,0.002801593133133773,0.00312969577498734,0.0037924216594547033,0.00312969577498734,0,0.010236749425530434,0.024000002071261406,0.0,0.01642754301428795,0,1.7411375119458228e-10,1.734723475976807e-18,10,11,8,12,1,1,1,0,0,0,0.012000001966953278,0.010000001639127731,0.010000001639127731,0,0.009080585092306137,-0.0008668135851621628,0.008213771507143974,0.008213771507143974,0.821377016080213,0.9080583603882497,0,0,0.0011400556546140306,-0.0016615373044059894,1.661538450534526,0.013647497183024639,0.0016615373044059894,8.213777173004075,0,0,0,1,3,1,0,0.006000004708766937
5010,16,0,3,16,db74027de8c63086bff933807bf63ddd79d402a013fc21cba31e52b3109df585,6422b3ba4af70009e3bdb634f81efb12dc4f4c47a37225332594babd0b417e68,0.011863287538290024,0.0,0.0017799496417865157,0.0017799496417865157,0.0,0.011863287538290024,0.0,0,1,0.9076923131942749,0.2094469155167731,13,1.661538461366525,0.0036687756672316974,0.00302502191102011,0.011863287538290024,0.0017799496417865157,0.011863287538290024,0.0017799496417865157,0.0035478470381349325,0.008861202746629715,0.0035478470381349325,0,0.011863287538290024,0.0,0.0,0.011863287538290024,0,1.3888286111429782e-09,3.469446951953614e-18,0,0,2,12,13,13,0,1,1,1,0.0,0.0,0.0,1,0.009265599772334099,0.003333956003189087,0.005931643769145012,0.005931643769145012,inf,inf,0,0,0.0017799510306151269,-3.469446951953614e-18,1.6615384522538923,0.009855654207506647,3.469446951953614e-18,inf,0,0,0,3,2,0,0,0.024000002071261406
5010,16,0,4,16,db74027de8c63086bff933807bf63ddd79d402a013fc21cba31e52b3109df585,6422b3ba4af70009e3bdb634f81efb12dc4f4c47a37225332594babd0b417e68,0.01188068650662899,0.0,0.006070977542549372,0.006070977542549372,0.0,0.01188068650662899,0.0,0,1,0.9076921939849854,0.20944694064039504,13,1.661538353333106,0.0031765939895461526,0.0024947183945122557,0.01188068650662899,0.006070977542549372,0.01188068650662899,0.006070977542549372,0.0028957072645425797,0.0035437913611531258,0.0028957072645425797,0,0.01188068650662899,0.0,0.0,0.01188068650662899,0,2.1304914880893033e-09,1.734723475976807e-18,0,0,2,12,13,13,0,1,1,1,0.0,0.0,0.0,1,0.006264114752411842,0.00032377149909734726,0.005940343253314495,0.005940343253314495,inf,inf,0,0,0.00607097967304086,1.734723475976807e-18,1.6615384505345263,0.009870108724755394,1.734723475976807e-18,inf,0,0,0,4,1,0,1,0.024000002071261406
5010,16,0,5,16,db74027de8c63086bff933807bf63ddd79d402a013fc21cba31e52b3109df585,6422b3ba4af70009e3bdb634f81efb12dc4f4c47a37225332594babd0b417e68,0.010033171623945236,0.0,-0.0007761232554912567,-0.0007761232554912567,3.469446951953614e-18,0.010033171623945236,0.0,0,1,0.9076921939849854,0.20944694064039504,13,1.661538353333106,0.0027445471002108942,0.002209647255536367,0.010033171623945236,-0.0007761232554912602,0.010033171623945236,0.0007761232554912602,0.0032367242965847254,0.00254638260230422,0.0032367242965847254,0,0.010033171623945236,0.0,0.0,0.010033171623945236,0,1.96808147383265e-09,1.734723475976807e-18,0,0,2,12,13,13,0,1,1,1,0.0,0.0,0.0,1,0.0070074331015348434,0.0019908472895622253,0.005016585811972618,0.005016585811972618,inf,inf,0,0,-0.0007761212874097829,5.204170427930421e-18,1.6615384505345263,0.008335250216998472,5.204170427930421e-18,inf,0,0,0,5,4,0,0,0.024000002071261406
5010,16,1,0,16,db74027de8c63086bff933807bf63ddd79d402a013fc21cba31e52b3109df585,6422b3ba4af70009e3bdb634f81efb12dc4f4c47a37225332594babd0b417e68,0.010321149602532387,0.012000000104308128,-0.0017761880299076438,-0.0017761880299076438,0.0,0.010321149602532387,0.012000000104308128,1,3,0.9076921939849854,0.20944694064039504,13,1.661538353333106,0.001997832400271157,0.0016257690718950643,0.0016788505017757416,-0.0017761880299076438,0.0016788505017757416,0.0017761880299076438,0.002174724591895938,0.001994409831240773,0.002174724591895938,0,0.010321149213268654,0.012000000104308128,3.892637323588133e-10,0.006519272534205811,0,1.7844709238913625e-10,4.336808689942018e-19,10,11,2,11,1,1,1,0,1,0,0.006000000052154064,0.006000000052154064,0.006000000052154064,0,0.004951674101903336,0.0016920378348004306,0.0032596362671029055,0.0032596362671029055,0.5432727064615043,0.8252790098102802,0,0,-0.0017761882083547362,4.336808689942018e-19,1.6615384505345263,0.005416010992548309,4.336808689942018e-19,inf,0,0,0,2,2,0,0,0.012000000104308128
5010,16,1,2,16,db74027de8c63086bff933807bf63ddd79d402a013fc21cba31e52b3109df585,6422b3ba4af70009e3bdb634f81efb12dc4f4c47a37225332594babd0b417e68,0.014263802208006382,0.024000000208616257,-0.00010535679757595062,-0.00010535679757595062,-0.001661538561691457,0.014263802208006382,0.024000000208616257,1,4,0.9076921939849854,0.20944694064039504,13,1.6615383533331063,0.0029668122534491108,0.002397175490809329,0.009736198000609875,0.0015561817641155063,0.009736198000609875,0.0015561817641155063,0.0030980920419096947,0.004149239975959063,0.0030980920419096947,0,0.014263802208006382,0.024000000208616257,0.0,0.010654994839569554,0,2.922434947033939e-10,2.168404344971009e-19,10,11,10,11,1,1,1,1,1,1,0.012000000337138772,0.009999999776482582,0.009999999776482582,0,0.00726578664034605,-0.0019382892205612734,0.005327497419784777,0.005327497419784777,0.5327497538863626,0.7265786802749041,0,0,-0.00010535708981944533,-0.0016615385616914567,1.661538450534526,0.008851841808095885,0.0016615385616914567,5.327497063375197,1,0,0,1,1,1,1,0.012000000104308128
5010,16,1,3,16,db74027de8c63086bff933807bf63ddd79d402a013fc21cba31e52b3109df585,6422b3ba4af70009e3bdb634f81efb12dc4f4c47a37225332594babd0b417e68,0.006160601042211056,0.0,-0.001354871317744255,-0.001354871317744255,8.673617379884035e-19,0.006160601042211056,0.0,0,1,0.9076923131942749,0.2094469155167731,13,1.661538461366525,0.0017959599159402026,0.0015266717620987511,0.006160601042211056,-0.001354871317744256,0.006160601042211056,0.001354871317744256,0.0025810415390878916,0.002543008653447032,0.0025810415390878916,0,0.006160600809380412,0.0,2.3283064365386963e-10,0.006160600809380412,0,2.2696903904939614e-10,8.673617379884035e-19,0,0,2,8,13,13,0,1,1,1,0.0,0.0,0.0,1,0.005079800495877862,0.001999500091187656,0.003080300404690206,0.003080300404690206,inf,inf,0,0,-0.001354871090775216,1.734723475976807e-18,1.6615384522538923,0.005118037566886003,1.734723475976807e-18,inf,0,0,0,3,5,0,0,0.024000000208616257
5010,16,1,4,16,db74027de8c63086bff933807bf63ddd79d402a013fc21cba31e52b3109df585,6422b3ba4af70009e3bdb634f81efb12dc4f4c47a37225332594babd0b417e68,0.007426710333675146,0.0,0.0022337601985782385,0.0022337601985782385,0.0,0.007426710333675146,0.0,0,1,0.9076921939849854,0.20944694064039504,13,1.661538353333106,0.0019475149086673454,0.0015572505429960215,0.007426710333675146,0.0022337601985782385,0.007426710333675146,0.0022337601985782385,0.0012690238654613495,0.00388465728610754,0.0012690238654613495,0,0.007426710217259824,0.0,1.1641532182693481e-10,0.007426710217259824,0,1.1326324166754942e-10,4.336808689942018e-19,0,0,7,11,13,13,0,1,1,1,0.0,0.0,0.0,1,0.003917033784091473,-0.0002036786754615605,0.003713355108629912,0.003713355108629912,inf,inf,0,0,0.00223376031184148,4.336808689942018e-19,1.6615384505345263,0.0061698822934774114,4.336808689942018e-19,inf,0,0,0,4,3,0,0,0.024000000208616257
5010,16,1,5,16,db74027de8c63086bff933807bf63ddd79d402a013fc21cba31e52b3109df585,6422b3ba4af70009e3bdb634f81efb12dc4f4c47a37225332594babd0b417e68,0.006966954562813044,0.0,0.0007813703850843012,0.0007813703850843012,0.0,0.006966954562813044,0.0,0,1,0.9076921939849854,0.20944694064039504,13,1.661538353333106,0.001923937011973579,0.0014593849060561001,0.006966954562813044,0.0007813703850843012,0.006966954562813044,0.0007813703850843012,0.0023731181863695383,0.005230579990893602,0.0023731181863695383,0,0.006966954446397722,0.0,1.1641532182693481e-10,0.006966954446397722,0,2.129313849807274e-10,4.336808689942018e-19,0,0,4,11,13,13,0,1,1,1,0.0,0.0,0.0,1,0.0036801997339352965,0.00019672251073643565,0.003483477223198861,0.003483477223198861,inf,inf,0,0,0.0007813701721529163,4.336808689942018e-19,1.6615384505345263,0.00578793134790615,4.336808689942018e-19,inf,0,0,0,5,4,0,0,0.024000000208616257
5010,16,2,0,16,db74027de8c63086bff933807bf63ddd79d402a013fc21cba31e52b3109df585,6422b3ba4af70009e3bdb634f81efb12dc4f4c47a37225332594babd0b417e68,0.010552806779742241,0.012000001035630703,0.0032632562797516584,0.0032632562797516584,-6.44761778689773e-11,0.010552806779742241,0.012000001035630703,1,3,0.9076921939849854,0.20944694064039504,13,1.661538353333106,0.0034370050916231144,0.002979601264969837,0.001447194255888462,0.0032632563442278363,0.001447194255888462,0.0032632563442278363,0.004903955385088921,0.005162576213479042,0.004903955385088921,0,0.010552806779742241,0.012000001035630703,0.0,0.010552806779742241,0,3.9282473107693505e-11,0.0,10,11,0,12,1,1,1,0,0,0,0.006000000983476639,0.006000000052154064,0.006000000052154064,0,0.015428222715854645,0.010151819325983524,0.0052764033898711205,0.0052764033898711205,0.8794005573344679,2.5713704302912044,0,0,0.0032632563190341315,-6.44761778689773e-11,1.6615384505345263,0.008766947112801583,6.44761778689773e-11,135971879.88743666,0,0,0,2,4,0,0,0.005999998189508915
5010,16,2,1,16,db74027de8c63086bff933807bf63ddd79d402a013fc21cba31e52b3109df585,6422b3ba4af70009e3bdb634f81efb12dc4f4c47a37225332594babd0b417e68,0.014949243515729904,0.017999999225139618,0.0037838162388652563,0.0037838162388652563,0.0,0.014949243515729904,0.017999999225139618,1,3,0.9076921939849854,0.20944694064039504,13,1.661538353333106,0.00372385961610362,0.003071774855344253,0.0030507557094097137,0.0037838162388652563,0.0030507557094097137,0.0037838162388652563,0.004668095149099827,0.00791587121784687,0.004668095149099827,0,0.014949243515729904,0.017999999225139618,0.0,0.012942876666784286,0,1.5689054829598481e-09,3.469446951953614e-18,10,11,10,12,1,1,1,1,0,0,0.008999999612569809,0.008999999612569809,0.008999999612569809,0,0.017669960856437683,0.01119852252304554,0.006471438333392143,0.006471438333392143,0.7190487346637036,1.9633290685656266,0,0,0.0037838146699597733,-3.469446951953614e-18,1.6615384505345263,0.010752543621194119,3.469446951953614e-18,inf,0,0,0,1,1,1,1,0.005999998189508915
5010,16,2,3,16,db74027de8c63086bff933807bf63ddd79d402a013fc21cba31e52b3109df585,6422b3ba4af70009e3bdb634f81efb12dc4f4c47a37225332594babd0b417e68,0.009843474254012108,0.0,0.0016060523921623826,0.0016060523921623826,-3.469446951953614e-18,0.009843474254012108,0.0,0,1,0.9076923131942749,0.2094469155167731,13,1.661538461366525,0.003392445429127352,0.0030490465065431314,0.009843474254012108,0.001606052392162386,0.009843474254012108,0.001606052392162386,0.00411092396825552,0.0043889242224395275,0.00411092396825552,0,0.009843474254012108,0.0,0.0,0.009843474254012108,0,1.0925325106408978e-09,3.469446951953614e-18,0,0,4,7,13,13,0,1,1,1,0.0,0.0,0.0,1,0.015547037124633789,0.010625299997627735,0.004921737127006054,0.004921737127006054,inf,inf,0,0,0.001606051299629872,-6.938893903907228e-18,1.6615384522538923,0.008177655488406158,6.938893903907228e-18,inf,0,0,0,3,5,0,0,0.017999999225139618
5010,16,2,4,16,db74027de8c63086bff933807bf63ddd79d402a013fc21cba31e52b3109df585,6422b3ba4af70009e3bdb634f81efb12dc4f4c47a37225332594babd0b417e68,0.011433089151978493,0.0,-0.0027256112080067396,-0.0027256112080067396,0.0,0.011433089151978493,0.0,0,1,0.9076921939849854,0.20944694064039504,13,1.661538353333106,0.003829097716163571,0.003338553011417389,0.011433089151978493,-0.0027256112080067396,0.011433089151978493,0.0027256112080067396,0.0055122883059084415,0.0054529220797121525,0.0055122883059084415,0,0.011433089151978493,0.0,0.0,0.011433089151978493,0,2.39292356242482e-09,1.734723475976807e-18,0,0,0,9,13,13,0,1,1,1,0.0,0.0,0.0,1,0.015581633895635605,0.009865089319646358,0.005716544575989246,0.005716544575989246,inf,inf,0,0,-0.002725608815083177,-1.734723475976807e-18,1.6615384505345263,0.009498258617200724,1.734723475976807e-18,inf,0,0,0,4,2,0,0,0.017999999225139618
5010,16,2,5,16,db74027de8c63086bff933807bf63ddd79d402a013fc21cba31e52b3109df585,6422b3ba4af70009e3bdb634f81efb12dc4f4c47a37225332594babd0b417e68,0.010802065953612328,0.0,0.003698627231642604,0.003698627231642604,0.0,0.010802065953612328,0.0,0,1,0.9076921939849854,0.20944694064039504,13,1.661538353333106,0.0034397267263679126,0.0029484972181404836,0.010802065953612328,0.003698627231642604,0.010802065953612328,0.003698627231642604,0.004914506338536739,0.005465042777359486,0.004914506338536739,0,0.010802065953612328,0.0,0.0,0.010802065953612328,0,4.735996088356398e-09,1.734723475976807e-18,0,0,4,12,13,13,0,1,1,1,0.0,0.0,0.0,1,0.019207410514354706,0.013806377537548542,0.005401032976806164,0.005401032976806164,inf,inf,0,0,0.0036986319676386922,-1.734723475976807e-18,1.6615384505345263,0.008974023963568393,1.734723475976807e-18,inf,0,0,0,5,3,0,0,0.017999999225139618
5010,17,0,1,17,afb3241137f4ec12e8e478c5819411d5fe9bf7ef4f3fad03f13d187ba33a77c6,6422b3ba4af70009e3bdb634f81efb12dc4f4c47a37225332594babd0b417e68,0.032614778727293015,0.01799999177455902,0.007724631577730179,0.007724631577730179,0.0,0.032614778727293015,0.01799999177455902,1,3,0.9076921939849854,0.20944694064039504,13,1.661538353333106,0.007050821356498204,0.005892524955871366,0.014614786952733994,0.007724631577730179,0.014614786952733994,0.007724631577730179,0.008099106140434742,0.018706513568758965,0.008099106140434742,0,0.03261477779597044,0.01799999177455902,9.313225746154785e-10,0.02361478190869093,0,2.505949083658754e-09,1.3877787807814457e-17,10,11,10,3,1,1,1,1,0,0,0.00899999588727951,0.00899999588727951,0.00899999588727951,0,0.0889672115445137,0.07715982059016824,0.011807390954345465,0.011807390954345465,1.3119329277732108,9.885250244420547,0,0,0.0077246340836792625,-1.3877787807814457e-17,1.6615384505345263,0.019618434071138547,1.3877787807814457e-17,inf,0,0,0,2,2,0,0,0.006000012159347534
5010,17,0,2,17,afb3241137f4ec12e8e478c5819411d5fe9bf7ef4f3fad03f13d187ba33a77c6,6422b3ba4af70009e3bdb634f81efb12dc4f4c47a37225332594babd0b417e68,0.03837965801358223,0.024000003933906555,-0.0001914507447509095,-0.0001914507447509095,0.0016615356280253596,0.03837965801358223,0.024000003933906555,1,4,0.9076921939849854,0.20944694064039504,13,1.6615383533331063,0.007929427119384281,0.00630636006241014,0.014379654079675674,-0.001852986372776269,0.014379654079675674,0.001852986372776269,0.011244848370552063,0.019691040739417076,0.011244848370552063,0,0.03837965801358223,0.024000003933906555,0.0,0.026379656046628952,0,7.556555364079953e-10,1.0408340855860843e-17,10,11,10,3,1,1,1,1,0,0,0.01000000536441803,0.012000001966953278,0.01000000536441803,0,0.10829496756196022,0.09510513953864574,0.013189828023314476,0.013189828023314476,1.3189820947743145,10.829490946804373,0,0,-0.00019145150040644592,0.00166153562802537,1.661538450534526,0.021915406416674804,0.00166153562802537,13.189850429340403,0,0,0,1,1,1,1,0.006000012159347534
5010,17,0,3,17,afb3241137f4ec12e8e478c5819411d5fe9bf7ef4f3fad03f13d187ba33a77c6,6422b3ba4af70009e3bdb634f81efb12dc4f4c47a37225332594babd0b417e68,0.028923580422997475,0.0,0.012660600244998932,0.012660600244998932,0.0,0.028923580422997475,0.0,0,1,0.9076923131942749,0.2094469155167731,13,1.661538461366525,0.00909877539608092,0.007453645827502188,0.028923580422997475,0.012660600244998932,0.028923580422997475,0.012660600244998932,0.009156680665910244,0.0196470245718956,0.009156680665910244,0,0.028923580422997475,0.0,0.0,0.028923580422997475,0,1.3620573315054063e-09,6.938893903907228e-18,0,0,11,12,13,13,0,1,1,1,0.0,0.0,0.0,1,0.12706908956170082,0.11260729935020208,0.014461790211498737,0.014461790211498737,inf,inf,0,0,0.012660601607056263,6.938893903907228e-18,1.6615384522538923,0.024028820524834103,6.938893903907228e-18,inf,0,0,0,3,3,0,0,0.024000003933906555
5010,17,0,4,17,afb3241137f4ec12e8e478c5819411d5fe9bf7ef4f3fad03f13d187ba33a77c6,6422b3ba4af70009e3bdb634f81efb12dc4f4c47a37225332594babd0b417e68,0.026023389771580696,0.0,0.00426093814894557,0.00426093814894557,1.3877787807814457e-17,0.026023389771580696,0.0,0,1,0.9076921939849854,0.20944694064039504,13,1.661538353333106,0.007324433075710182,0.006153185630407317,0.026023389771580696,0.004260938148945556,0.026023389771580696,0.004260938148945556,0.012206132523715496,0.02240879461169243,0.012206132523715496,0,0.02602339055738412,0.0,7.8580342233181e-10,0.02602339055738412,0,2.59013336820213e-10,1.3877787807814457e-17,0,0,1,12,13,13,0,1,1,1,0.0,0.0,0.0,1,0.10362356156110764,0.09061186628241558,0.01301169527869206,0.01301169527869206,inf,inf,0,0,0.004260938407958907,0.0,1.6615384505345263,0.021619432012185417,0.0,inf,0,0,0,4,5,0,0,0.024000003933906555
5010,17,0,5,17,afb3241137f4ec12e8e478c5819411d5fe9bf7ef4f3fad03f13d187ba33a77c6,6422b3ba4af70009e3bdb634f81efb12dc4f4c47a37225332594babd0b417e68,0.026732396334409714,0.0,0.005308175925165415,0.005308175925165415,1.3877787807814457e-17,0.026732396334409714,0.0,0,1,0.9076921939849854,0.20944694064039504,13,1.661538353333106,0.008107447584962256,0.006797354789616088,0.026732396334409714,0.005308175925165401,0.026732396334409714,0.005308175925165401,0.008713952265679836,0.019879192113876343,0.008713952265679836,0,0.02673239726573229,0.0,9.313225746154785e-10,0.02673239726573229,0,1.5969109715130436e-09,2.7755575615628914e-17,0,0,4,12,13,13,0,1,1,1,0.0,0.0,0.0,1,0.1193043626844883,0.10593816405162215,0.013366198632866144,0.013366198632866144,inf,inf,0,0,0.005308174328254443,-1.3877787807814457e-17,1.6615384505345263,0.02220845296598912,1.3877787807814457e-17,inf,0,0,0,5,4,0,0,0.024000003933906555
5010,17,1,0,17,afb3241137f4ec12e8e478c5819411d5fe9bf7ef4f3fad03f13d187ba33a77c6,6422b3ba4af70009e3bdb634f81efb12dc4f4c47a37225332594babd0b417e68,0.011479952372610569,0.011999999871477485,0.00028449262026697397,0.00028449262026697397,-1.6119044467244326e-11,0.011479952372610569,0.011999999871477485,1,3,0.9076921939849854,0.20944694064039504,13,1.661538353333106,0.0018734611981619943,0.0013198101462192902,0.0005200474988669157,0.00028449263638601844,0.0005200474988669157,0.00028449263638601844,0.0022154124453663826,0.00404147244989872,0.0022154124453663826,0,0.011479952532681637,0.011999999871477485,1.6007106751203537e-10,0.006742837838828564,0,8.106179529704383e-11,2.168404344971009e-19,10,11,10,11,1,1,1,1,1,1,0.006000000052154064,0.0059999998193234205,0.0059999998193234205,0,0.0053692234214395285,-0.0019978045020252466,0.003371418919414282,0.003371418919414282,0.5619031701561708,0.8948705971869478,0,0,0.00028449270132876927,-1.611904468408476e-11,1.6615384505345263,0.005601742167466393,1.611904468408476e-11,347523211.0372712,0,0,0,2,2,0,0,0.012000001268461347
5010,17,1,2,17,afb3241137f4ec12e8e478c5819411d5fe9bf7ef4f3fad03f13d187ba33a77c6,6422b3ba4af70009e3bdb634f81efb12dc4f4c47a37225332594babd0b417e68,0.016333576291799545,0.02400000113993883,-0.00023825198877602816,-0.00023825198877602816,0.001661538593929545,0.016333576291799545,0.02400000113993883,1,4,0.9076921939849854,0.20944694064039504,13,1.6615383533331063,0.002743694200300621,0.0024385964298157914,0.007666424848139286,-0.0018997905827055732,0.007666424848139286,0.0018997905827055732,0.0025670917239040136,0.004300698637962341,0.0025670917239040136,0,0.016333576990291476,0.02400000113993883,6.984919309616089e-10,0.007959076960105449,0,5.80946475604513e-10,4.336808689942018e-19,10,11,10,11,1,1,1,1,1,1,0.010000000009313226,0.012000001035630703,0.010000000009313226,0,0.004125142062548548,0.0001456035824958235,0.0039795384800527245,0.0039795384800527245,0.397953847634649,0.412514205870671,1,0,-0.00023825256972250376,0.0016615385939295455,1.661538450534526,0.006612156199989327,0.0016615385939295455,3.9795381366084017,0,0,0,1,1,1,1,0.012000001268461347
5010,17,1,3,17,afb3241137f4ec12e8e478c5819411d5fe9bf7ef4f3fad03f13d187ba33a77c6,6422b3ba4af70009e3bdb634f81efb12dc4f4c47a37225332594babd0b417e68,0.006814961787313223,0.0,-0.0005746975657530129,-0.0005746975657530129,4.336808689942018e-19,0.006814961787313223,0.0,0,1,0.9076923131942749,0.2094469155167731,13,1.661538461366525,0.0018230035090074103,0.0015009398905032718,0.006814961787313223,-0.0005746975657530133,0.006814961787313223,0.0005746975657530133,0.003271064953878522,0.002894703298807144,0.003271064953878522,0,0.006814961707277689,0.0,8.003553375601768e-11,0.006814961707277689,0,8.262251776844365e-12,2.168404344971009e-19,0,0,2,8,13,13,0,1,1,1,0.0,0.0,0.0,1,0.003708821954205632,-0.00030134110056678765,0.0034074808536388446,0.0034074808536388446,inf,inf,0,0,-0.0005746975740152647,2.168404344971009e-19,1.6615384522538923,0.005661660463639857,2.168404344971009e-19,inf,0,0,0,3,4,0,0,0.02400000113993883
5010,17,1,4,17,afb3241137f4ec12e8e478c5819411d5fe9bf7ef4f3fad03f13d187ba33a77c6,6422b3ba4af70009e3bdb634f81efb12dc4f4c47a37225332594babd0b417e68,0.00779907638207078,0.0,0.0005535653908737004,0.0005535653908737004,0.0,0.00779907638207078,0.0,0,1,0.9076921939849854,0.20944694064039504,13,1.661538353333106,0.00217355162312747,0.0018134079082678181,0.00779907638207078,0.0005535653908737004,0.00779907638207078,0.0005535653908737004,0.0026112189516425133,0.003488801186904311,0.0026112189516425133,0,0.007799076225637691,0.0,1.5643308870494366e-10,0.007799076225637691,0,2.552183594670132e-10,4.336808689942018e-19,0,0,7,5,13,13,0,1,1,1,0.0,0.0,0.0,1,0.004850765457376838,-0.0009512273445579922,0.0038995381128188455,0.0038995381128188455,inf,inf,0,0,0.0005535651356553409,-4.336808689942018e-19,1.6615384505345263,0.006479232513773355,4.336808689942018e-19,inf,0,0,0,4,3,0,0,0.02400000113993883
5010,17,1,5,17,afb3241137f4ec12e8e478c5819411d5fe9bf7ef4f3fad03f13d187ba33a77c6,6422b3ba4af70009e3bdb634f81efb12dc4f4c47a37225332594babd0b417e68,0.0063664657063782215,0.0,-3.795403245021589e-05,-3.795403245021589e-05,0.0,0.0063664657063782215,0.0,0,1,0.9076921939849854,0.20944694064039504,13,1.661538353333106,0.001888513659623516,0.0015991536443006006,0.0063664657063782215,-3.795403245021589e-05,0.0063664657063782215,3.795403245021589e-05,0.003464987501502037,0.005835016258060932,0.003464987501502037,0,0.0063664657063782215,0.0,0.0,0.0063664657063782215,0,2.403589601657208e-10,4.336808689942018e-19,0,0,7,5,13,13,0,1,1,1,0.0,0.0,0.0,1,0.004418079042807221,-0.0012348461896181107,0.0031832328531891108,0.0031832328531891108,inf,inf,0,0,-3.795427280917606e-05,-4.336808689942018e-19,1.6615384505345263,0.0052890637825784344,4.336808689942018e-19,inf,0,0,0,5,5,0,0,0.02400000113993883
5010,17,2,0,17,afb3241137f4ec12e8e478c5819411d5fe9bf7ef4f3fad03f13d187ba33a77c6,6422b3ba4af70009e3bdb634f81efb12dc4f4c47a37225332594babd0b417e68,0.013032035902142525,0.012000001966953278,-0.004582201596349478,-0.004582201596349478,0.0,0.013032035902142525,0.012000001966953278,1,3,0.9076921939849854,0.20944694064039504,13,1.661538353333106,0.003216277413412329,0.0025856715775805813,0.0010320339351892471,-0.004582201596349478,0.0010320339351892471,0.004582201596349478,0.0021700970828533173,0.0065768007189035416,0.0021700970828533173,0,0.013032035902142525,0.012000001966953278,0.0,0.01071869395673275,0,2.0944721651483533e-10,0.0,10,11,10,7,1,1,1,1,0,0,0.006000000983476639,0.006000000983476639,0.006000000983476639,0,0.019389420747756958,0.014030073769390583,0.005359346978366375,0.005359346978366375,0.8932243499835156,3.231569594930626,0,0,-0.004582201386902261,0.0,1.6615384505345263,0.008904761074311762,0.0,inf,0,0,0,2,2,0,0,0.00599999725818634
5010,17,2,1,17,afb3241137f4ec12e8e478c5819411d5fe9bf7ef4f3fad03f13d187ba33a77c6,6422b3ba4af70009e3bdb634f81efb12dc4f4c47a37225332594babd0b417e68,0.0187838077545166,0.017999999225139618,0.0032975459471344948,0.0032975459471344948,0.0,0.0187838077545166,0.017999999225139618,1,3,0.9076921939849854,0.20944694064039504,13,1.661538353333106,0.003612431855822797,0.00316557554891829,0.0007838085293769836,0.0032975459471344948,0.0007838085293769836,0.0032975459471344948,0.006427345331758261,0.009655823931097984,0.006427345331758261,0,0.0187838077545166,0.017999999225139618,0.0,0.009708639234304428,0,5.250879748369686e-09,1.734723475976807e-18,10,11,10,11,1,1,1,1,1,1,0.008999999612569809,0.008999999612569809,0.008999999612569809,0,0.018721934407949448,0.013867614790797234,0.004854319617152214,0.004854319617152214,0.5393688695688887,2.0802150237652834,0,0,0.003297551198014243,-1.734723475976807e-18,1.6615384505345263,0.008065638695082445,1.734723475976807e-18,inf,0,0,0,1,1,1,1,0.00599999725818634
5010,17,2,3,17,afb3241137f4ec12e8e478c5819411d5fe9bf7ef4f3fad03f13d187ba33a77c6,6422b3ba4af70009e3bdb634f81efb12dc4f4c47a37225332594babd0b417e68,0.01287604309618473,0.0,0.0002490067854523659,0.0002490067854523659,0.0,0.01287604309618473,0.0,0,1,0.9076923131942749,0.2094469155167731,13,1.661538461366525,0.004038698251793311,0.003437858625981935,0.01287604309618473,0.0002490067854523659,0.01287604309618473,0.0002490067854523659,0.00428383145481348,0.003838321892544627,0.00428383145481348,0,0.01287604309618473,0.0,0.0,0.01287604309618473,0,4.714338641687021e-10,3.469446951953614e-18,0,0,10,9,13,13,0,1,1,1,0.0,0.0,0.0,1,0.019982974976301193,0.013544953428208828,0.006438021548092365,0.006438021548092365,inf,inf,0,0,0.00024900725688623004,-3.469446951953614e-18,1.6615384522538923,0.010697020358594597,3.469446951953614e-18,inf,0,0,0,3,4,0,0,0.017999999225139618
5010,17,2,4,17,afb3241137f4ec12e8e478c5819411d5fe9bf7ef4f3fad03f13d187ba33a77c6,6422b3ba4af70009e3bdb634f81efb12dc4f4c47a37225332594babd0b417e68,0.012947162613272667,0.0,-0.003654263913631439,-0.003654263913631439,0.0,0.012947162613272667,0.0,0,1,0.9076921939849854,0.20944694064039504,13,1.661538353333106,0.004007996216623215,0.0036254821444404194,0.012947162613272667,-0.003654263913631439,0.012947162613272667,0.003654263913631439,0.0017493724590167403,0.0050010960549116135,0.0017493724590167403,0,0.012947162613272667,0.0,0.0,0.012947162613272667,0,7.065287799257192e-10,0.0,0,0,0,9,13,13,0,1,1,1,0.0,0.0,0.0,1,0.01729021593928337,0.010816634632647038,0.0064735813066363335,0.0064735813066363335,inf,inf,0,0,-0.003654264620160219,0.0,1.6615384505345263,0.010756104253637808,0.0,inf,0,0,0,4,3,0,0,0.017999999225139618
5010,17,2,5,17,afb3241137f4ec12e8e478c5819411d5fe9bf7ef4f3fad03f13d187ba33a77c6,6422b3ba4af70009e3bdb634f81efb12dc4f4c47a37225332594babd0b417e68,0.012341722846031189,0.0,0.002986946841701865,0.002986946841701865,0.0,0.012341722846031189,0.0,0,1,0.9076921939849854,0.20944694064039504,13,1.661538353333106,0.0037943480982569394,0.003368038397568923,0.012341722846031189,0.002986946841701865,0.012341722846031189,0.002986946841701865,0.006000110413879156,0.0046949065290391445,0.006000110413879156,0,0.012341722846031189,0.0,0.0,0.012341722846031189,0,2.0221252935992418e-09,0.0,0,0,10,9,13,13,0,1,1,1,0.0,0.0,0.0,1,0.02108706533908844,0.014916203916072845,0.0061708614230155945,0.0061708614230155945,inf,inf,0,0,0.0029869448195765716,0.0,1.6615384505345263,0.010253123527260613,0.0,inf,0,0,0,5,5,0,0,0.017999999225139618
5010,18,0,1,18,55f7422b5b3d014b061970bcb3b46237a4197326a3e8d1bd81e33d07c6a72e4e,6422b3ba4af70009e3bdb634f81efb12dc4f4c47a37225332594babd0b417e68,0.00923372246325016,0.01799999736249447,0.0005323232035152614,0.0005323232035152614,1.289523557379546e-10,0.00923372246325016,0.01799999736249447,1,3,0.9076921939849854,0.20944694064039504,13,1.661538353333106,0.0036246425478340324,0.002555901901080058,0.008766274899244308,0.0005323230745629057,0.008766274899244308,0.0005323230745629057,0.0036449760664254427,0.0027669540140777826,0.0036449760664254427,0,0.00923372246325016,0.01799999736249447,0.0,0.014423809945583344,0,1.5340522983853244e-09,5.204170427930421e-18,10,11,2,12,1,1,1,0,0,0,0.00899999774992466,0.008999999612569809,0.00899999774992466,0,0.009077146649360657,-0.001865241676568985,0.007211904972791672,0.007211904972791672,0.801322975092082,1.0085721020804304,0,0,0.0005323247375675598,1.2895236094212503e-10,1.6615384505345263,0.011982857413894519,1.2895236094212503e-10,92924684.17288251,1,0,0,2,5,0,0,0.006000004708766937
5010,18,0,2,18,55f7422b5b3d014b061970bcb3b46237a4197326a3e8d1bd81e33d07c6a72e4e,6422b3ba4af70009e3bdb634f81efb12dc4f4c47a37225332594babd0b417e68,0.010213447734713554,0.024000002071261406,0.0008550832862965763,0.0008550832862965763,-0.0016615373044059911,0.010213447734713554,0.024000002071261406,1,4,0.9076921939849854,0.20944694064039504,13,1.6615383533331063,0.00423587583114009,0.0031686106685703316,0.013786554336547852,0.0025166205907025674,0.013786554336547852,0.0025166205907025674,0.0032881328370422125,0.005468167830258608,0.0032881328370422125,0,0.010213447734713554,0.024000002071261406,0.0,0.017440326511859894,0,1.5056296279181147e-09,1.734723475976807e-18,10,11,8,12,1,1,1,0,0,0,0.012000001966953278,0.010000001639127731,0.010000001639127731,0,0.01040133461356163,-0.0016811713576316833,0.008720163255929947,0.008720163255929947,0.872016182658404,1.040133290865031,0,0,0.0008550817806669483,-0.0016615373044059894,1.661538450534526,0.014488886544665952,0.0016615373044059894,8.720169271099108,0,0,0,1,4,1,0,0.006000004708766937
5010,18,0,3,18,55f7422b5b3d014b061970bcb3b46237a4197326a3e8d1bd81e33d07c6a72e4e,6422b3ba4af70009e3bdb634f81efb12dc4f4c47a37225332594babd0b417e68,0.01266959123313427,0.0,0.002295767655596137,0.002295767655596137,0.0,0.01266959123313427,0.0,0,1,0.007692308165132999,0.2094469155167731,13,1.661538461366525,0.003665427006359948,0.0030568570295381827,0.01266959123313427,0.002295767655596137,0.01266959123313427,0.002295767655596137,0.0037104827351868153,0.00855029933154583,0.0037104827351868153,0,0.01266959123313427,0.0,0.0,0.01266959123313427,0,7.54304651726101e-10,3.469446951953614e-18,0,0,2,12,13,13,0,1,1,1,0.0,0.0,0.0,1,0.007238497957587242,0.0009037023410201073,0.006334795616567135,0.006334795616567135,inf,inf,0,0,0.0022957669012914853,-3.469446951953614e-18,1.6615384522538923,0.010525506504095698,3.469446951953614e-18,inf,0,0,0,3,1,0,1,0.024000002071261406
5010,18,0,4,18,55f7422b5b3d014b061970bcb3b46237a4197326a3e8d1bd81e33d07c6a72e4e,6422b3ba4af70009e3bdb634f81efb12dc4f4c47a37225332594babd0b417e68,0.012137958779931068,0.0,-0.0016585489502176642,-0.0016585489502176642,0.0,0.012137958779931068,0.0,0,1,0.9076921939849854,0.20944694064039504,13,1.661538353333106,0.003281242295400149,0.0025807130618913637,0.012137958779931068,-0.0016585489502176642,0.012137958779931068,0.0016585489502176642,0.003418697975575924,0.0028467660304158926,0.003418697975575924,0,0.012137958779931068,0.0,0.0,0.012137958779931068,0,1.412512832393853e-10,1.734723475976807e-18,0,0,2,12,13,13,0,1,1,1,0.0,0.0,0.0,1,0.008028408512473106,0.001959429122507572,0.006068979389965534,0.006068979389965534,inf,inf,0,0,-0.0016585490914689475,1.734723475976807e-18,1.6615384505345263,0.010083842611929308,1.734723475976807e-18,inf,0,0,0,4,2,0,0,0.024000002071261406
5010,18,0,5,18,55f7422b5b3d014b061970bcb3b46237a4197326a3e8d1bd81e33d07c6a72e4e,6422b3ba4af70009e3bdb634f81efb12dc4f4c47a37225332594babd0b417e68,0.010567275807261467,0.0,-0.0004932389711029828,-0.0004932389711029828,3.469446951953614e-18,0.010567275807261467,0.0,0,1,0.9076921939849854,0.20944694064039504,13,1.661538353333106,0.0028712767636962376,0.002308802800418357,0.010567275807261467,-0.0004932389711029862,0.010567275807261467,0.0004932389711029862,0.002960524056106806,0.0025191898457705975,0.002960524056106806,0,0.010567275807261467,0.0,0.0,0.010567275807261467,0,5.653774757391483e-10,1.734723475976807e-18,0,0,2,12,13,13,0,1,1,1,0.0,0.0,0.0,1,0.006798183545470238,0.0015145456418395042,0.0052836379036307335,0.0052836379036307335,inf,inf,0,0,-0.0004932395364804585,5.204170427930421e-18,1.6615384505345263,0.008778967535584102,5.204170427930421e-18,inf,0,0,0,5,3,0,0,0.024000002071261406
5010,18,1,0,18,55f7422b5b3d014b061970bcb3b46237a4197326a3e8d1bd81e33d07c6a72e4e,6422b3ba4af70009e3bdb634f81efb12dc4f4c47a37225332594babd0b417e68,0.010559462010860443,0.012000000104308128,-0.002097099320963025,-0.002097099320963025,0.0,0.010559462010860443,0.012000000104308128,1,3,0.9076921939849854,0.20944694064039504,13,1.661538353333106,0.0019252120304865921,0.001503228803699803,0.0014405380934476852,-0.002097099320963025,0.0014405380934476852,0.002097099320963025,0.002347643719986081,0.0028676025103777647,0.002347643719986081,0,0.0105594617780298,0.012000000104308128,2.3283064365386963e-10,0.0065025402582250535,0,9.224500720564355e-11,4.336808689942018e-19,10,11,2,11,1,1,1,0,1,0,0.006000000052154064,0.006000000052154064,0.006000000052154064,0,0.004537520697340369,0.0012862505682278425,0.0032512701291125268,0.0032512701291125268,0.5418783501418948,0.7562534429831131,0,0,-0.002097099228718018,4.336808689942018e-19,1.6615384505345263,0.005402110332594817,4.336808689942018e-19,inf,0,0,0,2,2,0,0,0.012000000104308128
5010,18,1,2,18,55f7422b5b3d014b061970bcb3b46237a4197326a3e8d1bd81e33d07c6a72e4e,6422b3ba4af70009e3bdb634f81efb12dc4f4c47a37225332594babd0b417e68,0.014907724224030972,0.024000000208616257,6.840463174739853e-05,6.840463174739853e-05,-0.001661538561691457,0.014907724224030972,0.024000000208616257,1,4,0.9076921939849854,0.20944694064039504,13,1.6615383533331063,0.002928291432749355,0.002421784173344543,0.009092275984585285,0.0017299431934388555,0.009092275984585285,0.0017299431934388555,0.0032385678496211767,0.004177697468549013,0.0032385678496211767,0,0.014907724340446293,0.024000000208616257,1.1641532182693481e-10,0.010562211944488809,0,5.732387932388949e-10,2.168404344971009e-19,10,11,10,11,1,1,1,1,1,1,0.012000000337138772,0.009999999776482582,0.009999999776482582,0,0.0072798001347109675,-0.0019986941624665633,0.005281105972244404,0.005281105972244404,0.5281106090286324,0.7279800297427184,0,0,6.840405850860529e-05,-0.0016615385616914567,1.661538450534526,0.008774760634231599,0.0016615385616914567,5.281105618938412,0,0,0,1,1,1,1,0.012000000104308128
5010,18,1,3,18,55f7422b5b3d014b061970bcb3b46237a4197326a3e8d1bd81e33d07c6a72e4e,6422b3ba4af70009e3bdb634f81efb12dc4f4c47a37225332594babd0b417e68,0.006028854288160801,0.0,-0.0013660412514582276,-0.0013660412514582276,8.673617379884035e-19,0.006028854288160801,0.0,0,1,0.007692308165132999,0.2094469155167731,13,1.661538461366525,0.0017564766021166962,0.0014866906171389057,0.006028854288160801,-0.0013660412514582285,0.006028854288160801,0.0013660412514582285,0.002818629378452897,0.002751842839643359,0.002818629378452897,0,0.006028854171745479,0.0,1.1641532182693481e-10,0.006028854171745479,0,4.660874559567207e-10,8.673617379884035e-19,0,0,2,8,13,13,0,1,1,1,0.0,0.0,0.0,1,0.0038606877205893397,0.0008462606347166002,0.0030144270858727396,0.0030144270858727396,inf,inf,0,0,-0.0013660417175456836,1.734723475976807e-18,1.6615384522538923,0.005008586514693203,1.734723475976807e-18,inf,0,0,0,3,5,0,0,0.024000000208616257
5010,18,1,4,18,55f7422b5b3d014b061970bcb3b46237a4197326a3e8d1bd81e33d07c6a72e4e,6422b3ba4af70009e3bdb634f81efb12dc4f4c47a37225332594babd0b417e68,0.0070852008648216724,0.0,-0.0022498590406030416,-0.0022498590406030416,0.0,0.0070852008648216724,0.0,0,1,0.9076921939849854,0.20944694064039504,13,1.661538353333106,0.0020148135128320284,0.0016469590926609006,0.0070852008648216724,-0.0022498590406030416,0.0070852008648216724,0.0022498590406030416,0.0025563815142959356,0.004081920720636845,0.0025563815142959356,0,0.0070852007120265625,0.0,1.5279510989785194e-10,0.0070852007120265625,0,1.4018960471651187e-10,4.336808689942018e-19,0,0,7,11,13,13,0,1,1,1,0.0,0.0,0.0,1,0.004905403904558625,0.0013628035485453438,0.0035426003560132813,0.0035426003560132813,inf,inf,0,0,-0.0022498591807926464,4.336808689942018e-19,1.6615384505345263,0.005886166706393368,4.336808689942018e-19,inf,0,0,0,4,3,0,0,0.024000000208616257
5010,18,1,5,18,55f7422b5b3d014b061970bcb3b46237a4197326a3e8d1bd81e33d07c6a72e4e,6422b3ba4af70009e3bdb634f81efb12dc4f4c47a37225332594babd0b417e68,0.006388465408235788,0.0,0.00040476350113749504,0.00040476350113749504,0.0,0.006388465408235788,0.0,0,1,0.9076921939849854,0.20944694064039504,13,1.661538353333106,0.0018847856025361643,0.0014065905121436134,0.006388465408235788,0.00040476350113749504,0.006388465408235788,0.00040476350113749504,0.0025639475788921118,0.00560666061937809,0.0025639475788921118,0,0.00638846552465111,0.0,1.1641532182693481e-10,0.00638846552465111,0,4.0834326241537267e-10,4.336808689942018e-19,0,0,4,11,13,13,0,1,1,1,0.0,0.0,0.0,1,0.0034184741089120507,0.00022424134658649564,0.003194232762325555,0.003194232762325555,inf,inf,0,0,0.0004047630927942326,4.336808689942018e-19,1.6615384505345263,0.005307340554561023,4.336808689942018e-19,inf,0,0,0,5,4,0,0,0.024000000208616257
5010,18,2,0,18,55f7422b5b3d014b061970bcb3b46237a4197326a3e8d1bd81e33d07c6a72e4e,6422b3ba4af70009e3bdb634f81efb12dc4f4c47a37225332594babd0b417e68,0.010397952049970627,0.012000001035630703,0.0031137028709053993,0.0031137028709053993,-6.44761778689773e-11,0.010397952049970627,0.012000001035630703,1,3,0.9076921939849854,0.20944694064039504,13,1.661538353333106,0.003358642968296065,0.0029224680747682525,0.0016020489856600761,0.003113702935381577,0.0016020489856600761,0.003113702935381577,0.005521909799426794,0.004340669140219688,0.005521909799426794,0,0.010397952049970627,0.012000001035630703,0.0,0.010397952049970627,0,1.7273995775446416e-09,0.0,10,11,0,12,1,1,1,0,0,0,0.006000000983476639,0.006000000052154064,0.006000000052154064,0,0.01631997525691986,0.011120999231934547,0.005198976024985313,0.005198976024985313,0.8664959966323376,2.7199958525101704,0,0,0.003113704598304977,-6.44761778689773e-11,1.6615384505345263,0.008638298568920249,6.44761778689773e-11,133976591.88908845,0,0,0,2,4,0,0,0.005999998189508915
5010,18,2,1,18,55f7422b5b3d014b061970bcb3b46237a4197326a3e8d1bd81e33d07c6a72e4e,6422b3ba4af70009e3bdb634f81efb12dc4f4c47a37225332594babd0b417e68,0.013295633718371391,0.017999999225139618,0.003914084751158953,0.003914084751158953,0.0,0.013295633718371391,0.017999999225139618,1,3,0.9076921939849854,0.20944694064039504,13,1.661538353333106,0.0037304450071694627,0.0031875822274289893,0.004704365506768227,0.003914084751158953,0.004704365506768227,0.003914084751158953,0.004740968346595764,0.007559843827039003,0.004740968346595764,0,0.013295633718371391,0.017999999225139618,0.0,0.012509932741522789,0,3.0044583938793057e-09,3.469446951953614e-18,10,11,10,12,1,1,1,1,0,0,0.008999999612569809,0.008999999612569809,0.008999999612569809,0,0.01869586482644081,0.012440898455679417,0.0062549663707613945,0.0062549663707613945,0.6949962933359934,2.077318403472964,0,0,0.003914087755617347,-3.469446951953614e-18,1.6615384505345263,0.010392867131820457,3.469446951953614e-18,inf,0,0,0,1,1,1,1,0.005999998189508915
5010,18,2,3,18,55f7422b5b3d014b061970bcb3b46237a4197326a3e8d1bd81e33d07c6a72e4e,6422b3ba4af70009e3bdb634f81efb12dc4f4c47a37225332594babd0b417e68,0.01028483733534813,0.0,0.0017762808129191399,0.0017762808129191399,-3.469446951953614e-18,0.01028483733534813,0.0,0,1,0.007692308165132999,0.2094469155167731,13,1.661538461366525,0.0034716449020588394,0.00307164310350926,0.01028483733534813,0.0017762808129191433,0.01028483733534813,0.0017762808129191433,0.004343890119343996,0.004998005460947752,0.004343890119343996,0,0.01028483733534813,0.0,0.0,0.01028483733534813,0,1.7810791938521753e-09,3.469446951953614e-18,0,0,0,7,13,13,0,1,1,1,0.0,0.0,0.0,1,0.015019819140434265,0.0098774004727602,0.005142418667674065,0.005142418667674065,inf,inf,0,0,0.0017762825939983337,-6.938893903907228e-18,1.6615384522538923,0.008544326353928688,6.938893903907228e-18,inf,0,0,0,3,5,0,0,0.017999999225139618
5010,18,2,4,18,55f7422b5b3d014b061970bcb3b46237a4197326a3e8d1bd81e33d07c6a72e4e,6422b3ba4af70009e3bdb634f81efb12dc4f4c47a37225332594babd0b417e68,0.011008361354470253,0.0,0.003532394766807556,0.003532394766807556,0.0,0.011008361354470253,0.0,0,1,0.9076921939849854,0.20944694064039504,13,1.661538353333106,0.003720921918749384,0.003250602676847277,0.011008361354470253,0.003532394766807556,0.011008361354470253,0.003532394766807556,0.0059522842057049274,0.005027775187045336,0.0059522842057049274,0,0.011008361354470253,0.0,0.0,0.011008361354470253,0,2.2442402519695648e-09,1.734723475976807e-18,0,0,4,9,13,13,0,1,1,1,0.0,0.0,0.0,1,0.016860835254192352,0.011356654576957226,0.0055041806772351265,0.0055041806772351265,inf,inf,0,0,0.003532392522567304,-1.734723475976807e-18,1.6615384505345263,0.009145407833915332,1.734723475976807e-18,inf,0,0,0,4,3,0,0,0.017999999225139618
5010,18,2,5,18,55f7422b5b3d014b061970bcb3b46237a4197326a3e8d1bd81e33d07c6a72e4e,6422b3ba4af70009e3bdb634f81efb12dc4f4c47a37225332594babd0b417e68,0.0112982876598835,0.0,0.0037453488912433386,0.0037453488912433386,0.0,0.0112982876598835,0.0,0,1,0.9076921939849854,0.20944694064039504,13,1.661538353333106,0.0033805390218729415,0.0027876917779798335,0.0112982876598835,0.0037453488912433386,0.0112982876598835,0.0037453488912433386,0.005140515975654125,0.004838771186769009,0.005140515975654125,0,0.0112982876598835,0.0,0.0,0.0112982876598835,0,8.384599160804473e-10,1.734723475976807e-18,0,0,4,9,13,13,0,1,1,1,0.0,0.0,0.0,1,0.019895188510417938,0.014246044680476189,0.00564914382994175,0.00564914382994175,inf,inf,0,0,0.0037453497297032547,-1.734723475976807e-18,1.6615384505345263,0.009386269686048094,1.734723475976807e-18,inf,0,0,0,5,2,0,0,0.017999999225139618
5010,19,0,1,19,e3caa4444fb43b0364a9646d9eadb170bc5a02cc8e0ede20cdf4bac3bf35a487,6422b3ba4af70009e3bdb634f81efb12dc4f4c47a37225332594babd0b417e68,0.01279573142528534,0.017999999225139618,0.0010556045453995466,0.0010556045453995466,0.0,0.01279573142528534,0.017999999225139618,1,3,0.9076921939849854,0.20944694064039504,13,1.661538353333106,0.0028647763518464472,0.0025673390316367753,0.0052042677998542786,0.0010556045453995466,0.0052042677998542786,0.0010556045453995466,0.004667839966714382,0.0076256198808550835,0.004667839966714382,0,0.012795731890946627,0.017999999225139618,4.656612873077393e-10,0.009400945506058633,0,3.1880399904184176e-10,0.0,10,11,10,11,1,1,1,1,1,1,0.008999999612569809,0.008999999612569809,0.008999999612569809,0,0.008245465345680714,0.003544992592651397,0.004700472753029317,0.004700472753029317,0.5222747728193702,0.9161628556255405,0,0,0.0010556048642035457,0.0,1.6615384505345263,0.00781001621484809,0.0,inf,0,0,0,2,2,0,0,0.006000000983476639
5010,19,0,2,19,e3caa4444fb43b0364a9646d9eadb170bc5a02cc8e0ede20cdf4bac3bf35a487,6422b3ba4af70009e3bdb634f81efb12dc4f4c47a37225332594babd0b417e68,0.01817980408668518,0.024000000208616257,-0.0004317578859627247,-0.0004317578859627247,0.0016615385616914563,0.01817980408668518,0.024000000208616257,1,4,0.9076921939849854,0.20944694064039504,13,1.6615383533331063,0.002996156135496084,0.0026851282950997707,0.005820196121931076,-0.002093296447654181,0.005820196121931076,0.002093296447654181,0.003990841563791037,0.00995927955955267,0.003990841563791037,0,0.01817980478517711,0.024000000208616257,6.984919309616089e-10,0.008782886958215386,0,5.437429113734626e-10,2.168404344971009e-19,10,11,10,11,1,1,1,1,1,1,0.009999999776482582,0.012000000337138772,0.009999999776482582,0,0.01159600424580276,0.007204560766695067,0.004391443479107693,0.004391443479107693,0.4391443577264106,1.1596004504993658,1,0,-0.0004317573422198133,0.0016615385616914565,1.661538450534526,0.007296552193886544,0.0016615385616914565,4.391443185320123,0,0,0,1,1,1,1,0.006000000983476639
5010,19,0,3,19,e3caa4444fb43b0364a9646d9eadb170bc5a02cc8e0ede20cdf4bac3bf35a487,6422b3ba4af70009e3bdb634f81efb12dc4f4c47a37225332594babd0b417e68,0.011315670795738697,0.0,0.0008801597286947072,0.0008801597286947072,0.0,0.011315670795738697,0.0,0,1,0.9076923131942749,0.2094469155167731,13,1.661538461366525,0.003092039089097569,0.0024876582970809655,0.011315670795738697,0.0008801597286947072,0.011315670795738697,0.0008801597286947072,0.004074897151440382,0.008728948421776295,0.004074897151440382,0,0.01131567102856934,0.0,2.3283064365386963e-10,0.01131567102856934,0,6.792316379483632e-10,0.0,0,0,2,9,13,13,0,1,1,1,0.0,0.0,0.0,1,0.013946622610092163,0.008288787095807493,0.00565783551428467,0.00565783551428467,inf,inf,0,0,0.0008801590494630692,0.0,1.6615384522538923,0.009400711263511656,0.0,inf,0,0,0,3,3,0,0,0.024000000208616257
5010,19,0,4,19,e3caa4444fb43b0364a9646d9eadb170bc5a02cc8e0ede20cdf4bac3bf35a487,6422b3ba4af70009e3bdb634f81efb12dc4f4c47a37225332594babd0b417e68,0.00865129940211773,0.0,-0.0018316019559279084,-0.0018316019559279084,0.0,0.00865129940211773,0.0,0,1,0.9076921939849854,0.20944694064039504,13,1.661538353333106,0.0027817185674477813,0.0024449869335254316,0.00865129940211773,-0.0018316019559279084,0.00865129940211773,0.0018316019559279084,0.002726024016737938,0.008070780895650387,0.002726024016737938,0,0.008651299081975594,0.0,3.2014213502407074e-10,0.008651299081975594,0,1.310081745777708e-10,0.0,0,0,2,5,13,13,0,1,1,1,0.0,0.0,0.0,1,0.00910431332886219,0.004778663787874393,0.004325649540987797,0.004325649540987797,inf,inf,0,0,-0.0018316018249197338,0.0,1.6615384505345263,0.007187233035888249,0.0,inf,0,0,0,4,4,0,0,0.024000000208616257
5010,19,0,5,19,e3caa4444fb43b0364a9646d9eadb170bc5a02cc8e0ede20cdf4bac3bf35a487,6422b3ba4af70009e3bdb634f81efb12dc4f4c47a37225332594babd0b417e68,0.007520110346376896,0.0,-0.0007529381546191871,-0.0007529381546191871,0.0,0.007520110346376896,0.0,0,1,0.007692307233810425,0.20944694064039504,13,1.661538353333106,0.002484302444522077,0.0021344980200168474,0.007520110346376896,-0.0007529381546191871,0.007520110346376896,0.0007529381546191871,0.004338027909398079,0.005713328253477812,0.004338027909398079,0,0.007520110520999879,0.0,1.7462298274040222e-10,0.007520110520999879,0,3.4482969995044965e-10,0.0,0,0,8,9,13,13,0,1,1,1,0.0,0.0,0.0,1,0.00828290730714798,0.00452285204664804,0.0037600552604999393,0.0037600552604999393,inf,inf,0,0,-0.0007529378097894872,0.0,1.6615384505345263,0.006247476391455264,0.0,inf,0,0,0,5,5,0,0,0.024000000208616257
5010,19,1,0,19,e3caa4444fb43b0364a9646d9eadb170bc5a02cc8e0ede20cdf4bac3bf35a487,6422b3ba4af70009e3bdb634f81efb12dc4f4c47a37225332594babd0b417e68,0.011814073659479618,0.011999999871477485,-9.737443178892136e-06,-9.737443178892136e-06,-1.6119044467244326e-11,0.011814073659479618,0.011999999871477485,1,3,0.007692307233810425,0.20944694064039504,13,1.661538353333106,0.0018750154155924258,0.0012865394488450266,0.00018592621199786663,-9.737427059847668e-06,0.00018592621199786663,9.737427059847668e-06,0.0023980415426194668,0.004291248507797718,0.0023980415426194668,0,0.011814073970526806,0.011999999871477485,3.1104718800634146e-10,0.006959364400245249,0,6.653358233278672e-10,2.168404344971009e-19,10,11,10,11,1,1,1,1,1,1,0.006000000052154064,0.0059999998193234205,0.0059999998193234205,0,0.005760542815551162,-0.002280860615428537,0.0034796822001226246,0.0034796822001226246,0.579947050817579,0.9600904981695049,0,0,-9.738108514715463e-06,-1.611904468408476e-11,1.6615384505345263,0.005781625771144317,1.611904468408476e-11,358682904.87790763,1,0,0,2,2,0,0,0.011999998474493623
5010,19,1,2,19,e3caa4444fb43b0364a9646d9eadb170bc5a02cc8e0ede20cdf4bac3bf35a487,6422b3ba4af70009e3bdb634f81efb12dc4f4c47a37225332594babd0b417e68,0.017162827774882317,0.023999998345971107,2.211394348705653e-05,2.211394348705653e-05,0.0016615385939295468,0.017162827774882317,0.023999998345971107,1,4,0.9076921939849854,0.20944694064039504,13,1.6615383533331063,0.002772267806113431,0.0024295352701064663,0.006837170571088791,-0.0016394246504424902,0.006837170571088791,0.0016394246504424902,0.0024930869694799185,0.00394502654671669,0.0024930869694799185,0,0.017162827163701877,0.023999998345971107,6.111804395914078e-10,0.007840336445951834,0,2.0276880868808078e-10,1.734723475976807e-18,10,11,10,11,1,1,1,1,1,1,0.009999999776482582,0.011999998241662979,0.009999999776482582,0,0.006352913100272417,0.0024327448772965,0.003920168222975917,0.003920168222975917,0.3920168310598507,0.6352913242271093,1,0,2.211414625586522e-05,0.001661538593929545,1.661538450534526,0.0065135102350380916,0.001661538593929545,3.9201678846554,1,0,0,1,1,1,1,0.011999998474493623
5010,19,1,3,19,e3caa4444fb43b0364a9646d9eadb170bc5a02cc8e0ede20cdf4bac3bf35a487,6422b3ba4af70009e3bdb634f81efb12dc4f4c47a37225332594babd0b417e68,0.007254324853420258,0.0,-0.0010560950031504035,-0.0010560950031504035,-1.734723475976807e-18,0.007254324853420258,0.0,0,1,0.9076923131942749,0.2094469155167731,13,1.661538461366525,0.001986894563252947,0.0016842328629197456,0.007254324853420258,-0.0010560950031504018,0.007254324853420258,0.0010560950031504018,0.003110551508143544,0.00463070347905159,0.003110551508143544,0,0.007254324853420258,0.0,0.0,0.007254324853420258,0,3.540906014579126e-10,3.903127820947816e-18,0,0,2,8,13,13,0,1,1,1,0.0,0.0,0.0,1,0.0049909865483641624,0.0013638241216540337,0.003627162426710129,0.003627162426710129,inf,inf,0,0,-0.001056095357241005,2.168404344971009e-18,1.6615384522538923,0.006026669844549419,2.168404344971009e-18,inf,0,0,0,3,4,0,0,0.023999998345971107
5010,19,1,4,19,e3caa4444fb43b0364a9646d9eadb170bc5a02cc8e0ede20cdf4bac3bf35a487,6422b3ba4af70009e3bdb634f81efb12dc4f4c47a37225332594babd0b417e68,0.008806930854916573,0.0,0.00012568780221045017,0.00012568780221045017,1.734723475976807e-18,0.008806930854916573,0.0,0,1,0.9076921939849854,0.20944694064039504,13,1.661538353333106,0.0023195606610119266,0.001789696079254503,0.008806930854916573,0.00012568780221044844,0.008806930854916573,0.00012568780221044844,0.0017774883890524507,0.004794490523636341,0.0017774883890524507,0,0.00880693132057786,0.0,4.656612873077393e-10,0.00880693132057786,0,1.519604586261436e-09,1.734723475976807e-18,0,0,7,8,13,13,0,1,1,1,0.0,0.0,0.0,1,0.004889880772680044,0.00048641511239111423,0.00440346566028893,0.00440346566028893,inf,inf,0,0,0.0001256862826058639,0.0,1.6615384505345263,0.0073165275101784635,0.0,inf,0,0,0,4,3,0,0,0.023999998345971107
5010,19,1,5,19,e3caa4444fb43b0364a9646d9eadb170bc5a02cc8e0ede20cdf4bac3bf35a487,6422b3ba4af70009e3bdb634f81efb12dc4f4c47a37225332594babd0b417e68,0.006322768516838551,0.0,-0.00024756122729741037,-0.00024756122729741037,1.734723475976807e-18,0.006322768516838551,0.0,0,1,0.007692307233810425,0.20944694064039504,13,1.661538353333106,0.0018953470139356013,0.001577514592976965,0.006322768516838551,-0.0002475612272974121,0.006322768516838551,0.0002475612272974121,0.0028696435038000345,0.006377320270985365,0.0028696435038000345,0,0.006322768516838551,0.0,0.0,0.006322768516838551,0,8.656746066509902e-11,0.0,0,0,7,5,13,13,0,1,1,1,0.0,0.0,0.0,1,0.0038942210376262665,0.0007328367792069912,0.0031613842584192753,0.0031613842584192753,inf,inf,0,0,-0.00024756131386487103,1.734723475976807e-18,1.6615384505345263,0.005252761502278205,1.734723475976807e-18,inf,0,0,0,5,5,0,0,0.023999998345971107
5010,19,2,0,19,e3caa4444fb43b0364a9646d9eadb170bc5a02cc8e0ede20cdf4bac3bf35a487,6422b3ba4af70009e3bdb634f81efb12dc4f4c47a37225332594babd0b417e68,0.013350680470466614,0.012000001966953278,-0.005059878341853619,-0.005059878341853619,0.0,0.013350680470466614,0.012000001966953278,1,3,0.007692307233810425,0.20944694064039504,13,1.661538353333106,0.003324566560668758,0.0027215487858247476,0.0013506785035133362,-0.005059878341853619,0.0013506785035133362,0.005059878341853619,0.002284693531692028,0.00583732221275568,0.002284693531692028,0,0.013350680470466614,0.012000001966953278,0.0,0.010922972112894058,0,9.544209866874098e-11,0.0,10,11,10,6,1,1,1,1,0,0,0.006000000983476639,0.006000000983476639,0.006000000983476639,0,0.02030976489186287,0.01484827883541584,0.005461486056447029,0.005461486056447029,0.9102475268733085,3.384960260472255,0,0,-0.005059878437295717,0.0,1.6615384505345263,0.009074469079844917,0.0,inf,0,0,0,2,3,0,0,0.005999996326863766
5010,19,2,1,19,e3caa4444fb43b0364a9646d9eadb170bc5a02cc8e0ede20cdf4bac3bf35a487,6422b3ba4af70009e3bdb634f81efb12dc4f4c47a37225332594babd0b417e68,0.017511388286948204,0.017999998293817043,0.003216784680262208,0.003216784680262208,-6.44761778689773e-11,0.017511388286948204,0.017999998293817043,1,3,0.9076921939849854,0.20944694064039504,13,1.661538353333106,0.003697038012407078,0.003186738768801885,0.0004886100068688393,0.003216784744738386,0.0004886100068688393,0.003216784744738386,0.005611466243863106,0.009592167101800442,0.005611466243863106,0,0.017511388286948204,0.017999998293817043,0.0,0.010849334299564362,0,8.21980955523216e-11,8.673617379884035e-19,10,11,10,11,1,1,1,1,1,1,0.008999999612569809,0.008999998681247234,0.008999998681247234,0,0.02148323878645897,0.01605857163667679,0.005424667149782181,0.005424667149782181,0.6027408827387096,2.3870268815952524,0,0,0.0032167845980641124,-6.447617873633904e-11,1.6615384505345263,0.009013293050714629,6.447617873633904e-11,139792606.00372243,0,0,0,1,1,1,1,0.005999996326863766
5010,19,2,3,19,e3caa4444fb43b0364a9646d9eadb170bc5a02cc8e0ede20cdf4bac3bf35a487,6422b3ba4af70009e3bdb634f81efb12dc4f4c47a37225332594babd0b417e68,0.012424567714333534,0.0,0.0004796544089913368,0.0004796544089913368,0.0,0.012424567714333534,0.0,0,1,0.9076923131942749,0.2094469155167731,13,1.661538461366525,0.004022141578501284,0.003388712832913597,0.012424567714333534,0.0004796544089913368,0.012424567714333534,0.0004796544089913368,0.0038838277105242014,0.0024458207190036774,0.0038838277105242014,0,0.012424567714333534,0.0,0.0,0.012424567714333534,0,2.605849945547245e-10,3.469446951953614e-18,0,0,10,9,13,13,0,1,1,1,0.0,0.0,0.0,1,0.021181106567382812,0.014968822710216045,0.006212283857166767,0.006212283857166767,inf,inf,0,0,0.00047965414840634227,-3.469446951953614e-18,1.6615384522538923,0.01032194850499871,3.469446951953614e-18,inf,0,0,0,3,5,0,0,0.017999998293817043
5010,19,2,4,19,e3caa4444fb43b0364a9646d9eadb170bc5a02cc8e0ede20cdf4bac3bf35a487,6422b3ba4af70009e3bdb634f81efb12dc4f4c47a37225332594babd0b417e68,0.013613225892186165,0.0,-0.002884896472096443,-0.002884896472096443,0.0,0.013613225892186165,0.0,0,1,0.9076921939849854,0.20944694064039504,13,1.661538353333106,0.003962878611408849,0.0035363525240378977,0.013613225892186165,-0.002884896472096443,0.013613225892186165,0.002884896472096443,0.0015234859893098474,0.0033761244267225266,0.0015234859893098474,0,0.013613225892186165,0.0,0.0,0.013613225892186165,0,2.2256240010676276e-09,8.673617379884035e-19,0,0,0,9,13,13,0,1,1,1,0.0,0.0,0.0,1,0.0187283493578434,0.011921736411750317,0.006806612946093082,0.006806612946093082,inf,inf,0,0,-0.002884894246472442,-8.673617379884035e-19,1.6615384505345263,0.011309449127839747,8.673617379884035e-19,inf,0,0,0,4,2,0,0,0.017999998293817043
5010,19,2,5,19,e3caa4444fb43b0364a9646d9eadb170bc5a02cc8e0ede20cdf4bac3bf35a487,6422b3ba4af70009e3bdb634f81efb12dc4f4c47a37225332594babd0b417e68,0.012565424665808678,0.0,0.0029626821633428335,0.0029626821633428335,0.0,0.012565424665808678,0.0,0,1,0.007692307233810425,0.20944694064039504,13,1.661538353333106,0.003749510566551382,0.003219669387185362,0.012565424665808678,0.0029626821633428335,0.012565424665808678,0.0029626821633428335,0.005067975725978613,0.004093596246093512,0.005067975725978613,0,0.012565424665808678,0.0,0.0,0.012565424665808678,0,5.284264397581451e-10,8.673617379884035e-19,0,0,4,9,13,13,0,1,1,1,0.0,0.0,0.0,1,0.02163352072238922,0.015350808389484882,0.006282712332904339,0.006282712332904339,inf,inf,0,0,0.0029626826917692733,-8.673617379884035e-19,1.6615384505345263,0.010438968114768033,8.673617379884035e-19,inf,0,0,0,5,4,0,0,0.017999998293817043
5010,20,0,1,20,4bd0dafb8c2f8f69c32a1d7b129c3e3eb39feb61358a3e078ab3f1fa288ca22c,6422b3ba4af70009e3bdb634f81efb12dc4f4c47a37225332594babd0b417e68,0.009336410090327263,0.01799999736249447,-0.0006782030686736107,-0.0006782030686736107,1.289523557379546e-10,0.009336410090327263,0.01799999736249447,1,3,0.9076921939849854,0.20944694064039504,13,1.661538353333106,0.0029924347503003735,0.0024654809275322406,0.008663587272167206,-0.0006782031976259664,0.008663587272167206,0.0006782031976259664,0.004775645211338997,0.004677784629166126,0.004775645211338997,0,0.009336410090327263,0.01799999736249447,0.0,0.010287174955010414,0,3.4288930063353096e-09,5.204170427930421e-18,10,11,2,11,1,1,1,0,1,0,0.00899999774992466,0.008999999612569809,0.00899999774992466,0,0.005457518622279167,0.0003139311447739601,0.005143587477505207,0.005143587477505207,0.5715098626050507,0.6063911096338722,0,0,-0.0006781996397806044,1.2895236094212503e-10,1.6615384505345263,0.008546268367562794,1.2895236094212503e-10,66274617.270469636,0,0,0,2,4,0,0,0.006000002846121788
5010,20,0,2,20,4bd0dafb8c2f8f69c32a1d7b129c3e3eb39feb61358a3e078ab3f1fa288ca22c,6422b3ba4af70009e3bdb634f81efb12dc4f4c47a37225332594babd0b417e68,0.011627331376075745,0.024000000208616257,0.001388436183333397,0.001388436183333397,0.001661537175453632,0.011627331376075745,0.024000000208616257,1,4,0.007692307233810425,0.20944694064039504,13,1.6615383533331063,0.0032729930869957275,0.0025804812782967584,0.012372668832540512,-0.000273100992120235,0.012372668832540512,0.000273100992120235,0.003940777853131294,0.006492104381322861,0.003940777853131294,0,0.011627331376075745,0.024000000208616257,0.0,0.012372668832540512,0,4.963485941700263e-10,3.469446951953614e-18,10,11,10,11,1,1,1,1,1,1,0.010000001639127731,0.012000000104308128,0.010000001639127731,0,0.007998302578926086,0.0018119681626558304,0.006186334416270256,0.006186334416270256,0.6186333402251193,0.7998301267902346,0,0,0.0013884356869848027,0.0016615371754536354,1.661538450534526,0.010278832500498093,0.0016615371754536354,6.186339163727559,1,0,0,1,3,1,0,0.006000002846121788
5010,20,0,3,20,4bd0dafb8c2f8f69c32a1d7b129c3e3eb39feb61358a3e078ab3f1fa288ca22c,6422b3ba4af70009e3bdb634f81efb12dc4f4c47a37225332594babd0b417e68,0.012104127556085587,0.0,0.00028332043439149857,0.00028332043439149857,0.0,0.012104127556085587,0.0,0,1,0.9076923131942749,0.2094469155167731,13,1.661538461366525,0.003453425737974628,0.002450506362689318,0.012104127556085587,0.00028332043439149857,0.012104127556085587,0.00028332043439149857,0.003312861081212759,0.008799424394965172,0.003312861081212759,0,0.012104127556085587,0.0,0.0,0.012104127556085587,0,2.4515985422302045e-10,3.469446951953614e-18,0,0,2,7,13,13,0,1,1,1,0.0,0.0,0.0,1,0.010397544130682945,0.004345480352640152,0.006052063778042793,0.006052063778042793,inf,inf,0,0,0.00028332018923164434,-3.469446951953614e-18,1.6615384522538923,0.010055736682711067,3.469446951953614e-18,inf,0,0,0,3,1,0,1,0.024000000208616257
5010,20,0,4,20,4bd0dafb8c2f8f69c32a1d7b129c3e3eb39feb61358a3e078ab3f1fa288ca22c,6422b3ba4af70009e3bdb634f81efb12dc4f4c47a37225332594babd0b417e68,0.011710274964571,0.0,-0.0026954992208629847,-0.0026954992208629847,0.0,0.011710274964571,0.0,0,1,0.9076921939849854,0.20944694064039504,13,1.661538353333106,0.003086741111521711,0.0024281838721424867,0.011710274964571,-0.0026954992208629847,0.011710274964571,0.0026954992208629847,0.003209565533325076,0.006274466402828693,0.003209565533325076,0,0.011710274964571,0.0,0.0,0.011710274964571,0,1.9413908917964573e-09,5.204170427930421e-18,0,0,2,12,13,13,0,1,1,1,0.0,0.0,0.0,1,0.007336324080824852,0.0014811865985393524,0.0058551374822855,0.0058551374822855,inf,inf,0,0,-0.002695497279472093,5.204170427930421e-18,1.6615384505345263,0.009728536059983276,5.204170427930421e-18,inf,0,0,0,4,2,0,0,0.024000000208616257
5010,20,0,5,20,4bd0dafb8c2f8f69c32a1d7b129c3e3eb39feb61358a3e078ab3f1fa288ca22c,6422b3ba4af70009e3bdb634f81efb12dc4f4c47a37225332594babd0b417e68,0.00887065939605236,0.0,-0.0016235247021541,-0.0016235247021541,3.469446951953614e-18,0.00887065939605236,0.0,0,1,0.9076921939849854,0.20944694064039504,13,1.661538353333106,0.0024948936804097786,0.001997253598546136,0.00887065939605236,-0.0016235247021541034,0.00887065939605236,0.0016235247021541034,0.004302960820496082,0.004289607983082533,0.004302960820496082,0,0.00887065939605236,0.0,0.0,0.00887065939605236,0,1.6495217032563847e-09,1.734723475976807e-18,0,0,2,12,13,13,0,1,1,1,0.0,0.0,0.0,1,0.00734533928334713,0.0029100095853209496,0.00443532969802618,0.00443532969802618,inf,inf,0,0,-0.0016235230526323967,5.204170427930421e-18,1.6615384505345263,0.007369470834068188,5.204170427930421e-18,inf,0,0,0,5,5,0,0,0.024000000208616257
5010,20,1,0,20,4bd0dafb8c2f8f69c32a1d7b129c3e3eb39feb61358a3e078ab3f1fa288ca22c,6422b3ba4af70009e3bdb634f81efb12dc4f4c47a37225332594babd0b417e68,0.011772839352488518,0.012000000104308128,-0.0028493499848991632,-0.0028493499848991632,0.0,0.011772839352488518,0.012000000104308128,1,3,0.9076921939849854,0.20944694064039504,13,1.661538353333106,0.0018857363967411357,0.001258527587261602,0.0002271607518196106,-0.0028493499848991632,0.0002271607518196106,0.0028493499848991632,0.0033553491812199354,0.0039574638940393925,0.0033553491812199354,0,0.011772839701734483,0.012000000104308128,3.4924596548080444e-10,0.006751038134098053,0,5.032074388254537e-10,4.336808689942018e-19,10,11,10,11,1,1,1,1,1,1,0.006000000052154064,0.006000000052154064,0.006000000052154064,0,0.004652136005461216,0.0012766169384121895,0.0033755190670490265,0.0033755190670490265,0.5625865062846422,0.7753559941705416,0,0,-0.002849350488106602,4.336808689942018e-19,1.6615384505345263,0.00560855472041439,4.336808689942018e-19,inf,0,0,0,2,2,0,0,0.012000001035630703
5010,20,1,2,20,4bd0dafb8c2f8f69c32a1d7b129c3e3eb39feb61358a3e078ab3f1fa288ca22c,6422b3ba4af70009e3bdb634f81efb12dc4f4c47a37225332594babd0b417e68,0.016467813402414322,0.02400000113993883,-0.00027961560408584774,-0.00027961560408584774,0.001661538593929545,0.016467813402414322,0.02400000113993883,1,4,0.007692307233810425,0.20944694064039504,13,1.6615383533331063,0.0027884162425375206,0.0024766433645127973,0.007532187737524509,-0.0019411541980153928,0.007532187737524509,0.0019411541980153928,0.0029071152675896883,0.003911533858627081,0.0029071152675896883,0,0.01646781270392239,0.02400000113993883,6.984919309616089e-10,0.008172082889359444,0,7.790263321580393e-10,4.336808689942018e-19,10,11,10,11,1,1,1,1,1,1,0.010000000009313226,0.012000001035630703,0.010000000009313226,0,0.00412009417777881,3.405273309908807e-05,0.004086041444679722,0.004086041444679722,0.40860414408742995,0.41200941739416735,1,0,-0.0002796163831121799,0.0016615385939295455,1.661538450534526,0.006789114970813002,0.0016615385939295455,4.086041092043922,0,0,0,1,1,1,1,0.012000001035630703
5010,20,1,3,20,4bd0dafb8c2f8f69c32a1d7b129c3e3eb39feb61358a3e078ab3f1fa288ca22c,6422b3ba4af70009e3bdb634f81efb12dc4f4c47a37225332594babd0b417e68,0.006290167570114136,0.0,-0.0008041097898967564,-0.0008041097898967564,8.673617379884035e-19,0.006290167570114136,0.0,0,1,0.9076923131942749,0.2094469155167731,13,1.661538461366525,0.0018232835469426032,0.0015312068304873608,0.006290167570114136,-0.0008041097898967573,0.006290167570114136,0.0008041097898967573,0.0033190527465194464,0.003448066534474492,0.0033190527465194464,0,0.006290167802944779,0.0,2.3283064365386963e-10,0.006290167802944779,0,7.792451655729699e-11,8.673617379884035e-19,0,0,2,8,13,13,0,1,1,1,0.0,0.0,0.0,1,0.005733706755563617,0.002588622854091227,0.0031450839014723897,0.0031450839014723897,inf,inf,0,0,-0.0008041097119722399,1.734723475976807e-18,1.6615384522538923,0.005225677837861068,1.734723475976807e-18,inf,0,0,0,3,5,0,0,0.02400000113993883
5010,20,1,4,20,4bd0dafb8c2f8f69c32a1d7b129c3e3eb39feb61358a3e078ab3f1fa288ca22c,6422b3ba4af70009e3bdb634f81efb12dc4f4c47a37225332594babd0b417e68,0.008606837131083012,0.0,0.0007738872081972659,0.0007738872081972659,0.0,0.008606837131083012,0.0,0,1,0.9076921939849854,0.20944694064039504,13,1.661538353333106,0.002276972461309553,0.001882622823030991,0.008606837131083012,0.0007738872081972659,0.008606837131083012,0.0007738872081972659,0.00238196668215096,0.004223324358463287,0.00238196668215096,0,0.008606837247498333,0.0,1.1641532182693481e-10,0.008606837247498333,0,1.1706306171817282e-10,4.336808689942018e-19,0,0,7,5,13,13,0,1,1,1,0.0,0.0,0.0,1,0.006280970410443842,0.0019775517866946757,0.004303418623749167,0.004303418623749167,inf,inf,0,0,0.0007738870911342041,4.336808689942018e-19,1.6615384505345263,0.007150295512105614,4.336808689942018e-19,inf,0,0,0,4,3,0,0,0.02400000113993883
5010,20,1,5,20,4bd0dafb8c2f8f69c32a1d7b129c3e3eb39feb61358a3e078ab3f1fa288ca22c,6422b3ba4af70009e3bdb634f81efb12dc4f4c47a37225332594babd0b417e68,0.006982802879065275,0.0,0.0001695317478151992,0.0001695317478151992,0.0,0.006982802879065275,0.0,0,1,0.9076921939849854,0.20944694064039504,13,1.661538353333106,0.0020412174826712395,0.0016687764598817161,0.006982802879065275,0.0001695317478151992,0.006982802879065275,0.0001695317478151992,0.003242338541895151,0.0053981295786798,0.003242338541895151,0,0.006982802879065275,0.0,0.0,0.006982802879065275,0,3.9089021472774044e-10,4.336808689942018e-19,0,0,7,5,13,13,0,1,1,1,0.0,0.0,0.0,1,0.0050478046759963036,0.001556403236463666,0.0034914014395326376,0.0034914014395326376,inf,inf,0,0,0.00016953135692498447,4.336808689942018e-19,1.6615384505345263,0.005801097738035073,4.336808689942018e-19,inf,0,0,0,5,4,0,0,0.02400000113993883
5010,20,2,0,20,4bd0dafb8c2f8f69c32a1d7b129c3e3eb39feb61358a3e078ab3f1fa288ca22c,6422b3ba4af70009e3bdb634f81efb12dc4f4c47a37225332594babd0b417e68,0.012252794578671455,0.012000000104308128,-0.002336229896172881,-0.002336229896172881,0.0,0.012252794578671455,0.012000000104308128,1,3,0.9076921939849854,0.20944694064039504,13,1.661538353333106,0.0027913059854286844,0.001859610701894619,0.000252794474363327,-0.002336229896172881,0.000252794474363327,0.002336229896172881,0.003775095334276557,0.005931168328970671,0.003775095334276557,0,0.012252794695086777,0.012000000104308128,1.1641532182693481e-10,0.012252794695086777,0,3.3333101903676443e-12,0.0,10,11,0,8,1,1,1,0,0,0,0.006000000052154064,0.006000000052154064,0.006000000052154064,0,0.01338647399097681,0.007260076643433422,0.006126397347543389,0.006126397347543389,1.021066215715106,2.231078979102829,0,0,-0.0023362298995061913,0.0,1.6615384505345263,0.010179244756196073,0.0,inf,0,0,0,2,2,0,0,0.0059999991208314896
5010,20,2,1,20,4bd0dafb8c2f8f69c32a1d7b129c3e3eb39feb61358a3e078ab3f1fa288ca22c,6422b3ba4af70009e3bdb634f81efb12dc4f4c47a37225332594babd0b417e68,0.013043306767940521,0.017999999225139618,0.004177037160843611,0.004177037160843611,0.0,0.013043306767940521,0.017999999225139618,1,3,0.9076921939849854,0.20944694064039504,13,1.661538353333106,0.0027681048774109104,0.0025353250768829208,0.004956692457199097,0.004177037160843611,0.004956692457199097,0.004177037160843611,0.00554996682330966,0.009069044142961502,0.00554996682330966,0,0.013043307117186487,0.017999999225139618,3.4924596548080444e-10,0.00848530512303114,0,1.0852518441198389e-09,0.0,10,11,10,11,1,1,1,1,1,1,0.008999999612569809,0.008999999612569809,0.008999999612569809,0,0.013241994194686413,0.008999341633170843,0.00424265256151557,0.00424265256151557,0.4714058604613814,1.471332751636127,1,0,0.004177036075591767,0.0,1.6615384505345263,0.007049330363216919,0.0,inf,0,0,0,1,1,1,1,0.0059999991208314896
5010,20,2,3,20,4bd0dafb8c2f8f69c32a1d7b129c3e3eb39feb61358a3e078ab3f1fa288ca22c,6422b3ba4af70009e3bdb634f81efb12dc4f4c47a37225332594babd0b417e68,0.008715325966477394,0.0,0.00040562552749179304,0.00040562552749179304,0.0,0.008715325966477394,0.0,0,1,0.9076923131942749,0.2094469155167731,13,1.661538461366525,0.0026609259414844136,0.002056620111303216,0.008715325966477394,0.00040562552749179304,0.008715325966477394,0.00040562552749179304,0.003787148045375943,0.00576430931687355,0.003787148045375943,0,0.008715325500816107,0.0,4.656612873077393e-10,0.008715325500816107,0,2.6504087639878104e-10,0.0,0,0,0,5,13,13,0,1,1,1,0.0,0.0,0.0,1,0.01316414400935173,0.008806481258943677,0.004357662750408053,0.004357662750408053,inf,inf,0,0,0.00040562579253266944,0.0,1.6615384522538923,0.007240424221757437,0.0,inf,0,0,0,3,5,0,0,0.017999999225139618
5010,20,2,4,20,4bd0dafb8c2f8f69c32a1d7b129c3e3eb39feb61358a3e078ab3f1fa288ca22c,6422b3ba4af70009e3bdb634f81efb12dc4f4c47a37225332594babd0b417e68,0.01093955710530281,0.0,-3.658436980913393e-05,-3.658436980913393e-05,0.0,0.01093955710530281,0.0,0,1,0.9076921939849854,0.20944694064039504,13,1.661538353333106,0.0033621981471688776,0.0027965547836567525,0.01093955710530281,-3.658436980913393e-05,0.01093955710530281,3.658436980913393e-05,0.002378628822043538,0.00561654893681407,0.002378628822043538,0,0.010939557570964098,0.0,4.656612873077393e-10,0.010939557570964098,0,1.2635164290709933e-09,0.0,0,0,1,5,13,13,0,1,1,1,0.0,0.0,0.0,1,0.01528089214116335,0.0098111133556813,0.005469778785482049,0.005469778785482049,inf,inf,0,0,-3.658310629270486e-05,0.0,1.6615384505345263,0.009088247767996467,0.0,inf,0,0,0,4,3,0,0,0.017999999225139618
5010,20,2,5,20,4bd0dafb8c2f8f69c32a1d7b129c3e3eb39feb61358a3e078ab3f1fa288ca22c,6422b3ba4af70009e3bdb634f81efb12dc4f4c47a37225332594babd0b417e68,0.010106237605214119,0.0,0.0041099120862782,0.0041099120862782,0.0,0.010106237605214119,0.0,0,1,0.9076921939849854,0.20944694064039504,13,1.661538353333106,0.0029761064280389746,0.002484443068460247,0.010106237605214119,0.0041099120862782,0.010106237605214119,0.0041099120862782,0.003821108490228653,0.006010239943861961,0.003821108490228653,0,0.010106237139552832,0.0,4.656612873077393e-10,0.010106237139552832,0,1.5258922250738216e-10,0.0,0,0,1,5,13,13,0,1,1,1,0.0,0.0,0.0,1,0.01568092219531536,0.010627803625538945,0.005053118569776416,0.005053118569776416,inf,inf,0,0,0.004109911933688978,0.0,1.6615384505345263,0.008395950798793548,0.0,inf,0,0,0,5,4,0,0,0.017999999225139618
5010,21,0,1,21,3e12f34cc6942758e3dfc17b9ab3820d293797070d9ace86c77c8dcd040e3c42,6422b3ba4af70009e3bdb634f81efb12dc4f4c47a37225332594babd0b417e68,0.03459826111793518,0.01799999177455902,0.005605026613920927,0.005605026613920927,0.0,0.03459826111793518,0.01799999177455902,1,3,0.9076921939849854,0.20944694064039504,13,1.661538353333106,0.0059296488125507975,0.004919936752343584,0.01659826934337616,0.005605026613920927,0.01659826934337616,0.005605026613920927,0.005608145147562027,0.010966258123517036,0.005608145147562027,0,0.0345982622820884,0.01799999177455902,1.1641532182693481e-09,0.021519142494071275,0,1.1864980482487186e-09,1.3877787807814457e-17,10,11,10,11,1,1,1,1,1,1,0.00899999588727951,0.00899999588727951,0.00899999588727951,0,0.10019719041883945,0.08943761917180382,0.010759571247035637,0.010759571247035637,1.1955084626475319,11.133026245096067,0,0,0.005605025427422879,-1.3877787807814457e-17,1.6615384505345263,0.017877441338215436,1.3877787807814457e-17,inf,0,0,0,2,2,0,0,0.006000012159347534
5010,21,0,2,21,3e12f34cc6942758e3dfc17b9ab3820d293797070d9ace86c77c8dcd040e3c42,6422b3ba4af70009e3bdb634f81efb12dc4f4c47a37225332594babd0b417e68,0.05194556340575218,0.024000003933906555,0.00022109846759121865,0.00022109846759121865,0.0016615356280253596,0.05194556340575218,0.024000003933906555,1,4,0.9076921939849854,0.20944694064039504,13,1.6615383533331063,0.00909121060493899,0.006701340700483181,0.027945559471845627,-0.001440437160434141,0.027945559471845627,0.001440437160434141,0.011456371285021305,0.02013990841805935,0.011456371285021305,0,0.05194556433707476,0.024000003933906555,9.313225746154785e-10,0.03994556237012148,0,5.97850748074169e-10,1.0408340855860843e-17,10,11,10,12,1,1,1,1,0,0,0.01000000536441803,0.012000001966953278,0.01000000536441803,0,0.12947722151875496,0.10950444033369422,0.01997278118506074,0.01997278118506074,1.9972770470831738,12.947715206179806,0,0,0.00022109906544196672,0.00166153562802537,1.661538450534526,0.033185543903090954,0.00166153562802537,19.972815113528366,1,0,0,1,1,1,1,0.006000012159347534
5010,21,0,3,21,3e12f34cc6942758e3dfc17b9ab3820d293797070d9ace86c77c8dcd040e3c42,6422b3ba4af70009e3bdb634f81efb12dc4f4c47a37225332594babd0b417e68,0.02625175006687641,0.0,0.008878096006810665,0.008878096006810665,0.0,0.02625175006687641,0.0,0,1,0.9076923131942749,0.2094469155167731,13,1.661538461366525,0.007962663266194325,0.007248953844492252,0.02625175006687641,0.008878096006810665,0.02625175006687641,0.008878096006810665,0.014357204549014568,0.013239939697086811,0.014357204549014568,0,0.02625175006687641,0.0,0.0,0.02625175006687641,0,4.048209073514997e-09,6.938893903907228e-18,0,0,6,7,13,13,0,1,1,1,0.0,0.0,0.0,1,0.12828509882092476,0.11515922378748655,0.013125875033438206,0.013125875033438206,inf,inf,0,0,0.008878100055019739,6.938893903907228e-18,1.6615384522538923,0.021809146087536924,6.938893903907228e-18,inf,0,0,0,3,3,0,0,0.024000003933906555
5010,21,0,4,21,3e12f34cc6942758e3dfc17b9ab3820d293797070d9ace86c77c8dcd040e3c42,6422b3ba4af70009e3bdb634f81efb12dc4f4c47a37225332594babd0b417e68,0.026091713458299637,0.0,-0.0016568951541557908,-0.0016568951541557908,0.0,0.026091713458299637,0.0,0,1,0.9076921939849854,0.20944694064039504,13,1.661538353333106,0.007147055744861074,0.006005890887869885,0.026091713458299637,-0.0016568951541557908,0.026091713458299637,0.0016568951541557908,0.009141244925558567,0.009773807600140572,0.009141244925558567,0,0.026091713458299637,0.0,0.0,0.026091713458299637,0,1.5530284350195878e-09,0.0,0,0,6,12,13,13,0,1,1,1,0.0,0.0,0.0,1,0.1364717148244381,0.12342585809528828,0.013045856729149818,0.013045856729149818,inf,inf,0,0,-0.0016568936011273558,0.0,1.6615384505345263,0.021676192575647013,0.0,inf,0,0,0,4,4,0,0,0.024000003933906555
5010,21,0,5,21,3e12f34cc6942758e3dfc17b9ab3820d293797070d9ace86c77c8dcd040e3c42,6422b3ba4af70009e3bdb634f81efb12dc4f4c47a37225332594babd0b417e68,0.02365940622985363,0.0,0.0035492852330207825,0.0035492852330207825,1.3877787807814457e-17,0.02365940622985363,0.0,0,1,0.9076921939849854,0.20944694064039504,13,1.661538353333106,0.006921380996214396,0.005932517834669034,0.02365940622985363,0.0035492852330207686,0.02365940622985363,0.0035492852330207686,0.010604958049952984,0.014745766296982765,0.010604958049952984,0,0.02365940622985363,0.0,0.0,0.02365940622985363,0,8.218483393829246e-10,2.7755575615628914e-17,0,0,6,12,13,13,0,1,1,1,0.0,0.0,0.0,1,0.1286158226430416,0.1167861195281148,0.011829703114926815,0.011829703114926815,inf,inf,0,0,0.003549286054869122,-1.3877787807814457e-17,1.6615384505345263,0.01965550658385896,1.3877787807814457e-17,inf,0,0,0,5,5,0,0,0.024000003933906555
5010,21,1,0,21,3e12f34cc6942758e3dfc17b9ab3820d293797070d9ace86c77c8dcd040e3c42,6422b3ba4af70009e3bdb634f81efb12dc4f4c47a37225332594babd0b417e68,0.010764398612082005,0.011999999871477485,-0.0003914636035915464,-0.0003914636035915464,-1.6119044467244326e-11,0.010764398612082005,0.011999999871477485,1,3,0.9076921939849854,0.20944694064039504,13,1.661538353333106,0.002424302285081895,0.002025068194754201,0.0012356012593954802,-0.00039146358747250195,0.0012356012593954802,0.00039146358747250195,0.0029501880053430796,0.005735535174608231,0.0029501880053430796,0,0.010764398844912648,0.011999999871477485,2.3283064365386963e-10,0.008123856270685792,0,9.793258964191365e-10,2.168404344971009e-19,10,11,4,11,1,1,1,0,1,0,0.006000000052154064,0.0059999998193234205,0.0059999998193234205,0,0.008893172023817897,-0.004831243888475001,0.004061928135342896,0.004061928135342896,0.67698804294313,1.4821953819359814,0,0,-0.00039146458291744284,-1.611904468408476e-11,1.6615384505345263,0.006749049780180233,1.611904468408476e-11,418700358.0208416,1,0,0,2,2,0,0,0.012000001268461347
5010,21,1,2,21,3e12f34cc6942758e3dfc17b9ab3820d293797070d9ace86c77c8dcd040e3c42,6422b3ba4af70009e3bdb634f81efb12dc4f4c47a37225332594babd0b417e68,0.015307242050766945,0.02400000113993883,-0.0006659000064246356,-0.0006659000064246356,0.001661538593929545,0.015307242050766945,0.02400000113993883,1,4,0.9076921939849854,0.20944694064039504,13,1.6615383533331063,0.0025284145034289184,0.0020867032825550033,0.008692759089171886,-0.0023274386003541807,0.008692759089171886,0.0023274386003541807,0.0024866575840860605,0.006671595852822065,0.0024866575840860605,0,0.015307242516428232,0.02400000113993883,4.656612873077393e-10,0.008786764461547136,0,2.86628220290408e-10,4.336808689942018e-19,10,11,10,11,1,1,1,1,1,1,0.010000000009313226,0.012000001035630703,0.010000000009313226,0,0.007721705827862024,-0.003328323597088456,0.004393382230773568,0.004393382230773568,0.4393382226681912,0.7721705820670626,1,0,-0.0006659002930528559,0.0016615385939295455,1.661538450534526,0.0072997735043254346,0.0016615385939295455,4.393381851613474,0,0,0,1,1,1,1,0.012000001268461347
5010,21,1,3,21,3e12f34cc6942758e3dfc17b9ab3820d293797070d9ace86c77c8dcd040e3c42,6422b3ba4af70009e3bdb634f81efb12dc4f4c47a37225332594babd0b417e68,0.005911293439567089,0.0,-0.000601587351411581,-0.000601587351411581,4.336808689942018e-19,0.005911293439567089,0.0,0,1,0.9076923131942749,0.2094469155167731,13,1.661538461366525,0.0018436307827715682,0.001562835108599014,0.005911293439567089,-0.0006015873514115815,0.005911293439567089,0.0006015873514115815,0.0023339304607361555,0.003085434203967452,0.0023339304607361555,0,0.005911293672397733,0.0,2.3283064365386963e-10,0.005911293672397733,0,3.2036950609742876e-10,2.168404344971009e-19,0,0,4,8,13,13,0,1,1,1,0.0,0.0,0.0,1,0.00510858534835279,-0.0021529385121539235,0.0029556468361988664,0.0029556468361988664,inf,inf,0,0,-0.0006015870310420749,2.168404344971009e-19,1.6615384522538923,0.004910920869626978,2.168404344971009e-19,inf,0,0,0,3,5,0,0,0.02400000113993883
5010,21,1,4,21,3e12f34cc6942758e3dfc17b9ab3820d293797070d9ace86c77c8dcd040e3c42,6422b3ba4af70009e3bdb634f81efb12dc4f4c47a37225332594babd0b417e68,0.007245916407555342,0.0,-0.002202297793701291,-0.002202297793701291,-4.336808689942018e-19,0.007245916407555342,0.0,0,1,0.9076921939849854,0.20944694064039504,13,1.661538353333106,0.0020896056669488096,0.0017534184129082058,0.007245916407555342,-0.0022022977937012907,0.007245916407555342,0.0022022977937012907,0.0036463092546910048,0.005443710833787918,0.0036463092546910048,0,0.0072459165239706635,0.0,1.1641532182693481e-10,0.0072459165239706635,0,1.2600864449097138e-10,4.336808689942018e-19,0,0,7,11,13,13,0,1,1,1,0.0,0.0,0.0,1,0.00583739741705358,-0.0022144391550682485,0.0036229582619853318,0.0036229582619853318,inf,inf,0,0,-0.0022022979197099356,0.0,1.6615384505345263,0.006019684456970369,0.0,inf,0,0,0,4,3,0,0,0.02400000113993883
5010,21,1,5,21,3e12f34cc6942758e3dfc17b9ab3820d293797070d9ace86c77c8dcd040e3c42,6422b3ba4af70009e3bdb634f81efb12dc4f4c47a37225332594babd0b417e68,0.006904948502779007,0.0,-0.00024835532531142235,-0.00024835532531142235,0.0,0.006904948502779007,0.0,0,1,0.9076921939849854,0.20944694064039504,13,1.661538353333106,0.0019559605753200014,0.0015624049836053299,0.006904948502779007,-0.00024835532531142235,0.006904948502779007,0.00024835532531142235,0.002646192442625761,0.004511380102485418,0.002646192442625761,0,0.006904948735609651,0.0,2.3283064365386963e-10,0.006904948735609651,0,2.5446891382258086e-10,4.336808689942018e-19,0,0,4,5,13,13,0,1,1,1,0.0,0.0,0.0,1,0.0067134888377040625,-0.003261014469899237,0.0034524743678048253,0.0034524743678048253,inf,inf,0,0,-0.00024835557978033617,-4.336808689942018e-19,1.6615384505345263,0.0057364189115925975,4.336808689942018e-19,inf,0,0,0,5,4,0,0,0.02400000113993883
5010,21,2,0,21,3e12f34cc6942758e3dfc17b9ab3820d293797070d9ace86c77c8dcd040e3c42,6422b3ba4af70009e3bdb634f81efb12dc4f4c47a37225332594babd0b417e68,0.019527535885572433,0.012000001966953278,-8.407173299929127e-05,-8.407173299929127e-05,0.0,0.019527535885572433,0.012000001966953278,1,3,0.9076921939849854,0.20944694064039504,13,1.661538353333106,0.0053537409714614435,0.004557835941131298,0.007527533918619156,-8.407173299929127e-05,0.007527533918619156,8.407173299929127e-05,0.0038730662781745195,0.00929450523108244,0.0038730662781745195,0,0.019527535885572433,0.012000001966953278,0.0,0.019527535885572433,0,1.2447455288722153e-09,0.0,10,11,5,1,1,1,1,0,0,0,0.006000000983476639,0.006000000983476639,0.006000000983476639,0,0.02694004401564598,0.017176276072859764,0.009763767942786217,0.009763767942786217,1.6272943903966999,4.490006599971563,0,0,-8.40704882537624e-05,0.0,1.6615384505345263,0.01622287585903569,0.0,inf,0,0,0,2,1,0,1,0.00599999725818634
5010,21,2,1,21,3e12f34cc6942758e3dfc17b9ab3820d293797070d9ace86c77c8dcd040e3c42,6422b3ba4af70009e3bdb634f81efb12dc4f4c47a37225332594babd0b417e68,0.014257213100790977,0.017999999225139618,0.0056301020085811615,0.0056301020085811615,0.0,0.014257213100790977,0.017999999225139618,1,3,0.9076921939849854,0.20944694064039504,13,1.661538353333106,0.0049661233755319955,0.0042412840050353095,0.0037427861243486404,0.0056301020085811615,0.0037427861243486404,0.0056301020085811615,0.00544591061770916,0.009557466022670269,0.00544591061770916,0,0.014257213100790977,0.017999999225139618,0.0,0.016611145809292793,0,3.089159112540374e-09,1.734723475976807e-18,10,11,5,1,1,1,1,0,0,0,0.008999999612569809,0.008999999612569809,0.008999999612569809,0,0.02224208042025566,0.013936507515609264,0.008305572904646397,0.008305572904646397,0.9228414735758939,2.4713423753031454,0,0,0.005630098919422049,-1.734723475976807e-18,1.6615384505345263,0.01380002873478772,1.734723475976807e-18,inf,0,0,0,1,4,1,0,0.00599999725818634
5010,21,2,3,21,3e12f34cc6942758e3dfc17b9ab3820d293797070d9ace86c77c8dcd040e3c42,6422b3ba4af70009e3bdb634f81efb12dc4f4c47a37225332594babd0b417e68,0.015355780720710754,0.0,0.002377572236582637,0.002377572236582637,0.0,0.015355780720710754,0.0,0,1,0.9076923131942749,0.2094469155167731,13,1.661538461366525,0.004411368548015354,0.0037507566474598544,0.015355780720710754,0.002377572236582637,0.015355780720710754,0.002377572236582637,0.00491967611014843,0.01055988296866417,0.00491967611014843,0,0.015355780720710754,0.0,0.0,0.015355780720710754,0,7.977458901797796e-10,3.469446951953614e-18,0,0,5,8,13,13,0,1,1,1,0.0,0.0,0.0,1,0.025819789618253708,0.01814189925789833,0.007677890360355377,0.007677890360355377,inf,inf,0,0,0.0023775714388367467,-3.469446951953614e-18,1.6615384522538923,0.012757110065919952,3.469446951953614e-18,inf,0,0,0,3,2,0,0,0.017999999225139618
5010,21,2,4,21,3e12f34cc6942758e3dfc17b9ab3820d293797070d9ace86c77c8dcd040e3c42,6422b3ba4af70009e3bdb634f81efb12dc4f4c47a37225332594babd0b417e68,0.015025673434138298,0.0,0.0072763171046972275,0.0072763171046972275,3.469446951953614e-18,0.015025673434138298,0.0,0,1,0.9076921939849854,0.20944694064039504,13,1.661538353333106,0.003953605411912527,0.003253942741268485,0.015025673434138298,0.007276317104697224,0.015025673434138298,0.007276317104697224,0.007323384750634432,0.007682374212890863,0.007323384750634432,0,0.015025673434138298,0.0,0.0,0.015025673434138298,0,2.6129082213860455e-09,3.469446951953614e-18,0,0,5,8,13,13,0,1,1,1,0.0,0.0,0.0,1,0.023299690335989,0.01578685361891985,0.007512836717069149,0.007512836717069149,inf,inf,0,0,0.007276314491789006,0.0,1.6615384505345263,0.01248286707799797,0.0,inf,0,0,0,4,3,0,0,0.017999999225139618
5010,21,2,5,21,3e12f34cc6942758e3dfc17b9ab3820d293797070d9ace86c77c8dcd040e3c42,6422b3ba4af70009e3bdb634f81efb12dc4f4c47a37225332594babd0b417e68,0.013404149562120438,0.0,0.0029087632428854704,0.0029087632428854704,0.0,0.013404149562120438,0.0,0,1,0.9076921939849854,0.20944694064039504,13,1.661538353333106,0.003965775948918826,0.0034090055692830735,0.013404149562120438,0.0029087632428854704,0.013404149562120438,0.0029087632428854704,0.005589679349213839,0.008712433278560638,0.005589679349213839,0,0.013404149562120438,0.0,0.0,0.013404149562120438,0,4.726899115181649e-09,0.0,0,0,5,8,13,13,0,1,1,1,0.0,0.0,0.0,1,0.024175141006708145,0.017473066225647926,0.006702074781060219,0.006702074781060219,inf,inf,0,0,0.0029087679697845856,0.0,1.6615384505345263,0.011135754947089321,0.0,inf,0,0,0,5,5,0,0,0.017999999225139618
5010,22,0,1,22,3adbdfe3f26dc4a6cd1e66ede15d9cf6ccfa31a6ce2dd6b51d0c8264359c52a3,6422b3ba4af70009e3bdb634f81efb12dc4f4c47a37225332594babd0b417e68,0.013863373547792435,0.01799999736249447,-0.0004068693669978529,-0.0004068693669978529,1.289523557379546e-10,0.013863373547792435,0.01799999736249447,1,3,0.9076921939849854,0.20944694064039504,13,1.661538353333106,0.0027386514858676303,0.0023331070792745553,0.004136623814702034,-0.00040686949595020866,0.004136623814702034,0.00040686949595020866,0.0050189499743282795,0.0052187941037118435,0.0050189499743282795,0,0.013863373547792435,0.01799999736249447,0.0,0.008947478607296944,0,3.1499380187538506e-09,5.204170427930421e-18,10,11,10,11,1,1,1,1,1,1,0.00899999774992466,0.008999999612569809,0.00899999774992466,0,0.005714645609259605,0.0012409063056111336,0.004473739303648472,0.004473739303648472,0.4970822691245586,0.6349607819965781,1,0,-0.00040686621705983417,1.2895236094212503e-10,1.6615384505345263,0.007433289870679493,1.2895236094212503e-10,57643689.62593573,0,0,0,2,3,0,0,0.006000004708766937
5010,22,0,2,22,3adbdfe3f26dc4a6cd1e66ede15d9cf6ccfa31a6ce2dd6b51d0c8264359c52a3,6422b3ba4af70009e3bdb634f81efb12dc4f4c47a37225332594babd0b417e68,0.021547956392169,0.024000002071261406,0.0032232478260993958,0.0032232478260993958,-0.0016615373044059911,0.021547956392169,0.024000002071261406,1,4,0.9076921939849854,0.20944694064039504,13,1.6615383533331063,0.004977171976514333,0.004168397774534113,0.0024520456790924072,0.004884785130505387,0.0024520456790924072,0.004884785130505387,0.003979091998189688,0.011405181139707565,0.003979091998189688,0,0.021547956392169,0.024000002071261406,0.0,0.01599632389843464,0,7.666954449786489e-10,1.734723475976807e-18,10,11,10,12,1,1,1,1,0,0,0.012000001966953278,0.010000001639127731,0.010000001639127731,0,0.008139317855238914,-0.000141155906021595,0.00799816194921732,0.00799816194921732,0.7998160638216629,0.8139316521100972,0,0,0.0032232485927948407,-0.0016615373044059894,1.661538450534526,0.01328925361222675,0.0016615373044059894,7.9981674663499325,0,0,0,1,1,1,1,0.006000004708766937
5010,22,0,3,22,3adbdfe3f26dc4a6cd1e66ede15d9cf6ccfa31a6ce2dd6b51d0c8264359c52a3,6422b3ba4af70009e3bdb634f81efb12dc4f4c47a37225332594babd0b417e68,0.014179633930325508,0.0,-0.00041527333087287843,-0.00041527333087287843,0.0,0.014179633930325508,0.0,0,1,0.9076923131942749,0.2094469155167731,13,1.661538461366525,0.0037938424010499207,0.0030689506664783994,0.014179633930325508,-0.00041527333087287843,0.014179633930325508,0.00041527333087287843,0.002280468586832285,0.008102728053927422,0.002280468586832285,0,0.014179633930325508,0.0,0.0,0.014179633930325508,0,4.5125148583069485e-10,3.469446951953614e-18,0,0,2,7,13,13,0,1,1,1,0.0,0.0,0.0,1,0.009226379916071892,0.0021365629509091377,0.007089816965162754,0.007089816965162754,inf,inf,0,0,-0.00041527378212436426,-3.469446951953614e-18,1.6615384522538923,0.01178000350705991,3.469446951953614e-18,inf,0,0,0,3,2,0,0,0.024000002071261406
5010,22,0,4,22,3adbdfe3f26dc4a6cd1e66ede15d9cf6ccfa31a6ce2dd6b51d0c8264359c52a3,6422b3ba4af70009e3bdb634f81efb12dc4f4c47a37225332594babd0b417e68,0.0117156021296978,0.0,-0.0031963021028786898,-0.0031963021028786898,0.0,0.0117156021296978,0.0,0,1,0.9076921939849854,0.20944694064039504,13,1.661538353333106,0.003587860289094133,0.0030653175605824716,0.0117156021296978,-0.0031963021028786898,0.0117156021296978,0.0031963021028786898,0.0035230459179729223,0.004405139479786158,0.0035230459179729223,0,0.0117156021296978,0.0,0.0,0.0117156021296978,0,2.747077789203023e-09,5.204170427930421e-18,0,0,2,12,13,13,0,1,1,1,0.0,0.0,0.0,1,0.007330281659960747,0.001472480595111847,0.0058578010648489,0.0058578010648489,inf,inf,0,0,-0.0031962993558009006,5.204170427930421e-18,1.6615384505345263,0.00973296170482854,5.204170427930421e-18,inf,0,0,0,4,4,0,0,0.024000002071261406
5010,22,0,5,22,3adbdfe3f26dc4a6cd1e66ede15d9cf6ccfa31a6ce2dd6b51d0c8264359c52a3,6422b3ba4af70009e3bdb634f81efb12dc4f4c47a37225332594babd0b417e68,0.011215556412935257,0.0,-0.0013044675579294562,-0.0013044675579294562,3.469446951953614e-18,0.011215556412935257,0.0,0,1,0.9076921939849854,0.20944694064039504,13,1.661538353333106,0.0032283863722388324,0.0028124602853193794,0.011215556412935257,-0.0013044675579294597,0.011215556412935257,0.0013044675579294597,0.006093532312661409,0.0022675669752061367,0.006093532312661409,0,0.011215556412935257,0.0,0.0,0.011215556412935257,0,5.447813745257379e-10,1.734723475976807e-18,0,0,10,12,13,13,0,1,1,1,0.0,0.0,0.0,1,0.008588893339037895,0.0029811151325702667,0.0056077782064676285,0.0056077782064676285,inf,inf,0,0,-0.0013044681027108308,5.204170427930421e-18,1.6615384505345263,0.00931753911211551,5.204170427930421e-18,inf,0,0,0,5,5,0,0,0.024000002071261406
5010,22,1,0,22,3adbdfe3f26dc4a6cd1e66ede15d9cf6ccfa31a6ce2dd6b51d0c8264359c52a3,6422b3ba4af70009e3bdb634f81efb12dc4f4c47a37225332594babd0b417e68,0.011835907585918903,0.012000000104308128,-0.002180123468860984,-0.002180123468860984,0.0,0.011835907585918903,0.012000000104308128,1,3,0.9076921939849854,0.20944694064039504,13,1.661538353333106,0.0024966987527970243,0.0020992540907302107,0.000164092518389225,-0.002180123468860984,0.000164092518389225,0.002180123468860984,0.0027120665181428194,0.005280853249132633,0.0027120665181428194,0,0.011835907294880599,0.012000000104308128,2.9103830456733704e-10,0.008396768651437014,0,2.2945662297296776e-11,4.336808689942018e-19,10,11,4,11,1,1,1,0,1,0,0.006000000052154064,0.006000000052154064,0.006000000052154064,0,0.0044150526518933475,0.00021666832617484033,0.004198384325718507,0.004198384325718507,0.6997307148707844,0.7358421022526985,0,0,-0.0021801234459153216,4.336808689942018e-19,1.6615384505345263,0.00697577698730277,4.336808689942018e-19,inf,0,0,0,2,2,0,0,0.012000000104308128
5010,22,1,2,22,3adbdfe3f26dc4a6cd1e66ede15d9cf6ccfa31a6ce2dd6b51d0c8264359c52a3,6422b3ba4af70009e3bdb634f81efb12dc4f4c47a37225332594babd0b417e68,0.014993269927799702,0.024000000208616257,-0.0012322230031713843,-0.0012322230031713843,-0.001661538561691457,0.014993269927799702,0.024000000208616257,1,4,0.9076921939849854,0.20944694064039504,13,1.6615383533331063,0.0025976754594275505,0.0019623177365769118,0.009006730280816555,0.00042931555852007263,0.009006730280816555,0.00042931555852007263,0.00201448448933661,0.008549186401069164,0.00201448448933661,0,0.01499326978228055,0.024000000208616257,1.4551915228366852e-10,0.010114503122167662,0,1.695750115847383e-10,2.168404344971009e-19,10,11,10,11,1,1,1,1,1,1,0.012000000337138772,0.009999999776482582,0.009999999776482582,0,0.008635780919576064,-0.003578529358492233,0.005057251561083831,0.005057251561083831,0.5057251674122214,0.8635781112600813,0,0,-0.0012322228335963727,-0.0016615385616914567,1.661538450534526,0.008402817922766542,0.0016615385616914567,5.057251222753699,1,0,0,1,1,1,1,0.012000000104308128
5010,22,1,3,22,3adbdfe3f26dc4a6cd1e66ede15d9cf6ccfa31a6ce2dd6b51d0c8264359c52a3,6422b3ba4af70009e3bdb634f81efb12dc4f4c47a37225332594babd0b417e68,0.007156659383326769,0.0,-0.0007367764483205974,-0.0007367764483205974,8.673617379884035e-19,0.007156659383326769,0.0,0,1,0.9076923131942749,0.2094469155167731,13,1.661538461366525,0.002120633754589142,0.001603834981652605,0.007156659383326769,-0.0007367764483205983,0.007156659383326769,0.0007367764483205983,0.002725157653912902,0.0037924316711723804,0.002725157653912902,0,0.007156659383326769,0.0,0.0,0.007156659383326769,0,3.825787915634482e-10,8.673617379884035e-19,0,0,4,9,13,13,0,1,1,1,0.0,0.0,0.0,1,0.004996843636035919,0.0014185139443725348,0.0035783296916633844,0.0035783296916633844,inf,inf,0,0,-0.0007367760657418058,1.734723475976807e-18,1.6615384522538923,0.005945532377540527,1.734723475976807e-18,inf,0,0,0,3,4,0,0,0.024000000208616257
5010,22,1,4,22,3adbdfe3f26dc4a6cd1e66ede15d9cf6ccfa31a6ce2dd6b51d0c8264359c52a3,6422b3ba4af70009e3bdb634f81efb12dc4f4c47a37225332594babd0b417e68,0.0061241877265274525,0.0,-0.0005308525287546217,-0.0005308525287546217,0.0,0.0061241877265274525,0.0,0,1,0.9076921939849854,0.20944694064039504,13,1.661538353333106,0.0020100283468420426,0.0016663558836254846,0.0061241877265274525,-0.0005308525287546217,0.0061241877265274525,0.0005308525287546217,0.0020548293832689524,0.0040609389543533325,0.0020548293832689524,0,0.006124187610112131,0.0,1.1641532182693481e-10,0.006124187610112131,0,2.740900679164271e-10,4.336808689942018e-19,0,0,7,11,13,13,0,1,1,1,0.0,0.0,0.0,1,0.003136193729005754,7.409992394968867e-05,0.0030620938050560653,0.0030620938050560653,inf,inf,0,0,-0.0005308528028446897,4.336808689942018e-19,1.6615384505345263,0.005087786596244226,4.336808689942018e-19,inf,0,0,0,4,5,0,0,0.024000000208616257
5010,22,1,5,22,3adbdfe3f26dc4a6cd1e66ede15d9cf6ccfa31a6ce2dd6b51d0c8264359c52a3,6422b3ba4af70009e3bdb634f81efb12dc4f4c47a37225332594babd0b417e68,0.007925891317427158,0.0,-0.0005374904139898717,-0.0005374904139898717,0.0,0.007925891317427158,0.0,0,1,0.9076921939849854,0.20944694064039504,13,1.661538353333106,0.0021882684711684655,0.001748122859018794,0.007925891317427158,-0.0005374904139898717,0.007925891317427158,0.0005374904139898717,0.002762789838016033,0.0036519812420010567,0.002762789838016033,0,0.007925890968181193,0.0,3.4924596548080444e-10,0.007925890968181193,0,2.399723106859264e-10,4.336808689942018e-19,0,0,4,11,13,13,0,1,1,1,0.0,0.0,0.0,1,0.00398702232632786,2.4076842237263918e-05,0.0039629454840905964,0.0039629454840905964,inf,inf,0,0,-0.0005374901740175611,4.336808689942018e-19,1.6615384505345263,0.006584586299188688,4.336808689942018e-19,inf,0,0,0,5,3,0,0,0.024000000208616257
5010,22,2,0,22,3adbdfe3f26dc4a6cd1e66ede15d9cf6ccfa31a6ce2dd6b51d0c8264359c52a3,6422b3ba4af70009e3bdb634f81efb12dc4f4c47a37225332594babd0b417e68,0.01669658161699772,0.012000001035630703,0.008657301776111126,0.008657301776111126,-6.44761778689773e-11,0.01669658161699772,0.012000001035630703,1,3,0.9076921939849854,0.20944694064039504,13,1.661538353333106,0.004931953248133392,0.0040731731383405485,0.004696580581367016,0.008657301840587304,0.004696580581367016,0.008657301840587304,0.007295235991477966,0.008015552535653114,0.007295235991477966,0,0.01669658161699772,0.012000001035630703,0.0,0.01669658161699772,0,1.6620296909575227e-09,0.0,10,11,5,8,1,1,1,0,0,0,0.006000000983476639,0.006000000052154064,0.006000000052154064,0,0.024510379880666733,0.016162089072167873,0.00834829080849886,0.00834829080849886,1.3913817893221074,4.08506327793568,0,0,0.008657303438140817,-6.44761778689773e-11,1.6615384505345263,0.013871006174564823,6.44761778689773e-11,215133815.82190302,0,0,0,2,3,0,0,0.005999998189508915
5010,22,2,1,22,3adbdfe3f26dc4a6cd1e66ede15d9cf6ccfa31a6ce2dd6b51d0c8264359c52a3,6422b3ba4af70009e3bdb634f81efb12dc4f4c47a37225332594babd0b417e68,0.013372352346777916,0.017999999225139618,0.004490984138101339,0.004490984138101339,0.0,0.013372352346777916,0.017999999225139618,1,3,0.9076921939849854,0.20944694064039504,13,1.661538353333106,0.0049332664689717,0.0042483367951664,0.004627646878361702,0.004490984138101339,0.004627646878361702,0.004490984138101339,0.0048440201207995415,0.009165104478597641,0.0048440201207995415,0,0.013372352346777916,0.017999999225139618,0.0,0.015434825792908669,0,2.100144322336739e-09,3.469446951953614e-18,10,11,5,8,1,1,1,0,0,0,0.008999999612569809,0.008999999612569809,0.008999999612569809,0,0.023869890719652176,0.01615247782319784,0.007717412896454334,0.007717412896454334,0.857490358741332,2.6522101941331644,0,0,0.004490982037957017,-3.469446951953614e-18,1.6615384505345263,0.012822778266109905,3.469446951953614e-18,inf,0,0,0,1,5,1,0,0.005999998189508915
5010,22,2,3,22,3adbdfe3f26dc4a6cd1e66ede15d9cf6ccfa31a6ce2dd6b51d0c8264359c52a3,6422b3ba4af70009e3bdb634f81efb12dc4f4c47a37225332594babd0b417e68,0.01730390451848507,0.0,0.0034558186307549477,0.0034558186307549477,-3.469446951953614e-18,0.01730390451848507,0.0,0,1,0.9076923131942749,0.2094469155167731,13,1.661538461366525,0.004565328544300183,0.0036895969915672166,0.01730390451848507,0.003455818630754951,0.01730390451848507,0.003455818630754951,0.006378102116286755,0.011800793930888176,0.006378102116286755,0,0.01730390451848507,0.0,0.0,0.01730390451848507,0,1.986614634949535e-09,3.469446951953614e-18,0,0,5,7,13,13,0,1,1,1,0.0,0.0,0.0,1,0.02724999189376831,0.018598039634525776,0.008651952259242535,0.008651952259242535,inf,inf,0,0,0.0034558206173695826,-6.938893903907228e-18,1.6615384522538923,0.014375551365796407,6.938893903907228e-18,inf,0,0,0,3,1,0,1,0.017999999225139618
5010,22,2,4,22,3adbdfe3f26dc4a6cd1e66ede15d9cf6ccfa31a6ce2dd6b51d0c8264359c52a3,6422b3ba4af70009e3bdb634f81efb12dc4f4c47a37225332594babd0b417e68,0.01688745990395546,0.0,0.0001997727231355384,0.0001997727231355384,0.0,0.01688745990395546,0.0,0,1,0.9076921939849854,0.20944694064039504,13,1.661538353333106,0.0042314428380631755,0.003246836540614359,0.01688745990395546,0.0001997727231355384,0.01688745990395546,0.0001997727231355384,0.00511884642764926,0.009775973856449127,0.00511884642764926,0,0.01688745990395546,0.0,0.0,0.01688745990395546,0,3.3444576413854676e-09,1.734723475976807e-18,0,0,5,8,13,13,0,1,1,1,0.0,0.0,0.0,1,0.023911595344543457,0.015467865392565727,0.00844372995197773,0.00844372995197773,inf,inf,0,0,0.00019976937867789701,-1.734723475976807e-18,1.6615384505345263,0.014029581981141048,1.734723475976807e-18,inf,0,0,0,4,2,0,0,0.017999999225139618
5010,22,2,5,22,3adbdfe3f26dc4a6cd1e66ede15d9cf6ccfa31a6ce2dd6b51d0c8264359c52a3,6422b3ba4af70009e3bdb634f81efb12dc4f4c47a37225332594babd0b417e68,0.016148578375577927,0.0,0.0035440369974821806,0.0035440369974821806,0.0,0.016148578375577927,0.0,0,1,0.9076921939849854,0.20944694064039504,13,1.661538353333106,0.004305561983956207,0.003570537859871543,0.016148578375577927,0.0035440369974821806,0.016148578375577927,0.0035440369974821806,0.005554595962166786,0.011247856542468071,0.005554595962166786,0,0.016148578375577927,0.0,0.0,0.016148578375577927,0,4.178226355178172e-09,1.734723475976807e-18,0,0,5,8,13,13,0,1,1,1,0.0,0.0,0.0,1,0.026552803814411163,0.0184785146266222,0.008074289187788963,0.008074289187788963,inf,inf,0,0,0.0035440411757085358,-1.734723475976807e-18,1.6615384505345263,0.013415741946246553,1.734723475976807e-18,inf,0,0,0,5,4,0,0,0.017999999225139618
5010,23,0,1,23,af677ea39489fba74549b5a82d99433bf8f6fdc56b86f1629a5b98990fca19c6,6422b3ba4af70009e3bdb634f81efb12dc4f4c47a37225332594babd0b417e68,0.013412248343229294,0.01799999736249447,-0.00012546870857477188,-0.00012546870857477188,1.289523557379546e-10,0.013412248343229294,0.01799999736249447,1,3,0.9076921939849854,0.20944694064039504,13,1.661538353333106,0.00308561486126759,0.002611765913533036,0.004587749019265175,-0.00012546883752712762,0.004587749019265175,0.00012546883752712762,0.004509829916059971,0.004542473703622818,0.004509829916059971,0,0.013412248343229294,0.01799999736249447,0.0,0.0114206001162529,0,3.611496905350786e-09,5.204170427930421e-18,10,11,10,12,1,1,1,1,0,0,0.00899999774992466,0.008999999612569809,0.00899999774992466,0,0.008920656517148018,0.0032103564590215683,0.00571030005812645,0.00571030005812645,0.6344779428610692,0.9911843052652646,0,0,-0.00012546509707786653,1.2895236094212503e-10,1.6615384505345263,0.009487883110666636,1.2895236094212503e-10,73576652.96973418,0,0,0,2,3,0,0,0.006000004708766937
5010,23,0,2,23,af677ea39489fba74549b5a82d99433bf8f6fdc56b86f1629a5b98990fca19c6,6422b3ba4af70009e3bdb634f81efb12dc4f4c47a37225332594babd0b417e68,0.020537732169032097,0.024000002071261406,0.0033811423927545547,0.0033811423927545547,-0.0016615373044059911,0.020537732169032097,0.024000002071261406,1,4,0.9076921939849854,0.20944694064039504,13,1.6615383533331063,0.005148250679303118,0.004415311316061302,0.003462269902229309,0.005042679697160546,0.003462269902229309,0.005042679697160546,0.00444663455709815,0.009310537949204445,0.00444663455709815,0,0.020537732169032097,0.024000002071261406,0.0,0.016735749319195747,0,2.4277023343011184e-09,1.734723475976807e-18,10,11,10,12,1,1,1,1,0,0,0.012000001966953278,0.010000001639127731,0.010000001639127731,0,0.010689791291952133,0.0023219166323542595,0.008367874659597874,0.008367874659597874,0.8367873287996558,1.0689789539759085,0,0,0.003381144820456889,-0.0016615373044059894,1.661538450534526,0.013903545496175377,0.0016615373044059894,8.367880431758339,0,0,0,1,1,1,1,0.006000004708766937
5010,23,0,3,23,af677ea39489fba74549b5a82d99433bf8f6fdc56b86f1629a5b98990fca19c6,6422b3ba4af70009e3bdb634f81efb12dc4f4c47a37225332594babd0b417e68,0.014378927648067474,0.0,-0.00019829627126455307,-0.00019829627126455307,0.0,0.014378927648067474,0.0,0,1,0.9076923131942749,0.2094469155167731,13,1.661538461366525,0.0037978642668162143,0.0029780568455803325,0.014378927648067474,-0.00019829627126455307,0.014378927648067474,0.00019829627126455307,0.003960563801229,0.004773330874741077,0.003960563801229,0,0.014378927648067474,0.0,0.0,0.014378927648067474,0,1.849425161626339e-09,3.469446951953614e-18,0,0,2,7,13,13,0,1,1,1,0.0,0.0,0.0,1,0.012173669412732124,0.004984205588698387,0.007189463824033737,0.007189463824033737,inf,inf,0,0,-0.00019829442183939144,-3.469446951953614e-18,1.6615384522538923,0.011945570594720366,3.469446951953614e-18,inf,0,0,0,3,2,0,0,0.024000002071261406
5010,23,0,4,23,af677ea39489fba74549b5a82d99433bf8f6fdc56b86f1629a5b98990fca19c6,6422b3ba4af70009e3bdb634f81efb12dc4f4c47a37225332594babd0b417e68,0.01229790411889553,0.0,-0.0031589940190315247,-0.0031589940190315247,0.0,0.01229790411889553,0.0,0,1,0.007692307233810425,0.20944694064039504,13,1.661538353333106,0.0036291394159288994,0.0030252813587527297,0.01229790411889553,-0.0031589940190315247,0.01229790411889553,0.0031589940190315247,0.0035187536850571632,0.006267648655921221,0.0035187536850571632,0,0.01229790411889553,0.0,0.0,0.01229790411889553,0,2.6429524246224245e-09,5.204170427930421e-18,0,0,2,12,13,13,0,1,1,1,0.0,0.0,0.0,1,0.008886551484465599,0.0027375994250178337,0.006148952059447765,0.006148952059447765,inf,inf,0,0,-0.0031589913760791,5.204170427930421e-18,1.6615384505345263,0.010216720277265924,5.204170427930421e-18,inf,0,0,0,4,4,0,0,0.024000002071261406
5010,23,0,5,23,af677ea39489fba74549b5a82d99433bf8f6fdc56b86f1629a5b98990fca19c6,6422b3ba4af70009e3bdb634f81efb12dc4f4c47a37225332594babd0b417e68,0.011380201205611229,0.0,-0.0006729485467076302,-0.0006729485467076302,3.469446951953614e-18,0.011380201205611229,0.0,0,1,0.007692307233810425,0.20944694064039504,13,1.661538353333106,0.0030877936254151126,0.002615121342021333,0.011380201205611229,-0.0006729485467076336,0.011380201205611229,0.0006729485467076336,0.004952471237629652,0.002904457738623023,0.004952471237629652,0,0.011380201205611229,0.0,0.0,0.011380201205611229,0,1.829532293023961e-09,1.734723475976807e-18,0,0,2,12,13,13,0,1,1,1,0.0,0.0,0.0,1,0.008945943787693977,0.003255843184888363,0.0056901006028056145,0.0056901006028056145,inf,inf,0,0,-0.0006729503762399232,5.204170427930421e-18,1.6615384505345263,0.009454320938971215,5.204170427930421e-18,inf,0,0,0,5,5,0,0,0.024000002071261406
5010,23,1,0,23,af677ea39489fba74549b5a82d99433bf8f6fdc56b86f1629a5b98990fca19c6,6422b3ba4af70009e3bdb634f81efb12dc4f4c47a37225332594babd0b417e68,0.010390330106019974,0.012000000104308128,-0.0015841819113120437,-0.0015841819113120437,0.0,0.010390330106019974,0.012000000104308128,1,3,0.9076921939849854,0.20944694064039504,13,1.661538353333106,0.0025022993876606158,0.0018554174994978195,0.0016096699982881546,-0.0015841819113120437,0.0016096699982881546,0.0015841819113120437,0.0019323481246829033,0.005344456061720848,0.0019323481246829033,0,0.01039032987318933,0.012000000104308128,2.3283064365386963e-10,0.009215337631758302,0,1.0883408020287422e-10,4.336808689942018e-19,10,11,4,11,1,1,1,0,1,0,0.006000000052154064,0.006000000052154064,0.006000000052154064,0,0.007316978415474296,0.0027093095995951444,0.004607668815879151,0.004607668815879151,0.7679447959712848,1.2194963919787671,0,0,-0.0015841820201461239,4.336808689942018e-19,1.6615384505345263,0.0076558189049121,4.336808689942018e-19,inf,0,0,0,2,2,0,0,0.012000000104308128
5010,23,1,2,23,af677ea39489fba74549b5a82d99433bf8f6fdc56b86f1629a5b98990fca19c6,6422b3ba4af70009e3bdb634f81efb12dc4f4c47a37225332594babd0b417e68,0.011802954599261284,0.024000000208616257,-0.00036567228380590677,-0.00036567228380590677,-0.001661538561691457,0.011802954599261284,0.024000000208616257,1,4,0.9076921939849854,0.20944694064039504,13,1.6615383533331063,0.0030689360165876258,0.0022048944319438563,0.012197045609354973,0.0012958662778855502,0.012197045609354973,0.0012958662778855502,0.002364717423915863,0.008534407243132591,0.002364717423915863,0,0.01180295436643064,0.024000000208616257,2.3283064365386963e-10,0.012197045842185616,0,1.4256788864698208e-10,2.168404344971009e-19,10,11,10,11,1,1,1,1,1,1,0.012000000337138772,0.009999999776482582,0.009999999776482582,0,0.0069989964831620455,-0.0009004735620692372,0.006098522921092808,0.006098522921092808,0.6098523057405421,0.6998996639601811,0,0,-0.0003656721412380181,-0.0016615385616914567,1.661538450534526,0.010132930324861837,0.0016615385616914567,6.098522513101622,1,0,0,1,1,1,1,0.012000000104308128
5010,23,1,3,23,af677ea39489fba74549b5a82d99433bf8f6fdc56b86f1629a5b98990fca19c6,6422b3ba4af70009e3bdb634f81efb12dc4f4c47a37225332594babd0b417e68,0.00796699058264494,0.0,-0.00012382147542666644,-0.00012382147542666644,8.673617379884035e-19,0.00796699058264494,0.0,0,1,0.9076923131942749,0.2094469155167731,13,1.661538461366525,0.0020782001387799503,0.0016020914276554826,0.00796699058264494,-0.0001238214754266673,0.00796699058264494,0.0001238214754266673,0.0018624583026394248,0.003957798704504967,0.0018624583026394248,0,0.007966990349814296,0.0,2.3283064365386963e-10,0.007966990349814296,0,5.33026766442405e-11,8.673617379884035e-19,0,0,2,10,13,13,0,1,1,1,0.0,0.0,0.0,1,0.00911270035430789,0.005129205179400742,0.003983495174907148,0.003983495174907148,inf,inf,0,0,-0.0001238214221239898,1.734723475976807e-18,1.6615384522538923,0.006618730407476071,1.734723475976807e-18,inf,0,0,0,3,3,0,0,0.024000000208616257
5010,23,1,4,23,af677ea39489fba74549b5a82d99433bf8f6fdc56b86f1629a5b98990fca19c6,6422b3ba4af70009e3bdb634f81efb12dc4f4c47a37225332594babd0b417e68,0.006064978893846273,0.0,-0.00018887605983763933,-0.00018887605983763933,0.0,0.006064978893846273,0.0,0,1,0.007692307233810425,0.20944694064039504,13,1.661538353333106,0.0019444699853925437,0.0016095938475130225,0.006064978893846273,-0.00018887605983763933,0.006064978893846273,0.00018887605983763933,0.0024391645565629005,0.004689974710345268,0.0024391645565629005,0,0.006064979039365426,0.0,1.4551915228366852e-10,0.006064979039365426,0,1.169554494483832e-10,4.336808689942018e-19,0,0,7,11,13,13,0,1,1,1,0.0,0.0,0.0,1,0.005449562013382092,0.0024170724936993793,0.003032489519682713,0.003032489519682713,inf,inf,0,0,-0.00018887617679308878,4.336808689942018e-19,1.6615384505345263,0.005038597937795804,4.336808689942018e-19,inf,0,0,0,4,5,0,0,0.024000000208616257
5010,23,1,5,23,af677ea39489fba74549b5a82d99433bf8f6fdc56b86f1629a5b98990fca19c6,6422b3ba4af70009e3bdb634f81efb12dc4f4c47a37225332594babd0b417e68,0.006563938222825527,0.0,-0.0008590798825025558,-0.0008590798825025558,0.0,0.006563938222825527,0.0,0,1,0.007692307233810425,0.20944694064039504,13,1.661538353333106,0.001929840981351586,0.0016128994061573017,0.006563938222825527,-0.0008590798825025558,0.006563938222825527,0.0008590798825025558,0.0030050468631088734,0.0031243280973285437,0.0030050468631088734,0,0.00656393839744851,0.0,1.7462298274040222e-10,0.00656393839744851,0,1.8281380879600628e-10,4.336808689942018e-19,0,0,4,11,13,13,0,1,1,1,0.0,0.0,0.0,1,0.005535462580155581,0.0022534933814313263,0.003281969198724255,0.003281969198724255,inf,inf,0,0,-0.0008590800653163646,4.336808689942018e-19,1.6615384505345263,0.005453118017150339,4.336808689942018e-19,inf,0,0,0,5,4,0,0,0.024000000208616257
5010,23,2,0,23,af677ea39489fba74549b5a82d99433bf8f6fdc56b86f1629a5b98990fca19c6,6422b3ba4af70009e3bdb634f81efb12dc4f4c47a37225332594babd0b417e68,0.016352012753486633,0.012000001035630703,0.009247170761227608,0.009247170761227608,-6.44761778689773e-11,0.016352012753486633,0.012000001035630703,1,3,0.9076921939849854,0.20944694064039504,13,1.661538353333106,0.005018520826848311,0.0041988780005620075,0.00435201171785593,0.009247170825703786,0.00435201171785593,0.009247170825703786,0.007201774977147579,0.007288024760782719,0.007201774977147579,0,0.016352012753486633,0.012000001035630703,0.0,0.016352012753486633,0,3.6927047530888046e-09,0.0,10,11,5,8,1,1,1,0,0,0,0.006000000983476639,0.006000000052154064,0.006000000052154064,0,0.027713537216186523,0.019537530839443207,0.008176006376743317,0.008176006376743317,1.3626677176124429,4.618922829215155,0,0,0.00924717445393236,-6.44761778689773e-11,1.6615384505345263,0.013584748966774496,6.44761778689773e-11,210694079.82557842,0,0,0,2,2,0,0,0.005999998189508915
5010,23,2,1,23,af677ea39489fba74549b5a82d99433bf8f6fdc56b86f1629a5b98990fca19c6,6422b3ba4af70009e3bdb634f81efb12dc4f4c47a37225332594babd0b417e68,0.013785602524876595,0.017999999225139618,0.005184574984014034,0.005184574984014034,0.0,0.013785602524876595,0.017999999225139618,1,3,0.9076921939849854,0.20944694064039504,13,1.661538353333106,0.005204255530759344,0.004503584296040281,0.004214396700263023,0.005184574984014034,0.004214396700263023,0.005184574984014034,0.005043130833655596,0.007915707305073738,0.005043130833655596,0,0.013785602524876595,0.017999999225139618,0.0,0.016579773277044296,0,2.9715841835809e-09,3.469446951953614e-18,10,11,5,7,1,1,1,0,0,0,0.008999999612569809,0.008999999612569809,0.008999999612569809,0,0.025847289711236954,0.017557403072714806,0.008289886638522148,0.008289886638522148,0.9210985550426153,2.871921202656215,0,0,0.005184572012429851,-3.469446951953614e-18,1.6615384505345263,0.013773965400476963,3.469446951953614e-18,inf,0,0,0,1,5,1,0,0.005999998189508915
5010,23,2,3,23,af677ea39489fba74549b5a82d99433bf8f6fdc56b86f1629a5b98990fca19c6,6422b3ba4af70009e3bdb634f81efb12dc4f4c47a37225332594babd0b417e68,0.01804453134536743,0.0,0.0033707590773701668,0.0033707590773701668,-3.469446951953614e-18,0.01804453134536743,0.0,0,1,0.9076923131942749,0.2094469155167731,13,1.661538461366525,0.004547059128792545,0.0035787610083642092,0.01804453134536743,0.0033707590773701702,0.01804453134536743,0.0033707590773701702,0.007508533541113138,0.011571797542273998,0.007508533541113138,0,0.01804453134536743,0.0,0.0,0.01804453134536743,0,1.600232878498642e-09,3.469446951953614e-18,0,0,5,7,13,13,0,1,1,1,0.0,0.0,0.0,1,0.029665332287549973,0.020643066614866257,0.009022265672683716,0.009022265672683716,inf,inf,0,0,0.0033707606776030453,-6.938893903907228e-18,1.6615384522538923,0.014990841341614323,6.938893903907228e-18,inf,0,0,0,3,1,0,1,0.017999999225139618
5010,23,2,4,23,af677ea39489fba74549b5a82d99433bf8f6fdc56b86f1629a5b98990fca19c6,6422b3ba4af70009e3bdb634f81efb12dc4f4c47a37225332594babd0b417e68,0.01634705625474453,0.0,-0.00017465402197558433,-0.00017465402197558433,0.0,0.01634705625474453,0.0,0,1,0.007692307233810425,0.20944694064039504,13,1.661538353333106,0.00410429491226358,0.0030793168488338855,0.01634705625474453,-0.00017465402197558433,0.01634705625474453,0.00017465402197558433,0.005099853500723839,0.009860373102128506,0.005099853500723839,0,0.01634705625474453,0.0,0.0,0.01634705625474453,0,4.691127000744366e-09,1.734723475976807e-18,0,0,5,8,13,13,0,1,1,1,0.0,0.0,0.0,1,0.02534208819270134,0.017168560065329075,0.008173528127372265,0.008173528127372265,inf,inf,0,0,-0.00017464933084858358,-1.734723475976807e-18,1.6615384505345263,0.01358063126015448,1.734723475976807e-18,inf,0,0,0,4,3,0,0,0.017999999225139618
5010,23,2,5,23,af677ea39489fba74549b5a82d99433bf8f6fdc56b86f1629a5b98990fca19c6,6422b3ba4af70009e3bdb634f81efb12dc4f4c47a37225332594babd0b417e68,0.015909530222415924,0.0,0.003686709562316537,0.003686709562316537,0.0,0.015909530222415924,0.0,0,1,0.007692307233810425,0.20944694064039504,13,1.661538353333106,0.004162750802421901,0.0033879370908060018,0.015909530222415924,0.003686709562316537,0.015909530222415924,0.003686709562316537,0.0052927290089428425,0.010269162245094776,0.0052927290089428425,0,0.015909530222415924,0.0,0.0,0.015909530222415924,0,9.16336576062271e-10,1.734723475976807e-18,0,0,5,8,13,13,0,1,1,1,0.0,0.0,0.0,1,0.028156839311122894,0.020202074199914932,0.007954765111207962,0.007954765111207962,inf,inf,0,0,0.003686708645979961,-1.734723475976807e-18,1.6615384505345263,0.013217148097242587,1.734723475976807e-18,inf,0,0,0,5,4,0,0,0.017999999225139618
