seed,state_idx,ego_id,neighbor_id,learned_score,oracle_score,learned_signed,learned_direction_row_aipw,oracle_signed,learned_range,oracle_range,oracle_q_nonconstant,oracle_q_distinct_levels,observed_action_probability,policy_support_entropy,valid_action_count,target_policy_l1_to_uniform,q_centered_rmse,q_centered_mae,abs_error,signed_error,capacity_abs_error,direction_abs_error,proxy_sigma,capacity_sigma,direction_sigma,dr_applied
3001,0,0,1,0.021449390798807144,0.041999997571110725,0.0017120343400165439,0.0017120343400165439,0.0020769227588406,0.021449390798807144,0.041999997571110725,1,4,0.9076921939849854,0.20944694064039504,13,1.661538353333106,0.010068698528182792,0.005661186999117834,0.02055060677230358,-0.000364888418824056,0.02055060677230358,0.000364888418824056,0.003359908936545253,0.008906032890081406,0.003359908936545253,0
3001,0,0,2,0.013354383409023285,0.0,0.0021322844550013542,0.0021322844550013542,0.0,0.013354383409023285,0.0,0,1,0.9076921939849854,0.20944694064039504,13,1.661538353333106,0.003591329473138779,0.0030482992000833774,0.013354383409023285,0.0021322844550013542,0.013354383409023285,0.0021322844550013542,0.004750518128275871,0.007998448796570301,0.004750518128275871,0
3001,0,0,3,0.02135375514626503,0.012000001035630703,0.0032672155648469925,0.0032672155648469925,6.447617439953035e-11,0.02135375514626503,0.012000001035630703,1,3,0.007692307233810425,0.20944694064039504,13,1.661538353333106,0.0028485322869526374,0.0025575310873562065,0.009353754110634327,0.003267215500370818,0.009353754110634327,0.003267215500370818,0.0035666171461343765,0.011102124117314816,0.0035666171461343765,0
3001,0,0,4,0.014654835686087608,0.0,0.001482035149820149,0.001482035149820149,0.0,0.014654835686087608,0.0,0,1,0.9076921939849854,0.20944694064039504,13,1.661538353333106,0.0038837140676229436,0.0033264770530737364,0.014654835686087608,0.001482035149820149,0.014654835686087608,0.001482035149820149,0.0029002779629081488,0.009541159495711327,0.0029002779629081488,0
3001,0,0,5,0.01860753260552883,0.012000001035630703,0.0032139886170625687,0.0032139886170625687,6.447617439953035e-11,0.01860753260552883,0.012000001035630703,1,3,0.9076921939849854,0.20944694064039504,13,1.661538353333106,0.002601101099067032,0.002393558896945778,0.0066075315698981285,0.0032139885525863943,0.0066075315698981285,0.0032139885525863943,0.0025562148075550795,0.009480725042521954,0.0025562148075550795,0
3001,0,1,0,0.015351381152868271,0.035999998450279236,-0.00019801345479208976,-0.00019801345479208976,0.0,0.015351381152868271,0.035999998450279236,1,3,0.007692307233810425,0.20944694064039504,13,1.661538353333106,0.004115326572979389,0.002174389452160992,0.020648617297410965,-0.00019801345479208976,0.020648617297410965,0.00019801345479208976,0.0008727798121981323,0.005241695325821638,0.0008727798121981323,0
3001,0,1,2,0.0063200038857758045,0.0,-8.897056250134483e-05,-8.897056250134483e-05,0.0,0.0063200038857758045,0.0,0,1,0.9076921939849854,0.20944694064039504,13,1.661538353333106,0.0014982506008968002,0.001030773281246512,0.0063200038857758045,-8.897056250134483e-05,0.0063200038857758045,8.897056250134483e-05,0.0030737591441720724,0.005177232902497053,0.0030737591441720724,0
3001,0,1,3,0.013119748793542385,0.012000000104308128,-0.0004912910517305136,-0.0004912910517305136,0.0,0.013119748793542385,0.012000000104308128,1,3,0.007692307233810425,0.20944694064039504,13,1.661538353333106,0.0010024576815971034,0.0008504706925365347,0.0011197486892342567,-0.0004912910517305136,0.0011197486892342567,0.0004912910517305136,0.001376664498820901,0.00611012103036046,0.001376664498820901,0
3001,0,1,4,0.00800466537475586,0.0,-0.0011271327966824174,-0.0011271327966824174,0.0,0.00800466537475586,0.0,0,1,0.9076921939849854,0.20944694064039504,13,1.661538353333106,0.001733201286741649,0.0011345806900830663,0.00800466537475586,-0.0011271327966824174,0.00800466537475586,0.0011271327966824174,0.0009421151480637491,0.0043643019162118435,0.0009421151480637491,0
3001,0,1,5,0.00985785759985447,0.012000000104308128,-0.00017525865405332297,-0.00017525865405332297,0.0,0.00985785759985447,0.012000000104308128,1,3,0.9076921939849854,0.20944694064039504,13,1.661538353333106,0.0008142859215332249,0.0007274957902773597,0.002142142504453659,-0.00017525865405332297,0.002142142504453659,0.00017525865405332297,0.0021128528751432896,0.0035907819401472807,0.0021128528751432896,0
3001,0,2,0,0.008515909314155579,0.0,-0.0030782409012317657,-0.0030782409012317657,0.0,0.008515909314155579,0.0,0,1,0.007692307233810425,0.20944694064039504,13,1.661538353333106,0.0019845133659456313,0.0013979267268358956,0.008515909314155579,-0.0030782409012317657,0.008515909314155579,0.0030782409012317657,0.002553291153162718,0.003949062433093786,0.002553291153162718,0
3001,0,2,1,0.008319094777107239,0.0,-0.00112725084181875,-0.00112725084181875,0.0,0.008319094777107239,0.0,0,1,0.9076921939849854,0.20944694064039504,13,1.661538353333106,0.002013327751759503,0.0014674295257975365,0.008319094777107239,-0.00112725084181875,0.008319094777107239,0.00112725084181875,0.00263809016905725,0.003818437224254012,0.00263809016905725,0
3001,0,2,3,0.006838776171207428,0.0,0.0023185901809483767,0.0023185901809483767,0.0,0.006838776171207428,0.0,0,1,0.007692307233810425,0.20944694064039504,13,1.661538353333106,0.0019217431552904347,0.0015281002428492849,0.006838776171207428,0.0023185901809483767,0.006838776171207428,0.0023185901809483767,0.0023700713645666838,0.004121380392462015,0.0023700713645666838,0
3001,0,2,4,0.010937146842479706,0.029999999329447746,-0.0003132449055556208,-0.0003132449055556208,0.0,0.010937146842479706,0.029999999329447746,1,3,0.9076921939849854,0.20944694064039504,13,1.661538353333106,0.004323683605376915,0.0026822089243090583,0.01906285248696804,-0.0003132449055556208,0.01906285248696804,0.0003132449055556208,0.0032289561349898577,0.004371179733425379,0.0032289561349898577,0
3001,0,2,5,0.006459410302340984,0.0,0.0014719967730343342,0.0014719967730343342,0.0,0.006459410302340984,0.0,0,1,0.9076921939849854,0.20944694064039504,13,1.661538353333106,0.0016454940134174004,0.0012500094878073983,0.006459410302340984,0.0014719967730343342,0.006459410302340984,0.0014719967730343342,0.003024951322004199,0.0025210343301296234,0.003024951322004199,0
3001,1,0,1,0.011274713091552258,0.041999999433755875,0.0013545925030484796,0.0013545925030484796,0.0020769230167453096,0.011274713091552258,0.041999999433755875,1,4,0.9076921939849854,0.20944694064039504,13,1.661538353333106,0.0084846963419078,0.004894524771367481,0.030725286342203617,-0.0007223305136968301,0.030725286342203617,0.0007223305136968301,0.001486768014729023,0.005555328913033009,0.001486768014729023,0
3001,1,0,2,0.004449538886547089,0.0,-0.0015005068853497505,-0.0015005068853497505,0.0,0.004449538886547089,0.0,0,1,0.9076921939849854,0.20944694064039504,13,1.6615383533331063,0.001313557420785288,0.0011009361936584025,0.004449538886547089,-0.0015005068853497505,0.004449538886547089,0.0015005068853497505,0.0011386953992769122,0.0034181198570877314,0.0011386953992769122,0
3001,1,0,3,0.009850610978901386,0.012000000104308128,0.0011979547562077641,0.0011979547562077641,0.0,0.009850610978901386,0.012000000104308128,1,3,0.9076921939849854,0.20944694064039504,13,1.661538353333106,0.0011193075569051131,0.000993089594040617,0.002149389125406742,0.0011979547562077641,0.002149389125406742,0.0011979547562077641,0.0016100886277854443,0.007051660679280758,0.0016100886277854443,0
3001,1,0,4,0.006139898207038641,0.0,-0.0008555944077670574,-0.0008555944077670574,0.0,0.006139898207038641,0.0,0,1,0.9076921939849854,0.20944694064039504,13,1.661538353333106,0.0015107872531244493,0.0012042670109110867,0.006139898207038641,-0.0008555944077670574,0.006139898207038641,0.0008555944077670574,0.0011475897626951337,0.004632869269698858,0.0011475897626951337,0
3001,1,0,5,0.008509404957294464,0.012000000104308128,0.0009155612788163126,0.0009155612788163126,0.0,0.008509404957294464,0.012000000104308128,1,3,0.9076921939849854,0.20944694064039504,13,1.661538353333106,0.0011372645802349664,0.0009663923720680397,0.0034905951470136642,0.0009155612788163126,0.0034905951470136642,0.0009155612788163126,0.001403921633027494,0.005502541083842516,0.001403921633027494,0
3001,1,1,0,0.015170148573815823,0.047999998554587364,-0.00013966385449748486,-0.00013966385449748486,0.0020769230167453096,0.015170148573815823,0.047999998554587364,1,4,0.9076921939849854,0.20944694064039504,13,1.661538353333106,0.008916370553935992,0.005533928227936023,0.03282984998077154,-0.0022165868712427945,0.03282984998077154,0.0022165868712427945,0.002048206515610218,0.0076384590938687325,0.002048206515610218,0
3001,1,1,2,0.005872442852705717,0.0,-0.0016939690103754401,-0.0016939690103754401,0.0,0.005872442852705717,0.0,0,1,0.9076921939849854,0.20944694064039504,13,1.6615383533331063,0.0015539353751625137,0.001273075417620984,0.005872442852705717,-0.0016939690103754401,0.005872442852705717,0.0016939690103754401,0.0016233864007517695,0.0038887392729520798,0.0016233864007517695,0
3001,1,1,3,0.012263940647244453,0.012000000104308128,0.0013643604470416903,0.0013643604470416903,0.0,0.012263940647244453,0.012000000104308128,1,3,0.9076921939849854,0.20944694064039504,13,1.661538353333106,0.0010613668548394846,0.0009338180768749946,0.0002639405429363251,0.0013643604470416903,0.0002639405429363251,0.0013643604470416903,0.0013308528577908874,0.005595004186034203,0.0013308528577908874,0
3001,1,1,4,0.006534973159432411,0.0,-0.0008962496649473906,-0.0008962496649473906,0.0,0.006534973159432411,0.0,0,1,0.9076921939849854,0.20944694064039504,13,1.661538353333106,0.0017964368086076246,0.0014105957322106447,0.006534973159432411,-0.0008962496649473906,0.006534973159432411,0.0008962496649473906,0.0017067454755306244,0.005168565083295107,0.0017067454755306244,0
3001,1,1,5,0.010589610785245895,0.012000000104308128,0.0011704113567247987,0.0011704113567247987,0.0,0.010589610785245895,0.012000000104308128,1,3,0.9076921939849854,0.20944694064039504,13,1.661538353333106,0.0012009958925067925,0.0010542909872370977,0.001410389319062233,0.0011704113567247987,0.001410389319062233,0.0011704113567247987,0.0018349236343055964,0.004384865052998066,0.0018349236343055964,0
3001,1,2,0,0.013843629509210587,0.0,-0.001151293865405023,-0.001151293865405023,0.0,0.013843629509210587,0.0,0,1,0.9076921939849854,0.20944694064039504,13,1.661538353333106,0.003517739530523903,0.002796606860569948,0.013843629509210587,-0.001151293865405023,0.013843629509210587,0.001151293865405023,0.004952574614435434,0.006471795029938221,0.004952574614435434,0
3001,1,2,1,0.013707481324672699,0.0,-0.0035429440904408693,-0.0035429440904408693,0.0,0.013707481324672699,0.0,0,1,0.9076921939849854,0.20944694064039504,13,1.661538353333106,0.0033885749202854708,0.00262493675453423,0.013707481324672699,-0.0035429440904408693,0.013707481324672699,0.0035429440904408693,0.005694238003343344,0.008188823238015175,0.005694238003343344,0
3001,1,2,3,0.011762551963329315,0.0,-0.0028661719989031553,-0.0028661719989031553,0.0,0.011762551963329315,0.0,0,1,0.9076921939849854,0.20944694064039504,13,1.661538353333106,0.003003720138770653,0.0023956557173700726,0.011762551963329315,-0.0028661719989031553,0.011762551963329315,0.0028661719989031553,0.004318697843700647,0.00506639014929533,0.004318697843700647,0
3001,1,2,4,0.013019423931837082,0.03000000026077032,-0.0005410590092651546,-0.0005410590092651546,-6.44761778689773e-11,0.013019423931837082,0.03000000026077032,1,3,0.9076921939849854,0.20944694064039504,13,1.661538353333106,0.004205228250499802,0.003112578444932339,0.01698057632893324,-0.0005410589447889767,0.01698057632893324,0.0005410589447889767,0.0058096409775316715,0.0072732651606202126,0.0058096409775316715,0
3001,1,2,5,0.012091085314750671,0.0,-0.003316381946206093,-0.003316381946206093,0.0,0.012091085314750671,0.0,0,1,0.9076921939849854,0.20944694064039504,13,1.661538353333106,0.0031208602334591505,0.0024592154301129854,0.012091085314750671,-0.003316381946206093,0.012091085314750671,0.003316381946206093,0.00544270034879446,0.006821561139076948,0.00544270034879446,0
3001,2,0,1,0.010859194211661816,0.024000000208616257,0.00034062625491060317,0.00034062625491060317,0.0,0.010859194211661816,0.024000000208616257,1,3,0.007692307233810425,0.20944694064039504,13,1.661538353333106,0.0026691632201340074,0.0015265216111321246,0.013140805996954441,0.00034062625491060317,0.013140805996954441,0.00034062625491060317,0.0021968968212604523,0.004064938519150019,0.0021968968212604523,0
3001,2,0,2,0.005680076777935028,0.0,-0.0012119412422180176,-0.0012119412422180176,0.0,0.005680076777935028,0.0,0,1,0.9076921939849854,0.20944694064039504,13,1.6615383533331063,0.001342558278101374,0.0009939582362638775,0.005680076777935028,-0.0012119412422180176,0.005680076777935028,0.0012119412422180176,0.0024009428452700377,0.0034902854822576046,0.0024009428452700377,0
3001,2,0,3,0.010755784809589386,0.012000000104308128,-0.001812563743442297,-0.001812563743442297,0.0,0.010755784809589386,0.012000000104308128,1,3,0.9076921939849854,0.20944694064039504,13,1.661538353333106,0.0010660228750204825,0.0008585421425654117,0.0012442152947187424,-0.001812563743442297,0.0012442152947187424,0.001812563743442297,0.002692657522857189,0.005400375463068485,0.002692657522857189,0
3001,2,0,4,0.0058664907701313496,0.0,0.0006496891146525741,0.0006496891146525741,0.0,0.0058664907701313496,0.0,0,1,0.9076921939849854,0.20944694064039504,13,1.661538353333106,0.0014550866274183635,0.0010435499137917742,0.0058664907701313496,0.0006496891146525741,0.0058664907701313496,0.0006496891146525741,0.0031251145992428064,0.0035164582077413797,0.0031251145992428064,0
3001,2,0,5,0.009709895588457584,0.035999998450279236,-0.0016229177126660943,-0.0016229177126660943,0.020769230167453093,0.009709895588457584,0.035999998450279236,1,4,0.9076921939849854,0.20944694064039504,13,1.661538353333106,0.01315981782607971,0.01106887911625493,0.02629010286182165,-0.022392147880119187,0.02629010286182165,0.022392147880119187,0.0017276888247579336,0.004492198117077351,0.0017276888247579336,0
3001,2,1,0,0.020014550536870956,0.035999998450279236,-0.00038164053694345057,-0.00038164053694345057,-1.734723475976807e-18,0.020014550536870956,0.035999998450279236,1,3,0.9076921939849854,0.20944694064039504,13,1.661538353333106,0.00338813160468141,0.001987015954850823,0.01598544791340828,-0.00038164053694344884,0.01598544791340828,0.00038164053694344884,0.0025252969935536385,0.01141195185482502,0.0025252969935536385,0
3001,2,1,2,0.00730599369853735,0.0,-0.0015988365048542619,-0.0015988365048542619,0.0,0.00730599369853735,0.0,0,1,0.9076921939849854,0.20944694064039504,13,1.6615383533331063,0.0018974553705664796,0.001352741400237311,0.00730599369853735,-0.0015988365048542619,0.00730599369853735,0.0015988365048542619,0.001954113831743598,0.006565566640347242,0.001954113831743598,0
3001,2,1,3,0.014963332563638687,0.011999999172985554,-0.0006088987574912608,-0.0006088987574912608,6.44761778689773e-11,0.014963332563638687,0.011999999172985554,1,3,0.9076921939849854,0.20944694064039504,13,1.661538353333106,0.0014242246646631283,0.0010901898308932649,0.0029633333906531334,-0.0006088988219674386,0.0029633333906531334,0.0006088988219674386,0.0020726188085973263,0.007739576976746321,0.0020726188085973263,0
3001,2,1,4,0.007131990510970354,0.0,-0.0008690771646797657,-0.0008690771646797657,0.0,0.007131990510970354,0.0,0,1,0.9076921939849854,0.20944694064039504,13,1.661538353333106,0.001897001698547812,0.0015244663867117155,0.007131990510970354,-0.0008690771646797657,0.007131990510970354,0.0008690771646797657,0.004564036149531603,0.006458813790231943,0.004564036149531603,0
3001,2,1,5,0.01276289951056242,0.011999999172985554,-0.000361098675057292,-0.000361098675057292,6.44761778689773e-11,0.01276289951056242,0.011999999172985554,1,3,0.9076921939849854,0.20944694064039504,13,1.661538353333106,0.0010728823603847776,0.0008049560402528267,0.0007629003375768661,-0.00036109873953346985,0.0007629003375768661,0.00036109873953346985,0.0021759355440735817,0.00652144942432642,0.0021759355440735817,0
3001,2,2,0,0.013953570276498795,0.0,-0.001090163947083056,-0.001090163947083056,0.0,0.013953570276498795,0.0,0,1,0.9076921939849854,0.20944694064039504,13,1.661538353333106,0.003592829500744221,0.002866635043945539,0.013953570276498795,-0.001090163947083056,0.013953570276498795,0.001090163947083056,0.004741410259157419,0.00651566544547677,0.004741410259157419,0
3001,2,2,1,0.01430143415927887,0.0,-0.00533500500023365,-0.00533500500023365,0.0,0.01430143415927887,0.0,0,1,0.007692307233810425,0.20944694064039504,13,1.661538353333106,0.0035184934391120073,0.0027564880851457816,0.01430143415927887,-0.00533500500023365,0.01430143415927887,0.00533500500023365,0.005122931208461523,0.007276447024196386,0.005122931208461523,0
3001,2,2,3,0.01240796223282814,0.0,-0.0026024412363767624,-0.0026024412363767624,0.0,0.01240796223282814,0.0,0,1,0.9076921939849854,0.20944694064039504,13,1.661538353333106,0.003172497580992015,0.002457815205909796,0.01240796223282814,-0.0026024412363767624,0.01240796223282814,0.0026024412363767624,0.004336331970989704,0.005020622629672289,0.004336331970989704,0
3001,2,2,4,0.013129249215126038,0.03000000026077032,0.0006174957379698753,0.0006174957379698753,-6.44761778689773e-11,0.013129249215126038,0.03000000026077032,1,3,0.9076921939849854,0.20944694064039504,13,1.661538353333106,0.004269156532831721,0.0031333312326105385,0.016870751045644283,0.0006174958024460532,0.016870751045644283,0.0006174958024460532,0.00652962364256382,0.006667170207947493,0.00652962364256382,0
3001,2,2,5,0.01329188421368599,0.0,-0.0030143086332827806,-0.0030143086332827806,0.0,0.01329188421368599,0.0,0,1,0.9076921939849854,0.20944694064039504,13,1.661538353333106,0.0034743017141777195,0.0028257267714957516,0.01329188421368599,-0.0030143086332827806,0.01329188421368599,0.0030143086332827806,0.005101690534502268,0.006295803934335709,0.005101690534502268,0
3001,3,0,1,0.007661029230803251,0.023999999277293682,5.230967417446664e-06,5.230967417446664e-06,-6.447617873633904e-11,0.007661029230803251,0.023999999277293682,1,3,0.9076921939849854,0.20944694064039504,13,1.661538353333106,0.00330144581214009,0.001797532894202238,0.01633897004649043,5.2310318936254e-06,0.01633897004649043,5.2310318936254e-06,0.00196722149848938,0.003960717935115099,0.00196722149848938,0
3001,3,0,2,0.004135733004659414,0.0,-0.0011934706708416343,-0.0011934706708416343,0.0,0.004135733004659414,0.0,0,1,0.007692307233810425,0.20944694064039504,13,1.6615383533331063,0.001185222325038212,0.000989299239976519,0.004135733004659414,-0.0011934706708416343,0.004135733004659414,0.0011934706708416343,0.0018444479210302234,0.0030015918891876936,0.0018444479210302234,0
3001,3,0,3,0.008867017924785614,0.012000000104308128,-0.0038507673889398575,-0.0038507673889398575,-0.005400000016763807,0.008867017924785614,0.012000000104308128,1,3,0.9076923131942749,0.2094469155167731,13,1.661538461366525,0.0011614238193729254,0.001033598865029683,0.0031329821795225143,0.0015492326278239493,0.0031329821795225143,0.0015492326278239493,0.0043350569903850555,0.006441236473619938,0.0043350569903850555,0
3001,3,0,4,0.004019814543426037,0.0,0.0010772689711302519,0.0010772689711302519,-8.673617379884035e-19,0.004019814543426037,0.0,0,1,0.007692307233810425,0.20944694064039504,13,1.661538353333106,0.0012664412878335097,0.0011180871326101603,0.004019814543426037,0.0010772689711302528,0.004019814543426037,0.0010772689711302528,0.0013915937161073089,0.0030946319457143545,0.0013915937161073089,0
3001,3,0,5,0.007205501198768616,0.012000000104308128,-0.0005977085675112903,-0.0005977085675112903,0.0,0.007205501198768616,0.012000000104308128,1,3,0.9076921939849854,0.20944694064039504,13,1.661538353333106,0.0012969336068354687,0.0010217352213679686,0.004794498905539513,-0.0005977085675112903,0.004794498905539513,0.0005977085675112903,0.0011674696579575539,0.004136577248573303,0.0011674696579575539,0
3001,3,1,0,0.017625443637371063,0.035999998450279236,0.0011456282809376717,0.0011456282809376717,0.0,0.017625443637371063,0.035999998450279236,1,3,0.9076921939849854,0.20944694064039504,13,1.661538353333106,0.004017117412144166,0.0026266849296685503,0.018374554812908173,0.0011456282809376717,0.018374554812908173,0.0011456282809376717,0.0023452574387192726,0.003968784119933844,0.0023452574387192726,0
3001,3,1,2,0.006386550143361092,0.0,-0.0019737740512937307,-0.0019737740512937307,0.0,0.006386550143361092,0.0,0,1,0.007692307233810425,0.20944694064039504,13,1.6615383533331063,0.0017250979966478282,0.0013605473045061325,0.006386550143361092,-0.0019737740512937307,0.006386550143361092,0.0019737740512937307,0.0026291185058653355,0.0035211683716624975,0.0026291185058653355,0
3001,3,1,3,0.015179282985627651,0.012000000104308128,-0.006715598050504923,-0.006715598050504923,-0.005400000016763808,0.015179282985627651,0.012000000104308128,1,3,0.9076923131942749,0.2094469155167731,13,1.661538461366525,0.0013753399668316078,0.0011427400181808415,0.003179282881319523,-0.0013155980337411152,0.003179282881319523,0.0013155980337411152,0.002209915081039071,0.0053839311003685,0.002209915081039071,0
3001,3,1,4,0.0070366766303777695,0.0,1.4641943380411249e-05,1.4641943380411249e-05,0.0,0.0070366766303777695,0.0,0,1,0.007692307233810425,0.20944694064039504,13,1.661538353333106,0.0018152917166445281,0.001416109524358659,0.0070366766303777695,1.4641943380411249e-05,0.0070366766303777695,1.4641943380411249e-05,0.002270888304337859,0.0032523423433303833,0.002270888304337859,0
3001,3,1,5,0.012117739766836166,0.012000001035630703,0.0009949904633685946,0.0009949904633685946,6.447617613425383e-11,0.012117739766836166,0.012000001035630703,1,3,0.9076921939849854,0.20944694064039504,13,1.661538353333106,0.0018433992974557062,0.0012527887417367223,0.00011773873120546341,0.0009949903988924185,0.00011773873120546341,0.0009949903988924185,0.0023092678748071194,0.00475906440988183,0.0023092678748071194,0
3001,3,2,0,0.007256460376083851,0.0,-0.001769211026839912,-0.001769211026839912,0.0,0.007256460376083851,0.0,0,1,0.9076921939849854,0.20944694064039504,13,1.661538353333106,0.001971909579312873,0.0015811676809773642,0.007256460376083851,-0.001769211026839912,0.007256460376083851,0.001769211026839912,0.0028547097463160753,0.003430393058806658,0.0028547097463160753,0
3001,3,2,1,0.007286062464118004,0.0,-0.0008341430220752954,-0.0008341430220752954,0.0,0.007286062464118004,0.0,0,1,0.9076921939849854,0.20944694064039504,13,1.661538353333106,0.0018806501528565592,0.0015417228359177971,0.007286062464118004,-0.0008341430220752954,0.007286062464118004,0.0008341430220752954,0.002098645316436887,0.0043657864443957806,0.002098645316436887,0
3001,3,2,3,0.007386517245322466,0.0,0.0007775851991027594,0.0007775851991027594,0.0,0.007386517245322466,0.0,0,1,0.9076923131942749,0.2094469155167731,13,1.661538461366525,0.002031036097305154,0.0016445029201812645,0.007386517245322466,0.0007775851991027594,0.007386517245322466,0.0007775851991027594,0.004268045071512461,0.0045530167408287525,0.004268045071512461,0
3001,3,2,4,0.010384012013673782,0.029999999329447746,-6.592110730707645e-05,-6.592110730707645e-05,0.0008307692647266838,0.010384012013673782,0.029999999329447746,1,4,0.007692307233810425,0.20944694064039504,13,1.661538353333106,0.004297337188142003,0.002660602977300977,0.019615987315773964,-0.0008966903720337603,0.019615987315773964,0.0008966903720337603,0.003323871176689863,0.0020432225428521633,0.003323871176689863,0
3001,3,2,5,0.00668804906308651,0.0,-0.0015255901962518692,-0.0015255901962518692,0.0,0.00668804906308651,0.0,0,1,0.9076921939849854,0.20944694064039504,13,1.661538353333106,0.0017264086911296975,0.001373694664054721,0.00668804906308651,-0.0015255901962518692,0.00668804906308651,0.0015255901962518692,0.0034554756712168455,0.00465908320620656,0.0034554756712168455,0
3001,4,0,1,0.013232948258519173,0.024000000208616257,1.5110126696527004e-05,1.5110126696527004e-05,0.0,0.013232948258519173,0.024000000208616257,1,3,0.9076921939849854,0.20944694064039504,13,1.661538353333106,0.002201377049358526,0.0011649727325379496,0.010767051950097084,1.5110126696527004e-05,0.010767051950097084,1.5110126696527004e-05,0.001252443646080792,0.0043038479052484035,0.001252443646080792,0
3001,4,0,2,0.007371514569967985,0.0,-0.0009355724905617535,-0.0009355724905617535,0.0,0.007371514569967985,0.0,0,1,0.9076921939849854,0.20944694064039504,13,1.6615383533331063,0.0015892880040515565,0.0011025388982042273,0.007371514569967985,-0.0009355724905617535,0.007371514569967985,0.0009355724905617535,0.0009811667259782553,0.00345408427529037,0.0009811667259782553,0
3001,4,0,3,0.012472370639443398,0.012000000104308128,-0.005657823756337166,-0.005657823756337166,-0.005400000016763807,0.012472370639443398,0.012000000104308128,1,3,0.007692308165132999,0.2094469155167731,13,1.661538461366525,0.0006299383427662567,0.0004997922950727347,0.00047237053513526917,-0.00025782373957335906,0.00047237053513526917,0.00025782373957335906,0.0019186059944331646,0.004847155883908272,0.0019186059944331646,0
3001,4,0,4,0.00904919020831585,0.0,0.0008818481583148241,0.0008818481583148241,0.0,0.00904919020831585,0.0,0,1,0.9076921939849854,0.20944694064039504,13,1.661538353333106,0.0018845039198172875,0.0012284780262842685,0.00904919020831585,0.0008818481583148241,0.00904919020831585,0.0008818481583148241,0.0038316240534186363,0.004434273112565279,0.0038316240534186363,0
3001,4,0,5,0.010825509205460548,0.012000000104308128,0.0004389065725263208,0.0004389065725263208,0.0,0.010825509205460548,0.012000000104308128,1,3,0.9076921939849854,0.20944694064039504,13,1.661538353333106,0.0008280111180139397,0.000638431903200786,0.00117449089884758,0.0004389065725263208,0.00117449089884758,0.0004389065725263208,0.00163545913528651,0.0034709686879068613,0.00163545913528651,0
3001,4,1,0,0.016866248100996017,0.035999998450279236,0.0031746297609061003,0.0031746297609061003,-6.938893903907228e-18,0.016866248100996017,0.035999998450279236,1,3,0.9076921939849854,0.20944694064039504,13,1.661538353333106,0.0044827241692622895,0.0032950507465904283,0.01913375034928322,0.003174629760906107,0.01913375034928322,0.003174629760906107,0.0033785151317715645,0.008466247469186783,0.0033785151317715645,0
3001,4,1,2,0.007658155634999275,0.0,-0.002190777799114585,-0.002190777799114585,0.0,0.007658155634999275,0.0,0,1,0.9076921939849854,0.20944694064039504,13,1.6615383533331063,0.0023730725198858487,0.002022904558823659,0.007658155634999275,-0.002190777799114585,0.007658155634999275,0.002190777799114585,0.0026981071569025517,0.005297021474689245,0.0026981071569025517,0
3001,4,1,3,0.015168983489274979,0.012000001966953278,-0.007582357618957758,-0.007582357618957758,-0.0054000008549541165,0.015168983489274979,0.012000001966953278,1,3,0.007692308165132999,0.2094469155167731,13,1.661538461366525,0.0020226629192708506,0.0015997654323041794,0.003168981522321701,-0.0021823567640036415,0.003168981522321701,0.0021823567640036415,0.003660450456663966,0.008611462078988552,0.003660450456663966,0
3001,4,1,4,0.00826716236770153,0.0,-0.0011216877028346062,-0.0011216877028346062,0.0,0.00826716236770153,0.0,0,1,0.9076921939849854,0.20944694064039504,13,1.661538353333106,0.002593090686633572,0.0021708230295124846,0.00826716236770153,-0.0011216877028346062,0.00826716236770153,0.0011216877028346062,0.003369849408045411,0.004801574628800154,0.003369849408045411,0
3001,4,1,5,0.011577768251299858,0.03600000124424696,-0.004123493563383818,-0.004123493563383818,-0.006230769243664464,0.011577768251299858,0.03600000124424696,1,4,0.9076921939849854,0.20944694064039504,13,1.661538353333106,0.01057661281825441,0.008846641115888336,0.0244222329929471,0.0021072756802806465,0.0244222329929471,0.0021072756802806465,0.0020626247860491276,0.007940001785755157,0.0020626247860491276,0
3001,4,2,0,0.013103168457746506,0.0,-0.0016427263617515564,-0.0016427263617515564,0.0,0.013103168457746506,0.0,0,1,0.9076921939849854,0.20944694064039504,13,1.661538353333106,0.003442851895940307,0.002710961951659276,0.013103168457746506,-0.0016427263617515564,0.013103168457746506,0.0016427263617515564,0.003625383833423257,0.0072625973261892796,0.003625383833423257,0
3001,4,2,1,0.013117235153913498,0.0,-0.004466758109629154,-0.004466758109629154,0.0,0.013117235153913498,0.0,0,1,0.9076921939849854,0.20944694064039504,13,1.661538353333106,0.0033057791634302836,0.0025437386959967527,0.013117235153913498,-0.004466758109629154,0.013117235153913498,0.004466758109629154,0.004159631207585335,0.008757947944104671,0.004159631207585335,0
3001,4,2,3,0.011061903089284897,0.0,0.00019668228924274445,0.00019668228924274445,-3.469446951953614e-18,0.011061903089284897,0.0,0,1,0.007692308165132999,0.2094469155167731,13,1.661538461366525,0.0029354072417882276,0.002308355545151163,0.011061903089284897,0.00019668228924274792,0.011061903089284897,0.00019668228924274792,0.0012350453762337565,0.0038799350149929523,0.0012350453762337565,0
3001,4,2,4,0.012710507959127426,0.03000000026077032,0.0011938121169805527,0.0011938121169805527,-6.44761778689773e-11,0.012710507959127426,0.03000000026077032,1,3,0.9076921939849854,0.20944694064039504,13,1.661538353333106,0.004279143484675736,0.0031608467006824428,0.017289492301642895,0.0011938121814567305,0.017289492301642895,0.0011938121814567305,0.007662246935069561,0.007237161509692669,0.007662246935069561,0
3001,4,2,5,0.011692173779010773,0.0,-0.0037894730921834707,-0.0037894730921834707,0.0,0.011692173779010773,0.0,0,1,0.9076921939849854,0.20944694064039504,13,1.661538353333106,0.003012063979646142,0.002285862462760429,0.011692173779010773,-0.0037894730921834707,0.011692173779010773,0.0037894730921834707,0.0037191330920904875,0.008099667727947235,0.0037191330920904875,0
3001,5,0,1,0.013114269822835922,0.023999999277293682,-0.0006881745648570359,-0.0006881745648570359,-6.447617873633904e-11,0.013114269822835922,0.023999999277293682,1,3,0.9076921939849854,0.20944694064039504,13,1.661538353333106,0.0023169736536946535,0.0016158899215198833,0.01088572945445776,-0.0006881745003808571,0.01088572945445776,0.0006881745003808571,0.00043678979272954166,0.008876561187207699,0.00043678979272954166,0
3001,5,0,2,0.006493169814348221,0.0,-0.0007529676076956093,-0.0007529676076956093,0.0,0.006493169814348221,0.0,0,1,0.9076921939849854,0.20944694064039504,13,1.6615383533331063,0.001499834017148105,0.001098727278367302,0.006493169814348221,-0.0007529676076956093,0.006493169814348221,0.0007529676076956093,0.001390583347529173,0.005853078793734312,0.001390583347529173,0
3001,5,0,3,0.0130402697250247,0.012000000104308128,-0.006092000287026167,-0.006092000287026167,-0.005400000016763807,0.0130402697250247,0.012000000104308128,1,3,0.9076923131942749,0.2094469155167731,13,1.661538461366525,0.0009801495568825499,0.0008625314321600385,0.0010402696207165718,-0.0006920002702623601,0.0010402696207165718,0.0006920002702623601,0.0037321376148611307,0.008942553773522377,0.0037321376148611307,0
3001,5,0,4,0.008100951090455055,0.0,4.8015110223786905e-05,4.8015110223786905e-05,-8.673617379884035e-19,0.008100951090455055,0.0,0,1,0.9076921939849854,0.20944694064039504,13,1.661538353333106,0.0018332115381893427,0.0013336322253801414,0.008100951090455055,4.801511022378777e-05,0.008100951090455055,4.801511022378777e-05,0.001702307490631938,0.007326980587095022,0.001702307490631938,0
3001,5,0,5,0.010472690686583519,0.012000000104308128,-0.0004941661027260125,-0.0004941661027260125,0.0,0.010472690686583519,0.012000000104308128,1,3,0.9076921939849854,0.20944694064039504,13,1.661538353333106,0.0009081951231949949,0.0008475151265690313,0.0015273094177246094,-0.0004941661027260125,0.0015273094177246094,0.0004941661027260125,0.000642012688331306,0.006643970031291246,0.000642012688331306,0
3001,5,1,0,0.017665788531303406,0.035999998450279236,0.0028990618884563446,0.0028990618884563446,0.0,0.017665788531303406,0.035999998450279236,1,3,0.9076921939849854,0.20944694064039504,13,1.661538353333106,0.0043873720995563515,0.003274253575054146,0.01833420991897583,0.0028990618884563446,0.01833420991897583,0.0028990618884563446,0.0023349355906248093,0.008041995577514172,0.0023349355906248093,0
3001,5,1,2,0.008133038878440857,0.0,-0.0015384048456326127,-0.0015384048456326127,0.0,0.008133038878440857,0.0,0,1,0.9076921939849854,0.20944694064039504,13,1.6615383533331063,0.0024691025687190015,0.0021819236010489377,0.008133038878440857,-0.0015384048456326127,0.008133038878440857,0.0015384048456326127,0.002464052988216281,0.005875651258975267,0.002464052988216281,0
3001,5,1,3,0.016498517245054245,0.012000001966953278,-0.007892417721450329,-0.007892417721450329,-0.0054000008549541165,0.016498517245054245,0.012000001966953278,1,3,0.9076923131942749,0.2094469155167731,13,1.661538461366525,0.0023802590060766895,0.0019715555761692792,0.004498515278100967,-0.0024924168664962124,0.004498515278100967,0.0024924168664962124,0.0036275465972721577,0.008647476322948933,0.0036275465972721577,0
3001,5,1,4,0.00894254446029663,0.0,-0.0010703963926061988,-0.0010703963926061988,0.0,0.00894254446029663,0.0,0,1,0.9076921939849854,0.20944694064039504,13,1.661538353333106,0.0026691681840494575,0.002307135016607815,0.00894254446029663,-0.0010703963926061988,0.00894254446029663,0.0010703963926061988,0.0015133547130972147,0.005061286501586437,0.0015133547130972147,0
3001,5,1,5,0.013193035498261452,0.035999998450279236,-0.004843659698963165,-0.004843659698963165,-0.006230769694997709,0.013193035498261452,0.035999998450279236,1,4,0.9076921939849854,0.20944694064039504,13,1.661538353333106,0.010425376787584862,0.008668689751589794,0.022806962952017784,0.001387109996034544,0.022806962952017784,0.001387109996034544,0.001838012714870274,0.008696084842085838,0.001838012714870274,0
3001,5,2,0,0.014459803700447083,0.0,-0.0011502733686938882,-0.0011502733686938882,3.469446951953614e-18,0.014459803700447083,0.0,0,1,0.9076921939849854,0.20944694064039504,13,1.661538353333106,0.003791344363873008,0.0030662166560895343,0.014459803700447083,-0.0011502733686938917,0.014459803700447083,0.0011502733686938917,0.005553578957915306,0.007313703186810017,0.005553578957915306,0
3001,5,2,1,0.013947892934083939,0.0,-0.004936798941344023,-0.004936798941344023,6.938893903907228e-18,0.013947892934083939,0.0,0,1,0.9076921939849854,0.20944694064039504,13,1.661538353333106,0.0036201039093475074,0.002943257432012163,0.013947892934083939,-0.00493679894134403,0.013947892934083939,0.00493679894134403,0.003831383539363742,0.008765504695475101,0.003831383539363742,0
3001,5,2,3,0.012432154268026352,0.0,-0.0008983537554740906,-0.0008983537554740906,0.0,0.012432154268026352,0.0,0,1,0.9076923131942749,0.2094469155167731,13,1.661538461366525,0.0031876094311517316,0.002432112510387714,0.012432154268026352,-0.0008983537554740906,0.012432154268026352,0.0008983537554740906,0.0019448613747954369,0.003764936001971364,0.0019448613747954369,0
3001,5,2,4,0.013165682554244995,0.02999999839812517,-0.0021719567012041807,-0.0021719567012041807,6.44761778689773e-11,0.013165682554244995,0.02999999839812517,1,3,0.9076921939849854,0.20944694064039504,13,1.661538353333106,0.004295509029740732,0.0032012595866735163,0.016834315843880177,-0.0021719567656803586,0.016834315843880177,0.0021719567656803586,0.0036511733196675777,0.006372459232807159,0.0036511733196675777,0
3001,5,2,5,0.013716742396354675,0.0,-0.004653204698115587,-0.004653204698115587,6.938893903907228e-18,0.013716742396354675,0.0,0,1,0.9076921939849854,0.20944694064039504,13,1.661538353333106,0.0037551778300545817,0.003083305819147437,0.013716742396354675,-0.004653204698115594,0.013716742396354675,0.004653204698115594,0.0030976536218076944,0.008363080210983753,0.0030976536218076944,0
3001,6,0,1,0.014431415125727654,0.024000000208616257,-0.001134191988967359,-0.001134191988967359,0.0,0.014431415125727654,0.024000000208616257,1,3,0.9076921939849854,0.20944694064039504,13,1.661538353333106,0.0027377674520664137,0.0022811861653652416,0.009568585082888603,-0.001134191988967359,0.009568585082888603,0.001134191988967359,0.0016375839477404952,0.009026422165334225,0.0016375839477404952,0
3001,6,0,2,0.00743241049349308,0.0,-0.0012777388328686357,-0.0012777388328686357,0.0,0.00743241049349308,0.0,0,1,0.9076921939849854,0.20944694064039504,13,1.6615383533331063,0.0019765914127262167,0.001623906812371587,0.00743241049349308,-0.0012777388328686357,0.00743241049349308,0.0012777388328686357,0.0019192994805052876,0.006149838212877512,0.0019192994805052876,0
3001,6,0,3,0.013010263442993164,0.011999998241662979,-0.006595590617507696,-0.006595590617507696,-0.005399999178573495,0.013010263442993164,0.011999998241662979,1,3,0.007692308165132999,0.2094469155167731,13,1.661538461366525,0.001796773621444131,0.0015604341259369482,0.001010265201330185,-0.0011955914389342008,0.001010265201330185,0.0011955914389342008,0.004754567518830299,0.007204349152743816,0.004754567518830299,0
3001,6,0,4,0.009151244536042213,0.0,-0.0018246332183480263,-0.0018246332183480263,0.0,0.009151244536042213,0.0,0,1,0.9076921939849854,0.20944694064039504,13,1.661538353333106,0.0024361153130092596,0.0019449899358862251,0.009151244536042213,-0.0018246332183480263,0.009151244536042213,0.0018246332183480263,0.0028655175119638443,0.006659131962805986,0.0028655175119638443,0
3001,6,0,5,0.012486552819609642,0.011999998241662979,-0.0010024256771430373,-0.0010024256771430373,3.469446951953614e-18,0.012486552819609642,0.011999998241662979,1,3,0.9076921939849854,0.20944694064039504,13,1.661538353333106,0.0019939163855950542,0.0016941768971420607,0.0004865545779466629,-0.0010024256771430408,0.0004865545779466629,0.0010024256771430408,0.0017858119681477547,0.007332839537411928,0.0017858119681477547,0
3001,6,1,0,0.01631644368171692,0.035999998450279236,-0.0016016667941585183,-0.0016016667941585183,0.0,0.01631644368171692,0.035999998450279236,1,3,0.9076921939849854,0.20944694064039504,13,1.661538353333106,0.00459401544994491,0.003340127288237126,0.019683554768562317,-0.0016016667941585183,0.019683554768562317,0.0016016667941585183,0.0034250339958816767,0.0087467385455966,0.0034250339958816767,0
3001,6,1,2,0.007290072739124298,0.0,-0.001988908974453807,-0.001988908974453807,0.0,0.007290072739124298,0.0,0,1,0.9076921939849854,0.20944694064039504,13,1.6615383533331063,0.0022930389595894178,0.0019547031784551386,0.007290072739124298,-0.001988908974453807,0.007290072739124298,0.001988908974453807,0.0025255365762859583,0.0047114696353673935,0.0025255365762859583,0
3001,6,1,3,0.014964964240789413,0.012000001966953278,-0.007503358181566,-0.007503358181566,-0.0054000008549541165,0.014964964240789413,0.012000001966953278,1,3,0.007692308165132999,0.2094469155167731,13,1.661538461366525,0.002134351870784353,0.0016713753430801029,0.002964962273836136,-0.0021033573266118835,0.002964962273836136,0.0021033573266118835,0.003557821037247777,0.008577830158174038,0.003557821037247777,0
3001,6,1,4,0.008362971246242523,0.0,-0.0015915287658572197,-0.0015915287658572197,0.0,0.008362971246242523,0.0,0,1,0.9076921939849854,0.20944694064039504,13,1.661538353333106,0.002678980089602462,0.0022810284026275724,0.008362971246242523,-0.0015915287658572197,0.008362971246242523,0.0015915287658572197,0.0032027990091592073,0.005080664996057749,0.0032027990091592073,0
3001,6,1,5,0.01161455363035202,0.03600000124424696,-0.004403732717037201,-0.004403732717037201,-0.006230769243664464,0.01161455363035202,0.03600000124424696,1,4,0.9076921939849854,0.20944694064039504,13,1.661538353333106,0.01054692730218391,0.008809284081120465,0.02438544761389494,0.0018270365266272633,0.02438544761389494,0.0018270365266272633,0.0022080023773014545,0.007788282353430986,0.0022080023773014545,0
3001,6,2,0,0.013633228838443756,0.0,0.0008447769214399159,0.0008447769214399159,0.0,0.013633228838443756,0.0,0,1,0.9076921939849854,0.20944694064039504,13,1.661538353333106,0.003549416209765227,0.0028106432253792446,0.013633228838443756,0.0008447769214399159,0.013633228838443756,0.0008447769214399159,0.00843596737831831,0.007868795655667782,0.00843596737831831,0
3001,6,2,1,0.01315893605351448,0.0,-0.004557108506560326,-0.004557108506560326,0.0,0.01315893605351448,0.0,0,1,0.9076921939849854,0.20944694064039504,13,1.661538353333106,0.00342989105071364,0.002713902903026378,0.01315893605351448,-0.004557108506560326,0.01315893605351448,0.004557108506560326,0.0036987890489399433,0.00858316756784916,0.0036987890489399433,0
3001,6,2,3,0.01106831431388855,0.0,-0.0004278793931007385,-0.0004278793931007385,-3.469446951953614e-18,0.01106831431388855,0.0,0,1,0.007692308165132999,0.2094469155167731,13,1.661538461366525,0.0030136522104275234,0.002382438695995059,0.01106831431388855,-0.00042787939310073506,0.01106831431388855,0.00042787939310073506,0.0011027998989447951,0.004594254307448864,0.0011027998989447951,0
3001,6,2,4,0.012570753693580627,0.03000000026077032,0.001477117300964892,0.001477117300964892,-6.44761778689773e-11,0.012570753693580627,0.03000000026077032,1,3,0.9076921939849854,0.20944694064039504,13,1.661538353333106,0.004284740423059773,0.00318473110184867,0.017429246567189693,0.0014771173654410698,0.017429246567189693,0.0014771173654410698,0.007728819269686937,0.006792887579649687,0.007728819269686937,0
3001,6,2,5,0.01262759417295456,0.0,-0.0042971158400177956,-0.0042971158400177956,0.0,0.01262759417295456,0.0,0,1,0.9076921939849854,0.20944694064039504,13,1.661538353333106,0.0034772357232753476,0.0027473177430192394,0.01262759417295456,-0.0042971158400177956,0.01262759417295456,0.0042971158400177956,0.003024917095899582,0.008649793453514576,0.003024917095899582,0
3001,7,0,1,0.020661916583776474,0.024000003933906555,-0.0018919287249445915,-0.0018919287249445915,1.3877787807814457e-17,0.020661916583776474,0.024000003933906555,1,3,0.9076921939849854,0.20944694064039504,13,1.661538353333106,0.0036658757627653373,0.003008078893966223,0.003338087350130081,-0.0018919287249446054,0.003338087350130081,0.0018919287249446054,0.003795957425609231,0.011522315442562103,0.003795957425609231,0
3001,7,0,2,0.01701124757528305,0.0,-0.001977135892957449,-0.001977135892957449,0.0,0.01701124757528305,0.0,0,1,0.9076921939849854,0.20944694064039504,13,1.6615383533331063,0.004893115036780863,0.004082028858760405,0.01701124757528305,-0.001977135892957449,0.01701124757528305,0.001977135892957449,0.0045575532130897045,0.01075677014887333,0.0045575532130897045,0
3001,7,0,3,0.025592803955078125,0.035999998450279236,0.006907374132424593,0.006907374132424593,0.0020769231456976706,0.025592803955078125,0.035999998450279236,1,4,0.9076921939849854,0.20944694064039504,13,1.661538353333106,0.008130487190578335,0.005400340408968502,0.01040719449520111,0.004830450986726922,0.01040719449520111,0.004830450986726922,0.006461556069552898,0.013360490091145039,0.006461556069552898,0
3001,7,0,4,0.016726519912481308,0.0,-0.001737428829073906,-0.001737428829073906,1.3877787807814457e-17,0.016726519912481308,0.0,0,1,0.9076921939849854,0.20944694064039504,13,1.661538353333106,0.0048641898533145055,0.00400856146092951,0.016726519912481308,-0.0017374288290739198,0.016726519912481308,0.0017374288290739198,0.008015464060008526,0.008429579436779022,0.008015464060008526,0
3001,7,0,5,0.0185343399643898,0.01199999451637268,-0.002715895650908351,-0.002715895650908351,0.0,0.0185343399643898,0.01199999451637268,1,3,0.9076921939849854,0.20944694064039504,13,1.661538353333106,0.003656356904371261,0.0032342389314132325,0.00653434544801712,-0.002715895650908351,0.00653434544801712,0.002715895650908351,0.0033892381470650434,0.011591648682951927,0.0033892381470650434,0
3001,7,1,0,0.017948448657989502,0.035999998450279236,-0.0008501649717800319,-0.0008501649717800319,0.0016615387228819042,0.017948448657989502,0.035999998450279236,1,4,0.9076921939849854,0.20944694064039504,13,1.661538353333106,0.00447985713642108,0.003550301355546748,0.018051549792289734,-0.002511703694661936,0.018051549792289734,0.002511703694661936,0.0016293294029310346,0.008455933071672916,0.0016293294029310346,0
3001,7,1,2,0.007562851533293724,0.0,-0.0021933976095169783,-0.0021933976095169783,0.0,0.007562851533293724,0.0,0,1,0.9076921939849854,0.20944694064039504,13,1.6615383533331063,0.0022980373901980667,0.0019884397821313526,0.007562851533293724,-0.0021933976095169783,0.007562851533293724,0.0021933976095169783,0.002177077578380704,0.00420622481033206,0.002177077578380704,0
3001,7,1,3,0.015974389389157295,0.012000001966953278,1.1535982594068628e-05,1.1535982594068628e-05,0.0,0.015974389389157295,0.012000001966953278,1,3,0.9076921939849854,0.20944694064039504,13,1.661538353333106,0.0023590243101949517,0.0018992415193975327,0.003974387422204018,1.1535982594068628e-05,0.003974387422204018,1.1535982594068628e-05,0.002356589073315263,0.009575610049068928,0.002356589073315263,0
3001,7,1,4,0.008024359121918678,0.0,-0.0017296131700277328,-0.0017296131700277328,0.0,0.008024359121918678,0.0,0,1,0.9076921939849854,0.20944694064039504,13,1.661538353333106,0.0026805993141507914,0.002303949143935943,0.008024359121918678,-0.0017296131700277328,0.008024359121918678,0.0017296131700277328,0.001488804235123098,0.005152314435690641,0.001488804235123098,0
3001,7,1,5,0.01276589184999466,0.036000001011416316,-0.004507705103605986,-0.004507705103605986,-0.006230769195307323,0.01276589184999466,0.036000001011416316,1,4,0.9076921939849854,0.20944694064039504,13,1.661538353333106,0.010242764774867123,0.008553093161500063,0.023234109161421657,0.0017230640917013373,0.023234109161421657,0.0017230640917013373,0.002252768725156784,0.00813691783696413,0.002252768725156784,0
3001,7,2,0,0.014016330242156982,0.0,-0.002904745517298579,-0.002904745517298579,3.469446951953614e-18,0.014016330242156982,0.0,0,1,0.9076921939849854,0.20944694064039504,13,1.661538353333106,0.0036211155591675047,0.0028854941387148293,0.014016330242156982,-0.0029047455172985827,0.014016330242156982,0.0029047455172985827,0.003446635091677308,0.005189015530049801,0.003446635091677308,0
3001,7,2,1,0.01427660882472992,0.0,-0.004877632949501276,-0.004877632949501276,6.938893903907228e-18,0.01427660882472992,0.0,0,1,0.9076921939849854,0.20944694064039504,13,1.661538353333106,0.0036197824840056574,0.002838077717984217,0.01427660882472992,-0.004877632949501283,0.01427660882472992,0.004877632949501283,0.003986910451203585,0.007631807588040829,0.003986910451203585,0
3001,7,2,3,0.012460995465517044,0.0,-0.0024411126505583525,-0.0024411126505583525,3.469446951953614e-18,0.012460995465517044,0.0,0,1,0.9076921939849854,0.20944694064039504,13,1.661538353333106,0.0032906976032970737,0.0024833179701714827,0.012460995465517044,-0.002441112650558356,0.012460995465517044,0.002441112650558356,0.004282817710191011,0.0026941837277263403,0.004282817710191011,0
3001,7,2,4,0.013228137046098709,0.02999999839812517,-0.001883572549559176,-0.001883572549559176,6.44761778689773e-11,0.013228137046098709,0.02999999839812517,1,3,0.9076921939849854,0.20944694064039504,13,1.661538353333106,0.004471579455182089,0.003359449685677974,0.016771861352026463,-0.0018835726140353538,0.016771861352026463,0.0018835726140353538,0.0033034842927008867,0.0045745400711894035,0.0033034842927008867,0
3001,7,2,5,0.013456963002681732,0.0,-0.004339497070759535,-0.004339497070759535,6.938893903907228e-18,0.013456963002681732,0.0,0,1,0.9076921939849854,0.20944694064039504,13,1.661538353333106,0.00360422911684826,0.002950125941510736,0.013456963002681732,-0.004339497070759542,0.013456963002681732,0.004339497070759542,0.00324395508505404,0.0069522494450211525,0.00324395508505404,0
3001,8,0,1,0.02084426023066044,0.023999996483325958,0.00033300588256679475,0.00033300588256679475,5.158093951962428e-10,0.02084426023066044,0.023999996483325958,1,3,0.9076921939849854,0.20944694064039504,13,1.661538353333106,0.004215570123515901,0.0030253094417103657,0.0031557362526655197,0.00033300536675739956,0.0031557362526655197,0.00033300536675739956,0.005140936002135277,0.005792002193629742,0.005140936002135277,0
3001,8,0,2,0.017535928636789322,0.0,0.00027834888896904886,0.00027834888896904886,0.0,0.017535928636789322,0.0,0,1,0.9076921939849854,0.20944694064039504,13,1.6615383533331063,0.0052126704265822305,0.004322080939082352,0.017535928636789322,0.00027834888896904886,0.017535928636789322,0.00027834888896904886,0.006495976820588112,0.009288154542446136,0.006495976820588112,0
3001,8,0,3,0.021084014326334,0.01199999451637268,-0.010421003215014935,-0.010421003215014935,-0.005399997502192874,0.021084014326334,0.01199999451637268,1,3,0.9076923131942749,0.2094469155167731,13,1.661538461366525,0.003768682693405605,0.0028476477462864493,0.009084019809961319,-0.00502100571282206,0.009084019809961319,0.00502100571282206,0.010136422701179981,0.008013303391635418,0.010136422701179981,0
3001,8,0,4,0.016614900901913643,0.0,0.0006309663876891136,0.0006309663876891136,-1.3877787807814457e-17,0.016614900901913643,0.0,0,1,0.9076921939849854,0.20944694064039504,13,1.661538353333106,0.004483131562123487,0.003555008425162389,0.016614900901913643,0.0006309663876891275,0.016614900901913643,0.0006309663876891275,0.008501042611896992,0.004830954130738974,0.008501042611896992,0
3001,8,0,5,0.01771078258752823,0.012000001966953278,-0.0008933941717259586,-0.0008933941717259586,5.158093951962428e-10,0.01771078258752823,0.012000001966953278,1,3,0.9076921939849854,0.20944694064039504,13,1.661538353333106,0.003370166969719621,0.0026976393436539082,0.005710780620574951,-0.0008933946875353538,0.005710780620574951,0.0008933946875353538,0.0030382408294826746,0.006367664784193039,0.0030382408294826746,0
3001,8,1,0,0.016995780169963837,0.035999998450279236,-0.0007798150181770325,-0.0007798150181770325,6.938893903907228e-18,0.016995780169963837,0.035999998450279236,1,3,0.9076921939849854,0.20944694064039504,13,1.661538353333106,0.004670276336281872,0.003577485680580139,0.0190042182803154,-0.0007798150181770394,0.0190042182803154,0.0007798150181770394,0.0011315677547827363,0.007052290719002485,0.0011315677547827363,0
3001,8,1,2,0.008376553654670715,0.0,-0.001553832204081118,-0.001553832204081118,0.0,0.008376553654670715,0.0,0,1,0.9076921939849854,0.20944694064039504,13,1.6615383533331063,0.0025400291637341335,0.0022450330606579075,0.008376553654670715,-0.001553832204081118,0.008376553654670715,0.001553832204081118,0.0023415929172188044,0.004901255015283823,0.0023415929172188044,0
3001,8,1,3,0.015877587720751762,0.012000001966953278,-0.007618363946676254,-0.007618363946676254,-0.0054000008549541165,0.015877587720751762,0.012000001966953278,1,3,0.9076923131942749,0.2094469155167731,13,1.661538461366525,0.002460171044057802,0.0020058416932292236,0.003877585753798485,-0.002218363091722138,0.003877585753798485,0.002218363091722138,0.0030948331113904715,0.007697185501456261,0.0030948331113904715,0
3001,8,1,4,0.008985042572021484,0.0,-0.00153944396879524,-0.00153944396879524,6.938893903907228e-18,0.008985042572021484,0.0,0,1,0.9076921939849854,0.20944694064039504,13,1.661538353333106,0.0028642308207309547,0.002498466984407436,0.008985042572021484,-0.0015394439687952469,0.008985042572021484,0.0015394439687952469,0.0010211766930297017,0.004254956264048815,0.0010211766930297017,0
3001,8,1,5,0.013287419453263283,0.036000002175569534,-0.005552985239773989,-0.005552985239773989,-0.006230769437092991,0.013287419453263283,0.036000002175569534,1,4,0.9076921939849854,0.20944694064039504,13,1.661538353333106,0.010224536525377912,0.008477323815314726,0.02271258272230625,0.0006777841973190021,0.02271258272230625,0.0006777841973190021,0.002469424856826663,0.007039050571620464,0.002469424856826663,0
3001,8,2,0,0.013788629323244095,0.0,-0.0034288831520825624,-0.0034288831520825624,3.469446951953614e-18,0.013788629323244095,0.0,0,1,0.9076921939849854,0.20944694064039504,13,1.661538353333106,0.0037386692475200353,0.002986789410988961,0.013788629323244095,-0.003428883152082566,0.013788629323244095,0.003428883152082566,0.0034044249914586544,0.007211883552372456,0.0034044249914586544,0
3001,8,2,1,0.013628210872411728,0.0,-0.004730124492198229,-0.004730124492198229,6.938893903907228e-18,0.013628210872411728,0.0,0,1,0.9076921939849854,0.20944694064039504,13,1.661538353333106,0.0036201469953785976,0.0028812185194365372,0.013628210872411728,-0.004730124492198236,0.013628210872411728,0.004730124492198236,0.0033236672170460224,0.008366773836314678,0.0033236672170460224,0
3001,8,2,3,0.011861048638820648,0.0,-0.001037444337271154,-0.001037444337271154,0.0,0.011861048638820648,0.0,0,1,0.9076923131942749,0.2094469155167731,13,1.661538461366525,0.0030729512382226985,0.0023720075745554364,0.011861048638820648,-0.001037444337271154,0.011861048638820648,0.001037444337271154,0.00169373897369951,0.0023302196059376,0.00169373897369951,0
3001,8,2,4,0.013313354924321175,0.02999999839812517,-0.002417461946606636,-0.002417461946606636,6.44761778689773e-11,0.013313354924321175,0.02999999839812517,1,3,0.9076921939849854,0.20944694064039504,13,1.661538353333106,0.004149935313897245,0.0030849149131034256,0.016686643473803997,-0.002417462011082814,0.016686643473803997,0.002417462011082814,0.0037685346323996782,0.005972103215754032,0.0037685346323996782,0
3001,8,2,5,0.01329372450709343,0.0,-0.004436771851032972,-0.004436771851032972,6.938893903907228e-18,0.01329372450709343,0.0,0,1,0.9076921939849854,0.20944694064039504,13,1.661538353333106,0.0037489169672045614,0.003093508794110203,0.01329372450709343,-0.004436771851032979,0.01329372450709343,0.004436771851032979,0.0022336365655064583,0.007662373129278421,0.0022336365655064583,0
3001,9,0,1,0.013346659950911999,0.024000000208616257,-0.0010804537450894713,-0.0010804537450894713,-2.5790471494535616e-10,0.013346659950911999,0.024000000208616257,1,3,0.9076921939849854,0.20944694064039504,13,1.661538353333106,0.0031152668846353127,0.002603623586205336,0.010653340257704258,-0.0010804534871847564,0.010653340257704258,0.0010804534871847564,0.00128601782489568,0.0077982498332858086,0.00128601782489568,0
3001,9,0,2,0.007207902148365974,0.0,-0.0014203836908563972,-0.0014203836908563972,-3.469446951953614e-18,0.007207902148365974,0.0,0,1,0.9076921939849854,0.20944694064039504,13,1.6615383533331063,0.001991932462965882,0.001668728336956374,0.007207902148365974,-0.0014203836908563937,0.007207902148365974,0.0014203836908563937,0.002249645534902811,0.0037260763347148895,0.002249645534902811,0
3001,9,0,3,0.012748120352625847,0.012000001966953278,-0.0067241196520626545,-0.0067241196520626545,-0.00540000085495412,0.012748120352625847,0.012000001966953278,1,3,0.9076923131942749,0.2094469155167731,13,1.661538461366525,0.0018097862759137615,0.0015764794141583187,0.0007481183856725693,-0.0013241187971085346,0.0007481183856725693,0.0013241187971085346,0.004799887537956238,0.007327225990593433,0.004799887537956238,0
3001,9,0,4,0.009388213977217674,0.0,-0.002038480481132865,-0.002038480481132865,-3.469446951953614e-18,0.009388213977217674,0.0,0,1,0.007692307233810425,0.20944694064039504,13,1.661538353333106,0.0024906569961297962,0.0020821503413146767,0.009388213977217674,-0.0020384804811328615,0.009388213977217674,0.0020384804811328615,0.002811329672113061,0.00545911118388176,0.002811329672113061,0
3001,9,0,5,0.01258671935647726,0.012000000104308128,-0.0008410598966293037,-0.0008410598966293037,-1.289523557379546e-10,0.01258671935647726,0.012000000104308128,1,3,0.9076921939849854,0.20944694064039504,13,1.661538353333106,0.0022052542821312375,0.0019126290334223297,0.0005867192521691322,-0.000841059767676948,0.0005867192521691322,0.000841059767676948,0.0015263971872627735,0.005962408613413572,0.0015263971872627735,0
3001,9,1,0,0.016244228929281235,0.035999998450279236,-0.0016477406024932861,-0.0016477406024932861,0.0,0.016244228929281235,0.035999998450279236,1,3,0.9076921939849854,0.20944694064039504,13,1.661538353333106,0.004769157528527833,0.003567669386341727,0.019755769520998,-0.0016477406024932861,0.019755769520998,0.0016477406024932861,0.0029719395097345114,0.007081764284521341,0.0029719395097345114,0
3001,9,1,2,0.008181985467672348,0.0,-0.0016182934632524848,-0.0016182934632524848,0.0,0.008181985467672348,0.0,0,1,0.9076921939849854,0.20944694064039504,13,1.6615383533331063,0.002485631552906655,0.0021490095370619963,0.008181985467672348,-0.0016182934632524848,0.008181985467672348,0.0016182934632524848,0.002734037581831217,0.004113073460757732,0.002734037581831217,0
3001,9,1,3,0.015431826934218407,0.012000001966953278,-0.0075745717622339725,-0.0075745717622339725,-0.0054000008549541165,0.015431826934218407,0.012000001966953278,1,3,0.9076923131942749,0.2094469155167731,13,1.661538461366525,0.0022750219849623377,0.0018281148823760668,0.003431824967265129,-0.002174570907279856,0.003431824967265129,0.002174570907279856,0.0031450768001377583,0.007437854073941708,0.0031450768001377583,0
3001,9,1,4,0.009140342473983765,0.0,-0.0014062424888834357,-0.0014062424888834357,0.0,0.009140342473983765,0.0,0,1,0.007692307233810425,0.20944694064039504,13,1.661538353333106,0.002870679638899538,0.0024176573259590646,0.009140342473983765,-0.0014062424888834357,0.009140342473983765,0.0014062424888834357,0.002953222254291177,0.004359029233455658,0.002953222254291177,0
3001,9,1,5,0.012874484062194824,0.036000002175569534,-0.005133697763085365,-0.005133697763085365,-0.006230769437092991,0.012874484062194824,0.036000002175569534,1,4,0.9076921939849854,0.20944694064039504,13,1.661538353333106,0.010448869005976929,0.008686527014660413,0.02312551811337471,0.0010970716740076256,0.02312551811337471,0.0010970716740076256,0.002453769790008664,0.00540061155334115,0.002453769790008664,0
3001,9,2,0,0.011575669050216675,0.0,0.00077796820551157,0.00077796820551157,0.0,0.011575669050216675,0.0,0,1,0.9076921939849854,0.20944694064039504,13,1.661538353333106,0.0032093451680497145,0.002639018924984,0.011575669050216675,0.00077796820551157,0.011575669050216675,0.00077796820551157,0.007974276319146156,0.006445756182074547,0.007974276319146156,0
3001,9,2,1,0.011703357100486755,0.0,-0.004114546347409487,-0.004114546347409487,0.0,0.011703357100486755,0.0,0,1,0.9076921939849854,0.20944694064039504,13,1.661538353333106,0.0031000118952449808,0.002457356355952088,0.011703357100486755,-0.004114546347409487,0.011703357100486755,0.004114546347409487,0.003534669755026698,0.008244390599429607,0.003534669755026698,0
3001,9,2,3,0.009724687784910202,0.0,-0.0006205029785633087,-0.0006205029785633087,-3.469446951953614e-18,0.009724687784910202,0.0,0,1,0.9076923131942749,0.2094469155167731,13,1.661538461366525,0.002600688729794275,0.0021006772239532696,0.009724687784910202,-0.0006205029785633052,0.009724687784910202,0.0006205029785633052,0.0019566237460821867,0.0028195041231811047,0.0019566237460821867,0
3001,9,2,4,0.012234725058078766,0.03000000026077032,0.0010633846977725625,0.0010633846977725625,-6.44761778689773e-11,0.012234725058078766,0.03000000026077032,1,3,0.007692307233810425,0.20944694064039504,13,1.661538353333106,0.0041447186066719665,0.0029865219064894514,0.017765275202691555,0.0010633847622487404,0.017765275202691555,0.0010633847622487404,0.007358727045357227,0.006100296508520842,0.007358727045357227,0
3001,9,2,5,0.010870501399040222,0.0,-0.003929791506379843,-0.003929791506379843,0.0,0.010870501399040222,0.0,0,1,0.9076921939849854,0.20944694064039504,13,1.661538353333106,0.003071300167898131,0.0025251182843242168,0.010870501399040222,-0.003929791506379843,0.010870501399040222,0.003929791506379843,0.002709844382479787,0.008245402947068214,0.002709844382479787,0
3001,10,0,1,0.021759837865829468,0.024000003933906555,-1.2417323887348175e-05,-1.2417323887348175e-05,1.3877787807814457e-17,0.021759837865829468,0.024000003933906555,1,3,0.9076921939849854,0.20944694064039504,13,1.661538353333106,0.0043007128349714435,0.0029617498061184347,0.0022401660680770874,-1.2417323887362053e-05,0.0022401660680770874,1.2417323887362053e-05,0.0038004526868462563,0.010827149264514446,0.0038004526868462563,0
3001,10,0,2,0.019514791667461395,0.0,0.0009011108777485788,0.0009011108777485788,0.0,0.019514791667461395,0.0,0,1,0.9076921939849854,0.20944694064039504,13,1.6615383533331063,0.005278948478733771,0.004221414527824816,0.019514791667461395,0.0009011108777485788,0.019514791667461395,0.0009011108777485788,0.007046909537166357,0.01026605349034071,0.007046909537166357,0
3001,10,0,3,0.020957626402378082,0.012000001966953278,-0.012019696645438671,-0.012019696645438671,-0.005399998018002283,0.020957626402378082,0.012000001966953278,1,3,0.9076923131942749,0.2094469155167731,13,1.661538461366525,0.003788252926816495,0.002975913855803791,0.008957624435424805,-0.006619698627436388,0.008957624435424805,0.006619698627436388,0.01238223910331726,0.012058699503540993,0.01238223910331726,0
3001,10,0,4,0.019737230613827705,0.0,0.004754829686135054,0.004754829686135054,0.0,0.019737230613827705,0.0,0,1,0.9076921939849854,0.20944694064039504,13,1.661538353333106,0.004647869291674304,0.0033348117178008405,0.019737230613827705,0.004754829686135054,0.019737230613827705,0.004754829686135054,0.007753267884254456,0.007241671904921532,0.007753267884254456,0
3001,10,0,5,0.018464211374521255,0.012000001966953278,-0.0006398006225936115,-0.0006398006225936115,5.158093951962428e-10,0.018464211374521255,0.012000001966953278,1,3,0.007692307233810425,0.20944694064039504,13,1.661538353333106,0.0035616525508978827,0.002740054396835304,0.006464209407567978,-0.0006398011384030067,0.006464209407567978,0.0006398011384030067,0.00404370529577136,0.007356146350502968,0.00404370529577136,0
3001,10,1,0,0.016258664429187775,0.035999998450279236,-0.0008297596941702068,-0.0008297596941702068,0.0,0.016258664429187775,0.035999998450279236,1,3,0.9076921939849854,0.20944694064039504,13,1.661538353333106,0.004401340376738323,0.0031520384832246767,0.01974133402109146,-0.0008297596941702068,0.01974133402109146,0.0008297596941702068,0.0011735446751117706,0.007842742837965488,0.0011735446751117706,0
3001,10,1,2,0.006389321759343147,0.0,-0.0019069541012868285,-0.0019069541012868285,0.0,0.006389321759343147,0.0,0,1,0.9076921939849854,0.20944694064039504,13,1.6615383533331063,0.0019051509829131107,0.0016125897331350655,0.006389321759343147,-0.0019069541012868285,0.006389321759343147,0.0019069541012868285,0.0023928212467581034,0.0023042322136461735,0.0023928212467581034,0
3001,10,1,3,0.01566161960363388,0.012000000104308128,-0.0073070223443210125,-0.0073070223443210125,-0.005400000726001761,0.01566161960363388,0.012000000104308128,1,3,0.9076923131942749,0.2094469155167731,13,1.661538461366525,0.0018646628608072484,0.0015768116042458801,0.0036616194993257523,-0.0019070216183192518,0.0036616194993257523,0.0019070216183192518,0.0028388428036123514,0.0064142681658267975,0.0028388428036123514,0
3001,10,1,4,0.00692189484834671,0.0,0.002180555136874318,0.002180555136874318,0.0,0.00692189484834671,0.0,0,1,0.9076921939849854,0.20944694064039504,13,1.661538353333106,0.0022564781981188864,0.0019252335751903128,0.00692189484834671,0.002180555136874318,0.00692189484834671,0.002180555136874318,0.0011992210056632757,0.002679120283573866,0.0011992210056632757,0
3001,10,1,5,0.013092732056975365,0.036000002175569534,-0.005423500668257475,-0.005423500668257475,-0.006230769437092991,0.013092732056975365,0.036000002175569534,1,4,0.007692307233810425,0.20944694064039504,13,1.661538353333106,0.010238550554312675,0.008496404201145,0.02290727011859417,0.000807268768835516,0.02290727011859417,0.000807268768835516,0.0023594237864017487,0.006029441487044096,0.0023594237864017487,0
3001,10,2,0,0.007522696629166603,0.0,-0.000974469177890569,-0.000974469177890569,3.469446951953614e-18,0.007522696629166603,0.0,0,1,0.9076921939849854,0.20944694064039504,13,1.661538353333106,0.002211587541703212,0.0016884739846872862,0.007522696629166603,-0.0009744691778905724,0.007522696629166603,0.0009744691778905724,0.001719855354167521,0.0040201786905527115,0.001719855354167521,0
3001,10,2,1,0.007943008095026016,0.0,-0.0028480521868914366,-0.0028480521868914366,6.938893903907228e-18,0.007943008095026016,0.0,0,1,0.9076921939849854,0.20944694064039504,13,1.661538353333106,0.0023454315481376705,0.0019120516024044984,0.007943008095026016,-0.0028480521868914435,0.007943008095026016,0.0028480521868914435,0.0013865118380635977,0.003597158007323742,0.0013865118380635977,0
3001,10,2,3,0.008579952642321587,0.0,0.0003532757982611656,0.0003532757982611656,0.0,0.008579952642321587,0.0,0,1,0.9076923131942749,0.2094469155167731,13,1.661538461366525,0.0023004848418390206,0.001754025471281018,0.008579952642321587,0.0003532757982611656,0.008579952642321587,0.0003532757982611656,0.0026670484803617,0.003223604755476117,0.0026670484803617,0
3001,10,2,4,0.013418897986412048,0.02999999839812517,-0.00022305671882349998,-0.00022305671882349998,6.923084459626097e-05,0.013418897986412048,0.02999999839812517,1,4,0.9076921939849854,0.20944694064039504,13,1.661538353333106,0.003531769335157313,0.0021576435365796794,0.016581100411713123,-0.00029228756341976095,0.016581100411713123,0.00029228756341976095,0.002913567703217268,0.0036398519296199083,0.002913567703217268,0
3001,10,2,5,0.008515967056155205,0.0,-0.002768567530438304,-0.002768567530438304,6.938893903907228e-18,0.008515967056155205,0.0,0,1,0.007692307233810425,0.20944694064039504,13,1.661538353333106,0.0023558743984214018,0.0018194823046407756,0.008515967056155205,-0.002768567530438311,0.008515967056155205,0.002768567530438311,0.0013592506293207407,0.0037949499674141407,0.0013592506293207407,0
3001,11,0,1,0.012974947690963745,0.024000000208616257,-0.0010785552440211177,-0.0010785552440211177,-2.5790471494535616e-10,0.012974947690963745,0.024000000208616257,1,3,0.9076921939849854,0.20944694064039504,13,1.661538353333106,0.0031305328154146387,0.0025693776207210044,0.011025052517652512,-0.0010785549861164027,0.011025052517652512,0.0010785549861164027,0.0012450916692614555,0.007354734465479851,0.0012450916692614555,0
3001,11,0,2,0.007142322137951851,0.0,-0.0013864993816241622,-0.0013864993816241622,-3.469446951953614e-18,0.007142322137951851,0.0,0,1,0.9076921939849854,0.20944694064039504,13,1.6615383533331063,0.0019181364792952187,0.001608809930156674,0.007142322137951851,-0.0013864993816241587,0.007142322137951851,0.0013864993816241587,0.0021311778109520674,0.0029267212375998497,0.0021311778109520674,0
3001,11,0,3,0.012465272098779678,0.012000001966953278,-0.006708313245326281,-0.006708313245326281,-0.00540000085495412,0.012465272098779678,0.012000001966953278,1,3,0.9076923131942749,0.2094469155167731,13,1.661538461366525,0.0017551290441865422,0.0015515477435123284,0.00046527013182640076,-0.0013083123903721607,0.00046527013182640076,0.0013083123903721607,0.004573606885969639,0.00681072473526001,0.004573606885969639,0
3001,11,0,4,0.009426021948456764,0.0,-0.001858317293226719,-0.001858317293226719,-3.469446951953614e-18,0.009426021948456764,0.0,0,1,0.9076921939849854,0.20944694064039504,13,1.661538353333106,0.0024907056870453153,0.002080139698537849,0.009426021948456764,-0.0018583172932267154,0.009426021948456764,0.0018583172932267154,0.0029519752133637667,0.005340807605534792,0.0029519752133637667,0
3001,11,0,5,0.012280820868909359,0.012000000104308128,-0.0008712494745850563,-0.0008712494745850563,-1.289523557379546e-10,0.012280820868909359,0.012000000104308128,1,3,0.9076921939849854,0.20944694064039504,13,1.661538353333106,0.00213208335846841,0.0018624652000750316,0.0002808207646012306,-0.0008712493456327006,0.0002808207646012306,0.0008712493456327006,0.0015005040913820267,0.006096831057220697,0.0015005040913820267,0
3001,11,1,0,0.01568729057908058,0.035999998450279236,-0.0018904944881796837,-0.0018904944881796837,0.0,0.01568729057908058,0.035999998450279236,1,3,0.9076921939849854,0.20944694064039504,13,1.661538353333106,0.004733408257829843,0.0035002130199466228,0.020312707871198654,-0.0018904944881796837,0.020312707871198654,0.0018904944881796837,0.003147321520373225,0.005851565394550562,0.003147321520373225,0
3001,11,1,2,0.007275056093931198,0.0,-0.001564228325150907,-0.001564228325150907,0.0,0.007275056093931198,0.0,0,1,0.9076921939849854,0.20944694064039504,13,1.6615383533331063,0.0023134741124214357,0.0019893390098972433,0.007275056093931198,-0.001564228325150907,0.007275056093931198,0.001564228325150907,0.0029718426521867514,0.0032223889138549566,0.0029718426521867514,0
3001,11,1,3,0.014753473922610283,0.012000001966953278,-0.007448210846632719,-0.007448210846632719,-0.0054000008549541165,0.014753473922610283,0.012000001966953278,1,3,0.9076923131942749,0.2094469155167731,13,1.661538461366525,0.0020982604964570346,0.001763945037620307,0.0027534719556570053,-0.0020482099916786026,0.0027534719556570053,0.0020482099916786026,0.0031258282251656055,0.006482077296823263,0.0031258282251656055,0
3001,11,1,4,0.008946366608142853,0.0,-0.001925292774103582,-0.001925292774103582,0.0,0.008946366608142853,0.0,0,1,0.9076921939849854,0.20944694064039504,13,1.661538353333106,0.002802711787347921,0.0024107425699572585,0.008946366608142853,-0.001925292774103582,0.008946366608142853,0.001925292774103582,0.0032561286352574825,0.0025362279266119003,0.0032561286352574825,0
3001,11,1,5,0.011752979829907417,0.036000002175569534,-0.004493188112974167,-0.004493188112974167,-0.006230769437092991,0.011752979829907417,0.036000002175569534,1,4,0.9076921939849854,0.20944694064039504,13,1.661538353333106,0.010436194763937206,0.008700137395830547,0.024247022345662117,0.001737581324118824,0.024247022345662117,0.001737581324118824,0.0022297368850558996,0.0034462313633412123,0.0022297368850558996,0
3001,11,2,0,0.011081546545028687,0.0,0.0006201525102369487,0.0006201525102369487,0.0,0.011081546545028687,0.0,0,1,0.9076921939849854,0.20944694064039504,13,1.661538353333106,0.0031133333703541105,0.002579783326422674,0.011081546545028687,0.0006201525102369487,0.011081546545028687,0.0006201525102369487,0.007597662042826414,0.006278547458350658,0.007597662042826414,0
3001,11,2,1,0.010992772877216339,0.0,-0.0035682853776961565,-0.0035682853776961565,0.0,0.010992772877216339,0.0,0,1,0.9076921939849854,0.20944694064039504,13,1.661538353333106,0.002957980164986701,0.002448759444013855,0.010992772877216339,-0.0035682853776961565,0.010992772877216339,0.0035682853776961565,0.0036798538640141487,0.007476788014173508,0.0036798538640141487,0
3001,11,2,3,0.009051155298948288,0.0,-0.0006058259750716388,-0.0006058259750716388,-3.469446951953614e-18,0.009051155298948288,0.0,0,1,0.9076923131942749,0.2094469155167731,13,1.661538461366525,0.0025413769002214396,0.002139553648127607,0.009051155298948288,-0.0006058259750716354,0.009051155298948288,0.0006058259750716354,0.0019477838650345802,0.0036442570853978395,0.0019477838650345802,0
3001,11,2,4,0.011866308748722076,0.03000000026077032,0.000904852815438062,0.000904852815438062,-6.44761778689773e-11,0.011866308748722076,0.03000000026077032,1,3,0.9076921939849854,0.20944694064039504,13,1.661538353333106,0.004175375066920954,0.003015487735881608,0.018133691512048244,0.0009048528799142398,0.018133691512048244,0.0009048528799142398,0.0066054025664925575,0.005533277988433838,0.0066054025664925575,0
3001,11,2,5,0.009910345077514648,0.0,-0.0033995581325143576,-0.0033995581325143576,0.0,0.009910345077514648,0.0,0,1,0.9076921939849854,0.20944694064039504,13,1.661538353333106,0.0028541796655306238,0.0024429213189514428,0.009910345077514648,-0.0033995581325143576,0.009910345077514648,0.0033995581325143576,0.003030342049896717,0.00775194400921464,0.003030342049896717,0
3001,12,0,1,0.02225586399435997,0.023999999277293682,1.2157174751337152e-05,1.2157174751337152e-05,-1.934285336069319e-10,0.02225586399435997,0.023999999277293682,1,3,0.9076921939849854,0.20944694064039504,13,1.661538353333106,0.0038250977522735863,0.0027385313152032487,0.001744135282933712,1.2157368179870759e-05,0.001744135282933712,1.2157368179870759e-05,0.0034510227851569653,0.009688902646303177,0.0034510227851569653,0
3001,12,0,2,0.01916366070508957,0.0,-0.001453020959161222,-0.001453020959161222,0.0,0.01916366070508957,0.0,0,1,0.9076921939849854,0.20944694064039504,13,1.6615383533331063,0.0042516973044416945,0.0029946768645351457,0.01916366070508957,-0.001453020959161222,0.01916366070508957,0.001453020959161222,0.004622920881956816,0.010396408848464489,0.004622920881956816,0
3001,12,0,3,0.02225602976977825,0.012000001035630703,-0.012133327312767506,-0.012133327312767506,-0.005400000790477939,0.02225602976977825,0.012000001035630703,1,3,0.9076923131942749,0.2094469155167731,13,1.661538461366525,0.0038585385356953907,0.0028706237270094493,0.010256028734147549,-0.006733326522289567,0.010256028734147549,0.006733326522289567,0.009005609899759293,0.010709110647439957,0.009005609899759293,0
3001,12,0,4,0.017396025359630585,0.0,-0.0002737533359322697,-0.0002737533359322697,-3.469446951953614e-18,0.017396025359630585,0.0,0,1,0.9076921939849854,0.20944694064039504,13,1.661538353333106,0.004020711129933029,0.0029350907580386956,0.017396025359630585,-0.0002737533359322662,0.017396025359630585,0.0002737533359322662,0.00770072964951396,0.01010410487651825,0.00770072964951396,0
3001,12,0,5,0.020423095673322678,0.012000000104308128,-0.0010630286997184157,-0.0010630286997184157,-1.2895235226850765e-10,0.020423095673322678,0.012000000104308128,1,3,0.9076921939849854,0.20944694064039504,13,1.661538353333106,0.003747337812230658,0.0030268342867934496,0.00842309556901455,-0.0010630285707660635,0.00842309556901455,0.0010630285707660635,0.0035810349509119987,0.008007177151739597,0.0035810349509119987,0
3001,12,1,0,0.015915781259536743,0.035999998450279236,-0.0016499863704666495,-0.0016499863704666495,0.0,0.015915781259536743,0.035999998450279236,1,3,0.007692307233810425,0.20944694064039504,13,1.661538353333106,0.004798137114898246,0.003552879675252903,0.020084217190742493,-0.0016499863704666495,0.020084217190742493,0.0016499863704666495,0.002631955547258258,0.0062578581273555756,0.002631955547258258,0
3001,12,1,2,0.008361294865608215,0.0,-0.0017435476183891296,-0.0017435476183891296,0.0,0.008361294865608215,0.0,0,1,0.9076921939849854,0.20944694064039504,13,1.6615383533331063,0.0024802572639441964,0.0021117671266109982,0.008361294865608215,-0.0017435476183891296,0.008361294865608215,0.0017435476183891296,0.002622598549351096,0.004463815130293369,0.002622598549351096,0
3001,12,1,3,0.015405213460326195,0.012000001966953278,-0.007500769104808569,-0.007500769104808569,-0.0054000008549541165,0.015405213460326195,0.012000001966953278,1,3,0.9076923131942749,0.2094469155167731,13,1.661538461366525,0.00239016333867162,0.0018816455846002113,0.003405211493372917,-0.0021007682498544525,0.003405211493372917,0.0021007682498544525,0.0029981767293065786,0.006761026103049517,0.0029981767293065786,0
3001,12,1,4,0.009306132793426514,0.0,-0.001499271602369845,-0.001499271602369845,6.938893903907228e-18,0.009306132793426514,0.0,0,1,0.9076921939849854,0.20944694064039504,13,1.661538353333106,0.0028883261970123254,0.0024484137194396476,0.009306132793426514,-0.0014992716023698519,0.009306132793426514,0.0014992716023698519,0.001264465507119894,0.003418608568608761,0.001264465507119894,0
3001,12,1,5,0.013243800029158592,0.036000002175569534,-0.005275087896734476,-0.005275087896734476,-0.006230769437092991,0.013243800029158592,0.036000002175569534,1,4,0.9076921939849854,0.20944694064039504,13,1.661538353333106,0.010416195415874276,0.008640081329634907,0.022756202146410942,0.0009556815403585148,0.022756202146410942,0.0009556815403585148,0.002486333018168807,0.004389102570712566,0.002486333018168807,0
3001,12,2,0,0.011018287390470505,0.0,0.0006291155586950481,0.0006291155586950481,0.0,0.011018287390470505,0.0,0,1,0.007692307233810425,0.20944694064039504,13,1.661538353333106,0.0032449717667296573,0.0027459836923159086,0.011018287390470505,0.0006291155586950481,0.011018287390470505,0.0006291155586950481,0.0074601005762815475,0.006597607396543026,0.0074601005762815475,0
3001,12,2,1,0.010971419513225555,0.0,-0.0038281024899333715,-0.0038281024899333715,0.0,0.010971419513225555,0.0,0,1,0.9076921939849854,0.20944694064039504,13,1.661538353333106,0.0031257955339536857,0.002601376696098486,0.010971419513225555,-0.0038281024899333715,0.010971419513225555,0.0038281024899333715,0.003670033998787403,0.008059320040047169,0.003670033998787403,0
3001,12,2,3,0.00897631049156189,0.0,-0.0009723330731503665,-0.0009723330731503665,-3.469446951953614e-18,0.00897631049156189,0.0,0,1,0.9076923131942749,0.2094469155167731,13,1.661538461366525,0.0025066043842324292,0.0021227462845441153,0.00897631049156189,-0.0009723330731503631,0.00897631049156189,0.0009723330731503631,0.0022308093030005693,0.003645024262368679,0.0022308093030005693,0
3001,12,2,4,0.012446438893675804,0.03000000026077032,-0.00182283332105726,-0.00182283332105726,-6.44761778689773e-11,0.012446438893675804,0.03000000026077032,1,3,0.9076921939849854,0.20944694064039504,13,1.661538353333106,0.004029857780646159,0.0029062379989221957,0.017553561367094517,-0.0018228332565810822,0.017553561367094517,0.0018228332565810822,0.003660675138235092,0.005717141088098288,0.003660675138235092,0
3001,12,2,5,0.009897459298372269,0.0,-0.0036126452032476664,-0.0036126452032476664,0.0,0.009897459298372269,0.0,0,1,0.9076921939849854,0.20944694064039504,13,1.661538353333106,0.003110956919147341,0.0026805139416773652,0.009897459298372269,-0.0036126452032476664,0.009897459298372269,0.0036126452032476664,0.0030265748500823975,0.00829225406050682,0.0030265748500823975,0
3001,13,0,1,0.011226198635995388,0.023999999277293682,-0.0010655260412022471,-0.0010655260412022471,-6.447617873633904e-11,0.011226198635995388,0.023999999277293682,1,3,0.9076921939849854,0.20944694064039504,13,1.661538353333106,0.0032833250049200155,0.002530714342668212,0.012773800641298294,-0.0010655259767260684,0.012773800641298294,0.0010655259767260684,0.0024947519414126873,0.008871153928339481,0.0024947519414126873,0
3001,13,0,2,0.0062620011158287525,0.0,-0.0015708686551079154,-0.0015708686551079154,0.0,0.0062620011158287525,0.0,0,1,0.9076921939849854,0.20944694064039504,13,1.6615383533331063,0.00205888932891024,0.0017981635979734934,0.0062620011158287525,-0.0015708686551079154,0.0062620011158287525,0.0015708686551079154,0.002834562212228775,0.0025590735021978617,0.002834562212228775,0
3001,13,0,3,0.011371594853699207,0.012000000104308128,-0.006188650149852037,-0.006188650149852037,-0.005400000016763807,0.011371594853699207,0.012000000104308128,1,3,0.9076923131942749,0.2094469155167731,13,1.661538461366525,0.0023238789589217143,0.0020324640945922692,0.000628405250608921,-0.0007886501330882307,0.000628405250608921,0.0007886501330882307,0.0052587552927434444,0.007668709848076105,0.0052587552927434444,0
3001,13,0,4,0.007570619694888592,0.0,-0.0030629511456936598,-0.0030629511456936598,0.0,0.007570619694888592,0.0,0,1,0.9076921939849854,0.20944694064039504,13,1.661538353333106,0.0023988047204040112,0.0021078158721063263,0.007570619694888592,-0.0030629511456936598,0.007570619694888592,0.0030629511456936598,0.004236684646457434,0.004418596159666777,0.004236684646457434,0
3001,13,0,5,0.009546677581965923,0.012000000104308128,-0.0009384808945469558,-0.0009384808945469558,0.0,0.009546677581965923,0.012000000104308128,1,3,0.9076921939849854,0.20944694064039504,13,1.661538353333106,0.001773680105130545,0.0014686380463415348,0.002453322522342205,-0.0009384808945469558,0.002453322522342205,0.0009384808945469558,0.00234607863239944,0.006351270712912083,0.00234607863239944,0
3001,13,1,0,0.016493432223796844,0.035999998450279236,-0.00139499397482723,-0.00139499397482723,0.0,0.016493432223796844,0.035999998450279236,1,3,0.007692307233810425,0.20944694064039504,13,1.661538353333106,0.004676057292167044,0.0035221492485887204,0.01950656622648239,-0.00139499397482723,0.01950656622648239,0.00139499397482723,0.002068856032565236,0.006486247759312391,0.002068856032565236,0
3001,13,1,2,0.007115257903933525,0.0,-0.0019399787997826934,-0.0019399787997826934,0.0,0.007115257903933525,0.0,0,1,0.9076921939849854,0.20944694064039504,13,1.6615383533331063,0.0021064567378548163,0.0017345747166484066,0.007115257903933525,-0.0019399787997826934,0.007115257903933525,0.0019399787997826934,0.0020624755416065454,0.004103810526430607,0.0020624755416065454,0
3001,13,1,3,0.015487408265471458,0.012000001966953278,-0.007030773442238569,-0.007030773442238569,-0.00540000085495412,0.015487408265471458,0.012000001966953278,1,3,0.9076923131942749,0.2094469155167731,13,1.661538461366525,0.002164333241221821,0.0017566346734233158,0.003487406298518181,-0.0016307725872844493,0.003487406298518181,0.0016307725872844493,0.003154468722641468,0.00758149242028594,0.003154468722641468,0
3001,13,1,4,0.0077354442328214645,0.0,-0.0014386220136657357,-0.0014386220136657357,0.0,0.0077354442328214645,0.0,0,1,0.9076921939849854,0.20944694064039504,13,1.661538353333106,0.002525999097303641,0.002085879136472059,0.0077354442328214645,-0.0014386220136657357,0.0077354442328214645,0.0014386220136657357,0.0030351418536156416,0.003280112287029624,0.0030351418536156416,0
3001,13,1,5,0.012369373813271523,0.036000000312924385,-0.0047563184052705765,-0.0047563184052705765,-0.0062307695660453535,0.012369373813271523,0.036000000312924385,1,4,0.9076921939849854,0.20944694064039504,13,1.661538353333106,0.010516842507041952,0.00876297479903204,0.023630626499652863,0.001474451160774777,0.023630626499652863,0.001474451160774777,0.0019163416000083089,0.005804780870676041,0.0019163416000083089,0
3001,13,2,0,0.012038826942443848,0.0,0.0005931283230893314,0.0005931283230893314,0.0,0.012038826942443848,0.0,0,1,0.007692307233810425,0.20944694064039504,13,1.661538353333106,0.0033494152179567474,0.002771497125456319,0.012038826942443848,0.0005931283230893314,0.012038826942443848,0.0005931283230893314,0.007761653047055006,0.006459634751081467,0.007761653047055006,0
3001,13,2,1,0.012374740093946457,0.0,-0.0044148568995296955,-0.0044148568995296955,6.938893903907228e-18,0.012374740093946457,0.0,0,1,0.9076921939849854,0.20944694064039504,13,1.661538353333106,0.0033580491479967213,0.0027688267315633197,0.012374740093946457,-0.0044148568995297024,0.012374740093946457,0.0044148568995297024,0.0033337383065372705,0.009153849445283413,0.0033337383065372705,0
3001,13,2,3,0.01028146967291832,0.0,-0.0006163644720800221,-0.0006163644720800221,0.0,0.01028146967291832,0.0,0,1,0.9076923131942749,0.2094469155167731,13,1.661538461366525,0.0027273734671020653,0.002211708112581242,0.01028146967291832,-0.0006163644720800221,0.01028146967291832,0.0006163644720800221,0.002115602372214198,0.004855949431657791,0.002115602372214198,0
3001,13,2,4,0.0120505690574646,0.02999999839812517,0.0007456419989466667,0.0007456419989466667,6.44761778689773e-11,0.0120505690574646,0.02999999839812517,1,3,0.9076921939849854,0.20944694064039504,13,1.661538353333106,0.004208626552523011,0.003192396878578959,0.017949429340660572,0.0007456419344704888,0.017949429340660572,0.0007456419344704888,0.006815615575760603,0.00558386230841279,0.006815615575760603,0
3001,13,2,5,0.012223124504089355,0.0,-0.0046240114606916904,-0.0046240114606916904,6.938893903907228e-18,0.012223124504089355,0.0,0,1,0.9076921939849854,0.20944694064039504,13,1.661538353333106,0.0035282507304916252,0.0029636714056398743,0.012223124504089355,-0.004624011460691697,0.012223124504089355,0.004624011460691697,0.0022116834297776222,0.00921655260026455,0.0022116834297776222,0
3001,14,0,1,0.01142541877925396,0.023999999277293682,-0.00020330554980318993,-0.00020330554980318993,-1.934285336069319e-10,0.01142541877925396,0.023999999277293682,1,3,0.9076921939849854,0.20944694064039504,13,1.661538353333106,0.0036979751656399814,0.0025348527544348906,0.012574580498039722,-0.00020330535637465633,0.012574580498039722,0.00020330535637465633,0.002721530618146062,0.009585211984813213,0.002721530618146062,0
3001,14,0,2,0.008039305917918682,0.0,-0.00042455419315956533,-0.00042455419315956533,0.0,0.008039305917918682,0.0,0,1,0.007692307233810425,0.20944694064039504,13,1.6615383533331063,0.002338139433791794,0.0018993441191827052,0.008039305917918682,-0.00042455419315956533,0.008039305917918682,0.00042455419315956533,0.001930600730702281,0.007969163358211517,0.001930600730702281,0
3001,14,0,3,0.012755624949932098,0.012000001035630703,-0.006852544844150543,-0.006852544844150543,-0.005400000790477939,0.012755624949932098,0.012000001035630703,1,3,0.9076923131942749,0.2094469155167731,13,1.661538461366525,0.002630025795765866,0.0020587676529877285,0.0007556239143013954,-0.0014525440536726046,0.0007556239143013954,0.0014525440536726046,0.00483644288033247,0.008246052078902721,0.00483644288033247,0
3001,14,0,4,0.00977895688265562,0.0,-0.00024779149680398405,-0.00024779149680398405,-3.469446951953614e-18,0.00977895688265562,0.0,0,1,0.9076921939849854,0.20944694064039504,13,1.661538353333106,0.002515906318468984,0.0018250648284981236,0.00977895688265562,-0.0002477914968039806,0.00977895688265562,0.0002477914968039806,0.0017696672584861517,0.010354057885706425,0.0017696672584861517,0
3001,14,0,5,0.009326860308647156,0.012000000104308128,-6.133286660769954e-05,-6.133286660769954e-05,-1.2895235226850765e-10,0.009326860308647156,0.012000000104308128,1,3,0.9076921939849854,0.20944694064039504,13,1.661538353333106,0.002185879451980812,0.0015491400597363535,0.0026731397956609726,-6.133273765534727e-05,0.0026731397956609726,6.133273765534727e-05,0.0027885923627763987,0.007185692898929119,0.0027885923627763987,0
3001,14,1,0,0.015435691922903061,0.035999998450279236,-0.0017892444739118218,-0.0017892444739118218,0.0,0.015435691922903061,0.035999998450279236,1,3,0.007692307233810425,0.20944694064039504,13,1.661538353333106,0.004838641677581335,0.0035156168969425225,0.020564306527376175,-0.0017892444739118218,0.020564306527376175,0.0017892444739118218,0.00241493689827621,0.005853100214153528,0.00241493689827621,0
3001,14,1,2,0.008078940212726593,0.0,-0.0017808930715546012,-0.0017808930715546012,0.0,0.008078940212726593,0.0,0,1,0.007692307233810425,0.20944694064039504,13,1.6615383533331063,0.0024431543232950707,0.0020891235336749515,0.008078940212726593,-0.0017808930715546012,0.008078940212726593,0.0017808930715546012,0.0025106219109147787,0.004587394185364246,0.0025106219109147787,0
3001,14,1,3,0.015245471149682999,0.012000001966953278,-0.007251384202390909,-0.007251384202390909,-0.0054000008549541165,0.015245471149682999,0.012000001966953278,1,3,0.9076923131942749,0.2094469155167731,13,1.661538461366525,0.0022555786628633136,0.001782141449536092,0.003245469182729721,-0.0018513833474367927,0.003245469182729721,0.0018513833474367927,0.0028440735768526793,0.006856399122625589,0.0028440735768526793,0
3001,14,1,4,0.008938949555158615,0.0,-0.001340668648481369,-0.001340668648481369,6.938893903907228e-18,0.008938949555158615,0.0,0,1,0.9076921939849854,0.20944694064039504,13,1.661538353333106,0.0027622510150021244,0.0023495286879454845,0.008938949555158615,-0.001340668648481376,0.008938949555158615,0.001340668648481376,0.0011686785146594048,0.0030391879845410585,0.0011686785146594048,0
3001,14,1,5,0.012385265901684761,0.036000002175569534,-0.005063233897089958,-0.005063233897089958,-0.006230769437092991,0.012385265901684761,0.036000002175569534,1,4,0.9076921939849854,0.20944694064039504,13,1.661538353333106,0.010595728518746237,0.008795144422167151,0.023614736273884773,0.0011675355400030327,0.023614736273884773,0.0011675355400030327,0.001903324737213552,0.004300214815884829,0.001903324737213552,0
3001,14,2,0,0.011875687167048454,0.0,-0.003114979714155197,-0.003114979714155197,3.469446951953614e-18,0.011875687167048454,0.0,0,1,0.007692307233810425,0.20944694064039504,13,1.661538353333106,0.0034036833496543495,0.0027987296560768194,0.011875687167048454,-0.0031149797141552006,0.011875687167048454,0.0031149797141552006,0.004938703496009111,0.008030660450458527,0.004938703496009111,0
3001,14,2,1,0.01008259691298008,0.0,-0.002723853336647153,-0.002723853336647153,3.469446951953614e-18,0.01008259691298008,0.0,0,1,0.9076921939849854,0.20944694064039504,13,1.661538353333106,0.0030550517123780407,0.002629589851526819,0.01008259691298008,-0.0027238533366471564,0.01008259691298008,0.0027238533366471564,0.005196745507419109,0.009000368416309357,0.005196745507419109,0
3001,14,2,3,0.011585122905671597,0.0,-0.00022231659386307,-0.00022231659386307,0.0,0.011585122905671597,0.0,0,1,0.9076923131942749,0.2094469155167731,13,1.661538461366525,0.0032564641826293176,0.0025881876033791423,0.011585122905671597,-0.00022231659386307,0.011585122905671597,0.00022231659386307,0.004290555603802204,0.0066936444491147995,0.004290555603802204,0
3001,14,2,4,0.01549450308084488,0.02999999839812517,-0.002282507950440049,-0.002282507950440049,-6.44761778689773e-11,0.01549450308084488,0.02999999839812517,1,3,0.9076921939849854,0.20944694064039504,13,1.661538353333106,0.003922732762272824,0.0030792978600483146,0.014505495317280293,-0.0022825078859638713,0.014505495317280293,0.0022825078859638713,0.003919302020221949,0.006852956488728523,0.003919302020221949,0
3001,14,2,5,0.009644072502851486,0.0,-0.002546676667407155,-0.002546676667407155,3.469446951953614e-18,0.009644072502851486,0.0,0,1,0.9076921939849854,0.20944694064039504,13,1.661538353333106,0.002862274927387251,0.002473173911005435,0.009644072502851486,-0.0025466766674071585,0.009644072502851486,0.0025466766674071585,0.004590791650116444,0.006943052168935537,0.004590791650116444,0
3001,15,0,1,0.012846224009990692,0.024000000208616257,-0.0010658539831638336,-0.0010658539831638336,-2.5790471494535616e-10,0.012846224009990692,0.024000000208616257,1,3,0.9076921939849854,0.20944694064039504,13,1.661538353333106,0.0030704331752009506,0.002512063544530135,0.011153776198625565,-0.0010658537252591187,0.011153776198625565,0.0010658537252591187,0.0015778688248246908,0.006949462927877903,0.0015778688248246908,0
3001,15,0,2,0.007380424067378044,0.0,-0.0013191737234592438,-0.0013191737234592438,-3.469446951953614e-18,0.007380424067378044,0.0,0,1,0.007692307233810425,0.20944694064039504,13,1.6615383533331063,0.0020200037977415827,0.0016613180953017352,0.007380424067378044,-0.0013191737234592403,0.007380424067378044,0.0013191737234592403,0.002429189393296838,0.003675758372992277,0.002429189393296838,0
3001,15,0,3,0.012572182342410088,0.012000001966953278,-0.006593337282538414,-0.006593337282538414,-0.00540000085495412,0.012572182342410088,0.012000001966953278,1,3,0.9076923131942749,0.2094469155167731,13,1.661538461366525,0.0017188519207869209,0.0014851468246011336,0.00057218037545681,-0.001193336427584294,0.00057218037545681,0.001193336427584294,0.004417276009917259,0.0076540070585906506,0.004417276009917259,0
3001,15,0,4,0.008741065859794617,0.0,-0.0016057469183579087,-0.0016057469183579087,-3.469446951953614e-18,0.008741065859794617,0.0,0,1,0.9076921939849854,0.20944694064039504,13,1.661538353333106,0.0023755812906254468,0.001956258520219453,0.008741065859794617,-0.0016057469183579053,0.008741065859794617,0.0016057469183579053,0.0027866659220308065,0.004923149943351746,0.0027866659220308065,0
3001,15,0,5,0.011846750043332577,0.012000000104308128,-0.0008050135220400989,-0.0008050135220400989,-1.289523557379546e-10,0.011846750043332577,0.012000000104308128,1,3,0.007692307233810425,0.20944694064039504,13,1.661538353333106,0.0020778685279880835,0.0018072801603544394,0.0001532500609755516,-0.0008050133930877432,0.0001532500609755516,0.0008050133930877432,0.0014794974122196436,0.006681364495307207,0.0014794974122196436,0
3001,15,1,0,0.015503209084272385,0.035999998450279236,-0.0017872151220217347,-0.0017872151220217347,0.0,0.015503209084272385,0.035999998450279236,1,3,0.9076921939849854,0.20944694064039504,13,1.661538353333106,0.004745107747236842,0.0034648115201109256,0.02049678936600685,-0.0017872151220217347,0.02049678936600685,0.0017872151220217347,0.0024204179644584656,0.007156201638281345,0.0024204179644584656,0
3001,15,1,2,0.007517542690038681,0.0,-0.0018596177687868476,-0.0018596177687868476,0.0,0.007517542690038681,0.0,0,1,0.007692307233810425,0.20944694064039504,13,1.6615383533331063,0.0023082217444263366,0.0019733880222196406,0.007517542690038681,-0.0018596177687868476,0.007517542690038681,0.0018596177687868476,0.002572242636233568,0.004177287686616182,0.002572242636233568,0
3001,15,1,3,0.015400182455778122,0.012000001966953278,-0.007410477846860886,-0.007410477846860886,-0.0054000008549541165,0.015400182455778122,0.012000001966953278,1,3,0.9076923131942749,0.2094469155167731,13,1.661538461366525,0.0022082525579715678,0.0018198162802225042,0.0034001804888248444,-0.002010476991906769,0.0034001804888248444,0.002010476991906769,0.003498040372505784,0.00790588278323412,0.003498040372505784,0
3001,15,1,4,0.008484385907649994,0.0,-0.0018687639385461807,-0.0018687639385461807,0.0,0.008484385907649994,0.0,0,1,0.9076921939849854,0.20944694064039504,13,1.661538353333106,0.0027246592033374766,0.0023342444611018924,0.008484385907649994,-0.0018687639385461807,0.008484385907649994,0.0018687639385461807,0.002757068956270814,0.003723321482539177,0.002757068956270814,0
3001,15,1,5,0.01222275197505951,0.036000002175569534,-0.005008011590689421,-0.005008011590689421,-0.006230769437092991,0.01222275197505951,0.036000002175569534,1,4,0.007692307233810425,0.20944694064039504,13,1.661538353333106,0.010625285574723227,0.008829899440855668,0.023777250200510025,0.0012227578464035702,0.023777250200510025,0.0012227578464035702,0.0022176248021423817,0.005092641804367304,0.0022176248021423817,0
3001,15,2,0,0.007241402752697468,0.0,-0.0005166158080101013,-0.0005166158080101013,0.0,0.007241402752697468,0.0,0,1,0.9076921939849854,0.20944694064039504,13,1.661538353333106,0.001767169731486296,0.0013905411349201696,0.007241402752697468,-0.0005166158080101013,0.007241402752697468,0.0005166158080101013,0.0037811724469065666,0.003971001598984003,0.0037811724469065666,0
3001,15,2,1,0.0060134995728731155,0.0,-0.0009482518653385341,-0.0009482518653385341,0.0,0.0060134995728731155,0.0,0,1,0.9076921939849854,0.20944694064039504,13,1.661538353333106,0.001665314170125112,0.001308776445124717,0.0060134995728731155,-0.0009482518653385341,0.0060134995728731155,0.0009482518653385341,0.0015922740567475557,0.0038038399070501328,0.0015922740567475557,0
3001,15,2,3,0.006715669762343168,0.0,-0.0009018953423947096,-0.0009018953423947096,0.0,0.006715669762343168,0.0,0,1,0.9076923131942749,0.2094469155167731,13,1.661538461366525,0.0016125386470486752,0.001259875771663284,0.006715669762343168,-0.0009018953423947096,0.006715669762343168,0.0009018953423947096,0.0017203624593093991,0.003484234446659684,0.0017203624593093991,0
3001,15,2,4,0.013318711891770363,0.02999999839812517,-0.00010345302143832669,-0.00010345302143832669,4.835713340173298e-11,0.013318711891770363,0.02999999839812517,1,3,0.9076921939849854,0.20944694064039504,13,1.661538353333106,0.003580180149945308,0.0021695938044776673,0.01668128650635481,-0.00010345306979546009,0.01668128650635481,0.00010345306979546009,0.004065126646310091,0.0037309720646589994,0.004065126646310091,0
3001,15,2,5,0.005524892359972,0.0,-0.0005629415391013026,-0.0005629415391013026,0.0,0.005524892359972,0.0,0,1,0.007692307233810425,0.20944694064039504,13,1.661538353333106,0.0014710449280935915,0.0011952418157436125,0.005524892359972,-0.0005629415391013026,0.005524892359972,0.0005629415391013026,0.0013998704962432384,0.0035221718717366457,0.0013998704962432384,0
3001,16,0,1,0.012065728195011616,0.024000000208616257,-0.0008198649738915265,-0.0008198649738915265,-2.5790471494535616e-10,0.012065728195011616,0.024000000208616257,1,3,0.9076921939849854,0.20944694064039504,13,1.661538353333106,0.003152417382880008,0.002555466560128878,0.011934272013604641,-0.0008198647159868115,0.011934272013604641,0.0008198647159868115,0.0017541407141834497,0.007312788162380457,0.0017541407141834497,0
3001,16,0,2,0.0063725002110004425,0.0,-0.0010416898876428604,-0.0010416898876428604,-3.469446951953614e-18,0.0063725002110004425,0.0,0,1,0.9076921939849854,0.20944694064039504,13,1.6615383533331063,0.0017638067959174267,0.0014664297537690786,0.0063725002110004425,-0.001041689887642857,0.0063725002110004425,0.001041689887642857,0.0024551604874432087,0.003561855759471655,0.0024551604874432087,0
3001,16,0,3,0.012525999918580055,0.012000001966953278,-0.006755743641406298,-0.006755743641406298,-0.00540000085495412,0.012525999918580055,0.012000001966953278,1,3,0.9076923131942749,0.2094469155167731,13,1.661538461366525,0.0016959603170516925,0.0015408081504014821,0.0005259979516267776,-0.0013557427864521777,0.0005259979516267776,0.0013557427864521777,0.0048171342350542545,0.007322416175156832,0.0048171342350542545,0
3001,16,0,4,0.009310619905591011,0.0,-0.0018300974043086171,-0.0018300974043086171,-3.469446951953614e-18,0.009310619905591011,0.0,0,1,0.9076921939849854,0.20944694064039504,13,1.661538353333106,0.002424190869986082,0.0019697304263975495,0.009310619905591011,-0.0018300974043086136,0.009310619905591011,0.0018300974043086136,0.0026972831692546606,0.005542596336454153,0.0026972831692546606,0
3001,16,0,5,0.01163006853312254,0.012000000104308128,-0.0005924546276219189,-0.0005924546276219189,-1.289523557379546e-10,0.01163006853312254,0.012000000104308128,1,3,0.9076921939849854,0.20944694064039504,13,1.661538353333106,0.0019702597968663266,0.001702011237747571,0.00036993157118558884,-0.0005924544986695632,0.00036993157118558884,0.0005924544986695632,0.0018555395072326064,0.0069715771824121475,0.0018555395072326064,0
3001,16,1,0,0.016333460807800293,0.035999998450279236,-0.0014133242657408118,-0.0014133242657408118,0.0,0.016333460807800293,0.035999998450279236,1,3,0.9076921939849854,0.20944694064039504,13,1.661538353333106,0.004707047539151921,0.0035428238602784965,0.019666537642478943,-0.0014133242657408118,0.019666537642478943,0.0014133242657408118,0.0020833583548665047,0.006442555226385593,0.0020833583548665047,0
3001,16,1,2,0.007930755615234375,0.0,-0.0013118857750669122,-0.0013118857750669122,0.0,0.007930755615234375,0.0,0,1,0.9076921939849854,0.20944694064039504,13,1.6615383533331063,0.0022909345636751973,0.0019935205931494223,0.007930755615234375,-0.0013118857750669122,0.007930755615234375,0.0013118857750669122,0.0025853151455521584,0.003926057834178209,0.0025853151455521584,0
3001,16,1,3,0.014909673482179642,0.012000001966953278,-0.006951626390218735,-0.006951626390218735,-0.0054000008549541165,0.014909673482179642,0.012000001966953278,1,3,0.9076923131942749,0.2094469155167731,13,1.661538461366525,0.0023586068460380747,0.0019231585444077935,0.002909671515226364,-0.0015516255352646183,0.002909671515226364,0.0015516255352646183,0.0031163692474365234,0.007431492675095797,0.0031163692474365234,0
3001,16,1,4,0.008684124797582626,0.0,-0.0013436818262562156,-0.0013436818262562156,0.0,0.008684124797582626,0.0,0,1,0.9076921939849854,0.20944694064039504,13,1.661538353333106,0.002703455181579711,0.0023370990033685806,0.008684124797582626,-0.0013436818262562156,0.008684124797582626,0.0013436818262562156,0.002433689311146736,0.0026463994290679693,0.002433689311146736,0
3001,16,1,5,0.012449182569980621,0.036000002175569534,-0.005249005276709795,-0.005249005276709795,-0.006230769437092991,0.012449182569980621,0.036000002175569534,1,4,0.9076921939849854,0.20944694064039504,13,1.661538353333106,0.01038553274836622,0.008624426226996808,0.023550819605588913,0.0009817641603831959,0.023550819605588913,0.0009817641603831959,0.0023437340278178453,0.005046389997005463,0.0023437340278178453,0
3001,16,2,0,0.011193986982107162,0.0,0.00034166593104600906,0.00034166593104600906,0.0,0.011193986982107162,0.0,0,1,0.9076921939849854,0.20944694064039504,13,1.661538353333106,0.003241098321282917,0.002638204827816529,0.011193986982107162,0.00034166593104600906,0.011193986982107162,0.00034166593104600906,0.007052446715533733,0.008010969497263432,0.007052446715533733,0
3001,16,2,1,0.010124560445547104,0.0,-0.0023092348128557205,-0.0023092348128557205,6.938893903907228e-18,0.010124560445547104,0.0,0,1,0.9076921939849854,0.20944694064039504,13,1.661538353333106,0.002864862834239392,0.002185284386019735,0.010124560445547104,-0.0023092348128557275,0.010124560445547104,0.0023092348128557275,0.0032047852873802185,0.0056416671723127365,0.0032047852873802185,0
3001,16,2,3,0.010587561875581741,0.0,0.002136052353307605,0.002136052353307605,0.0,0.010587561875581741,0.0,0,1,0.9076923131942749,0.2094469155167731,13,1.661538461366525,0.002768026125837427,0.0023388289047416152,0.010587561875581741,0.002136052353307605,0.010587561875581741,0.002136052353307605,0.00519729545339942,0.005675370339304209,0.00519729545339942,0
3001,16,2,4,0.013690164312720299,0.02999999839812517,0.0002541281282901764,0.0002541281282901764,6.44761778689773e-11,0.013690164312720299,0.02999999839812517,1,3,0.9076921939849854,0.20944694064039504,13,1.661538353333106,0.003820957544009922,0.002676453849179505,0.016309834085404873,0.0002541280638139985,0.016309834085404873,0.0002541280638139985,0.006318401079624891,0.007789372932165861,0.006318401079624891,0
3001,16,2,5,0.009646095335483551,0.0,-0.0018527796491980553,-0.0018527796491980553,6.938893903907228e-18,0.009646095335483551,0.0,0,1,0.9076921939849854,0.20944694064039504,13,1.661538353333106,0.002931024484631405,0.002368655474580957,0.009646095335483551,-0.0018527796491980622,0.009646095335483551,0.0018527796491980622,0.0034980052150785923,0.006249103229492903,0.0034980052150785923,0
3001,17,0,1,0.022728338837623596,0.023999996483325958,0.0017817169427871704,0.0017817169427871704,5.158093951962428e-10,0.022728338837623596,0.023999996483325958,1,3,0.9076921939849854,0.20944694064039504,13,1.661538353333106,0.005131608662454975,0.003690132287127026,0.001271657645702362,0.0017817164269777752,0.001271657645702362,0.0017817164269777752,0.004933977499604225,0.00447898730635643,0.004933977499604225,0
3001,17,0,2,0.019806820899248123,0.0,0.0013775512343272567,0.0013775512343272567,0.0,0.019806820899248123,0.0,0,1,0.9076921939849854,0.20944694064039504,13,1.6615383533331063,0.005775682055018994,0.00475008881818944,0.019806820899248123,0.0013775512343272567,0.019806820899248123,0.0013775512343272567,0.006746687926352024,0.010044699534773827,0.006746687926352024,0
3001,17,0,3,0.023787163197994232,0.01199999451637268,-0.013671565800905228,-0.013671565800905228,-0.005399997502192874,0.023787163197994232,0.01199999451637268,1,3,0.9076923131942749,0.2094469155167731,13,1.661538461366525,0.004595449561644635,0.003500525216908144,0.011787168681621552,-0.008271568298712353,0.011787168681621552,0.008271568298712353,0.009377625770866871,0.008554760366678238,0.009377625770866871,0
3001,17,0,4,0.018088841810822487,0.0,-0.00021605892106890678,-0.00021605892106890678,-1.3877787807814457e-17,0.018088841810822487,0.0,0,1,0.9076921939849854,0.20944694064039504,13,1.661538353333106,0.00470908551581758,0.0037365018131112204,0.018088841810822487,-0.0002160589210688929,0.018088841810822487,0.0002160589210688929,0.008018688298761845,0.004397823475301266,0.008018688298761845,0
3001,17,0,5,0.021427074447274208,0.012000001966953278,0.0006549599929712713,0.0006549599929712713,5.158093951962428e-10,0.021427074447274208,0.012000001966953278,1,3,0.9076921939849854,0.20944694064039504,13,1.661538353333106,0.0043383457501216015,0.0032797730886019176,0.00942707248032093,0.0006549594771618761,0.00942707248032093,0.0006549594771618761,0.0038966131396591663,0.007493207696825266,0.0038966131396591663,0
3001,17,1,0,0.015706345438957214,0.035999998450279236,-0.001188799156807363,-0.001188799156807363,6.938893903907228e-18,0.015706345438957214,0.035999998450279236,1,3,0.9076921939849854,0.20944694064039504,13,1.661538353333106,0.004827061773820783,0.0035588587882250727,0.02029365301132202,-0.00118879915680737,0.02029365301132202,0.00118879915680737,0.0011697079753503203,0.006156228017061949,0.0011697079753503203,0
3001,17,1,2,0.008335672318935394,0.0,-0.0016952110454440117,-0.0016952110454440117,0.0,0.008335672318935394,0.0,0,1,0.9076921939849854,0.20944694064039504,13,1.6615383533331063,0.002461305345258289,0.002099168238907876,0.008335672318935394,-0.0016952110454440117,0.008335672318935394,0.0016952110454440117,0.002557576633989811,0.004649949725717306,0.002557576633989811,0
3001,17,1,3,0.01528031937777996,0.012000001966953278,-0.007490772753953934,-0.007490772753953934,-0.0054000008549541165,0.01528031937777996,0.012000001966953278,1,3,0.9076923131942749,0.2094469155167731,13,1.661538461366525,0.0023679025873798005,0.0018552046203048973,0.003280317410826683,-0.0020907718989998172,0.003280317410826683,0.0020907718989998172,0.002988900523632765,0.006592970807105303,0.002988900523632765,0
3001,17,1,4,0.009234614670276642,0.0,-0.0014124164590612054,-0.0014124164590612054,6.938893903907228e-18,0.009234614670276642,0.0,0,1,0.9076921939849854,0.20944694064039504,13,1.661538353333106,0.0028476774346440233,0.0024176215279031786,0.009234614670276642,-0.0014124164590612123,0.009234614670276642,0.0014124164590612123,0.001366995507851243,0.003453025594353676,0.001366995507851243,0
3001,17,1,5,0.013256380334496498,0.036000002175569534,-0.0052075558342039585,-0.0052075558342039585,-0.006230769437092991,0.013256380334496498,0.036000002175569534,1,4,0.9076921939849854,0.20944694064039504,13,1.661538353333106,0.010395179254022016,0.008625345668320118,0.022743621841073036,0.0010232136028890323,0.022743621841073036,0.0010232136028890323,0.0024719578213989735,0.0044675529934465885,0.0024719578213989735,0
3001,17,2,0,0.009811937808990479,0.0,-0.0019140886142849922,-0.0019140886142849922,0.0,0.009811937808990479,0.0,0,1,0.9076921939849854,0.20944694064039504,13,1.661538353333106,0.003035315124549808,0.0025718197138351806,0.009811937808990479,-0.0019140886142849922,0.009811937808990479,0.0019140886142849922,0.004047644790261984,0.008380341343581676,0.004047644790261984,0
3001,17,2,1,0.008593644946813583,0.0,-0.002269555814564228,-0.002269555814564228,0.0,0.008593644946813583,0.0,0,1,0.9076921939849854,0.20944694064039504,13,1.661538353333106,0.0025401442628928328,0.0020970233975077532,0.008593644946813583,-0.002269555814564228,0.008593644946813583,0.002269555814564228,0.004043917637318373,0.006715670693665743,0.004043917637318373,0
3001,17,2,3,0.009456321597099304,0.0,0.0010270342463627458,0.0010270342463627458,-3.469446951953614e-18,0.009456321597099304,0.0,0,1,0.9076923131942749,0.2094469155167731,13,1.661538461366525,0.002477982776190688,0.001986913559352154,0.009456321597099304,0.0010270342463627492,0.009456321597099304,0.0010270342463627492,0.004517052788287401,0.005797105375677347,0.004517052788287401,0
3001,17,2,4,0.013290762901306152,0.03000000026077032,-0.0010127676650881767,-0.0010127676650881767,-6.44761778689773e-11,0.013290762901306152,0.03000000026077032,1,3,0.9076921939849854,0.20944694064039504,13,1.661538353333106,0.0038915582283527,0.002760836667210392,0.01670923735946417,-0.0010127676006119989,0.01670923735946417,0.0010127676006119989,0.0028158111963421106,0.006835809908807278,0.0028158111963421106,0
3001,17,2,5,0.007899347692728043,0.0,-0.0016000118339434266,-0.0016000118339434266,0.0,0.007899347692728043,0.0,0,1,0.9076921939849854,0.20944694064039504,13,1.661538353333106,0.0024840234534189887,0.0019297903987782943,0.007899347692728043,-0.0016000118339434266,0.007899347692728043,0.0016000118339434266,0.004044980742037296,0.006740810349583626,0.004044980742037296,0
3001,18,0,1,0.012083836831152439,0.024000000208616257,-0.0008171430672518909,-0.0008171430672518909,-2.5790471494535616e-10,0.012083836831152439,0.024000000208616257,1,3,0.9076921939849854,0.20944694064039504,13,1.661538353333106,0.003142672277828462,0.00254898902976654,0.011916163377463818,-0.000817142809347176,0.011916163377463818,0.000817142809347176,0.001760153565555811,0.007349829655140638,0.001760153565555811,0
3001,18,0,2,0.006370238959789276,0.0,-0.0010258223628625274,-0.0010258223628625274,-3.469446951953614e-18,0.006370238959789276,0.0,0,1,0.9076921939849854,0.20944694064039504,13,1.6615383533331063,0.0017671591133376185,0.0014657592235584938,0.006370238959789276,-0.001025822362862524,0.006370238959789276,0.001025822362862524,0.002504949690774083,0.003615129506215453,0.002504949690774083,0
3001,18,0,3,0.012635177001357079,0.012000001966953278,-0.006805130746215582,-0.006805130746215582,-0.00540000085495412,0.012635177001357079,0.012000001966953278,1,3,0.9076923131942749,0.2094469155167731,13,1.661538461366525,0.0016916550690828133,0.001533676710354506,0.000635175034403801,-0.001405129891261462,0.000635175034403801,0.001405129891261462,0.004805233329534531,0.00746525451540947,0.004805233329534531,0
3001,18,0,4,0.009333997964859009,0.0,-0.001814424991607666,-0.001814424991607666,-3.469446951953614e-18,0.009333997964859009,0.0,0,1,0.9076921939849854,0.20944694064039504,13,1.661538353333106,0.0024306425808298835,0.0019735330881099026,0.009333997964859009,-0.0018144249916076625,0.009333997964859009,0.0018144249916076625,0.002693143440410495,0.005655843764543533,0.002693143440410495,0
3001,18,0,5,0.011658838018774986,0.012000000104308128,-0.0005897342343814671,-0.0005897342343814671,-1.289523557379546e-10,0.011658838018774986,0.012000000104308128,1,3,0.9076921939849854,0.20944694064039504,13,1.661538353333106,0.00196984458856729,0.0017042631977761287,0.0003411620855331421,-0.0005897341054291114,0.0003411620855331421,0.0005897341054291114,0.001860228250734508,0.0070627955719828606,0.001860228250734508,0
3001,18,1,0,0.01630346104502678,0.035999998450279236,-0.0014235643902793527,-0.0014235643902793527,0.0,0.01630346104502678,0.035999998450279236,1,3,0.9076921939849854,0.20944694064039504,13,1.661538353333106,0.004716238516901698,0.0035515458449809512,0.019696537405252457,-0.0014235643902793527,0.019696537405252457,0.0014235643902793527,0.0021009009797126055,0.006427531596273184,0.0021009009797126055,0
3001,18,1,2,0.00795363262295723,0.0,-0.0013118708739057183,-0.0013118708739057183,0.0,0.00795363262295723,0.0,0,1,0.9076921939849854,0.20944694064039504,13,1.6615383533331063,0.002294217213115959,0.001997794448976686,0.00795363262295723,-0.0013118708739057183,0.00795363262295723,0.0013118708739057183,0.002583719789981842,0.0039690700359642506,0.002583719789981842,0
3001,18,1,3,0.014902902767062187,0.012000001966953278,-0.006957983132451773,-0.006957983132451773,-0.0054000008549541165,0.014902902767062187,0.012000001966953278,1,3,0.9076923131942749,0.2094469155167731,13,1.661538461366525,0.002355219003179137,0.0019215709755759267,0.0029029008001089096,-0.0015579822774976562,0.0029029008001089096,0.0015579822774976562,0.0030940286815166473,0.00739109143614769,0.0030940286815166473,0
3001,18,1,4,0.008706465363502502,0.0,-0.0013469370314851403,-0.0013469370314851403,0.0,0.008706465363502502,0.0,0,1,0.9076921939849854,0.20944694064039504,13,1.661538353333106,0.002706714288842683,0.0023413457020500005,0.008706465363502502,-0.0013469370314851403,0.008706465363502502,0.0013469370314851403,0.002426514867693186,0.0026028763968497515,0.002426514867693186,0
3001,18,1,5,0.012459862977266312,0.036000002175569534,-0.005238011013716459,-0.005238011013716459,-0.006230769437092991,0.012459862977266312,0.036000002175569534,1,4,0.9076921939849854,0.20944694064039504,13,1.661538353333106,0.010378873302915271,0.008619235597065919,0.023540139198303223,0.0009927584233765316,0.023540139198303223,0.0009927584233765316,0.002339046448469162,0.0049932594411075115,0.002339046448469162,0
3001,18,2,0,0.011335328221321106,0.0,0.00034872101969085634,0.00034872101969085634,0.0,0.011335328221321106,0.0,0,1,0.9076921939849854,0.20944694064039504,13,1.661538353333106,0.0032388615774759876,0.002620577988539927,0.011335328221321106,0.00034872101969085634,0.011335328221321106,0.00034872101969085634,0.006993995979428291,0.008052660152316093,0.006993995979428291,0
3001,18,2,1,0.010219201445579529,0.0,-0.002273554913699627,-0.002273554913699627,6.938893903907228e-18,0.010219201445579529,0.0,0,1,0.9076921939849854,0.20944694064039504,13,1.661538353333106,0.002852089081864744,0.0021769360325040194,0.010219201445579529,-0.002273554913699634,0.010219201445579529,0.002273554913699634,0.0031468295492231846,0.005728053394705057,0.0031468295492231846,0
3001,18,2,3,0.01072106882929802,0.0,0.0021920728031545877,0.0021920728031545877,0.0,0.01072106882929802,0.0,0,1,0.9076923131942749,0.2094469155167731,13,1.661538461366525,0.002795370784400083,0.0023539065432971744,0.01072106882929802,0.0021920728031545877,0.01072106882929802,0.0021920728031545877,0.005164597649127245,0.005599555559456348,0.005164597649127245,0
3001,18,2,4,0.013573799282312393,0.02999999839812517,0.00020480465900618583,0.00020480465900618583,6.44761778689773e-11,0.013573799282312393,0.02999999839812517,1,3,0.9076921939849854,0.20944694064039504,13,1.661538353333106,0.0038380972169295563,0.002667539934875697,0.01642619911581278,0.00020480459453000796,0.01642619911581278,0.00020480459453000796,0.006249667145311832,0.007701763417571783,0.006249667145311832,0
3001,18,2,5,0.009789377450942993,0.0,-0.001805235049687326,-0.001805235049687326,6.938893903907228e-18,0.009789377450942993,0.0,0,1,0.9076921939849854,0.20944694064039504,13,1.661538353333106,0.002939521045941431,0.0023759042282076276,0.009789377450942993,-0.001805235049687333,0.009789377450942993,0.001805235049687333,0.003470976371318102,0.006260004360228777,0.003470976371318102,0
3001,19,0,1,0.02314906008541584,0.024000003933906555,0.0010886387899518013,0.0010886387899518013,1.3877787807814457e-17,0.02314906008541584,0.024000003933906555,1,3,0.9076921939849854,0.20944694064039504,13,1.661538353333106,0.0050388630465769205,0.003636715746313863,0.000850943848490715,0.0010886387899517874,0.000850943848490715,0.0010886387899517874,0.004157766234129667,0.007211119867861271,0.004157766234129667,0
3001,19,0,2,0.02105552703142166,0.0,0.0009096559952013195,0.0009096559952013195,0.0,0.02105552703142166,0.0,0,1,0.9076921939849854,0.20944694064039504,13,1.6615383533331063,0.005546762843095324,0.004382837943997256,0.02105552703142166,0.0009096559952013195,0.02105552703142166,0.0009096559952013195,0.0067839412949979305,0.010611942037940025,0.0067839412949979305,0
3001,19,0,3,0.023830153048038483,0.01199999451637268,-0.01367951650172472,-0.01367951650172472,-0.005399997502192874,0.023830153048038483,0.01199999451637268,1,3,0.007692308165132999,0.2094469155167731,13,1.661538461366525,0.004595265561171578,0.0034753082529503923,0.011830158531665802,-0.008279518999531846,0.011830158531665802,0.008279518999531846,0.009253059513866901,0.00841006450355053,0.009253059513866901,0
3001,19,0,4,0.01926351897418499,0.0,-8.589494973421097e-05,-8.589494973421097e-05,1.3877787807814457e-17,0.01926351897418499,0.0,0,1,0.9076921939849854,0.20944694064039504,13,1.661538353333106,0.004634495349979042,0.0034328225845768607,0.01926351897418499,-8.589494973422485e-05,0.01926351897418499,8.589494973422485e-05,0.00728307431563735,0.004218572285026312,0.00728307431563735,0
3001,19,0,5,0.02341354452073574,0.01199999451637268,-0.00021853821817785501,-0.00021853821817785501,0.0,0.02341354452073574,0.01199999451637268,1,3,0.9076921939849854,0.20944694064039504,13,1.661538353333106,0.004410997668279321,0.0032160008800100307,0.01141355000436306,-0.00021853821817785501,0.01141355000436306,0.00021853821817785501,0.0031037721782922745,0.009765593335032463,0.0031037721782922745,0
3001,19,1,0,0.01581675373017788,0.035999998450279236,-0.0009384707664139569,-0.0009384707664139569,0.0,0.01581675373017788,0.035999998450279236,1,3,0.9076921939849854,0.20944694064039504,13,1.661538353333106,0.004787263660616457,0.0035121697910438627,0.020183244720101357,-0.0009384707664139569,0.020183244720101357,0.0009384707664139569,0.0009069935185834765,0.006008715368807316,0.0009069935185834765,0
3001,19,1,2,0.007231695577502251,0.0,-0.0020968171302229166,-0.0020968171302229166,0.0,0.007231695577502251,0.0,0,1,0.9076921939849854,0.20944694064039504,13,1.6615383533331063,0.0023234036922312254,0.0019447266967338925,0.007231695577502251,-0.0020968171302229166,0.007231695577502251,0.0020968171302229166,0.0020341649651527405,0.004235642496496439,0.0020341649651527405,0
3001,19,1,3,0.015252865850925446,0.012000001966953278,-0.0074895997531712055,-0.0074895997531712055,-0.0054000008549541165,0.015252865850925446,0.012000001966953278,1,3,0.007692308165132999,0.2094469155167731,13,1.661538461366525,0.0023648640432446136,0.001851527935125418,0.003252863883972168,-0.002089598898217089,0.003252863883972168,0.002089598898217089,0.00298818526789546,0.006560389883816242,0.00298818526789546,0
3001,19,1,4,0.008890952914953232,0.0,-0.0011947856983169913,-0.0011947856983169913,0.0,0.008890952914953232,0.0,0,1,0.9076921939849854,0.20944694064039504,13,1.661538353333106,0.0027401960410685915,0.002289829566281223,0.008890952914953232,-0.0011947856983169913,0.008890952914953232,0.0011947856983169913,0.001272483030334115,0.0033272348809987307,0.001272483030334115,0
3001,19,1,5,0.013044359162449837,0.036000001011416316,-0.004664570093154907,-0.004664570093154907,-0.006230769195307323,0.013044359162449837,0.036000001011416316,1,4,0.9076921939849854,0.20944694064039504,13,1.661538353333106,0.010400206186255456,0.008663303295932928,0.02295564184896648,0.0015661991021524158,0.02295564184896648,0.0015661991021524158,0.002603669883683324,0.005081273149698973,0.002603669883683324,0
3001,19,2,0,0.00999436154961586,0.0,-0.0014342386275529861,-0.0014342386275529861,0.0,0.00999436154961586,0.0,0,1,0.9076921939849854,0.20944694064039504,13,1.661538353333106,0.002969011526425656,0.00250107252738885,0.00999436154961586,-0.0014342386275529861,0.00999436154961586,0.0014342386275529861,0.0035835206508636475,0.008399244397878647,0.0035835206508636475,0
3001,19,2,1,0.008416734635829926,0.0,-0.0021139660384505987,-0.0021139660384505987,0.0,0.008416734635829926,0.0,0,1,0.9076921939849854,0.20944694064039504,13,1.661538353333106,0.0024773792189870234,0.0020065968470460577,0.008416734635829926,-0.0021139660384505987,0.008416734635829926,0.0021139660384505987,0.00401238864287734,0.007054606452584267,0.00401238864287734,0
3001,19,2,3,0.00953342393040657,0.0,0.001123548485338688,0.001123548485338688,-3.469446951953614e-18,0.00953342393040657,0.0,0,1,0.007692308165132999,0.2094469155167731,13,1.661538461366525,0.0024763573757456882,0.0019872040879091563,0.00953342393040657,0.0011235484853386914,0.00953342393040657,0.0011235484853386914,0.004575754515826702,0.005639959126710892,0.004575754515826702,0
3001,19,2,4,0.013619977980852127,0.03000000026077032,-0.0008198053692467511,-0.0008198053692467511,-6.44761778689773e-11,0.013619977980852127,0.03000000026077032,1,3,0.9076921939849854,0.20944694064039504,13,1.661538353333106,0.0037625946448224578,0.0026111132823503943,0.016380022279918194,-0.0008198053047705732,0.016380022279918194,0.0008198053047705732,0.0024223376531153917,0.0073262788355350494,0.0024223376531153917,0
3001,19,2,5,0.008173961192369461,0.0,-0.001569446176290512,-0.001569446176290512,0.0,0.008173961192369461,0.0,0,1,0.9076921939849854,0.20944694064039504,13,1.661538353333106,0.0025698111592889674,0.0020093087261245086,0.008173961192369461,-0.001569446176290512,0.008173961192369461,0.001569446176290512,0.004083132836967707,0.007004337850958109,0.004083132836967707,0
3001,20,0,1,0.022703561931848526,0.023999996483325958,0.001852269284427166,0.001852269284427166,5.158093951962428e-10,0.022703561931848526,0.023999996483325958,1,3,0.9076921939849854,0.20944694064039504,13,1.661538353333106,0.005180249659357614,0.0037072886817554043,0.0012964345514774323,0.0018522687686177708,0.0012964345514774323,0.0018522687686177708,0.004995036404579878,0.004517130553722382,0.004995036404579878,0
3001,20,0,2,0.01973329484462738,0.0,0.0014109016628935933,0.0014109016628935933,0.0,0.01973329484462738,0.0,0,1,0.9076921939849854,0.20944694064039504,13,1.6615383533331063,0.0057836926111674986,0.0047729126185994345,0.01973329484462738,0.0014109016628935933,0.01973329484462738,0.0014109016628935933,0.006741542834788561,0.009777611121535301,0.006741542834788561,0
3001,20,0,3,0.023756733164191246,0.01199999451637268,-0.01365655567497015,-0.01365655567497015,-0.005399997502192874,0.023756733164191246,0.01199999451637268,1,3,0.9076923131942749,0.2094469155167731,13,1.661538461366525,0.004586251394742835,0.003482373971381836,0.011756738647818565,-0.008256558172777276,0.011756738647818565,0.008256558172777276,0.009304676204919815,0.008344292640686035,0.009304676204919815,0
3001,20,0,4,0.018030371516942978,0.0,-0.00018219339835923165,-0.00018219339835923165,-1.3877787807814457e-17,0.018030371516942978,0.0,0,1,0.9076921939849854,0.20944694064039504,13,1.661538353333106,0.004699379866573818,0.0037547113958018774,0.018030371516942978,-0.00018219339835921777,0.018030371516942978,0.00018219339835921777,0.007924423553049564,0.0044176639057695866,0.007924423553049564,0
3001,20,0,5,0.02135232277214527,0.012000001966953278,0.0007231407216750085,0.0007231407216750085,5.158093951962428e-10,0.02135232277214527,0.012000001966953278,1,3,0.9076921939849854,0.20944694064039504,13,1.661538353333106,0.004345699924888826,0.003295933177485268,0.009352320805191994,0.0007231402058656133,0.009352320805191994,0.0007231402058656133,0.003931235987693071,0.007554603740572929,0.003931235987693071,0
3001,20,1,0,0.015682846307754517,0.035999998450279236,-0.0011830832809209824,-0.0011830832809209824,6.938893903907228e-18,0.015682846307754517,0.035999998450279236,1,3,0.9076921939849854,0.20944694064039504,13,1.661538353333106,0.0048322581841819924,0.0035630336703633414,0.02031715214252472,-0.0011830832809209893,0.02031715214252472,0.0011830832809209893,0.0011716862209141254,0.006133304908871651,0.0011716862209141254,0
3001,20,1,2,0.00834314152598381,0.0,-0.0016916105523705482,-0.0016916105523705482,0.0,0.00834314152598381,0.0,0,1,0.9076921939849854,0.20944694064039504,13,1.6615383533331063,0.0024620315917526442,0.0021003311466888564,0.00834314152598381,-0.0016916105523705482,0.00834314152598381,0.0016916105523705482,0.0025534057058393955,0.004692281596362591,0.0025534057058393955,0
3001,20,1,3,0.015268826857209206,0.012000001966953278,-0.007485540118068457,-0.007485540118068457,-0.0054000008549541165,0.015268826857209206,0.012000001966953278,1,3,0.9076923131942749,0.2094469155167731,13,1.661538461366525,0.0023639835915037757,0.0018504719806493393,0.003268824890255928,-0.00208553926311434,0.003268824890255928,0.00208553926311434,0.002989764092490077,0.006567233707755804,0.002989764092490077,0
3001,20,1,4,0.009233817458152771,0.0,-0.001408841460943222,-0.001408841460943222,6.938893903907228e-18,0.009233817458152771,0.0,0,1,0.9076921939849854,0.20944694064039504,13,1.661538353333106,0.0028456755563184147,0.00241785902067049,0.009233817458152771,-0.001408841460943229,0.009233817458152771,0.001408841460943229,0.001375427353195846,0.0034291567280888557,0.001375427353195846,0
3001,20,1,5,0.013267835602164268,0.036000002175569534,-0.00521240197122097,-0.00521240197122097,-0.006230769437092991,0.013267835602164268,0.036000002175569534,1,4,0.9076921939849854,0.20944694064039504,13,1.661538353333106,0.010390304716707861,0.008620773172061117,0.022732166573405266,0.0010183674658720207,0.022732166573405266,0.0010183674658720207,0.00246047368273139,0.004490025341510773,0.00246047368273139,0
3001,20,2,0,0.009961366653442383,0.0,-0.0018168200040236115,-0.0018168200040236115,0.0,0.009961366653442383,0.0,0,1,0.9076921939849854,0.20944694064039504,13,1.661538353333106,0.003010707225095876,0.0025382858408978695,0.009961366653442383,-0.0018168200040236115,0.009961366653442383,0.0018168200040236115,0.00390651635825634,0.008426012471318245,0.00390651635825634,0
3001,20,2,1,0.008827004581689835,0.0,-0.002260754117742181,-0.002260754117742181,0.0,0.008827004581689835,0.0,0,1,0.9076921939849854,0.20944694064039504,13,1.661538353333106,0.002539242230962213,0.0020686894567055114,0.008827004581689835,-0.002260754117742181,0.008827004581689835,0.002260754117742181,0.004031900316476822,0.0066278064623475075,0.004031900316476822,0
3001,20,2,3,0.009663887321949005,0.0,0.001163204782642424,0.001163204782642424,-3.469446951953614e-18,0.009663887321949005,0.0,0,1,0.9076923131942749,0.2094469155167731,13,1.661538461366525,0.002499703549315565,0.0020049867280841588,0.009663887321949005,0.0011632047826424276,0.009663887321949005,0.0011632047826424276,0.004561574663966894,0.005526912398636341,0.004561574663966894,0
3001,20,2,4,0.01304556429386139,0.03000000026077032,-0.0009264496038667858,-0.0009264496038667858,-6.44761778689773e-11,0.01304556429386139,0.03000000026077032,1,3,0.9076921939849854,0.20944694064039504,13,1.661538353333106,0.003915885636921479,0.0027503677197462,0.01695443596690893,-0.0009264495393906079,0.01695443596690893,0.0009264495393906079,0.002844323869794607,0.006502078380435705,0.002844323869794607,0
3001,20,2,5,0.008042208850383759,0.0,-0.0015981994802132249,-0.0015981994802132249,0.0,0.008042208850383759,0.0,0,1,0.9076921939849854,0.20944694064039504,13,1.661538353333106,0.0024741974701731635,0.0019149792176731946,0.008042208850383759,-0.0015981994802132249,0.008042208850383759,0.0015981994802132249,0.004105935804545879,0.006796922069042921,0.004105935804545879,0
3001,21,0,1,0.01205908041447401,0.024000000208616257,-0.0008112306823022664,-0.0008112306823022664,-2.5790471494535616e-10,0.01205908041447401,0.024000000208616257,1,3,0.007692307233810425,0.20944694064039504,13,1.661538353333106,0.003138822387702105,0.0025424138483034786,0.011940919794142246,-0.0008112304243975514,0.011940919794142246,0.0008112304243975514,0.001753473188728094,0.007346590515226126,0.001753473188728094,0
3001,21,0,2,0.006247933954000473,0.0,-0.0009392625652253628,-0.0009392625652253628,-3.469446951953614e-18,0.006247933954000473,0.0,0,1,0.9076921939849854,0.20944694064039504,13,1.6615383533331063,0.001713022517642844,0.0014099147633687985,0.006247933954000473,-0.0009392625652253593,0.006247933954000473,0.0009392625652253593,0.0025193060282617807,0.0033761824015527964,0.0025193060282617807,0
3001,21,0,3,0.01230541244149208,0.012000001966953278,-0.0067193652503192425,-0.0067193652503192425,-0.00540000085495412,0.01230541244149208,0.012000001966953278,1,3,0.9076923131942749,0.2094469155167731,13,1.661538461366525,0.001688690629370009,0.0015487061626107033,0.0003054104745388031,-0.0013193643953651225,0.0003054104745388031,0.0013193643953651225,0.0047271461226046085,0.007039488293230534,0.0047271461226046085,0
3001,21,0,4,0.009188346564769745,0.0,-0.0017338137840852141,-0.0017338137840852141,-3.469446951953614e-18,0.009188346564769745,0.0,0,1,0.9076921939849854,0.20944694064039504,13,1.661538353333106,0.002363637511301599,0.001915444746701675,0.009188346564769745,-0.0017338137840852107,0.009188346564769745,0.0017338137840852107,0.002617653226479888,0.005459784530103207,0.002617653226479888,0
3001,21,0,5,0.011537057347595692,0.012000000104308128,-0.0006769757601432502,-0.0006769757601432502,-1.289523557379546e-10,0.011537057347595692,0.012000000104308128,1,3,0.9076921939849854,0.20944694064039504,13,1.661538353333106,0.0020000857261918584,0.0017469808701756442,0.0004629427567124367,-0.0006769756311908945,0.0004629427567124367,0.0006769756311908945,0.0019145655678585172,0.007284699939191341,0.0019145655678585172,0
3001,21,1,0,0.018621090799570084,0.035999998450279236,-0.0016567135462537408,-0.0016567135462537408,0.0,0.018621090799570084,0.035999998450279236,1,3,0.9076921939849854,0.20944694064039504,13,1.661538353333106,0.005300050295199738,0.004316138092582748,0.017378907650709152,-0.0016567135462537408,0.017378907650709152,0.0016567135462537408,0.003902142634615302,0.0063240379095077515,0.003902142634615302,0
3001,21,1,2,0.012931808829307556,0.0,-0.0014609824866056442,-0.0014609824866056442,0.0,0.012931808829307556,0.0,0,1,0.9076921939849854,0.20944694064039504,13,1.6615383533331063,0.0036629408905565312,0.0032107327464064197,0.012931808829307556,-0.0014609824866056442,0.012931808829307556,0.0014609824866056442,0.002889311872422695,0.004317939281463623,0.002889311872422695,0
3001,21,1,3,0.01800219714641571,0.012000001966953278,-0.00880891177803278,-0.00880891177803278,-0.0054000008549541165,0.01800219714641571,0.012000001966953278,1,3,0.9076923131942749,0.2094469155167731,13,1.661538461366525,0.004151957253463233,0.0035961823615096727,0.006002195179462433,-0.0034089109230786632,0.006002195179462433,0.0034089109230786632,0.003621829906478524,0.008313952945172787,0.003621829906478524,0
3001,21,1,4,0.014084216207265854,0.0,-0.0025796398986130953,-0.0025796398986130953,0.0,0.014084216207265854,0.0,0,1,0.9076921939849854,0.20944694064039504,13,1.661538353333106,0.004215031686473756,0.003675226496874228,0.014084216207265854,-0.0025796398986130953,0.014084216207265854,0.0025796398986130953,0.003575762966647744,0.005456556566059589,0.003575762966647744,0
3001,21,1,5,0.017122797667980194,0.03599999472498894,-0.007687276229262352,-0.007687276229262352,-0.006230768921283561,0.017122797667980194,0.03599999472498894,1,4,0.9076921939849854,0.20944694064039504,13,1.661538353333106,0.009565720328856758,0.007975028508160946,0.018877197057008743,-0.001456507307978791,0.018877197057008743,0.001456507307978791,0.005096061155200005,0.008559336885809898,0.005096061155200005,0
3001,21,2,0,0.010994601994752884,0.0,0.00040827845805324614,0.00040827845805324614,0.0,0.010994601994752884,0.0,0,1,0.9076921939849854,0.20944694064039504,13,1.661538353333106,0.0031625305938152545,0.0025500547603742613,0.010994601994752884,0.00040827845805324614,0.010994601994752884,0.00040827845805324614,0.006472440902143717,0.008037794381380081,0.006472440902143717,0
3001,21,2,1,0.010406456887722015,0.0,-0.002296899678185582,-0.002296899678185582,6.938893903907228e-18,0.010406456887722015,0.0,0,1,0.007692307233810425,0.20944694064039504,13,1.661538353333106,0.0028630504217716894,0.0021773921050263568,0.010406456887722015,-0.002296899678185589,0.010406456887722015,0.002296899678185589,0.003166629234328866,0.0059019834734499454,0.003166629234328866,0
3001,21,2,3,0.010355610400438309,0.0,0.0023407761473208666,0.0023407761473208666,0.0,0.010355610400438309,0.0,0,1,0.9076923131942749,0.2094469155167731,13,1.661538461366525,0.0027709639437530583,0.0023243849623132743,0.010355610400438309,0.0023407761473208666,0.010355610400438309,0.0023407761473208666,0.004956092685461044,0.005589737091213465,0.004956092685461044,0
3001,21,2,4,0.013255631551146507,0.02999999839812517,0.00014464370906352997,0.00014464370906352997,6.44761778689773e-11,0.013255631551146507,0.02999999839812517,1,3,0.9076921939849854,0.20944694064039504,13,1.661538353333106,0.0038805964434056855,0.0027073062735901783,0.016744366846978664,0.0001446436445873521,0.016744366846978664,0.0001446436445873521,0.005796011537313461,0.007660428993403912,0.005796011537313461,0
3001,21,2,5,0.009714022278785706,0.0,-0.0017523091519251466,-0.0017523091519251466,6.938893903907228e-18,0.009714022278785706,0.0,0,1,0.9076921939849854,0.20944694064039504,13,1.661538353333106,0.002915168336405261,0.0023608306455894334,0.009714022278785706,-0.0017523091519251535,0.009714022278785706,0.0017523091519251535,0.0035672292578965425,0.006148693151772022,0.0035672292578965425,0
3001,22,0,1,0.022713150829076767,0.023999996483325958,0.0018465827452018857,0.0018465827452018857,5.158093951962428e-10,0.022713150829076767,0.023999996483325958,1,3,0.9076921939849854,0.20944694064039504,13,1.661538353333106,0.0052022354194922816,0.0037115470743214586,0.0012868456542491913,0.0018465822293924905,0.0012868456542491913,0.0018465822293924905,0.005017200484871864,0.004586616065353155,0.005017200484871864,0
3001,22,0,2,0.019692348316311836,0.0,0.0013604076812043786,0.0013604076812043786,0.0,0.019692348316311836,0.0,0,1,0.9076921939849854,0.20944694064039504,13,1.6615383533331063,0.005766500452428383,0.00476152914129859,0.019692348316311836,0.0013604076812043786,0.019692348316311836,0.0013604076812043786,0.006726297549903393,0.009568127803504467,0.006726297549903393,0
3001,22,0,3,0.02378198131918907,0.01199999451637268,-0.013654615730047226,-0.013654615730047226,-0.005399997502192874,0.02378198131918907,0.01199999451637268,1,3,0.9076923131942749,0.2094469155167731,13,1.661538461366525,0.004584961389471594,0.0034653068514617943,0.011781986802816391,-0.008254618227854352,0.011781986802816391,0.008254618227854352,0.009207363240420818,0.008254049345850945,0.009207363240420818,0
3001,22,0,4,0.018001357093453407,0.0,-0.00018304074183106422,-0.00018304074183106422,-1.3877787807814457e-17,0.018001357093453407,0.0,0,1,0.9076921939849854,0.20944694064039504,13,1.661538353333106,0.004687511870013502,0.003749232088937562,0.018001357093453407,-0.00018304074183105035,0.018001357093453407,0.00018304074183105035,0.00789996050298214,0.004512336105108261,0.00789996050298214,0
3001,22,0,5,0.02131986990571022,0.012000001966953278,0.0007361124153248966,0.0007361124153248966,5.158093951962428e-10,0.02131986990571022,0.012000001966953278,1,3,0.9076921939849854,0.20944694064039504,13,1.661538353333106,0.004359065675006017,0.003309688734761355,0.009319867938756943,0.0007361118995155014,0.009319867938756943,0.0007361118995155014,0.003967653959989548,0.007622606586664915,0.003967653959989548,0
3001,22,1,0,0.015652775764465332,0.035999998450279236,-0.0011685328790917993,-0.0011685328790917993,6.938893903907228e-18,0.015652775764465332,0.035999998450279236,1,3,0.9076921939849854,0.20944694064039504,13,1.661538353333106,0.004837917909934273,0.0035654944340152853,0.020347222685813904,-0.0011685328790918062,0.020347222685813904,0.0011685328790918062,0.0011770552955567837,0.0061203790828585625,0.0011770552955567837,0
3001,22,1,2,0.008347276598215103,0.0,-0.0016858329763635993,-0.0016858329763635993,0.0,0.008347276598215103,0.0,0,1,0.9076921939849854,0.20944694064039504,13,1.6615383533331063,0.002461291607135325,0.00209962497272435,0.008347276598215103,-0.0016858329763635993,0.008347276598215103,0.0016858329763635993,0.002544838236644864,0.004725028295069933,0.002544838236644864,0
3001,22,1,3,0.015245182439684868,0.012000001966953278,-0.007484417874366045,-0.007484417874366045,-0.0054000008549541165,0.015245182439684868,0.012000001966953278,1,3,0.9076923131942749,0.2094469155167731,13,1.661538461366525,0.0023614038441027965,0.0018481141804943422,0.0032451804727315903,-0.0020844170194119285,0.0032451804727315903,0.0020844170194119285,0.002988920547068119,0.006541288457810879,0.002988920547068119,0
3001,22,1,4,0.009229887276887894,0.0,-0.001394202932715416,-0.001394202932715416,6.938893903907228e-18,0.009229887276887894,0.0,0,1,0.9076921939849854,0.20944694064039504,13,1.661538353333106,0.002842332236299896,0.0024158716554472433,0.009229887276887894,-0.001394202932715423,0.009229887276887894,0.001394202932715423,0.001385276671499014,0.0034302608110010624,0.001385276671499014,0
3001,22,1,5,0.013278590515255928,0.036000002175569534,-0.005204022396355867,-0.005204022396355867,-0.006230769437092991,0.013278590515255928,0.036000002175569534,1,4,0.9076921939849854,0.20944694064039504,13,1.661538353333106,0.010384507687276804,0.008616137213608214,0.022721411660313606,0.0010267470407371235,0.022721411660313606,0.0010267470407371235,0.002456421498209238,0.004506633151322603,0.002456421498209238,0
3001,22,2,0,0.010015573352575302,0.0,-0.0017595650861039758,-0.0017595650861039758,0.0,0.010015573352575302,0.0,0,1,0.9076921939849854,0.20944694064039504,13,1.661538353333106,0.0029918297967723,0.0025156202048239626,0.010015573352575302,-0.0017595650861039758,0.010015573352575302,0.0017595650861039758,0.0038478346541523933,0.008412744849920273,0.0038478346541523933,0
3001,22,2,1,0.008916318416595459,0.0,-0.0022264986764639616,-0.0022264986764639616,0.0,0.008916318416595459,0.0,0,1,0.9076921939849854,0.20944694064039504,13,1.661538353333106,0.002531888379728264,0.0020466338865150367,0.008916318416595459,-0.0022264986764639616,0.008916318416595459,0.0022264986764639616,0.0040067341178655624,0.006627116817981005,0.0040067341178655624,0
3001,22,2,3,0.009702645242214203,0.0,0.0012304484844207764,0.0012304484844207764,-3.469446951953614e-18,0.009702645242214203,0.0,0,1,0.9076923131942749,0.2094469155167731,13,1.661538461366525,0.002497544025952471,0.002002780518588229,0.009702645242214203,0.0012304484844207798,0.009702645242214203,0.0012304484844207798,0.004620733670890331,0.005405538249760866,0.004620733670890331,0
3001,22,2,4,0.012938689440488815,0.03000000026077032,-0.0008807868580333889,-0.0008807868580333889,-6.44761778689773e-11,0.012938689440488815,0.03000000026077032,1,3,0.9076921939849854,0.20944694064039504,13,1.661538353333106,0.003923215052287638,0.002737275682962859,0.017061310820281506,-0.000880786793557211,0.017061310820281506,0.000880786793557211,0.002837528707459569,0.00642929645255208,0.002837528707459569,0
3001,22,2,5,0.008110973984003067,0.0,-0.001562883728183806,-0.001562883728183806,0.0,0.008110973984003067,0.0,0,1,0.9076921939849854,0.20944694064039504,13,1.661538353333106,0.002466606961455989,0.0019062443156919536,0.008110973984003067,-0.001562883728183806,0.008110973984003067,0.001562883728183806,0.004109929781407118,0.006860006134957075,0.004109929781407118,0
3001,23,0,1,0.022710561752319336,0.023999996483325958,0.0018426710739731789,0.0018426710739731789,5.158093951962428e-10,0.022710561752319336,0.023999996483325958,1,3,0.9076921939849854,0.20944694064039504,13,1.661538353333106,0.005218216064515531,0.0037142507533526273,0.0012894347310066223,0.0018426705581637837,0.0012894347310066223,0.0018426705581637837,0.005037462338805199,0.004664878360927105,0.005037462338805199,0
3001,23,0,2,0.019651569426059723,0.0,0.0013201545225456357,0.0013201545225456357,0.0,0.019651569426059723,0.0,0,1,0.9076921939849854,0.20944694064039504,13,1.6615383533331063,0.0057519278762093095,0.004752562833900326,0.019651569426059723,0.0013201545225456357,0.019651569426059723,0.0013201545225456357,0.006722135469317436,0.009385177865624428,0.006722135469317436,0
3001,23,0,3,0.023809533566236496,0.01199999451637268,-0.013658546842634678,-0.013658546842634678,-0.005399997502192874,0.023809533566236496,0.01199999451637268,1,3,0.9076923131942749,0.2094469155167731,13,1.661538461366525,0.004586010545244706,0.003453161997290758,0.011809539049863815,-0.008258549340441804,0.011809539049863815,0.008258549340441804,0.009110698476433754,0.008182278834283352,0.009110698476433754,0
3001,23,0,4,0.017988454550504684,0.0,-0.00017354311421513557,-0.00017354311421513557,-1.3877787807814457e-17,0.017988454550504684,0.0,0,1,0.9076921939849854,0.20944694064039504,13,1.661538353333106,0.004680298912478412,0.0037452108805348886,0.017988454550504684,-0.0001735431142151217,0.017988454550504684,0.0001735431142151217,0.007878036238253117,0.004597710911184549,0.007878036238253117,0
3001,23,0,5,0.021288344636559486,0.012000001966953278,0.0007501423242501915,0.0007501423242501915,5.158093951962428e-10,0.021288344636559486,0.012000001966953278,1,3,0.9076921939849854,0.20944694064039504,13,1.661538353333106,0.004370391680800324,0.003320958884157372,0.009288342669606209,0.0007501418084407963,0.009288342669606209,0.0007501418084407963,0.004012415651232004,0.007722284644842148,0.004012415651232004,0
3001,23,1,0,0.01562671735882759,0.035999998450279236,-0.0011559197446331382,-0.0011559197446331382,6.938893903907228e-18,0.01562671735882759,0.035999998450279236,1,3,0.9076921939849854,0.20944694064039504,13,1.661538353333106,0.004842863004126174,0.0035676271516895857,0.020373281091451645,-0.0011559197446331451,0.020373281091451645,0.0011559197446331451,0.0011819266946986318,0.006109371781349182,0.0011819266946986318,0
3001,23,1,2,0.008351020514965057,0.0,-0.0016819000011309981,-0.0016819000011309981,0.0,0.008351020514965057,0.0,0,1,0.9076921939849854,0.20944694064039504,13,1.6615383533331063,0.002461007013885217,0.0020993444958382107,0.008351020514965057,-0.0016819000011309981,0.008351020514965057,0.0016819000011309981,0.00253826635889709,0.004754215478897095,0.00253826635889709,0
3001,23,1,3,0.015224277973175049,0.012000001966953278,-0.007483334746211767,-0.007483334746211767,-0.0054000008549541165,0.015224277973175049,0.012000001966953278,1,3,0.9076923131942749,0.2094469155167731,13,1.661538461366525,0.0023592105881434173,0.0018469432930974564,0.0032242760062217712,-0.0020833338912576507,0.0032242760062217712,0.0020833338912576507,0.002988510299474001,0.006519273389130831,0.002988510299474001,0
3001,23,1,4,0.009226467460393906,0.0,-0.0013808900257572532,-0.0013808900257572532,6.938893903907228e-18,0.009226467460393906,0.0,0,1,0.9076921939849854,0.20944694064039504,13,1.661538353333106,0.0028393869487102147,0.0024140571525111004,0.009226467460393906,-0.0013808900257572601,0.009226467460393906,0.0013808900257572601,0.001394917257130146,0.003430766286328435,0.001394917257130146,0
3001,23,1,5,0.013285204768180847,0.036000002175569534,-0.005195958074182272,-0.005195958074182272,-0.006230769437092991,0.013285204768180847,0.036000002175569534,1,4,0.9076921939849854,0.20944694064039504,13,1.661538353333106,0.010378931247955001,0.008611772363707863,0.022714797407388687,0.001034811362910719,0.022714797407388687,0.001034811362910719,0.0024537991266697645,0.004525821190327406,0.0024537991266697645,0
3001,23,2,0,0.01006089523434639,0.0,-0.001710734679363668,-0.001710734679363668,0.0,0.01006089523434639,0.0,0,1,0.9076921939849854,0.20944694064039504,13,1.661538353333106,0.0029755971288657696,0.002495297842477199,0.01006089523434639,-0.001710734679363668,0.01006089523434639,0.001710734679363668,0.0038014533929526806,0.008378306403756142,0.0038014533929526806,0
3001,23,2,1,0.008969582617282867,0.0,-0.002196140820160508,-0.002196140820160508,0.0,0.008969582617282867,0.0,0,1,0.9076921939849854,0.20944694064039504,13,1.661538353333106,0.0025223213176998357,0.0020264375668305615,0.008969582617282867,-0.002196140820160508,0.008969582617282867,0.002196140820160508,0.003984780982136726,0.0066315471194684505,0.003984780982136726,0
3001,23,2,3,0.009742841124534607,0.0,0.001285563805140555,0.001285563805140555,-3.469446951953614e-18,0.009742841124534607,0.0,0,1,0.9076923131942749,0.2094469155167731,13,1.661538461366525,0.0024988295381842486,0.002002454765096923,0.009742841124534607,0.0012855638051405584,0.009742841124534607,0.0012855638051405584,0.004677298944443464,0.0053060357458889484,0.004677298944443464,0
3001,23,2,4,0.012848276644945145,0.03000000026077032,-0.0008322239737026393,-0.0008322239737026393,-6.44761778689773e-11,0.012848276644945145,0.03000000026077032,1,3,0.9076921939849854,0.20944694064039504,13,1.661538353333106,0.003932522423485674,0.002728625999752587,0.017151723615825176,-0.0008322239092264615,0.017151723615825176,0.0008322239092264615,0.002820270135998726,0.006376739591360092,0.002820270135998726,0
3001,23,2,5,0.008187778294086456,0.0,-0.0015403488650918007,-0.0015403488650918007,0.0,0.008187778294086456,0.0,0,1,0.9076921939849854,0.20944694064039504,13,1.661538353333106,0.0024656431076632325,0.0019015337412173932,0.008187778294086456,-0.0015403488650918007,0.008187778294086456,0.0015403488650918007,0.004100332967936993,0.00692411744967103,0.004100332967936993,0
