seed,state_idx,ego_id,neighbor_id,fixed_panel_step_index,fixed_panel_step_hash,fixed_panel_fingerprint,learned_score,oracle_score,learned_signed,learned_direction_row_aipw,oracle_signed,learned_range,oracle_range,oracle_q_nonconstant,oracle_q_distinct_levels,observed_action_probability,policy_support_entropy,valid_action_count,target_policy_l1_to_uniform,q_centered_rmse,q_centered_mae,abs_error,signed_error,capacity_abs_error,direction_abs_error,proxy_sigma,capacity_sigma,direction_sigma,dr_applied,learned_q_range,oracle_q_range_from_surface,capacity_head_q_range_consistency_abs,capacity_q_error_bound,capacity_q_error_bound_violation,direction_head_q_consistency_abs,oracle_direction_q_consistency_abs,oracle_argmax_action,oracle_argmin_action,learned_argmax_action,learned_argmin_action,oracle_argmax_count,oracle_argmin_count,oracle_extrema_unique,argmax_match,argmin_match,both_extrema_match,oracle_g_plus,oracle_g_minus,oracle_extrema_gap,extrema_gap_zero,q_raw_sup_error,q_gauge_shift_opt,q_gauge_sup_error,q_gauge_sup_error_check,lambda_C,lambda_C_raw,extrema_stability_certified,extrema_stability_violation,learned_direction_from_q,oracle_direction_from_q,direction_weight_l1,direction_q_error_bound,direction_sign_margin,lambda_D,direction_sign_match_from_q,direction_sign_certified,direction_sign_violation,oracle_capacity_rank,learned_capacity_rank,oracle_capacity_topk_member,learned_capacity_topk_member,oracle_capacity_margin_to_topk_boundary
5005,0,0,1,0,f76e554ac9f5ad174f14bf040667c87ddc158e136dec276b0e6d481720f0da71,fcccee6e8ba980c82937dee9d477f153da63e126e141f70859017ee9e1d4366d,0.004846332594752312,0.0,-0.0010710373753681779,-0.0010710373753681779,0.0,0.004846332594752312,0.0,0,1,0.9076921939849854,0.20944694064039504,13,1.661538353333106,0.0012564442730233043,0.0009580325375217392,0.004846332594752312,-0.0010710373753681779,0.004846332594752312,0.0010710373753681779,0.001512480666860938,0.0034668496809899807,0.001512480666860938,0,0.00484633247833699,0.0,1.1641532182693481e-10,0.00484633247833699,0,1.6671651624326767e-10,0.0,0,0,10,11,13,13,0,1,1,1,0.0,0.0,0.0,1,0.003639525966718793,0.001216359727550298,0.002423166239168495,0.002423166239168495,inf,inf,0,0,-0.0010710372086516616,0.0,1.6615384505345263,0.004026183878415596,0.0,inf,0,0,0,3,4,0,0,0.038999997079372406
5005,0,0,2,0,f76e554ac9f5ad174f14bf040667c87ddc158e136dec276b0e6d481720f0da71,fcccee6e8ba980c82937dee9d477f153da63e126e141f70859017ee9e1d4366d,0.014333285391330719,0.038999997079372406,-0.001266525941900909,-0.001266525941900909,0.020769230038500737,0.014333285391330719,0.038999997079372406,1,4,0.9076921939849854,0.20944694064039504,13,1.661538353333106,0.012871667507191516,0.010804352005420133,0.024666711688041687,-0.022035755980401646,0.024666711688041687,0.022035755980401646,0.0009209775016643107,0.006738682277500629,0.0009209775016643107,0,0.014333285391330719,0.038999997079372406,0.0,0.03413698496297002,0,6.795371470386113e-11,0.0,1,11,10,11,3,1,0,0,1,0,0.0,0.00899999774992466,0.0,1,0.032023023813962936,0.014954531332477927,0.01706849248148501,0.01706849248148501,inf,inf,0,0,-0.0012665260098546237,0.020769230038500737,1.6615384505345263,0.028359956550646815,0.020769230038500737,1.365479437517657,0,0,0,1,2,1,0,0.00899999774992466
5005,0,0,3,0,f76e554ac9f5ad174f14bf040667c87ddc158e136dec276b0e6d481720f0da71,fcccee6e8ba980c82937dee9d477f153da63e126e141f70859017ee9e1d4366d,0.004720759578049183,0.0,-0.0003371126076672226,-0.0003371126076672226,0.0,0.004720759578049183,0.0,0,1,0.9076921939849854,0.20944694064039504,13,1.661538353333106,0.001187665838686984,0.0008519715877503333,0.004720759578049183,-0.0003371126076672226,0.004720759578049183,0.0003371126076672226,0.0015908764908090234,0.002161890035495162,0.0015908764908090234,0,0.004720759345218539,0.0,2.3283064365386963e-10,0.004720759345218539,0,6.246744462846954e-11,0.0,0,0,10,0,13,13,0,1,1,1,0.0,0.0,0.0,1,0.0023902999237179756,2.9920251108705997e-05,0.0023603796726092696,0.0023603796726092696,inf,inf,0,0,-0.00033711267013466725,0.0,1.6615384505345263,0.003921861583900398,0.0,inf,0,0,0,4,5,0,0,0.038999997079372406
5005,0,0,4,0,f76e554ac9f5ad174f14bf040667c87ddc158e136dec276b0e6d481720f0da71,fcccee6e8ba980c82937dee9d477f153da63e126e141f70859017ee9e1d4366d,0.009660294279456139,0.0,0.000893535849172622,0.000893535849172622,0.0,0.009660294279456139,0.0,0,1,0.007692307233810425,0.20944694064039504,13,1.661538353333106,0.0020750241755920365,0.0013215591433215557,0.009660294279456139,0.000893535849172622,0.009660294279456139,0.000893535849172622,0.0008564829477109015,0.0048109921626746655,0.0008564829477109015,0,0.009660294745117426,0.0,4.656612873077393e-10,0.009660294745117426,0,5.5000017127465606e-12,0.0,0,0,10,11,13,13,0,1,1,1,0.0,0.0,0.0,1,0.005003549158573151,0.00017340178601443768,0.004830147372558713,0.004830147372558713,inf,inf,0,0,0.0008935358546726237,0.0,1.6615384505345263,0.008025475581254618,0.0,inf,0,0,0,5,3,0,0,0.038999997079372406
5005,0,0,5,0,f76e554ac9f5ad174f14bf040667c87ddc158e136dec276b0e6d481720f0da71,fcccee6e8ba980c82937dee9d477f153da63e126e141f70859017ee9e1d4366d,0.017512675374746323,0.029999999329447746,-0.0006809272454120219,-0.0006809272454120219,0.0,0.017512675374746323,0.029999999329447746,1,3,0.9076921939849854,0.20944694064039504,13,1.661538353333106,0.002608971098906903,0.001647205466746226,0.012487323954701424,-0.0006809272454120219,0.012487323954701424,0.0006809272454120219,0.004042194690555334,0.00703765032812953,0.004042194690555334,0,0.017512674443423748,0.029999999329447746,9.313225746154785e-10,0.012487324886023998,0,3.1697578318622827e-10,0.0,10,11,10,11,1,1,1,1,1,1,0.014999999664723873,0.014999999664723873,0.014999999664723873,0,0.006823340430855751,-0.0005796779878437519,0.006243662443011999,0.006243662443011999,0.41624417217124887,0.45488937222461984,1,0,-0.0006809275623878051,0.0,1.6615384505345263,0.010374085221222773,0.0,inf,0,0,0,2,1,0,1,0.00899999774992466
5005,0,1,0,0,f76e554ac9f5ad174f14bf040667c87ddc158e136dec276b0e6d481720f0da71,fcccee6e8ba980c82937dee9d477f153da63e126e141f70859017ee9e1d4366d,0.006582457106560469,0.0,0.0006780558614991605,0.0006780558614991605,0.0,0.006582457106560469,0.0,0,1,0.9076921939849854,0.20944694064039504,13,1.661538353333106,0.0017313080433996781,0.0013291256181267503,0.006582457106560469,0.0006780558614991605,0.006582457106560469,0.0006780558614991605,0.0020475597120821476,0.002178998664021492,0.0020475597120821476,0,0.006582457106560469,0.0,0.0,0.006582457106560469,0,3.986293467626162e-11,0.0,0,0,10,11,13,13,0,1,1,1,0.0,0.0,0.0,1,0.003809218527749181,-0.0005179899744689465,0.0032912285532802343,0.0032912285532802343,inf,inf,0,0,0.0006780558216362259,0.0,1.6615384505345263,0.005468502790772232,0.0,inf,0,0,0,3,4,0,0,0.035999998450279236
5005,0,1,2,0,f76e554ac9f5ad174f14bf040667c87ddc158e136dec276b0e6d481720f0da71,fcccee6e8ba980c82937dee9d477f153da63e126e141f70859017ee9e1d4366d,0.005829694680869579,0.0,-0.000561873777769506,-0.000561873777769506,0.0,0.005829694680869579,0.0,0,1,0.9076921939849854,0.20944694064039504,13,1.661538353333106,0.0015455997187609916,0.0011975936751437964,0.005829694680869579,-0.000561873777769506,0.005829694680869579,0.000561873777769506,0.001396135427057743,0.00209112954325974,0.001396135427057743,0,0.005829694913700223,0.0,2.3283064365386963e-10,0.005829694913700223,0,4.754637287184005e-11,0.0,0,0,10,12,13,13,0,1,1,1,0.0,0.0,0.0,1,0.0036596350837498903,-0.0007447876268997788,0.0029148474568501115,0.0029148474568501115,inf,inf,0,0,-0.0005618738253158788,0.0,1.6615384505345263,0.004843131126999239,0.0,inf,0,0,0,4,5,0,0,0.035999998450279236
5005,0,1,3,0,f76e554ac9f5ad174f14bf040667c87ddc158e136dec276b0e6d481720f0da71,fcccee6e8ba980c82937dee9d477f153da63e126e141f70859017ee9e1d4366d,0.019478987902402878,0.017999999225139618,0.000662259990349412,0.000662259990349412,0.0,0.019478987902402878,0.017999999225139618,1,3,0.9076921939849854,0.20944694064039504,13,1.661538353333106,0.0012086015406925945,0.0010801845503290398,0.0014789886772632599,0.000662259990349412,0.0014789886772632599,0.000662259990349412,0.002173003042116761,0.006213436368852854,0.002173003042116761,0,0.019478987902402878,0.017999999225139618,0.0,0.003567475825548172,0,2.3303464735148494e-11,0.0,10,11,10,11,1,1,1,1,1,1,0.008999999612569809,0.008999999612569809,0.008999999612569809,0,0.003149404190480709,-0.001365666277706623,0.001783737912774086,0.001783737912774086,0.19819310995112005,0.3499338140061815,1,0,0.0006622599670459472,0.0,1.6615384505345263,0.002963749127750345,0.0,inf,0,0,0,2,2,0,0,0.017999999225139618
5005,0,1,4,0,f76e554ac9f5ad174f14bf040667c87ddc158e136dec276b0e6d481720f0da71,fcccee6e8ba980c82937dee9d477f153da63e126e141f70859017ee9e1d4366d,0.025191176682710648,0.035999998450279236,0.0014627092750743032,0.0014627092750743032,0.0,0.025191176682710648,0.035999998450279236,1,3,0.007692307233810425,0.20944694064039504,13,1.661538353333106,0.0023994730727810976,0.001748561758559043,0.010808821767568588,0.0014627092750743032,0.010808821767568588,0.0014627092750743032,0.001404974958859384,0.009308689273893833,0.001404974958859384,0,0.025191176682710648,0.035999998450279236,0.0,0.010808821767568588,0,5.926654826626798e-11,0.0,10,11,10,11,1,1,1,1,1,1,0.017999999225139618,0.017999999225139618,0.017999999225139618,0,0.007115581072866917,-0.0017111701890826225,0.005404410883784294,0.005404410883784294,0.3002450620240165,0.3953100766209463,1,0,0.0014627093343408514,0.0,1.6615384505345263,0.008979636485894886,0.0,inf,0,0,0,1,1,1,1,0.017999999225139618
5005,0,1,5,0,f76e554ac9f5ad174f14bf040667c87ddc158e136dec276b0e6d481720f0da71,fcccee6e8ba980c82937dee9d477f153da63e126e141f70859017ee9e1d4366d,0.008385875262320042,0.0,0.0015606529777869582,0.0015606529777869582,0.0,0.008385875262320042,0.0,0,1,0.9076921939849854,0.20944694064039504,13,1.661538353333106,0.0019765276549027692,0.0014168749144576357,0.008385875262320042,0.0015606529777869582,0.008385875262320042,0.0015606529777869582,0.0017272474942728877,0.004015452694147825,0.0017272474942728877,0,0.008385875495150685,0.0,2.3283064365386963e-10,0.008385875495150685,0,1.7063073957240826e-10,0.0,0,0,10,11,13,13,0,1,1,1,0.0,0.0,0.0,1,0.005239248275756836,-0.0010463105281814933,0.004192937747575343,0.004192937747575343,inf,inf,0,0,0.0015606528071562186,0.0,1.6615384505345263,0.006966727288294062,0.0,inf,0,0,0,5,3,0,0,0.035999998450279236
5005,0,2,0,0,f76e554ac9f5ad174f14bf040667c87ddc158e136dec276b0e6d481720f0da71,fcccee6e8ba980c82937dee9d477f153da63e126e141f70859017ee9e1d4366d,0.018968503922224045,0.038999997079372406,0.0013361495221033692,0.0013361495221033692,0.020769230038500737,0.018968503922224045,0.038999997079372406,1,4,0.9076921939849854,0.20944694064039504,13,1.661538353333106,0.012083643348074831,0.010117084529290814,0.02003149315714836,-0.019433080516397368,0.02003149315714836,0.019433080516397368,0.0011436260538175702,0.009307303465902805,0.0011436260538175702,0,0.01896850299090147,0.038999997079372406,9.313225746154785e-10,0.03202198166400194,0,9.754791744330527e-11,0.0,1,11,10,11,3,1,0,0,1,0,0.0,0.00899999774992466,0.0,1,0.02928350120782852,0.013272510375827551,0.01601099083200097,0.01601099083200097,inf,inf,0,0,0.0013361496196512867,0.020769230038500737,1.6615384505345263,0.0266028768985254,0.020769230038500737,1.280879303142707,1,0,0,1,2,1,0,0.00899999774992466
5005,0,2,1,0,f76e554ac9f5ad174f14bf040667c87ddc158e136dec276b0e6d481720f0da71,fcccee6e8ba980c82937dee9d477f153da63e126e141f70859017ee9e1d4366d,0.005806708242744207,0.0,-0.00020755582954734564,-0.00020755582954734564,0.0,0.005806708242744207,0.0,0,1,0.9076921939849854,0.20944694064039504,13,1.661538353333106,0.0014851941782687088,0.001132472780582732,0.005806708242744207,-0.00020755582954734564,0.005806708242744207,0.00020755582954734564,0.0019499139161780477,0.006359201390296221,0.0019499139161780477,0,0.005806708242744207,0.0,0.0,0.005806708242744207,0,3.1697653985092444e-10,0.0,0,0,10,11,13,13,0,1,1,1,0.0,0.0,0.0,1,0.0030339418444782495,0.00013058772310614586,0.0029033541213721037,0.0029033541213721037,inf,inf,0,0,-0.0002075561465238855,0.0,1.6615384505345263,0.004824034508177636,0.0,inf,0,0,0,3,4,0,0,0.038999997079372406
5005,0,2,3,0,f76e554ac9f5ad174f14bf040667c87ddc158e136dec276b0e6d481720f0da71,fcccee6e8ba980c82937dee9d477f153da63e126e141f70859017ee9e1d4366d,0.005516937468200922,0.0,0.00043232538155280054,0.00043232538155280054,0.0,0.005516937468200922,0.0,0,1,0.9076921939849854,0.20944694064039504,13,1.661538353333106,0.00147002378570065,0.0011152946142226282,0.005516937468200922,0.00043232538155280054,0.005516937468200922,0.00043232538155280054,0.001836433308199048,0.004868878051638603,0.001836433308199048,0,0.0055169373517856,0.0,1.1641532182693481e-10,0.0055169373517856,0,1.2265954094439757e-11,0.0,0,0,10,12,13,13,0,1,1,1,0.0,0.0,0.0,1,0.004086715634912252,-0.0013282469590194523,0.0027584686758928,0.0027584686758928,inf,inf,0,0,0.00043232536928684644,0.0,1.6615384505345263,0.00458330176959095,0.0,inf,0,0,0,4,5,0,0,0.038999997079372406
5005,0,2,4,0,f76e554ac9f5ad174f14bf040667c87ddc158e136dec276b0e6d481720f0da71,fcccee6e8ba980c82937dee9d477f153da63e126e141f70859017ee9e1d4366d,0.01028028316795826,0.0,0.0014521093107759953,0.0014521093107759953,0.0,0.01028028316795826,0.0,0,1,0.007692307233810425,0.20944694064039504,13,1.661538353333106,0.0022810073188201194,0.0016262409726389238,0.01028028316795826,0.0014521093107759953,0.01028028316795826,0.0014521093107759953,0.0010827360674738884,0.008732452057301998,0.0010827360674738884,0,0.010280282935127616,0.0,2.3283064365386963e-10,0.010280282935127616,0,2.952822287898005e-10,0.0,0,0,10,11,13,13,0,1,1,1,0.0,0.0,0.0,1,0.006476560607552528,-0.0013364191399887204,0.005140141467563808,0.005140141467563808,inf,inf,0,0,0.0014521090154937665,0.0,1.6615384505345263,0.008540542689544236,0.0,inf,0,0,0,5,3,0,0,0.038999997079372406
5005,0,2,5,0,f76e554ac9f5ad174f14bf040667c87ddc158e136dec276b0e6d481720f0da71,fcccee6e8ba980c82937dee9d477f153da63e126e141f70859017ee9e1d4366d,0.02095828950405121,0.029999999329447746,0.0007936356705613434,0.0007936356705613434,0.0,0.02095828950405121,0.029999999329447746,1,3,0.9076921939849854,0.20944694064039504,13,1.661538353333106,0.0022442738319941036,0.0018490674401242177,0.009041709825396538,0.0007936356705613434,0.009041709825396538,0.0007936356705613434,0.003724140115082264,0.00828793179243803,0.003724140115082264,0,0.020958290435373783,0.029999999329447746,9.313225746154785e-10,0.009041708894073963,0,1.7898352082119234e-10,0.0,10,11,10,11,1,1,1,1,1,1,0.014999999664723873,0.014999999664723873,0.014999999664723873,0,0.006712752394378185,-0.0021918979473412037,0.004520854447036982,0.004520854447036982,0.30139030320573035,0.44751683629465977,1,0,0.0007936354915778226,0.0,1.6615384505345263,0.007511573493021949,0.0,inf,0,0,0,2,1,0,1,0.00899999774992466
5005,1,0,1,1,7c463287f2157fb613ff097eb9584f03c9357334ab8c5583d151bc21d61a42fb,fcccee6e8ba980c82937dee9d477f153da63e126e141f70859017ee9e1d4366d,0.006317499093711376,0.0,-0.0001950365403899923,-0.0001950365403899923,0.0,0.006317499093711376,0.0,0,1,0.9076921939849854,0.20944694064039504,13,1.661538353333106,0.0015477006189836499,0.0009596709619391952,0.006317499093711376,-0.0001950365403899923,0.006317499093711376,0.0001950365403899923,0.0011221293825656176,0.005170137621462345,0.0011221293825656176,0,0.00631749932654202,0.0,2.3283064365386963e-10,0.00631749932654202,0,3.190743320599654e-10,0.0,0,0,10,11,13,13,0,1,1,1,0.0,0.0,0.0,1,0.004158068913966417,-0.0009993192506954074,0.00315874966327101,0.00315874966327101,inf,inf,0,0,-0.00019503685946432436,0.0,1.6615384505345263,0.00524838402113777,0.0,inf,0,0,0,3,5,0,0,0.029999999329447746
5005,1,0,2,1,7c463287f2157fb613ff097eb9584f03c9357334ab8c5583d151bc21d61a42fb,fcccee6e8ba980c82937dee9d477f153da63e126e141f70859017ee9e1d4366d,0.016565032303333282,0.017999999225139618,0.0013396140420809388,0.0013396140420809388,0.0,0.016565032303333282,0.017999999225139618,1,3,0.9076921939849854,0.20944694064039504,13,1.661538353333106,0.001251728660258658,0.0011009154786195982,0.0014349669218063354,0.0013396140420809388,0.0014349669218063354,0.0013396140420809388,0.0017281066393479705,0.0076038348488509655,0.0017281066393479705,0,0.01656503276899457,0.017999999225139618,4.656612873077393e-10,0.00384324649348855,0,5.390093764118947e-10,0.0,10,11,10,11,1,1,1,1,1,1,0.008999999612569809,0.008999999612569809,0.008999999612569809,0,0.007111939135938883,-0.005190315889194608,0.001921623246744275,0.001921623246744275,0.21351370327399222,0.7902154935658025,1,0,0.0013396135030715624,0.0,1.6615384505345263,0.0031928509119066085,0.0,inf,0,0,0,2,2,0,0,0.012000000104308128
5005,1,0,3,1,7c463287f2157fb613ff097eb9584f03c9357334ab8c5583d151bc21d61a42fb,fcccee6e8ba980c82937dee9d477f153da63e126e141f70859017ee9e1d4366d,0.007457834202796221,0.0,-0.0006102392799220979,-0.0006102392799220979,0.0,0.007457834202796221,0.0,0,1,0.007692308165132999,0.2094469155167731,13,1.661538461366525,0.0016892901792974258,0.0010364551700585514,0.007457834202796221,-0.0006102392799220979,0.007457834202796221,0.0006102392799220979,0.0019244998693466187,0.003639256116002798,0.0019244998693466187,0,0.007457834319211543,0.0,1.1641532182693481e-10,0.007457834319211543,0,7.539423924583788e-11,0.0,0,0,10,6,13,13,0,1,1,1,0.0,0.0,0.0,1,0.006320273037999868,-0.002591355878394097,0.0037289171596057713,0.0037289171596057713,inf,inf,0,0,-0.0006102393553163372,0.0,1.6615384522538923,0.006195739245954354,0.0,inf,0,0,0,4,4,0,0,0.029999999329447746
5005,1,0,4,1,7c463287f2157fb613ff097eb9584f03c9357334ab8c5583d151bc21d61a42fb,fcccee6e8ba980c82937dee9d477f153da63e126e141f70859017ee9e1d4366d,0.011050519533455372,0.0,0.0003861738077830523,0.0003861738077830523,0.0,0.011050519533455372,0.0,0,1,0.9076921939849854,0.20944694064039504,13,1.661538353333106,0.002388777967189846,0.0014998081619658414,0.011050519533455372,0.0003861738077830523,0.011050519533455372,0.0003861738077830523,0.0012851990759372711,0.006653213407844305,0.0012851990759372711,0,0.011050519533455372,0.0,0.0,0.011050519533455372,0,2.689695133284431e-10,0.0,0,0,10,11,13,13,0,1,1,1,0.0,0.0,0.0,1,0.008146840147674084,-0.0026215803809463978,0.005525259766727686,0.005525259766727686,inf,inf,0,0,0.000386173538813539,0.0,1.6615384505345263,0.009180431551609478,0.0,inf,0,0,0,5,3,0,0,0.029999999329447746
5005,1,0,5,1,7c463287f2157fb613ff097eb9584f03c9357334ab8c5583d151bc21d61a42fb,fcccee6e8ba980c82937dee9d477f153da63e126e141f70859017ee9e1d4366d,0.020483341068029404,0.029999999329447746,-0.0009335026261396706,-0.0009335026261396706,0.0,0.020483341068029404,0.029999999329447746,1,3,0.9076921939849854,0.20944694064039504,13,1.661538353333106,0.0022830816367785806,0.0018487864658897797,0.009516658261418343,-0.0009335026261396706,0.009516658261418343,0.0009335026261396706,0.0014295631553977728,0.007423754781484604,0.0014295631553977728,0,0.020483340602368116,0.029999999329447746,4.656612873077393e-10,0.00951665872707963,0,2.561998781527852e-10,0.0,10,11,10,11,1,1,1,1,1,1,0.014999999664723873,0.014999999664723873,0.014999999664723873,0,0.009600623976439238,-0.004842294612899423,0.004758329363539815,0.004758329363539815,0.3172219646597844,0.6400416127353273,1,0,-0.0009335028823395488,0.0,1.6615384505345263,0.007906147197828882,0.0,inf,0,0,0,1,1,1,1,0.012000000104308128
5005,1,1,0,1,7c463287f2157fb613ff097eb9584f03c9357334ab8c5583d151bc21d61a42fb,fcccee6e8ba980c82937dee9d477f153da63e126e141f70859017ee9e1d4366d,0.008355844765901566,0.0,0.0006526380311697721,0.0006526380311697721,0.0,0.008355844765901566,0.0,0,1,0.9076921939849854,0.20944694064039504,13,1.661538353333106,0.0019187860161123563,0.0013883094463122668,0.008355844765901566,0.0006526380311697721,0.008355844765901566,0.0006526380311697721,0.0028858655132353306,0.0026791514828801155,0.0028858655132353306,0,0.008355844533070922,0.0,2.3283064365386963e-10,0.008355844533070922,0,2.541674404580793e-10,0.0,0,0,10,11,13,13,0,1,1,1,0.0,0.0,0.0,1,0.00578959658741951,-0.001611674320884049,0.004177922266535461,0.004177922266535461,inf,inf,0,0,0.0006526377770023317,0.0,1.6615384505345263,0.006941778489193026,0.0,inf,0,0,0,3,4,0,0,0.035999998450279236
5005,1,1,2,1,7c463287f2157fb613ff097eb9584f03c9357334ab8c5583d151bc21d61a42fb,fcccee6e8ba980c82937dee9d477f153da63e126e141f70859017ee9e1d4366d,0.006044081877917051,0.0,0.00045398532529361546,0.00045398532529361546,0.0,0.006044081877917051,0.0,0,1,0.9076921939849854,0.20944694064039504,13,1.661538353333106,0.0015580304287350461,0.0011937542468551878,0.006044081877917051,0.00045398532529361546,0.006044081877917051,0.00045398532529361546,0.002528583165258169,0.0023549434263259172,0.002528583165258169,0,0.006044081994332373,0.0,1.1641532182693481e-10,0.006044081994332373,0,1.5121228498938405e-10,0.0,0,0,10,8,13,13,0,1,1,1,0.0,0.0,0.0,1,0.004552869591861963,-0.0015308285946957767,0.0030220409971661866,0.0030220409971661866,inf,inf,0,0,0.00045398517408133047,0.0,1.6615384505345263,0.005021237315883321,0.0,inf,0,0,0,4,5,0,0,0.035999998450279236
5005,1,1,3,1,7c463287f2157fb613ff097eb9584f03c9357334ab8c5583d151bc21d61a42fb,fcccee6e8ba980c82937dee9d477f153da63e126e141f70859017ee9e1d4366d,0.021030502393841743,0.017999999225139618,-0.008453469723463058,-0.008453469723463058,-0.008099999606050554,0.021030502393841743,0.017999999225139618,1,3,0.007692308165132999,0.2094469155167731,13,1.661538461366525,0.0013517642719730774,0.0011750223341028718,0.0030305031687021255,-0.0003534701174125049,0.0030305031687021255,0.0003534701174125049,0.0029747383669018745,0.004989306442439556,0.0029747383669018745,0,0.021030502393841743,0.017999999225139618,0.0,0.004685886669903994,0,5.07974088140295e-10,0.0,10,11,10,11,1,1,1,1,1,1,0.008999999612569809,0.008999999612569809,0.008999999612569809,0,0.004161069635301828,-0.0018181263003498316,0.002342943334951997,0.002342943334951997,0.260327048423395,0.4623410904918584,1,0,-0.008453470231437147,-0.008099999606050554,1.6615384522538923,0.0038928904424747135,0.008099999606050554,0.4806037817047293,1,1,0,2,2,0,0,0.017999999225139618
5005,1,1,4,1,7c463287f2157fb613ff097eb9584f03c9357334ab8c5583d151bc21d61a42fb,fcccee6e8ba980c82937dee9d477f153da63e126e141f70859017ee9e1d4366d,0.02435549721121788,0.035999998450279236,0.0016447455855086446,0.0016447455855086446,0.0,0.02435549721121788,0.035999998450279236,1,3,0.9076921939849854,0.20944694064039504,13,1.661538353333106,0.0024761022080979295,0.001683602562124604,0.011644501239061356,0.0016447455855086446,0.011644501239061356,0.0016447455855086446,0.0017689449014142156,0.007651436608284712,0.0017689449014142156,0,0.02435549721121788,0.035999998450279236,0.0,0.011644501239061356,0,2.0700776162674295e-10,0.0,10,11,10,11,1,1,1,1,1,1,0.017999999225139618,0.017999999225139618,0.017999999225139618,0,0.00811702385544777,-0.0022947732359170914,0.005822250619530678,0.005822250619530678,0.3234583816758757,0.450945789159322,1,0,0.001644745378500883,0.0,1.6615384505345263,0.009673893272998689,0.0,inf,0,0,0,1,1,1,1,0.017999999225139618
5005,1,1,5,1,7c463287f2157fb613ff097eb9584f03c9357334ab8c5583d151bc21d61a42fb,fcccee6e8ba980c82937dee9d477f153da63e126e141f70859017ee9e1d4366d,0.010382669046521187,0.0,-0.00010626790026435629,-0.00010626790026435629,0.0,0.010382669046521187,0.0,0,1,0.9076921939849854,0.20944694064039504,13,1.661538353333106,0.002334422412421144,0.001666573837217627,0.010382669046521187,-0.00010626790026435629,0.010382669046521187,0.00010626790026435629,0.0017987865721806884,0.0030698177870362997,0.0017987865721806884,0,0.0103826685808599,0.0,4.656612873077393e-10,0.0103826685808599,0,4.7541410695337016e-11,0.0,0,0,10,11,13,13,0,1,1,1,0.0,0.0,0.0,1,0.006156722083687782,-0.0009653877932578325,0.00519133429042995,0.00519133429042995,inf,inf,0,0,-0.00010626794780576698,0.0,1.6615384505345263,0.008625601533127733,0.0,inf,0,0,0,5,3,0,0,0.035999998450279236
5005,1,2,0,1,7c463287f2157fb613ff097eb9584f03c9357334ab8c5583d151bc21d61a42fb,fcccee6e8ba980c82937dee9d477f153da63e126e141f70859017ee9e1d4366d,0.0195065476000309,0.017999999225139618,0.0014735619770362973,0.0014735619770362973,0.0,0.0195065476000309,0.017999999225139618,1,3,0.9076921939849854,0.20944694064039504,13,1.661538353333106,0.001154303800855121,0.0010370617806801253,0.0015065483748912811,0.0014735619770362973,0.0015065483748912811,0.0014735619770362973,0.0017058688681572676,0.009358620271086693,0.0017058688681572676,0,0.019506548065692186,0.017999999225139618,4.656612873077393e-10,0.0038880716310814023,0,6.88621794135702e-11,0.0,10,11,10,11,1,1,1,1,1,1,0.008999999612569809,0.008999999612569809,0.008999999612569809,0,0.005729982629418373,-0.003785946813877672,0.0019440358155407012,0.0019440358155407012,0.21600398880301863,0.6366647640090582,1,0,0.001473561908174118,0.0,1.6615384505345263,0.003230090256737121,0.0,inf,0,0,0,2,2,0,0,0.012000000104308128
5005,1,2,1,1,7c463287f2157fb613ff097eb9584f03c9357334ab8c5583d151bc21d61a42fb,fcccee6e8ba980c82937dee9d477f153da63e126e141f70859017ee9e1d4366d,0.006574772298336029,0.0,-0.00046810126514174044,-0.00046810126514174044,0.0,0.006574772298336029,0.0,0,1,0.9076921939849854,0.20944694064039504,13,1.661538353333106,0.0016063743596062567,0.001189833467333032,0.006574772298336029,-0.00046810126514174044,0.006574772298336029,0.00046810126514174044,0.002325599081814289,0.0060842279344797134,0.002325599081814289,0,0.006574772065505385,0.0,2.3283064365386963e-10,0.006574772065505385,0,3.115285698677972e-11,0.0,0,0,10,11,13,13,0,1,1,1,0.0,0.0,0.0,1,0.0038043567910790443,-0.0005169707583263516,0.0032873860327526927,0.0032873860327526927,inf,inf,0,0,-0.00046810129629459743,0.0,1.6615384505345263,0.0054621182951687525,0.0,inf,0,0,0,3,5,0,0,0.029999999329447746
5005,1,2,3,1,7c463287f2157fb613ff097eb9584f03c9357334ab8c5583d151bc21d61a42fb,fcccee6e8ba980c82937dee9d477f153da63e126e141f70859017ee9e1d4366d,0.006692179944366217,0.0,-0.0016299443086609244,-0.0016299443086609244,0.0,0.006692179944366217,0.0,0,1,0.007692308165132999,0.2094469155167731,13,1.661538461366525,0.001613334281405222,0.001103933243433664,0.006692179944366217,-0.0016299443086609244,0.006692179944366217,0.0016299443086609244,0.003131092758849263,0.006588657386600971,0.003131092758849263,0,0.006692179944366217,0.0,0.0,0.006692179944366217,0,6.37336745878958e-11,0.0,0,0,10,12,13,13,0,1,1,1,0.0,0.0,0.0,1,0.005060016177594662,-0.0017139262054115534,0.0033460899721831083,0.0033460899721831083,inf,inf,0,0,-0.0016299442449272498,0.0,1.6615384522538923,0.005559657153483392,0.0,inf,0,0,0,4,4,0,0,0.029999999329447746
5005,1,2,4,1,7c463287f2157fb613ff097eb9584f03c9357334ab8c5583d151bc21d61a42fb,fcccee6e8ba980c82937dee9d477f153da63e126e141f70859017ee9e1d4366d,0.010680900886654854,0.0,0.001066952245309949,0.001066952245309949,0.0,0.010680900886654854,0.0,0,1,0.9076921939849854,0.20944694064039504,13,1.661538353333106,0.002300305704017224,0.0015101495030826542,0.010680900886654854,0.001066952245309949,0.010680900886654854,0.001066952245309949,0.0011836899211630225,0.008848924189805984,0.0011836899211630225,0,0.010680900420993567,0.0,4.656612873077393e-10,0.010680900420993567,0,4.5481738123950843e-10,0.0,0,0,10,11,13,13,0,1,1,1,0.0,0.0,0.0,1,0.007272253278642893,-0.0019318030681461096,0.005340450210496783,0.005340450210496783,inf,inf,0,0,0.0010669517904925677,0.0,1.6615384505345263,0.008873363367905611,0.0,inf,0,0,0,5,3,0,0,0.029999999329447746
5005,1,2,5,1,7c463287f2157fb613ff097eb9584f03c9357334ab8c5583d151bc21d61a42fb,fcccee6e8ba980c82937dee9d477f153da63e126e141f70859017ee9e1d4366d,0.021916944533586502,0.029999999329447746,-0.0011174186365678906,-0.0011174186365678906,0.0,0.021916944533586502,0.029999999329447746,1,3,0.9076921939849854,0.20944694064039504,13,1.661538353333106,0.001936357518554432,0.0014749274412776238,0.008083054795861244,-0.0011174186365678906,0.008083054795861244,0.0011174186365678906,0.0017777109751477838,0.009145434945821762,0.0017777109751477838,0,0.021916944533586502,0.029999999329447746,0.0,0.008083054795861244,0,8.483638271050697e-11,0.0,10,11,10,11,1,1,1,1,1,1,0.014999999664723873,0.014999999664723873,0.014999999664723873,0,0.006634964607656002,-0.00259343720972538,0.004041527397930622,0.004041527397930622,0.2694351658843867,0.4423309837306014,1,0,-0.0011174187214042734,0.0,1.6615384505345263,0.0067151531705504815,0.0,inf,0,0,0,1,1,1,1,0.012000000104308128
5005,2,0,1,2,e1b369d0d11d625caacbd6fb36ed2d6931d1897376fdbcfb28b95c2b3cbb82c1,fcccee6e8ba980c82937dee9d477f153da63e126e141f70859017ee9e1d4366d,0.00810815766453743,0.0,0.0008689367095939815,0.0008689367095939815,0.0,0.00810815766453743,0.0,0,1,0.9076921939849854,0.20944694064039504,13,1.661538353333106,0.0021081727934663796,0.0016557291899559766,0.00810815766453743,0.0008689367095939815,0.00810815766453743,0.0008689367095939815,0.005999070126563311,0.004740066826343536,0.005999070126563311,0,0.00810815766453743,0.0,0.0,0.00810815766453743,0,1.9043520267658653e-09,3.469446951953614e-18,0,0,10,8,13,13,0,1,1,1,0.0,0.0,0.0,1,0.005074677988886833,-0.0010205991566181183,0.004054078832268715,0.004054078832268715,inf,inf,0,0,0.0008689386139460083,3.469446951953614e-18,1.6615384505345263,0.0067360078613125825,3.469446951953614e-18,inf,0,0,0,3,4,0,0,0.038999997079372406
5005,2,0,2,2,e1b369d0d11d625caacbd6fb36ed2d6931d1897376fdbcfb28b95c2b3cbb82c1,fcccee6e8ba980c82937dee9d477f153da63e126e141f70859017ee9e1d4366d,0.015085095539689064,0.038999997079372406,-0.0007711394573561847,-0.0007711394573561847,0.002076923145697667,0.015085095539689064,0.038999997079372406,1,4,0.9076921939849854,0.20944694064039504,13,1.6615383533331063,0.007991571809961864,0.004276175801394256,0.023914901539683342,-0.002848062603053852,0.023914901539683342,0.002848062603053852,0.002087193774059415,0.007116806227713823,0.002087193774059415,0,0.015085095539689064,0.038999997079372406,0.0,0.03252360224723816,0,1.4047774141850988e-09,3.469446951953614e-18,10,1,10,11,1,1,1,1,0,0,0.00899999774992466,0.020999999716877937,0.00899999774992466,0,0.027052881196141243,0.010791080072522163,0.01626180112361908,0.01626180112361908,1.8068672432451673,3.005876439954411,0,0,-0.0007711380525787705,0.0020769231456976706,1.661538450534526,0.027019607841838662,0.0020769231456976706,13.009440381946515,0,0,0,1,2,1,0,0.008999998681247234
5005,2,0,3,2,e1b369d0d11d625caacbd6fb36ed2d6931d1897376fdbcfb28b95c2b3cbb82c1,fcccee6e8ba980c82937dee9d477f153da63e126e141f70859017ee9e1d4366d,0.007425975054502487,0.0,-3.070819002459757e-05,-3.070819002459757e-05,0.0,0.007425975054502487,0.0,0,1,0.007692308165132999,0.2094469155167731,13,1.661538461366525,0.0018510329287308109,0.001345016877855775,0.007425975054502487,-3.070819002459757e-05,0.007425975054502487,3.070819002459757e-05,0.0029179679695516825,0.003359854919835925,0.0029179679695516825,0,0.007425975054502487,0.0,0.0,0.007425975054502487,0,7.65546360678715e-10,3.469446951953614e-18,0,0,10,6,13,13,0,1,1,1,0.0,0.0,0.0,1,0.005453942343592644,-0.0017409548163414001,0.0037129875272512436,0.0037129875272512436,inf,inf,0,0,-3.070742447823689e-05,-3.469446951953614e-18,1.6615384522538923,0.006169271549267038,3.469446951953614e-18,inf,0,0,0,4,5,0,0,0.038999997079372406
5005,2,0,4,2,e1b369d0d11d625caacbd6fb36ed2d6931d1897376fdbcfb28b95c2b3cbb82c1,fcccee6e8ba980c82937dee9d477f153da63e126e141f70859017ee9e1d4366d,0.010154781863093376,0.0,0.00019079323101323098,0.00019079323101323098,0.0,0.010154781863093376,0.0,0,1,0.9076921939849854,0.20944694064039504,13,1.661538353333106,0.0025081799707009824,0.0018086366179074055,0.010154781863093376,0.00019079323101323098,0.010154781863093376,0.00019079323101323098,0.0024935908149927855,0.004959459416568279,0.0024935908149927855,0,0.010154781863093376,0.0,0.0,0.010154781863093376,0,2.4821886490666856e-09,1.734723475976807e-18,0,0,10,11,13,13,0,1,1,1,0.0,0.0,0.0,1,0.005947671830654144,-0.0008702808991074562,0.005077390931546688,0.005077390931546688,inf,inf,0,0,0.00019079571320188005,1.734723475976807e-18,1.6615384505345263,0.00843628026116014,1.734723475976807e-18,inf,0,0,0,5,3,0,0,0.038999997079372406
5005,2,0,5,2,e1b369d0d11d625caacbd6fb36ed2d6931d1897376fdbcfb28b95c2b3cbb82c1,fcccee6e8ba980c82937dee9d477f153da63e126e141f70859017ee9e1d4366d,0.018149297684431076,0.02999999839812517,-0.0007503858651034534,-0.0007503858651034534,6.44761778689773e-11,0.018149297684431076,0.02999999839812517,1,3,0.9076921939849854,0.20944694064039504,13,1.661538353333106,0.0028385356933839875,0.002042626631418629,0.011850700713694096,-0.0007503859295796313,0.011850700713694096,0.0007503859295796313,0.0015218495391309261,0.009267904795706272,0.0015218495391309261,0,0.018149297684431076,0.02999999839812517,0.0,0.011850700713694096,0,2.4362588127435636e-09,3.469446951953614e-18,10,11,10,11,1,1,1,1,1,1,0.014999998733401299,0.014999999664723873,0.014999998733401299,0,0.007037855684757233,-0.0011125053279101849,0.005925350356847048,0.005925350356847048,0.3950233904788774,0.46919041860221383,1,0,-0.0007503834288446407,6.447618133842425e-11,1.6615384505345263,0.009845197450789846,6.447618133842425e-11,152695107.65710703,0,0,0,2,1,0,1,0.008999998681247234
5005,2,1,0,2,e1b369d0d11d625caacbd6fb36ed2d6931d1897376fdbcfb28b95c2b3cbb82c1,fcccee6e8ba980c82937dee9d477f153da63e126e141f70859017ee9e1d4366d,0.004328297916799784,0.0,-0.0001731339725665748,-0.0001731339725665748,0.0,0.004328297916799784,0.0,0,1,0.9076921939849854,0.20944694064039504,13,1.661538353333106,0.0011150357822877189,0.0007998675680388669,0.004328297916799784,-0.0001731339725665748,0.004328297916799784,0.0001731339725665748,0.0009522547479718924,0.0014573147054761648,0.0009522547479718924,0,0.004328298004111275,0.0,8.731149137020111e-11,0.004328298004111275,0,2.386241646987197e-10,0.0,0,0,10,8,13,13,0,1,1,1,0.0,0.0,0.0,1,0.004736986476927996,-0.002572837474872358,0.0021641490020556375,0.0021641490020556375,inf,inf,0,0,-0.0001731342111907395,0.0,1.6615384505345263,0.0035958167796013656,0.0,inf,0,0,0,3,4,0,0,0.035999998450279236
5005,2,1,2,2,e1b369d0d11d625caacbd6fb36ed2d6931d1897376fdbcfb28b95c2b3cbb82c1,fcccee6e8ba980c82937dee9d477f153da63e126e141f70859017ee9e1d4366d,0.0036472268402576447,0.0,7.4435179158172105e-06,7.4435179158172105e-06,0.0,0.0036472268402576447,0.0,0,1,0.9076921939849854,0.20944694064039504,13,1.6615383533331063,0.0009596718515703011,0.0007146628843565313,0.0036472268402576447,7.4435179158172105e-06,0.0036472268402576447,7.4435179158172105e-06,0.0033843396231532097,0.0024324769619852304,0.0033843396231532097,0,0.0036472269566729665,0.0,1.1641532182693481e-10,0.0036472269566729665,0,1.8427729394504544e-10,0.0,0,0,10,8,13,13,0,1,1,1,0.0,0.0,0.0,1,0.004642318468540907,-0.0028187049902044237,0.0018236134783364832,0.0018236134783364832,inf,inf,0,0,7.4437021931111555e-06,0.0,1.661538450534526,0.003030003913169078,0.0,inf,0,0,0,4,5,0,0,0.035999998450279236
5005,2,1,3,2,e1b369d0d11d625caacbd6fb36ed2d6931d1897376fdbcfb28b95c2b3cbb82c1,fcccee6e8ba980c82937dee9d477f153da63e126e141f70859017ee9e1d4366d,0.014665096998214722,0.017999999225139618,-0.005846383515745401,-0.005846383515745401,-0.008099999606050554,0.014665096998214722,0.017999999225139618,1,3,0.007692308165132999,0.2094469155167731,13,1.661538461366525,0.0012174759853944542,0.0009811964525273565,0.0033349022269248962,0.002253616090305152,0.0033349022269248962,0.002253616090305152,0.0017853764584288,0.004820659290999174,0.0017853764584288,0,0.014665097463876009,0.017999999225139618,4.656612873077393e-10,0.004804977681487799,0,5.774328237784232e-11,0.0,10,11,10,11,1,1,1,1,1,1,0.008999999612569809,0.008999999612569809,0.008999999612569809,0,0.004791558254510164,-0.002389069413766265,0.0024024888407438993,0.0024024888407438993,0.26694321601841786,0.53239538453069,1,0,-0.005846383458002119,-0.008099999606050554,1.6615384522538923,0.003991827590006866,0.008099999606050554,0.49281824495707915,1,1,0,2,2,0,0,0.017999999225139618
5005,2,1,4,2,e1b369d0d11d625caacbd6fb36ed2d6931d1897376fdbcfb28b95c2b3cbb82c1,fcccee6e8ba980c82937dee9d477f153da63e126e141f70859017ee9e1d4366d,0.017800457775592804,0.035999998450279236,0.0011399044888094068,0.0011399044888094068,0.0,0.017800457775592804,0.035999998450279236,1,3,0.9076921939849854,0.20944694064039504,13,1.661538353333106,0.003698643907637228,0.0021116082754933973,0.018199540674686432,0.0011399044888094068,0.018199540674686432,0.0011399044888094068,0.002052095951512456,0.005961693823337555,0.002052095951512456,0,0.01780045870691538,0.035999998450279236,9.313225746154785e-10,0.018199539743363857,0,5.144036876146563e-10,0.0,10,11,10,11,1,1,1,1,1,1,0.017999999225139618,0.017999999225139618,0.017999999225139618,0,0.012523815035820007,-0.0034240451641380787,0.009099769871681929,0.009099769871681929,0.5055427924115006,0.6957675319412613,0,0,0.0011399039744057191,0.0,1.6615384505345263,0.015119617532815157,0.0,inf,0,0,0,1,1,1,1,0.017999999225139618
5005,2,1,5,2,e1b369d0d11d625caacbd6fb36ed2d6931d1897376fdbcfb28b95c2b3cbb82c1,fcccee6e8ba980c82937dee9d477f153da63e126e141f70859017ee9e1d4366d,0.005202042870223522,0.0,-0.0005526445456780493,-0.0005526445456780493,0.0,0.005202042870223522,0.0,0,1,0.9076921939849854,0.20944694064039504,13,1.661538353333106,0.0012773910706324351,0.0008604109959577667,0.005202042870223522,-0.0005526445456780493,0.005202042870223522,0.0005526445456780493,0.0020524081774055958,0.003872099332511425,0.0020524081774055958,0,0.005202042870223522,0.0,0.0,0.005202042870223522,0,2.857432985971936e-10,0.0,0,0,10,8,13,13,0,1,1,1,0.0,0.0,0.0,1,0.004612975288182497,-0.002011953853070736,0.002601021435111761,0.002601021435111761,inf,inf,0,0,-0.0005526442599347507,0.0,1.6615384505345263,0.004321697125102685,0.0,inf,0,0,0,5,3,0,0,0.035999998450279236
5005,2,2,0,2,e1b369d0d11d625caacbd6fb36ed2d6931d1897376fdbcfb28b95c2b3cbb82c1,fcccee6e8ba980c82937dee9d477f153da63e126e141f70859017ee9e1d4366d,0.016860052943229675,0.038999998942017555,0.0005310590495355427,0.0005310590495355427,0.002076923016745308,0.016860052943229675,0.038999998942017555,1,4,0.9076921939849854,0.20944694064039504,13,1.661538353333106,0.007538079569151199,0.0040678823443912205,0.02213994599878788,-0.0015458639672097652,0.02213994599878788,0.0015458639672097652,0.0014540617121383548,0.007788010872900486,0.0014540617121383548,0,0.016860052943229675,0.038999998942017555,0.0,0.02946719340980053,0,5.364709232402731e-10,8.673617379884035e-19,10,2,10,11,1,1,1,1,0,0,0.008999999612569809,0.020999999716877937,0.008999999612569809,0,0.029015209525823593,0.014281612820923328,0.014733596704900265,0.014733596704900265,1.637066371016578,3.2239123083182837,0,0,0.000531059586006466,0.002076923016745307,1.6615384505345263,0.02448043743986059,0.002076923016745307,11.786877627377473,1,0,0,1,2,1,0,0.008999998681247234
5005,2,2,1,2,e1b369d0d11d625caacbd6fb36ed2d6931d1897376fdbcfb28b95c2b3cbb82c1,fcccee6e8ba980c82937dee9d477f153da63e126e141f70859017ee9e1d4366d,0.005325807258486748,0.0,0.001068409183062613,0.001068409183062613,0.0,0.005325807258486748,0.0,0,1,0.9076921939849854,0.20944694064039504,13,1.661538353333106,0.0014067509720210902,0.001180788931938318,0.005325807258486748,0.001068409183062613,0.005325807258486748,0.001068409183062613,0.004836715757846832,0.00790441408753395,0.004836715757846832,0,0.005325807258486748,0.0,0.0,0.005325807258486748,0,3.508666900423063e-09,1.734723475976807e-18,0,0,8,11,13,13,0,1,1,1,0.0,0.0,0.0,1,0.0046968646347522736,0.0020339610055088997,0.002662903629243374,0.002662903629243374,inf,inf,0,0,0.0010684126917295134,-1.734723475976807e-18,1.6615384505345263,0.004424516770055802,1.734723475976807e-18,inf,0,0,0,3,4,0,0,0.038999998942017555
5005,2,2,3,2,e1b369d0d11d625caacbd6fb36ed2d6931d1897376fdbcfb28b95c2b3cbb82c1,fcccee6e8ba980c82937dee9d477f153da63e126e141f70859017ee9e1d4366d,0.003866594284772873,0.0,-0.0013582132523879409,-0.0013582132523879409,-3.469446951953614e-18,0.003866594284772873,0.0,0,1,0.007692308165132999,0.2094469155167731,13,1.661538461366525,0.001130886070639313,0.0009524095693283533,0.003866594284772873,-0.0013582132523879374,0.003866594284772873,0.0013582132523879374,0.0037420312874019146,0.006004564464092255,0.0037420312874019146,0,0.003866594284772873,0.0,0.0,0.003866594284772873,0,2.592701314058088e-10,3.469446951953614e-18,0,0,8,11,13,13,0,1,1,1,0.0,0.0,0.0,1,0.0029615964740514755,0.001028299331665039,0.0019332971423864365,0.0019332971423864365,inf,inf,0,0,-0.0013582135116580723,-6.938893903907228e-18,1.6615384522538923,0.0032122475417076324,6.938893903907228e-18,inf,0,0,0,4,5,0,0,0.038999998942017555
5005,2,2,4,2,e1b369d0d11d625caacbd6fb36ed2d6931d1897376fdbcfb28b95c2b3cbb82c1,fcccee6e8ba980c82937dee9d477f153da63e126e141f70859017ee9e1d4366d,0.008799387142062187,0.0,-0.001805538428016007,-0.001805538428016007,0.0,0.008799387142062187,0.0,0,1,0.9076921939849854,0.20944694064039504,13,1.661538353333106,0.0021677000433484475,0.0016313039604023362,0.008799387142062187,-0.001805538428016007,0.008799387142062187,0.001805538428016007,0.0033279284834861755,0.007402076851576567,0.0033279284834861755,0,0.008799387142062187,0.0,0.0,0.008799387142062187,0,1.7044572784424838e-09,1.734723475976807e-18,0,0,10,11,13,13,0,1,1,1,0.0,0.0,0.0,1,0.005133654922246933,0.0007339613512158394,0.004399693571031094,0.004399693571031094,inf,inf,0,0,-0.0018055367235587285,-1.734723475976807e-18,1.6615384505345263,0.00731026003883772,1.734723475976807e-18,inf,0,0,0,5,3,0,0,0.038999998942017555
5005,2,2,5,2,e1b369d0d11d625caacbd6fb36ed2d6931d1897376fdbcfb28b95c2b3cbb82c1,fcccee6e8ba980c82937dee9d477f153da63e126e141f70859017ee9e1d4366d,0.017799576744437218,0.03000000026077032,-0.0006472573732025921,-0.0006472573732025921,-6.44761778689773e-11,0.017799576744437218,0.03000000026077032,1,3,0.9076921939849854,0.20944694064039504,13,1.661538353333106,0.0027193462428386516,0.0018880265880618574,0.012200423516333103,-0.0006472573087264143,0.012200423516333103,0.0006472573087264143,0.0020652152597904205,0.008053431287407875,0.0020652152597904205,0,0.017799576744437218,0.03000000026077032,0.0,0.012200423516333103,0,2.083129642740933e-09,1.734723475976807e-18,10,11,10,11,1,1,1,1,1,1,0.015000000596046448,0.014999999664723873,0.014999999664723873,0,0.006287514232099056,0.00018730247393250465,0.006100211758166552,0.006100211758166552,0.4066807929677942,0.41916762484239695,1,0,-0.0006472594563322349,-6.447617960370078e-11,1.6615384505345263,0.01013573639259655,6.447617960370078e-11,157201255.640382,1,0,0,2,1,0,1,0.008999998681247234
5005,3,0,1,3,596faf970a328146de77c4f3abd1c034f8fd5611b68d62ba6705c0ce9b642742,fcccee6e8ba980c82937dee9d477f153da63e126e141f70859017ee9e1d4366d,0.03174711763858795,0.0,-0.005779213737696409,-0.005779213737696409,-1.3877787807814457e-17,0.03174711763858795,0.0,0,1,0.9076921939849854,0.20944694064039504,13,1.661538353333106,0.007362089651820696,0.004846330908452267,0.03174711763858795,-0.005779213737696395,0.03174711763858795,0.005779213737696395,0.009414400905370712,0.015065431594848633,0.009414400905370712,0,0.0317471195012331,0.0,1.862645149230957e-09,0.0317471195012331,0,2.590921026335291e-09,6.938893903907228e-18,0,0,10,0,13,13,0,1,1,1,0.0,0.0,0.0,1,0.1404866836965084,-0.12461312394589186,0.01587355975061655,0.01587355975061655,inf,inf,0,0,-0.0057792163286174356,-6.938893903907228e-18,1.6615384505345263,0.026374529872506644,6.938893903907228e-18,inf,0,0,0,3,4,0,0,0.039000004529953
5005,3,0,2,3,596faf970a328146de77c4f3abd1c034f8fd5611b68d62ba6705c0ce9b642742,fcccee6e8ba980c82937dee9d477f153da63e126e141f70859017ee9e1d4366d,0.03846052289009094,0.039000004529953,0.0023837441112846136,0.0023837441112846136,0.0033230795090014864,0.03846052289009094,0.039000004529953,1,5,0.9076921939849854,0.20944694064039504,13,1.6615383533331063,0.010881663117062826,0.007863379287472843,0.0005394816398620605,-0.0009393353977168728,0.0005394816398620605,0.0009393353977168728,0.0074712117202579975,0.017005711793899536,0.0074712117202579975,0,0.03846052102744579,0.039000004529953,1.862645149230957e-09,0.03906403109431267,0,1.6599294438979229e-09,0.0,10,1,10,0,1,1,1,1,0,0,0.007500000298023224,0.020999997854232788,0.007500000298023224,0,0.1478375717997551,-0.12830555625259876,0.019532015547156334,0.019532015547156334,2.6042686361365064,19.711675456695737,0,0,0.0023837424513551697,0.0033230795090014864,1.661538450534526,0.03245319484803841,0.0033230795090014864,9.766000109275113,1,0,0,1,2,1,0,0.009000003337860107
5005,3,0,3,3,596faf970a328146de77c4f3abd1c034f8fd5611b68d62ba6705c0ce9b642742,fcccee6e8ba980c82937dee9d477f153da63e126e141f70859017ee9e1d4366d,0.029052622616291046,0.0,0.0017212219536304474,0.0017212219536304474,0.0,0.029052622616291046,0.0,0,1,0.9076923131942749,0.2094469155167731,13,1.661538461366525,0.0073660931671556615,0.005116159129424915,0.029052622616291046,0.0017212219536304474,0.029052622616291046,0.0017212219536304474,0.012234237976372242,0.01239150483161211,0.012234237976372242,0,0.029052622616291046,0.0,0.0,0.029052622616291046,0,6.657828406642086e-09,6.938893903907228e-18,0,0,10,6,13,13,0,1,1,1,0.0,0.0,0.0,1,0.16365240514278412,-0.1491260938346386,0.014526311308145523,0.014526311308145523,inf,inf,0,0,0.0017212152958020407,-6.938893903907228e-18,1.6615384522538923,0.024136024807894327,6.938893903907228e-18,inf,0,0,0,4,5,0,0,0.039000004529953
5005,3,0,4,3,596faf970a328146de77c4f3abd1c034f8fd5611b68d62ba6705c0ce9b642742,fcccee6e8ba980c82937dee9d477f153da63e126e141f70859017ee9e1d4366d,0.03420434147119522,0.0,-0.000463840871816501,-0.000463840871816501,0.0,0.03420434147119522,0.0,0,1,0.9076921939849854,0.20944694064039504,13,1.661538353333106,0.008504637969671887,0.005543619680863161,0.03420434147119522,-0.000463840871816501,0.03420434147119522,0.000463840871816501,0.012987852096557617,0.00977126881480217,0.012987852096557617,0,0.03420434333384037,0.0,1.862645149230957e-09,0.03420434333384037,0,5.264721384540261e-09,6.938893903907228e-18,0,0,10,0,13,13,0,1,1,1,0.0,0.0,0.0,1,0.13815996423363686,-0.12105779256671667,0.017102171666920185,0.017102171666920185,inf,inf,0,0,-0.00046384613653788556,-6.938893903907228e-18,1.6615384505345263,0.02841591581223004,6.938893903907228e-18,inf,0,0,0,5,3,0,0,0.039000004529953
5005,3,0,5,3,596faf970a328146de77c4f3abd1c034f8fd5611b68d62ba6705c0ce9b642742,fcccee6e8ba980c82937dee9d477f153da63e126e141f70859017ee9e1d4366d,0.04020024091005325,0.030000001192092896,-0.006999295670539141,-0.006999295670539141,0.0,0.04020024091005325,0.030000001192092896,1,3,0.9076921939849854,0.20944694064039504,13,1.661538353333106,0.005623288280571695,0.004373429839074964,0.010200239717960358,-0.006999295670539141,0.010200239717960358,0.006999295670539141,0.006177860777825117,0.016666647046804428,0.006177860777825117,0,0.04020024091005325,0.030000001192092896,0.0,0.022177360951900482,0,9.947453055714206e-09,0.0,10,11,10,11,1,1,1,1,1,1,0.015000000596046448,0.015000000596046448,0.015000000596046448,0,0.1469578742980957,-0.13586919382214546,0.011088680475950241,0.011088680475950241,0.739245335688379,9.797191230567645,0,0,-0.006999305617992196,0.0,1.6615384505345263,0.01842426897648282,0.0,inf,0,0,0,2,1,0,1,0.009000003337860107
5005,3,1,0,3,596faf970a328146de77c4f3abd1c034f8fd5611b68d62ba6705c0ce9b642742,fcccee6e8ba980c82937dee9d477f153da63e126e141f70859017ee9e1d4366d,0.007226784713566303,0.0,0.0008703498169779778,0.0008703498169779778,1.734723475976807e-18,0.007226784713566303,0.0,0,1,0.9076921939849854,0.20944694064039504,13,1.661538353333106,0.0017877277335140358,0.0013189624151843187,0.007226784713566303,0.000870349816977976,0.007226784713566303,0.000870349816977976,0.0019541652873158455,0.0021640402264893055,0.0019541652873158455,0,0.007226784946396947,0.0,2.3283064365386963e-10,0.007226784946396947,0,3.836661422590426e-10,1.734723475976807e-18,0,0,10,11,13,13,0,1,1,1,0.0,0.0,0.0,1,0.005499538267031312,0.0018861457938328385,0.0036133924731984735,0.0036133924731984735,inf,inf,0,0,0.0008703494333118355,0.0,1.6615384505345263,0.006003790531091312,0.0,inf,0,0,0,3,4,0,0,0.035999998450279236
5005,3,1,2,3,596faf970a328146de77c4f3abd1c034f8fd5611b68d62ba6705c0ce9b642742,fcccee6e8ba980c82937dee9d477f153da63e126e141f70859017ee9e1d4366d,0.005750393029302359,0.0,0.0007741237059235573,0.0007741237059235573,1.734723475976807e-18,0.005750393029302359,0.0,0,1,0.9076921939849854,0.20944694064039504,13,1.6615383533331063,0.0016542137151207995,0.0013595253625917716,0.005750393029302359,0.0007741237059235555,0.005750393029302359,0.0007741237059235555,0.002174865920096636,0.001416171551682055,0.002174865920096636,0,0.005750393029302359,0.0,0.0,0.005750393029302359,0,1.806453034033928e-10,1.3010426069826053e-18,0,0,10,12,13,13,0,1,1,1,0.0,0.0,0.0,1,0.0044627063907682896,0.0015875098761171103,0.0028751965146511793,0.0028751965146511793,inf,inf,0,0,0.0007741235252782539,4.336808689942018e-19,1.661538450534526,0.00477724956193579,4.336808689942018e-19,inf,0,0,0,4,5,0,0,0.035999998450279236
5005,3,1,3,3,596faf970a328146de77c4f3abd1c034f8fd5611b68d62ba6705c0ce9b642742,fcccee6e8ba980c82937dee9d477f153da63e126e141f70859017ee9e1d4366d,0.020291829481720924,0.017999999225139618,-0.008645112626254559,-0.008645112626254559,-0.008099999606050554,0.020291829481720924,0.017999999225139618,1,3,0.9076923131942749,0.2094469155167731,13,1.661538461366525,0.001166983366385025,0.0009974429873644908,0.0022918302565813065,-0.000545113020204005,0.0022918302565813065,0.000545113020204005,0.003054710803553462,0.004867851734161377,0.003054710803553462,0,0.020291829481720924,0.017999999225139618,0.0,0.00362233049236238,0,5.480072472197062e-11,0.0,10,11,10,11,1,1,1,1,1,1,0.008999999612569809,0.008999999612569809,0.008999999612569809,0,0.0031094520818442106,-0.0012982868356630206,0.00181116524618119,0.00181116524618119,0.20124059157198565,0.34549469063325383,1,0,-0.008645112571453834,-0.008099999606050554,1.6615384522538923,0.0030093206999159345,0.008099999606050554,0.3715210921328967,1,1,0,2,2,0,0,0.017999999225139618
5005,3,1,4,3,596faf970a328146de77c4f3abd1c034f8fd5611b68d62ba6705c0ce9b642742,fcccee6e8ba980c82937dee9d477f153da63e126e141f70859017ee9e1d4366d,0.025752179324626923,0.035999998450279236,0.00031458752346225083,0.00031458752346225083,0.0,0.025752179324626923,0.035999998450279236,1,3,0.9076921939849854,0.20944694064039504,13,1.661538353333106,0.0023349299190131793,0.0016990860472240392,0.010247819125652313,0.00031458752346225083,0.010247819125652313,0.00031458752346225083,0.0016388602089136839,0.004794913809746504,0.0016388602089136839,0,0.025752178393304348,0.035999998450279236,9.313225746154785e-10,0.010247820056974888,0,1.0628061061432326e-09,8.673617379884035e-19,10,11,10,11,1,1,1,1,1,1,0.017999999225139618,0.017999999225139618,0.017999999225139618,0,0.005309032276272774,0.00018512224778532982,0.005123910028487444,0.005123910028487444,0.28466168050336127,0.29494625026749655,1,0,0.0003145864606561447,8.673617379884035e-19,1.6615384505345263,0.008513573529411348,8.673617379884035e-19,inf,0,0,0,1,1,1,1,0.017999999225139618
5005,3,1,5,3,596faf970a328146de77c4f3abd1c034f8fd5611b68d62ba6705c0ce9b642742,fcccee6e8ba980c82937dee9d477f153da63e126e141f70859017ee9e1d4366d,0.011021562851965427,0.0,-0.001928180456161499,-0.001928180456161499,1.734723475976807e-18,0.011021562851965427,0.0,0,1,0.9076921939849854,0.20944694064039504,13,1.661538353333106,0.002454481602051015,0.0016621329777559936,0.011021562851965427,-0.0019281804561615008,0.011021562851965427,0.0019281804561615008,0.0014184698229655623,0.002524937503039837,0.0014184698229655623,0,0.011021563201211393,0.0,3.4924596548080444e-10,0.011021563201211393,0,7.815408546024694e-10,0.0,0,0,10,11,13,13,0,1,1,1,0.0,0.0,0.0,1,0.007418212830089033,0.0019074312294833362,0.0055107816006056964,0.0055107816006056964,inf,inf,0,0,-0.0019281812377023536,1.734723475976807e-18,1.6615384505345263,0.009156375521904566,1.734723475976807e-18,inf,0,0,0,5,3,0,0,0.035999998450279236
5005,3,2,0,3,596faf970a328146de77c4f3abd1c034f8fd5611b68d62ba6705c0ce9b642742,fcccee6e8ba980c82937dee9d477f153da63e126e141f70859017ee9e1d4366d,0.01616891846060753,0.038999998942017555,-0.00048155648983083665,-0.00048155648983083665,0.0033230762851926,0.01616891846060753,0.038999998942017555,1,5,0.9076921939849854,0.20944694064039504,13,1.661538353333106,0.007732286944484958,0.004063030164799041,0.022831080481410027,-0.0038046327750234366,0.022831080481410027,0.0038046327750234366,0.001965256640687585,0.007687076926231384,0.001965256640687585,0,0.01616891846060753,0.038999998942017555,0.0,0.03061630204319954,0,2.946752755000892e-10,0.0,10,2,10,11,1,1,1,1,0,0,0.007500000298023224,0.020999999716877937,0.007500000298023224,0,0.032436737790703773,0.017128586769104004,0.01530815102159977,0.01530815102159977,2.04108672177447,4.324898200237823,0,0,-0.00048155619515556115,0.0033230762851926,1.6615384505345263,0.02543508152897741,0.0033230762851926,7.654076929354402,0,0,0,1,2,1,0,0.008999998681247234
5005,3,2,1,3,596faf970a328146de77c4f3abd1c034f8fd5611b68d62ba6705c0ce9b642742,fcccee6e8ba980c82937dee9d477f153da63e126e141f70859017ee9e1d4366d,0.0057952143251895905,0.0,-0.0007130510057322681,-0.0007130510057322681,-3.469446951953614e-18,0.0057952143251895905,0.0,0,1,0.9076921939849854,0.20944694064039504,13,1.661538353333106,0.00157166050624808,0.001319177757353472,0.0057952143251895905,-0.0007130510057322646,0.0057952143251895905,0.0007130510057322646,0.0032056597992777824,0.007547137327492237,0.0032056597992777824,0,0.0057952143251895905,0.0,0.0,0.0057952143251895905,0,1.4898712714928042e-09,1.734723475976807e-18,0,0,8,1,13,13,0,1,1,1,0.0,0.0,0.0,1,0.006333490833640099,0.0034358836710453033,0.0028976071625947952,0.0028976071625947952,inf,inf,0,0,-0.0007130524956035396,-1.734723475976807e-18,1.6615384505345263,0.004814485715195501,1.734723475976807e-18,inf,0,0,0,3,4,0,0,0.038999998942017555
5005,3,2,3,3,596faf970a328146de77c4f3abd1c034f8fd5611b68d62ba6705c0ce9b642742,fcccee6e8ba980c82937dee9d477f153da63e126e141f70859017ee9e1d4366d,0.00392981618642807,0.0,-0.0009350621257908642,-0.0009350621257908642,0.0,0.00392981618642807,0.0,0,1,0.9076923131942749,0.2094469155167731,13,1.661538461366525,0.0011167846213369908,0.0009329056246040839,0.00392981618642807,-0.0009350621257908642,0.00392981618642807,0.0009350621257908642,0.0028379890136420727,0.006240746937692165,0.0028379890136420727,0,0.00392981618642807,0.0,0.0,0.00392981618642807,0,4.201386096663873e-10,1.734723475976807e-18,0,0,8,1,13,13,0,1,1,1,0.0,0.0,0.0,1,0.0037393588572740555,0.0017744507640600204,0.001964908093214035,0.001964908093214035,inf,inf,0,0,-0.0009350625459294739,-1.734723475976807e-18,1.6615384522538923,0.0032647703520199945,1.734723475976807e-18,inf,0,0,0,4,5,0,0,0.038999998942017555
5005,3,2,4,3,596faf970a328146de77c4f3abd1c034f8fd5611b68d62ba6705c0ce9b642742,fcccee6e8ba980c82937dee9d477f153da63e126e141f70859017ee9e1d4366d,0.007264779880642891,0.0,0.001225819461978972,0.001225819461978972,-3.469446951953614e-18,0.007264779880642891,0.0,0,1,0.9076921939849854,0.20944694064039504,13,1.661538353333106,0.001972404936720352,0.0016161184427300854,0.007264779880642891,0.0012258194619789754,0.007264779880642891,0.0012258194619789754,0.0035521085374057293,0.006132618524134159,0.0035521085374057293,0,0.007264779880642891,0.0,0.0,0.007264779880642891,0,4.0807459911196275e-09,1.734723475976807e-18,0,0,8,11,13,13,0,1,1,1,0.0,0.0,0.0,1,0.006476854905486107,0.0028444649651646614,0.0036323899403214455,0.0036323899403214455,inf,inf,0,0,0.001225823542724963,-1.734723475976807e-18,1.6615384505345263,0.006035355553178895,1.734723475976807e-18,inf,0,0,0,5,3,0,0,0.038999998942017555
5005,3,2,5,3,596faf970a328146de77c4f3abd1c034f8fd5611b68d62ba6705c0ce9b642742,fcccee6e8ba980c82937dee9d477f153da63e126e141f70859017ee9e1d4366d,0.017021652311086655,0.03000000026077032,-0.0004358217120170593,-0.0004358217120170593,-6.44761778689773e-11,0.017021652311086655,0.03000000026077032,1,3,0.9076921939849854,0.20944694064039504,13,1.661538353333106,0.0029186971614418543,0.0021521450632069946,0.012978347949683666,-0.00043582164754088146,0.012978347949683666,0.00043582164754088146,0.00243552727624774,0.008199675008654594,0.00243552727624774,0,0.01702165137976408,0.03000000026077032,9.313225746154785e-10,0.01297834888100624,0,5.630712285320527e-10,0.0,10,11,10,11,1,1,1,1,1,1,0.015000000596046448,0.014999999664723873,0.014999999664723873,0,0.008193865418434143,0.0017046909779310226,0.00648917444050312,0.00648917444050312,0.43261163903649835,0.5462577067720874,1,0,-0.00043582227508828786,-6.44761778689773e-11,1.6615384505345263,0.010782012845121806,6.44761778689773e-11,167224751.8615642,1,0,0,2,1,0,1,0.008999998681247234
5005,4,0,1,4,c67c05dadc60d26767905cdd615c0ec6bb76033ce14a0f7ae32b1ea3af355394,fcccee6e8ba980c82937dee9d477f153da63e126e141f70859017ee9e1d4366d,0.010738068260252476,0.0,-0.0037752625066787004,-0.0037752625066787004,2.168404344971009e-19,0.010738068260252476,0.0,0,1,0.9076921939849854,0.20944694064039504,13,1.661538353333106,0.002613032950161647,0.0018797223683523798,0.010738068260252476,-0.0037752625066787004,0.010738068260252476,0.0037752625066787004,0.001789246336556971,0.0057044364511966705,0.001789246336556971,0,0.01073806849308312,0.0,2.3283064365386963e-10,0.01073806849308312,0,8.288590265526086e-10,2.168404344971009e-19,0,0,10,0,13,13,0,1,1,1,0.0,0.0,0.0,1,0.009325038408860564,-0.0039560041623190045,0.00536903424654156,0.00536903424654156,inf,inf,0,0,-0.003775263335537727,0.0,1.6615384505345263,0.008920856842865471,0.0,inf,0,0,0,3,4,0,0,0.038999998942017555
5005,4,0,2,4,c67c05dadc60d26767905cdd615c0ec6bb76033ce14a0f7ae32b1ea3af355394,fcccee6e8ba980c82937dee9d477f153da63e126e141f70859017ee9e1d4366d,0.01962047442793846,0.038999998942017555,-0.0012678668135777116,-0.0012678668135777116,0.0033230768654782016,0.01962047442793846,0.038999998942017555,1,5,0.9076921939849854,0.20944694064039504,13,1.6615383533331063,0.008299316152570816,0.004497383305108582,0.019379524514079094,-0.004590943679055913,0.019379524514079094,0.004590943679055913,0.0018753112526610494,0.005286737810820341,0.0018753112526610494,0,0.01962047442793846,0.038999998942017555,0.0,0.033819854725152254,0,1.2094866074386507e-09,8.673617379884035e-19,10,1,10,11,1,1,1,1,0,0,0.007499999599531293,0.020999999716877937,0.007499999599531293,0,0.023971364367753267,0.00706143700517714,0.016909927362576127,0.016909927362576127,2.254657102066099,3.1961820863632235,0,0,-0.001267868023064319,0.0033230768654782007,1.661538450534526,0.028096494508666123,0.0033230768654782007,8.4549637718425,0,0,0,1,2,1,0,0.008999999612569809
5005,4,0,3,4,c67c05dadc60d26767905cdd615c0ec6bb76033ce14a0f7ae32b1ea3af355394,fcccee6e8ba980c82937dee9d477f153da63e126e141f70859017ee9e1d4366d,0.009103846736252308,0.0,-0.0019208776066079736,-0.0019208776066079736,0.0,0.009103846736252308,0.0,0,1,0.9076923131942749,0.2094469155167731,13,1.661538461366525,0.0024314561047539627,0.0019006669333965118,0.009103846736252308,-0.0019208776066079736,0.009103846736252308,0.0019208776066079736,0.0035859381314367056,0.003993133548647165,0.0035859381314367056,0,0.009103846969082952,0.0,2.3283064365386963e-10,0.009103846969082952,0,4.889566377654087e-10,3.2526065174565133e-19,0,0,10,0,13,13,0,1,1,1,0.0,0.0,0.0,1,0.008331360528245568,-0.0037794370437040925,0.004551923484541476,0.004551923484541476,inf,inf,0,0,-0.0019208780955646113,-3.2526065174565133e-19,1.6615384522538923,0.007563195901283188,3.2526065174565133e-19,inf,0,0,0,4,5,0,0,0.038999998942017555
5005,4,0,4,4,c67c05dadc60d26767905cdd615c0ec6bb76033ce14a0f7ae32b1ea3af355394,fcccee6e8ba980c82937dee9d477f153da63e126e141f70859017ee9e1d4366d,0.014107855036854744,0.0,-0.0010814323322847486,-0.0010814323322847486,0.0,0.014107855036854744,0.0,0,1,0.9076921939849854,0.20944694064039504,13,1.661538353333106,0.00315305882896031,0.0022184437543109675,0.014107855036854744,-0.0010814323322847486,0.014107855036854744,0.0010814323322847486,0.0024192610289901495,0.0061215911991894245,0.0024192610289901495,0,0.014107855502516031,0.0,4.656612873077393e-10,0.014107855502516031,0,3.245998912368431e-11,1.0842021724855044e-19,0,0,10,11,13,13,0,1,1,1,0.0,0.0,0.0,1,0.01045539858750999,-0.003401470836251974,0.007053927751258016,0.007053927751258016,inf,inf,0,0,-0.0010814322998247594,-1.0842021724855044e-19,1.6615384505345263,0.011720372186007738,1.0842021724855044e-19,inf,0,0,0,5,3,0,0,0.038999998942017555
5005,4,0,5,4,c67c05dadc60d26767905cdd615c0ec6bb76033ce14a0f7ae32b1ea3af355394,fcccee6e8ba980c82937dee9d477f153da63e126e141f70859017ee9e1d4366d,0.024410473182797432,0.029999999329447746,-0.002764435252174735,-0.002764435252174735,-3.2238088717648217e-11,0.024410473182797432,0.029999999329447746,1,3,0.9076921939849854,0.20944694064039504,13,1.661538353333106,0.0020415562225175013,0.0016103841546239585,0.005589526146650314,-0.002764435219936646,0.005589526146650314,0.002764435219936646,0.002713738940656185,0.0038913374301046133,0.002713738940656185,0,0.024410473182797432,0.029999999329447746,0.0,0.007312102010473609,0,1.5263342933308222e-09,3.2526065174565133e-19,10,11,10,11,1,1,1,1,1,1,0.014999999897554517,0.01499999943189323,0.01499999943189323,0,0.010936291655525565,-0.007280240650288761,0.0036560510052368045,0.0036560510052368045,0.24373674291368655,0.7290861379816225,1,0,-0.0027644337258404417,-3.223808904290887e-11,1.6615384505345263,0.006074669322316357,3.223808904290887e-11,188431433.21029288,1,0,0,2,1,0,1,0.008999999612569809
5005,4,1,0,4,c67c05dadc60d26767905cdd615c0ec6bb76033ce14a0f7ae32b1ea3af355394,fcccee6e8ba980c82937dee9d477f153da63e126e141f70859017ee9e1d4366d,0.006090319715440273,0.0,-0.0005126618780195713,-0.0005126618780195713,0.0,0.006090319715440273,0.0,0,1,0.007692307233810425,0.20944694064039504,13,1.661538353333106,0.0015803275815688513,0.0012039408947412784,0.006090319715440273,-0.0005126618780195713,0.006090319715440273,0.0005126618780195713,0.0018712244927883148,0.001809407607652247,0.0018712244927883148,0,0.006090319715440273,0.0,0.0,0.006090319715440273,0,1.3004563710616868e-09,1.734723475976807e-18,0,0,10,12,13,13,0,1,1,1,0.0,0.0,0.0,1,0.00504449475556612,-0.0019993348978459835,0.0030451598577201366,0.0030451598577201366,inf,inf,0,0,-0.0005126631784759424,-1.734723475976807e-18,1.6615384505345263,0.0050596501916262545,1.734723475976807e-18,inf,0,0,0,3,4,0,0,0.03599999938160181
5005,4,1,2,4,c67c05dadc60d26767905cdd615c0ec6bb76033ce14a0f7ae32b1ea3af355394,fcccee6e8ba980c82937dee9d477f153da63e126e141f70859017ee9e1d4366d,0.005476466380059719,0.0,0.0002260361798107624,0.0002260361798107624,0.0,0.005476466380059719,0.0,0,1,0.9076921939849854,0.20944694064039504,13,1.6615383533331063,0.0014096670064833892,0.001124740771111652,0.005476466380059719,0.0002260361798107624,0.005476466380059719,0.0002260361798107624,0.0016129971481859684,0.001916001783683896,0.0016129971481859684,0,0.005476466380059719,0.0,0.0,0.005476466380059719,0,1.1405761187952002e-09,0.0,0,0,10,12,13,13,0,1,1,1,0.0,0.0,0.0,1,0.004611601121723652,-0.0018733679316937923,0.0027382331900298595,0.0027382331900298595,inf,inf,0,0,0.0002260350392346436,0.0,1.661538450534526,0.004549679731764425,0.0,inf,0,0,0,4,5,0,0,0.03599999938160181
5005,4,1,3,4,c67c05dadc60d26767905cdd615c0ec6bb76033ce14a0f7ae32b1ea3af355394,fcccee6e8ba980c82937dee9d477f153da63e126e141f70859017ee9e1d4366d,0.019305625930428505,0.017999999225139618,-0.008583947084844112,-0.008583947084844112,-0.008099999428741064,0.019305625930428505,0.017999999225139618,1,3,0.9076923131942749,0.2094469155167731,13,1.661538461366525,0.0008558156125554479,0.0007705244445104219,0.001305626705288887,-0.0004839476561030488,0.001305626705288887,0.0004839476561030488,0.0024131028912961483,0.0037231608293950558,0.0024131028912961483,0,0.01930562616325915,0.017999999225139618,2.3283064365386963e-10,0.0025795339606702328,0,2.1889319523626938e-10,0.0,10,11,10,11,1,1,1,1,1,1,0.008999999845400453,0.008999999379739165,0.008999999379739165,0,0.004261097637936473,-0.0029713306576013565,0.0012897669803351164,0.0012897669803351164,0.14330745213590182,0.4734553257335854,1,0,-0.008583947303737308,-0.008099999428741064,1.6615384522538923,0.0021429974322741854,0.008099999428741064,0.26456760289022135,1,1,0,2,2,0,0,0.018000000156462193
5005,4,1,4,4,c67c05dadc60d26767905cdd615c0ec6bb76033ce14a0f7ae32b1ea3af355394,fcccee6e8ba980c82937dee9d477f153da63e126e141f70859017ee9e1d4366d,0.022933803498744965,0.03599999938160181,0.0009784315479919314,0.0009784315479919314,6.447617613425383e-11,0.022933803498744965,0.03599999938160181,1,3,0.9076921939849854,0.20944694064039504,13,1.661538353333106,0.0028019757409859956,0.0019371467146515494,0.013066195882856846,0.0009784314835157553,0.013066195882856846,0.0009784314835157553,0.00096555968048051,0.004820826929062605,0.00096555968048051,0,0.022933802800253034,0.03599999938160181,6.984919309616089e-10,0.013066196581348777,0,9.87950604137977e-10,1.3010426069826053e-18,10,11,10,11,1,1,1,1,1,1,0.017999999225139618,0.018000000156462193,0.017999999225139618,0,0.009155522799119353,-0.002622424508444965,0.006533098290674388,0.006533098290674388,0.36294992066166126,0.5086401774024708,1,0,0.0009784305600413273,6.447617743529643e-11,1.6615384505345263,0.010854994011076886,6.447617743529643e-11,168356661.99303088,1,0,0,1,1,1,1,0.018000000156462193
5005,4,1,5,4,c67c05dadc60d26767905cdd615c0ec6bb76033ce14a0f7ae32b1ea3af355394,fcccee6e8ba980c82937dee9d477f153da63e126e141f70859017ee9e1d4366d,0.01032280083745718,0.0,-0.0005916617810726166,-0.0005916617810726166,0.0,0.01032280083745718,0.0,0,1,0.9076921939849854,0.20944694064039504,13,1.661538353333106,0.0024014185686805013,0.0017299637992001145,0.01032280083745718,-0.0005916617810726166,0.01032280083745718,0.0005916617810726166,0.0011444397969171405,0.00344401178881526,0.0011444397969171405,0,0.01032280083745718,0.0,0.0,0.01032280083745718,0,2.539862903327972e-10,1.734723475976807e-18,0,0,10,11,13,13,0,1,1,1,0.0,0.0,0.0,1,0.007291617803275585,-0.002130217384546995,0.00516140041872859,0.00516140041872859,inf,inf,0,0,-0.0005916620350589069,-1.734723475976807e-18,1.6615384505345263,0.008575865254322556,1.734723475976807e-18,inf,0,0,0,5,3,0,0,0.03599999938160181
5005,4,2,0,4,c67c05dadc60d26767905cdd615c0ec6bb76033ce14a0f7ae32b1ea3af355394,fcccee6e8ba980c82937dee9d477f153da63e126e141f70859017ee9e1d4366d,0.01629195734858513,0.03899999801069498,-0.0006089666858315468,-0.0006089666858315468,0.00207692295226913,0.01629195734858513,0.03899999801069498,1,4,0.007692307233810425,0.20944694064039504,13,1.661538353333106,0.007638088671780441,0.004025880192246662,0.022708040662109852,-0.002685889638100677,0.022708040662109852,0.002685889638100677,0.0016881788615137339,0.006180232390761375,0.0016881788615137339,0,0.016291958279907703,0.03899999801069498,9.313225746154785e-10,0.029794023372232914,0,1.7506746920192828e-10,1.734723475976807e-18,10,2,10,11,1,1,1,1,0,0,0.008999999612569809,0.020999998785555363,0.008999999612569809,0,0.031063097529113293,0.016166085842996836,0.014897011686116457,0.014897011686116457,1.655223591933339,3.4514554295901476,0,0,-0.000608966860899016,0.0020769229522691283,1.6615384505345263,0.024751957714544668,0.0020769229522691283,11.917609985243836,0,0,0,1,2,1,0,0.00899999774992466
5005,4,2,1,4,c67c05dadc60d26767905cdd615c0ec6bb76033ce14a0f7ae32b1ea3af355394,fcccee6e8ba980c82937dee9d477f153da63e126e141f70859017ee9e1d4366d,0.005735326558351517,0.0,-0.0012616083258762956,-0.0012616083258762956,-3.469446951953614e-18,0.005735326558351517,0.0,0,1,0.9076921939849854,0.20944694064039504,13,1.661538353333106,0.0015290402986281148,0.0012304939814573208,0.005735326558351517,-0.001261608325876292,0.005735326558351517,0.001261608325876292,0.002835604129359126,0.006917003076523542,0.002835604129359126,0,0.005735326558351517,0.0,0.0,0.005735326558351517,0,3.755113164860546e-10,1.734723475976807e-18,0,0,8,1,13,13,0,1,1,1,0.0,0.0,0.0,1,0.005883382633328438,0.0030157193541526794,0.0028676632791757584,0.0028676632791757584,inf,inf,0,0,-0.001261607950364979,-1.734723475976807e-18,1.6615384505345263,0.004764732801536448,1.734723475976807e-18,inf,0,0,0,3,4,0,0,0.03899999801069498
5005,4,2,3,4,c67c05dadc60d26767905cdd615c0ec6bb76033ce14a0f7ae32b1ea3af355394,fcccee6e8ba980c82937dee9d477f153da63e126e141f70859017ee9e1d4366d,0.004056289792060852,0.0,-0.0009916176786646247,-0.0009916176786646247,0.0,0.004056289792060852,0.0,0,1,0.9076923131942749,0.2094469155167731,13,1.661538461366525,0.0011671744512802952,0.001012381629125606,0.004056289792060852,-0.0009916176786646247,0.004056289792060852,0.0009916176786646247,0.00251983106136322,0.005117082968354225,0.00251983106136322,0,0.004056289792060852,0.0,0.0,0.004056289792060852,0,1.5296862977687287e-09,1.734723475976807e-18,0,0,8,1,13,13,0,1,1,1,0.0,0.0,0.0,1,0.002909688279032707,0.0008815433830022812,0.002028144896030426,0.002028144896030426,inf,inf,0,0,-0.000991616148978327,-1.734723475976807e-18,1.6615384522538923,0.0033698407314970255,1.734723475976807e-18,inf,0,0,0,4,5,0,0,0.03899999801069498
5005,4,2,4,4,c67c05dadc60d26767905cdd615c0ec6bb76033ce14a0f7ae32b1ea3af355394,fcccee6e8ba980c82937dee9d477f153da63e126e141f70859017ee9e1d4366d,0.00796193815767765,0.0,0.0006341316620819271,0.0006341316620819271,0.0,0.00796193815767765,0.0,0,1,0.9076921939849854,0.20944694064039504,13,1.661538353333106,0.002052546365645126,0.0016886121951616728,0.00796193815767765,0.0006341316620819271,0.00796193815767765,0.0006341316620819271,0.0017569304909557104,0.006398572586476803,0.0017569304909557104,0,0.00796193815767765,0.0,0.0,0.00796193815767765,0,1.2181611813016913e-09,1.734723475976807e-18,0,0,10,11,13,13,0,1,1,1,0.0,0.0,0.0,1,0.006123894825577736,0.0021429257467389107,0.003980969078838825,0.003980969078838825,inf,inf,0,0,0.0006341328802431084,-1.734723475976807e-18,1.6615384505345263,0.006614533194879722,1.734723475976807e-18,inf,0,0,0,5,3,0,0,0.03899999801069498
5005,4,2,5,4,c67c05dadc60d26767905cdd615c0ec6bb76033ce14a0f7ae32b1ea3af355394,fcccee6e8ba980c82937dee9d477f153da63e126e141f70859017ee9e1d4366d,0.017121393233537674,0.03000000026077032,-0.0006048346986062825,-0.0006048346986062825,-6.44761778689773e-11,0.017121393233537674,0.03000000026077032,1,3,0.9076921939849854,0.20944694064039504,13,1.661538353333106,0.002772090094779504,0.0018986168058489907,0.012878607027232647,-0.0006048346341301046,0.012878607027232647,0.0006048346341301046,0.002200113609433174,0.007452298421412706,0.002200113609433174,0,0.017121393233537674,0.03000000026077032,0.0,0.012878607027232647,0,5.932944881908986e-10,0.0,10,11,10,11,1,1,1,1,1,1,0.015000000596046448,0.014999999664723873,0.014999999664723873,0,0.007652624510228634,0.0012133209966123104,0.0064393035136163235,0.0064393035136163235,0.42928691050306506,0.510174978751875,1,0,-0.0006048352919007707,-6.44761778689773e-11,1.6615384505345263,0.010699150382535598,6.44761778689773e-11,165939587.86262813,1,0,0,2,1,0,1,0.00899999774992466
5005,5,0,1,5,c806157fbf7ecd0b8a5dfce9f94ffa354b67f3f0042833ff50af6f719149557a,fcccee6e8ba980c82937dee9d477f153da63e126e141f70859017ee9e1d4366d,0.03137916699051857,0.0,-0.0098468828946352,-0.0098468828946352,0.0,0.03137916699051857,0.0,0,1,0.9076921939849854,0.20944694064039504,13,1.661538353333106,0.0075898918772675985,0.005391342488266308,0.03137916699051857,-0.0098468828946352,0.03137916699051857,0.0098468828946352,0.003995306324213743,0.013498319312930107,0.003995306324213743,0,0.03137916699051857,0.0,0.0,0.03137916699051857,0,3.3162039919654163e-09,6.938893903907228e-18,0,0,10,0,13,13,0,1,1,1,0.0,0.0,0.0,1,0.14414306730031967,-0.1284534838050604,0.015689583495259285,0.015689583495259285,inf,inf,0,0,-0.009846886210839192,-6.938893903907228e-18,1.6615384505345263,0.02606884625024519,6.938893903907228e-18,inf,0,0,0,3,4,0,0,0.039000000804662704
5005,5,0,2,5,c806157fbf7ecd0b8a5dfce9f94ffa354b67f3f0042833ff50af6f719149557a,fcccee6e8ba980c82937dee9d477f153da63e126e141f70859017ee9e1d4366d,0.03457524999976158,0.039000000804662704,0.0010588440345600247,0.0010588440345600247,0.0008307670402985523,0.03457524999976158,0.039000000804662704,1,5,0.9076921939849854,0.20944694064039504,13,1.6615383533331063,0.011237829803178764,0.008376911106194266,0.004424750804901123,0.00022807699426147243,0.004424750804901123,0.00022807699426147243,0.007994315586984158,0.011573289521038532,0.007994315586984158,0,0.03457524999976158,0.039000000804662704,0.0,0.04090268537402153,0,6.4531423642211205e-09,6.938893903907228e-18,10,1,10,0,1,1,1,1,0,0,0.00899999588727951,0.021000009030103683,0.00899999588727951,0,0.1536743938922882,-0.13322305120527744,0.020451342687010765,0.020451342687010765,2.2723724480714993,17.074940457416186,0,0,0.001058850487702389,0.0008307670402985454,1.661538450534526,0.033980692239526475,0.0008307670402985454,40.90279295061482,1,0,0,1,2,1,0,0.008999999612569809
5005,5,0,3,5,c806157fbf7ecd0b8a5dfce9f94ffa354b67f3f0042833ff50af6f719149557a,fcccee6e8ba980c82937dee9d477f153da63e126e141f70859017ee9e1d4366d,0.03020307421684265,0.0,-0.001307077705860138,-0.001307077705860138,-1.3877787807814457e-17,0.03020307421684265,0.0,0,1,0.9076923131942749,0.2094469155167731,13,1.661538461366525,0.007229724136459123,0.0048010100627086565,0.03020307421684265,-0.001307077705860124,0.03020307421684265,0.001307077705860124,0.009734072722494602,0.011800370179116726,0.009734072722494602,0,0.03020307421684265,0.0,0.0,0.03020307421684265,0,1.2192818976686226e-10,1.3877787807814457e-17,0,0,10,6,13,13,0,1,1,1,0.0,0.0,0.0,1,0.16820697486400604,-0.15310543775558472,0.015101537108421326,0.015101537108421326,inf,inf,0,0,-0.0013070775839319482,-2.7755575615628914e-17,1.6615384522538923,0.02509178459378109,2.7755575615628914e-17,inf,0,0,0,4,5,0,0,0.039000000804662704
5005,5,0,4,5,c806157fbf7ecd0b8a5dfce9f94ffa354b67f3f0042833ff50af6f719149557a,fcccee6e8ba980c82937dee9d477f153da63e126e141f70859017ee9e1d4366d,0.03386928141117096,0.0,-0.008814713917672634,-0.008814713917672634,0.0,0.03386928141117096,0.0,0,1,0.9076921939849854,0.20944694064039504,13,1.661538353333106,0.00801806354505774,0.0054184503015681845,0.03386928141117096,-0.008814713917672634,0.03386928141117096,0.008814713917672634,0.008890132419764996,0.010277239605784416,0.008890132419764996,0,0.03386928141117096,0.0,0.0,0.03386928141117096,0,2.732981410624724e-10,6.938893903907228e-18,0,0,10,6,13,13,0,1,1,1,0.0,0.0,0.0,1,0.14413173496723175,-0.12719709426164627,0.01693464070558548,0.01693464070558548,inf,inf,0,0,-0.008814713644374493,-6.938893903907228e-18,1.6615384505345263,0.028137556678317414,6.938893903907228e-18,inf,0,0,0,5,3,0,0,0.039000000804662704
5005,5,0,5,5,c806157fbf7ecd0b8a5dfce9f94ffa354b67f3f0042833ff50af6f719149557a,fcccee6e8ba980c82937dee9d477f153da63e126e141f70859017ee9e1d4366d,0.035889338701963425,0.030000001192092896,-0.007212847005575895,-0.007212847005575895,0.0,0.035889338701963425,0.030000001192092896,1,3,0.9076921939849854,0.20944694064039504,13,1.661538353333106,0.005571596434860436,0.00484116371037692,0.005889337509870529,-0.007212847005575895,0.005889337509870529,0.007212847005575895,0.005353073589503765,0.01472421083599329,0.005353073589503765,0,0.035889338701963425,0.030000001192092896,0.0,0.017982687801122665,0,1.9605620807383595e-09,0.0,10,11,10,11,1,1,1,1,1,1,0.015000000596046448,0.015000000596046448,0.015000000596046448,0,0.15442345291376114,-0.1454321090131998,0.008991343900561333,0.008991343900561333,0.5994229028851628,10.294896451834978,0,0,-0.007212845045013815,0.0,1.6615384505345263,0.01493946361276174,0.0,inf,0,0,0,2,1,0,1,0.008999999612569809
5005,5,1,0,5,c806157fbf7ecd0b8a5dfce9f94ffa354b67f3f0042833ff50af6f719149557a,fcccee6e8ba980c82937dee9d477f153da63e126e141f70859017ee9e1d4366d,0.006582587957382202,0.0,-0.00042024441063404083,-0.00042024441063404083,0.0,0.006582587957382202,0.0,0,1,0.9076921939849854,0.20944694064039504,13,1.661538353333106,0.0016365918229527248,0.0011858425968321118,0.006582587957382202,-0.00042024441063404083,0.006582587957382202,0.00042024441063404083,0.0013787881471216679,0.0035192708019167185,0.0013787881471216679,0,0.006582587957382202,0.0,0.0,0.006582587957382202,0,4.843701733106553e-10,1.734723475976807e-18,0,0,10,12,13,13,0,1,1,1,0.0,0.0,0.0,1,0.003545938991010189,-0.000254645012319088,0.003291293978691101,0.003291293978691101,inf,inf,0,0,-0.00042024489500421414,-1.734723475976807e-18,1.6615384505345263,0.0054686114976080285,1.734723475976807e-18,inf,0,0,0,3,4,0,0,0.03599999938160181
5005,5,1,2,5,c806157fbf7ecd0b8a5dfce9f94ffa354b67f3f0042833ff50af6f719149557a,fcccee6e8ba980c82937dee9d477f153da63e126e141f70859017ee9e1d4366d,0.005931503139436245,0.0,-9.06024724827148e-05,-9.06024724827148e-05,0.0,0.005931503139436245,0.0,0,1,0.9076921939849854,0.20944694064039504,13,1.6615383533331063,0.0014797652574026876,0.0010808886596437037,0.005931503139436245,-9.06024724827148e-05,0.005931503139436245,9.06024724827148e-05,0.0020052222535014153,0.0013894542353227735,0.0020052222535014153,0,0.005931503139436245,0.0,0.0,0.005931503139436245,0,2.9077408016109363e-10,0.0,0,0,10,12,13,13,0,1,1,1,0.0,0.0,0.0,1,0.003486344590783119,-0.0005205930210649967,0.0029657515697181225,0.0029657515697181225,inf,inf,0,0,-9.060276325679496e-05,0.0,1.661538450534526,0.004927710267819788,0.0,inf,0,0,0,4,5,0,0,0.03599999938160181
5005,5,1,3,5,c806157fbf7ecd0b8a5dfce9f94ffa354b67f3f0042833ff50af6f719149557a,fcccee6e8ba980c82937dee9d477f153da63e126e141f70859017ee9e1d4366d,0.020428651943802834,0.017999999225139618,-0.00879668164998293,-0.00879668164998293,-0.008099999428741064,0.020428651943802834,0.017999999225139618,1,3,0.9076923131942749,0.2094469155167731,13,1.661538461366525,0.0007767453053019195,0.0006437847671820919,0.0024286527186632156,-0.0006966822212418657,0.0024286527186632156,0.0006966822212418657,0.002458227565512061,0.004930949304252863,0.002458227565512061,0,0.02042865240946412,0.017999999225139618,4.656612873077393e-10,0.002715016482397914,0,2.7482191349015306e-10,0.0,10,11,10,11,1,1,1,1,1,1,0.008999999845400453,0.008999999379739165,0.008999999379739165,0,0.0030358426738530397,-0.0016783344326540828,0.001357508241198957,0.001357508241198957,0.1508342594172823,0.3373158758974296,1,0,-0.008796681375161016,-0.008099999428741064,1.6615384522538923,0.0022555521420036186,0.008099999428741064,0.2784632470466959,1,1,0,2,2,0,0,0.018000000156462193
5005,5,1,4,5,c806157fbf7ecd0b8a5dfce9f94ffa354b67f3f0042833ff50af6f719149557a,fcccee6e8ba980c82937dee9d477f153da63e126e141f70859017ee9e1d4366d,0.02380950190126896,0.03599999938160181,-0.00014584434393327683,-0.00014584434393327683,6.447617613425383e-11,0.02380950190126896,0.03599999938160181,1,3,0.9076921939849854,0.20944694064039504,13,1.661538353333106,0.002599899764675718,0.0017424597027408477,0.012190497480332851,-0.00014584440840945297,0.012190497480332851,0.00014584440840945297,0.0012401933781802654,0.005000700708478689,0.0012401933781802654,0,0.023809501086361706,0.03599999938160181,8.149072527885437e-10,0.012190498295240104,0,4.559642463944358e-10,0.0,10,11,10,11,1,1,1,1,1,1,0.017999999225139618,0.018000000156462193,0.017999999225139618,0,0.007014423492364585,-0.0009191743447445333,0.006095249147620052,0.006095249147620052,0.338624967222618,0.3896902107955606,1,0,-0.00014584479989752323,6.447617613425383e-11,1.6615384505345263,0.010127490824358513,6.447617613425383e-11,157073378.59600747,0,0,0,1,1,1,1,0.018000000156462193
5005,5,1,5,5,c806157fbf7ecd0b8a5dfce9f94ffa354b67f3f0042833ff50af6f719149557a,fcccee6e8ba980c82937dee9d477f153da63e126e141f70859017ee9e1d4366d,0.009839951992034912,0.0,-0.00038609435432590544,-0.00038609435432590544,0.0,0.009839951992034912,0.0,0,1,0.9076921939849854,0.20944694064039504,13,1.661538353333106,0.0022425853874251905,0.0015638253083948557,0.009839951992034912,-0.00038609435432590544,0.009839951992034912,0.00038609435432590544,0.0014283540658652782,0.0039148819632828236,0.0014283540658652782,0,0.0098399524576962,0.0,4.656612873077393e-10,0.0098399524576962,0,1.4745743211544426e-09,1.734723475976807e-18,0,0,10,11,13,13,0,1,1,1,0.0,0.0,0.0,1,0.005456785671412945,-0.0005368094425648451,0.0049199762288481,0.0049199762288481,inf,inf,0,0,-0.0003860958289002266,-1.734723475976807e-18,1.6615384505345263,0.008174729679946974,1.734723475976807e-18,inf,0,0,0,5,3,0,0,0.03599999938160181
5005,5,2,0,5,c806157fbf7ecd0b8a5dfce9f94ffa354b67f3f0042833ff50af6f719149557a,fcccee6e8ba980c82937dee9d477f153da63e126e141f70859017ee9e1d4366d,0.016826895996928215,0.038999998942017555,-0.0005350431310944259,-0.0005350431310944259,0.002076923016745308,0.016826895996928215,0.038999998942017555,1,4,0.9076921939849854,0.20944694064039504,13,1.661538353333106,0.0073895843845863465,0.0039052761782555896,0.02217310294508934,-0.002611966147839734,0.02217310294508934,0.002611966147839734,0.00201369053684175,0.006384570617228746,0.00201369053684175,0,0.016826895996928215,0.038999998942017555,0.0,0.028942489996552467,0,2.012155490838108e-09,3.469446951953614e-18,10,2,10,11,1,1,1,1,0,0,0.008999999612569809,0.020999999716877937,0.008999999612569809,0,0.029391277581453323,0.01492003258317709,0.014471244998276234,0.014471244998276234,1.607916180136834,3.2656976496314654,0,0,-0.0005350411189389351,0.0020769230167453044,1.6615384505345263,0.024044529991741406,0.0020769230167453044,11.576996257387048,0,0,0,1,2,1,0,0.008999998681247234
5005,5,2,1,5,c806157fbf7ecd0b8a5dfce9f94ffa354b67f3f0042833ff50af6f719149557a,fcccee6e8ba980c82937dee9d477f153da63e126e141f70859017ee9e1d4366d,0.004316331818699837,0.0,-0.0009453578968532383,-0.0009453578968532383,0.0,0.004316331818699837,0.0,0,1,0.9076921939849854,0.20944694064039504,13,1.661538353333106,0.0012859292260016364,0.0011270380848963585,0.004316331818699837,-0.0009453578968532383,0.004316331818699837,0.0009453578968532383,0.002111901994794607,0.007166680879890919,0.002111901994794607,0,0.004316331818699837,0.0,0.0,0.004316331818699837,0,8.274366261606936e-10,1.734723475976807e-18,0,0,8,11,13,13,0,1,1,1,0.0,0.0,0.0,1,0.005267789587378502,0.0031096236780285835,0.0021581659093499184,0.0021581659093499184,inf,inf,0,0,-0.0009453570694166122,-1.734723475976807e-18,1.6615384505345263,0.0035858756410177004,1.734723475976807e-18,inf,0,0,0,3,4,0,0,0.038999998942017555
5005,5,2,3,5,c806157fbf7ecd0b8a5dfce9f94ffa354b67f3f0042833ff50af6f719149557a,fcccee6e8ba980c82937dee9d477f153da63e126e141f70859017ee9e1d4366d,0.003639301285147667,0.0,-0.0010830769315361977,-0.0010830769315361977,-3.469446951953614e-18,0.003639301285147667,0.0,0,1,0.9076923131942749,0.2094469155167731,13,1.661538461366525,0.0011732532587647813,0.0010457101481906054,0.003639301285147667,-0.0010830769315361942,0.003639301285147667,0.0010830769315361942,0.0033802746329456568,0.0052222502417862415,0.0033802746329456568,0,0.003639301285147667,0.0,0.0,0.003639301285147667,0,4.2156530696835226e-10,3.469446951953614e-18,0,0,8,1,13,13,0,1,1,1,0.0,0.0,0.0,1,0.0022284705191850662,0.00040881987661123276,0.0018196506425738335,0.0018196506425738335,inf,inf,0,0,-0.0010830765099708907,-6.938893903907228e-18,1.6615384522538923,0.003023419512304928,6.938893903907228e-18,inf,0,0,0,4,5,0,0,0.038999998942017555
5005,5,2,4,5,c806157fbf7ecd0b8a5dfce9f94ffa354b67f3f0042833ff50af6f719149557a,fcccee6e8ba980c82937dee9d477f153da63e126e141f70859017ee9e1d4366d,0.009799400344491005,0.0,-0.0002667472290340811,-0.0002667472290340811,0.0,0.009799400344491005,0.0,0,1,0.9076921939849854,0.20944694064039504,13,1.661538353333106,0.002250612902097803,0.0016180875562351836,0.009799400344491005,-0.0002667472290340811,0.009799400344491005,0.0002667472290340811,0.0022355583496391773,0.00669283838942647,0.0022355583496391773,0,0.009799400344491005,0.0,0.0,0.009799400344491005,0,1.2579368970089266e-10,1.734723475976807e-18,0,0,10,11,13,13,0,1,1,1,0.0,0.0,0.0,1,0.007443759590387344,0.002544059418141842,0.0048997001722455025,0.0048997001722455025,inf,inf,0,0,-0.0002667471032403914,-1.734723475976807e-18,1.6615384505345263,0.008141040232276544,1.734723475976807e-18,inf,0,0,0,5,3,0,0,0.038999998942017555
5005,5,2,5,5,c806157fbf7ecd0b8a5dfce9f94ffa354b67f3f0042833ff50af6f719149557a,fcccee6e8ba980c82937dee9d477f153da63e126e141f70859017ee9e1d4366d,0.017744800075888634,0.03000000026077032,-0.00029527521110139787,-0.00029527521110139787,-6.44761778689773e-11,0.017744800075888634,0.03000000026077032,1,3,0.9076921939849854,0.20944694064039504,13,1.661538353333106,0.002678592774251231,0.0018691332382563303,0.012255200184881687,-0.00029527514662522,0.012255200184881687,0.00029527514662522,0.0018618660978972912,0.006454273127019405,0.0018618660978972912,0,0.017744800075888634,0.03000000026077032,0.0,0.012255200184881687,0,9.244417731313348e-10,1.734723475976807e-18,10,11,10,11,1,1,1,1,1,1,0.015000000596046448,0.014999999664723873,0.014999999664723873,0,0.007191686891019344,0.0010640867985785007,0.006127600092440844,0.006127600092440844,0.40850668196022544,0.47944580345107174,1,0,-0.000295276135543171,-6.447617960370078e-11,1.6615384505345263,0.01018124316308938,6.447617960370078e-11,157907047.62080848,1,0,0,2,1,0,1,0.008999998681247234
5005,6,0,1,6,483243812782592ee817e6d909aec16c30daa7822f42eb222fa1565ce9daf458,fcccee6e8ba980c82937dee9d477f153da63e126e141f70859017ee9e1d4366d,0.009720636531710625,0.0,-0.0014469815650954843,-0.0014469815650954843,0.0,0.009720636531710625,0.0,0,1,0.9076921939849854,0.20944694064039504,13,1.661538353333106,0.0024522809582418078,0.0019072345375309328,0.009720636531710625,-0.0014469815650954843,0.009720636531710625,0.0014469815650954843,0.0013016879092901945,0.004430914763361216,0.0013016879092901945,0,0.009720636531710625,0.0,0.0,0.009720636531710625,0,2.4113206049947156e-09,1.734723475976807e-18,0,0,10,6,13,13,0,1,1,1,0.0,0.0,0.0,1,0.005645565688610077,0.0007852474227547646,0.004860318265855312,0.004860318265855312,inf,inf,0,0,-0.0014469791537748793,-1.734723475976807e-18,1.6615384505345263,0.008075605680553892,1.734723475976807e-18,inf,0,0,0,3,4,0,0,0.038999997079372406
5005,6,0,2,6,483243812782592ee817e6d909aec16c30daa7822f42eb222fa1565ce9daf458,fcccee6e8ba980c82937dee9d477f153da63e126e141f70859017ee9e1d4366d,0.01551194116473198,0.038999997079372406,-0.0006046608905307949,-0.0006046608905307949,0.0033230779615732245,0.01551194116473198,0.038999997079372406,1,5,0.9076921939849854,0.20944694064039504,13,1.6615383533331063,0.00789606594937439,0.004144358299893034,0.023488055914640427,-0.003927738852104019,0.023488055914640427,0.003927738852104019,0.002987820655107498,0.0067962780594825745,0.002987820655107498,0,0.01551194116473198,0.038999997079372406,0.0,0.032340625301003456,0,1.8765001774667667e-09,3.469446951953614e-18,10,1,10,11,1,1,1,1,0,0,0.007499996572732925,0.020999999716877937,0.007499996572732925,0,0.029815105721354485,0.013644793070852757,0.016170312650501728,0.016170312650501728,2.1560426719781054,3.9753492461250755,0,0,-0.0006046590140306174,0.003323077961573228,1.661538450534526,0.026867596225973487,0.003323077961573228,8.085153745009851,0,0,0,1,2,1,0,0.00899999588727951
5005,6,0,3,6,483243812782592ee817e6d909aec16c30daa7822f42eb222fa1565ce9daf458,fcccee6e8ba980c82937dee9d477f153da63e126e141f70859017ee9e1d4366d,0.00783480703830719,0.0,-0.00021160487085580826,-0.00021160487085580826,0.0,0.00783480703830719,0.0,0,1,0.9076923131942749,0.2094469155167731,13,1.661538461366525,0.002051537046227302,0.0015544526984353037,0.00783480703830719,-0.00021160487085580826,0.00783480703830719,0.00021160487085580826,0.0028146998956799507,0.0027270661666989326,0.0028146998956799507,0,0.00783480703830719,0.0,0.0,0.00783480703830719,0,7.868597440285896e-10,8.673617379884035e-18,0,0,10,6,13,13,0,1,1,1,0.0,0.0,0.0,1,0.004798050969839096,-0.0008806474506855011,0.003917403519153595,0.003917403519153595,inf,inf,0,0,-0.0002116056577155523,-8.673617379884035e-18,1.6615384522538923,0.006508916580068415,8.673617379884035e-18,inf,0,0,0,4,5,0,0,0.038999997079372406
5005,6,0,4,6,483243812782592ee817e6d909aec16c30daa7822f42eb222fa1565ce9daf458,fcccee6e8ba980c82937dee9d477f153da63e126e141f70859017ee9e1d4366d,0.011231629177927971,0.0,-0.0011977754766121507,-0.0011977754766121507,0.0,0.011231629177927971,0.0,0,1,0.007692307233810425,0.20944694064039504,13,1.661538353333106,0.0027320085107720954,0.0019445903819693617,0.011231629177927971,-0.0011977754766121507,0.011231629177927971,0.0011977754766121507,0.0005781120853498578,0.003539321245625615,0.0005781120853498578,0,0.011231629177927971,0.0,0.0,0.011231629177927971,0,4.1295360707349626e-10,1.734723475976807e-18,0,0,10,11,13,13,0,1,1,1,0.0,0.0,0.0,1,0.007160898298025131,0.0015450837090611458,0.0056158145889639854,0.0056158145889639854,inf,inf,0,0,-0.0011977758895657577,1.734723475976807e-18,1.6615384505345263,0.009330891870636408,1.734723475976807e-18,inf,0,0,0,5,3,0,0,0.038999997079372406
5005,6,0,5,6,483243812782592ee817e6d909aec16c30daa7822f42eb222fa1565ce9daf458,fcccee6e8ba980c82937dee9d477f153da63e126e141f70859017ee9e1d4366d,0.018246745690703392,0.030000001192092896,-0.0005789594724774361,-0.0005789594724774361,0.0,0.018246745690703392,0.030000001192092896,1,3,0.9076921939849854,0.20944694064039504,13,1.661538353333106,0.0028366045774149687,0.0020931285293497278,0.011753255501389503,-0.0005789594724774361,0.011753255501389503,0.0005789594724774361,0.0016949223354458809,0.007952685467898846,0.0016949223354458809,0,0.018246745690703392,0.030000001192092896,0.0,0.011753255501389503,0,1.4711469022155033e-10,1.734723475976807e-18,10,11,10,11,1,1,1,1,1,1,0.015000000596046448,0.015000000596046448,0.015000000596046448,0,0.006743067875504494,0.000866440124809742,0.005876627750694752,0.005876627750694752,0.39177516781190364,0.44953784050393736,1,0,-0.0005789593253627458,-1.734723475976807e-18,1.6615384505345263,0.009764242967257556,1.734723475976807e-18,inf,0,0,0,2,1,0,1,0.00899999588727951
5005,6,1,0,6,483243812782592ee817e6d909aec16c30daa7822f42eb222fa1565ce9daf458,fcccee6e8ba980c82937dee9d477f153da63e126e141f70859017ee9e1d4366d,0.005018065683543682,0.0,5.523255094885826e-05,5.523255094885826e-05,-1.734723475976807e-18,0.005018065683543682,0.0,0,1,0.9076921939849854,0.20944694064039504,13,1.661538353333106,0.0013641671493008767,0.0010654678204532206,0.005018065683543682,5.5232550948859996e-05,0.005018065683543682,5.5232550948859996e-05,0.0007116336491890252,0.001697468920610845,0.0007116336491890252,0,0.005018065683543682,0.0,0.0,0.005018065683543682,0,2.5827050133958585e-10,1.734723475976807e-18,0,0,10,12,13,13,0,1,1,1,0.0,0.0,0.0,1,0.004346379078924656,-0.0018373462371528149,0.002509032841771841,0.002509032841771841,inf,inf,0,0,5.523229267835692e-05,0.0,1.6615384505345263,0.004168854540257824,0.0,inf,0,0,0,3,4,0,0,0.03599999938160181
5005,6,1,2,6,483243812782592ee817e6d909aec16c30daa7822f42eb222fa1565ce9daf458,fcccee6e8ba980c82937dee9d477f153da63e126e141f70859017ee9e1d4366d,0.004765563644468784,0.0,0.00021617843594867736,0.00021617843594867736,0.0,0.004765563644468784,0.0,0,1,0.9076921939849854,0.20944694064039504,13,1.6615383533331063,0.00122092153202045,0.0009861181010685023,0.004765563644468784,0.00021617843594867736,0.004765563644468784,0.00021617843594867736,0.0014610127545893192,0.0015036490513011813,0.0014610127545893192,0,0.004765563644468784,0.0,0.0,0.004765563644468784,0,5.792546633326401e-10,0.0,0,0,10,12,13,13,0,1,1,1,0.0,0.0,0.0,1,0.0044054994359612465,-0.0020227176137268543,0.002382781822234392,0.002382781822234392,inf,inf,0,0,0.00021617785669401403,0.0,1.661538450534526,0.003959083616877167,0.0,inf,0,0,0,4,5,0,0,0.03599999938160181
5005,6,1,3,6,483243812782592ee817e6d909aec16c30daa7822f42eb222fa1565ce9daf458,fcccee6e8ba980c82937dee9d477f153da63e126e141f70859017ee9e1d4366d,0.018095605075359344,0.017999999225139618,-0.008090303279459476,-0.008090303279459476,-0.008099999428741064,0.018095605075359344,0.017999999225139618,1,3,0.9076923131942749,0.2094469155167731,13,1.661538461366525,0.0006171453902793637,0.0005131132801520753,9.560585021972656e-05,9.696149281587102e-06,9.560585021972656e-05,9.696149281587102e-06,0.0025115597527474165,0.0037257387302815914,0.0025115597527474165,0,0.01809560414403677,0.017999999225139618,9.313225746154785e-10,0.0019152560271322727,0,4.6343730936149186e-10,0.0,10,11,10,11,1,1,1,1,1,1,0.008999999845400453,0.008999999379739165,0.008999999379739165,0,0.004227054538205266,-0.0032694265246391296,0.0009576280135661364,0.0009576280135661364,0.10640311995153603,0.46967275883609816,1,0,-0.008090303742896786,-0.008099999428741064,1.6615384522538923,0.0015911357674956476,0.008099999428741064,0.19643652835947775,1,1,0,2,2,0,0,0.018000000156462193
5005,6,1,4,6,483243812782592ee817e6d909aec16c30daa7822f42eb222fa1565ce9daf458,fcccee6e8ba980c82937dee9d477f153da63e126e141f70859017ee9e1d4366d,0.022598709911108017,0.03599999938160181,0.0009673245367594063,0.0009673245367594063,6.447617613425383e-11,0.022598709911108017,0.03599999938160181,1,3,0.007692307233810425,0.20944694064039504,13,1.661538353333106,0.00283388236441101,0.0018980116087436323,0.013401289470493793,0.0009673244722832302,0.013401289470493793,0.0009673244722832302,0.0011508376337587833,0.004292015451937914,0.0011508376337587833,0,0.022598710609599948,0.03599999938160181,6.984919309616089e-10,0.013401288772001863,0,4.2074834068206446e-10,1.3010426069826053e-18,10,11,10,11,1,1,1,1,1,1,0.017999999225139618,0.018000000156462193,0.017999999225139618,0,0.009588614339008927,-0.002887969953007996,0.006700644386000931,0.006700644386000931,0.37225803746938535,0.5327008195432049,1,0,0.000967324957507747,6.447617743529643e-11,1.6615384505345263,0.01113337829069886,6.447617743529643e-11,172674292.01849788,1,0,0,1,1,1,1,0.018000000156462193
5005,6,1,5,6,483243812782592ee817e6d909aec16c30daa7822f42eb222fa1565ce9daf458,fcccee6e8ba980c82937dee9d477f153da63e126e141f70859017ee9e1d4366d,0.009398256428539753,0.0,-0.00010005943477153778,-0.00010005943477153778,0.0,0.009398256428539753,0.0,0,1,0.9076921939849854,0.20944694064039504,13,1.661538353333106,0.002168566092738676,0.0015618856775866457,0.009398256428539753,-0.00010005943477153778,0.009398256428539753,0.00010005943477153778,0.0015775199281051755,0.003627604804933071,0.0015775199281051755,0,0.009398256428539753,0.0,0.0,0.009398256428539753,0,1.1396164827787159e-10,1.734723475976807e-18,0,0,10,11,13,13,0,1,1,1,0.0,0.0,0.0,1,0.006947454996407032,-0.0022483267821371555,0.0046991282142698765,0.0046991282142698765,inf,inf,0,0,-0.00010005954873318606,-1.734723475976807e-18,1.6615384505345263,0.007807782212001046,1.734723475976807e-18,inf,0,0,0,5,3,0,0,0.03599999938160181
5005,6,2,0,6,483243812782592ee817e6d909aec16c30daa7822f42eb222fa1565ce9daf458,fcccee6e8ba980c82937dee9d477f153da63e126e141f70859017ee9e1d4366d,0.015500146895647049,0.03899999801069498,0.0005154600366950035,0.0005154600366950035,0.00207692295226913,0.015500146895647049,0.03899999801069498,1,4,0.9076921939849854,0.20944694064039504,13,1.661538353333106,0.007642275758422631,0.004058237799261449,0.02349985111504793,-0.0015614629155741265,0.02349985111504793,0.0015614629155741265,0.0016048297984525561,0.006008781027048826,0.0016048297984525561,0,0.015500146895647049,0.03899999801069498,0.0,0.030436246655881405,0,1.828507553702785e-10,0.0,10,2,10,11,1,1,1,1,0,0,0.008999999612569809,0.020999998785555363,0.008999999612569809,0,0.029481257311999798,0.014263133984059095,0.015218123327940702,0.015218123327940702,1.6909026647830494,3.2756953979003436,0,0,0.0005154602195457589,0.00207692295226913,1.6615384505345263,0.025285497054349924,0.00207692295226913,12.174499312420041,1,0,0,1,2,1,0,0.00899999774992466
5005,6,2,1,6,483243812782592ee817e6d909aec16c30daa7822f42eb222fa1565ce9daf458,fcccee6e8ba980c82937dee9d477f153da63e126e141f70859017ee9e1d4366d,0.006063971668481827,0.0,-0.0010430930415168405,-0.0010430930415168405,-3.469446951953614e-18,0.006063971668481827,0.0,0,1,0.9076921939849854,0.20944694064039504,13,1.661538353333106,0.0016209849629352467,0.0013473529434768405,0.006063971668481827,-0.001043093041516837,0.006063971668481827,0.001043093041516837,0.0029079276137053967,0.007032191380858421,0.0029079276137053967,0,0.006063971668481827,0.0,0.0,0.006063971668481827,0,6.606249384338847e-10,1.734723475976807e-18,0,0,8,1,13,13,0,1,1,1,0.0,0.0,0.0,1,0.0049051642417907715,0.001873178407549858,0.0030319858342409134,0.0030319858342409134,inf,inf,0,0,-0.001043092380891902,-1.734723475976807e-18,1.6615384505345263,0.005037761045067281,1.734723475976807e-18,inf,0,0,0,3,4,0,0,0.03899999801069498
5005,6,2,3,6,483243812782592ee817e6d909aec16c30daa7822f42eb222fa1565ce9daf458,fcccee6e8ba980c82937dee9d477f153da63e126e141f70859017ee9e1d4366d,0.004717482253909111,0.0,-0.0010110341245308518,-0.0010110341245308518,0.0,0.004717482253909111,0.0,0,1,0.9076923131942749,0.2094469155167731,13,1.661538461366525,0.001321809245403087,0.0010814672699694097,0.004717482253909111,-0.0010110341245308518,0.004717482253909111,0.0010110341245308518,0.0023799447808414698,0.004386040847748518,0.0023799447808414698,0,0.004717482253909111,0.0,0.0,0.004717482253909111,0,3.2982148436000447e-10,1.734723475976807e-18,0,0,8,1,13,13,0,1,1,1,0.0,0.0,0.0,1,0.0028322264552116394,0.0004734853282570839,0.0023587411269545555,0.0023587411269545555,inf,inf,0,0,-0.0010110337947093675,-1.734723475976807e-18,1.6615384522538923,0.003919139081347674,1.734723475976807e-18,inf,0,0,0,4,5,0,0,0.03899999801069498
5005,6,2,4,6,483243812782592ee817e6d909aec16c30daa7822f42eb222fa1565ce9daf458,fcccee6e8ba980c82937dee9d477f153da63e126e141f70859017ee9e1d4366d,0.008518053218722343,0.0,0.0003966397198382765,0.0003966397198382765,0.0,0.008518053218722343,0.0,0,1,0.007692307233810425,0.20944694064039504,13,1.661538353333106,0.002123956766266373,0.001668883608819465,0.008518053218722343,0.0003966397198382765,0.008518053218722343,0.0003966397198382765,0.0017774185398593545,0.00469251861795783,0.0017774185398593545,0,0.008518053218722343,0.0,0.0,0.008518053218722343,0,2.2518006279059755e-09,1.734723475976807e-18,0,0,10,11,13,13,0,1,1,1,0.0,0.0,0.0,1,0.005581028759479523,0.001322002150118351,0.004259026609361172,0.004259026609361172,inf,inf,0,0,0.0003966419716389044,-1.734723475976807e-18,1.6615384505345263,0.007076536473303279,1.734723475976807e-18,inf,0,0,0,5,3,0,0,0.03899999801069498
5005,6,2,5,6,483243812782592ee817e6d909aec16c30daa7822f42eb222fa1565ce9daf458,fcccee6e8ba980c82937dee9d477f153da63e126e141f70859017ee9e1d4366d,0.016543423756957054,0.03000000026077032,-0.0006864790921099484,-0.0006864790921099484,-6.44761778689773e-11,0.016543423756957054,0.03000000026077032,1,3,0.9076921939849854,0.20944694064039504,13,1.661538353333106,0.002886701388972182,0.0018868415489704652,0.013456576503813267,-0.0006864790276337705,0.013456576503813267,0.0006864790276337705,0.0022104596719145775,0.005245552398264408,0.0022104596719145775,0,0.016543423756957054,0.03000000026077032,0.0,0.013456576503813267,0,2.774335507854664e-09,0.0,10,11,10,11,1,1,1,1,1,1,0.015000000596046448,0.014999999664723873,0.014999999664723873,0,0.007656438276171684,-0.0009281500242650509,0.006728288251906633,0.006728288251906633,0.4485525601530399,0.5104292298204279,1,0,-0.0006864763177744405,-6.44761778689773e-11,1.6615384505345263,0.011179309636822603,6.44761778689773e-11,173386667.85646307,1,0,0,2,1,0,1,0.00899999774992466
5005,7,0,1,7,00cbdaecb8babd1e1093931965788894c10a29cedc80a8d3665ceebe7032445d,fcccee6e8ba980c82937dee9d477f153da63e126e141f70859017ee9e1d4366d,0.010161965154111385,0.0,-0.0015601348131895065,-0.0015601348131895065,-3.469446951953614e-18,0.010161965154111385,0.0,0,1,0.9076921939849854,0.20944694064039504,13,1.661538353333106,0.0024437166858937865,0.0016259186454778592,0.010161965154111385,-0.001560134813189503,0.010161965154111385,0.001560134813189503,0.0017570138443261385,0.003294098423793912,0.0017570138443261385,0,0.010161965386942029,0.0,2.3283064365386963e-10,0.010161965386942029,0,5.00104042379379e-10,1.734723475976807e-18,0,0,10,11,13,13,0,1,1,1,0.0,0.0,0.0,1,0.030388439306989312,0.025307456613518298,0.0050809826934710145,0.0050809826934710145,inf,inf,0,0,-0.001560135313293549,-5.204170427930421e-18,1.6615384505345263,0.008442248111702574,5.204170427930421e-18,inf,0,0,0,3,4,0,0,0.039000001503154635
5005,7,0,2,7,00cbdaecb8babd1e1093931965788894c10a29cedc80a8d3665ceebe7032445d,fcccee6e8ba980c82937dee9d477f153da63e126e141f70859017ee9e1d4366d,0.020193571224808693,0.039000001503154635,-0.0018787096487358212,-0.0018787096487358212,-0.009553845399904705,0.020193571224808693,0.039000001503154635,1,5,0.9076921939849854,0.20944694064039504,13,1.6615383533331063,0.013546753102290855,0.012412480282536628,0.018806430278345942,0.007675135751168884,0.018806430278345942,0.007675135751168884,0.0020637959241867065,0.006677997298538685,0.0020637959241867065,0,0.020193571224808693,0.039000001503154635,0.0,0.03425782243721187,0,7.154536685316515e-11,3.469446951953614e-18,1,11,10,11,4,1,0,0,1,0,0.0,0.007500002160668373,0.0,1,0.023879772052168846,0.0067508608335629106,0.017128911218605936,0.017128911218605936,inf,inf,0,0,-0.0018787095771904544,-0.009553845399904708,1.661538450534526,0.028460344605505967,0.009553845399904708,2.9789412968509867,1,0,0,1,2,1,0,0.009000003105029464
5005,7,0,3,7,00cbdaecb8babd1e1093931965788894c10a29cedc80a8d3665ceebe7032445d,fcccee6e8ba980c82937dee9d477f153da63e126e141f70859017ee9e1d4366d,0.010138272307813168,0.0,-0.0026627928018569946,-0.0026627928018569946,0.0,0.010138272307813168,0.0,0,1,0.9076923131942749,0.2094469155167731,13,1.661538461366525,0.002479112126065388,0.0015915109494910435,0.010138272307813168,-0.0026627928018569946,0.010138272307813168,0.0026627928018569946,0.003522957442328334,0.0035784468054771423,0.003522957442328334,0,0.01013827242422849,0.0,1.1641532182693481e-10,0.01013827242422849,0,1.501003887155461e-10,3.469446951953614e-18,0,0,10,11,13,13,0,1,1,1,0.0,0.0,0.0,1,0.028078053263016045,0.0230089170509018,0.005069136212114245,0.005069136212114245,inf,inf,0,0,-0.002662792651756606,3.469446951953614e-18,1.6615384522538923,0.00842256473614046,3.469446951953614e-18,inf,0,0,0,4,5,0,0,0.039000001503154635
5005,7,0,4,7,00cbdaecb8babd1e1093931965788894c10a29cedc80a8d3665ceebe7032445d,fcccee6e8ba980c82937dee9d477f153da63e126e141f70859017ee9e1d4366d,0.01515958085656166,0.0,-5.6711647630436346e-05,-5.6711647630436346e-05,0.0,0.01515958085656166,0.0,0,1,0.9076921939849854,0.20944694064039504,13,1.661538353333106,0.003214626380630656,0.001907009185021798,0.01515958085656166,-5.6711647630436346e-05,0.01515958085656166,5.6711647630436346e-05,0.0010204773861914873,0.004734139423817396,0.0010204773861914873,0,0.01515958085656166,0.0,0.0,0.01515958085656166,0,1.7471872386376486e-10,1.734723475976807e-18,0,0,10,11,13,13,0,1,1,1,0.0,0.0,0.0,1,0.03187859244644642,0.02429880201816559,0.00757979042828083,0.00757979042828083,inf,inf,0,0,-5.671147291171248e-05,-1.734723475976807e-18,1.6615384505345263,0.012594113243582164,1.734723475976807e-18,inf,0,0,0,5,3,0,0,0.039000001503154635
5005,7,0,5,7,00cbdaecb8babd1e1093931965788894c10a29cedc80a8d3665ceebe7032445d,fcccee6e8ba980c82937dee9d477f153da63e126e141f70859017ee9e1d4366d,0.023047657683491707,0.02999999839812517,-0.0013171577593311667,-0.0013171577593311667,-6.44761778689773e-11,0.023047657683491707,0.02999999839812517,1,3,0.007692307233810425,0.20944694064039504,13,1.661538353333106,0.0018979090673086668,0.0013968551465304649,0.006952340714633465,-0.0013171576948549889,0.006952340714633465,0.0013171576948549889,0.0022709351032972336,0.006897127255797386,0.0022709351032972336,0,0.02304765721783042,0.02999999839812517,4.656612873077393e-10,0.007353697903454304,0,3.5126880050528886e-10,5.204170427930421e-18,10,11,10,11,1,1,1,1,1,1,0.014999999664723873,0.014999998733401299,0.014999998733401299,0,0.027418073266744614,0.023741224315017462,0.003676848951727152,0.003676848951727152,0.24512328414666568,1.8278717054616362,1,0,-0.0013171581105999672,-6.447618307314773e-11,1.6615384505345263,0.006109225910102229,6.447618307314773e-11,94751668.27371527,1,0,0,2,1,0,1,0.009000003105029464
5005,7,1,0,7,00cbdaecb8babd1e1093931965788894c10a29cedc80a8d3665ceebe7032445d,fcccee6e8ba980c82937dee9d477f153da63e126e141f70859017ee9e1d4366d,0.006168162450194359,0.0,-0.0006951647810637951,-0.0006951647810637951,0.0,0.006168162450194359,0.0,0,1,0.007692307233810425,0.20944694064039504,13,1.661538353333106,0.001594062650932962,0.0012182047337117282,0.006168162450194359,-0.0006951647810637951,0.006168162450194359,0.0006951647810637951,0.0012295553460717201,0.0033008046448230743,0.0012295553460717201,0,0.006168162450194359,0.0,0.0,0.006168162450194359,0,2.1748071659527524e-10,1.734723475976807e-18,0,0,10,11,13,13,0,1,1,1,0.0,0.0,0.0,1,0.0032820329070091248,-0.00019795168191194534,0.0030840812250971794,0.0030840812250971794,inf,inf,0,0,-0.0006951649985445117,-1.734723475976807e-18,1.6615384505345263,0.005124319540070591,1.734723475976807e-18,inf,0,0,0,3,4,0,0,0.03599999938160181
5005,7,1,2,7,00cbdaecb8babd1e1093931965788894c10a29cedc80a8d3665ceebe7032445d,fcccee6e8ba980c82937dee9d477f153da63e126e141f70859017ee9e1d4366d,0.00533631257712841,0.0,-0.000147199651109986,-0.000147199651109986,0.0,0.00533631257712841,0.0,0,1,0.9076921939849854,0.20944694064039504,13,1.6615383533331063,0.0013450910188048993,0.0010263190973968902,0.00533631257712841,-0.000147199651109986,0.00533631257712841,0.000147199651109986,0.001763826934620738,0.0011400411603972316,0.001763826934620738,0,0.00533631257712841,0.0,0.0,0.00533631257712841,0,4.944618768251696e-10,0.0,0,0,10,12,13,13,0,1,1,1,0.0,0.0,0.0,1,0.0029339026659727097,-0.0002657463774085045,0.002668156288564205,0.002668156288564205,inf,inf,0,0,-0.00014720014557186283,0.0,1.661538450534526,0.004433244265484922,0.0,inf,0,0,0,4,5,0,0,0.03599999938160181
5005,7,1,3,7,00cbdaecb8babd1e1093931965788894c10a29cedc80a8d3665ceebe7032445d,fcccee6e8ba980c82937dee9d477f153da63e126e141f70859017ee9e1d4366d,0.020110178738832474,0.017999999225139618,-0.008719658479094505,-0.008719658479094505,-0.008099999428741064,0.020110178738832474,0.017999999225139618,1,3,0.9076923131942749,0.2094469155167731,13,1.661538461366525,0.0007041570492450185,0.0006066332571208477,0.002110179513692856,-0.0006196590503534417,0.002110179513692856,0.0006196590503534417,0.002427836647257209,0.004301463719457388,0.002427836647257209,0,0.02011017967015505,0.017999999225139618,9.313225746154785e-10,0.002376868622377515,0,5.888728706049395e-10,0.0,10,11,10,11,1,1,1,1,1,1,0.008999999845400453,0.008999999379739165,0.008999999379739165,0,0.0033626717049628496,-0.002174237393774092,0.0011884343111887574,0.0011884343111887574,0.13204826589923613,0.3736302151901154,1,0,-0.008719659067967376,-0.008099999428741064,1.6615384522538923,0.0019746293060179886,0.008099999428741064,0.2437814129975678,1,1,0,2,2,0,0,0.018000000156462193
5005,7,1,4,7,00cbdaecb8babd1e1093931965788894c10a29cedc80a8d3665ceebe7032445d,fcccee6e8ba980c82937dee9d477f153da63e126e141f70859017ee9e1d4366d,0.023603690788149834,0.03599999938160181,0.0010619688546285033,0.0010619688546285033,6.447617613425383e-11,0.023603690788149834,0.03599999938160181,1,3,0.9076921939849854,0.20944694064039504,13,1.661538353333106,0.002619881333870568,0.0017454865479500162,0.012396308593451977,0.0010619687901523272,0.012396308593451977,0.0010619687901523272,0.001483296975493431,0.00528075871989131,0.001483296975493431,0,0.0236036911373958,0.03599999938160181,3.4924596548080444e-10,0.012396308244206011,0,7.744787606372983e-10,1.3010426069826053e-18,10,11,10,11,1,1,1,1,1,1,0.017999999225139618,0.018000000156462193,0.017999999225139618,0,0.007732852012850344,-0.0015346978907473385,0.006198154122103006,0.006198154122103006,0.3443419104955506,0.42960290809625656,1,0,0.0010619680801497427,6.447617743529643e-11,1.6615384505345263,0.010298471396213215,6.447617743529643e-11,159725216.44211936,1,0,0,1,1,1,1,0.018000000156462193
5005,7,1,5,7,00cbdaecb8babd1e1093931965788894c10a29cedc80a8d3665ceebe7032445d,fcccee6e8ba980c82937dee9d477f153da63e126e141f70859017ee9e1d4366d,0.009506233036518097,0.0,-9.254924952983856e-05,-9.254924952983856e-05,0.0,0.009506233036518097,0.0,0,1,0.007692307233810425,0.20944694064039504,13,1.661538353333106,0.00217102129342479,0.0014766029484525943,0.009506233036518097,-9.254924952983856e-05,0.009506233036518097,9.254924952983856e-05,0.0016851775581017137,0.0036280821077525616,0.0016851775581017137,0,0.00950623257085681,0.0,4.656612873077393e-10,0.00950623257085681,0,9.199636070295059e-10,1.734723475976807e-18,0,0,10,11,13,13,0,1,1,1,0.0,0.0,0.0,1,0.004953593946993351,-0.00020047766156494617,0.004753116285428405,0.004753116285428405,inf,inf,0,0,-9.255016949344559e-05,-1.734723475976807e-18,1.6615384505345263,0.007897485468101135,1.734723475976807e-18,inf,0,0,0,5,3,0,0,0.03599999938160181
5005,7,2,0,7,00cbdaecb8babd1e1093931965788894c10a29cedc80a8d3665ceebe7032445d,fcccee6e8ba980c82937dee9d477f153da63e126e141f70859017ee9e1d4366d,0.017505353316664696,0.038999998942017555,-0.001191833638586104,-0.001191833638586104,0.002076923016745308,0.017505353316664696,0.038999998942017555,1,4,0.007692307233810425,0.20944694064039504,13,1.661538353333106,0.007547195681360172,0.0039869330426644985,0.02149464562535286,-0.003268756655331412,0.02149464562535286,0.003268756655331412,0.0014833630993962288,0.005819228943437338,0.0014833630993962288,0,0.017505353316664696,0.038999998942017555,0.0,0.029547017067670822,0,3.8433688002992294e-10,3.469446951953614e-18,10,2,10,11,1,1,1,1,0,0,0.008999999612569809,0.020999999716877937,0.008999999612569809,0,0.029010919854044914,0.014237411320209503,0.014773508533835411,0.014773508533835411,1.6415010188669406,3.223435678100135,0,0,-0.001191834022922984,0.0020769230167453044,1.6615384505345263,0.02454675247826749,0.0020769230167453044,11.818807091239284,0,0,0,1,2,1,0,0.009000000543892384
5005,7,2,1,7,00cbdaecb8babd1e1093931965788894c10a29cedc80a8d3665ceebe7032445d,fcccee6e8ba980c82937dee9d477f153da63e126e141f70859017ee9e1d4366d,0.0047066714614629745,0.0,-0.0010388301452621818,-0.0010388301452621818,0.0,0.0047066714614629745,0.0,0,1,0.9076921939849854,0.20944694064039504,13,1.661538353333106,0.0014011483889435647,0.0012698054710436149,0.0047066714614629745,-0.0010388301452621818,0.0047066714614629745,0.0010388301452621818,0.0024061338044703007,0.0045465086586773396,0.0024061338044703007,0,0.0047066714614629745,0.0,0.0,0.0047066714614629745,0,2.089818642789232e-09,8.673617379884035e-19,0,0,8,11,13,13,0,1,1,1,0.0,0.0,0.0,1,0.03386583365499973,0.031512497924268246,0.0023533357307314873,0.0023533357307314873,inf,inf,0,0,-0.001038828055443539,8.673617379884035e-19,1.6615384505345263,0.003910157803627133,8.673617379884035e-19,inf,0,0,0,3,4,0,0,0.038999998942017555
5005,7,2,3,7,00cbdaecb8babd1e1093931965788894c10a29cedc80a8d3665ceebe7032445d,fcccee6e8ba980c82937dee9d477f153da63e126e141f70859017ee9e1d4366d,0.003255775198340416,0.0,-0.001241383608430624,-0.001241383608430624,1.734723475976807e-18,0.003255775198340416,0.0,0,1,0.9076923131942749,0.2094469155167731,13,1.661538461366525,0.0011222199273738646,0.0009906036481702116,0.003255775198340416,-0.0012413836084306257,0.003255775198340416,0.0012413836084306257,0.0036206175573170185,0.0030482765287160873,0.0036206175573170185,0,0.003255775198340416,0.0,0.0,0.003255775198340416,0,8.021429614285536e-10,1.734723475976807e-18,0,0,10,1,13,13,0,1,1,1,0.0,0.0,0.0,1,0.03126760944724083,0.02963972184807062,0.001627887599170208,0.001627887599170208,inf,inf,0,0,-0.0012413828062876626,3.469446951953614e-18,1.6615384522538923,0.002704797841968572,3.469446951953614e-18,inf,0,0,0,4,5,0,0,0.038999998942017555
5005,7,2,4,7,00cbdaecb8babd1e1093931965788894c10a29cedc80a8d3665ceebe7032445d,fcccee6e8ba980c82937dee9d477f153da63e126e141f70859017ee9e1d4366d,0.009730285033583641,0.0,0.0003126670198980719,0.0003126670198980719,0.0,0.009730285033583641,0.0,0,1,0.9076921939849854,0.20944694064039504,13,1.661538353333106,0.0022253492002590474,0.0016588582354184439,0.009730285033583641,0.0003126670198980719,0.009730285033583641,0.0003126670198980719,0.0015759116504341364,0.006133627612143755,0.0015759116504341364,0,0.009730285033583641,0.0,0.0,0.009730285033583641,0,1.0144362537489737e-09,8.673617379884035e-19,0,0,10,11,13,13,0,1,1,1,0.0,0.0,0.0,1,0.03538907505571842,0.0305239325389266,0.0048651425167918205,0.0048651425167918205,inf,inf,0,0,0.00031266600546181814,8.673617379884035e-19,1.6615384505345263,0.008083621358979927,8.673617379884035e-19,inf,0,0,0,5,3,0,0,0.038999998942017555
5005,7,2,5,7,00cbdaecb8babd1e1093931965788894c10a29cedc80a8d3665ceebe7032445d,fcccee6e8ba980c82937dee9d477f153da63e126e141f70859017ee9e1d4366d,0.01795833557844162,0.02999999839812517,-0.00032697044662199914,-0.00032697044662199914,-6.44761778689773e-11,0.01795833557844162,0.02999999839812517,1,3,0.007692307233810425,0.20944694064039504,13,1.661538353333106,0.0025054174951801384,0.0015613942699143164,0.012041662819683552,-0.0003269703821458213,0.012041662819683552,0.0003269703821458213,0.001861120224930346,0.006736270152032375,0.001861120224930346,0,0.017958334647119045,0.02999999839812517,9.313225746154785e-10,0.012041663751006126,0,1.3682544576509859e-09,0.0,10,11,10,11,1,1,1,1,1,1,0.014999999664723873,0.014999998733401299,0.014999998733401299,0,0.03600573446601629,0.02998490259051323,0.006020831875503063,0.006020831875503063,0.4013888255934419,2.40038250042251,1,0,-0.0003269690783675415,-6.44761778689773e-11,1.6615384505345263,0.010003843665352246,6.44761778689773e-11,155155655.8715555,1,0,0,2,1,0,1,0.009000000543892384
5005,8,0,1,8,9b1f050c336fb37b5cb863c882003354c8e74fa3331d4cce5fe5c8c97f885bae,fcccee6e8ba980c82937dee9d477f153da63e126e141f70859017ee9e1d4366d,0.026018820703029633,0.0,-0.008380022831261158,-0.008380022831261158,0.0,0.026018820703029633,0.0,0,1,0.9076921939849854,0.20944694064039504,13,1.661538353333106,0.007001186727382925,0.005670775830216662,0.026018820703029633,-0.008380022831261158,0.026018820703029633,0.008380022831261158,0.003473263466730714,0.007863816805183887,0.003473263466730714,0,0.026018819771707058,0.0,9.313225746154785e-10,0.026018819771707058,0,5.768849361750816e-09,6.938893903907228e-18,0,0,10,6,13,13,0,1,1,1,0.0,0.0,0.0,1,0.12041030451655388,-0.10740089463070035,0.013009409885853529,0.013009409885853529,inf,inf,0,0,-0.00838002860011052,-6.938893903907228e-18,1.6615384505345263,0.021615634744109623,6.938893903907228e-18,inf,0,0,0,3,4,0,0,0.08899999712593853
5005,8,0,2,8,9b1f050c336fb37b5cb863c882003354c8e74fa3331d4cce5fe5c8c97f885bae,fcccee6e8ba980c82937dee9d477f153da63e126e141f70859017ee9e1d4366d,0.03278940171003342,0.08899999712593853,-0.0017511773621663451,-0.0017511773621663451,0.004292305224231255,0.03278940171003342,0.08899999712593853,1,5,0.9076921939849854,0.20944694064039504,13,1.6615383533331063,0.021985548346642406,0.012671427332834734,0.05621059541590512,-0.0060434825863976,0.05621059541590512,0.0060434825863976,0.005807919893413782,0.00895131379365921,0.005807919893413782,0,0.03278940264135599,0.08899999712593853,9.313225746154785e-10,0.08721308712847531,0,1.2133619040066712e-09,6.938893903907228e-18,10,2,10,0,1,1,1,1,0,0,0.00899999588727951,0.07100000535137951,0.00899999588727951,0,0.12746942415833473,-0.08386288059409708,0.043606543564237654,0.043606543564237654,4.845173721231433,14.163275823103268,0,0,-0.0017511761488044411,0.004292305224231248,1.661538450534526,0.07245394882688974,0.004292305224231248,16.87996194163155,0,0,0,1,1,1,1,0.05899999593384564
5005,8,0,3,8,9b1f050c336fb37b5cb863c882003354c8e74fa3331d4cce5fe5c8c97f885bae,fcccee6e8ba980c82937dee9d477f153da63e126e141f70859017ee9e1d4366d,0.025828892365098,0.0,0.0030278221238404512,0.0030278221238404512,-1.3877787807814457e-17,0.025828892365098,0.0,0,1,0.9076923131942749,0.2094469155167731,13,1.661538461366525,0.006253856377190099,0.005002303037946747,0.025828892365098,0.003027822123840465,0.025828892365098,0.003027822123840465,0.01078879740089178,0.008668621070683002,0.01078879740089178,0,0.025828892365098,0.0,0.0,0.025828892365098,0,3.070620667455781e-10,1.3877787807814457e-17,0,0,10,6,13,13,0,1,1,1,0.0,0.0,0.0,1,0.1303490735590458,-0.11743462737649679,0.012914446182549,0.012914446182549,inf,inf,0,0,0.0030278218167783845,-2.7755575615628914e-17,1.6615384522538923,0.021457848921868652,2.7755575615628914e-17,inf,0,0,0,4,5,0,0,0.08899999712593853
5005,8,0,4,8,9b1f050c336fb37b5cb863c882003354c8e74fa3331d4cce5fe5c8c97f885bae,fcccee6e8ba980c82937dee9d477f153da63e126e141f70859017ee9e1d4366d,0.02907678857445717,0.0,-0.003214233322069049,-0.003214233322069049,0.0,0.02907678857445717,0.0,0,1,0.9076921939849854,0.20944694064039504,13,1.661538353333106,0.006816029625732766,0.004502201210376779,0.02907678857445717,-0.003214233322069049,0.02907678857445717,0.003214233322069049,0.006866452284157276,0.009088471531867981,0.006866452284157276,0,0.029076789505779743,0.0,9.313225746154785e-10,0.029076789505779743,0,1.5655433460021184e-09,6.938893903907228e-18,0,0,10,6,13,13,0,1,1,1,0.0,0.0,0.0,1,0.11772901937365532,-0.10319062462076545,0.014538394752889872,0.014538394752889872,inf,inf,0,0,-0.003214234887612395,-6.938893903907228e-18,1.6615384505345263,0.024156101890975924,6.938893903907228e-18,inf,0,0,0,5,3,0,0,0.08899999712593853
5005,8,0,5,8,9b1f050c336fb37b5cb863c882003354c8e74fa3331d4cce5fe5c8c97f885bae,fcccee6e8ba980c82937dee9d477f153da63e126e141f70859017ee9e1d4366d,0.030956193804740906,0.030000001192092896,-0.007404515985399485,-0.007404515985399485,0.0,0.030956193804740906,0.030000001192092896,1,3,0.007692307233810425,0.20944694064039504,13,1.661538353333106,0.005368826479965024,0.00470057607093859,0.0009561926126480103,-0.007404515985399485,0.0009561926126480103,0.007404515985399485,0.006785455625504255,0.01077589113265276,0.006785455625504255,0,0.03095619287341833,0.030000001192092896,9.313225746154785e-10,0.016941938549280167,0,9.202229256377592e-11,0.0,10,11,10,0,1,1,1,1,0,0,0.015000000596046448,0.015000000596046448,0.015000000596046448,0,0.12073387950658798,-0.1122629102319479,0.008470969274640083,0.008470969274640083,0.5647312625356014,8.048924980603656,0,0,-0.007404515893377192,0.0,1.6615384505345263,0.014074841163111064,0.0,inf,0,0,0,2,2,0,0,0.05899999593384564
5005,8,1,0,8,9b1f050c336fb37b5cb863c882003354c8e74fa3331d4cce5fe5c8c97f885bae,fcccee6e8ba980c82937dee9d477f153da63e126e141f70859017ee9e1d4366d,0.005871938541531563,0.0,-0.0008373729069717228,-0.0008373729069717228,0.0,0.005871938541531563,0.0,0,1,0.9076921939849854,0.20944694064039504,13,1.661538353333106,0.001535967943753928,0.0011902313194507678,0.005871938541531563,-0.0008373729069717228,0.005871938541531563,0.0008373729069717228,0.0012472383677959442,0.003355026477947831,0.0012472383677959442,0,0.005871938541531563,0.0,0.0,0.005871938541531563,0,1.9099340789474617e-09,1.734723475976807e-18,0,0,10,12,13,13,0,1,1,1,0.0,0.0,0.0,1,0.0030428096652030945,-0.00010684039443731308,0.0029359692707657814,0.0029359692707657814,inf,inf,0,0,-0.0008373748169058018,-1.734723475976807e-18,1.6615384505345263,0.0048782258329651594,1.734723475976807e-18,inf,0,0,0,3,4,0,0,0.03599999938160181
5005,8,1,2,8,9b1f050c336fb37b5cb863c882003354c8e74fa3331d4cce5fe5c8c97f885bae,fcccee6e8ba980c82937dee9d477f153da63e126e141f70859017ee9e1d4366d,0.005352071486413479,0.0,3.1137219025367813e-07,3.1137219025367813e-07,0.0,0.005352071486413479,0.0,0,1,0.9076921939849854,0.20944694064039504,13,1.6615383533331063,0.0013619031194210993,0.0010470461937979129,0.005352071486413479,3.1137219025367813e-07,0.005352071486413479,3.1137219025367813e-07,0.0017856982303783298,0.001269750064238906,0.0017856982303783298,0,0.005352071486413479,0.0,0.0,0.005352071486413479,0,2.273393805672652e-09,0.0,0,0,10,12,13,13,0,1,1,1,0.0,0.0,0.0,1,0.002750677987933159,-7.464224472641945e-05,0.0026760357432067394,0.0026760357432067394,inf,inf,0,0,3.090987964480055e-07,0.0,1.661538450534526,0.004446336282342735,0.0,inf,0,0,0,4,5,0,0,0.03599999938160181
5005,8,1,3,8,9b1f050c336fb37b5cb863c882003354c8e74fa3331d4cce5fe5c8c97f885bae,fcccee6e8ba980c82937dee9d477f153da63e126e141f70859017ee9e1d4366d,0.019250506535172462,0.017999999225139618,-0.008363177068531513,-0.008363177068531513,-0.008099999428741064,0.019250506535172462,0.017999999225139618,1,3,0.9076923131942749,0.2094469155167731,13,1.661538461366525,0.0005838489946248132,0.0005119696353181932,0.0012505073100328445,-0.00026317763979044964,0.0012505073100328445,0.00026317763979044964,0.002561599016189575,0.00455158157274127,0.002561599016189575,0,0.019250506069511175,0.017999999225139618,4.656612873077393e-10,0.0018000418785959482,0,5.661243262372606e-10,0.0,10,11,10,11,1,1,1,1,1,1,0.008999999845400453,0.008999999379739165,0.008999999379739165,0,0.003038371680304408,-0.002138350741006434,0.0009000209392979741,0.0009000209392979741,0.10000233348061166,0.33759687663361426,1,0,-0.008363176502407187,-0.008099999428741064,1.6615384522538923,0.0014954193984772503,0.008099999428741064,0.18461969184480237,1,1,0,2,2,0,0,0.018000000156462193
5005,8,1,4,8,9b1f050c336fb37b5cb863c882003354c8e74fa3331d4cce5fe5c8c97f885bae,fcccee6e8ba980c82937dee9d477f153da63e126e141f70859017ee9e1d4366d,0.02280307561159134,0.03599999938160181,0.0011205320479348302,0.0011205320479348302,6.447617613425383e-11,0.02280307561159134,0.03599999938160181,1,3,0.9076921939849854,0.20944694064039504,13,1.661538353333106,0.0027572351837304534,0.0017751141316284973,0.013196923770010471,0.001120531983458654,0.013196923770010471,0.001120531983458654,0.0014767658431082964,0.005710640922188759,0.0014767658431082964,0,0.02280307572800666,0.03599999938160181,1.1641532182693481e-10,0.01319692365359515,0,7.551655542212266e-10,1.3010426069826053e-18,10,11,10,11,1,1,1,1,1,1,0.017999999225139618,0.018000000156462193,0.017999999225139618,0,0.007893917034380138,-0.0012954552075825632,0.006598461826797575,0.006598461826797575,0.3665812283803803,0.43855096523310594,1,0,0.001120531292769276,6.447617743529643e-11,1.6615384505345263,0.010963598039608462,6.447617743529643e-11,170041067.50296614,1,0,0,1,1,1,1,0.018000000156462193
5005,8,1,5,8,9b1f050c336fb37b5cb863c882003354c8e74fa3331d4cce5fe5c8c97f885bae,fcccee6e8ba980c82937dee9d477f153da63e126e141f70859017ee9e1d4366d,0.009090598672628403,0.0,-3.781115447054617e-05,-3.781115447054617e-05,0.0,0.009090598672628403,0.0,0,1,0.007692307233810425,0.20944694064039504,13,1.661538353333106,0.0020896511792371777,0.0014401202602587508,0.009090598672628403,-3.781115447054617e-05,0.009090598672628403,3.781115447054617e-05,0.001738618011586368,0.004033498931676149,0.001738618011586368,0,0.009090598206967115,0.0,4.656612873077393e-10,0.009090598206967115,0,1.3835807473674966e-09,1.734723475976807e-18,0,0,10,11,13,13,0,1,1,1,0.0,0.0,0.0,1,0.004557604901492596,-1.2305798009037971e-05,0.004545299103483558,0.004545299103483558,inf,inf,0,0,-3.781253805129354e-05,-1.734723475976807e-18,1.6615384505345263,0.007552189229618042,1.734723475976807e-18,inf,0,0,0,5,3,0,0,0.03599999938160181
5005,8,2,0,8,9b1f050c336fb37b5cb863c882003354c8e74fa3331d4cce5fe5c8c97f885bae,fcccee6e8ba980c82937dee9d477f153da63e126e141f70859017ee9e1d4366d,0.017959266901016235,0.038999998942017555,-0.0016721052816137671,-0.0016721052816137671,0.0020769230167453114,0.017959266901016235,0.038999998942017555,1,4,0.9076921939849854,0.20944694064039504,13,1.661538353333106,0.007926953356361127,0.004177624558115147,0.02104073204100132,-0.0037490282983590785,0.02104073204100132,0.0037490282983590785,0.001748014590702951,0.003547467291355133,0.001748014590702951,0,0.01795926596969366,0.038999998942017555,9.313225746154785e-10,0.03132014721632004,0,5.065265117065731e-10,3.469446951953614e-18,10,1,10,11,1,1,1,1,0,0,0.008999999612569809,0.020999999716877937,0.008999999612569809,0,0.028836451470851898,0.01317637786269188,0.01566007360816002,0.01566007360816002,1.7400082535879722,3.204050301355302,0,0,-0.0016721057881402789,0.002076923016745308,1.6615384505345263,0.026019814438158827,0.002076923016745308,12.528059166551971,0,0,0,1,2,1,0,0.008999998681247234
5005,8,2,1,8,9b1f050c336fb37b5cb863c882003354c8e74fa3331d4cce5fe5c8c97f885bae,fcccee6e8ba980c82937dee9d477f153da63e126e141f70859017ee9e1d4366d,0.004414405673742294,0.0,-0.0008685300126671791,-0.0008685300126671791,0.0,0.004414405673742294,0.0,0,1,0.9076921939849854,0.20944694064039504,13,1.661538353333106,0.0013667682815060099,0.0012036730375515638,0.004414405673742294,-0.0008685300126671791,0.004414405673742294,0.0008685300126671791,0.0024648893158882856,0.0043921880424022675,0.0024648893158882856,0,0.004414405673742294,0.0,0.0,0.004414405673742294,0,3.3812090280416207e-10,1.734723475976807e-18,0,0,8,11,13,13,0,1,1,1,0.0,0.0,0.0,1,0.002408871427178383,-0.00020166859030723572,0.002207202836871147,0.002207202836871147,inf,inf,0,0,-0.0008685303507880819,-1.734723475976807e-18,1.6615384505345263,0.0036673523815902967,1.734723475976807e-18,inf,0,0,0,3,4,0,0,0.038999998942017555
5005,8,2,3,8,9b1f050c336fb37b5cb863c882003354c8e74fa3331d4cce5fe5c8c97f885bae,fcccee6e8ba980c82937dee9d477f153da63e126e141f70859017ee9e1d4366d,0.003816431388258934,0.0,-0.0011445750715211034,-0.0011445750715211034,-3.469446951953614e-18,0.003816431388258934,0.0,0,1,0.9076923131942749,0.2094469155167731,13,1.661538461366525,0.0011985478352132737,0.001013631254610931,0.003816431388258934,-0.0011445750715211,0.003816431388258934,0.0011445750715211,0.0034234258346259594,0.0031161895021796227,0.0034234258346259594,0,0.003816431388258934,0.0,0.0,0.003816431388258934,0,4.932945692551205e-10,3.469446951953614e-18,0,0,10,6,13,13,0,1,1,1,0.0,0.0,0.0,1,0.0041908323764801025,-0.0022826166823506355,0.001908215694129467,0.001908215694129467,inf,inf,0,0,-0.0011445755648156726,-6.938893903907228e-18,1.6615384522538923,0.0031705737509904615,6.938893903907228e-18,inf,0,0,0,4,5,0,0,0.038999998942017555
5005,8,2,4,8,9b1f050c336fb37b5cb863c882003354c8e74fa3331d4cce5fe5c8c97f885bae,fcccee6e8ba980c82937dee9d477f153da63e126e141f70859017ee9e1d4366d,0.010176965035498142,0.0,-5.402897295425646e-05,-5.402897295425646e-05,0.0,0.010176965035498142,0.0,0,1,0.9076921939849854,0.20944694064039504,13,1.661538353333106,0.002309624004254266,0.0016633946911470425,0.010176965035498142,-5.402897295425646e-05,0.010176965035498142,5.402897295425646e-05,0.0021442710421979427,0.005740121938288212,0.0021442710421979427,0,0.010176965035498142,0.0,0.0,0.010176965035498142,0,1.9261100700496137e-10,1.734723475976807e-18,0,0,10,11,13,13,0,1,1,1,0.0,0.0,0.0,1,0.005693410523235798,-0.0006049280054867268,0.005088482517749071,0.005088482517749071,inf,inf,0,0,-5.4028780343249455e-05,-1.734723475976807e-18,1.6615384505345263,0.008454709358112817,1.734723475976807e-18,inf,0,0,0,5,3,0,0,0.038999998942017555
5005,8,2,5,8,9b1f050c336fb37b5cb863c882003354c8e74fa3331d4cce5fe5c8c97f885bae,fcccee6e8ba980c82937dee9d477f153da63e126e141f70859017ee9e1d4366d,0.018958617001771927,0.03000000026077032,-0.0005248624947853386,-0.0005248624947853386,-6.44761778689773e-11,0.018958617001771927,0.03000000026077032,1,3,0.007692307233810425,0.20944694064039504,13,1.661538353333106,0.0023460212594855036,0.0015583136642472982,0.011041383258998394,-0.0005248624303091608,0.011041383258998394,0.0005248624303091608,0.0019071247661486268,0.005180108826607466,0.0019071247661486268,0,0.0189586179330945,0.03000000026077032,9.313225746154785e-10,0.01104138232767582,0,1.3818662941353366e-09,1.734723475976807e-18,10,11,10,11,1,1,1,1,1,1,0.015000000596046448,0.014999999664723873,0.014999999664723873,0,0.007972296327352524,-0.002451605163514614,0.00552069116383791,0.00552069116383791,0.36804608581566506,0.5314864337031491,1,0,-0.0005248638766516328,-6.447617960370078e-11,1.6615384505345263,0.00917284064224289,6.447617960370078e-11,142267124.05454606,1,0,0,2,1,0,1,0.008999998681247234
5005,9,0,1,9,5c4ad73f24c460de94804aca25438ac0dd63c6e0fd3556633b314fe91381832f,fcccee6e8ba980c82937dee9d477f153da63e126e141f70859017ee9e1d4366d,0.004605468362569809,0.0,-0.00038912505260668695,-0.00038912505260668695,6.938893903907228e-18,0.004605468362569809,0.0,0,1,0.007692307233810425,0.20944694064039504,13,1.661538353333106,0.0011937592884608522,0.0009143214849148983,0.004605468362569809,-0.0003891250526066939,0.004605468362569809,0.0003891250526066939,0.0033302444498986006,0.001974840648472309,0.0033302444498986006,0,0.004605468362569809,0.0,0.0,0.004605468362569809,0,1.5835866845267943e-09,1.3877787807814457e-17,0,0,10,11,13,13,0,1,1,1,0.0,0.0,0.0,1,0.0389842027798295,0.0366814685985446,0.0023027341812849045,0.0023027341812849045,inf,inf,0,0,-0.0003891234690200024,-6.938893903907228e-18,1.6615384505345263,0.003826081383565011,6.938893903907228e-18,inf,0,0,0,3,5,0,0,0.08899999409914017
5005,9,0,2,9,5c4ad73f24c460de94804aca25438ac0dd63c6e0fd3556633b314fe91381832f,fcccee6e8ba980c82937dee9d477f153da63e126e141f70859017ee9e1d4366d,0.019767753779888153,0.08899999409914017,-0.0008486935985274613,-0.0008486935985274613,0.0067846143885300775,0.019767753779888153,0.08899999409914017,1,5,0.9076921939849854,0.20944694064039504,13,1.6615383533331063,0.021583226193079265,0.011486188519591763,0.06923224031925201,-0.007633307987057539,0.06923224031925201,0.007633307987057539,0.002515183761715889,0.006236011628061533,0.002515183761715889,0,0.01976775424554944,0.08899999409914017,4.656612873077393e-10,0.0831416780129075,0,6.656059956672289e-10,6.938893903907228e-18,10,2,10,11,1,1,1,1,0,0,0.007500000298023224,0.07099999487400055,0.007500000298023224,0,0.11507181916385889,0.07350098015740514,0.04157083900645375,0.04157083900645375,5.542778313943612,15.34290861217544,0,0,-0.0008486929329214656,0.0067846143885300705,1.661538450534526,0.06907154743020341,0.0067846143885300705,10.180615061480038,0,0,0,1,1,1,1,0.05899999290704727
5005,9,0,3,9,5c4ad73f24c460de94804aca25438ac0dd63c6e0fd3556633b314fe91381832f,fcccee6e8ba980c82937dee9d477f153da63e126e141f70859017ee9e1d4366d,0.006121506914496422,0.0,-0.002564924070611596,-0.002564924070611596,0.0,0.006121506914496422,0.0,0,1,0.9076923131942749,0.2094469155167731,13,1.661538461366525,0.0014709158269368234,0.0011917935607172329,0.006121506914496422,-0.002564924070611596,0.006121506914496422,0.002564924070611596,0.002902256790548563,0.0029052423778921366,0.002902256790548563,0,0.006121506914496422,0.0,0.0,0.006121506914496422,0,8.919158675513295e-10,6.938893903907228e-18,0,0,10,11,13,13,0,1,1,1,0.0,0.0,0.0,1,0.03717273846268654,0.03411198500543833,0.003060753457248211,0.003060753457248211,inf,inf,0,0,-0.0025649249625274637,6.938893903907228e-18,1.6615384522538923,0.005085559562086942,6.938893903907228e-18,inf,0,0,0,4,4,0,0,0.08899999409914017
5005,9,0,4,9,5c4ad73f24c460de94804aca25438ac0dd63c6e0fd3556633b314fe91381832f,fcccee6e8ba980c82937dee9d477f153da63e126e141f70859017ee9e1d4366d,0.01081179827451706,0.0,-0.001427262439392507,-0.001427262439392507,0.0,0.01081179827451706,0.0,0,1,0.9076921939849854,0.20944694064039504,13,1.661538353333106,0.002380281190107482,0.0016524549738983429,0.01081179827451706,-0.001427262439392507,0.01081179827451706,0.001427262439392507,0.0013893416617065668,0.002489164238795638,0.0013893416617065668,0,0.010811797808855772,0.0,4.656612873077393e-10,0.010811797808855772,0,8.341109400400448e-10,6.938893903907228e-18,0,0,10,11,13,13,0,1,1,1,0.0,0.0,0.0,1,0.04099279781803489,0.035586898913607,0.005405898904427886,0.005405898904427886,inf,inf,0,0,-0.0014272632735034471,-6.938893903907228e-18,1.6615384505345263,0.008982108889409403,6.938893903907228e-18,inf,0,0,0,5,3,0,0,0.08899999409914017
5005,9,0,5,9,5c4ad73f24c460de94804aca25438ac0dd63c6e0fd3556633b314fe91381832f,fcccee6e8ba980c82937dee9d477f153da63e126e141f70859017ee9e1d4366d,0.017411626875400543,0.030000001192092896,0.0002137457486242056,0.0002137457486242056,0.0,0.017411626875400543,0.030000001192092896,1,3,0.9076921939849854,0.20944694064039504,13,1.661538353333106,0.0028824757495827294,0.001898769041269841,0.012588374316692352,0.0002137457486242056,0.012588374316692352,0.0002137457486242056,0.0037847489584237337,0.005870422348380089,0.0037847489584237337,0,0.01741162734106183,0.030000001192092896,4.656612873077393e-10,0.012588373851031065,0,4.814049055223979e-10,3.469446951953614e-18,10,11,10,11,1,1,1,1,1,1,0.015000000596046448,0.015000000596046448,0.015000000596046448,0,0.041771091520786285,0.03547690459527075,0.0062941869255155325,0.0062941869255155325,0.419612445027135,2.784739324063487,1,0,0.00021374526721930007,-3.469446951953614e-18,1.6615384505345263,0.010458033591595752,3.469446951953614e-18,inf,0,0,0,2,2,0,0,0.05899999290704727
5005,9,1,0,9,5c4ad73f24c460de94804aca25438ac0dd63c6e0fd3556633b314fe91381832f,fcccee6e8ba980c82937dee9d477f153da63e126e141f70859017ee9e1d4366d,0.004500756971538067,0.0,0.0009950195671990514,0.0009950195671990514,0.0,0.004500756971538067,0.0,0,1,0.9076921939849854,0.20944694064039504,13,1.661538353333106,0.001153081707717837,0.0008537784747823455,0.004500756971538067,0.0009950195671990514,0.004500756971538067,0.0009950195671990514,0.004512358456850052,0.0031993016600608826,0.004512358456850052,0,0.004500756971538067,0.0,0.0,0.004500756971538067,0,9.46867347549618e-10,1.734723475976807e-18,0,0,3,12,13,13,0,1,1,1,0.0,0.0,0.0,1,0.007424552924931049,0.005174174439162016,0.0022503784857690334,0.0022503784857690334,inf,inf,0,0,0.0009950186203317038,1.734723475976807e-18,1.6615384505345263,0.0037390903823609134,1.734723475976807e-18,inf,0,0,0,3,4,0,0,0.03599999658763409
5005,9,1,2,9,5c4ad73f24c460de94804aca25438ac0dd63c6e0fd3556633b314fe91381832f,fcccee6e8ba980c82937dee9d477f153da63e126e141f70859017ee9e1d4366d,0.0036863181740045547,0.0,0.0007126135751605034,0.0007126135751605034,3.469446951953614e-18,0.0036863181740045547,0.0,0,1,0.9076921939849854,0.20944694064039504,13,1.6615383533331063,0.0009699191379171883,0.0008118958846175459,0.0036863181740045547,0.0007126135751604999,0.0036863181740045547,0.0007126135751604999,0.0012356877559795976,0.002374015050008893,0.0012356877559795976,0,0.0036863181740045547,0.0,0.0,0.0036863181740045547,0,6.136611323259711e-10,1.734723475976807e-18,0,0,3,12,13,13,0,1,1,1,0.0,0.0,0.0,1,0.006489462219178677,0.004646303132176399,0.0018431590870022774,0.0018431590870022774,inf,inf,0,0,0.0007126129614993711,1.734723475976807e-18,1.661538450534526,0.003062479693506396,1.734723475976807e-18,inf,0,0,0,4,5,0,0,0.03599999658763409
5005,9,1,3,9,5c4ad73f24c460de94804aca25438ac0dd63c6e0fd3556633b314fe91381832f,fcccee6e8ba980c82937dee9d477f153da63e126e141f70859017ee9e1d4366d,0.014599774032831192,0.017999999225139618,-0.007353668566793203,-0.007353668566793203,-0.008099999606050554,0.014599774032831192,0.017999999225139618,1,3,0.9076923131942749,0.2094469155167731,13,1.661538461366525,0.0012458165712208164,0.0010762183690035836,0.003400225192308426,0.0007463310392573502,0.003400225192308426,0.0007463310392573502,0.0029854578897356987,0.004632542375475168,0.0029854578897356987,0,0.014599774032831192,0.017999999225139618,0.0,0.004756993614137173,0,1.2706006385920787e-10,1.734723475976807e-18,10,11,10,11,1,1,1,1,1,1,0.008999999612569809,0.008999999612569809,0.008999999612569809,0,0.006538489833474159,0.004159993026405573,0.0023784968070685863,0.0023784968070685863,0.2642774343841826,0.7264989016601964,1,0,-0.0073536684397331395,-0.008099999606050552,1.6615384522538923,0.003951963903507563,0.008099999606050552,0.48789680194002955,1,1,0,2,2,0,0,0.01799999736249447
5005,9,1,4,9,5c4ad73f24c460de94804aca25438ac0dd63c6e0fd3556633b314fe91381832f,fcccee6e8ba980c82937dee9d477f153da63e126e141f70859017ee9e1d4366d,0.018800411373376846,0.03599999658763409,-0.000506154028698802,-0.000506154028698802,-1.2895235226850765e-10,0.018800411373376846,0.03599999658763409,1,3,0.9076921939849854,0.20944694064039504,13,1.661538353333106,0.003580713359879999,0.0022817242273388528,0.01719958521425724,-0.0005061538997464497,0.01719958521425724,0.0005061538997464497,0.001723122550174594,0.007765793241560459,0.001723122550174594,0,0.01880041230469942,0.03599999658763409,9.313225746154785e-10,0.017199584282934666,0,1.9560072762880854e-09,1.734723475976807e-18,10,11,10,11,1,1,1,1,1,1,0.017999999225139618,0.01799999736249447,0.01799999736249447,0,0.011208131909370422,0.0026083397679030895,0.008599792141467333,0.008599792141467333,0.47776630008769955,0.6226740862042649,1,0,-0.0005061559847060783,-1.2895235400323113e-10,1.6615384505345263,0.014288885309652628,1.2895235400323113e-10,110807479.3988995,1,0,0,1,1,1,1,0.01799999736249447
5005,9,1,5,9,5c4ad73f24c460de94804aca25438ac0dd63c6e0fd3556633b314fe91381832f,fcccee6e8ba980c82937dee9d477f153da63e126e141f70859017ee9e1d4366d,0.007283424027264118,0.0,-0.0006587766110897064,-0.0006587766110897064,0.0,0.007283424027264118,0.0,0,1,0.9076921939849854,0.20944694064039504,13,1.661538353333106,0.0019043437721482776,0.0015409492375053598,0.007283424027264118,-0.0006587766110897064,0.007283424027264118,0.0006587766110897064,0.0016583229880779982,0.004657266661524773,0.0016583229880779982,0,0.007283424027264118,0.0,0.0,0.007283424027264118,0,4.183142608346624e-10,1.734723475976807e-18,0,0,10,11,13,13,0,1,1,1,0.0,0.0,0.0,1,0.007425487972795963,0.003783775959163904,0.003641712013632059,0.003641712013632059,inf,inf,0,0,-0.0006587770294039673,1.734723475976807e-18,1.6615384505345263,0.006050844536423182,1.734723475976807e-18,inf,0,0,0,5,3,0,0,0.03599999658763409
5005,9,2,0,9,5c4ad73f24c460de94804aca25438ac0dd63c6e0fd3556633b314fe91381832f,fcccee6e8ba980c82937dee9d477f153da63e126e141f70859017ee9e1d4366d,0.016317857429385185,0.03899999801069498,0.0013587927678599954,0.0013587927678599954,0.00207692295226913,0.016317857429385185,0.03899999801069498,1,4,0.9076921939849854,0.20944694064039504,13,1.661538353333106,0.007931472435247248,0.004189267357778266,0.022682140581309795,-0.0007181301844091346,0.022682140581309795,0.0007181301844091346,0.0017276763683184981,0.005046852398663759,0.0017276763683184981,0,0.016317857429385185,0.03899999801069498,0.0,0.03096714336425066,0,4.122849464605061e-09,1.734723475976807e-18,10,1,10,11,1,1,1,1,0,0,0.008999999612569809,0.020999998785555363,0.008999999612569809,0,0.028041507117450237,0.012557935435324907,0.01548357168212533,0.01548357168212533,1.7203969276287823,3.11572314717505,0,0,0.00135879689070946,0.0020769229522691317,1.6615384505345263,0.025726549701458788,0.0020769229522691317,12.386858007106799,1,0,0,1,2,1,0,0.00899999774992466
5005,9,2,1,9,5c4ad73f24c460de94804aca25438ac0dd63c6e0fd3556633b314fe91381832f,fcccee6e8ba980c82937dee9d477f153da63e126e141f70859017ee9e1d4366d,0.006107944995164871,0.0,-0.0009109117090702057,-0.0009109117090702057,-3.469446951953614e-18,0.006107944995164871,0.0,0,1,0.007692307233810425,0.20944694064039504,13,1.661538353333106,0.0016572526627572509,0.001432493593565811,0.006107944995164871,-0.0009109117090702022,0.006107944995164871,0.0009109117090702022,0.002695328090339899,0.004718986805528402,0.002695328090339899,0,0.006107944995164871,0.0,0.0,0.006107944995164871,0,1.4245086412539854e-09,1.734723475976807e-18,0,0,8,1,13,13,0,1,1,1,0.0,0.0,0.0,1,0.0035968665033578873,-0.0005428940057754517,0.0030539724975824356,0.0030539724975824356,inf,inf,0,0,-0.0009109102845615644,-1.734723475976807e-18,1.6615384505345263,0.005074292731608177,1.734723475976807e-18,inf,0,0,0,3,4,0,0,0.03899999801069498
5005,9,2,3,9,5c4ad73f24c460de94804aca25438ac0dd63c6e0fd3556633b314fe91381832f,fcccee6e8ba980c82937dee9d477f153da63e126e141f70859017ee9e1d4366d,0.004572577774524689,0.0,-0.0007123635150492191,-0.0007123635150492191,0.0,0.004572577774524689,0.0,0,1,0.9076923131942749,0.2094469155167731,13,1.661538461366525,0.0013060589795510762,0.0011309135550930656,0.004572577774524689,-0.0007123635150492191,0.004572577774524689,0.0007123635150492191,0.002088623121380806,0.003759306389838457,0.002088623121380806,0,0.004572577774524689,0.0,0.0,0.004572577774524689,0,1.8164776384443915e-09,1.734723475976807e-18,0,0,8,1,13,13,0,1,1,1,0.0,0.0,0.0,1,0.005249097943305969,-0.002962809056043625,0.0022862888872623444,0.0022862888872623444,inf,inf,0,0,-0.0007123616985715807,-1.734723475976807e-18,1.6615384522538923,0.0037987568991471495,1.734723475976807e-18,inf,0,0,0,4,5,0,0,0.03899999801069498
5005,9,2,4,9,5c4ad73f24c460de94804aca25438ac0dd63c6e0fd3556633b314fe91381832f,fcccee6e8ba980c82937dee9d477f153da63e126e141f70859017ee9e1d4366d,0.008601440116763115,0.0,-0.0014792777365073562,-0.0014792777365073562,-3.469446951953614e-18,0.008601440116763115,0.0,0,1,0.9076921939849854,0.20944694064039504,13,1.661538353333106,0.0021044296896788766,0.0017122061559434474,0.008601440116763115,-0.0014792777365073527,0.008601440116763115,0.0014792777365073527,0.002197559457272291,0.0038830391131341457,0.002197559457272291,0,0.008601440116763115,0.0,0.0,0.008601440116763115,0,6.599316631356045e-10,1.734723475976807e-18,0,0,10,11,13,13,0,1,1,1,0.0,0.0,0.0,1,0.005638083443045616,-0.0013373633846640587,0.0043007200583815575,0.0043007200583815575,inf,inf,0,0,-0.001479277076575693,-1.734723475976807e-18,1.6615384505345263,0.007145811741986051,1.734723475976807e-18,inf,0,0,0,5,3,0,0,0.03899999801069498
5005,9,2,5,9,5c4ad73f24c460de94804aca25438ac0dd63c6e0fd3556633b314fe91381832f,fcccee6e8ba980c82937dee9d477f153da63e126e141f70859017ee9e1d4366d,0.017674779519438744,0.03000000026077032,-0.0007972891326062381,-0.0007972891326062381,-6.44761778689773e-11,0.017674779519438744,0.03000000026077032,1,3,0.9076921939849854,0.20944694064039504,13,1.661538353333106,0.0026256097435764683,0.0017312686647889175,0.012325220741331577,-0.0007972890681300603,0.012325220741331577,0.0007972890681300603,0.001777893747203052,0.004377367906272411,0.001777893747203052,0,0.017674779519438744,0.03000000026077032,0.0,0.012325220741331577,0,3.1601959417371095e-10,0.0,10,11,10,11,1,1,1,1,1,1,0.015000000596046448,0.014999999664723873,0.014999999664723873,0,0.010034320876002312,-0.003871710505336523,0.006162610370665789,0.006162610370665789,0.4108407005607245,0.6689547400191244,1,0,-0.000797288816586644,-6.44761778689773e-11,1.6615384505345263,0.010239414086524037,6.44761778689773e-11,158809259.8685309,1,0,0,2,1,0,1,0.00899999774992466
5005,10,0,1,10,9dfdbdaf893ae5732896bfae9047e3fe70c32fb392602467636162600d633d80,fcccee6e8ba980c82937dee9d477f153da63e126e141f70859017ee9e1d4366d,0.004986997693777084,0.0,-0.000162852622452192,-0.000162852622452192,-1.3877787807814457e-17,0.004986997693777084,0.0,0,1,0.9076921939849854,0.20944694064039504,13,1.661538353333106,0.0014319464367267872,0.0010990103673652785,0.004986997693777084,-0.00016285262245217813,0.004986997693777084,0.00016285262245217813,0.003451649099588394,0.002397871110588312,0.003451649099588394,0,0.004986997693777084,0.0,0.0,0.004986997693777084,0,1.75880769844039e-09,1.3877787807814457e-17,0,0,10,11,13,13,0,1,1,1,0.0,0.0,0.0,1,0.06376806180924177,-0.06127456296235323,0.002493498846888542,0.002493498846888542,inf,inf,0,0,-0.00016285438125989045,0.0,1.6615384505345263,0.004143044210468816,0.0,inf,0,0,0,3,5,0,0,0.08899999782443047
5005,10,0,2,10,9dfdbdaf893ae5732896bfae9047e3fe70c32fb392602467636162600d633d80,fcccee6e8ba980c82937dee9d477f153da63e126e141f70859017ee9e1d4366d,0.01965552382171154,0.08899999782443047,0.00019542306836228818,0.00019542306836228818,0.004292308109540205,0.01965552382171154,0.08899999782443047,1,5,0.9076921939849854,0.20944694064039504,13,1.6615383533331063,0.021284088564303003,0.011328298265125448,0.06934447400271893,-0.004096885041177917,0.06934447400271893,0.004096885041177917,0.003229000372812152,0.0059425183571875095,0.003229000372812152,0,0.01965552312321961,0.08899999782443047,6.984919309616089e-10,0.08218227326869965,0,4.4949982104525166e-11,1.0408340855860843e-17,10,2,10,11,1,1,1,1,0,0,0.008999999612569809,0.07099999859929085,0.008999999612569809,0,0.06697714794427156,-0.02588601130992174,0.04109113663434982,0.04109113663434982,4.565682044803655,7.441905647498944,0,0,0.00019542302341230607,0.0042923081095401945,1.661538450534526,0.0682745034941401,0.0042923081095401945,15.90624478759841,1,0,0,1,1,1,1,0.05900000035762787
5005,10,0,3,10,9dfdbdaf893ae5732896bfae9047e3fe70c32fb392602467636162600d633d80,fcccee6e8ba980c82937dee9d477f153da63e126e141f70859017ee9e1d4366d,0.007136465981602669,0.0,-0.0029025108087807894,-0.0029025108087807894,0.0,0.007136465981602669,0.0,0,1,0.9076923131942749,0.2094469155167731,13,1.661538461366525,0.0016638095907846617,0.0012307832425338984,0.007136465981602669,-0.0029025108087807894,0.007136465981602669,0.0029025108087807894,0.002318679355084896,0.003403047565370798,0.002318679355084896,0,0.007136465981602669,0.0,0.0,0.007136465981602669,0,3.135258649922257e-10,6.938893903907228e-18,0,0,10,11,13,13,0,1,1,1,0.0,0.0,0.0,1,0.06679490953683853,-0.0632266765460372,0.0035682329908013344,0.0035682329908013344,inf,inf,0,0,-0.0029025104952549244,-6.938893903907228e-18,1.6615384522538923,0.005928756320817326,6.938893903907228e-18,inf,0,0,0,4,4,0,0,0.08899999782443047
5005,10,0,4,10,9dfdbdaf893ae5732896bfae9047e3fe70c32fb392602467636162600d633d80,fcccee6e8ba980c82937dee9d477f153da63e126e141f70859017ee9e1d4366d,0.011537117883563042,0.0,0.0016303486190736294,0.0016303486190736294,0.0,0.011537117883563042,0.0,0,1,0.9076921939849854,0.20944694064039504,13,1.661538353333106,0.0025089273526728607,0.0017723032719725688,0.011537117883563042,0.0016303486190736294,0.011537117883563042,0.0016303486190736294,0.003079409012570977,0.002127084182575345,0.003079409012570977,0,0.011537117417901754,0.0,4.656612873077393e-10,0.011537117417901754,0,1.0740895282565499e-10,0.0,0,0,10,11,13,13,0,1,1,1,0.0,0.0,0.0,1,0.06612435728311539,-0.06035579857416451,0.005768558708950877,0.005768558708950877,inf,inf,0,0,0.0016303487264825822,0.0,1.6615384505345263,0.009584682099087688,0.0,inf,0,0,0,5,3,0,0,0.08899999782443047
5005,10,0,5,10,9dfdbdaf893ae5732896bfae9047e3fe70c32fb392602467636162600d633d80,fcccee6e8ba980c82937dee9d477f153da63e126e141f70859017ee9e1d4366d,0.016818704083561897,0.029999997466802597,0.0005196139100007713,0.0005196139100007713,2.579047045370153e-10,0.016818704083561897,0.029999997466802597,1,3,0.9076921939849854,0.20944694064039504,13,1.661538353333106,0.002880210756462299,0.0018525211548311472,0.0131812933832407,0.0005196136520960667,0.0131812933832407,0.0005196136520960667,0.0041884263046085835,0.004583028145134449,0.0041884263046085835,0,0.016818704083561897,0.029999997466802597,0.0,0.0131812933832407,0,8.643006258607366e-10,6.938893903907228e-18,10,11,10,11,1,1,1,1,1,1,0.01499999687075615,0.015000000596046448,0.01499999687075615,0,0.06814281642436981,-0.06155216973274946,0.00659064669162035,0.00659064669162035,0.4393765377691119,4.5428553760048045,1,0,0.0005196147743013971,2.579047114759092e-10,1.6615384505345263,0.010950612892015378,2.579047114759092e-10,42459917.96484987,1,0,0,2,2,0,0,0.05900000035762787
5005,10,1,0,10,9dfdbdaf893ae5732896bfae9047e3fe70c32fb392602467636162600d633d80,fcccee6e8ba980c82937dee9d477f153da63e126e141f70859017ee9e1d4366d,0.005544159561395645,0.0,0.000789698853623122,0.000789698853623122,0.0,0.005544159561395645,0.0,0,1,0.9076921939849854,0.20944694064039504,13,1.661538353333106,0.0014627523294975645,0.0011160967089015354,0.005544159561395645,0.000789698853623122,0.005544159561395645,0.000789698853623122,0.004436120856553316,0.0030473826918751,0.004436120856553316,0,0.005544159561395645,0.0,0.0,0.005544159561395645,0,5.595459980772821e-10,8.673617379884035e-19,0,0,10,11,13,13,0,1,1,1,0.0,0.0,0.0,1,0.0029066652059555054,-0.0001345854252576828,0.0027720797806978226,0.0027720797806978226,inf,inf,0,0,0.0007896982940771239,-8.673617379884035e-19,1.6615384505345263,0.00460591714357875,8.673617379884035e-19,inf,0,0,0,3,4,0,0,0.03599999938160181
5005,10,1,2,10,9dfdbdaf893ae5732896bfae9047e3fe70c32fb392602467636162600d633d80,fcccee6e8ba980c82937dee9d477f153da63e126e141f70859017ee9e1d4366d,0.005033598281443119,0.0,9.471954399487004e-05,9.471954399487004e-05,0.0,0.005033598281443119,0.0,0,1,0.9076921939849854,0.20944694064039504,13,1.6615383533331063,0.0013178532423130862,0.0010383040947321604,0.005033598281443119,9.471954399487004e-05,0.005033598281443119,9.471954399487004e-05,0.0016847413498908281,0.000926727254409343,0.0016847413498908281,0,0.005033598281443119,0.0,0.0,0.005033598281443119,0,6.215463291617263e-10,0.0,0,0,10,12,13,13,0,1,1,1,0.0,0.0,0.0,1,0.0025663115084171295,-4.951236769556999e-05,0.0025167991407215595,0.0025167991407215595,inf,inf,0,0,9.471892244854088e-05,0.0,1.661538450534526,0.0041817585445811266,0.0,inf,0,0,0,4,5,0,0,0.03599999938160181
5005,10,1,3,10,9dfdbdaf893ae5732896bfae9047e3fe70c32fb392602467636162600d633d80,fcccee6e8ba980c82937dee9d477f153da63e126e141f70859017ee9e1d4366d,0.019160766154527664,0.017999999225139618,-0.008420080877840519,-0.008420080877840519,-0.008099999428741064,0.019160766154527664,0.017999999225139618,1,3,0.9076923131942749,0.2094469155167731,13,1.661538461366525,0.0005629336662998995,0.00046999711466170634,0.0011607669293880463,-0.0003200814490994554,0.0011607669293880463,0.0003200814490994554,0.002148050582036376,0.0032179628033190966,0.002148050582036376,0,0.01916076662018895,0.017999999225139618,4.656612873077393e-10,0.0020115976221859455,0,4.4107195673603883e-10,0.0,10,11,10,11,1,1,1,1,1,1,0.008999999845400453,0.008999999379739165,0.008999999379739165,0,0.003478624625131488,-0.002472825814038515,0.0010057988110929728,0.0010057988110929728,0.11175543115672108,0.3865138738745451,1,0,-0.008420080436768562,-0.008099999428741064,1.6615384522538923,0.001671173399862223,0.008099999428741064,0.2063177182374152,1,1,0,2,2,0,0,0.018000000156462193
5005,10,1,4,10,9dfdbdaf893ae5732896bfae9047e3fe70c32fb392602467636162600d633d80,fcccee6e8ba980c82937dee9d477f153da63e126e141f70859017ee9e1d4366d,0.02266625314950943,0.03599999938160181,0.0010427054949104786,0.0010427054949104786,6.447617613425383e-11,0.02266625314950943,0.03599999938160181,1,3,0.9076921939849854,0.20944694064039504,13,1.661538353333106,0.0027669769108660523,0.0017244673648176814,0.01333374623209238,0.0010427054304343025,0.01333374623209238,0.0010427054304343025,0.001531078014522791,0.004922405816614628,0.001531078014522791,0,0.02266625314950943,0.03599999938160181,0.0,0.01333374623209238,0,1.2539619126047952e-09,1.3010426069826053e-18,10,11,10,11,1,1,1,1,1,1,0.017999999225139618,0.018000000156462193,0.017999999225139618,0,0.008028077892959118,-0.0013612047769129276,0.00666687311604619,0.00666687311604619,0.3703818557244676,0.44600434658612315,1,0,0.0010427067488723912,6.447617743529643e-11,1.6615384505345263,0.011077266027145677,6.447617743529643e-11,171804013.01336464,1,0,0,1,1,1,1,0.018000000156462193
5005,10,1,5,10,9dfdbdaf893ae5732896bfae9047e3fe70c32fb392602467636162600d633d80,fcccee6e8ba980c82937dee9d477f153da63e126e141f70859017ee9e1d4366d,0.008756641298532486,0.0,6.868302443763241e-05,6.868302443763241e-05,0.0,0.008756641298532486,0.0,0,1,0.9076921939849854,0.20944694064039504,13,1.661538353333106,0.0020181672741312654,0.0014165974051289305,0.008756641298532486,6.868302443763241e-05,0.008756641298532486,6.868302443763241e-05,0.0017969970358535647,0.0042374152690172195,0.0017969970358535647,0,0.008756641764193773,0.0,4.656612873077393e-10,0.008756641764193773,0,7.720279476472469e-10,1.734723475976807e-18,0,0,10,11,13,13,0,1,1,1,0.0,0.0,0.0,1,0.004430004395544529,-5.1683513447642326e-05,0.004378320882096887,0.004378320882096887,inf,inf,0,0,6.868379646558006e-05,-1.734723475976807e-18,1.6615384505345263,0.007274748494382221,1.734723475976807e-18,inf,0,0,0,5,3,0,0,0.03599999938160181
5005,10,2,0,10,9dfdbdaf893ae5732896bfae9047e3fe70c32fb392602467636162600d633d80,fcccee6e8ba980c82937dee9d477f153da63e126e141f70859017ee9e1d4366d,0.016535701230168343,0.038999998942017555,0.0010823995107784867,0.0010823995107784867,0.002076923016745308,0.016535701230168343,0.038999998942017555,1,4,0.9076921939849854,0.20944694064039504,13,1.661538353333106,0.00793520908799098,0.00418276095090533,0.022464297711849213,-0.0009945235059668212,0.022464297711849213,0.0009945235059668212,0.0021530480589717627,0.004556367173790932,0.0021530480589717627,0,0.016535701230168343,0.038999998942017555,0.0,0.031325019896030426,0,1.4166804777893116e-09,1.734723475976807e-18,10,1,10,11,1,1,1,1,0,0,0.008999999612569809,0.020999999716877937,0.008999999612569809,0,0.028845487162470818,0.013182977214455605,0.015662509948015213,0.015662509948015213,1.7402789580279803,3.205054267133956,0,0,0.0010824009274589645,0.002076923016745306,1.6615384505345263,0.026023862510506802,0.002076923016745306,12.530008238479702,1,0,0,1,2,1,0,0.008999998681247234
5005,10,2,1,10,9dfdbdaf893ae5732896bfae9047e3fe70c32fb392602467636162600d633d80,fcccee6e8ba980c82937dee9d477f153da63e126e141f70859017ee9e1d4366d,0.004515679553151131,0.0,-0.0007301869918592274,-0.0007301869918592274,0.0,0.004515679553151131,0.0,0,1,0.9076921939849854,0.20944694064039504,13,1.661538353333106,0.0013951269696561594,0.0012389816916905916,0.004515679553151131,-0.0007301869918592274,0.004515679553151131,0.0007301869918592274,0.002340249251574278,0.004040106665343046,0.002340249251574278,0,0.004515679553151131,0.0,0.0,0.004515679553151131,0,2.531048308440642e-09,1.734723475976807e-18,0,0,8,11,13,13,0,1,1,1,0.0,0.0,0.0,1,0.002772899344563484,0.0005150595679879189,0.0022578397765755653,0.0022578397765755653,inf,inf,0,0,-0.000730184460810919,-1.734723475976807e-18,1.6615384505345263,0.003751487603926586,1.734723475976807e-18,inf,0,0,0,3,4,0,0,0.038999998942017555
5005,10,2,3,10,9dfdbdaf893ae5732896bfae9047e3fe70c32fb392602467636162600d633d80,fcccee6e8ba980c82937dee9d477f153da63e126e141f70859017ee9e1d4366d,0.004096226766705513,0.0,-0.0015608923276886344,-0.0015608923276886344,-3.469446951953614e-18,0.004096226766705513,0.0,0,1,0.9076923131942749,0.2094469155167731,13,1.661538461366525,0.0013002896399358598,0.0011367140525191492,0.004096226766705513,-0.001560892327688631,0.004096226766705513,0.001560892327688631,0.0027825376018881798,0.0034947788808494806,0.0027825376018881798,0,0.004096226766705513,0.0,0.0,0.004096226766705513,0,2.2062852256948817e-09,3.469446951953614e-18,0,0,10,11,13,13,0,1,1,1,0.0,0.0,0.0,1,0.0028803180903196335,-0.000832204706966877,0.0020481133833527565,0.0020481133833527565,inf,inf,0,0,-0.0015608901214034087,-6.938893903907228e-18,1.6615384522538923,0.003403019141016422,6.938893903907228e-18,inf,0,0,0,4,5,0,0,0.038999998942017555
5005,10,2,4,10,9dfdbdaf893ae5732896bfae9047e3fe70c32fb392602467636162600d633d80,fcccee6e8ba980c82937dee9d477f153da63e126e141f70859017ee9e1d4366d,0.010230370797216892,0.0,0.00024515483528375626,0.00024515483528375626,0.0,0.010230370797216892,0.0,0,1,0.9076921939849854,0.20944694064039504,13,1.661538353333106,0.0022879784950301913,0.0016751974358184803,0.010230370797216892,0.00024515483528375626,0.010230370797216892,0.00024515483528375626,0.0023571932688355446,0.005061987787485123,0.0023571932688355446,0,0.010230370797216892,0.0,0.0,0.010230370797216892,0,1.710577124391932e-09,1.734723475976807e-18,0,0,10,11,13,13,0,1,1,1,0.0,0.0,0.0,1,0.005173226818442345,5.8041419833898544e-05,0.005115185398608446,0.005115185398608446,inf,inf,0,0,0.00024515654586088065,-1.734723475976807e-18,1.6615384505345263,0.008499077221400711,1.734723475976807e-18,inf,0,0,0,5,3,0,0,0.038999998942017555
5005,10,2,5,10,9dfdbdaf893ae5732896bfae9047e3fe70c32fb392602467636162600d633d80,fcccee6e8ba980c82937dee9d477f153da63e126e141f70859017ee9e1d4366d,0.018114756792783737,0.03000000026077032,-0.0005843772669322789,-0.0005843772669322789,-6.44761778689773e-11,0.018114756792783737,0.03000000026077032,1,3,0.9076921939849854,0.20944694064039504,13,1.661538353333106,0.0025142967045876157,0.0016402875971511975,0.011885243467986584,-0.000584377202456101,0.011885243467986584,0.000584377202456101,0.0014174918178468943,0.004502152558416128,0.0014174918178468943,0,0.018114757724106312,0.03000000026077032,9.313225746154785e-10,0.011885242536664009,0,1.21669968631416e-09,1.734723475976807e-18,10,11,10,11,1,1,1,1,1,1,0.015000000596046448,0.014999999664723873,0.014999999664723873,0,0.008291343227028847,-0.002348721958696842,0.0059426212683320045,0.0059426212683320045,0.3961747600773296,0.5527562274903209,1,0,-0.0005843784836319652,-6.447617960370078e-11,1.6615384505345263,0.009873893734297881,6.447617960370078e-11,153140179.7530067,1,0,0,2,1,0,1,0.008999998681247234
5005,11,0,1,11,3dc9c20deaf3e96105e61454d785e5d374ec1b2f696d14a000009c2c3a8d613f,fcccee6e8ba980c82937dee9d477f153da63e126e141f70859017ee9e1d4366d,0.037620700895786285,0.0,0.003589743748307228,0.003589743748307228,-2.7755575615628914e-17,0.037620700895786285,0.0,0,1,0.9076921939849854,0.20944694064039504,13,1.661538353333106,0.011702824353506693,0.00995991824293983,0.037620700895786285,0.003589743748307256,0.037620700895786285,0.003589743748307256,0.006778419017791748,0.007531500421464443,0.006778419017791748,0,0.037620700895786285,0.0,0.0,0.037620700895786285,0,1.9032518630557327e-08,2.7755575615628914e-17,0,0,6,8,13,13,0,1,1,1,0.0,0.0,0.0,1,0.026783518493175507,-0.007973168045282364,0.018810350447893143,0.018810350447893143,inf,inf,0,0,0.0035897627808258586,0.0,1.6615384505345263,0.031254120537203806,0.0,inf,0,0,0,3,3,0,0,0.08900000154972076
5005,11,0,2,11,3dc9c20deaf3e96105e61454d785e5d374ec1b2f696d14a000009c2c3a8d613f,fcccee6e8ba980c82937dee9d477f153da63e126e141f70859017ee9e1d4366d,0.0459444597363472,0.08900000154972076,0.004560465458780527,0.004560465458780527,0.006784611551578251,0.0459444597363472,0.08900000154972076,1,5,0.9076921939849854,0.20944694064039504,13,1.6615383533331063,0.0229066278532522,0.01647887559684776,0.043055541813373566,-0.002224146092797724,0.043055541813373566,0.002224146092797724,0.011765607632696629,0.017170671373605728,0.011765607632696629,0,0.0459444597363472,0.08900000154972076,0.0,0.08795548230409622,0,1.0422102056373284e-08,6.938893903907228e-18,10,2,6,7,1,1,1,0,0,0,0.007500007748603821,0.07099999487400055,0.007500007748603821,0,0.0496368408203125,0.005659099668264389,0.04397774115204811,0.04397774115204811,5.863692762215463,6.618238605093808,0,0,0.0045604758808825835,0.006784611551578258,1.661538450534526,0.07307070789178248,0.006784611551578258,10.770065070974407,1,0,0,1,2,1,0,0.05900000035762787
5005,11,0,3,11,3dc9c20deaf3e96105e61454d785e5d374ec1b2f696d14a000009c2c3a8d613f,fcccee6e8ba980c82937dee9d477f153da63e126e141f70859017ee9e1d4366d,0.03656575828790665,0.0,0.0018934359541162848,0.0018934359541162848,0.0,0.03656575828790665,0.0,0,1,0.9076923131942749,0.2094469155167731,13,1.661538461366525,0.011461521857189077,0.009914269902297025,0.03656575828790665,0.0018934359541162848,0.03656575828790665,0.0018934359541162848,0.008839086629450321,0.010904742404818535,0.008839086629450321,0,0.03656575828790665,0.0,0.0,0.03656575828790665,0,1.4025224870373165e-09,2.0816681711721685e-17,0,0,6,8,13,13,0,1,1,1,0.0,0.0,0.0,1,0.03194680064916611,-0.013663921505212784,0.018282879143953323,0.018282879143953323,inf,inf,0,0,0.0018934373566387719,-2.0816681711721685e-17,1.6615384522538923,0.030377706715589172,2.0816681711721685e-17,inf,0,0,0,4,4,0,0,0.08900000154972076
5005,11,0,4,11,3dc9c20deaf3e96105e61454d785e5d374ec1b2f696d14a000009c2c3a8d613f,fcccee6e8ba980c82937dee9d477f153da63e126e141f70859017ee9e1d4366d,0.03633921593427658,0.0,0.019955238327383995,0.019955238327383995,0.0,0.03633921593427658,0.0,0,1,0.9076921939849854,0.20944694064039504,13,1.661538353333106,0.011288346633616626,0.009833392395070318,0.03633921593427658,0.019955238327383995,0.03633921593427658,0.019955238327383995,0.012503677047789097,0.01618153788149357,0.012503677047789097,0,0.03633921593427658,0.0,0.0,0.03633921593427658,0,3.5644758533681653e-09,0.0,0,0,6,8,13,13,0,1,1,1,0.0,0.0,0.0,1,0.031046994030475616,-0.012877386063337326,0.01816960796713829,0.01816960796713829,inf,inf,0,0,0.01995524189185985,0.0,1.6615384505345263,0.03018950226853874,0.0,inf,0,0,0,5,5,0,0,0.08900000154972076
5005,11,0,5,11,3dc9c20deaf3e96105e61454d785e5d374ec1b2f696d14a000009c2c3a8d613f,fcccee6e8ba980c82937dee9d477f153da63e126e141f70859017ee9e1d4366d,0.04652433842420578,0.030000001192092896,0.006308368872851133,0.006308368872851133,0.0,0.04652433842420578,0.030000001192092896,1,3,0.9076921939849854,0.20944694064039504,13,1.661538353333106,0.015372881966872318,0.013446614587095361,0.016524337232112885,0.006308368872851133,0.016524337232112885,0.006308368872851133,0.008962350897490978,0.012193542905151844,0.008962350897490978,0,0.04652433842420578,0.030000001192092896,0.0,0.05557873845100403,0,6.224327719905887e-09,0.0,10,11,6,7,1,1,1,0,0,0,0.015000000596046448,0.015000000596046448,0.015000000596046448,0,0.03833557665348053,-0.010546207427978516,0.027789369225502014,0.027789369225502014,1.8526245414167826,2.5557050086774424,0,0,0.0063083626485234134,0.0,1.6615384505345263,0.04617310548427247,0.0,inf,0,0,0,2,1,0,1,0.05900000035762787
5005,11,1,0,11,3dc9c20deaf3e96105e61454d785e5d374ec1b2f696d14a000009c2c3a8d613f,fcccee6e8ba980c82937dee9d477f153da63e126e141f70859017ee9e1d4366d,0.004211146384477615,0.0,0.0007990666781552136,0.0007990666781552136,0.0,0.004211146384477615,0.0,0,1,0.9076921939849854,0.20944694064039504,13,1.661538353333106,0.0012851043268943478,0.0011228805947938612,0.004211146384477615,0.0007990666781552136,0.004211146384477615,0.0007990666781552136,0.00515395263209939,0.0058251176960766315,0.00515395263209939,0,0.004211146384477615,0.0,0.0,0.004211146384477615,0,3.914155839723765e-10,8.673617379884035e-19,0,0,5,1,13,13,0,1,1,1,0.0,0.0,0.0,1,0.013163209892809391,-0.011057636700570583,0.0021055731922388077,0.0021055731922388077,inf,inf,0,0,0.0007990670695707976,-8.673617379884035e-19,1.6615384505345263,0.003498490819319505,8.673617379884035e-19,inf,0,0,0,3,5,0,0,0.03599999938160181
5005,11,1,2,11,3dc9c20deaf3e96105e61454d785e5d374ec1b2f696d14a000009c2c3a8d613f,fcccee6e8ba980c82937dee9d477f153da63e126e141f70859017ee9e1d4366d,0.0052825212478637695,0.0,0.0008248005178757012,0.0008248005178757012,0.0,0.0052825212478637695,0.0,0,1,0.9076921939849854,0.20944694064039504,13,1.6615383533331063,0.0015888922799695922,0.0013854056596755981,0.0052825212478637695,0.0008248005178757012,0.0052825212478637695,0.0008248005178757012,0.004785608965903521,0.006759593263268471,0.004785608965903521,0,0.0052825212478637695,0.0,0.0,0.0052825212478637695,0,2.8110716775164857e-09,0.0,0,0,5,10,13,13,0,1,1,1,0.0,0.0,0.0,1,0.013821686618030071,-0.011180425994098186,0.0026412606239318848,0.0026412606239318848,inf,inf,0,0,0.0008247977068040237,0.0,1.661538450534526,0.00438855608454564,0.0,inf,0,0,0,4,3,0,0,0.03599999938160181
5005,11,1,3,11,3dc9c20deaf3e96105e61454d785e5d374ec1b2f696d14a000009c2c3a8d613f,fcccee6e8ba980c82937dee9d477f153da63e126e141f70859017ee9e1d4366d,0.014560519717633724,0.017999999225139618,-0.00660335598513484,-0.00660335598513484,-0.008099999428741064,0.014560519717633724,0.017999999225139618,1,3,0.9076923131942749,0.2094469155167731,13,1.661538461366525,0.0009769195571101839,0.0008578132162939691,0.0034394795075058937,0.0014966434436062236,0.0034394795075058937,0.0014966434436062236,0.0022463707718998194,0.004740336909890175,0.0022463707718998194,0,0.014560519368387759,0.017999999225139618,3.4924596548080444e-10,0.003439479856751859,0,6.338322210835967e-10,0.0,10,11,10,11,1,1,1,1,1,1,0.008999999845400453,0.008999999379739165,0.008999999379739165,0,0.007420515990816057,-0.005700776062440127,0.0017197399283759296,0.0017197399283759296,0.19108222743297237,0.8245018335802502,1,0,-0.006603356618967061,-0.008099999428741064,1.6615384522538923,0.0028574140188729617,0.008099999428741064,0.3527671877030087,1,1,0,2,2,0,0,0.018000000156462193
5005,11,1,4,11,3dc9c20deaf3e96105e61454d785e5d374ec1b2f696d14a000009c2c3a8d613f,fcccee6e8ba980c82937dee9d477f153da63e126e141f70859017ee9e1d4366d,0.01913503184914589,0.03599999938160181,-0.0009559853933751583,-0.0009559853933751583,6.447617613425383e-11,0.01913503184914589,0.03599999938160181,1,3,0.9076921939849854,0.20944694064039504,13,1.661538353333106,0.0034771985417829366,0.0020532280140550885,0.01686496753245592,-0.0009559854578513344,0.01686496753245592,0.0009559854578513344,0.0027125391643494368,0.004676347132772207,0.0027125391643494368,0,0.019135030917823315,0.03599999938160181,9.313225746154785e-10,0.016864968463778496,0,1.3476684924268456e-09,0.0,10,11,10,11,1,1,1,1,1,1,0.017999999225139618,0.018000000156462193,0.017999999225139618,0,0.015072794631123543,-0.006640310399234295,0.008432484231889248,0.008432484231889248,0.46847136638273057,0.8373775155541224,1,0,-0.0009559867410436507,6.447617613425383e-11,1.6615384505345263,0.014010896784810087,6.447617613425383e-11,217303469.6666295,0,0,0,1,1,1,1,0.018000000156462193
5005,11,1,5,11,3dc9c20deaf3e96105e61454d785e5d374ec1b2f696d14a000009c2c3a8d613f,fcccee6e8ba980c82937dee9d477f153da63e126e141f70859017ee9e1d4366d,0.004392016679048538,0.0,-0.0016184247797355056,-0.0016184247797355056,0.0,0.004392016679048538,0.0,0,1,0.9076921939849854,0.20944694064039504,13,1.661538353333106,0.0012698176925782184,0.0010688527757246819,0.004392016679048538,-0.0016184247797355056,0.004392016679048538,0.0016184247797355056,0.001936396467499435,0.004870572593063116,0.001936396467499435,0,0.004392016679048538,0.0,0.0,0.004392016679048538,0,2.704693725930074e-10,1.734723475976807e-18,0,0,5,1,13,13,0,1,1,1,0.0,0.0,0.0,1,0.013716240413486958,-0.011520232073962688,0.002196008339524269,0.002196008339524269,inf,inf,0,0,-0.0016184250502048782,-1.734723475976807e-18,1.6615384505345263,0.003648752293814052,1.734723475976807e-18,inf,0,0,0,5,4,0,0,0.03599999938160181
5005,11,2,0,11,3dc9c20deaf3e96105e61454d785e5d374ec1b2f696d14a000009c2c3a8d613f,fcccee6e8ba980c82937dee9d477f153da63e126e141f70859017ee9e1d4366d,0.021535338833928108,0.03899999801069498,-0.001071633887477219,-0.001071633887477219,0.00207692295226913,0.021535338833928108,0.03899999801069498,1,4,0.9076921939849854,0.20944694064039504,13,1.661538353333106,0.006675994055392181,0.004365013515543656,0.017464659176766872,-0.003148556839746349,0.017464659176766872,0.003148556839746349,0.005989621393382549,0.012997054494917393,0.005989621393382549,0,0.021535338833928108,0.03899999801069498,0.0,0.026048964820802212,0,1.6422846624286613e-09,1.734723475976807e-18,10,1,10,1,1,1,1,1,1,1,0.008999999612569809,0.020999998785555363,0.008999999612569809,0,0.036585274152457714,0.023560791742056608,0.013024482410401106,0.013024482410401106,1.447164774564048,4.0650306363748125,0,0,-0.0010716322451925567,0.0020769229522691317,1.6615384505345263,0.021640678323192046,0.0020769229522691317,10.41958648468333,0,0,0,1,2,1,0,0.00899999774992466
5005,11,2,1,11,3dc9c20deaf3e96105e61454d785e5d374ec1b2f696d14a000009c2c3a8d613f,fcccee6e8ba980c82937dee9d477f153da63e126e141f70859017ee9e1d4366d,0.012658465653657913,0.0,-0.0014159093843773007,-0.0014159093843773007,-3.469446951953614e-18,0.012658465653657913,0.0,0,1,0.9076921939849854,0.20944694064039504,13,1.661538353333106,0.0031943611474953447,0.0024484462110248542,0.012658465653657913,-0.0014159093843772973,0.012658465653657913,0.0014159093843772973,0.005566292442381382,0.01019258052110672,0.005566292442381382,0,0.012658465653657913,0.0,0.0,0.012658465653657913,0,4.524500649139007e-09,1.734723475976807e-18,0,0,10,1,13,13,0,1,1,1,0.0,0.0,0.0,1,0.023040030151605606,0.01671079732477665,0.006329232826828957,0.006329232826828957,inf,inf,0,0,-0.0014159048598766516,-1.734723475976807e-18,1.6615384505345263,0.010516263704161645,1.734723475976807e-18,inf,0,0,0,3,4,0,0,0.03899999801069498
5005,11,2,3,11,3dc9c20deaf3e96105e61454d785e5d374ec1b2f696d14a000009c2c3a8d613f,fcccee6e8ba980c82937dee9d477f153da63e126e141f70859017ee9e1d4366d,0.01100015640258789,0.0,0.0013243606081232429,0.0013243606081232429,0.0,0.01100015640258789,0.0,0,1,0.9076923131942749,0.2094469155167731,13,1.661538461366525,0.0028076598282315525,0.0022432617181856957,0.01100015640258789,0.0013243606081232429,0.01100015640258789,0.0013243606081232429,0.0029882180970162153,0.00860683061182499,0.0029882180970162153,0,0.01100015640258789,0.0,0.0,0.01100015640258789,0,2.781194243656193e-09,1.734723475976807e-18,0,0,10,1,13,13,0,1,1,1,0.0,0.0,0.0,1,0.021381046622991562,0.015880968421697617,0.005500078201293945,0.005500078201293945,inf,inf,0,0,0.0013243633893174865,-1.734723475976807e-18,1.6615384522538923,0.009138591421853314,1.734723475976807e-18,inf,0,0,0,4,5,0,0,0.03899999801069498
5005,11,2,4,11,3dc9c20deaf3e96105e61454d785e5d374ec1b2f696d14a000009c2c3a8d613f,fcccee6e8ba980c82937dee9d477f153da63e126e141f70859017ee9e1d4366d,0.012954376637935638,0.0,-0.0023242260795086622,-0.0023242260795086622,-3.469446951953614e-18,0.012954376637935638,0.0,0,1,0.9076921939849854,0.20944694064039504,13,1.661538353333106,0.0030770531929114695,0.0022028846853583525,0.012954376637935638,-0.0023242260795086588,0.012954376637935638,0.0023242260795086588,0.004977892152965069,0.010670429095625877,0.004977892152965069,0,0.012954376637935638,0.0,0.0,0.012954376637935638,0,1.694191661960609e-10,1.734723475976807e-18,0,0,10,1,13,13,0,1,1,1,0.0,0.0,0.0,1,0.025098081678152084,0.018620893359184265,0.006477188318967819,0.006477188318967819,inf,inf,0,0,-0.002324225910089496,-1.734723475976807e-18,1.6615384505345263,0.010762097443318124,1.734723475976807e-18,inf,0,0,0,5,3,0,0,0.03899999801069498
5005,11,2,5,11,3dc9c20deaf3e96105e61454d785e5d374ec1b2f696d14a000009c2c3a8d613f,fcccee6e8ba980c82937dee9d477f153da63e126e141f70859017ee9e1d4366d,0.02244671992957592,0.03000000026077032,-0.0019000346073880792,-0.0019000346073880792,-6.44761778689773e-11,0.02244671992957592,0.03000000026077032,1,3,0.9076921939849854,0.20944694064039504,13,1.661538353333106,0.003028550897207953,0.0021553269570924825,0.007553280331194401,-0.0019000345429119013,0.007553280331194401,0.0019000345429119013,0.00493145314976573,0.01656835339963436,0.00493145314976573,0,0.02244671992957592,0.03000000026077032,0.0,0.012983984313905239,0,4.6561488518948035e-10,0.0,10,11,10,11,1,1,1,1,1,1,0.015000000596046448,0.014999999664723873,0.014999999664723873,0,0.012260113842785358,0.005768121685832739,0.0064919921569526196,0.0064919921569526196,0.432799486803997,0.8173409411213509,1,0,-0.0019000350730029644,-6.44761778689773e-11,1.6615384505345263,0.010786694589345353,6.44761778689773e-11,167297363.86150408,1,0,0,2,1,0,1,0.00899999774992466
5005,12,0,1,12,7b993fe363aa3582d6a1fe1f6dac7ccb3a8078c0a739b401a5d10d006bd4ceb0,fcccee6e8ba980c82937dee9d477f153da63e126e141f70859017ee9e1d4366d,0.004751071333885193,0.0,-0.0004184487333986908,-0.0004184487333986908,6.938893903907228e-18,0.004751071333885193,0.0,0,1,0.9076921939849854,0.20944694064039504,13,1.661538353333106,0.0012261974327075274,0.0009407800837205007,0.004751071333885193,-0.00041844873339869776,0.004751071333885193,0.00041844873339869776,0.0033858802635222673,0.002069654408842325,0.0033858802635222673,0,0.004751071333885193,0.0,0.0,0.004751071333885193,0,6.605178409432866e-10,1.3877787807814457e-17,0,0,10,11,13,13,0,1,1,1,0.0,0.0,0.0,1,0.039748121984303,0.0373725863173604,0.0023755356669425964,0.0023755356669425964,inf,inf,0,0,-0.0004184480728808499,-6.938893903907228e-18,1.6615384505345263,0.003947043851241304,6.938893903907228e-18,inf,0,0,0,3,5,0,0,0.08899999409914017
5005,12,0,2,12,7b993fe363aa3582d6a1fe1f6dac7ccb3a8078c0a739b401a5d10d006bd4ceb0,fcccee6e8ba980c82937dee9d477f153da63e126e141f70859017ee9e1d4366d,0.020926564931869507,0.08899999409914017,-0.00041483077802695334,-0.00041483077802695334,0.0067846143885300775,0.020926564931869507,0.08899999409914017,1,5,0.9076921939849854,0.20944694064039504,13,1.6615383533331063,0.02148725175466537,0.011436097100707724,0.06807342916727066,-0.007199445166557031,0.06807342916727066,0.007199445166557031,0.0027333798352628946,0.0058823940344154835,0.0027333798352628946,0,0.020926564233377576,0.08899999409914017,6.984919309616089e-10,0.0824003079906106,0,1.2498340209998737e-10,6.938893903907228e-18,10,2,10,11,1,1,1,1,0,0,0.007500000298023224,0.07099999487400055,0.007500000298023224,0,0.11658626329153776,0.07538610929623246,0.0412001539953053,0.0412001539953053,5.493353647754445,15.544834487842143,0,0,-0.00041483065304355124,0.0067846143885300705,1.661538450534526,0.06845564003114343,0.0067846143885300705,10.08983504602312,0,0,0,1,1,1,1,0.05899999290704727
5005,12,0,3,12,7b993fe363aa3582d6a1fe1f6dac7ccb3a8078c0a739b401a5d10d006bd4ceb0,fcccee6e8ba980c82937dee9d477f153da63e126e141f70859017ee9e1d4366d,0.00658138282597065,0.0,-0.002818829147145152,-0.002818829147145152,0.0,0.00658138282597065,0.0,0,1,0.9076923131942749,0.2094469155167731,13,1.661538461366525,0.0015043536120536774,0.001093006125215948,0.00658138282597065,-0.002818829147145152,0.00658138282597065,0.002818829147145152,0.003129681572318077,0.002588123781606555,0.003129681572318077,0,0.00658138282597065,0.0,0.0,0.00658138282597065,0,9.097364528365404e-11,6.938893903907228e-18,0,0,10,11,13,13,0,1,1,1,0.0,0.0,0.0,1,0.03921402618288994,0.035923334769904613,0.003290691412985325,0.003290691412985325,inf,inf,0,0,-0.002818829056171507,6.938893903907228e-18,1.6615384522538923,0.00546761031717681,6.938893903907228e-18,inf,0,0,0,4,4,0,0,0.08899999409914017
5005,12,0,4,12,7b993fe363aa3582d6a1fe1f6dac7ccb3a8078c0a739b401a5d10d006bd4ceb0,fcccee6e8ba980c82937dee9d477f153da63e126e141f70859017ee9e1d4366d,0.011537624523043633,0.0,-0.0015119133749976754,-0.0015119133749976754,0.0,0.011537624523043633,0.0,0,1,0.9076921939849854,0.20944694064039504,13,1.661538353333106,0.002495913939713375,0.0016751677877980579,0.011537624523043633,-0.0015119133749976754,0.011537624523043633,0.0015119133749976754,0.0017475765198469162,0.002473443513736129,0.0017475765198469162,0,0.011537624523043633,0.0,0.0,0.011537624523043633,0,1.0914550305218818e-09,6.938893903907228e-18,0,0,10,11,13,13,0,1,1,1,0.0,0.0,0.0,1,0.043062375858426094,0.03729356359690428,0.005768812261521816,0.005768812261521816,inf,inf,0,0,-0.001511914466452706,-6.938893903907228e-18,1.6615384505345263,0.009585103386433536,6.938893903907228e-18,inf,0,0,0,5,3,0,0,0.08899999409914017
5005,12,0,5,12,7b993fe363aa3582d6a1fe1f6dac7ccb3a8078c0a739b401a5d10d006bd4ceb0,fcccee6e8ba980c82937dee9d477f153da63e126e141f70859017ee9e1d4366d,0.01881720870733261,0.030000001192092896,2.14412957575405e-05,2.14412957575405e-05,0.0,0.01881720870733261,0.030000001192092896,1,3,0.9076921939849854,0.20944694064039504,13,1.661538353333106,0.0026312121163943147,0.0017637711227733706,0.011182792484760284,2.14412957575405e-05,0.011182792484760284,2.14412957575405e-05,0.0038476784247905016,0.005699815694242716,0.0038476784247905016,0,0.018817209638655186,0.030000001192092896,9.313225746154785e-10,0.01118279155343771,0,2.2493694927516739e-10,3.469446951953614e-18,10,11,10,11,1,1,1,1,1,1,0.015000000596046448,0.015000000596046448,0.015000000596046448,0,0.04349220357835293,0.03790080780163407,0.005591395776718855,0.005591395776718855,0.37275970363578387,2.899480123341873,1,0,2.1441520694489777e-05,-3.469446951953614e-18,1.6615384505345263,0.00929031907517474,3.469446951953614e-18,inf,0,0,0,2,2,0,0,0.05899999290704727
5005,12,1,0,12,7b993fe363aa3582d6a1fe1f6dac7ccb3a8078c0a739b401a5d10d006bd4ceb0,fcccee6e8ba980c82937dee9d477f153da63e126e141f70859017ee9e1d4366d,0.004207429476082325,0.0,0.00025741616263985634,0.00025741616263985634,0.0,0.004207429476082325,0.0,0,1,0.9076921939849854,0.20944694064039504,13,1.661538353333106,0.0011849325791976207,0.000980332074962424,0.004207429476082325,0.00025741616263985634,0.004207429476082325,0.00025741616263985634,0.005079873371869326,0.001883873948827386,0.005079873371869326,0,0.004207429476082325,0.0,0.0,0.004207429476082325,0,1.7282335623355904e-09,8.673617379884035e-19,0,0,10,12,13,13,0,1,1,1,0.0,0.0,0.0,1,0.004209981299936771,-0.002106266561895609,0.0021037147380411625,0.0021037147380411625,inf,inf,0,0,0.000257414434406294,-8.673617379884035e-19,1.6615384505345263,0.00349540292621156,8.673617379884035e-19,inf,0,0,0,3,4,0,0,0.03599999938160181
5005,12,1,2,12,7b993fe363aa3582d6a1fe1f6dac7ccb3a8078c0a739b401a5d10d006bd4ceb0,fcccee6e8ba980c82937dee9d477f153da63e126e141f70859017ee9e1d4366d,0.0038006603717803955,0.0,0.00010644504800438881,0.00010644504800438881,0.0,0.0038006603717803955,0.0,0,1,0.9076921939849854,0.20944694064039504,13,1.6615383533331063,0.0010038367703010297,0.0008041672849443536,0.0038006603717803955,0.00010644504800438881,0.0038006603717803955,0.00010644504800438881,0.0018994415877386928,0.0019589175935834646,0.0018994415877386928,0,0.0038006603717803955,0.0,0.0,0.0038006603717803955,0,1.132620079322133e-09,0.0,0,0,10,12,13,13,0,1,1,1,0.0,0.0,0.0,1,0.004256824962794781,-0.002356494776904583,0.0019003301858901978,0.0019003301858901978,inf,inf,0,0,0.00010644391538430949,0.0,1.661538450534526,0.003157471672567987,0.0,inf,0,0,0,4,5,0,0,0.03599999938160181
5005,12,1,3,12,7b993fe363aa3582d6a1fe1f6dac7ccb3a8078c0a739b401a5d10d006bd4ceb0,fcccee6e8ba980c82937dee9d477f153da63e126e141f70859017ee9e1d4366d,0.016747448593378067,0.017999999225139618,-0.007454780396074057,-0.007454780396074057,-0.008099999428741064,0.016747448593378067,0.017999999225139618,1,3,0.9076923131942749,0.2094469155167731,13,1.661538461366525,0.000655164102349354,0.000570005384554877,0.001252550631761551,0.000645219032667007,0.001252550631761551,0.000645219032667007,0.0024827681481838226,0.004087752662599087,0.0024827681481838226,0,0.01674744882620871,0.017999999225139618,2.3283064365386963e-10,0.002159358002245426,0,1.0204090974963442e-09,0.0,10,11,10,11,1,1,1,1,1,1,0.008999999845400453,0.008999999379739165,0.008999999379739165,0,0.004476831527426839,-0.003397152526304126,0.001079679001122713,0.001079679001122713,0.1199643417257662,0.49742575955117285,1,0,-0.007454781416483154,-0.008099999428741064,1.6615384522538923,0.0017939281764564612,0.008099999428741064,0.22147262999687412,1,1,0,2,2,0,0,0.018000000156462193
5005,12,1,4,12,7b993fe363aa3582d6a1fe1f6dac7ccb3a8078c0a739b401a5d10d006bd4ceb0,fcccee6e8ba980c82937dee9d477f153da63e126e141f70859017ee9e1d4366d,0.02091998979449272,0.03599999938160181,-0.0007715136744081974,-0.0007715136744081974,6.447617613425383e-11,0.02091998979449272,0.03599999938160181,1,3,0.9076921939849854,0.20944694064039504,13,1.661538353333106,0.0031127399747949897,0.001960719792315593,0.015080009587109089,-0.0007715137388843735,0.015080009587109089,0.0007715137388843735,0.001069782767444849,0.004794732667505741,0.001069782767444849,0,0.02091999026015401,0.03599999938160181,4.656612873077393e-10,0.015080009121447802,0,1.0474744092936472e-09,0.0,10,11,10,11,1,1,1,1,1,1,0.017999999225139618,0.018000000156462193,0.017999999225139618,0,0.00995950261130929,-0.002419498050585389,0.007540004560723901,0.007540004560723901,0.4188891602946953,0.5533057244468875,1,0,-0.0007715126269337881,6.447617613425383e-11,1.6615384505345263,0.012528007494848451,6.447617613425383e-11,194304443.06688312,0,0,0,1,1,1,1,0.018000000156462193
5005,12,1,5,12,7b993fe363aa3582d6a1fe1f6dac7ccb3a8078c0a739b401a5d10d006bd4ceb0,fcccee6e8ba980c82937dee9d477f153da63e126e141f70859017ee9e1d4366d,0.007527069188654423,0.0,-2.7951007723459043e-05,-2.7951007723459043e-05,0.0,0.007527069188654423,0.0,0,1,0.9076921939849854,0.20944694064039504,13,1.661538353333106,0.0017823022302522916,0.0013417259806535653,0.007527069188654423,-2.7951007723459043e-05,0.007527069188654423,2.7951007723459043e-05,0.0016649034805595875,0.0028925833757966757,0.0016649034805595875,0,0.007527069188654423,0.0,0.0,0.007527069188654423,0,8.983116958627413e-10,1.734723475976807e-18,0,0,10,11,13,13,0,1,1,1,0.0,0.0,0.0,1,0.0056466953828930855,-0.001883160788565874,0.0037635345943272114,0.0037635345943272114,inf,inf,0,0,-2.7951906035154905e-05,-1.734723475976807e-18,1.6615384505345263,0.006253257438391522,1.734723475976807e-18,inf,0,0,0,5,3,0,0,0.03599999938160181
5005,12,2,0,12,7b993fe363aa3582d6a1fe1f6dac7ccb3a8078c0a739b401a5d10d006bd4ceb0,fcccee6e8ba980c82937dee9d477f153da63e126e141f70859017ee9e1d4366d,0.01654013618826866,0.03899999801069498,0.001316018751822412,0.001316018751822412,0.00207692295226913,0.01654013618826866,0.03899999801069498,1,4,0.9076921939849854,0.20944694064039504,13,1.661538353333106,0.007900055754477525,0.004173865674074583,0.02245986182242632,-0.000760904200446718,0.02245986182242632,0.000760904200446718,0.0022004691418260336,0.0054384940303862095,0.0022004691418260336,0,0.016540135256946087,0.03899999801069498,9.313225746154785e-10,0.03076919447630644,0,4.191190932506528e-09,1.734723475976807e-18,10,1,10,11,1,1,1,1,0,0,0.008999999612569809,0.020999998785555363,0.008999999612569809,0,0.02837213594466448,0.012987538706511259,0.01538459723815322,0.01538459723815322,1.709399766714033,3.152459685113615,0,0,0.0013160229430133445,0.0020769229522691317,1.6615384505345263,0.025562099857178854,0.0020769229522691317,12.307678447701255,1,0,0,1,2,1,0,0.00899999774992466
5005,12,2,1,12,7b993fe363aa3582d6a1fe1f6dac7ccb3a8078c0a739b401a5d10d006bd4ceb0,fcccee6e8ba980c82937dee9d477f153da63e126e141f70859017ee9e1d4366d,0.006076401099562645,0.0,-0.0008753047441132367,-0.0008753047441132367,-3.469446951953614e-18,0.006076401099562645,0.0,0,1,0.9076921939849854,0.20944694064039504,13,1.661538353333106,0.0016403238304276457,0.0014244900388125131,0.006076401099562645,-0.0008753047441132332,0.006076401099562645,0.0008753047441132332,0.0026765025686472654,0.0045441435649991035,0.0026765025686472654,0,0.006076401099562645,0.0,0.0,0.006076401099562645,0,3.4919880320671837e-09,1.734723475976807e-18,0,0,8,1,13,13,0,1,1,1,0.0,0.0,0.0,1,0.0036549028009176254,-0.000616702251136303,0.0030382005497813225,0.0030382005497813225,inf,inf,0,0,-0.0008753012521252046,-1.734723475976807e-18,1.6615384505345263,0.005048087033896804,1.734723475976807e-18,inf,0,0,0,3,4,0,0,0.03899999801069498
5005,12,2,3,12,7b993fe363aa3582d6a1fe1f6dac7ccb3a8078c0a739b401a5d10d006bd4ceb0,fcccee6e8ba980c82937dee9d477f153da63e126e141f70859017ee9e1d4366d,0.004335634410381317,0.0,-0.0010963486274704337,-0.0010963486274704337,0.0,0.004335634410381317,0.0,0,1,0.9076923131942749,0.2094469155167731,13,1.661538461366525,0.0013504438159068553,0.0011842140828716684,0.004335634410381317,-0.0010963486274704337,0.004335634410381317,0.0010963486274704337,0.0021575598511844873,0.004174986854195595,0.0021575598511844873,0,0.004335634410381317,0.0,0.0,0.004335634410381317,0,5.616222435028684e-10,1.734723475976807e-18,0,0,8,1,13,13,0,1,1,1,0.0,0.0,0.0,1,0.0044843945652246475,-0.002316577360033989,0.0021678172051906586,0.0021678172051906586,inf,inf,0,0,-0.0010963491890926772,-1.734723475976807e-18,1.6615384522538923,0.003601911643881845,1.734723475976807e-18,inf,0,0,0,4,5,0,0,0.03899999801069498
5005,12,2,4,12,7b993fe363aa3582d6a1fe1f6dac7ccb3a8078c0a739b401a5d10d006bd4ceb0,fcccee6e8ba980c82937dee9d477f153da63e126e141f70859017ee9e1d4366d,0.008921481668949127,0.0,-0.0015712002059444785,-0.0015712002059444785,-3.469446951953614e-18,0.008921481668949127,0.0,0,1,0.9076921939849854,0.20944694064039504,13,1.661538353333106,0.0021457461012279106,0.0017090329801189828,0.008921481668949127,-0.001571200205944475,0.008921481668949127,0.001571200205944475,0.0023028079885989428,0.003980287816375494,0.0023028079885989428,0,0.008921481668949127,0.0,0.0,0.008921481668949127,0,1.11903770624866e-09,1.734723475976807e-18,0,0,10,11,13,13,0,1,1,1,0.0,0.0,0.0,1,0.004980755969882011,-0.0005200151354074478,0.004460740834474564,0.004460740834474564,inf,inf,0,0,-0.0015711990869067723,-1.734723475976807e-18,1.6615384505345263,0.007411692414348956,1.734723475976807e-18,inf,0,0,0,5,3,0,0,0.03899999801069498
5005,12,2,5,12,7b993fe363aa3582d6a1fe1f6dac7ccb3a8078c0a739b401a5d10d006bd4ceb0,fcccee6e8ba980c82937dee9d477f153da63e126e141f70859017ee9e1d4366d,0.01742156222462654,0.03000000026077032,-0.0007300448487512767,-0.0007300448487512767,-6.44761778689773e-11,0.01742156222462654,0.03000000026077032,1,3,0.9076921939849854,0.20944694064039504,13,1.661538353333106,0.0026699836488836928,0.001737036813910191,0.01257843803614378,-0.0007300447842750989,0.01257843803614378,0.0007300447842750989,0.0017005485715344548,0.004494978114962578,0.0017005485715344548,0,0.01742156222462654,0.03000000026077032,0.0,0.01257843803614378,0,1.3751344108553498e-09,0.0,10,11,10,11,1,1,1,1,1,1,0.015000000596046448,0.014999999664723873,0.014999999664723873,0,0.009441914036870003,-0.003152695018798113,0.00628921901807189,0.00628921901807189,0.4192812772431262,0.6294609498608821,1,0,-0.0007300462238856876,-6.44761778689773e-11,1.6615384505345263,0.010449779222359443,6.44761778689773e-11,162071939.8658299,1,0,0,2,1,0,1,0.00899999774992466
5005,13,0,1,13,8a7c55e8284cf99ffa4252861bad34b17aa7e1a1fb3ee3e335502259f3258a9d,fcccee6e8ba980c82937dee9d477f153da63e126e141f70859017ee9e1d4366d,0.005105561576783657,0.0,-0.00012898007116746157,-0.00012898007116746157,-1.3877787807814457e-17,0.005105561576783657,0.0,0,1,0.9076921939849854,0.20944694064039504,13,1.661538353333106,0.0014523556714761648,0.0011211572292112034,0.005105561576783657,-0.0001289800711674477,0.005105561576783657,0.0001289800711674477,0.003475075587630272,0.0022556029725819826,0.003475075587630272,0,0.005105561576783657,0.0,0.0,0.005105561576783657,0,3.9607726907281426e-10,1.3877787807814457e-17,0,0,10,11,13,13,0,1,1,1,0.0,0.0,0.0,1,0.06333886459469795,-0.060786083806306124,0.0025527807883918285,0.0025527807883918285,inf,inf,0,0,-0.00012898046724473065,0.0,1.6615384505345263,0.004241543435698865,0.0,inf,0,0,0,3,5,0,0,0.08899999782443047
5005,13,0,2,13,8a7c55e8284cf99ffa4252861bad34b17aa7e1a1fb3ee3e335502259f3258a9d,fcccee6e8ba980c82937dee9d477f153da63e126e141f70859017ee9e1d4366d,0.01985669694840908,0.08899999782443047,0.00020016143389511853,0.00020016143389511853,0.004292308109540205,0.01985669694840908,0.08899999782443047,1,5,0.9076921939849854,0.20944694064039504,13,1.6615383533331063,0.021271943887993958,0.011322084604900267,0.06914330087602139,-0.004092146675645086,0.06914330087602139,0.004092146675645086,0.003151104785501957,0.005809086840599775,0.003151104785501957,0,0.01985669694840908,0.08899999782443047,0.0,0.08209073543548584,0,1.4428959910564587e-09,1.0408340855860843e-17,10,2,10,11,1,1,1,1,0,0,0.008999999612569809,0.07099999859929085,0.008999999612569809,0,0.06656274199485779,-0.025517374277114868,0.04104536771774292,0.04104536771774292,4.5605966094061925,7.3958605400263835,0,0,0.0002001628767911096,0.0042923081095401945,1.661538450534526,0.06819845667935844,0.0042923081095401945,15.888527789461056,1,0,0,1,1,1,1,0.05900000035762787
5005,13,0,3,13,8a7c55e8284cf99ffa4252861bad34b17aa7e1a1fb3ee3e335502259f3258a9d,fcccee6e8ba980c82937dee9d477f153da63e126e141f70859017ee9e1d4366d,0.007436011917889118,0.0,-0.0030603602062910795,-0.0030603602062910795,0.0,0.007436011917889118,0.0,0,1,0.9076923131942749,0.2094469155167731,13,1.661538461366525,0.0016949631095075882,0.0012242767144237045,0.007436011917889118,-0.0030603602062910795,0.007436011917889118,0.0030603602062910795,0.002356257289648056,0.0032479579094797373,0.002356257289648056,0,0.007436011917889118,0.0,0.0,0.007436011917889118,0,1.5841738684740925e-10,6.938893903907228e-18,0,0,10,11,13,13,0,1,1,1,0.0,0.0,0.0,1,0.0665336363017559,-0.06281563034281135,0.003718005958944559,0.003718005958944559,inf,inf,0,0,-0.0030603603647084664,-6.938893903907228e-18,1.6615384522538923,0.006177609866495491,6.938893903907228e-18,inf,0,0,0,4,4,0,0,0.08899999782443047
5005,13,0,4,13,8a7c55e8284cf99ffa4252861bad34b17aa7e1a1fb3ee3e335502259f3258a9d,fcccee6e8ba980c82937dee9d477f153da63e126e141f70859017ee9e1d4366d,0.011785585433244705,0.0,0.0016183247789740562,0.0016183247789740562,0.0,0.011785585433244705,0.0,0,1,0.9076921939849854,0.20944694064039504,13,1.661538353333106,0.0025470035772991897,0.0017758314911077713,0.011785585433244705,0.0016183247789740562,0.011785585433244705,0.0016183247789740562,0.003043198259547353,0.0021437874529510736,0.003043198259547353,0,0.011785585898905993,0.0,4.656612873077393e-10,0.011785585898905993,0,1.2465111508090654e-09,0.0,0,0,10,11,13,13,0,1,1,1,0.0,0.0,0.0,1,0.06606993451714516,-0.06017714156769216,0.005892792949452996,0.005892792949452996,inf,inf,0,0,0.0016183235324629054,0.0,1.6615384505345263,0.009791102066554912,0.0,inf,0,0,0,5,3,0,0,0.08899999782443047
5005,13,0,5,13,8a7c55e8284cf99ffa4252861bad34b17aa7e1a1fb3ee3e335502259f3258a9d,fcccee6e8ba980c82937dee9d477f153da63e126e141f70859017ee9e1d4366d,0.017053022980690002,0.029999997466802597,0.0004553061444312334,0.0004553061444312334,2.579047045370153e-10,0.017053022980690002,0.029999997466802597,1,3,0.9076921939849854,0.20944694064039504,13,1.661538353333106,0.0028289142434648235,0.00181996912734043,0.012946974486112595,0.00045530588652652887,0.012946974486112595,0.00045530588652652887,0.004178588278591633,0.004541697911918163,0.004178588278591633,0,0.017053022980690002,0.029999997466802597,0.0,0.012946974486112595,0,4.4473586185284075e-10,6.938893903907228e-18,10,11,10,11,1,1,1,1,1,1,0.01499999687075615,0.015000000596046448,0.01499999687075615,0,0.06766402162611485,-0.06119053438305855,0.006473487243056297,0.006473487243056297,0.431565906235417,4.510935716128847,1,0,0.00045530658916709526,2.579047114759092e-10,1.6615384505345263,0.010755947963382783,2.579047114759092e-10,41705123.96547472,1,0,0,2,2,0,0,0.05900000035762787
5005,13,1,0,13,8a7c55e8284cf99ffa4252861bad34b17aa7e1a1fb3ee3e335502259f3258a9d,fcccee6e8ba980c82937dee9d477f153da63e126e141f70859017ee9e1d4366d,0.005405256524682045,0.0,0.0008232925902120769,0.0008232925902120769,0.0,0.005405256524682045,0.0,0,1,0.9076921939849854,0.20944694064039504,13,1.661538353333106,0.0014291277457010936,0.0010959389757298856,0.005405256524682045,0.0008232925902120769,0.005405256524682045,0.0008232925902120769,0.004493329674005508,0.003000502474606037,0.004493329674005508,0,0.005405256524682045,0.0,0.0,0.005405256524682045,0,1.7561597783627425e-09,8.673617379884035e-19,0,0,10,12,13,13,0,1,1,1,0.0,0.0,0.0,1,0.002906927838921547,-0.00020429957658052444,0.0027026282623410225,0.0027026282623410225,inf,inf,0,0,0.0008232908340522985,-8.673617379884035e-19,1.6615384505345263,0.004490520775380921,8.673617379884035e-19,inf,0,0,0,3,4,0,0,0.03599999938160181
5005,13,1,2,13,8a7c55e8284cf99ffa4252861bad34b17aa7e1a1fb3ee3e335502259f3258a9d,fcccee6e8ba980c82937dee9d477f153da63e126e141f70859017ee9e1d4366d,0.004882424138486385,0.0,6.917972496012226e-05,6.917972496012226e-05,0.0,0.004882424138486385,0.0,0,1,0.9076921939849854,0.20944694064039504,13,1.6615383533331063,0.0012836956903500567,0.001024257050022571,0.004882424138486385,6.917972496012226e-05,0.004882424138486385,6.917972496012226e-05,0.0017600407591089606,0.0011193924583494663,0.0017600407591089606,0,0.004882424138486385,0.0,0.0,0.004882424138486385,0,1.5574011420771416e-09,0.0,0,0,10,12,13,13,0,1,1,1,0.0,0.0,0.0,1,0.0025450242683291435,-0.00010381219908595085,0.0024412120692431927,0.0024412120692431927,inf,inf,0,0,6.917816755898018e-05,0.0,1.661538450534526,0.004056167718956519,0.0,inf,0,0,0,4,5,0,0,0.03599999938160181
5005,13,1,3,13,8a7c55e8284cf99ffa4252861bad34b17aa7e1a1fb3ee3e335502259f3258a9d,fcccee6e8ba980c82937dee9d477f153da63e126e141f70859017ee9e1d4366d,0.019019147381186485,0.017999999225139618,-0.008288602344691753,-0.008288602344691753,-0.008099999428741064,0.019019147381186485,0.017999999225139618,1,3,0.9076923131942749,0.2094469155167731,13,1.661538461366525,0.0005589254198725195,0.00045669214116662914,0.0010191481560468674,-0.00018860291595068981,0.0010191481560468674,0.00018860291595068981,0.002104596234858036,0.0031646140851080418,0.002104596234858036,0,0.019019147846847773,0.017999999225139618,4.656612873077393e-10,0.0020700981840491295,0,4.945673159201247e-10,0.0,10,11,10,11,1,1,1,1,1,1,0.008999999845400453,0.008999999379739165,0.008999999379739165,0,0.003464487614110112,-0.0024294385220855474,0.0010350490920245647,0.0010350490920245647,0.11500546259532766,0.38494309476391525,1,0,-0.00828860283925907,-0.008099999428741064,1.6615384522538923,0.0017197738663692918,0.008099999428741064,0.21231777625403936,1,1,0,2,2,0,0,0.018000000156462193
5005,13,1,4,13,8a7c55e8284cf99ffa4252861bad34b17aa7e1a1fb3ee3e335502259f3258a9d,fcccee6e8ba980c82937dee9d477f153da63e126e141f70859017ee9e1d4366d,0.02237413451075554,0.03599999938160181,0.001037333975546062,0.001037333975546062,6.447617613425383e-11,0.02237413451075554,0.03599999938160181,1,3,0.9076921939849854,0.20944694064039504,13,1.661538353333106,0.0028215851340420285,0.0017514601156953173,0.013625864870846272,0.0010373339110698859,0.013625864870846272,0.0010373339110698859,0.0015398835530504584,0.005069363862276077,0.0015398835530504584,0,0.022374133812263608,0.03599999938160181,6.984919309616089e-10,0.013625865569338202,0,3.4416697616834746e-10,1.3010426069826053e-18,10,11,10,11,1,1,1,1,1,1,0.017999999225139618,0.018000000156462193,0.017999999225139618,0,0.008156196912750602,-0.0013432641280815005,0.006812932784669101,0.006812932784669101,0.37849628210838193,0.4531220702142746,1,0,0.0010373343197130382,6.447617743529643e-11,1.6615384505345263,0.011319949782634973,6.447617743529643e-11,175567942.0355657,1,0,0,1,1,1,1,0.018000000156462193
5005,13,1,5,13,8a7c55e8284cf99ffa4252861bad34b17aa7e1a1fb3ee3e335502259f3258a9d,fcccee6e8ba980c82937dee9d477f153da63e126e141f70859017ee9e1d4366d,0.008389245718717575,0.0,7.370750972768292e-05,7.370750972768292e-05,0.0,0.008389245718717575,0.0,0,1,0.9076921939849854,0.20944694064039504,13,1.661538353333106,0.0019519765678854414,0.0013894008792187337,0.008389245718717575,7.370750972768292e-05,0.008389245718717575,7.370750972768292e-05,0.0018612873973324895,0.004273131024092436,0.0018612873973324895,0,0.008389245718717575,0.0,0.0,0.008389245718717575,0,3.027513777870139e-10,1.734723475976807e-18,0,0,10,11,13,13,0,1,1,1,0.0,0.0,0.0,1,0.004281948320567608,-8.732546120882034e-05,0.0041946228593587875,0.0041946228593587875,inf,inf,0,0,7.37078124790607e-05,-1.734723475976807e-18,1.6615384505345263,0.006969527166315704,1.734723475976807e-18,inf,0,0,0,5,3,0,0,0.03599999938160181
5005,13,2,0,13,8a7c55e8284cf99ffa4252861bad34b17aa7e1a1fb3ee3e335502259f3258a9d,fcccee6e8ba980c82937dee9d477f153da63e126e141f70859017ee9e1d4366d,0.016657274216413498,0.038999998942017555,0.0009748139418661594,0.0009748139418661594,0.002076923016745308,0.016657274216413498,0.038999998942017555,1,4,0.9076921939849854,0.20944694064039504,13,1.661538353333106,0.007928589569232477,0.004181730511361323,0.022342724725604057,-0.0011021090748791484,0.022342724725604057,0.0011021090748791484,0.002204746473580599,0.00466573890298605,0.002204746473580599,0,0.016657273285090923,0.038999998942017555,9.313225746154785e-10,0.031333912163972855,0,2.099765871593773e-09,1.734723475976807e-18,10,1,10,11,1,1,1,1,0,0,0.008999999612569809,0.020999999716877937,0.008999999612569809,0,0.028834709897637367,0.01316775381565094,0.015666956081986427,0.015666956081986427,1.740772972934937,3.203856793212024,0,0,0.000974816041632031,0.002076923016745306,1.6615384505345263,0.0260312499330562,0.002076923016745306,12.533565145736176,1,0,0,1,2,1,0,0.008999998681247234
5005,13,2,1,13,8a7c55e8284cf99ffa4252861bad34b17aa7e1a1fb3ee3e335502259f3258a9d,fcccee6e8ba980c82937dee9d477f153da63e126e141f70859017ee9e1d4366d,0.004430525004863739,0.0,-0.0006900954176671803,-0.0006900954176671803,0.0,0.004430525004863739,0.0,0,1,0.9076921939849854,0.20944694064039504,13,1.661538353333106,0.0013757402891125005,0.0012157534706522023,0.004430525004863739,-0.0006900954176671803,0.004430525004863739,0.0006900954176671803,0.0023311132099479437,0.0040604118257761,0.0023311132099479437,0,0.004430525004863739,0.0,0.0,0.004430525004863739,0,1.366443959718855e-09,1.734723475976807e-18,0,0,8,11,13,13,0,1,1,1,0.0,0.0,0.0,1,0.0027304720133543015,0.000515209510922432,0.0022152625024318695,0.0022152625024318695,inf,inf,0,0,-0.00069009678411114,-1.734723475976807e-18,1.6615384505345263,0.0036807438258178856,1.734723475976807e-18,inf,0,0,0,3,4,0,0,0.038999998942017555
5005,13,2,3,13,8a7c55e8284cf99ffa4252861bad34b17aa7e1a1fb3ee3e335502259f3258a9d,fcccee6e8ba980c82937dee9d477f153da63e126e141f70859017ee9e1d4366d,0.004207447171211243,0.0,-0.0016078423941507936,-0.0016078423941507936,-3.469446951953614e-18,0.004207447171211243,0.0,0,1,0.9076923131942749,0.2094469155167731,13,1.661538461366525,0.0013032791241168581,0.0011336845097809853,0.004207447171211243,-0.00160784239415079,0.004207447171211243,0.00160784239415079,0.0028802885208278894,0.0034055502619594336,0.0028802885208278894,0,0.004207447171211243,0.0,0.0,0.004207447171211243,0,4.6210876791796807e-10,3.469446951953614e-18,0,0,10,11,13,13,0,1,1,1,0.0,0.0,0.0,1,0.0029628556221723557,-0.0008591320365667343,0.0021037235856056213,0.0021037235856056213,inf,inf,0,0,-0.0016078419320420256,-6.938893903907228e-18,1.6615384522538923,0.0034954176303971726,6.938893903907228e-18,inf,0,0,0,4,5,0,0,0.038999998942017555
5005,13,2,4,13,8a7c55e8284cf99ffa4252861bad34b17aa7e1a1fb3ee3e335502259f3258a9d,fcccee6e8ba980c82937dee9d477f153da63e126e141f70859017ee9e1d4366d,0.010340477339923382,0.0,0.00024490244686603546,0.00024490244686603546,0.0,0.010340477339923382,0.0,0,1,0.9076921939849854,0.20944694064039504,13,1.661538353333106,0.0022967599728778675,0.001667110712306034,0.010340477339923382,0.00024490244686603546,0.010340477339923382,0.00024490244686603546,0.0023344997316598892,0.005202990956604481,0.0023344997316598892,0,0.010340477339923382,0.0,0.0,0.010340477339923382,0,1.2234254529591704e-09,1.734723475976807e-18,0,0,10,11,13,13,0,1,1,1,0.0,0.0,0.0,1,0.005278725177049637,0.00010848650708794594,0.005170238669961691,0.005170238669961691,inf,inf,0,0,0.0002449036702914884,-1.734723475976807e-18,1.6615384505345263,0.008590550348581838,1.734723475976807e-18,inf,0,0,0,5,3,0,0,0.038999998942017555
5005,13,2,5,13,8a7c55e8284cf99ffa4252861bad34b17aa7e1a1fb3ee3e335502259f3258a9d,fcccee6e8ba980c82937dee9d477f153da63e126e141f70859017ee9e1d4366d,0.01806912198662758,0.03000000026077032,-0.0005104344454593956,-0.0005104344454593956,-6.44761778689773e-11,0.01806912198662758,0.03000000026077032,1,3,0.9076921939849854,0.20944694064039504,13,1.661538353333106,0.0025153058603847225,0.0016190979365237365,0.011930878274142742,-0.0005104343809832178,0.011930878274142742,0.0005104343809832178,0.0013863983331248164,0.004528671037405729,0.0013863983331248164,0,0.01806912198662758,0.03000000026077032,0.0,0.011930878274142742,0,1.6914026290670847e-09,1.734723475976807e-18,10,11,10,11,1,1,1,1,1,1,0.015000000596046448,0.014999999664723873,0.014999999664723873,0,0.008302245289087296,-0.0023368061520159245,0.005965439137071371,0.005965439137071371,0.39769595136062197,0.5534830316437962,1,0,-0.0005104327540567666,-6.447617960370078e-11,1.6615384505345263,0.009911806500567588,6.447617960370078e-11,153728191.73669952,1,0,0,2,1,0,1,0.008999998681247234
5005,14,0,1,14,e9afa17e8db5aba9598368fc3f770f6dcbc0c5491d897907fa4e94e9f9bc9e3a,fcccee6e8ba980c82937dee9d477f153da63e126e141f70859017ee9e1d4366d,0.0377497673034668,0.0,0.0035264771431684494,0.0035264771431684494,-2.7755575615628914e-17,0.0377497673034668,0.0,0,1,0.9076921939849854,0.20944694064039504,13,1.661538353333106,0.01177998293160409,0.010031576604532773,0.0377497673034668,0.003526477143168477,0.0377497673034668,0.003526477143168477,0.006859540473669767,0.00754063855856657,0.006859540473669767,0,0.0377497673034668,0.0,0.0,0.0377497673034668,0,7.685130323786815e-09,2.7755575615628914e-17,0,0,6,8,13,13,0,1,1,1,0.0,0.0,0.0,1,0.025766521692276,-0.0068916380405426025,0.0188748836517334,0.0188748836517334,inf,inf,0,0,0.003526484828298773,0.0,1.6615384505345263,0.031361344936720575,0.0,inf,0,0,0,3,3,0,0,0.08900000154972076
5005,14,0,2,14,e9afa17e8db5aba9598368fc3f770f6dcbc0c5491d897907fa4e94e9f9bc9e3a,fcccee6e8ba980c82937dee9d477f153da63e126e141f70859017ee9e1d4366d,0.04653531312942505,0.08900000154972076,0.0047714561223983765,0.0047714561223983765,0.006784611551578251,0.04653531312942505,0.08900000154972076,1,5,0.9076921939849854,0.20944694064039504,13,1.6615383533331063,0.022925612039120163,0.016529680268298944,0.042464688420295715,-0.0020131554291798748,0.042464688420295715,0.0020131554291798748,0.011793837882578373,0.01737772300839424,0.011793837882578373,0,0.04653531312942505,0.08900000154972076,0.0,0.08773613721132278,0,7.997990075780947e-09,6.938893903907228e-18,10,2,6,7,1,1,1,0,0,0,0.007500007748603821,0.07099999487400055,0.007500007748603821,0,0.050999365746974945,0.007131297141313553,0.04386806860566139,0.04386806860566139,5.849069771138269,6.799908407623824,0,0,0.004771448124408301,0.006784611551578258,1.661538450534526,0.07288848273899291,0.006784611551578258,10.743206473189664,1,0,0,1,2,1,0,0.05900000035762787
5005,14,0,3,14,e9afa17e8db5aba9598368fc3f770f6dcbc0c5491d897907fa4e94e9f9bc9e3a,fcccee6e8ba980c82937dee9d477f153da63e126e141f70859017ee9e1d4366d,0.03670450299978256,0.0,0.0018530444940552115,0.0018530444940552115,0.0,0.03670450299978256,0.0,0,1,0.9076923131942749,0.2094469155167731,13,1.661538461366525,0.011545866239939646,0.009986359339493971,0.03670450299978256,0.0018530444940552115,0.03670450299978256,0.0018530444940552115,0.008935680612921715,0.011114465072751045,0.008935680612921715,0,0.03670450299978256,0.0,0.0,0.03670450299978256,0,6.878858663239562e-09,2.0816681711721685e-17,0,0,6,8,13,13,0,1,1,1,0.0,0.0,0.0,1,0.031020186841487885,-0.012667935341596603,0.01835225149989128,0.01835225149989128,inf,inf,0,0,0.0018530376151965483,-2.0816681711721685e-17,1.6615384522538923,0.030492971552503533,2.0816681711721685e-17,inf,0,0,0,4,4,0,0,0.08900000154972076
5005,14,0,4,14,e9afa17e8db5aba9598368fc3f770f6dcbc0c5491d897907fa4e94e9f9bc9e3a,fcccee6e8ba980c82937dee9d477f153da63e126e141f70859017ee9e1d4366d,0.03641799837350845,0.0,0.020262954756617546,0.020262954756617546,0.0,0.03641799837350845,0.0,0,1,0.9076921939849854,0.20944694064039504,13,1.661538353333106,0.01135086092366628,0.009870896766171653,0.03641799837350845,0.020262954756617546,0.03641799837350845,0.020262954756617546,0.012699589133262634,0.016321640461683273,0.012699589133262634,0,0.03641799837350845,0.0,0.0,0.03641799837350845,0,8.301178786029872e-09,0.0,0,0,6,8,13,13,0,1,1,1,0.0,0.0,0.0,1,0.029997192323207855,-0.011788193136453629,0.018208999186754227,0.018208999186754227,inf,inf,0,0,0.02026294645543876,0.0,1.6615384505345263,0.030254952294544068,0.0,inf,0,0,0,5,5,0,0,0.08900000154972076
5005,14,0,5,14,e9afa17e8db5aba9598368fc3f770f6dcbc0c5491d897907fa4e94e9f9bc9e3a,fcccee6e8ba980c82937dee9d477f153da63e126e141f70859017ee9e1d4366d,0.04685042053461075,0.030000001192092896,0.006279772147536278,0.006279772147536278,0.0,0.04685042053461075,0.030000001192092896,1,3,0.9076921939849854,0.20944694064039504,13,1.661538353333106,0.015460637115128012,0.01354143155749733,0.016850419342517853,0.006279772147536278,0.016850419342517853,0.006279772147536278,0.009133875370025635,0.012363383546471596,0.009133875370025635,0,0.04685042053461075,0.030000001192092896,0.0,0.05584586411714554,0,1.2479342628712864e-09,0.0,10,11,6,7,1,1,1,0,0,0,0.015000000596046448,0.015000000596046448,0.015000000596046448,0,0.03711288422346115,-0.009189952164888382,0.02792293205857277,0.02792293205857277,1.8615287299343455,2.4741921832485128,0,0,0.006279773395470541,0.0,1.6615384505345263,0.04639502526698185,0.0,inf,0,0,0,2,1,0,1,0.05900000035762787
5005,14,1,0,14,e9afa17e8db5aba9598368fc3f770f6dcbc0c5491d897907fa4e94e9f9bc9e3a,fcccee6e8ba980c82937dee9d477f153da63e126e141f70859017ee9e1d4366d,0.0044823866337537766,0.0,0.0009012484806589782,0.0009012484806589782,0.0,0.0044823866337537766,0.0,0,1,0.9076921939849854,0.20944694064039504,13,1.661538353333106,0.0013500409655031657,0.0011741201993981762,0.0044823866337537766,0.0009012484806589782,0.0044823866337537766,0.0009012484806589782,0.005142711102962494,0.005967371631413698,0.005142711102962494,0,0.0044823866337537766,0.0,0.0,0.0044823866337537766,0,1.4987713483488596e-09,8.673617379884035e-19,0,0,5,1,13,13,0,1,1,1,0.0,0.0,0.0,1,0.01334118377417326,-0.011099990457296371,0.0022411933168768883,0.0022411933168768883,inf,inf,0,0,0.0009012469818876299,-8.673617379884035e-19,1.6615384505345263,0.0037238288710719604,8.673617379884035e-19,inf,0,0,0,3,5,0,0,0.03599999938160181
5005,14,1,2,14,e9afa17e8db5aba9598368fc3f770f6dcbc0c5491d897907fa4e94e9f9bc9e3a,fcccee6e8ba980c82937dee9d477f153da63e126e141f70859017ee9e1d4366d,0.005488762632012367,0.0,0.0008488593739457428,0.0008488593739457428,0.0,0.005488762632012367,0.0,0,1,0.9076921939849854,0.20944694064039504,13,1.6615383533331063,0.0016569102128293732,0.0014301560290113707,0.005488762632012367,0.0008488593739457428,0.005488762632012367,0.0008488593739457428,0.0048882076516747475,0.006857446860522032,0.0048882076516747475,0,0.005488762632012367,0.0,0.0,0.005488762632012367,0,1.8919978084230848e-10,0.0,0,0,5,10,13,13,0,1,1,1,0.0,0.0,0.0,1,0.013868111185729504,-0.01112372986972332,0.0027443813160061836,0.0027443813160061836,inf,inf,0,0,0.000848859184745962,0.0,1.661538450534526,0.004559895079472818,0.0,inf,0,0,0,4,3,0,0,0.03599999938160181
5005,14,1,3,14,e9afa17e8db5aba9598368fc3f770f6dcbc0c5491d897907fa4e94e9f9bc9e3a,fcccee6e8ba980c82937dee9d477f153da63e126e141f70859017ee9e1d4366d,0.01428980939090252,0.017999999225139618,-0.006428303197026253,-0.006428303197026253,-0.008099999428741064,0.01428980939090252,0.017999999225139618,1,3,0.9076923131942749,0.2094469155167731,13,1.661538461366525,0.0010242054784068775,0.0008848365354930331,0.0037101898342370987,0.0016716962317148108,0.0037101898342370987,0.0016716962317148108,0.0022930686827749014,0.004913931246846914,0.0022930686827749014,0,0.014289809740148485,0.017999999225139618,3.4924596548080444e-10,0.003710189484991133,0,6.15109350607379e-10,0.0,10,11,10,11,1,1,1,1,1,1,0.008999999845400453,0.008999999379739165,0.008999999379739165,0,0.007515397504903376,-0.0056603027624078095,0.0018550947424955666,0.0018550947424955666,0.2061216522605283,0.835044224760956,1,0,-0.006428303812135603,-0.008099999428741064,1.6615384522538923,0.0030823112472304166,0.008099999428741064,0.3805322795818373,1,1,0,2,2,0,0,0.018000000156462193
5005,14,1,4,14,e9afa17e8db5aba9598368fc3f770f6dcbc0c5491d897907fa4e94e9f9bc9e3a,fcccee6e8ba980c82937dee9d477f153da63e126e141f70859017ee9e1d4366d,0.018881110474467278,0.03599999938160181,-0.0010032231220975518,-0.0010032231220975518,6.447617613425383e-11,0.018881110474467278,0.03599999938160181,1,3,0.9076921939849854,0.20944694064039504,13,1.661538353333106,0.003524225869993552,0.002089913162959398,0.017118888907134533,-0.001003223186573728,0.017118888907134533,0.001003223186573728,0.002742524491623044,0.0047467914409935474,0.002742524491623044,0,0.018881110474467278,0.03599999938160181,0.0,0.017118888907134533,0,3.251193897435556e-09,0.0,10,11,10,11,1,1,1,1,1,1,0.017999999225139618,0.018000000156462193,0.017999999225139618,0,0.015034389682114124,-0.006474945228546858,0.008559444453567266,0.008559444453567266,0.4755247123351404,0.8352439071839743,1,0,-0.0010032263732914493,6.447617613425383e-11,1.6615384505345263,0.014221846074816502,6.447617613425383e-11,220575209.75194678,0,0,0,1,1,1,1,0.018000000156462193
5005,14,1,5,14,e9afa17e8db5aba9598368fc3f770f6dcbc0c5491d897907fa4e94e9f9bc9e3a,fcccee6e8ba980c82937dee9d477f153da63e126e141f70859017ee9e1d4366d,0.004589095711708069,0.0,-0.0015852240612730384,-0.0015852240612730384,0.0,0.004589095711708069,0.0,0,1,0.9076921939849854,0.20944694064039504,13,1.661538353333106,0.0012750626354587594,0.0010695376780611521,0.004589095711708069,-0.0015852240612730384,0.004589095711708069,0.0015852240612730384,0.00194003083743155,0.004936740733683109,0.00194003083743155,0,0.004589095711708069,0.0,0.0,0.004589095711708069,0,3.740725264267386e-10,1.734723475976807e-18,0,0,5,1,13,13,0,1,1,1,0.0,0.0,0.0,1,0.013725624419748783,-0.011431076563894749,0.0022945478558540344,0.0022945478558540344,inf,inf,0,0,-0.001585223687200512,-1.734723475976807e-18,1.6615384505345263,0.003812479489093032,1.734723475976807e-18,inf,0,0,0,5,4,0,0,0.03599999938160181
5005,14,2,0,14,e9afa17e8db5aba9598368fc3f770f6dcbc0c5491d897907fa4e94e9f9bc9e3a,fcccee6e8ba980c82937dee9d477f153da63e126e141f70859017ee9e1d4366d,0.021745750680565834,0.03899999801069498,-0.0010291788494214416,-0.0010291788494214416,0.00207692295226913,0.021745750680565834,0.03899999801069498,1,4,0.9076921939849854,0.20944694064039504,13,1.661538353333106,0.006612262492536889,0.004342722590770243,0.017254247330129147,-0.0031061018016905716,0.017254247330129147,0.0031061018016905716,0.0059373341500759125,0.01267128437757492,0.0059373341500759125,0,0.021745750680565834,0.03899999801069498,0.0,0.025758626870810986,0,4.812082234420534e-09,1.734723475976807e-18,10,1,10,1,1,1,1,1,1,1,0.008999999612569809,0.020999998785555363,0.008999999612569809,0,0.03666557278484106,0.023786259349435568,0.012879313435405493,0.012879313435405493,1.4310348877590682,4.073952707023704,0,0,-0.0010291740373392071,0.0020769229522691317,1.6615384505345263,0.021399474489412148,0.0020769229522691317,10.303451298485705,0,0,0,1,2,1,0,0.00899999774992466
5005,14,2,1,14,e9afa17e8db5aba9598368fc3f770f6dcbc0c5491d897907fa4e94e9f9bc9e3a,fcccee6e8ba980c82937dee9d477f153da63e126e141f70859017ee9e1d4366d,0.012730509042739868,0.0,-0.0014384877867996693,-0.0014384877867996693,-3.469446951953614e-18,0.012730509042739868,0.0,0,1,0.9076921939849854,0.20944694064039504,13,1.661538353333106,0.003179942285971154,0.0024212080346056692,0.012730509042739868,-0.0014384877867996658,0.012730509042739868,0.0014384877867996658,0.005569114815443754,0.009846228174865246,0.005569114815443754,0,0.012730509042739868,0.0,0.0,0.012730509042739868,0,2.079928444753687e-09,1.734723475976807e-18,0,0,10,1,13,13,0,1,1,1,0.0,0.0,0.0,1,0.023086320608854294,0.01672106608748436,0.006365254521369934,0.006365254521369934,inf,inf,0,0,-0.0014384857068712245,-1.734723475976807e-18,1.6615384505345263,0.010576115134694888,1.734723475976807e-18,inf,0,0,0,3,4,0,0,0.03899999801069498
5005,14,2,3,14,e9afa17e8db5aba9598368fc3f770f6dcbc0c5491d897907fa4e94e9f9bc9e3a,fcccee6e8ba980c82937dee9d477f153da63e126e141f70859017ee9e1d4366d,0.011075716465711594,0.0,0.0013052565045654774,0.0013052565045654774,0.0,0.011075716465711594,0.0,0,1,0.9076923131942749,0.2094469155167731,13,1.661538461366525,0.0027885593668684756,0.002205266137800273,0.011075716465711594,0.0013052565045654774,0.011075716465711594,0.0013052565045654774,0.0029380477499216795,0.008586125448346138,0.0029380477499216795,0,0.011075716465711594,0.0,0.0,0.011075716465711594,0,2.593245479465267e-09,1.734723475976807e-18,0,0,10,1,13,13,0,1,1,1,0.0,0.0,0.0,1,0.021365217864513397,0.0158273596316576,0.005537858232855797,0.005537858232855797,inf,inf,0,0,0.0013052590978109568,-1.734723475976807e-18,1.6615384522538923,0.009201364397020696,1.734723475976807e-18,inf,0,0,0,4,5,0,0,0.03899999801069498
5005,14,2,4,14,e9afa17e8db5aba9598368fc3f770f6dcbc0c5491d897907fa4e94e9f9bc9e3a,fcccee6e8ba980c82937dee9d477f153da63e126e141f70859017ee9e1d4366d,0.012974049896001816,0.0,-0.0022795756813138723,-0.0022795756813138723,-3.469446951953614e-18,0.012974049896001816,0.0,0,1,0.9076921939849854,0.20944694064039504,13,1.661538353333106,0.003049958877554805,0.0021717513983066264,0.012974049896001816,-0.002279575681313869,0.012974049896001816,0.002279575681313869,0.004923797212541103,0.010564758442342281,0.004923797212541103,0,0.012974049896001816,0.0,0.0,0.012974049896001816,0,3.135027640266408e-09,1.734723475976807e-18,0,0,10,1,13,13,0,1,1,1,0.0,0.0,0.0,1,0.025009069591760635,0.018522044643759727,0.006487024948000908,0.006487024948000908,inf,inf,0,0,-0.002279572546286232,-1.734723475976807e-18,1.6615384505345263,0.010778441380680244,1.734723475976807e-18,inf,0,0,0,5,3,0,0,0.03899999801069498
5005,14,2,5,14,e9afa17e8db5aba9598368fc3f770f6dcbc0c5491d897907fa4e94e9f9bc9e3a,fcccee6e8ba980c82937dee9d477f153da63e126e141f70859017ee9e1d4366d,0.022341059520840645,0.03000000026077032,-0.0018661232898011804,-0.0018661232898011804,-6.44761778689773e-11,0.022341059520840645,0.03000000026077032,1,3,0.9076921939849854,0.20944694064039504,13,1.661538353333106,0.0030499715939996783,0.0021629875977716502,0.007658940739929676,-0.0018661232253250025,0.007658940739929676,0.0018661232253250025,0.004923561587929726,0.016362830996513367,0.004923561587929726,0,0.022341059520840645,0.03000000026077032,0.0,0.013152631931006908,0,1.3968056676583185e-09,0.0,10,11,10,11,1,1,1,1,1,1,0.015000000596046448,0.014999999664723873,0.014999999664723873,0,0.012553215958178043,0.005976899992674589,0.006576315965503454,0.006576315965503454,0.4384210741663716,0.8368810825842861,1,0,-0.0018661218929955127,-6.44761778689773e-11,1.6615384505345263,0.010926801839548077,6.44761778689773e-11,169470371.85970518,1,0,0,2,1,0,1,0.00899999774992466
5005,15,0,1,15,432ba27c7eba09f4d0f7ee2d84b0c3e8b484c6cae9c8411ba72028d6c27f08cf,fcccee6e8ba980c82937dee9d477f153da63e126e141f70859017ee9e1d4366d,0.025590458884835243,0.0,-0.00815445464104414,-0.00815445464104414,0.0,0.025590458884835243,0.0,0,1,0.9076921939849854,0.20944694064039504,13,1.661538353333106,0.006678069044474504,0.005203556644140616,0.025590458884835243,-0.00815445464104414,0.025590458884835243,0.00815445464104414,0.002308090915903449,0.007142521440982819,0.002308090915903449,0,0.025590458884835243,0.0,0.0,0.025590458884835243,0,1.5364075602042337e-09,6.938893903907228e-18,0,0,10,6,13,13,0,1,1,1,0.0,0.0,0.0,1,0.12317830324172974,-0.11038307379931211,0.012795229442417622,0.012795229442417622,inf,inf,0,0,-0.0081544561774517,-6.938893903907228e-18,1.6615384505345263,0.021259765701988325,6.938893903907228e-18,inf,0,0,0,3,4,0,0,0.08899999712593853
5005,15,0,2,15,432ba27c7eba09f4d0f7ee2d84b0c3e8b484c6cae9c8411ba72028d6c27f08cf,fcccee6e8ba980c82937dee9d477f153da63e126e141f70859017ee9e1d4366d,0.0311956238001585,0.08899999712593853,-0.0004251020436640829,-0.0004251020436640829,0.004292305224231255,0.0311956238001585,0.08899999712593853,1,5,0.9076921939849854,0.20944694064039504,13,1.6615383533331063,0.021919839451570097,0.012536620354753806,0.057804373325780034,-0.004717407267895338,0.057804373325780034,0.004717407267895338,0.005138485226780176,0.00722312880679965,0.005138485226780176,0,0.0311956238001585,0.08899999712593853,0.0,0.086991234915331,0,1.4477085745479013e-09,6.938893903907228e-18,10,2,10,0,1,1,1,1,0,0,0.00899999588727951,0.07100000535137951,0.00899999588727951,0,0.12944545224308968,-0.08594983478542417,0.0434956174576655,0.0434956174576655,4.83284859264677,14.382834599518691,0,0,-0.00042510059595550834,0.004292305224231248,1.661538450534526,0.07226964083565203,0.004292305224231248,16.837022779197984,0,0,0,1,1,1,1,0.05899999593384564
5005,15,0,3,15,432ba27c7eba09f4d0f7ee2d84b0c3e8b484c6cae9c8411ba72028d6c27f08cf,fcccee6e8ba980c82937dee9d477f153da63e126e141f70859017ee9e1d4366d,0.02548317424952984,0.0,0.0017552393255755305,0.0017552393255755305,-1.3877787807814457e-17,0.02548317424952984,0.0,0,1,0.007692308165132999,0.2094469155167731,13,1.661538461366525,0.0061869110710102634,0.004819092489558565,0.02548317424952984,0.0017552393255755444,0.02548317424952984,0.0017552393255755444,0.009807083755731583,0.0068444786593317986,0.009807083755731583,0,0.02548317424952984,0.0,0.0,0.02548317424952984,0,1.4981332632779676e-09,1.3877787807814457e-17,0,0,10,6,13,13,0,1,1,1,0.0,0.0,0.0,1,0.1272602193057537,-0.11451863218098879,0.01274158712476492,0.01274158712476492,inf,inf,0,0,0.0017552378274422673,-2.7755575615628914e-17,1.6615384522538923,0.021170636950540025,2.7755575615628914e-17,inf,0,0,0,4,5,0,0,0.08899999712593853
5005,15,0,4,15,432ba27c7eba09f4d0f7ee2d84b0c3e8b484c6cae9c8411ba72028d6c27f08cf,fcccee6e8ba980c82937dee9d477f153da63e126e141f70859017ee9e1d4366d,0.0279417484998703,0.0,-0.0026122909039258957,-0.0026122909039258957,0.0,0.0279417484998703,0.0,0,1,0.9076921939849854,0.20944694064039504,13,1.661538353333106,0.00663883391526704,0.004383298662110898,0.0279417484998703,-0.0026122909039258957,0.0279417484998703,0.0026122909039258957,0.006115378811955452,0.010057472623884678,0.006115378811955452,0,0.027941747568547726,0.0,9.313225746154785e-10,0.027941747568547726,0,1.8668366730950625e-09,6.938893903907228e-18,0,0,10,6,13,13,0,1,1,1,0.0,0.0,0.0,1,0.12071661651134491,-0.10674574272707105,0.013970873784273863,0.013970873784273863,inf,inf,0,0,-0.002612292770762569,-6.938893903907228e-18,1.6615384505345263,0.02321314398013583,6.938893903907228e-18,inf,0,0,0,5,3,0,0,0.08899999712593853
5005,15,0,5,15,432ba27c7eba09f4d0f7ee2d84b0c3e8b484c6cae9c8411ba72028d6c27f08cf,fcccee6e8ba980c82937dee9d477f153da63e126e141f70859017ee9e1d4366d,0.03064112551510334,0.030000001192092896,-0.006817521061748266,-0.006817521061748266,0.0,0.03064112551510334,0.030000001192092896,1,3,0.9076921939849854,0.20944694064039504,13,1.661538353333106,0.005197425874930663,0.00445313110793307,0.0006411243230104446,-0.006817521061748266,0.0006411243230104446,0.006817521061748266,0.005862963851541281,0.010445080697536469,0.005862963851541281,0,0.030641125049442053,0.030000001192092896,4.656612873077393e-10,0.016524653881788254,0,2.0618222233703687e-09,0.0,10,11,10,0,1,1,1,1,0,0,0.015000000596046448,0.015000000596046448,0.015000000596046448,0,0.11827431246638298,-0.11001198552548885,0.008262326940894127,0.008262326940894127,0.5508217741719177,7.8849538511056165,0,0,-0.006817518999926043,0.0,1.6615384505345263,0.0137281739031829,0.0,inf,0,0,0,2,2,0,0,0.05899999593384564
5005,15,1,0,15,432ba27c7eba09f4d0f7ee2d84b0c3e8b484c6cae9c8411ba72028d6c27f08cf,fcccee6e8ba980c82937dee9d477f153da63e126e141f70859017ee9e1d4366d,0.005146319046616554,0.0,-0.0008895731880329549,-0.0008895731880329549,0.0,0.005146319046616554,0.0,0,1,0.9076921939849854,0.20944694064039504,13,1.661538353333106,0.0013024510567250563,0.000984554683249554,0.005146319046616554,-0.0008895731880329549,0.005146319046616554,0.0008895731880329549,0.0020104958675801754,0.0031149019487202168,0.0020104958675801754,0,0.005146318813785911,0.0,2.3283064365386963e-10,0.005146318813785911,0,9.460277153663932e-10,4.336808689942018e-19,0,0,10,11,13,13,0,1,1,1,0.0,0.0,0.0,1,0.005367262056097388,-0.002794102649204433,0.0025731594068929553,0.0025731594068929553,inf,inf,0,0,-0.0008895741340606703,-4.336808689942018e-19,1.6615384505345263,0.004275403293907262,4.336808689942018e-19,inf,0,0,0,3,4,0,0,0.03599999938160181
5005,15,1,2,15,432ba27c7eba09f4d0f7ee2d84b0c3e8b484c6cae9c8411ba72028d6c27f08cf,fcccee6e8ba980c82937dee9d477f153da63e126e141f70859017ee9e1d4366d,0.00389471254311502,0.0,0.00022131922014523298,0.00022131922014523298,0.0,0.00389471254311502,0.0,0,1,0.9076921939849854,0.20944694064039504,13,1.6615383533331063,0.0011047813504485666,0.0009104930575297781,0.00389471254311502,0.00022131922014523298,0.00389471254311502,0.00022131922014523298,0.0024775827769190073,0.0017215590924024582,0.0024775827769190073,0,0.00389471254311502,0.0,0.0,0.00389471254311502,0,4.682464021556199e-10,0.0,0,0,10,4,13,13,0,1,1,1,0.0,0.0,0.0,1,0.00457134167663753,-0.0026239854050800204,0.00194735627155751,0.00194735627155751,inf,inf,0,0,0.00022131875189883082,0.0,1.661538450534526,0.003235607322082357,0.0,inf,0,0,0,4,5,0,0,0.03599999938160181
5005,15,1,3,15,432ba27c7eba09f4d0f7ee2d84b0c3e8b484c6cae9c8411ba72028d6c27f08cf,fcccee6e8ba980c82937dee9d477f153da63e126e141f70859017ee9e1d4366d,0.019006570801138878,0.017999999225139618,-0.008181157521903515,-0.008181157521903515,-0.008099999428741064,0.019006570801138878,0.017999999225139618,1,3,0.007692308165132999,0.2094469155167731,13,1.661538461366525,0.0005592763180204197,0.00046240927695610816,0.00100657157599926,-8.115809316245129e-05,0.00100657157599926,8.115809316245129e-05,0.0023926275316625834,0.004050403367727995,0.0023926275316625834,0,0.019006570801138878,0.017999999225139618,0.0,0.0018190555274486542,0,1.0217231644071845e-09,0.0,10,11,10,11,1,1,1,1,1,1,0.008999999845400453,0.008999999379739165,0.008999999379739165,0,0.0031182256061583757,-0.0022086978424340487,0.0009095277637243271,0.0009095277637243271,0.10105864737856089,0.3464695356733177,1,0,-0.00818115854362668,-0.008099999428741064,1.6615384522538923,0.0015112153528204623,0.008099999428741064,0.1865698098024856,1,1,0,2,2,0,0,0.018000000156462193
5005,15,1,4,15,432ba27c7eba09f4d0f7ee2d84b0c3e8b484c6cae9c8411ba72028d6c27f08cf,fcccee6e8ba980c82937dee9d477f153da63e126e141f70859017ee9e1d4366d,0.02117857336997986,0.03599999938160181,0.001143694738857448,0.001143694738857448,3.223808850080778e-11,0.02117857336997986,0.03599999938160181,1,3,0.9076921939849854,0.20944694064039504,13,1.661538353333106,0.002986736923884285,0.0016719095585261577,0.014821426011621952,0.0011436947066193596,0.014821426011621952,0.0011436947066193596,0.0015823367284610868,0.004600007552653551,0.0015823367284610868,0,0.021178573137149215,0.03599999938160181,2.3283064365386963e-10,0.014821426244452596,0,1.285419830472645e-10,5.421010862427522e-20,10,11,10,11,1,1,1,1,1,1,0.01799999945797026,0.01799999992363155,0.01799999945797026,0,0.011359297903254628,-0.00394858478102833,0.007410713122226298,0.007410713122226298,0.4117062969657419,0.6310721247396938,1,0,0.0011436948673994311,3.223808855501789e-11,1.6615384505345263,0.012313184798459765,3.223808855501789e-11,381945250.1796421,1,0,0,1,1,1,1,0.018000000156462193
5005,15,1,5,15,432ba27c7eba09f4d0f7ee2d84b0c3e8b484c6cae9c8411ba72028d6c27f08cf,fcccee6e8ba980c82937dee9d477f153da63e126e141f70859017ee9e1d4366d,0.008421104401350021,0.0,-0.0004793758562300354,-0.0004793758562300354,0.0,0.008421104401350021,0.0,0,1,0.9076921939849854,0.20944694064039504,13,1.661538353333106,0.0018439989547022987,0.0012212557354445996,0.008421104401350021,-0.0004793758562300354,0.008421104401350021,0.0004793758562300354,0.0016729296185076237,0.003992460668087006,0.0016729296185076237,0,0.008421104226727039,0.0,1.7462298274040222e-10,0.008421104226727039,0,5.162166518898892e-10,4.336808689942018e-19,0,0,10,11,13,13,0,1,1,1,0.0,0.0,0.0,1,0.006397073855623603,-0.0021865217422600836,0.004210552113363519,0.004210552113363519,inf,inf,0,0,-0.0004793763724466873,-4.336808689942018e-19,1.6615384505345263,0.006995994234332897,4.336808689942018e-19,inf,0,0,0,5,3,0,0,0.03599999938160181
5005,15,2,0,15,432ba27c7eba09f4d0f7ee2d84b0c3e8b484c6cae9c8411ba72028d6c27f08cf,fcccee6e8ba980c82937dee9d477f153da63e126e141f70859017ee9e1d4366d,0.017367001622915268,0.038999998942017555,-0.001352424151264131,-0.001352424151264131,0.0020769230167453114,0.017367001622915268,0.038999998942017555,1,4,0.9076921939849854,0.20944694064039504,13,1.661538353333106,0.007774437767968738,0.004091910753377088,0.021632997319102287,-0.0034293471680094424,0.021632997319102287,0.0034293471680094424,0.0020269465167075396,0.003568258136510849,0.0020269465167075396,0,0.017367001622915268,0.038999998942017555,0.0,0.03108723647892475,0,6.017793876059163e-10,3.469446951953614e-18,10,1,10,11,1,1,1,1,0,0,0.008999999612569809,0.020999999716877937,0.008999999612569809,0,0.028196755796670914,0.012653137557208538,0.015543618239462376,0.015543618239462376,1.7270687676201064,3.1329730011643604,0,0,-0.0013524235494847435,0.002076923016745308,1.6615384505345263,0.02582631936529652,0.002076923016745308,12.434894869511472,0,0,0,1,2,1,0,0.008999998681247234
5005,15,2,1,15,432ba27c7eba09f4d0f7ee2d84b0c3e8b484c6cae9c8411ba72028d6c27f08cf,fcccee6e8ba980c82937dee9d477f153da63e126e141f70859017ee9e1d4366d,0.0036931056529283524,0.0,-0.0005165715701878071,-0.0005165715701878071,0.0,0.0036931056529283524,0.0,0,1,0.9076921939849854,0.20944694064039504,13,1.661538353333106,0.0012105805571807125,0.001076639977079877,0.0036931056529283524,-0.0005165715701878071,0.0036931056529283524,0.0005165715701878071,0.0024783581029623747,0.004156258888542652,0.0024783581029623747,0,0.0036931056529283524,0.0,0.0,0.0036931056529283524,0,1.4577171310314885e-09,1.734723475976807e-18,0,0,8,11,13,13,0,1,1,1,0.0,0.0,0.0,1,0.002126496285200119,0.00027994345873594284,0.0018465528264641762,0.0018465528264641762,inf,inf,0,0,-0.000516570112470676,-1.734723475976807e-18,1.6615384505345263,0.0030681185221134374,1.734723475976807e-18,inf,0,0,0,3,5,0,0,0.038999998942017555
5005,15,2,3,15,432ba27c7eba09f4d0f7ee2d84b0c3e8b484c6cae9c8411ba72028d6c27f08cf,fcccee6e8ba980c82937dee9d477f153da63e126e141f70859017ee9e1d4366d,0.0040876660495996475,0.0,-0.001128578558564186,-0.001128578558564186,-3.469446951953614e-18,0.0040876660495996475,0.0,0,1,0.007692308165132999,0.2094469155167731,13,1.661538461366525,0.0012327419308648655,0.0010233535789526426,0.0040876660495996475,-0.0011285785585641826,0.0040876660495996475,0.0011285785585641826,0.003083384595811367,0.003708476899191737,0.003083384595811367,0,0.0040876660495996475,0.0,0.0,0.0040876660495996475,0,5.650999624837172e-10,3.469446951953614e-18,0,0,10,1,13,13,0,1,1,1,0.0,0.0,0.0,1,0.003179434686899185,-0.0011356016620993614,0.0020438330247998238,0.0020438330247998238,inf,inf,0,0,-0.0011285779934642236,-6.938893903907228e-18,1.6615384522538923,0.0033959071606912902,6.938893903907228e-18,inf,0,0,0,4,4,0,0,0.038999998942017555
5005,15,2,4,15,432ba27c7eba09f4d0f7ee2d84b0c3e8b484c6cae9c8411ba72028d6c27f08cf,fcccee6e8ba980c82937dee9d477f153da63e126e141f70859017ee9e1d4366d,0.009519261308014393,0.0,-9.876365766103845e-06,-9.876365766103845e-06,0.0,0.009519261308014393,0.0,0,1,0.9076921939849854,0.20944694064039504,13,1.661538353333106,0.002180038122431727,0.0016148695226251726,0.009519261308014393,-9.876365766103845e-06,0.009519261308014393,9.876365766103845e-06,0.0020938925445079803,0.0055770413018763065,0.0020938925445079803,0,0.009519261308014393,0.0,0.0,0.009519261308014393,0,2.885802222185596e-10,1.734723475976807e-18,0,0,10,11,13,13,0,1,1,1,0.0,0.0,0.0,1,0.005122886039316654,-0.0003632553853094578,0.004759630654007196,0.004759630654007196,inf,inf,0,0,-9.876654346326064e-06,-1.734723475976807e-18,1.6615384505345263,0.007908309341975752,1.734723475976807e-18,inf,0,0,0,5,3,0,0,0.038999998942017555
5005,15,2,5,15,432ba27c7eba09f4d0f7ee2d84b0c3e8b484c6cae9c8411ba72028d6c27f08cf,fcccee6e8ba980c82937dee9d477f153da63e126e141f70859017ee9e1d4366d,0.01845064014196396,0.03000000026077032,-0.00011496789375087246,-0.00011496789375087246,-6.44761778689773e-11,0.01845064014196396,0.03000000026077032,1,3,0.9076921939849854,0.20944694064039504,13,1.661538353333106,0.0024887315064420798,0.0016475048070475895,0.011549360118806362,-0.0001149678292746946,0.011549360118806362,0.0001149678292746946,0.001790002454072237,0.004830960649996996,0.001790002454072237,0,0.018450641073286533,0.03000000026077032,9.313225746154785e-10,0.011549359187483788,0,2.0934830622515443e-09,1.734723475976807e-18,10,11,10,11,1,1,1,1,1,1,0.015000000596046448,0.014999999664723873,0.014999999664723873,0,0.008567282930016518,-0.002792603336274624,0.005774679593741894,0.005774679593741894,0.38497864818773625,0.5711522081006812,1,0,-0.00011496998723393471,-6.447617960370078e-11,1.6615384505345263,0.009594852184519253,6.447617960370078e-11,148812355.873029,1,0,0,2,1,0,1,0.008999998681247234
5005,16,0,1,16,05dece10d523474bebb9bb7196f26bb037bfa0776f7b43727ff814520bb8d6e0,fcccee6e8ba980c82937dee9d477f153da63e126e141f70859017ee9e1d4366d,0.0048202332109212875,0.0,-0.00018574914429336786,-0.00018574914429336786,-1.3877787807814457e-17,0.0048202332109212875,0.0,0,1,0.9076921939849854,0.20944694064039504,13,1.661538353333106,0.0013704298001184657,0.0010850752632205302,0.0048202332109212875,-0.00018574914429335398,0.0048202332109212875,0.00018574914429335398,0.0037197191268205643,0.0025236676447093487,0.0037197191268205643,0,0.0048202332109212875,0.0,0.0,0.0048202332109212875,0,1.1518515221492498e-10,1.3877787807814457e-17,0,0,4,11,13,13,0,1,1,1,0.0,0.0,0.0,1,0.06187332794070244,-0.059463211335241795,0.0024101166054606438,0.0024101166054606438,inf,inf,0,0,-0.00018574925947852008,0.0,1.6615384505345263,0.004004501410244611,0.0,inf,0,0,0,3,5,0,0,0.08899999782443047
5005,16,0,2,16,05dece10d523474bebb9bb7196f26bb037bfa0776f7b43727ff814520bb8d6e0,fcccee6e8ba980c82937dee9d477f153da63e126e141f70859017ee9e1d4366d,0.01924056001007557,0.08899999782443047,3.714362901519053e-05,3.714362901519053e-05,0.004292308109540205,0.01924056001007557,0.08899999782443047,1,5,0.9076921939849854,0.20944694064039504,13,1.6615383533331063,0.021255966478248775,0.011314658344772886,0.0697594378143549,-0.004255164480525014,0.0697594378143549,0.004255164480525014,0.003650955157354474,0.006340743508189917,0.003650955157354474,0,0.01924055942799896,0.08899999782443047,5.820766091346741e-10,0.08184012770652771,0,6.035348128381746e-10,1.0408340855860843e-17,10,2,10,11,1,1,1,1,0,0,0.008999999612569809,0.07099999859929085,0.008999999612569809,0,0.06443466991186142,-0.023514606058597565,0.040920063853263855,0.040920063853263855,4.5466739571980685,7.159408076181362,0,0,3.714302548037769e-05,0.0042923081095401945,1.661538450534526,0.0679902594905259,0.0042923081095401945,15.840023072763344,1,0,0,1,1,1,1,0.05900000035762787
5005,16,0,3,16,05dece10d523474bebb9bb7196f26bb037bfa0776f7b43727ff814520bb8d6e0,fcccee6e8ba980c82937dee9d477f153da63e126e141f70859017ee9e1d4366d,0.006347158923745155,0.0,-0.0028140980284661055,-0.0028140980284661055,0.0,0.006347158923745155,0.0,0,1,0.9076923131942749,0.2094469155167731,13,1.661538461366525,0.0015241533542268689,0.0011488661368394039,0.006347158923745155,-0.0028140980284661055,0.006347158923745155,0.0028140980284661055,0.0023165170568972826,0.00286526489071548,0.0023165170568972826,0,0.006347158923745155,0.0,0.0,0.006347158923745155,0,2.815818203605325e-10,6.938893903907228e-18,0,0,10,11,13,13,0,1,1,1,0.0,0.0,0.0,1,0.06440522242337465,-0.061231642961502075,0.0031735794618725777,0.0031735794618725777,inf,inf,0,0,-0.002814098310047926,-6.938893903907228e-18,1.6615384522538923,0.005273024307184503,6.938893903907228e-18,inf,0,0,0,4,4,0,0,0.08899999782443047
5005,16,0,4,16,05dece10d523474bebb9bb7196f26bb037bfa0776f7b43727ff814520bb8d6e0,fcccee6e8ba980c82937dee9d477f153da63e126e141f70859017ee9e1d4366d,0.011285598389804363,0.0,0.0016045834636315703,0.0016045834636315703,0.0,0.011285598389804363,0.0,0,1,0.9076921939849854,0.20944694064039504,13,1.661538353333106,0.0025021673018912256,0.0017849463038146496,0.011285598389804363,0.0016045834636315703,0.011285598389804363,0.0016045834636315703,0.002581113949418068,0.0020479115191847086,0.002581113949418068,0,0.01128559815697372,0.0,2.3283064365386963e-10,0.01128559815697372,0,9.206958303392687e-10,0.0,0,0,10,11,13,13,0,1,1,1,0.0,0.0,0.0,1,0.06470279023051262,-0.05905999115202576,0.00564279907848686,0.00564279907848686,inf,inf,0,0,0.0016045843843274007,0.0,1.6615384505345263,0.00937572763754671,0.0,inf,0,0,0,5,3,0,0,0.08899999782443047
5005,16,0,5,16,05dece10d523474bebb9bb7196f26bb037bfa0776f7b43727ff814520bb8d6e0,fcccee6e8ba980c82937dee9d477f153da63e126e141f70859017ee9e1d4366d,0.01690087653696537,0.029999997466802597,0.00047221212298609316,0.00047221212298609316,2.579047045370153e-10,0.01690087653696537,0.029999997466802597,1,3,0.007692307233810425,0.20944694064039504,13,1.661538353333106,0.0028582037339045974,0.001826672037765825,0.013099120929837227,0.0004722118650813886,0.013099120929837227,0.0004722118650813886,0.004174548666924238,0.004560683388262987,0.004174548666924238,0,0.01690087653696537,0.029999997466802597,0.0,0.013099120929837227,0,1.2984716609223956e-09,6.938893903907228e-18,10,11,10,11,1,1,1,1,1,1,0.01499999687075615,0.015000000596046448,0.01499999687075615,0,0.06767947599291801,-0.0611299155279994,0.0065495604649186134,0.0065495604649186134,0.43663745541757903,4.511966007463993,1,0,0.00047221082451443224,2.579047114759092e-10,1.6615384505345263,0.010882346546563065,2.579047114759092e-10,42195221.96506899,1,0,0,2,2,0,0,0.05900000035762787
5005,16,1,0,16,05dece10d523474bebb9bb7196f26bb037bfa0776f7b43727ff814520bb8d6e0,fcccee6e8ba980c82937dee9d477f153da63e126e141f70859017ee9e1d4366d,0.005747761577367783,0.0,0.0007920124917291105,0.0007920124917291105,0.0,0.005747761577367783,0.0,0,1,0.9076921939849854,0.20944694064039504,13,1.661538353333106,0.0014899364808559792,0.0011775350672077146,0.005747761577367783,0.0007920124917291105,0.005747761577367783,0.0007920124917291105,0.004115025047212839,0.003630658145993948,0.004115025047212839,0,0.005747761577367783,0.0,0.0,0.005747761577367783,0,1.8240108087125284e-09,8.673617379884035e-19,0,0,10,12,13,13,0,1,1,1,0.0,0.0,0.0,1,0.003347458317875862,-0.0004735775291919708,0.0028738807886838913,0.0028738807886838913,inf,inf,0,0,0.0007920106677183018,-8.673617379884035e-19,1.6615384505345263,0.004775063432650775,8.673617379884035e-19,inf,0,0,0,3,4,0,0,0.03599999938160181
5005,16,1,2,16,05dece10d523474bebb9bb7196f26bb037bfa0776f7b43727ff814520bb8d6e0,fcccee6e8ba980c82937dee9d477f153da63e126e141f70859017ee9e1d4366d,0.0052010491490364075,0.0,0.0004583170230034739,0.0004583170230034739,0.0,0.0052010491490364075,0.0,0,1,0.9076921939849854,0.20944694064039504,13,1.6615383533331063,0.0014309221709791905,0.001184231882705491,0.0052010491490364075,0.0004583170230034739,0.0052010491490364075,0.0004583170230034739,0.001845689956098795,0.0023310731630772352,0.001845689956098795,0,0.0052010491490364075,0.0,0.0,0.0052010491490364075,0,4.747152532180721e-10,0.0,0,0,10,8,13,13,0,1,1,1,0.0,0.0,0.0,1,0.003155211918056011,-0.0005546873435378075,0.0026005245745182037,0.0026005245745182037,inf,inf,0,0,0.0004583174977187271,0.0,1.661538450534526,0.004320871572121934,0.0,inf,0,0,0,4,5,0,0,0.03599999938160181
5005,16,1,3,16,05dece10d523474bebb9bb7196f26bb037bfa0776f7b43727ff814520bb8d6e0,fcccee6e8ba980c82937dee9d477f153da63e126e141f70859017ee9e1d4366d,0.018621478229761124,0.017999999225139618,-0.007920374162495136,-0.007920374162495136,-0.008099999428741064,0.018621478229761124,0.017999999225139618,1,3,0.9076923131942749,0.2094469155167731,13,1.661538461366525,0.0008007944561218181,0.0007215624884564496,0.0006214790046215057,0.0001796252662459273,0.0006214790046215057,0.0001796252662459273,0.0024154242128133774,0.003951615653932095,0.0024154242128133774,0,0.0186214791610837,0.017999999225139618,9.313225746154785e-10,0.0023901076056063175,0,1.5497358570037978e-09,0.0,10,11,10,11,1,1,1,1,1,1,0.008999999845400453,0.008999999379739165,0.008999999379739165,0,0.004188319901004434,-0.002993266098201275,0.0011950538028031588,0.0011950538028031588,0.13278376501819197,0.4653689099616158,1,0,-0.007920375712230993,-0.008099999428741064,1.6615384522538923,0.0019856278458696888,0.008099999428741064,0.2451392575194667,1,1,0,2,2,0,0,0.018000000156462193
5005,16,1,4,16,05dece10d523474bebb9bb7196f26bb037bfa0776f7b43727ff814520bb8d6e0,fcccee6e8ba980c82937dee9d477f153da63e126e141f70859017ee9e1d4366d,0.022178908810019493,0.03599999938160181,0.0012324228882789612,0.0012324228882789612,6.447617613425383e-11,0.022178908810019493,0.03599999938160181,1,3,0.9076921939849854,0.20944694064039504,13,1.661538353333106,0.00286806250569016,0.0017165277971605045,0.013821090571582317,0.001232422823802785,0.013821090571582317,0.001232422823802785,0.0013489567209035158,0.0052408017218112946,0.0013489567209035158,0,0.022178909624926746,0.03599999938160181,8.149072527885437e-10,0.013821089756675065,0,2.651712226534042e-10,1.3010426069826053e-18,10,11,10,11,1,1,1,1,1,1,0.017999999225139618,0.018000000156462193,0.017999999225139618,0,0.007918341201730072,-0.0010077963233925402,0.006910544878337532,0.006910544878337532,0.38391917643451623,0.4399078634776249,1,0,0.0012324226231077385,6.447617743529643e-11,1.6615384505345263,0.01148213602950225,6.447617743529643e-11,178083386.55040276,1,0,0,1,1,1,1,0.018000000156462193
5005,16,1,5,16,05dece10d523474bebb9bb7196f26bb037bfa0776f7b43727ff814520bb8d6e0,fcccee6e8ba980c82937dee9d477f153da63e126e141f70859017ee9e1d4366d,0.007651731371879578,0.0,0.0003403091395739466,0.0003403091395739466,0.0,0.007651731371879578,0.0,0,1,0.007692307233810425,0.20944694064039504,13,1.661538353333106,0.00195902627618386,0.0014954532920961549,0.007651731371879578,0.0003403091395739466,0.007651731371879578,0.0003403091395739466,0.001426014699973166,0.004821285139769316,0.001426014699973166,0,0.007651731371879578,0.0,0.0,0.007651731371879578,0,5.757930651370535e-10,1.734723475976807e-18,0,0,10,11,13,13,0,1,1,1,0.0,0.0,0.0,1,0.003846096806228161,-2.023112028837204e-05,0.003825865685939789,0.003825865685939789,inf,inf,0,0,0.00034030971536701173,-1.734723475976807e-18,1.6615384505345263,0.006356822943769609,1.734723475976807e-18,inf,0,0,0,5,3,0,0,0.03599999938160181
5005,16,2,0,16,05dece10d523474bebb9bb7196f26bb037bfa0776f7b43727ff814520bb8d6e0,fcccee6e8ba980c82937dee9d477f153da63e126e141f70859017ee9e1d4366d,0.016254112124443054,0.038999998942017555,0.0007442138157784939,0.0007442138157784939,0.002076923016745308,0.016254112124443054,0.038999998942017555,1,4,0.9076921939849854,0.20944694064039504,13,1.661538353333106,0.007838313244303315,0.004136722854520441,0.0227458868175745,-0.001332709200966814,0.0227458868175745,0.001332709200966814,0.002655908465385437,0.003860941156744957,0.002655908465385437,0,0.01625411305576563,0.038999998942017555,9.313225746154785e-10,0.030751297250390053,0,2.0999186070569387e-10,1.734723475976807e-18,10,1,10,11,1,1,1,1,0,0,0.008999999612569809,0.020999999716877937,0.008999999612569809,0,0.029481131583452225,0.014105482958257198,0.015375648625195026,0.015375648625195026,1.708405476342543,3.275681428061123,0,0,0.0007442140257703546,0.002076923016745306,1.6615384505345263,0.025547231392669865,0.002076923016745306,12.300519175094072,1,0,0,1,2,1,0,0.008999998681247234
5005,16,2,1,16,05dece10d523474bebb9bb7196f26bb037bfa0776f7b43727ff814520bb8d6e0,fcccee6e8ba980c82937dee9d477f153da63e126e141f70859017ee9e1d4366d,0.004630696028470993,0.0,-0.0003182381915394217,-0.0003182381915394217,0.0,0.004630696028470993,0.0,0,1,0.9076921939849854,0.20944694064039504,13,1.661538353333106,0.0013972760805860476,0.0012114832739858231,0.004630696028470993,-0.0003182381915394217,0.004630696028470993,0.0003182381915394217,0.001901282579638064,0.004562420304864645,0.001901282579638064,0,0.004630696028470993,0.0,0.0,0.004630696028470993,0,2.837431383601041e-10,1.734723475976807e-18,0,0,8,11,13,13,0,1,1,1,0.0,0.0,0.0,1,0.004195613786578178,0.0018802657723426819,0.0023153480142354965,0.0023153480142354965,inf,inf,0,0,-0.0003182379077962833,-1.734723475976807e-18,1.6615384505345263,0.003847039752021039,1.734723475976807e-18,inf,0,0,0,3,4,0,0,0.038999998942017555
5005,16,2,3,16,05dece10d523474bebb9bb7196f26bb037bfa0776f7b43727ff814520bb8d6e0,fcccee6e8ba980c82937dee9d477f153da63e126e141f70859017ee9e1d4366d,0.0035857167094945908,0.0,-0.0015015789540484548,-0.0015015789540484548,-3.469446951953614e-18,0.0035857167094945908,0.0,0,1,0.9076923131942749,0.2094469155167731,13,1.661538461366525,0.0012572734352713953,0.001081201495856223,0.0035857167094945908,-0.0015015789540484513,0.0035857167094945908,0.0015015789540484513,0.0027983151376247406,0.003711214754730463,0.0027983151376247406,0,0.0035857167094945908,0.0,0.0,0.0035857167094945908,0,8.208445650623175e-10,3.469446951953614e-18,0,0,3,1,13,13,0,1,1,1,0.0,0.0,0.0,1,0.002396846190094948,-0.0006039878353476524,0.0017928583547472954,0.0017928583547472954,inf,inf,0,0,-0.0015015797748930198,-6.938893903907228e-18,1.6615384522538923,0.002978903095857281,6.938893903907228e-18,inf,0,0,0,4,5,0,0,0.038999998942017555
5005,16,2,4,16,05dece10d523474bebb9bb7196f26bb037bfa0776f7b43727ff814520bb8d6e0,fcccee6e8ba980c82937dee9d477f153da63e126e141f70859017ee9e1d4366d,0.009308263659477234,0.0,0.0003599993360694498,0.0003599993360694498,0.0,0.009308263659477234,0.0,0,1,0.9076921939849854,0.20944694064039504,13,1.661538353333106,0.002167136725182616,0.0016808825043531565,0.009308263659477234,0.0003599993360694498,0.009308263659477234,0.0003599993360694498,0.0020068141166120768,0.004562298767268658,0.0020068141166120768,0,0.009308263659477234,0.0,0.0,0.009308263659477234,0,3.4027639612271843e-09,1.734723475976807e-18,0,0,10,11,13,13,0,1,1,1,0.0,0.0,0.0,1,0.005374114960432053,0.0007199831306934357,0.004654131829738617,0.004654131829738617,inf,inf,0,0,0.000360002738833411,-1.734723475976807e-18,1.6615384505345263,0.007733018988967322,1.734723475976807e-18,inf,0,0,0,5,3,0,0,0.038999998942017555
5005,16,2,5,16,05dece10d523474bebb9bb7196f26bb037bfa0776f7b43727ff814520bb8d6e0,fcccee6e8ba980c82937dee9d477f153da63e126e141f70859017ee9e1d4366d,0.017566245049238205,0.03000000026077032,-0.00039899969124235213,-0.00039899969124235213,-6.44761778689773e-11,0.017566245049238205,0.03000000026077032,1,3,0.007692307233810425,0.20944694064039504,13,1.661538353333106,0.0025853251233319227,0.001588021763242208,0.012433755211532116,-0.00039899962676617426,0.012433755211532116,0.00039899962676617426,0.00130897993221879,0.005053716246038675,0.00130897993221879,0,0.017566245049238205,0.03000000026077032,0.0,0.012433755211532116,0,8.368544399117717e-11,1.734723475976807e-18,10,11,10,11,1,1,1,1,1,1,0.015000000596046448,0.014999999664723873,0.014999999664723873,0,0.008122403174638748,-0.0019055255688726902,0.006216877605766058,0.006216877605766058,0.4144585163149403,0.5414935570792407,1,0,-0.00039899960755690814,-6.447617960370078e-11,1.6615384505345263,0.010329581184247332,6.447617960370078e-11,160207711.5570048,1,0,0,2,1,0,1,0.008999998681247234
5005,17,0,1,17,e4f9ebd811c2a59d666f40282163379f1f0f6c7abb81404cf81cd3702d653dc6,fcccee6e8ba980c82937dee9d477f153da63e126e141f70859017ee9e1d4366d,0.06712199002504349,0.0,0.006018891930580139,0.006018891930580139,0.0,0.06712199002504349,0.0,0,1,0.9076921939849854,0.20944694064039504,13,1.661538353333106,0.01798362211174764,0.01403048899046768,0.06712199002504349,0.006018891930580139,0.06712199002504349,0.006018891930580139,0.006851911544799805,0.0398319736123085,0.006851911544799805,0,0.06712199002504349,0.0,0.0,0.06712199002504349,0,1.4460114425296489e-08,1.3877787807814457e-17,0,0,6,8,13,13,0,1,1,1,0.0,0.0,0.0,1,0.04514896869659424,0.011587973684072495,0.033560995012521744,0.033560995012521744,inf,inf,0,0,0.0060189063906945645,-1.3877787807814457e-17,1.6615384505345263,0.055762883651502344,1.3877787807814457e-17,inf,0,0,0,3,3,0,0,0.08900000154972076
5005,17,0,2,17,e4f9ebd811c2a59d666f40282163379f1f0f6c7abb81404cf81cd3702d653dc6,fcccee6e8ba980c82937dee9d477f153da63e126e141f70859017ee9e1d4366d,0.0706142708659172,0.08900000154972076,0.011216874234378338,0.011216874234378338,0.006784611551578251,0.0706142708659172,0.08900000154972076,1,5,0.9076921939849854,0.20944694064039504,13,1.6615383533331063,0.026570214424134216,0.01988149482822982,0.01838573068380356,0.004432262682800087,0.01838573068380356,0.004432262682800087,0.016948478296399117,0.016908729448914528,0.016948478296399117,0,0.0706142708659172,0.08900000154972076,0.0,0.09370819479227066,0,2.063502313465193e-08,6.938893903907228e-18,10,2,6,7,1,1,1,0,0,0,0.007500007748603821,0.07099999487400055,0.007500007748603821,0,0.06849989295005798,0.021645795553922653,0.04685409739613533,0.04685409739613533,6.24720653186759,9.133309623954684,0,0,0.011216853599355203,0.006784611551578244,1.661538450534526,0.07784988438876847,0.006784611551578244,11.474479238337372,1,0,0,1,2,1,0,0.05900000035762787
5005,17,0,3,17,e4f9ebd811c2a59d666f40282163379f1f0f6c7abb81404cf81cd3702d653dc6,fcccee6e8ba980c82937dee9d477f153da63e126e141f70859017ee9e1d4366d,0.06237294524908066,0.0,0.0005495927180163562,0.0005495927180163562,0.0,0.06237294524908066,0.0,0,1,0.9076923131942749,0.2094469155167731,13,1.661538461366525,0.01658621526741944,0.013259188486979557,0.06237294524908066,0.0005495927180163562,0.06237294524908066,0.0005495927180163562,0.01047490444034338,0.02857321687042713,0.01047490444034338,0,0.06237294524908066,0.0,0.0,0.06237294524908066,0,5.317109065539061e-09,3.469446951953614e-17,0,0,6,8,13,13,0,1,1,1,0.0,0.0,0.0,1,0.03955863416194916,0.008372161537408829,0.03118647262454033,0.03118647262454033,inf,inf,0,0,0.0005495980351254218,-3.469446951953614e-17,1.6615384522538923,0.05181752345583712,3.469446951953614e-17,inf,0,0,0,4,4,0,0,0.08900000154972076
5005,17,0,4,17,e4f9ebd811c2a59d666f40282163379f1f0f6c7abb81404cf81cd3702d653dc6,fcccee6e8ba980c82937dee9d477f153da63e126e141f70859017ee9e1d4366d,0.06040632724761963,0.0,0.03601482883095741,0.03601482883095741,0.0,0.06040632724761963,0.0,0,1,0.9076921939849854,0.20944694064039504,13,1.661538353333106,0.016100113450200328,0.013291544286457038,0.06040632724761963,0.03601482883095741,0.06040632724761963,0.03601482883095741,0.01827850565314293,0.013562406413257122,0.01827850565314293,0,0.06040632724761963,0.0,0.0,0.06040632724761963,0,1.9763426312158217e-08,1.3877787807814457e-17,0,0,6,8,13,13,0,1,1,1,0.0,0.0,0.0,1,0.04068604111671448,0.010482877492904663,0.030203163623809814,0.030203163623809814,inf,inf,0,0,0.036014848594383725,-1.3877787807814457e-17,1.6615384505345263,0.05018371768874573,1.3877787807814457e-17,inf,0,0,0,5,5,0,0,0.08900000154972076
5005,17,0,5,17,e4f9ebd811c2a59d666f40282163379f1f0f6c7abb81404cf81cd3702d653dc6,fcccee6e8ba980c82937dee9d477f153da63e126e141f70859017ee9e1d4366d,0.07853847742080688,0.030000001192092896,-0.008822429925203323,-0.008822429925203323,0.0,0.07853847742080688,0.030000001192092896,1,3,0.007692307233810425,0.20944694064039504,13,1.661538353333106,0.020986882923752052,0.01721657839047133,0.04853847622871399,-0.008822429925203323,0.04853847622871399,0.008822429925203323,0.016143865883350372,0.030728338286280632,0.016143865883350372,0,0.07853847742080688,0.030000001192092896,0.0,0.07853847742080688,0,2.2913698161097784e-09,0.0,10,11,6,7,1,1,1,0,0,0,0.015000000596046448,0.015000000596046448,0.015000000596046448,0,0.05522638559341431,0.015957146883010864,0.03926923871040344,0.03926923871040344,2.617949143332277,3.6817588932609997,0,0,-0.00882243221657314,0.0,1.6615384505345263,0.06524735004055418,0.0,inf,0,0,0,2,1,0,1,0.05900000035762787
5005,17,1,0,17,e4f9ebd811c2a59d666f40282163379f1f0f6c7abb81404cf81cd3702d653dc6,fcccee6e8ba980c82937dee9d477f153da63e126e141f70859017ee9e1d4366d,0.00473448820412159,0.0,0.0005335599998943508,0.0005335599998943508,0.0,0.00473448820412159,0.0,0,1,0.9076921939849854,0.20944694064039504,13,1.661538353333106,0.0011801503500222564,0.0008825294056234982,0.00473448820412159,0.0005335599998943508,0.00473448820412159,0.0005335599998943508,0.005628385115414858,0.005173855926841497,0.005628385115414858,0,0.00473448820412159,0.0,0.0,0.00473448820412159,0,1.1882833970272566e-09,8.673617379884035e-19,0,0,5,1,13,13,0,1,1,1,0.0,0.0,0.0,1,0.011111187748610973,-0.008743943646550179,0.002367244102060795,0.002367244102060795,inf,inf,0,0,0.0005335588116109537,-8.673617379884035e-19,1.6615384505345263,0.003933267097375089,8.673617379884035e-19,inf,0,0,0,3,5,0,0,0.03599999938160181
5005,17,1,2,17,e4f9ebd811c2a59d666f40282163379f1f0f6c7abb81404cf81cd3702d653dc6,fcccee6e8ba980c82937dee9d477f153da63e126e141f70859017ee9e1d4366d,0.0051558855921030045,0.0,0.0006176999886520207,0.0006176999886520207,0.0,0.0051558855921030045,0.0,0,1,0.9076921939849854,0.20944694064039504,13,1.6615383533331063,0.0012606309711713712,0.0010018336349690454,0.0051558855921030045,0.0006176999886520207,0.0051558855921030045,0.0006176999886520207,0.006184658966958523,0.005731635726988316,0.006184658966958523,0,0.0051558855921030045,0.0,0.0,0.0051558855921030045,0,3.639606480781987e-10,0.0,0,0,5,1,13,13,0,1,1,1,0.0,0.0,0.0,1,0.011330033652484417,-0.008752090856432915,0.0025779427960515022,0.0025779427960515022,inf,inf,0,0,0.0006177003526126688,0.0,1.661538450534526,0.0042833510789180565,0.0,inf,0,0,0,4,4,0,0,0.03599999938160181
5005,17,1,3,17,e4f9ebd811c2a59d666f40282163379f1f0f6c7abb81404cf81cd3702d653dc6,fcccee6e8ba980c82937dee9d477f153da63e126e141f70859017ee9e1d4366d,0.017309900373220444,0.017999999225139618,-0.007715387735515833,-0.007715387735515833,-0.008099999428741064,0.017309900373220444,0.017999999225139618,1,3,0.9076923131942749,0.2094469155167731,13,1.661538461366525,0.0007853325816399278,0.0006442275573361729,0.0006900988519191742,0.00038461169322523067,0.0006900988519191742,0.00038461169322523067,0.0027342948596924543,0.004408435896039009,0.0027342948596924543,0,0.017309900955297053,0.017999999225139618,5.820766091346741e-10,0.0030991113744676113,0,1.0323853785743076e-09,0.0,10,11,10,11,1,1,1,1,1,1,0.008999999845400453,0.008999999379739165,0.008999999379739165,0,0.005749795353040099,-0.0042002396658062935,0.0015495556872338057,0.0015495556872338057,0.17217286600287682,0.6388661943670865,1,0,-0.0077153887679012115,-0.008099999428741064,1.6615384522538923,0.002574646358247674,0.008099999428741064,0.3178575975094651,1,1,0,2,2,0,0,0.018000000156462193
5005,17,1,4,17,e4f9ebd811c2a59d666f40282163379f1f0f6c7abb81404cf81cd3702d653dc6,fcccee6e8ba980c82937dee9d477f153da63e126e141f70859017ee9e1d4366d,0.021398641169071198,0.03599999938160181,-0.0007295857067219913,-0.0007295857067219913,6.447617613425383e-11,0.021398641169071198,0.03599999938160181,1,3,0.9076921939849854,0.20944694064039504,13,1.661538353333106,0.0030952446356317677,0.0019332373173102826,0.014601358212530613,-0.0007295857711981674,0.014601358212530613,0.0007295857711981674,0.002995602088049054,0.004956371150910854,0.002995602088049054,0,0.021398641634732485,0.03599999938160181,4.656612873077393e-10,0.014601357746869326,0,2.618410661903159e-10,0.0,10,11,10,11,1,1,1,1,1,1,0.017999999225139618,0.018000000156462193,0.017999999225139618,0,0.013419576454907656,-0.006118897581472993,0.007300678873434663,0.007300678873434663,0.4055932882062685,0.7455320573661617,1,0,-0.0007295854448809251,6.447617613425383e-11,1.6615384505345263,0.012130358663216781,6.447617613425383e-11,188137066.90605628,0,0,0,1,1,1,1,0.018000000156462193
5005,17,1,5,17,e4f9ebd811c2a59d666f40282163379f1f0f6c7abb81404cf81cd3702d653dc6,fcccee6e8ba980c82937dee9d477f153da63e126e141f70859017ee9e1d4366d,0.005192078649997711,0.0,-0.0008193248067982495,-0.0008193248067982495,-1.734723475976807e-18,0.005192078649997711,0.0,0,1,0.007692307233810425,0.20944694064039504,13,1.661538353333106,0.0014714006922679817,0.0012092067909663952,0.005192078649997711,-0.0008193248067982477,0.005192078649997711,0.0008193248067982477,0.002999764634296298,0.004658442456275225,0.002999764634296298,0,0.005192078649997711,0.0,0.0,0.005192078649997711,0,2.0963181225630567e-09,0.0,0,0,5,11,13,13,0,1,1,1,0.0,0.0,0.0,1,0.014803499914705753,-0.012207460589706898,0.0025960393249988556,0.0025960393249988556,inf,inf,0,0,-0.000819326903116372,-1.734723475976807e-18,1.6615384505345263,0.004313419157585296,1.734723475976807e-18,inf,0,0,0,5,3,0,0,0.03599999938160181
5005,17,2,0,17,e4f9ebd811c2a59d666f40282163379f1f0f6c7abb81404cf81cd3702d653dc6,fcccee6e8ba980c82937dee9d477f153da63e126e141f70859017ee9e1d4366d,0.0228300578892231,0.038999998942017555,-0.00039305639802478254,-0.00039305639802478254,0.002076923016745315,0.0228300578892231,0.038999998942017555,1,4,0.9076921939849854,0.20944694064039504,13,1.661538353333106,0.006429207395088716,0.0041765672920723645,0.016169941052794456,-0.0024699794147700974,0.016169941052794456,0.0024699794147700974,0.006145327817648649,0.011873661540448666,0.006145327817648649,0,0.0228300578892231,0.038999998942017555,0.0,0.024796420708298683,0,1.1072054106886497e-09,3.469446951953614e-18,10,1,10,1,1,1,1,1,1,1,0.008999999612569809,0.020999999716877937,0.008999999612569809,0,0.02586112730205059,0.013462916947901249,0.012398210354149342,0.012398210354149342,1.377578987540559,2.8734587128128055,0,0,-0.00039305529081937185,0.0020769230167453114,1.6615384505345263,0.020600103221234418,0.0020769230167453114,9.918568505016749,0,0,0,1,1,1,1,0.008999998681247234
5005,17,2,1,17,e4f9ebd811c2a59d666f40282163379f1f0f6c7abb81404cf81cd3702d653dc6,fcccee6e8ba980c82937dee9d477f153da63e126e141f70859017ee9e1d4366d,0.013523444533348083,0.0,-0.0006419375422410667,-0.0006419375422410667,0.0,0.013523444533348083,0.0,0,1,0.9076921939849854,0.20944694064039504,13,1.661538353333106,0.003303004721088944,0.0024321467654239495,0.013523444533348083,-0.0006419375422410667,0.013523444533348083,0.0006419375422410667,0.006555614527314901,0.00791511032730341,0.006555614527314901,0,0.013523444533348083,0.0,0.0,0.013523444533348083,0,1.7267548849120296e-09,3.469446951953614e-18,0,0,10,1,13,13,0,1,1,1,0.0,0.0,0.0,1,0.01571427658200264,0.008952554315328598,0.006761722266674042,0.006761722266674042,inf,inf,0,0,-0.0006419392689959516,3.469446951953614e-18,1.6615384505345263,0.011234861537914392,3.469446951953614e-18,inf,0,0,0,3,3,0,0,0.038999998942017555
5005,17,2,3,17,e4f9ebd811c2a59d666f40282163379f1f0f6c7abb81404cf81cd3702d653dc6,fcccee6e8ba980c82937dee9d477f153da63e126e141f70859017ee9e1d4366d,0.012099824845790863,0.0,0.0008649476803839207,0.0008649476803839207,0.0,0.012099824845790863,0.0,0,1,0.9076923131942749,0.2094469155167731,13,1.661538461366525,0.0030998902818098278,0.00234250768401919,0.012099824845790863,0.0008649476803839207,0.012099824845790863,0.0008649476803839207,0.004142862744629383,0.006915312260389328,0.004142862744629383,0,0.012099824845790863,0.0,0.0,0.012099824845790863,0,7.857114334153259e-10,6.938893903907228e-18,0,0,10,1,13,13,0,1,1,1,0.0,0.0,0.0,1,0.011952225118875504,0.005902312695980072,0.0060499124228954315,0.0060499124228954315,inf,inf,0,0,0.0008649468946724873,-6.938893903907228e-18,1.6615384522538923,0.01005216212340927,6.938893903907228e-18,inf,0,0,0,4,5,0,0,0.038999998942017555
5005,17,2,4,17,e4f9ebd811c2a59d666f40282163379f1f0f6c7abb81404cf81cd3702d653dc6,fcccee6e8ba980c82937dee9d477f153da63e126e141f70859017ee9e1d4366d,0.012965962290763855,0.0,-0.0022679397370666265,-0.0022679397370666265,0.0,0.012965962290763855,0.0,0,1,0.9076921939849854,0.20944694064039504,13,1.661538353333106,0.0031013070453203674,0.002290995339670125,0.012965962290763855,-0.0022679397370666265,0.012965962290763855,0.0022679397370666265,0.005372720770537853,0.009947598911821842,0.005372720770537853,0,0.012965962290763855,0.0,0.0,0.012965962290763855,0,1.048836961725641e-09,0.0,0,0,10,1,13,13,0,1,1,1,0.0,0.0,0.0,1,0.014518968760967255,0.008035987615585327,0.0064829811453819275,0.0064829811453819275,inf,inf,0,0,-0.0022679407859035883,0.0,1.6615384505345263,0.010771722447142437,0.0,inf,0,0,0,5,4,0,0,0.038999998942017555
5005,17,2,5,17,e4f9ebd811c2a59d666f40282163379f1f0f6c7abb81404cf81cd3702d653dc6,fcccee6e8ba980c82937dee9d477f153da63e126e141f70859017ee9e1d4366d,0.022389361634850502,0.03000000026077032,-0.002336641773581505,-0.002336641773581505,-6.44761778689773e-11,0.022389361634850502,0.03000000026077032,1,3,0.007692307233810425,0.20944694064039504,13,1.661538353333106,0.003073533821915851,0.0021690146876333733,0.007610638625919819,-0.002336641709105327,0.007610638625919819,0.002336641709105327,0.005579076241701841,0.016357550397515297,0.005579076241701841,0,0.022389361634850502,0.03000000026077032,0.0,0.013212987221777439,0,3.2965960187342214e-09,0.0,10,11,10,11,1,1,1,1,1,1,0.015000000596046448,0.014999999664723873,0.014999999664723873,0,0.01282245758920908,0.00621596397832036,0.0066064936108887196,0.0066064936108887196,0.44043291723702416,0.8548305250542232,1,0,-0.002336638476985486,-6.44761778689773e-11,1.6615384505345263,0.010976943157702292,6.44761778689773e-11,170248043.8590614,1,0,0,2,2,0,0,0.008999998681247234
5005,18,0,1,18,36e1e3e90e0111db31fdeadd88d8d6a122aee3341cc6a8fab13b244aeaee65d5,fcccee6e8ba980c82937dee9d477f153da63e126e141f70859017ee9e1d4366d,0.029810946434736252,0.0,-0.0012951012467965484,-0.0012951012467965484,-1.3877787807814457e-17,0.029810946434736252,0.0,0,1,0.007692307233810425,0.20944694064039504,13,1.661538353333106,0.007255008611817036,0.004404402872514443,0.029810946434736252,-0.0012951012467965345,0.029810946434736252,0.0012951012467965345,0.0033963241148740053,0.030039923265576363,0.0033963241148740053,0,0.029810946434736252,0.0,0.0,0.029810946434736252,0,1.6266103932544018e-09,1.3877787807814457e-17,0,0,6,1,13,13,0,1,1,1,0.0,0.0,0.0,1,0.06799570471048355,-0.053090231493115425,0.014905473217368126,0.014905473217368126,inf,inf,0,0,-0.0012951028734069416,0.0,1.6615384505345263,0.024766016874069718,0.0,inf,0,0,0,3,3,0,0,0.08899999782443047
5005,18,0,2,18,36e1e3e90e0111db31fdeadd88d8d6a122aee3341cc6a8fab13b244aeaee65d5,fcccee6e8ba980c82937dee9d477f153da63e126e141f70859017ee9e1d4366d,0.03738357126712799,0.08899999782443047,-7.291557267308235e-05,-7.291557267308235e-05,0.004292308109540205,0.03738357126712799,0.08899999782443047,1,5,0.9076921939849854,0.20944694064039504,13,1.6615383533331063,0.021401370736565076,0.013904807232898945,0.051616426557302475,-0.004365223682213287,0.051616426557302475,0.004365223682213287,0.0034393644891679287,0.03681221604347229,0.0034393644891679287,0,0.03738356940448284,0.08899999782443047,1.862645149230957e-09,0.08209466002881527,0,6.234584454603564e-10,1.0408340855860843e-17,10,2,6,11,1,1,1,0,0,0,0.008999999612569809,0.07099999859929085,0.008999999612569809,0,0.07070517726242542,-0.029657847248017788,0.041047330014407635,0.041047330014407635,4.5608146423783245,7.856131145125312,0,0,-7.291619613152781e-05,0.0042923081095401945,1.661538450534526,0.06820171711071821,0.0042923081095401945,15.88928738809111,0,0,0,1,2,1,0,0.05900000035762787
5005,18,0,3,18,36e1e3e90e0111db31fdeadd88d8d6a122aee3341cc6a8fab13b244aeaee65d5,fcccee6e8ba980c82937dee9d477f153da63e126e141f70859017ee9e1d4366d,0.02236364781856537,0.0,-0.002087349072098732,-0.002087349072098732,0.0,0.02236364781856537,0.0,0,1,0.9076923131942749,0.2094469155167731,13,1.661538461366525,0.005649948307493252,0.003616443234523372,0.02236364781856537,-0.002087349072098732,0.02236364781856537,0.002087349072098732,0.004082276485860348,0.02123112976551056,0.004082276485860348,0,0.02236364781856537,0.0,0.0,0.02236364781856537,0,1.9076446845789352e-10,6.938893903907228e-18,0,0,6,8,13,13,0,1,1,1,0.0,0.0,0.0,1,0.06898995488882065,-0.057808130979537964,0.011181823909282684,0.011181823909282684,inf,inf,0,0,-0.0020873488813342635,-6.938893903907228e-18,1.6615384522538923,0.01857903039160512,6.938893903907228e-18,inf,0,0,0,4,4,0,0,0.08899999782443047
5005,18,0,4,18,36e1e3e90e0111db31fdeadd88d8d6a122aee3341cc6a8fab13b244aeaee65d5,fcccee6e8ba980c82937dee9d477f153da63e126e141f70859017ee9e1d4366d,0.0184159055352211,0.0,-0.0005366376717574894,-0.0005366376717574894,0.0,0.0184159055352211,0.0,0,1,0.9076921939849854,0.20944694064039504,13,1.661538353333106,0.0048101048550076905,0.003150194315735758,0.0184159055352211,-0.0005366376717574894,0.0184159055352211,0.0005366376717574894,0.0034529403783380985,0.014046248979866505,0.0034529403783380985,0,0.018415905302390456,0.0,2.3283064365386963e-10,0.018415905302390456,0,1.4408914729771571e-09,0.0,0,0,6,1,13,13,0,1,1,1,0.0,0.0,0.0,1,0.06585030257701874,-0.05664234992582351,0.009207952651195228,0.009207952651195228,inf,inf,0,0,-0.0005366391126489624,0.0,1.6615384505345263,0.015299367380662203,0.0,inf,0,0,0,5,5,0,0,0.08899999782443047
5005,18,0,5,18,36e1e3e90e0111db31fdeadd88d8d6a122aee3341cc6a8fab13b244aeaee65d5,fcccee6e8ba980c82937dee9d477f153da63e126e141f70859017ee9e1d4366d,0.053527213633060455,0.029999997466802597,-0.006034793797880411,-0.006034793797880411,2.579047114759092e-10,0.053527213633060455,0.029999997466802597,1,3,0.9076921939849854,0.20944694064039504,13,1.661538353333106,0.012776623242097256,0.0072085615164826245,0.02352721616625786,-0.006034794055785123,0.02352721616625786,0.006034794055785123,0.007436019368469715,0.0625496432185173,0.007436019368469715,0,0.053527211770415306,0.029999997466802597,1.862645149230957e-09,0.051810331642627716,0,1.4411942212549933e-09,0.0,10,11,6,11,1,1,1,0,1,0,0.01499999687075615,0.015000000596046448,0.01499999687075615,0,0.06622635945677757,-0.040321193635463715,0.025905165821313858,0.025905165821313858,1.7270114150369138,4.41509155151171,0,0,-0.006034795239074632,2.579047114759092e-10,1.6615384505345263,0.043042429079585796,2.579047114759092e-10,166892759.86183903,0,0,0,2,1,0,1,0.05900000035762787
5005,18,1,0,18,36e1e3e90e0111db31fdeadd88d8d6a122aee3341cc6a8fab13b244aeaee65d5,fcccee6e8ba980c82937dee9d477f153da63e126e141f70859017ee9e1d4366d,0.010216839611530304,0.0,-0.0021581873297691345,-0.0021581873297691345,3.469446951953614e-18,0.010216839611530304,0.0,0,1,0.007692307233810425,0.20944694064039504,13,1.661538353333106,0.002626786844868747,0.0018084417565687168,0.010216839611530304,-0.002158187329769138,0.010216839611530304,0.002158187329769138,0.0021814112551510334,0.002524551237002015,0.0021814112551510334,0,0.010216839611530304,0.0,0.0,0.010216839611530304,0,1.9773043809928614e-09,5.204170427930421e-18,0,0,10,11,13,13,0,1,1,1,0.0,0.0,0.0,1,0.006175952032208443,0.0010675322264432907,0.005108419805765152,0.005108419805765152,inf,inf,0,0,-0.0021581893070735155,-1.734723475976807e-18,1.6615384505345263,0.008487835928750917,1.734723475976807e-18,inf,0,0,0,3,4,0,0,0.035999998450279236
5005,18,1,2,18,36e1e3e90e0111db31fdeadd88d8d6a122aee3341cc6a8fab13b244aeaee65d5,fcccee6e8ba980c82937dee9d477f153da63e126e141f70859017ee9e1d4366d,0.009945770725607872,0.0,-0.0033816276118159294,-0.0033816276118159294,0.0,0.009945770725607872,0.0,0,1,0.9076921939849854,0.20944694064039504,13,1.6615383533331063,0.002471359813816514,0.001769814904801239,0.009945770725607872,-0.0033816276118159294,0.009945770725607872,0.0033816276118159294,0.00429907999932766,0.0019400616874918342,0.00429907999932766,0,0.009945770725607872,0.0,0.0,0.009945770725607872,0,1.1668316434593207e-09,1.734723475976807e-18,0,0,10,9,13,13,0,1,1,1,0.0,0.0,0.0,1,0.005282647907733917,-0.00030976254492998123,0.004972885362803936,0.004972885362803936,inf,inf,0,0,-0.003381628778647573,-1.734723475976807e-18,1.661538450534526,0.008262640240399077,1.734723475976807e-18,inf,0,0,0,4,5,0,0,0.035999998450279236
5005,18,1,3,18,36e1e3e90e0111db31fdeadd88d8d6a122aee3341cc6a8fab13b244aeaee65d5,fcccee6e8ba980c82937dee9d477f153da63e126e141f70859017ee9e1d4366d,0.022282948717474937,0.017999999225139618,-0.008726000785827637,-0.008726000785827637,-0.008099999606050554,0.022282948717474937,0.017999999225139618,1,3,0.9076923131942749,0.2094469155167731,13,1.661538461366525,0.0019647421177415936,0.0015409636316743827,0.0042829494923353195,-0.0006260011797770831,0.0042829494923353195,0.0006260011797770831,0.0034684634301811457,0.006166611332446337,0.0034684634301811457,0,0.02228294825181365,0.017999999225139618,4.656612873077393e-10,0.007275525014847517,0,5.7809139766829e-10,5.204170427930421e-18,10,11,10,11,1,1,1,1,1,1,0.008999999612569809,0.008999999612569809,0.008999999612569809,0,0.003994308412075043,-0.0003565459046512842,0.0036377625074237585,0.0036377625074237585,0.4041958515579372,0.4438120648912484,1,0,-0.008726001363919034,-0.008099999606050548,1.6615384522538923,0.00604428228625211,0.008099999606050548,0.7462077259531154,1,1,0,2,2,0,0,0.017999999225139618
5005,18,1,4,18,36e1e3e90e0111db31fdeadd88d8d6a122aee3341cc6a8fab13b244aeaee65d5,fcccee6e8ba980c82937dee9d477f153da63e126e141f70859017ee9e1d4366d,0.025546278804540634,0.035999998450279236,0.0005485548754222691,0.0005485548754222691,0.0,0.025546278804540634,0.035999998450279236,1,3,0.9076921939849854,0.20944694064039504,13,1.661538353333106,0.0027382646479222634,0.002060291219568817,0.010453719645738602,0.0005485548754222691,0.010453719645738602,0.0005485548754222691,0.002065372420474887,0.0057172514498233795,0.002065372420474887,0,0.02554627973586321,0.035999998450279236,9.313225746154785e-10,0.010453718714416027,0,3.8591063851456386e-10,0.0,10,11,10,11,1,1,1,1,1,1,0.017999999225139618,0.017999999225139618,0.017999999225139618,0,0.005254770629107952,-2.7911271899938583e-05,0.0052268593572080135,0.0052268593572080135,0.2903810879007119,0.2919317141841262,1,0,0.0005485552613329076,0.0,1.6615384505345263,0.008684627797537293,0.0,inf,0,0,0,1,1,1,1,0.017999999225139618
5005,18,1,5,18,36e1e3e90e0111db31fdeadd88d8d6a122aee3341cc6a8fab13b244aeaee65d5,fcccee6e8ba980c82937dee9d477f153da63e126e141f70859017ee9e1d4366d,0.013552717864513397,0.0,-0.0008780003408901393,-0.0008780003408901393,3.469446951953614e-18,0.013552717864513397,0.0,0,1,0.9076921939849854,0.20944694064039504,13,1.661538353333106,0.003296851245785516,0.0023269601298507147,0.013552717864513397,-0.0008780003408901428,0.013552717864513397,0.0008780003408901428,0.0024803983978927135,0.005958561319857836,0.0024803983978927135,0,0.013552717864513397,0.0,0.0,0.013552717864513397,0,2.849942613500356e-09,5.204170427930421e-18,0,0,10,11,13,13,0,1,1,1,0.0,0.0,0.0,1,0.007876183837652206,0.0010998249053955078,0.006776358932256699,0.006776358932256699,inf,inf,0,0,-0.0008780031908327528,-1.734723475976807e-18,1.6615384505345263,0.011259180920567591,1.734723475976807e-18,inf,0,0,0,5,3,0,0,0.035999998450279236
5005,18,2,0,18,36e1e3e90e0111db31fdeadd88d8d6a122aee3341cc6a8fab13b244aeaee65d5,fcccee6e8ba980c82937dee9d477f153da63e126e141f70859017ee9e1d4366d,0.017821792513132095,0.038999998942017555,-0.001482005580328405,-0.001482005580328405,0.0020769230167453114,0.017821792513132095,0.038999998942017555,1,4,0.007692307233810425,0.20944694064039504,13,1.661538353333106,0.007815089860392409,0.004123955028208755,0.02117820642888546,-0.0035589285970737163,0.02117820642888546,0.0035589285970737163,0.001913687912747264,0.0034575045574456453,0.001913687912747264,0,0.01782179158180952,0.038999998942017555,9.313225746154785e-10,0.030870012938976288,0,1.0952351118045933e-09,3.469446951953614e-18,10,1,10,11,1,1,1,1,0,0,0.008999999612569809,0.020999999716877937,0.008999999612569809,0,0.02834811806678772,0.012913111597299576,0.015435006469488144,0.015435006469488144,1.7150007926590254,3.149791031901318,0,0,-0.0014820066755635167,0.002076923016745308,1.6615384505345263,0.02564585673330372,0.002076923016745308,12.348005451589957,0,0,0,1,2,1,0,0.008999998681247234
5005,18,2,1,18,36e1e3e90e0111db31fdeadd88d8d6a122aee3341cc6a8fab13b244aeaee65d5,fcccee6e8ba980c82937dee9d477f153da63e126e141f70859017ee9e1d4366d,0.0038947518914937973,0.0,-0.0006448358180932701,-0.0006448358180932701,0.0,0.0038947518914937973,0.0,0,1,0.007692307233810425,0.20944694064039504,13,1.661538353333106,0.0012790952258079976,0.0011483649750785715,0.0038947518914937973,-0.0006448358180932701,0.0038947518914937973,0.0006448358180932701,0.002272913698107004,0.003981746267527342,0.002272913698107004,0,0.0038947518914937973,0.0,0.0,0.0038947518914937973,0,5.370945493909929e-10,1.734723475976807e-18,0,0,10,11,13,13,0,1,1,1,0.0,0.0,0.0,1,0.0023341141641139984,0.00038673821836709976,0.0019473759457468987,0.0019473759457468987,inf,inf,0,0,-0.0006448352809987207,-1.734723475976807e-18,1.6615384505345263,0.0032356400115045097,1.734723475976807e-18,inf,0,0,0,3,5,0,0,0.038999998942017555
5005,18,2,3,18,36e1e3e90e0111db31fdeadd88d8d6a122aee3341cc6a8fab13b244aeaee65d5,fcccee6e8ba980c82937dee9d477f153da63e126e141f70859017ee9e1d4366d,0.003898492082953453,0.0,-0.001025746576488018,-0.001025746576488018,-3.469446951953614e-18,0.003898492082953453,0.0,0,1,0.9076923131942749,0.2094469155167731,13,1.661538461366525,0.0011680917595618876,0.0009975260310977167,0.003898492082953453,-0.0010257465764880146,0.003898492082953453,0.0010257465764880146,0.003049631603062153,0.003165984759107232,0.003049631603062153,0,0.003898492082953453,0.0,0.0,0.003898492082953453,0,1.6620467068600986e-10,3.469446951953614e-18,0,0,10,6,13,13,0,1,1,1,0.0,0.0,0.0,1,0.003476077690720558,-0.0015268316492438316,0.0019492460414767265,0.0019492460414767265,inf,inf,0,0,-0.0010257467426926887,-6.938893903907228e-18,1.6615384522538923,0.0032387472508172664,6.938893903907228e-18,inf,0,0,0,4,4,0,0,0.038999998942017555
5005,18,2,4,18,36e1e3e90e0111db31fdeadd88d8d6a122aee3341cc6a8fab13b244aeaee65d5,fcccee6e8ba980c82937dee9d477f153da63e126e141f70859017ee9e1d4366d,0.009931078180670738,0.0,0.00017915356147568673,0.00017915356147568673,0.0,0.009931078180670738,0.0,0,1,0.9076921939849854,0.20944694064039504,13,1.661538353333106,0.002217389944153534,0.0015888712727106535,0.009931078180670738,0.00017915356147568673,0.009931078180670738,0.00017915356147568673,0.002013945719227195,0.00539875403046608,0.002013945719227195,0,0.009931078180670738,0.0,0.0,0.009931078180670738,0,4.4065432552864436e-10,1.734723475976807e-18,0,0,10,11,13,13,0,1,1,1,0.0,0.0,0.0,1,0.005277369171380997,-0.0003118300810456276,0.004965539090335369,0.004965539090335369,inf,inf,0,0,0.0001791531208213612,-1.734723475976807e-18,1.6615384505345263,0.00825043412622445,1.734723475976807e-18,inf,0,0,0,5,3,0,0,0.038999998942017555
5005,18,2,5,18,36e1e3e90e0111db31fdeadd88d8d6a122aee3341cc6a8fab13b244aeaee65d5,fcccee6e8ba980c82937dee9d477f153da63e126e141f70859017ee9e1d4366d,0.018858755007386208,0.03000000026077032,-0.0016863344935700297,-0.0016863344935700297,-6.44761778689773e-11,0.018858755007386208,0.03000000026077032,1,3,0.9076921939849854,0.20944694064039504,13,1.661538353333106,0.0023586947126423377,0.001503862627952762,0.011141245253384113,-0.0016863344290938519,0.011141245253384113,0.0016863344290938519,0.004001035820692778,0.004917612764984369,0.004001035820692778,0,0.01885875454172492,0.03000000026077032,4.656612873077393e-10,0.0111412457190454,0,3.926522024189083e-10,1.734723475976807e-18,10,11,10,11,1,1,1,1,1,1,0.015000000596046448,0.014999999664723873,0.014999999664723873,0,0.008361320942640305,-0.0027906980831176043,0.0055706228595227,0.0055706228595227,0.37137486560238847,0.5574214086353597,1,0,-0.0016863341009178273,-6.447617960370078e-11,1.6615384505345263,0.00925580407452356,6.447617960370078e-11,143553854.01886156,1,0,0,2,1,0,1,0.008999998681247234
5005,19,0,1,19,74286fef4547cbaeb64ab0e023b8848c619ee0e3de4297080d4de695085f0b15,fcccee6e8ba980c82937dee9d477f153da63e126e141f70859017ee9e1d4366d,0.01725113019347191,0.0,-0.00684009725227952,-0.00684009725227952,-5.551115123125783e-17,0.01725113019347191,0.0,0,1,0.9076921939849854,0.20944694064039504,13,1.661538353333106,0.005699736541291251,0.00492007836434968,0.01725113019347191,-0.0068400972522794645,0.01725113019347191,0.0068400972522794645,0.0053912871517241,0.014489737339317799,0.0053912871517241,0,0.01725113019347191,0.0,0.0,0.01725113019347191,0,1.886453257493592e-09,8.326672684688674e-17,0,0,3,2,13,13,0,1,1,1,0.0,0.0,0.0,1,0.21563329175114632,-0.20700772665441036,0.008625565096735954,0.008625565096735954,inf,inf,0,0,-0.0068400953658262625,2.7755575615628914e-17,1.6615384505345263,0.014331708065815348,2.7755575615628914e-17,inf,0,0,0,3,4,0,0,0.08900000154972076
5005,19,0,2,19,74286fef4547cbaeb64ab0e023b8848c619ee0e3de4297080d4de695085f0b15,fcccee6e8ba980c82937dee9d477f153da63e126e141f70859017ee9e1d4366d,0.02376248687505722,0.08900000154972076,0.003382845548912883,0.003382845548912883,0.006784623931004374,0.02376248687505722,0.08900000154972076,1,5,0.9076921939849854,0.20944694064039504,13,1.6615383533331063,0.01956934541106936,0.010718619302135607,0.06523751467466354,-0.0034017783820914915,0.06523751467466354,0.0034017783820914915,0.0075715589337050915,0.014227066189050674,0.0075715589337050915,0,0.023762486409395933,0.08900000154972076,4.656612873077393e-10,0.08270474383607507,0,1.1524955365049827e-09,1.3877787807814457e-17,10,2,10,0,1,1,1,1,0,0,0.007499992847442627,0.07099999487400055,0.007499992847442627,0,0.25268019502982497,-0.21132782311178744,0.041352371918037534,0.041352371918037534,5.513654847302688,33.69072480062227,0,0,0.0033828467014084193,0.006784623931004388,1.661538450534526,0.06870855596262353,0.006784623931004388,10.127098666241327,1,0,0,1,1,1,1,0.05900001525878906
5005,19,0,3,19,74286fef4547cbaeb64ab0e023b8848c619ee0e3de4297080d4de695085f0b15,fcccee6e8ba980c82937dee9d477f153da63e126e141f70859017ee9e1d4366d,0.015258386731147766,0.0,0.005457089748233557,0.005457089748233557,0.0,0.015258386731147766,0.0,0,1,0.9076923131942749,0.2094469155167731,13,1.661538461366525,0.005087868569519796,0.0045778407059477635,0.015258386731147766,0.005457089748233557,0.015258386731147766,0.005457089748233557,0.008787273429334164,0.008634413592517376,0.008787273429334164,0,0.015258386731147766,0.0,0.0,0.015258386731147766,0,2.4410929458373865e-09,4.163336342344337e-17,0,0,4,1,13,13,0,1,1,1,0.0,0.0,0.0,1,0.22574694827198982,-0.21811775490641594,0.007629193365573883,0.007629193365573883,inf,inf,0,0,0.005457092189326503,-4.163336342344337e-17,1.6615384522538923,0.012676198136581293,4.163336342344337e-17,inf,0,0,0,4,5,0,0,0.08900000154972076
5005,19,0,4,19,74286fef4547cbaeb64ab0e023b8848c619ee0e3de4297080d4de695085f0b15,fcccee6e8ba980c82937dee9d477f153da63e126e141f70859017ee9e1d4366d,0.021797221153974533,0.0,0.0009500418673269451,0.0009500418673269451,0.0,0.021797221153974533,0.0,0,1,0.9076921939849854,0.20944694064039504,13,1.661538353333106,0.005964303504155083,0.004696160995748621,0.021797221153974533,0.0009500418673269451,0.021797221153974533,0.0009500418673269451,0.018024228513240814,0.01194548886269331,0.018024228513240814,0,0.021797221153974533,0.0,0.0,0.021797221153974533,0,1.6352108729578152e-09,2.7755575615628914e-17,0,0,10,1,13,13,0,1,1,1,0.0,0.0,0.0,1,0.21522324159741402,-0.20432463102042675,0.010898610576987267,0.010898610576987267,inf,inf,0,0,0.0009500402321160721,2.7755575615628914e-17,1.6615384505345263,0.01810846053106662,2.7755575615628914e-17,inf,0,0,0,5,3,0,0,0.08900000154972076
5005,19,0,5,19,74286fef4547cbaeb64ab0e023b8848c619ee0e3de4297080d4de695085f0b15,fcccee6e8ba980c82937dee9d477f153da63e126e141f70859017ee9e1d4366d,0.02291307970881462,0.0299999862909317,-0.008036568760871887,-0.008036568760871887,1.0316187903924856e-09,0.02291307970881462,0.0299999862909317,1,3,0.9076921939849854,0.20944694064039504,13,1.661538353333106,0.006647779182097552,0.005606592495060531,0.007086906582117081,-0.008036569792490678,0.007086906582117081,0.008036569792490678,0.005854020360857248,0.018739327788352966,0.005854020360857248,0,0.02291307970881462,0.0299999862909317,0.0,0.020513202995061874,0,1.4942041666465844e-09,5.551115123125783e-17,10,11,10,2,1,1,1,1,0,0,0.014999985694885254,0.015000000596046448,0.014999985694885254,0,0.2355388179421425,-0.22528221644461155,0.010256601497530937,0.010256601497530937,0.6837740852665125,15.702602837978526,0,0,-0.008036570255076054,1.0316188459036368e-09,1.6615384505345263,0.017041737759957657,1.0316188459036368e-09,16519412.986324525,0,0,0,2,2,0,0,0.05900001525878906
5005,19,1,0,19,74286fef4547cbaeb64ab0e023b8848c619ee0e3de4297080d4de695085f0b15,fcccee6e8ba980c82937dee9d477f153da63e126e141f70859017ee9e1d4366d,0.004285341128706932,0.0,-0.00028989589191041887,-0.00028989589191041887,0.0,0.004285341128706932,0.0,0,1,0.9076921939849854,0.20944694064039504,13,1.661538353333106,0.0012366957282881682,0.0010654991106874138,0.004285341128706932,-0.00028989589191041887,0.004285341128706932,0.00028989589191041887,0.003737797262147069,0.0055455975234508514,0.003737797262147069,0,0.004285341128706932,0.0,0.0,0.004285341128706932,0,3.130357782016313e-09,1.734723475976807e-18,0,0,5,10,13,13,0,1,1,1,0.0,0.0,0.0,1,0.012758062221109867,-0.010615391656756401,0.002142670564353466,0.002142670564353466,inf,inf,0,0,-0.00028989276155263685,-1.734723475976807e-18,1.6615384505345263,0.003560129529501797,1.734723475976807e-18,inf,0,0,0,3,5,0,0,0.03599999938160181
5005,19,1,2,19,74286fef4547cbaeb64ab0e023b8848c619ee0e3de4297080d4de695085f0b15,fcccee6e8ba980c82937dee9d477f153da63e126e141f70859017ee9e1d4366d,0.0056328848004341125,0.0,0.0008869397570379078,0.0008869397570379078,0.0,0.0056328848004341125,0.0,0,1,0.9076921939849854,0.20944694064039504,13,1.6615383533331063,0.0015790161936186618,0.001375633561928597,0.0056328848004341125,0.0008869397570379078,0.0056328848004341125,0.0008869397570379078,0.00468307314440608,0.00640157051384449,0.00468307314440608,0,0.0056328848004341125,0.0,0.0,0.0056328848004341125,0,2.1531824830056667e-09,0.0,0,0,5,10,13,13,0,1,1,1,0.0,0.0,0.0,1,0.014509365893900394,-0.011692923493683338,0.0028164424002170563,0.0028164424002170563,inf,inf,0,0,0.0008869419102203908,0.0,1.661538450534526,0.004679627341676389,0.0,inf,0,0,0,4,3,0,0,0.03599999938160181
5005,19,1,3,19,74286fef4547cbaeb64ab0e023b8848c619ee0e3de4297080d4de695085f0b15,fcccee6e8ba980c82937dee9d477f153da63e126e141f70859017ee9e1d4366d,0.015198977664113045,0.017999999225139618,-0.006577197462320328,-0.006577197462320328,-0.008099999428741064,0.015198977664113045,0.017999999225139618,1,3,0.9076923131942749,0.2094469155167731,13,1.661538461366525,0.0010237692164780218,0.0009183622414477654,0.002801021561026573,0.0015228019664207358,0.002801021561026573,0.0015228019664207358,0.0026703618932515383,0.00683698570355773,0.0026703618932515383,0,0.01519897801335901,0.017999999225139618,3.4924596548080444e-10,0.003135529113933444,0,4.781609639487039e-10,0.0,10,11,10,11,1,1,1,1,1,1,0.008999999845400453,0.008999999379739165,0.008999999379739165,0,0.007386063924059272,-0.00581829936709255,0.001567764556966722,0.001567764556966722,0.1741960738904138,0.8206738258990116,1,0,-0.006577197940481292,-0.008099999428741064,1.6615384522538923,0.0026049010954809966,0.008099999428741064,0.32159275051774433,1,1,0,2,2,0,0,0.018000000156462193
5005,19,1,4,19,74286fef4547cbaeb64ab0e023b8848c619ee0e3de4297080d4de695085f0b15,fcccee6e8ba980c82937dee9d477f153da63e126e141f70859017ee9e1d4366d,0.019057434052228928,0.03599999938160181,-0.0011670488165691495,-0.0011670488165691495,6.447617613425383e-11,0.019057434052228928,0.03599999938160181,1,3,0.9076921939849854,0.20944694064039504,13,1.661538353333106,0.0035070278188418505,0.0020909582391469435,0.016942565329372883,-0.0011670488810453256,0.016942565329372883,0.0011670488810453256,0.00303317466750741,0.004650737624615431,0.00303317466750741,0,0.019057433120906353,0.03599999938160181,9.313225746154785e-10,0.016942566260695457,0,3.0569680467551485e-10,0.0,10,11,10,11,1,1,1,1,1,1,0.017999999225139618,0.018000000156462193,0.017999999225139618,0,0.014849595725536346,-0.006378312595188618,0.008471283130347729,0.008471283130347729,0.4706268608343243,0.8249775758210437,1,0,-0.0011670491222659542,6.447617613425383e-11,1.6615384505345263,0.014075362646437236,6.447617613425383e-11,218303309.69270232,0,0,0,1,1,1,1,0.018000000156462193
5005,19,1,5,19,74286fef4547cbaeb64ab0e023b8848c619ee0e3de4297080d4de695085f0b15,fcccee6e8ba980c82937dee9d477f153da63e126e141f70859017ee9e1d4366d,0.004507577046751976,0.0,-0.001712391502223909,-0.001712391502223909,0.0,0.004507577046751976,0.0,0,1,0.9076921939849854,0.20944694064039504,13,1.661538353333106,0.001315581588477205,0.0011041439937416622,0.004507577046751976,-0.001712391502223909,0.004507577046751976,0.001712391502223909,0.0019894340075552464,0.005039847455918789,0.0019894340075552464,0,0.004507577046751976,0.0,0.0,0.004507577046751976,0,1.5999413079115232e-10,1.734723475976807e-18,0,0,5,11,13,13,0,1,1,1,0.0,0.0,0.0,1,0.01382181141525507,-0.011568022891879082,0.002253788523375988,0.002253788523375988,inf,inf,0,0,-0.0017123913422297781,-1.734723475976807e-18,1.6615384505345263,0.0037447562909626374,1.734723475976807e-18,inf,0,0,0,5,4,0,0,0.03599999938160181
5005,19,2,0,19,74286fef4547cbaeb64ab0e023b8848c619ee0e3de4297080d4de695085f0b15,fcccee6e8ba980c82937dee9d477f153da63e126e141f70859017ee9e1d4366d,0.020022140815854073,0.03899999801069498,0.000199098140001297,0.000199098140001297,0.0020769229522691265,0.020022140815854073,0.03899999801069498,1,4,0.9076921939849854,0.20944694064039504,13,1.661538353333106,0.006687064419798142,0.004341956084737411,0.018977857194840908,-0.0018778248122678295,0.018977857194840908,0.0018778248122678295,0.006449360400438309,0.012007544748485088,0.006449360400438309,0,0.020022140815854073,0.03899999801069498,0.0,0.02657381910830736,0,6.030962344111268e-10,3.469446951953614e-18,10,1,10,1,1,1,1,1,1,1,0.008999999612569809,0.020999998785555363,0.008999999612569809,0,0.03499158006161451,0.021704670507460833,0.01328690955415368,0.01328690955415368,1.476323347347324,3.8879535075472313,0,0,0.00019909753690506259,0.00207692295226913,1.6615384505345263,0.0220767111130009,0.00207692295226913,10.62952821089541,1,0,0,1,2,1,0,0.00899999774992466
5005,19,2,1,19,74286fef4547cbaeb64ab0e023b8848c619ee0e3de4297080d4de695085f0b15,fcccee6e8ba980c82937dee9d477f153da63e126e141f70859017ee9e1d4366d,0.014238782227039337,0.0,-0.0009183368529193103,-0.0009183368529193103,-3.469446951953614e-18,0.014238782227039337,0.0,0,1,0.9076921939849854,0.20944694064039504,13,1.661538353333106,0.003418835408173091,0.002678850875098324,0.014238782227039337,-0.0009183368529193069,0.014238782227039337,0.0009183368529193069,0.0057220240123569965,0.00881905760616064,0.0057220240123569965,0,0.014238782227039337,0.0,0.0,0.014238782227039337,0,1.989993104328791e-09,1.734723475976807e-18,0,0,10,1,13,13,0,1,1,1,0.0,0.0,0.0,1,0.034168314188718796,0.027048923075199127,0.007119391113519669,0.007119391113519669,inf,inf,0,0,-0.0009183388429124147,-1.734723475976807e-18,1.6615384505345263,0.011829142079506746,1.734723475976807e-18,inf,0,0,0,3,4,0,0,0.03899999801069498
5005,19,2,3,19,74286fef4547cbaeb64ab0e023b8848c619ee0e3de4297080d4de695085f0b15,fcccee6e8ba980c82937dee9d477f153da63e126e141f70859017ee9e1d4366d,0.013311110436916351,0.0,0.0026507191359996796,0.0026507191359996796,0.0,0.013311110436916351,0.0,0,1,0.9076923131942749,0.2094469155167731,13,1.661538461366525,0.003264186194654845,0.002545845887717411,0.013311110436916351,0.0026507191359996796,0.013311110436916351,0.0026507191359996796,0.003983613569289446,0.00769155053421855,0.003983613569289446,0,0.013311110436916351,0.0,0.0,0.013311110436916351,0,3.8251025402669114e-09,1.734723475976807e-18,0,0,10,1,13,13,0,1,1,1,0.0,0.0,0.0,1,0.03116140142083168,0.024505846202373505,0.006655555218458176,0.006655555218458176,inf,inf,0,0,0.00265072296110222,-1.734723475976807e-18,1.6615384522538923,0.011058460916567312,1.734723475976807e-18,inf,0,0,0,4,5,0,0,0.03899999801069498
5005,19,2,4,19,74286fef4547cbaeb64ab0e023b8848c619ee0e3de4297080d4de695085f0b15,fcccee6e8ba980c82937dee9d477f153da63e126e141f70859017ee9e1d4366d,0.01554812490940094,0.0,-0.0014503878774121404,-0.0014503878774121404,-3.469446951953614e-18,0.01554812490940094,0.0,0,1,0.9076921939849854,0.20944694064039504,13,1.661538353333106,0.00362394263648217,0.002647583124905648,0.01554812490940094,-0.001450387877412137,0.01554812490940094,0.001450387877412137,0.006642213091254234,0.007901002652943134,0.006642213091254234,0,0.01554812490940094,0.0,0.0,0.01554812490940094,0,1.4155444247321292e-09,1.734723475976807e-18,0,0,10,1,13,13,0,1,1,1,0.0,0.0,0.0,1,0.03577564284205437,0.028001580387353897,0.00777406245470047,0.00777406245470047,inf,inf,0,0,-0.0014503864618677156,-1.734723475976807e-18,1.6615384505345263,0.012916903685341655,1.734723475976807e-18,inf,0,0,0,5,3,0,0,0.03899999801069498
5005,19,2,5,19,74286fef4547cbaeb64ab0e023b8848c619ee0e3de4297080d4de695085f0b15,fcccee6e8ba980c82937dee9d477f153da63e126e141f70859017ee9e1d4366d,0.02221890352666378,0.03000000026077032,-0.0010831657564267516,-0.0010831657564267516,-6.44761778689773e-11,0.02221890352666378,0.03000000026077032,1,3,0.9076921939849854,0.20944694064039504,13,1.661538353333106,0.003558021291578163,0.002500524127183582,0.007781096734106541,-0.0010831656919505737,0.007781096734106541,0.0010831656919505737,0.005554808769375086,0.01296188309788704,0.005554808769375086,0,0.02221890352666378,0.03000000026077032,0.0,0.01582516636699438,0,2.204736582536726e-09,0.0,10,11,10,1,1,1,1,1,0,0,0.015000000596046448,0.014999999664723873,0.014999999664723873,0,0.0217168303206563,0.013804247137159109,0.00791258318349719,0.00791258318349719,0.5275055573571473,1.447788720404353,0,0,-0.001083163551690169,-6.44761778689773e-11,1.6615384505345263,0.01314706120243347,6.44761778689773e-11,203905715.83119813,1,0,0,2,1,0,1,0.00899999774992466
5005,20,0,1,20,11f7815f51ff0075a848de2a9501f07604977f07ca323677019d7795276b09da,fcccee6e8ba980c82937dee9d477f153da63e126e141f70859017ee9e1d4366d,0.010345123708248138,0.0,-0.002465204568579793,-0.002465204568579793,0.0,0.010345123708248138,0.0,0,1,0.9076921939849854,0.20944694064039504,13,1.661538353333106,0.0029295821221757665,0.0023860768993666185,0.010345123708248138,-0.002465204568579793,0.010345123708248138,0.002465204568579793,0.0014583967858925462,0.005138085223734379,0.0014583967858925462,0,0.010345124173909426,0.0,4.656612873077393e-10,0.010345124173909426,0,9.866363594179806e-10,0.0,0,0,10,0,13,13,0,1,1,1,0.0,0.0,0.0,1,0.015055296011269093,-0.00988273392431438,0.005172562086954713,0.005172562086954713,inf,inf,0,0,-0.0024652055552161524,0.0,1.6615384505345263,0.00859441079525237,0.0,inf,0,0,0,3,4,0,0,0.08899999409914017
5005,20,0,2,20,11f7815f51ff0075a848de2a9501f07604977f07ca323677019d7795276b09da,fcccee6e8ba980c82937dee9d477f153da63e126e141f70859017ee9e1d4366d,0.02253679558634758,0.08899999409914017,-0.0009160577319562435,-0.0009160577319562435,0.006784615017172806,0.02253679558634758,0.08899999409914017,1,5,0.9076921939849854,0.20944694064039504,13,1.6615383533331063,0.021504335381817275,0.011380939921619058,0.06646319851279259,-0.007700672749129049,0.06646319851279259,0.007700672749129049,0.0029243212193250656,0.007480985950678587,0.0029243212193250656,0,0.02253679528075736,0.08899999409914017,3.055902197957039e-10,0.08313406375236809,0,6.318667611707185e-10,0.0,10,2,10,11,1,1,1,1,0,0,0.007499999366700649,0.07099999487400055,0.007499999366700649,0,0.06874398421496153,0.027176952338777483,0.041567031876184046,0.041567031876184046,5.542271384813455,9.165865335959746,0,0,-0.0009160583638230047,0.006784615017172806,1.661538450534526,0.0690652217368741,0.006784615017172806,10.179681759696077,0,0,0,1,2,1,0,0.05899999476969242
5005,20,0,3,20,11f7815f51ff0075a848de2a9501f07604977f07ca323677019d7795276b09da,fcccee6e8ba980c82937dee9d477f153da63e126e141f70859017ee9e1d4366d,0.010315937921404839,0.0,-0.0014471415197476745,-0.0014471415197476745,0.0,0.010315937921404839,0.0,0,1,0.9076923131942749,0.2094469155167731,13,1.661538461366525,0.0027999368455653892,0.002275978507110353,0.010315937921404839,-0.0014471415197476745,0.010315937921404839,0.0014471415197476745,0.004548125434666872,0.005280148703604937,0.004548125434666872,0,0.010315937921404839,0.0,0.0,0.010315937921404839,0,5.023498717698915e-10,1.0842021724855044e-19,0,0,10,6,13,13,0,1,1,1,0.0,0.0,0.0,1,0.016462105326354504,-0.011304136365652084,0.005157968960702419,0.005157968960702419,inf,inf,0,0,-0.0014471420220975462,1.0842021724855044e-19,1.6615384522538923,0.008570163763739116,1.0842021724855044e-19,inf,0,0,0,4,5,0,0,0.08899999409914017
5005,20,0,4,20,11f7815f51ff0075a848de2a9501f07604977f07ca323677019d7795276b09da,fcccee6e8ba980c82937dee9d477f153da63e126e141f70859017ee9e1d4366d,0.014549843035638332,0.0,-0.0031386290211230516,-0.0031386290211230516,0.0,0.014549843035638332,0.0,0,1,0.9076921939849854,0.20944694064039504,13,1.661538353333106,0.0033350411142409686,0.002365414064223244,0.014549843035638332,-0.0031386290211230516,0.014549843035638332,0.0031386290211230516,0.0048591503873467445,0.005032021552324295,0.0048591503873467445,0,0.014549843035638332,0.0,0.0,0.014549843035638332,0,2.389906327525393e-09,0.0,0,0,10,11,13,13,0,1,1,1,0.0,0.0,0.0,1,0.017470535822212696,-0.01019561430439353,0.007274921517819166,0.007274921517819166,inf,inf,0,0,-0.003138631411029379,0.0,1.6615384505345263,0.012087561826477541,0.0,inf,0,0,0,5,3,0,0,0.08899999409914017
5005,20,0,5,20,11f7815f51ff0075a848de2a9501f07604977f07ca323677019d7795276b09da,fcccee6e8ba980c82937dee9d477f153da63e126e141f70859017ee9e1d4366d,0.024417422711849213,0.029999999329447746,-0.0017207827186211944,-0.0017207827186211944,0.0,0.024417422711849213,0.029999999329447746,1,3,0.9076921939849854,0.20944694064039504,13,1.661538353333106,0.0020931241583820254,0.001727176334201937,0.005582576617598534,-0.0017207827186211944,0.005582576617598534,0.0017207827186211944,0.0024489278439432383,0.005068307742476463,0.0024489278439432383,0,0.024417421780526638,0.029999999329447746,9.313225746154785e-10,0.0064904578030109406,0,5.975342963482344e-11,2.168404344971009e-19,10,11,10,11,1,1,1,1,1,1,0.014999999664723873,0.014999999664723873,0.014999999664723873,0,0.013960404321551323,-0.010715175420045853,0.0032452289015054703,0.0032452289015054703,0.21634859826946604,0.9306936422393789,1,0,-0.0017207826588677647,-2.168404344971009e-19,1.6615384505345263,0.005392072600637262,2.168404344971009e-19,inf,0,0,0,2,1,0,1,0.05899999476969242
5005,20,1,0,20,11f7815f51ff0075a848de2a9501f07604977f07ca323677019d7795276b09da,fcccee6e8ba980c82937dee9d477f153da63e126e141f70859017ee9e1d4366d,0.004259907640516758,0.0,-0.0009923131437972188,-0.0009923131437972188,0.0,0.004259907640516758,0.0,0,1,0.007692307233810425,0.20944694064039504,13,1.661538353333106,0.001153518079520132,0.0009576066909633443,0.004259907640516758,-0.0009923131437972188,0.004259907640516758,0.0009923131437972188,0.001969696721062064,0.0017815290484577417,0.001969696721062064,0,0.004259907640516758,0.0,0.0,0.004259907640516758,0,2.017913683372008e-10,1.734723475976807e-18,0,0,10,12,13,13,0,1,1,1,0.0,0.0,0.0,1,0.003978707827627659,-0.0018487540073692799,0.002129953820258379,0.002129953820258379,inf,inf,0,0,-0.0009923129420058505,-1.734723475976807e-18,1.6615384505345263,0.003539000170222202,1.734723475976807e-18,inf,0,0,0,3,4,0,0,0.03599999938160181
5005,20,1,2,20,11f7815f51ff0075a848de2a9501f07604977f07ca323677019d7795276b09da,fcccee6e8ba980c82937dee9d477f153da63e126e141f70859017ee9e1d4366d,0.003789967857301235,0.0,0.0002984485181514174,0.0002984485181514174,0.0,0.003789967857301235,0.0,0,1,0.9076921939849854,0.20944694064039504,13,1.6615383533331063,0.0010591758662277595,0.0008679383472930748,0.003789967857301235,0.0002984485181514174,0.003789967857301235,0.0002984485181514174,0.0017666927305981517,0.0019719540141522884,0.0017666927305981517,0,0.003789967857301235,0.0,0.0,0.003789967857301235,0,2.3219734815449478e-10,0.0,0,0,10,12,13,13,0,1,1,1,0.0,0.0,0.0,1,0.004439358599483967,-0.0025443746708333492,0.0018949839286506176,0.0018949839286506176,inf,inf,0,0,0.00029844875034876553,0.0,1.661538450534526,0.003148588660597976,0.0,inf,0,0,0,4,5,0,0,0.03599999938160181
5005,20,1,3,20,11f7815f51ff0075a848de2a9501f07604977f07ca323677019d7795276b09da,fcccee6e8ba980c82937dee9d477f153da63e126e141f70859017ee9e1d4366d,0.01641933061182499,0.017999999225139618,-0.0072243730537593365,-0.0072243730537593365,-0.008099999428741064,0.01641933061182499,0.017999999225139618,1,3,0.9076923131942749,0.2094469155167731,13,1.661538461366525,0.0006614926707617414,0.0005877926923643203,0.0015806686133146286,0.0008756263749817271,0.0015806686133146286,0.0008756263749817271,0.0027576370630413294,0.004655725322663784,0.0027576370630413294,0,0.016419330378994346,0.017999999225139618,2.3283064365386963e-10,0.001855368260294199,0,2.570809294610843e-10,0.0,10,11,10,11,1,1,1,1,1,1,0.008999999845400453,0.008999999379739165,0.008999999379739165,0,0.0041416597086936235,-0.003213975578546524,0.0009276841301470995,0.0009276841301470995,0.10307602156456874,0.4601844437920012,1,0,-0.007224372796678407,-0.008099999428741064,1.6615384522538923,0.00154138285378511,0.008099999428741064,0.1902941929002924,1,1,0,2,2,0,0,0.018000000156462193
5005,20,1,4,20,11f7815f51ff0075a848de2a9501f07604977f07ca323677019d7795276b09da,fcccee6e8ba980c82937dee9d477f153da63e126e141f70859017ee9e1d4366d,0.021295614540576935,0.03599999938160181,-0.0007848558016121387,-0.0007848558016121387,6.447617613425383e-11,0.021295614540576935,0.03599999938160181,1,3,0.9076921939849854,0.20944694064039504,13,1.661538353333106,0.003071193924608932,0.001991166824133262,0.014704384841024876,-0.0007848558660883149,0.014704384841024876,0.0007848558660883149,0.0014855375047773123,0.004709198605269194,0.0014855375047773123,0,0.021295615239068866,0.03599999938160181,6.984919309616089e-10,0.014704384142532945,0,3.798681690383998e-10,0.0,10,11,10,11,1,1,1,1,1,1,0.017999999225139618,0.018000000156462193,0.017999999225139618,0,0.009647894883528352,-0.0022957028122618794,0.007352192071266472,0.007352192071266472,0.408455132653454,0.5359941832693894,1,0,-0.0007848561814803078,6.447617613425383e-11,1.6615384505345263,0.012215949822124324,6.447617613425383e-11,189464551.94067314,0,0,0,1,1,1,1,0.018000000156462193
5005,20,1,5,20,11f7815f51ff0075a848de2a9501f07604977f07ca323677019d7795276b09da,fcccee6e8ba980c82937dee9d477f153da63e126e141f70859017ee9e1d4366d,0.0073312511667609215,0.0,-0.00013384937483351678,-0.00013384937483351678,0.0,0.0073312511667609215,0.0,0,1,0.9076921939849854,0.20944694064039504,13,1.661538353333106,0.0017962641583270146,0.0013903102688711776,0.0073312511667609215,-0.00013384937483351678,0.0073312511667609215,0.00013384937483351678,0.0015562060289084911,0.0030272691510617733,0.0015562060289084911,0,0.0073312511667609215,0.0,0.0,0.0073312511667609215,0,1.3993131479927978e-10,1.734723475976807e-18,0,0,10,11,13,13,0,1,1,1,0.0,0.0,0.0,1,0.005720173008739948,-0.0020545474253594875,0.0036656255833804607,0.0036656255833804607,inf,inf,0,0,-0.00013384951476483158,-1.734723475976807e-18,1.6615384505345263,0.00609057785204969,1.734723475976807e-18,inf,0,0,0,5,3,0,0,0.03599999938160181
5005,20,2,0,20,11f7815f51ff0075a848de2a9501f07604977f07ca323677019d7795276b09da,fcccee6e8ba980c82937dee9d477f153da63e126e141f70859017ee9e1d4366d,0.015926113352179527,0.03899999801069498,-0.0010684644803404808,-0.0010684644803404808,0.0020769229522691265,0.015926113352179527,0.03899999801069498,1,4,0.007692307233810425,0.20944694064039504,13,1.661538353333106,0.0076013971866325785,0.004008547309235005,0.023073884658515453,-0.0031453874326096073,0.023073884658515453,0.0031453874326096073,0.0024836952798068523,0.005670423153787851,0.0024836952798068523,0,0.015926113352179527,0.03899999801069498,0.0,0.03009310457855463,0,2.076687138224953e-10,3.469446951953614e-18,10,1,10,11,1,1,1,1,0,0,0.008999999612569809,0.020999998785555363,0.008999999612569809,0,0.02731167431920767,0.012265122029930353,0.015046552289277315,0.015046552289277315,1.6718392152220336,3.034630610546132,0,0,-0.001068464272671767,0.00207692295226913,1.6615384505345263,0.02500042517661256,0.00207692295226913,12.037242474160388,0,0,0,1,2,1,0,0.008999996818602085
5005,20,2,1,20,11f7815f51ff0075a848de2a9501f07604977f07ca323677019d7795276b09da,fcccee6e8ba980c82937dee9d477f153da63e126e141f70859017ee9e1d4366d,0.0036940453574061394,0.0,-0.0006128228269517422,-0.0006128228269517422,0.0,0.0036940453574061394,0.0,0,1,0.9076921939849854,0.20944694064039504,13,1.661538353333106,0.001106740982432667,0.0009164635158149449,0.0036940453574061394,-0.0006128228269517422,0.0036940453574061394,0.0006128228269517422,0.0022038824390619993,0.0038132090121507645,0.0022038824390619993,0,0.0036940453574061394,0.0,0.0,0.0036940453574061394,0,4.830947759881798e-10,0.0,0,0,8,1,13,13,0,1,1,1,0.0,0.0,0.0,1,0.005610782653093338,0.0037637599743902683,0.0018470226787030697,0.0018470226787030697,inf,inf,0,0,-0.0006128233100465182,0.0,1.6615384505345263,0.003068899199674429,0.0,inf,0,0,0,3,5,0,0,0.03899999801069498
5005,20,2,3,20,11f7815f51ff0075a848de2a9501f07604977f07ca323677019d7795276b09da,fcccee6e8ba980c82937dee9d477f153da63e126e141f70859017ee9e1d4366d,0.0037180213257670403,0.0,-0.00020187076006550342,-0.00020187076006550342,0.0,0.0037180213257670403,0.0,0,1,0.9076923131942749,0.2094469155167731,13,1.661538461366525,0.0011393733714506742,0.0009081848075933004,0.0037180213257670403,-0.00020187076006550342,0.0037180213257670403,0.00020187076006550342,0.0020892831962555647,0.0035359158646315336,0.0020892831962555647,0,0.0037180213257670403,0.0,0.0,0.0037180213257670403,0,6.828292939756175e-10,2.6020852139652106e-18,0,0,7,1,13,13,0,1,1,1,0.0,0.0,0.0,1,0.0022217994555830956,0.0003627887926995754,0.0018590106628835201,0.0018590106628835201,inf,inf,0,0,-0.00020187007723620944,-2.6020852139652106e-18,1.6615384522538923,0.0030888176995309664,2.6020852139652106e-18,inf,0,0,0,4,4,0,0,0.03899999801069498
5005,20,2,4,20,11f7815f51ff0075a848de2a9501f07604977f07ca323677019d7795276b09da,fcccee6e8ba980c82937dee9d477f153da63e126e141f70859017ee9e1d4366d,0.008043560199439526,0.0,-0.0014886484714224935,-0.0014886484714224935,0.0,0.008043560199439526,0.0,0,1,0.9076921939849854,0.20944694064039504,13,1.661538353333106,0.0019910243211207143,0.0014929931676952095,0.008043560199439526,-0.0014886484714224935,0.008043560199439526,0.0014886484714224935,0.0023553266655653715,0.004023149609565735,0.0023553266655653715,0,0.008043560199439526,0.0,0.0,0.008043560199439526,0,4.916392596851504e-10,0.0,0,0,10,11,13,13,0,1,1,1,0.0,0.0,0.0,1,0.0077780019491910934,0.0037562218494713306,0.004021780099719763,0.004021780099719763,inf,inf,0,0,-0.0014886479797832338,0.0,1.6615384505345263,0.006682342275278967,0.0,inf,0,0,0,5,3,0,0,0.03899999801069498
5005,20,2,5,20,11f7815f51ff0075a848de2a9501f07604977f07ca323677019d7795276b09da,fcccee6e8ba980c82937dee9d477f153da63e126e141f70859017ee9e1d4366d,0.017894605174660683,0.030000001192092896,-0.0004133096954319626,-0.0004133096954319626,0.0,0.017894605174660683,0.030000001192092896,1,3,0.9076921939849854,0.20944694064039504,13,1.661538353333106,0.0025220319873533186,0.0015307426529787703,0.012105396017432213,-0.0004133096954319626,0.012105396017432213,0.0004133096954319626,0.001527896849438548,0.0052664997056126595,0.001527896849438548,0,0.017894604708999395,0.030000001192092896,4.656612873077393e-10,0.0121053964830935,0,8.833624491610959e-10,8.673617379884035e-19,10,11,10,11,1,1,1,1,1,1,0.015000000596046448,0.015000000596046448,0.015000000596046448,0,0.007217931095510721,0.0011652328539639711,0.00605269824154675,0.00605269824154675,0.4035132000689427,0.48119538724639466,1,0,-0.00041331057879441177,-8.673617379884035e-19,1.6615384505345263,0.01005679085781264,8.673617379884035e-19,inf,0,0,0,2,1,0,1,0.008999996818602085
5005,21,0,1,21,9b3aa6e46751c582e93c910684f41cc0bbccd982b90aa0bed65374c1ba1212d4,fcccee6e8ba980c82937dee9d477f153da63e126e141f70859017ee9e1d4366d,0.02783241868019104,0.0,-0.009882914833724499,-0.009882914833724499,0.0,0.02783241868019104,0.0,0,1,0.9076921939849854,0.20944694064039504,13,1.661538353333106,0.007993765849417302,0.006614442231387076,0.02783241868019104,-0.009882914833724499,0.02783241868019104,0.009882914833724499,0.006511677522212267,0.01732725277543068,0.006511677522212267,0,0.02783241868019104,0.0,0.0,0.02783241868019104,0,4.791753428073919e-09,6.938893903907228e-18,0,0,10,6,13,13,0,1,1,1,0.0,0.0,0.0,1,0.14458508044481277,-0.13066887110471725,0.01391620934009552,0.01391620934009552,inf,inf,0,0,-0.009882919625477927,-6.938893903907228e-18,1.6615384505345263,0.023122316904256413,6.938893903907228e-18,inf,0,0,0,3,5,0,0,0.08899999712593853
5005,21,0,2,21,9b3aa6e46751c582e93c910684f41cc0bbccd982b90aa0bed65374c1ba1212d4,fcccee6e8ba980c82937dee9d477f153da63e126e141f70859017ee9e1d4366d,0.03422803804278374,0.08899999712593853,-7.000813639024273e-05,-7.000813639024273e-05,0.004292305224231255,0.03422803804278374,0.08899999712593853,1,5,0.9076921939849854,0.20944694064039504,13,1.6615383533331063,0.023018998135589826,0.013082261811721434,0.0547719590831548,-0.0043623133606214975,0.0547719590831548,0.0043623133606214975,0.006965592037886381,0.014840737916529179,0.006965592037886381,0,0.03422803804278374,0.08899999712593853,0.0,0.0963083237875253,0,1.902814916049378e-09,6.938893903907228e-18,10,2,10,6,1,1,1,1,0,0,0.00899999588727951,0.07100000535137951,0.00899999588727951,0,0.15402530878782272,-0.10587114689406008,0.04815416189376265,0.04815416189376265,5.3504648776365755,17.113931019181944,0,0,-7.001003920515877e-05,0.004292305224231248,1.661538450534526,0.08000999153975111,0.004292305224231248,18.640331327807868,0,0,0,1,1,1,1,0.05899999593384564
5005,21,0,3,21,9b3aa6e46751c582e93c910684f41cc0bbccd982b90aa0bed65374c1ba1212d4,fcccee6e8ba980c82937dee9d477f153da63e126e141f70859017ee9e1d4366d,0.0279620923101902,0.0,0.0020438481587916613,0.0020438481587916613,-1.3877787807814457e-17,0.0279620923101902,0.0,0,1,0.9076923131942749,0.2094469155167731,13,1.661538461366525,0.0075199823149446,0.006229749180861479,0.0279620923101902,0.002043848158791675,0.0279620923101902,0.002043848158791675,0.012226521037518978,0.014172744937241077,0.012226521037518978,0,0.0279620923101902,0.0,0.0,0.0279620923101902,0,2.5797219672940574e-09,1.3877787807814457e-17,0,0,10,6,13,13,0,1,1,1,0.0,0.0,0.0,1,0.15386580675840378,-0.13988476060330868,0.0139810461550951,0.0139810461550951,inf,inf,0,0,0.002043845579069694,-2.7755575615628914e-17,1.6615384522538923,0.023230045789426945,2.7755575615628914e-17,inf,0,0,0,4,4,0,0,0.08899999712593853
5005,21,0,4,21,9b3aa6e46751c582e93c910684f41cc0bbccd982b90aa0bed65374c1ba1212d4,fcccee6e8ba980c82937dee9d477f153da63e126e141f70859017ee9e1d4366d,0.03149814531207085,0.0,-0.002019645646214485,-0.002019645646214485,0.0,0.03149814531207085,0.0,0,1,0.9076921939849854,0.20944694064039504,13,1.661538353333106,0.007632635701836614,0.005758801640490808,0.03149814531207085,-0.002019645646214485,0.03149814531207085,0.002019645646214485,0.006319339852780104,0.015612926334142685,0.006319339852780104,0,0.03149814531207085,0.0,0.0,0.03149814531207085,0,4.342348432218035e-09,6.938893903907228e-18,0,0,10,6,13,13,0,1,1,1,0.0,0.0,0.0,1,0.14669544249773026,-0.13094636984169483,0.015749072656035423,0.015749072656035423,inf,inf,0,0,-0.0020196499885629174,-6.938893903907228e-18,1.6615384505345263,0.026167689778264773,6.938893903907228e-18,inf,0,0,0,5,3,0,0,0.08899999712593853
5005,21,0,5,21,9b3aa6e46751c582e93c910684f41cc0bbccd982b90aa0bed65374c1ba1212d4,fcccee6e8ba980c82937dee9d477f153da63e126e141f70859017ee9e1d4366d,0.031713493168354034,0.030000001192092896,-0.006419023033231497,-0.006419023033231497,0.0,0.031713493168354034,0.030000001192092896,1,3,0.9076921939849854,0.20944694064039504,13,1.661538353333106,0.0061337630279175576,0.005380598089751407,0.001713491976261139,-0.006419023033231497,0.001713491976261139,0.006419023033231497,0.010781572200357914,0.02097484841942787,0.010781572200357914,0,0.031713493168354034,0.030000001192092896,0.0,0.018907789140939713,0,2.916228647453778e-09,0.0,10,11,10,6,1,1,1,1,0,0,0.015000000596046448,0.015000000596046448,0.015000000596046448,0,0.14619585126638412,-0.13674195669591427,0.009453894570469856,0.009453894570469856,0.6302596129870569,9.746389697138877,0,0,-0.006419025949460144,0.0,1.6615384505345263,0.015708009336135257,0.0,inf,0,0,0,2,2,0,0,0.05899999593384564
5005,21,1,0,21,9b3aa6e46751c582e93c910684f41cc0bbccd982b90aa0bed65374c1ba1212d4,fcccee6e8ba980c82937dee9d477f153da63e126e141f70859017ee9e1d4366d,0.005723930895328522,0.0,-0.0008816658519208431,-0.0008816658519208431,0.0,0.005723930895328522,0.0,0,1,0.9076921939849854,0.20944694064039504,13,1.661538353333106,0.0014885579285922653,0.0011257512065080495,0.005723930895328522,-0.0008816658519208431,0.005723930895328522,0.0008816658519208431,0.0012904360191896558,0.003529548179358244,0.0012904360191896558,0,0.005723930895328522,0.0,0.0,0.005723930895328522,0,5.529544990293123e-10,1.734723475976807e-18,0,0,10,12,13,13,0,1,1,1,0.0,0.0,0.0,1,0.0030052829533815384,0.00014331750571727753,0.002861965447664261,0.002861965447664261,inf,inf,0,0,-0.0008816664048753422,-1.734723475976807e-18,1.6615384505345263,0.004755265635395428,1.734723475976807e-18,inf,0,0,0,3,4,0,0,0.03599999938160181
5005,21,1,2,21,9b3aa6e46751c582e93c910684f41cc0bbccd982b90aa0bed65374c1ba1212d4,fcccee6e8ba980c82937dee9d477f153da63e126e141f70859017ee9e1d4366d,0.00519011914730072,0.0,0.00011257812002440915,0.00011257812002440915,0.0,0.00519011914730072,0.0,0,1,0.9076921939849854,0.20944694064039504,13,1.6615383533331063,0.0013411531091531293,0.0010623429411438091,0.00519011914730072,0.00011257812002440915,0.00519011914730072,0.00011257812002440915,0.0020044485572725534,0.0012111455434933305,0.0020044485572725534,0,0.00519011914730072,0.0,0.0,0.00519011914730072,0,1.2950824570742703e-09,0.0,0,0,10,12,13,13,0,1,1,1,0.0,0.0,0.0,1,0.0026512667536735535,5.620718002319336e-05,0.00259505957365036,0.00259505957365036,inf,inf,0,0,0.00011257682494195207,0.0,1.661538450534526,0.004311791263047807,0.0,inf,0,0,0,4,5,0,0,0.03599999938160181
5005,21,1,3,21,9b3aa6e46751c582e93c910684f41cc0bbccd982b90aa0bed65374c1ba1212d4,fcccee6e8ba980c82937dee9d477f153da63e126e141f70859017ee9e1d4366d,0.019054163247346878,0.017999999225139618,-0.008204422891139984,-0.008204422891139984,-0.008099999428741064,0.019054163247346878,0.017999999225139618,1,3,0.9076923131942749,0.2094469155167731,13,1.661538461366525,0.000560094059711642,0.00046730869499272135,0.0010541640222072601,-0.00010442346239892056,0.0010541640222072601,0.00010442346239892056,0.0023508258163928986,0.004097829572856426,0.0023508258163928986,0,0.01905416278168559,0.017999999225139618,4.656612873077393e-10,0.0018390330951660872,0,1.020152472913649e-09,0.0,10,11,10,11,1,1,1,1,1,1,0.008999999845400453,0.008999999379739165,0.008999999379739165,0,0.0031685337889939547,-0.002249017241410911,0.0009195165475830436,0.0009195165475830436,0.10216851232824115,0.3520593341513968,1,0,-0.008204421870987511,-0.008099999428741064,1.6615384522538923,0.0015278121012929726,0.008099999428741064,0.18861879123989417,1,1,0,2,2,0,0,0.018000000156462193
5005,21,1,4,21,9b3aa6e46751c582e93c910684f41cc0bbccd982b90aa0bed65374c1ba1212d4,fcccee6e8ba980c82937dee9d477f153da63e126e141f70859017ee9e1d4366d,0.022502092644572258,0.03599999938160181,0.0010581656824797392,0.0010581656824797392,6.447617613425383e-11,0.022502092644572258,0.03599999938160181,1,3,0.9076921939849854,0.20944694064039504,13,1.661538353333106,0.00281496902913581,0.00179158760504742,0.013497906737029552,0.001058165618003563,0.013497906737029552,0.001058165618003563,0.001436704653315246,0.005381586961448193,0.001436704653315246,0,0.02250209345947951,0.03599999938160181,8.149072527885437e-10,0.0134979059221223,0,1.407499524916367e-10,1.3010426069826053e-18,10,11,10,11,1,1,1,1,1,1,0.017999999225139618,0.018000000156462193,0.017999999225139618,0,0.007897418108768761,-0.0011484651477076113,0.00674895296106115,0.00674895296106115,0.3749418473104852,0.4387454693741802,1,0,0.0010581658232296917,6.447617743529643e-11,1.6615384505345263,0.011213644845651946,6.447617743529643e-11,173919194.5258408,1,0,0,1,1,1,1,0.018000000156462193
5005,21,1,5,21,9b3aa6e46751c582e93c910684f41cc0bbccd982b90aa0bed65374c1ba1212d4,fcccee6e8ba980c82937dee9d477f153da63e126e141f70859017ee9e1d4366d,0.008566893637180328,0.0,-4.822776190849254e-06,-4.822776190849254e-06,0.0,0.008566893637180328,0.0,0,1,0.9076921939849854,0.20944694064039504,13,1.661538353333106,0.0019975652240760014,0.0014050207734548834,0.008566893637180328,-4.822776190849254e-06,0.008566893637180328,4.822776190849254e-06,0.0019175995839759707,0.004102375358343124,0.0019175995839759707,0,0.008566893171519041,0.0,4.656612873077393e-10,0.008566893171519041,0,7.414784758408288e-11,1.734723475976807e-18,0,0,10,11,13,13,0,1,1,1,0.0,0.0,0.0,1,0.004295966122299433,1.2519536539912224e-05,0.0042834465857595205,0.0042834465857595205,inf,inf,0,0,-4.822850338696838e-06,-1.734723475976807e-18,1.6615384505345263,0.00711711120305028,1.734723475976807e-18,inf,0,0,0,5,3,0,0,0.03599999938160181
5005,21,2,0,21,9b3aa6e46751c582e93c910684f41cc0bbccd982b90aa0bed65374c1ba1212d4,fcccee6e8ba980c82937dee9d477f153da63e126e141f70859017ee9e1d4366d,0.016943247988820076,0.038999998942017555,-0.0010638647945597768,-0.0010638647945597768,0.0020769230167453114,0.016943247988820076,0.038999998942017555,1,4,0.9076921939849854,0.20944694064039504,13,1.661538353333106,0.007727888343595325,0.004087971358080586,0.02205675095319748,-0.003140787811305088,0.02205675095319748,0.003140787811305088,0.0023004491813480854,0.003238796256482601,0.0023004491813480854,0,0.016943247988820076,0.038999998942017555,0.0,0.03020874783396721,0,2.6339604802805283e-10,3.469446951953614e-18,10,1,10,11,1,1,1,1,0,0,0.008999999612569809,0.020999999716877937,0.008999999612569809,0,0.028928305953741074,0.01382393203675747,0.015104373916983604,0.015104373916983604,1.6782638407992982,3.214256355449003,0,0,-0.0010638650579558248,0.002076923016745308,1.6615384505345263,0.025096498034319053,0.002076923016745308,12.083499403674153,0,0,0,1,1,1,1,0.008999998681247234
5005,21,2,1,21,9b3aa6e46751c582e93c910684f41cc0bbccd982b90aa0bed65374c1ba1212d4,fcccee6e8ba980c82937dee9d477f153da63e126e141f70859017ee9e1d4366d,0.0035344287753105164,0.0,-0.00036030603223480284,-0.00036030603223480284,0.0,0.0035344287753105164,0.0,0,1,0.9076921939849854,0.20944694064039504,13,1.661538353333106,0.00115562383864089,0.001048487803992435,0.0035344287753105164,-0.00036030603223480284,0.0035344287753105164,0.00036030603223480284,0.0016888609388843179,0.005713659338653088,0.0016888609388843179,0,0.0035344287753105164,0.0,0.0,0.0035344287753105164,0,1.264133034362125e-10,1.734723475976807e-18,0,0,7,11,13,13,0,1,1,1,0.0,0.0,0.0,1,0.0037309061735868454,0.0019636917859315872,0.0017672143876552582,0.0017672143876552582,inf,inf,0,0,-0.0003603059058214994,-1.734723475976807e-18,1.6615384505345263,0.0029362946554270393,1.734723475976807e-18,inf,0,0,0,3,4,0,0,0.038999998942017555
5005,21,2,3,21,9b3aa6e46751c582e93c910684f41cc0bbccd982b90aa0bed65374c1ba1212d4,fcccee6e8ba980c82937dee9d477f153da63e126e141f70859017ee9e1d4366d,0.003412444144487381,0.0,-0.0011848845751956105,-0.0011848845751956105,-3.469446951953614e-18,0.003412444144487381,0.0,0,1,0.9076923131942749,0.2094469155167731,13,1.661538461366525,0.0011526290958244797,0.0010464257786612539,0.003412444144487381,-0.001184884575195607,0.003412444144487381,0.001184884575195607,0.0026986608281731606,0.0043402318842709064,0.0026986608281731606,0,0.003412444144487381,0.0,0.0,0.003412444144487381,0,1.4698720920969244e-09,3.469446951953614e-18,0,0,10,1,13,13,0,1,1,1,0.0,0.0,0.0,1,0.0021821465343236923,-0.00047592446208000183,0.0017062220722436905,0.0017062220722436905,inf,inf,0,0,-0.0011848831053235184,-6.938893903907228e-18,1.6615384522538923,0.00283495358111721,6.938893903907228e-18,inf,0,0,0,4,5,0,0,0.038999998942017555
5005,21,2,4,21,9b3aa6e46751c582e93c910684f41cc0bbccd982b90aa0bed65374c1ba1212d4,fcccee6e8ba980c82937dee9d477f153da63e126e141f70859017ee9e1d4366d,0.008974678814411163,0.0,-0.0002630877716001123,-0.0002630877716001123,0.0,0.008974678814411163,0.0,0,1,0.9076921939849854,0.20944694064039504,13,1.661538353333106,0.002092144878830279,0.0016293890950595134,0.008974678814411163,-0.0002630877716001123,0.008974678814411163,0.0002630877716001123,0.002251502126455307,0.005139973480254412,0.002251502126455307,0,0.008974678814411163,0.0,0.0,0.008974678814411163,0,7.830782376705425e-11,1.734723475976807e-18,0,0,10,11,13,13,0,1,1,1,0.0,0.0,0.0,1,0.005331302061676979,0.0008439626544713974,0.004487339407205582,0.004487339407205582,inf,inf,0,0,-0.00026308769329228855,-1.734723475976807e-18,1.6615384505345263,0.007455886965670882,1.734723475976807e-18,inf,0,0,0,5,3,0,0,0.038999998942017555
5005,21,2,5,21,9b3aa6e46751c582e93c910684f41cc0bbccd982b90aa0bed65374c1ba1212d4,fcccee6e8ba980c82937dee9d477f153da63e126e141f70859017ee9e1d4366d,0.016679102554917336,0.03000000026077032,-2.9044380426057614e-05,-2.9044380426057614e-05,-6.44761778689773e-11,0.016679102554917336,0.03000000026077032,1,3,0.9076921939849854,0.20944694064039504,13,1.661538353333106,0.002757585507008061,0.001672002382179689,0.013320897705852985,-2.9044315949879745e-05,0.013320897705852985,2.9044315949879745e-05,0.0016152610769495368,0.005063071846961975,0.0016152610769495368,0,0.016679102554917336,0.03000000026077032,0.0,0.013320897705852985,0,1.472986085535033e-09,1.734723475976807e-18,10,11,10,11,1,1,1,1,1,1,0.015000000596046448,0.014999999664723873,0.014999999664723873,0,0.0071624163538217545,-0.0005019675008952618,0.006660448852926493,0.006660448852926493,0.44402993345327524,0.4774944342609493,1,0,-2.904290743997208e-05,-6.447617960370078e-11,1.6615384505345263,0.011066591866955949,6.447617960370078e-11,171638455.23999926,1,0,0,2,2,0,0,0.008999998681247234
5005,22,0,1,22,ececcde24a45ac8e52b24d5250761909da884b69d58f26a247369deef4f484b8,fcccee6e8ba980c82937dee9d477f153da63e126e141f70859017ee9e1d4366d,0.00739023182541132,0.0,-0.0013059742050245404,-0.0013059742050245404,6.938893903907228e-18,0.00739023182541132,0.0,0,1,0.9076921939849854,0.20944694064039504,13,1.661538353333106,0.0016786886427536112,0.001167772470053131,0.00739023182541132,-0.0013059742050245474,0.00739023182541132,0.0013059742050245474,0.0024662665091454983,0.0022785020992159843,0.0024662665091454983,0,0.00739023182541132,0.0,0.0,0.00739023182541132,0,1.9015242245373765e-10,1.3877787807814457e-17,0,0,10,11,13,13,0,1,1,1,0.0,0.0,0.0,1,0.04017918463796377,0.03648406872525811,0.00369511591270566,0.00369511591270566,inf,inf,0,0,-0.0013059743951769629,-6.938893903907228e-18,1.6615384505345263,0.006139577168142434,6.938893903907228e-18,inf,0,0,0,3,5,0,0,0.08899999409914017
5005,22,0,2,22,ececcde24a45ac8e52b24d5250761909da884b69d58f26a247369deef4f484b8,fcccee6e8ba980c82937dee9d477f153da63e126e141f70859017ee9e1d4366d,0.02310105413198471,0.08899999409914017,-0.0008947498281486332,-0.0008947498281486332,0.0067846143885300775,0.02310105413198471,0.08899999409914017,1,5,0.9076921939849854,0.20944694064039504,13,1.6615383533331063,0.021544642178340144,0.011444002593806858,0.06589893996715546,-0.007679364216678711,0.06589893996715546,0.007679364216678711,0.0025041387416422367,0.008196284994482994,0.0025041387416422367,0,0.023101054597645998,0.08899999409914017,4.656612873077393e-10,0.08347541466355324,0,1.1496713910735812e-10,6.938893903907228e-18,10,2,10,11,1,1,1,1,0,0,0.007500000298023224,0.07099999487400055,0.007500000298023224,0,0.11482306942343712,0.0730853620916605,0.04173770733177662,0.04173770733177662,5.565027423102561,15.309741981437128,0,0,-0.0008947499431157723,0.0067846143885300705,1.661538450534526,0.06934880556890365,0.0067846143885300705,10.221480779533072,0,0,0,1,1,1,1,0.05899999290704727
5005,22,0,3,22,ececcde24a45ac8e52b24d5250761909da884b69d58f26a247369deef4f484b8,fcccee6e8ba980c82937dee9d477f153da63e126e141f70859017ee9e1d4366d,0.010295473970472813,0.0,-0.004333808086812496,-0.004333808086812496,0.0,0.010295473970472813,0.0,0,1,0.9076923131942749,0.2094469155167731,13,1.661538461366525,0.002244724893472147,0.00156988525355356,0.010295473970472813,-0.004333808086812496,0.010295473970472813,0.004333808086812496,0.006570708472281694,0.0046239267103374004,0.006570708472281694,0,0.010295473970472813,0.0,0.0,0.010295473970472813,0,5.059204201407486e-10,6.938893903907228e-18,0,0,10,11,13,13,0,1,1,1,0.0,0.0,0.0,1,0.040049620904028416,0.03490188391879201,0.005147736985236406,0.005147736985236406,inf,inf,0,0,-0.004333808592732916,6.938893903907228e-18,1.6615384522538923,0.008553162943059816,6.938893903907228e-18,inf,0,0,0,4,4,0,0,0.08899999409914017
5005,22,0,4,22,ececcde24a45ac8e52b24d5250761909da884b69d58f26a247369deef4f484b8,fcccee6e8ba980c82937dee9d477f153da63e126e141f70859017ee9e1d4366d,0.015260390937328339,0.0,-0.0018918815767392516,-0.0018918815767392516,0.0,0.015260390937328339,0.0,0,1,0.9076921939849854,0.20944694064039504,13,1.661538353333106,0.0031937063725282298,0.0019379114324348213,0.015260390937328339,-0.0018918815767392516,0.015260390937328339,0.0018918815767392516,0.0015692806337028742,0.0056625958532094955,0.0015692806337028742,0,0.015260390937328339,0.0,0.0,0.015260390937328339,0,4.1908755979425116e-10,6.938893903907228e-18,0,0,10,11,13,13,0,1,1,1,0.0,0.0,0.0,1,0.04378421977162361,0.03615402430295944,0.007630195468664169,0.007630195468664169,inf,inf,0,0,-0.0018918811576516918,-6.938893903907228e-18,1.6615384505345263,0.012677863156279827,6.938893903907228e-18,inf,0,0,0,5,3,0,0,0.08899999409914017
5005,22,0,5,22,ececcde24a45ac8e52b24d5250761909da884b69d58f26a247369deef4f484b8,fcccee6e8ba980c82937dee9d477f153da63e126e141f70859017ee9e1d4366d,0.021006161347031593,0.030000001192092896,0.0001996180508285761,0.0001996180508285761,0.0,0.021006161347031593,0.030000001192092896,1,3,0.9076921939849854,0.20944694064039504,13,1.661538353333106,0.0021663629015565783,0.001512775101186432,0.008993839845061302,0.0001996180508285761,0.008993839845061302,0.0001996180508285761,0.0035807588137686253,0.007442913483828306,0.0035807588137686253,0,0.021006160648539662,0.030000001192092896,6.984919309616089e-10,0.008993840543553233,0,1.4323349659117746e-09,3.469446951953614e-18,10,11,10,11,1,1,1,1,1,1,0.015000000596046448,0.015000000596046448,0.015000000596046448,0,0.03962043114006519,0.03512351086828858,0.004496920271776617,0.004496920271776617,0.2997946728723378,2.6413619710460514,1,0,0.00019961661849361018,-3.469446951953614e-18,1.6615384505345263,0.00747180594054502,3.469446951953614e-18,inf,0,0,0,2,2,0,0,0.05899999290704727
5005,22,1,0,22,ececcde24a45ac8e52b24d5250761909da884b69d58f26a247369deef4f484b8,fcccee6e8ba980c82937dee9d477f153da63e126e141f70859017ee9e1d4366d,0.004154416732490063,0.0,0.00027001695707440376,0.00027001695707440376,0.0,0.004154416732490063,0.0,0,1,0.9076921939849854,0.20944694064039504,13,1.661538353333106,0.0011789419291654858,0.0009755993140696066,0.004154416732490063,0.00027001695707440376,0.004154416732490063,0.00027001695707440376,0.005085041280835867,0.0018394030630588531,0.005085041280835867,0,0.004154416732490063,0.0,0.0,0.004154416732490063,0,5.892378711694346e-10,8.673617379884035e-19,0,0,10,12,13,13,0,1,1,1,0.0,0.0,0.0,1,0.004149476997554302,-0.002072268631309271,0.0020772083662450314,0.0020772083662450314,inf,inf,0,0,0.0002700163678365326,-8.673617379884035e-19,1.6615384505345263,0.0034513615702881245,8.673617379884035e-19,inf,0,0,0,3,4,0,0,0.03599999938160181
5005,22,1,2,22,ececcde24a45ac8e52b24d5250761909da884b69d58f26a247369deef4f484b8,fcccee6e8ba980c82937dee9d477f153da63e126e141f70859017ee9e1d4366d,0.0036934781819581985,0.0,0.00011312434071442112,0.00011312434071442112,0.0,0.0036934781819581985,0.0,0,1,0.9076921939849854,0.20944694064039504,13,1.6615383533331063,0.0009932937541503328,0.0007984880468196417,0.0036934781819581985,0.00011312434071442112,0.0036934781819581985,0.00011312434071442112,0.0019292996730655432,0.001943544251844287,0.0019292996730655432,0,0.0036934781819581985,0.0,0.0,0.0036934781819581985,0,6.606913193624164e-10,0.0,0,0,10,12,13,13,0,1,1,1,0.0,0.0,0.0,1,0.004225199110805988,-0.002378460019826889,0.0018467390909790993,0.0018467390909790993,inf,inf,0,0,0.00011312500140574049,0.0,1.661538450534526,0.003068428007766952,0.0,inf,0,0,0,4,5,0,0,0.03599999938160181
5005,22,1,3,22,ececcde24a45ac8e52b24d5250761909da884b69d58f26a247369deef4f484b8,fcccee6e8ba980c82937dee9d477f153da63e126e141f70859017ee9e1d4366d,0.01668718457221985,0.017999999225139618,-0.0073877964168787,-0.0073877964168787,-0.008099999428741064,0.01668718457221985,0.017999999225139618,1,3,0.9076923131942749,0.2094469155167731,13,1.661538461366525,0.0006625413623783734,0.0005803946102556039,0.0013128146529197693,0.0007122030118623633,0.0013128146529197693,0.0007122030118623633,0.0024559476878494024,0.004231025464832783,0.0024559476878494024,0,0.016687183640897274,0.017999999225139618,9.313225746154785e-10,0.002156921662390232,0,2.695449072276368e-11,0.0,10,11,10,11,1,1,1,1,1,1,0.008999999845400453,0.008999999379739165,0.008999999379739165,0,0.004505207994952798,-0.003426747163757682,0.001078460831195116,0.001078460831195116,0.11982898950226056,0.5005787006046845,1,0,-0.0073877963899242095,-0.008099999428741064,1.6615384522538923,0.0017919041402803793,0.008099999428741064,0.22122274896985822,1,1,0,2,2,0,0,0.018000000156462193
5005,22,1,4,22,ececcde24a45ac8e52b24d5250761909da884b69d58f26a247369deef4f484b8,fcccee6e8ba980c82937dee9d477f153da63e126e141f70859017ee9e1d4366d,0.020645342767238617,0.03599999938160181,-0.0007933536544442177,-0.0007933536544442177,6.447617613425383e-11,0.020645342767238617,0.03599999938160181,1,3,0.9076921939849854,0.20944694064039504,13,1.661538353333106,0.0031638022690363577,0.001981117068266375,0.015354656614363194,-0.0007933537189203938,0.015354656614363194,0.0007933537189203938,0.0011401558294892311,0.005118221044540405,0.0011401558294892311,0,0.02064534230157733,0.03599999938160181,4.656612873077393e-10,0.01535465708002448,0,1.1159149160278048e-09,0.0,10,11,10,11,1,1,1,1,1,1,0.017999999225139618,0.018000000156462193,0.017999999225139618,0,0.010109733324497938,-0.0024324047844856977,0.00767732854001224,0.00767732854001224,0.42651827058357505,0.5616518755388736,1,0,-0.0007933547703591337,6.447617613425383e-11,1.6615384505345263,0.012756176566616435,6.447617613425383e-11,197843255.15916485,0,0,0,1,1,1,1,0.018000000156462193
5005,22,1,5,22,ececcde24a45ac8e52b24d5250761909da884b69d58f26a247369deef4f484b8,fcccee6e8ba980c82937dee9d477f153da63e126e141f70859017ee9e1d4366d,0.007425001822412014,0.0,-2.6915533453575335e-05,-2.6915533453575335e-05,0.0,0.007425001822412014,0.0,0,1,0.9076921939849854,0.20944694064039504,13,1.661538353333106,0.001769120024520504,0.0013390946031145796,0.007425001822412014,-2.6915533453575335e-05,0.007425001822412014,2.6915533453575335e-05,0.0016987316776067019,0.002941280836239457,0.0016987316776067019,0,0.007425001822412014,0.0,0.0,0.007425001822412014,0,8.206896811441267e-10,1.734723475976807e-18,0,0,10,11,13,13,0,1,1,1,0.0,0.0,0.0,1,0.005542987026274204,-0.0018304861150681973,0.003712500911206007,0.003712500911206007,inf,inf,0,0,-2.691635414325648e-05,-1.734723475976807e-18,1.6615384505345263,0.006168463011613246,1.734723475976807e-18,inf,0,0,0,5,3,0,0,0.03599999938160181
5005,22,2,0,22,ececcde24a45ac8e52b24d5250761909da884b69d58f26a247369deef4f484b8,fcccee6e8ba980c82937dee9d477f153da63e126e141f70859017ee9e1d4366d,0.01623610034584999,0.03899999801069498,0.0013046510284766555,0.0013046510284766555,0.00207692295226913,0.01623610034584999,0.03899999801069498,1,4,0.9076921939849854,0.20944694064039504,13,1.661538353333106,0.007914236705488083,0.004181548787732804,0.02276389766484499,-0.0007722719237924745,0.02276389766484499,0.0007722719237924745,0.002207597251981497,0.005389304831624031,0.002207597251981497,0,0.016236101277172565,0.03899999801069498,9.313225746154785e-10,0.030982662923634052,0,1.7984836207102228e-09,1.734723475976807e-18,10,1,10,11,1,1,1,1,0,0,0.008999999612569809,0.020999998785555363,0.008999999612569809,0,0.028666800819337368,0.013175469357520342,0.015491331461817026,0.015491331461817026,1.7212591254094198,3.1852002281533447,0,0,0.0013046528269602762,0.0020769229522691317,1.6615384505345263,0.02573944287378422,0.0020769229522691317,12.39306583119163,1,0,0,1,2,1,0,0.00899999774992466
5005,22,2,1,22,ececcde24a45ac8e52b24d5250761909da884b69d58f26a247369deef4f484b8,fcccee6e8ba980c82937dee9d477f153da63e126e141f70859017ee9e1d4366d,0.005898149684071541,0.0,-0.0008023244445212185,-0.0008023244445212185,-3.469446951953614e-18,0.005898149684071541,0.0,0,1,0.9076921939849854,0.20944694064039504,13,1.661538353333106,0.0015792040446874088,0.0013775546654794342,0.005898149684071541,-0.0008023244445212151,0.005898149684071541,0.0008023244445212151,0.002692759269848466,0.0043331957422196865,0.002692759269848466,0,0.005898149684071541,0.0,0.0,0.005898149684071541,0,7.352669566945691e-10,1.734723475976807e-18,0,0,8,1,13,13,0,1,1,1,0.0,0.0,0.0,1,0.0032133255153894424,-0.00026425067335367203,0.0029490748420357704,0.0029490748420357704,inf,inf,0,0,-0.0008023251797881752,-1.734723475976807e-18,1.6615384505345263,0.004900001243546467,1.734723475976807e-18,inf,0,0,0,3,4,0,0,0.03899999801069498
5005,22,2,3,22,ececcde24a45ac8e52b24d5250761909da884b69d58f26a247369deef4f484b8,fcccee6e8ba980c82937dee9d477f153da63e126e141f70859017ee9e1d4366d,0.004200097173452377,0.0,-0.0010684089502319694,-0.0010684089502319694,0.0,0.004200097173452377,0.0,0,1,0.9076923131942749,0.2094469155167731,13,1.661538461366525,0.0013060755562803276,0.001149321140269556,0.004200097173452377,-0.0010684089502319694,0.004200097173452377,0.0010684089502319694,0.0022234574425965548,0.004058137070387602,0.0022234574425965548,0,0.004200097173452377,0.0,0.0,0.004200097173452377,0,1.319371851354889e-10,1.734723475976807e-18,0,0,8,1,13,13,0,1,1,1,0.0,0.0,0.0,1,0.004130793735384941,-0.0020307451486587524,0.0021000485867261887,0.0021000485867261887,inf,inf,0,0,-0.0010684090821691545,-1.734723475976807e-18,1.6615384522538923,0.0034893114784470053,1.734723475976807e-18,inf,0,0,0,4,5,0,0,0.03899999801069498
5005,22,2,4,22,ececcde24a45ac8e52b24d5250761909da884b69d58f26a247369deef4f484b8,fcccee6e8ba980c82937dee9d477f153da63e126e141f70859017ee9e1d4366d,0.008865350857377052,0.0,-0.0016063936054706573,-0.0016063936054706573,-3.469446951953614e-18,0.008865350857377052,0.0,0,1,0.9076921939849854,0.20944694064039504,13,1.661538353333106,0.0021227482782445717,0.001689100891528045,0.008865350857377052,-0.0016063936054706539,0.008865350857377052,0.0016063936054706539,0.002263009548187256,0.0038780709728598595,0.002263009548187256,0,0.008865350857377052,0.0,0.0,0.008865350857377052,0,1.8995382697339913e-10,1.734723475976807e-18,0,0,10,11,13,13,0,1,1,1,0.0,0.0,0.0,1,0.004588283598423004,-0.000155608169734478,0.004432675428688526,0.004432675428688526,inf,inf,0,0,-0.0016063937954244843,-1.734723475976807e-18,1.6615384505345263,0.007365060663505601,1.734723475976807e-18,inf,0,0,0,5,3,0,0,0.03899999801069498
5005,22,2,5,22,ececcde24a45ac8e52b24d5250761909da884b69d58f26a247369deef4f484b8,fcccee6e8ba980c82937dee9d477f153da63e126e141f70859017ee9e1d4366d,0.017164167016744614,0.03000000026077032,-0.0006358621758408844,-0.0006358621758408844,-6.44761778689773e-11,0.017164167016744614,0.03000000026077032,1,3,0.9076921939849854,0.20944694064039504,13,1.661538353333106,0.002698288856290931,0.0017004048220328324,0.012835833244025707,-0.0006358621113647066,0.012835833244025707,0.0006358621113647066,0.00171685591340065,0.004335230216383934,0.00171685591340065,0,0.017164167016744614,0.03000000026077032,0.0,0.012835833244025707,0,1.8897765748093764e-09,0.0,10,11,10,11,1,1,1,1,1,1,0.015000000596046448,0.014999999664723873,0.014999999664723873,0,0.009144477546215057,-0.0027265609242022038,0.006417916622012854,0.006417916622012854,0.42786111769763147,0.6096318500406709,1,0,-0.0006358640656174593,-6.44761778689773e-11,1.6615384505345263,0.010663615239799019,6.44761778689773e-11,165388451.86308438,1,0,0,2,1,0,1,0.00899999774992466
5005,23,0,1,23,91cf25e41895f7b676d7345e012458140bc127ca45a7e863f4499de74dfc7788,fcccee6e8ba980c82937dee9d477f153da63e126e141f70859017ee9e1d4366d,0.029490746557712555,0.0,0.003670329926535487,0.003670329926535487,-2.7755575615628914e-17,0.029490746557712555,0.0,0,1,0.9076921939849854,0.20944694064039504,13,1.661538353333106,0.009597224119342421,0.008036072349407264,0.029490746557712555,0.003670329926535515,0.029490746557712555,0.003670329926535515,0.006470673251897097,0.008284461684525013,0.006470673251897097,0,0.029490746557712555,0.0,0.0,0.029490746557712555,0,1.4219812806415266e-08,2.7755575615628914e-17,0,0,6,8,13,13,0,1,1,1,0.0,0.0,0.0,1,0.03361859172582626,-0.018873218446969986,0.014745373278856277,0.014745373278856277,inf,inf,0,0,0.0036703157067226808,0.0,1.6615384505345263,0.024500004670304068,0.0,inf,0,0,0,3,4,0,0,0.08900000154972076
5005,23,0,2,23,91cf25e41895f7b676d7345e012458140bc127ca45a7e863f4499de74dfc7788,fcccee6e8ba980c82937dee9d477f153da63e126e141f70859017ee9e1d4366d,0.036576785147190094,0.08900000154972076,0.0032064032275229692,0.0032064032275229692,0.006784611551578251,0.036576785147190094,0.08900000154972076,1,5,0.9076921939849854,0.20944694064039504,13,1.6615383533331063,0.02230593756962167,0.015147381103955783,0.05242321640253067,-0.003578208324055282,0.05242321640253067,0.003578208324055282,0.01354581955820322,0.012945471331477165,0.01354581955820322,0,0.036576785147190094,0.08900000154972076,0.0,0.08931152522563934,0,7.411435319626403e-09,6.938893903907228e-18,10,2,6,7,1,1,1,0,0,0,0.007500007748603821,0.07099999487400055,0.007500007748603821,0,0.052341245114803314,-0.007685482501983643,0.04465576261281967,0.04465576261281967,5.954095530252306,6.978825471819946,0,0,0.003206410638958289,0.006784611551578258,1.661538450534526,0.07419726661914201,0.006784611551578258,10.936111235709877,1,0,0,1,2,1,0,0.05900000035762787
5005,23,0,3,23,91cf25e41895f7b676d7345e012458140bc127ca45a7e863f4499de74dfc7788,fcccee6e8ba980c82937dee9d477f153da63e126e141f70859017ee9e1d4366d,0.028814837336540222,0.0,0.000288389011984691,0.000288389011984691,0.0,0.028814837336540222,0.0,0,1,0.007692308165132999,0.2094469155167731,13,1.661538461366525,0.009299373548875953,0.007897889473029142,0.028814837336540222,0.000288389011984691,0.028814837336540222,0.000288389011984691,0.009865796193480492,0.011048815213143826,0.009865796193480492,0,0.028814837336540222,0.0,0.0,0.028814837336540222,0,1.0680661841067085e-09,2.0816681711721685e-17,0,0,4,8,13,13,0,1,1,1,0.0,0.0,0.0,1,0.03822506219148636,-0.023817643523216248,0.014407418668270111,0.014407418668270111,inf,inf,0,0,0.00028839008005087513,-2.0816681711721685e-17,1.6615384522538923,0.023938480115051355,2.0816681711721685e-17,inf,0,0,0,4,5,0,0,0.08900000154972076
5005,23,0,4,23,91cf25e41895f7b676d7345e012458140bc127ca45a7e863f4499de74dfc7788,fcccee6e8ba980c82937dee9d477f153da63e126e141f70859017ee9e1d4366d,0.03501744568347931,0.0,0.014202085323631763,0.014202085323631763,-2.7755575615628914e-17,0.03501744568347931,0.0,0,1,0.007692307233810425,0.20944694064039504,13,1.661538353333106,0.01077761810969686,0.00944839682452072,0.03501744568347931,0.014202085323631791,0.03501744568347931,0.014202085323631791,0.017338991165161133,0.01624200865626335,0.017338991165161133,0,0.03501744568347931,0.0,0.0,0.03501744568347931,0,1.6569690758361233e-10,3.469446951953614e-17,0,0,6,8,13,13,0,1,1,1,0.0,0.0,0.0,1,0.032408714294433594,-0.01489999145269394,0.017508722841739655,0.017508722841739655,inf,inf,0,0,0.014202085157934856,6.938893903907228e-18,1.6615384505345263,0.029091416221302575,6.938893903907228e-18,inf,0,0,0,5,3,0,0,0.08900000154972076
5005,23,0,5,23,91cf25e41895f7b676d7345e012458140bc127ca45a7e863f4499de74dfc7788,fcccee6e8ba980c82937dee9d477f153da63e126e141f70859017ee9e1d4366d,0.03723453730344772,0.030000001192092896,0.007307723630219698,0.007307723630219698,0.0,0.03723453730344772,0.030000001192092896,1,3,0.9076921939849854,0.20944694064039504,13,1.661538353333106,0.012949973280602227,0.011320941987827685,0.007234536111354828,0.007307723630219698,0.007234536111354828,0.007307723630219698,0.008269903250038624,0.011493372730910778,0.008269903250038624,0,0.03723453730344772,0.030000001192092896,0.0,0.046424172818660736,0,5.331781703643568e-09,0.0,10,11,6,8,1,1,1,0,0,0,0.015000000596046448,0.015000000596046448,0.015000000596046448,0,0.051442719995975494,-0.028230633586645126,0.023212086409330368,0.023212086409330368,1.5474723657976641,3.4295145301217027,0,0,0.007307728962001402,0.0,1.6615384505345263,0.03856777408623232,0.0,inf,0,0,0,2,1,0,1,0.05900000035762787
5005,23,1,0,23,91cf25e41895f7b676d7345e012458140bc127ca45a7e863f4499de74dfc7788,fcccee6e8ba980c82937dee9d477f153da63e126e141f70859017ee9e1d4366d,0.0041364217177033424,0.0,-4.2249797843396664e-05,-4.2249797843396664e-05,0.0,0.0041364217177033424,0.0,0,1,0.9076921939849854,0.20944694064039504,13,1.661538353333106,0.0012003733058439507,0.0009432259462112506,0.0041364217177033424,-4.2249797843396664e-05,0.0041364217177033424,4.2249797843396664e-05,0.005323619116097689,0.004572938662022352,0.005323619116097689,0,0.0041364217177033424,0.0,0.0,0.0041364217177033424,0,7.000031218735991e-10,4.336808689942018e-19,0,0,5,11,13,13,0,1,1,1,0.0,0.0,0.0,1,0.01712644100189209,-0.015058230143040419,0.0020682108588516712,0.0020682108588516712,inf,inf,0,0,-4.225049784651854e-05,-4.336808689942018e-19,1.6615384505345263,0.003436411865795088,4.336808689942018e-19,inf,0,0,0,3,5,0,0,0.03599999751895666
5005,23,1,2,23,91cf25e41895f7b676d7345e012458140bc127ca45a7e863f4499de74dfc7788,fcccee6e8ba980c82937dee9d477f153da63e126e141f70859017ee9e1d4366d,0.004317145794630051,0.0,0.0016678525134921074,0.0016678525134921074,0.0,0.004317145794630051,0.0,0,1,0.9076921939849854,0.20944694064039504,13,1.6615383533331063,0.0011176836166875577,0.0008557427608402525,0.004317145794630051,0.0016678525134921074,0.004317145794630051,0.0016678525134921074,0.0037887098733335733,0.0033426599111407995,0.0037887098733335733,0,0.004317145794630051,0.0,0.0,0.004317145794630051,0,8.635641030388386e-10,4.336808689942018e-19,0,0,5,1,13,13,0,1,1,1,0.0,0.0,0.0,1,0.017931985668838024,-0.015773412771523,0.0021585728973150253,0.0021585728973150253,inf,inf,0,0,0.0016678516499280044,-4.336808689942018e-19,1.661538450534526,0.00358655186717063,4.336808689942018e-19,inf,0,0,0,4,4,0,0,0.03599999751895666
5005,23,1,3,23,91cf25e41895f7b676d7345e012458140bc127ca45a7e863f4499de74dfc7788,fcccee6e8ba980c82937dee9d477f153da63e126e141f70859017ee9e1d4366d,0.014577013440430164,0.017999999225139618,-0.006473259534686804,-0.006473259534686804,-0.008099999428741064,0.014577013440430164,0.017999999225139618,1,3,0.007692308165132999,0.2094469155167731,13,1.661538461366525,0.0009667804897945378,0.0008463871847154826,0.0034229857847094536,0.0016267398940542598,0.0034229857847094536,0.0016267398940542598,0.002200883813202381,0.005208165850490332,0.002200883813202381,0,0.01457701378967613,0.017999999225139618,3.4924596548080444e-10,0.003422985435463488,0,9.050009387723268e-10,0.0,10,11,10,11,1,1,1,1,1,1,0.008999999845400453,0.008999999379739165,0.008999999379739165,0,0.007563454681076109,-0.005851961963344365,0.001711492717731744,0.001711492717731744,0.1901658706315762,0.8403839113703706,1,0,-0.006473260439687743,-0.008099999428741064,1.6615384522538923,0.0028437109612638096,0.008099999428741064,0.35107545207639496,1,1,0,2,2,0,0,0.017999998293817043
5005,23,1,4,23,91cf25e41895f7b676d7345e012458140bc127ca45a7e863f4499de74dfc7788,fcccee6e8ba980c82937dee9d477f153da63e126e141f70859017ee9e1d4366d,0.01849398761987686,0.03599999751895666,0.0008289774996228516,0.0008289774996228516,6.44761778689773e-11,0.01849398761987686,0.03599999751895666,1,3,0.007692307233810425,0.20944694064039504,13,1.661538353333106,0.003541108555812039,0.001992669083266216,0.0175060098990798,0.0008289774351466737,0.0175060098990798,0.0008289774351466737,0.0024435766972601414,0.006913323886692524,0.0024435766972601414,0,0.018493987387046218,0.03599999751895666,2.3283064365386963e-10,0.017506010131910443,0,3.106222696593053e-10,0.0,10,11,10,11,1,1,1,1,1,1,0.017999998293817043,0.017999999225139618,0.017999998293817043,0,0.020981042878702283,-0.012228037812747061,0.008753005065955222,0.008753005065955222,0.4862781053130354,1.1656136037473526,1,0,0.0008289778102451213,6.44761778689773e-11,1.6615384505345263,0.014543454474808098,6.44761778689773e-11,225563222.8132691,1,0,0,1,1,1,1,0.017999998293817043
5005,23,1,5,23,91cf25e41895f7b676d7345e012458140bc127ca45a7e863f4499de74dfc7788,fcccee6e8ba980c82937dee9d477f153da63e126e141f70859017ee9e1d4366d,0.0051422445103526115,0.0,-0.0008513230714015663,-0.0008513230714015663,8.673617379884035e-19,0.0051422445103526115,0.0,0,1,0.9076921939849854,0.20944694064039504,13,1.661538353333106,0.0014733162832743672,0.0011427542470263305,0.0051422445103526115,-0.0008513230714015671,0.0051422445103526115,0.0008513230714015671,0.0019197426736354828,0.004595853853970766,0.0019197426736354828,0,0.0051422445103526115,0.0,0.0,0.0051422445103526115,0,7.354726038258375e-10,8.673617379884035e-19,0,0,5,11,13,13,0,1,1,1,0.0,0.0,0.0,1,0.018312623724341393,-0.015741501469165087,0.0025711222551763058,0.0025711222551763058,inf,inf,0,0,-0.0008513223359289624,0.0,1.6615384505345263,0.004272018488000476,0.0,inf,0,0,0,5,3,0,0,0.03599999751895666
5005,23,2,0,23,91cf25e41895f7b676d7345e012458140bc127ca45a7e863f4499de74dfc7788,fcccee6e8ba980c82937dee9d477f153da63e126e141f70859017ee9e1d4366d,0.020847629755735397,0.03899999801069498,-0.0013267573667690158,-0.0013267573667690158,0.00207692295226913,0.020847629755735397,0.03899999801069498,1,4,0.9076921939849854,0.20944694064039504,13,1.661538353333106,0.0065548172967965865,0.004137261511658776,0.018152368254959583,-0.003403680319038146,0.018152368254959583,0.003403680319038146,0.006113035604357719,0.010720647871494293,0.006113035604357719,0,0.020847629755735397,0.03899999801069498,0.0,0.025148035027086735,0,1.1389108840048623e-09,1.734723475976807e-18,10,1,10,1,1,1,1,1,1,1,0.008999999612569809,0.020999998785555363,0.008999999612569809,0,0.03951063472777605,0.026936617214232683,0.012574017513543367,0.012574017513543367,1.397113117203019,4.3900707142913316,0,0,-0.0013267562278581318,0.0020769229522691317,1.6615384505345263,0.020892213576446845,0.0020769229522691317,10.059214547954781,0,0,0,1,2,1,0,0.00899999774992466
5005,23,2,1,23,91cf25e41895f7b676d7345e012458140bc127ca45a7e863f4499de74dfc7788,fcccee6e8ba980c82937dee9d477f153da63e126e141f70859017ee9e1d4366d,0.011531785130500793,0.0,-0.001007220707833767,-0.001007220707833767,-3.469446951953614e-18,0.011531785130500793,0.0,0,1,0.9076921939849854,0.20944694064039504,13,1.661538353333106,0.0031766076887609625,0.0023709600405580197,0.011531785130500793,-0.0010072207078337635,0.011531785130500793,0.0010072207078337635,0.005542592611163855,0.005633378867059946,0.005542592611163855,0,0.011531785130500793,0.0,0.0,0.011531785130500793,0,3.5153043323465916e-10,1.734723475976807e-18,0,0,10,1,13,13,0,1,1,1,0.0,0.0,0.0,1,0.02549557015299797,0.019729677587747574,0.005765892565250397,0.005765892565250397,inf,inf,0,0,-0.0010072210593642002,-1.734723475976807e-18,1.6615384505345263,0.00958025219881469,1.734723475976807e-18,inf,0,0,0,3,4,0,0,0.03899999801069498
5005,23,2,3,23,91cf25e41895f7b676d7345e012458140bc127ca45a7e863f4499de74dfc7788,fcccee6e8ba980c82937dee9d477f153da63e126e141f70859017ee9e1d4366d,0.01081082597374916,0.0,0.0010142424143850803,0.0010142424143850803,0.0,0.01081082597374916,0.0,0,1,0.007692308165132999,0.2094469155167731,13,1.661538461366525,0.002792722823689325,0.0022430915892476862,0.01081082597374916,0.0010142424143850803,0.01081082597374916,0.0010142424143850803,0.0034929129760712385,0.007680997252464294,0.0034929129760712385,0,0.01081082597374916,0.0,0.0,0.01081082597374916,0,3.5969747666508844e-10,1.734723475976807e-18,0,0,10,1,13,13,0,1,1,1,0.0,0.0,0.0,1,0.021746419370174408,0.016341006383299828,0.00540541298687458,0.00540541298687458,inf,inf,0,0,0.001014242774082557,-1.734723475976807e-18,1.6615384522538923,0.008981301528004679,1.734723475976807e-18,inf,0,0,0,4,5,0,0,0.03899999801069498
5005,23,2,4,23,91cf25e41895f7b676d7345e012458140bc127ca45a7e863f4499de74dfc7788,fcccee6e8ba980c82937dee9d477f153da63e126e141f70859017ee9e1d4366d,0.012462545186281204,0.0,0.0006044338806532323,0.0006044338806532323,0.0,0.012462545186281204,0.0,0,1,0.007692307233810425,0.20944694064039504,13,1.661538353333106,0.003097813945041251,0.0023492344120550437,0.012462545186281204,0.0006044338806532323,0.012462545186281204,0.0006044338806532323,0.0022611459717154503,0.00870391447097063,0.0022611459717154503,0,0.012462545186281204,0.0,0.0,0.012462545186281204,0,2.4326592094892074e-09,1.734723475976807e-18,0,0,10,1,13,13,0,1,1,1,0.0,0.0,0.0,1,0.02671828120946884,0.02048700861632824,0.006231272593140602,0.006231272593140602,inf,inf,0,0,0.0006044363133124418,-1.734723475976807e-18,1.6615384505345263,0.010353499009265096,1.734723475976807e-18,inf,0,0,0,5,3,0,0,0.03899999801069498
5005,23,2,5,23,91cf25e41895f7b676d7345e012458140bc127ca45a7e863f4499de74dfc7788,fcccee6e8ba980c82937dee9d477f153da63e126e141f70859017ee9e1d4366d,0.022060614079236984,0.03000000026077032,-0.001948604709468782,-0.001948604709468782,-6.44761778689773e-11,0.022060614079236984,0.03000000026077032,1,3,0.9076921939849854,0.20944694064039504,13,1.661538353333106,0.0029620672252153603,0.0021593794116430737,0.007939386181533337,-0.001948604644992604,0.007939386181533337,0.001948604644992604,0.003976062405854464,0.012780232354998589,0.003976062405854464,0,0.022060614079236984,0.03000000026077032,0.0,0.011856832541525364,0,2.568669147176572e-09,0.0,10,11,10,11,1,1,1,1,1,1,0.015000000596046448,0.014999999664723873,0.014999999664723873,0,0.014153282158076763,0.008224865887314081,0.005928416270762682,0.005928416270762682,0.39522776021820766,0.9435521649618186,1,0,-0.0019486021407996348,-6.44761778689773e-11,1.6615384505345263,0.009850291584646701,6.44761778689773e-11,152774123.87352705,1,0,0,2,1,0,1,0.00899999774992466
