seed,state_idx,ego_id,neighbor_id,fixed_panel_step_index,fixed_panel_step_hash,fixed_panel_fingerprint,learned_score,oracle_score,learned_signed,learned_direction_row_aipw,oracle_signed,learned_range,oracle_range,oracle_q_nonconstant,oracle_q_distinct_levels,observed_action_probability,policy_support_entropy,valid_action_count,target_policy_l1_to_uniform,q_centered_rmse,q_centered_mae,abs_error,signed_error,capacity_abs_error,direction_abs_error,proxy_sigma,capacity_sigma,direction_sigma,dr_applied,learned_q_range,oracle_q_range_from_surface,capacity_head_q_range_consistency_abs,capacity_q_error_bound,capacity_q_error_bound_violation,direction_head_q_consistency_abs,oracle_direction_q_consistency_abs,oracle_argmax_action,oracle_argmin_action,learned_argmax_action,learned_argmin_action,oracle_argmax_count,oracle_argmin_count,oracle_extrema_unique,argmax_match,argmin_match,both_extrema_match,oracle_g_plus,oracle_g_minus,oracle_extrema_gap,extrema_gap_zero,q_raw_sup_error,q_gauge_shift_opt,q_gauge_sup_error,q_gauge_sup_error_check,lambda_C,lambda_C_raw,extrema_stability_certified,extrema_stability_violation,learned_direction_from_q,oracle_direction_from_q,direction_weight_l1,direction_q_error_bound,direction_sign_margin,lambda_D,direction_sign_match_from_q,direction_sign_certified,direction_sign_violation,oracle_capacity_rank,learned_capacity_rank,oracle_capacity_topk_member,learned_capacity_topk_member,oracle_capacity_margin_to_topk_boundary
3002,0,0,1,0,454323584c7802ac9fea4e835dde34456fcdf7e642be0f857290186cd4ba5b9d,0bc601d8605a9532d518cc9ec06d7054f26c5dc8b8d4b9e7a46288d2e669208a,0.009015457704663277,0.0,-0.0011936990777030587,-0.0011936990777030587,0.0,0.009015457704663277,0.0,0,1,0.007692307233810425,0.20944694064039504,13,1.661538353333106,0.002085970339461721,0.0012324079402760992,0.009015457704663277,-0.0011936990777030587,0.009015457704663277,0.0011936990777030587,0.0020085875876247883,0.004465209785848856,0.0020085875876247883,0,0.009015457704663277,0.0,0.0,0.009015457704663277,0,1.1209177336324316e-10,8.673617379884035e-19,0,0,10,7,13,13,0,1,1,1,0.0,0.0,0.0,1,0.0204082066193223,0.01590047776699066,0.004507728852331638,0.004507728852331638,inf,inf,0,0,-0.001193699189794832,8.673617379884035e-19,1.6615384505345263,0.007489764812732889,8.673617379884035e-19,inf,0,0,0,3,3,0,0,0.041999999433755875
3002,0,0,2,0,454323584c7802ac9fea4e835dde34456fcdf7e642be0f857290186cd4ba5b9d,0bc601d8605a9532d518cc9ec06d7054f26c5dc8b8d4b9e7a46288d2e669208a,0.0199261587113142,0.035999998450279236,-0.0009392078500241041,-0.0009392078500241041,0.0,0.0199261587113142,0.035999998450279236,1,3,0.9076921939849854,0.20944694064039504,13,1.661538353333106,0.0033041646793174157,0.0016110522573339868,0.016073839738965034,-0.0009392078500241041,0.016073839738965034,0.0009392078500241041,0.0020242456812411547,0.005912269465625286,0.0020242456812411547,0,0.019926158245652914,0.035999998450279236,4.656612873077393e-10,0.016073840204626322,0,4.571901472856521e-11,8.673617379884035e-19,10,11,10,11,1,1,1,1,1,1,0.017999999225139618,0.017999999225139618,0.017999999225139618,0,0.02279978385195136,0.0147628637496382,0.008036920102313161,0.008036920102313161,0.44649558046027205,1.2666547129684398,1,0,-0.0009392078957431188,8.673617379884035e-19,1.6615384505345263,0.013353651773867195,8.673617379884035e-19,inf,0,0,0,2,1,0,1,0.006000000983476639
3002,0,0,3,0,454323584c7802ac9fea4e835dde34456fcdf7e642be0f857290186cd4ba5b9d,0bc601d8605a9532d518cc9ec06d7054f26c5dc8b8d4b9e7a46288d2e669208a,0.007467084098607302,0.0,-0.0015219644410535693,-0.0015219644410535693,0.0,0.007467084098607302,0.0,0,1,0.9076921939849854,0.20944694064039504,13,1.661538353333106,0.0017556880851809656,0.0012246005551776913,0.007467084098607302,-0.0015219644410535693,0.007467084098607302,0.0015219644410535693,0.0021081429440528154,0.004195991437882185,0.0021081429440528154,0,0.007467084098607302,0.0,0.0,0.007467084098607302,0,3.231136554062569e-10,8.673617379884035e-19,0,0,10,7,13,13,0,1,1,1,0.0,0.0,0.0,1,0.01683640293776989,0.013102860888466239,0.003733542049303651,0.003733542049303651,inf,inf,0,0,-0.001521964117939914,8.673617379884035e-19,1.6615384505345263,0.006203423671605488,8.673617379884035e-19,inf,0,0,0,4,5,0,0,0.041999999433755875
3002,0,0,4,0,454323584c7802ac9fea4e835dde34456fcdf7e642be0f857290186cd4ba5b9d,0bc601d8605a9532d518cc9ec06d7054f26c5dc8b8d4b9e7a46288d2e669208a,0.007687202654778957,0.0,-0.0009207248222082853,-0.0009207248222082853,0.0,0.007687202654778957,0.0,0,1,0.9076921939849854,0.20944694064039504,13,1.661538353333106,0.0017552353012570646,0.0012686588283429836,0.007687202654778957,-0.0009207248222082853,0.007687202654778957,0.0009207248222082853,0.003289084881544113,0.004232113715261221,0.003289084881544113,0,0.007687202771194279,0.0,1.1641532182693481e-10,0.007687202771194279,0,5.445485360376645e-11,8.673617379884035e-19,0,0,10,7,13,13,0,1,1,1,0.0,0.0,0.0,1,0.016163129825145006,0.012319528439547867,0.0038436013855971396,0.0038436013855971396,inf,inf,0,0,-0.0009207247677534317,8.673617379884035e-19,1.6615384505345263,0.006386291490697429,8.673617379884035e-19,inf,0,0,0,5,4,0,0,0.041999999433755875
3002,0,0,5,0,454323584c7802ac9fea4e835dde34456fcdf7e642be0f857290186cd4ba5b9d,0bc601d8605a9532d518cc9ec06d7054f26c5dc8b8d4b9e7a46288d2e669208a,0.01806395873427391,0.041999999433755875,0.0005083740106783807,0.0005083740106783807,0.0020769230167453096,0.01806395873427391,0.041999999433755875,1,4,0.9076921939849854,0.20944694064039504,13,1.661538353333106,0.008506417539687493,0.004856446474796083,0.023936040699481964,-0.0015685490060669289,0.023936040699481964,0.0015685490060669289,0.0024715017061680555,0.004335726611316204,0.0024715017061680555,0,0.018063957802951336,0.041999999433755875,9.313225746154785e-10,0.03288550116121769,0,9.985721949844206e-11,0.0,10,1,10,11,1,1,1,1,0,0,0.012000000104308128,0.017999999225139618,0.012000000104308128,0,0.04128341132309288,0.024840660742484033,0.016442750580608845,0.016442750580608845,1.3702292031402334,3.4402842470202724,0,0,0.0005083739108211612,0.0020769230167453096,1.6615384505345263,0.027320262322230504,0.0020769230167453096,13.154200758506377,1,0,0,1,2,1,0,0.006000000983476639
3002,0,1,0,0,454323584c7802ac9fea4e835dde34456fcdf7e642be0f857290186cd4ba5b9d,0bc601d8605a9532d518cc9ec06d7054f26c5dc8b8d4b9e7a46288d2e669208a,0.004240037873387337,0.0,0.002069443231448531,0.002069443231448531,0.0,0.004240037873387337,0.0,0,1,0.007692307233810425,0.20944694064039504,13,1.661538353333106,0.0012609033707375846,0.0011090398628330793,0.004240037873387337,0.002069443231448531,0.004240037873387337,0.002069443231448531,0.0023460721131414175,0.0032770487014204264,0.0023460721131414175,0,0.004240037873387337,0.0,0.0,0.004240037873387337,0,6.119010350497112e-10,1.734723475976807e-18,0,0,1,7,13,13,0,1,1,1,0.0,0.0,0.0,1,0.0050539858639240265,-0.002933966927230358,0.0021200189366936684,0.0021200189366936684,inf,inf,0,0,0.002069442619547496,1.734723475976807e-18,1.6615384505345263,0.003522492979177852,1.734723475976807e-18,inf,0,0,0,3,5,0,0,0.03000000026077032
3002,0,1,2,0,454323584c7802ac9fea4e835dde34456fcdf7e642be0f857290186cd4ba5b9d,0bc601d8605a9532d518cc9ec06d7054f26c5dc8b8d4b9e7a46288d2e669208a,0.004910118877887726,0.0,0.0001641578710405156,0.0001641578710405156,0.0,0.004910118877887726,0.0,0,1,0.9076921939849854,0.20944694064039504,13,1.661538353333106,0.0014047152608891492,0.0011352015626148358,0.004910118877887726,0.0001641578710405156,0.004910118877887726,0.0001641578710405156,0.0012059740256518126,0.0030292051378637552,0.0012059740256518126,0,0.004910118877887726,0.0,0.0,0.004910118877887726,0,1.5223219924226372e-09,1.734723475976807e-18,0,0,6,11,13,13,0,1,1,1,0.0,0.0,0.0,1,0.005843210965394974,-0.003388151526451111,0.002455059438943863,0.002455059438943863,inf,inf,0,0,0.00016415634871852318,1.734723475976807e-18,1.6615384505345263,0.00407917565615295,1.734723475976807e-18,inf,0,0,0,4,3,0,0,0.03000000026077032
3002,0,1,3,0,454323584c7802ac9fea4e835dde34456fcdf7e642be0f857290186cd4ba5b9d,0bc601d8605a9532d518cc9ec06d7054f26c5dc8b8d4b9e7a46288d2e669208a,0.01685505174100399,0.03000000026077032,0.0006858119741082191,0.0006858119741082191,6.44761778689773e-11,0.01685505174100399,0.03000000026077032,1,3,0.9076921939849854,0.20944694064039504,13,1.661538353333106,0.00292951955517802,0.00199751527263568,0.01314494851976633,0.0006858119096320413,0.01314494851976633,0.0006858119096320413,0.0010483424412086606,0.003352139610797167,0.0010483424412086606,0,0.01685505174100399,0.03000000026077032,0.0,0.01314494851976633,0,1.2706535615358838e-09,3.469446951953614e-18,10,11,10,11,1,1,1,1,1,1,0.014999999664723873,0.015000000596046448,0.014999999664723873,0,0.01108535099774599,-0.004512876737862825,0.006572474259883165,0.006572474259883165,0.43816496045262776,0.7390234163681932,1,0,0.0006858132447617807,6.447618133842425e-11,1.6615384505345263,0.010920418697944332,6.447618133842425e-11,169371362.7459566,1,0,0,1,1,1,1,0.012000001035630703
3002,0,1,4,0,454323584c7802ac9fea4e835dde34456fcdf7e642be0f857290186cd4ba5b9d,0bc601d8605a9532d518cc9ec06d7054f26c5dc8b8d4b9e7a46288d2e669208a,0.012698866426944733,0.017999999225139618,-0.0011609848588705063,-0.0011609848588705063,0.0,0.012698866426944733,0.017999999225139618,1,3,0.9076921939849854,0.20944694064039504,13,1.661538353333106,0.001756865627077933,0.001274718710127667,0.005301132798194885,-0.0011609848588705063,0.005301132798194885,0.0011609848588705063,0.003095730673521757,0.003933274187147617,0.003095730673521757,0,0.012698866426944733,0.017999999225139618,0.0,0.006778066977858543,0,2.342109580930063e-09,1.734723475976807e-18,10,11,10,11,1,1,1,1,1,1,0.008999999612569809,0.008999999612569809,0.008999999612569809,0,0.009246140718460083,-0.005857107229530811,0.0033890334889292717,0.0033890334889292717,0.3765592927577456,1.0273490129429008,1,0,-0.0011609872009800872,1.734723475976807e-18,1.6615384505345263,0.005631009452005162,1.734723475976807e-18,inf,0,0,0,2,2,0,0,0.012000001035630703
3002,0,1,5,0,454323584c7802ac9fea4e835dde34456fcdf7e642be0f857290186cd4ba5b9d,0bc601d8605a9532d518cc9ec06d7054f26c5dc8b8d4b9e7a46288d2e669208a,0.004711631685495377,0.0,0.0014079227112233639,0.0014079227112233639,0.0,0.004711631685495377,0.0,0,1,0.9076921939849854,0.20944694064039504,13,1.661538353333106,0.001428352141551912,0.0013055959881762779,0.004711631685495377,0.0014079227112233639,0.004711631685495377,0.0014079227112233639,0.0017957299714908004,0.0025291324127465487,0.0017957299714908004,0,0.004711631685495377,0.0,0.0,0.004711631685495377,0,1.9364456219084225e-09,1.734723475976807e-18,0,0,1,11,13,13,0,1,1,1,0.0,0.0,0.0,1,0.005643071606755257,-0.0032872557640075684,0.0023558158427476883,0.0023558158427476883,inf,inf,0,0,0.001407920774777742,1.734723475976807e-18,1.6615384505345263,0.0039142786051036835,1.734723475976807e-18,inf,0,0,0,5,4,0,0,0.03000000026077032
3002,0,2,0,0,454323584c7802ac9fea4e835dde34456fcdf7e642be0f857290186cd4ba5b9d,0bc601d8605a9532d518cc9ec06d7054f26c5dc8b8d4b9e7a46288d2e669208a,0.015630505979061127,0.012000000104308128,-8.87762289494276e-05,-8.87762289494276e-05,0.0,0.015630505979061127,0.012000000104308128,1,3,0.007692307233810425,0.20944694064039504,13,1.661538353333106,0.001385641301021081,0.0009200933014632329,0.0036305058747529984,-8.87762289494276e-05,0.0036305058747529984,8.87762289494276e-05,0.0017244520131498575,0.004089889582246542,0.0017244520131498575,0,0.015630505280569196,0.012000000104308128,6.984919309616089e-10,0.005433287704363465,0,2.531196385303913e-10,0.0,10,11,10,11,1,1,1,1,1,1,0.006000000052154064,0.006000000052154064,0.006000000052154064,0,0.007470843382179737,0.0047541995299980044,0.0027166438521817327,0.0027166438521817327,0.452773971427955,1.2451405528734327,1,0,-8.877597582978907e-05,0.0,1.6615384505345263,0.004513808216808183,0.0,inf,0,0,0,2,2,0,0,0.012000000104308128
3002,0,2,1,0,454323584c7802ac9fea4e835dde34456fcdf7e642be0f857290186cd4ba5b9d,0bc601d8605a9532d518cc9ec06d7054f26c5dc8b8d4b9e7a46288d2e669208a,0.009698448702692986,0.0,-0.0011995284585282207,-0.0011995284585282207,0.0,0.009698448702692986,0.0,0,1,0.007692307233810425,0.20944694064039504,13,1.661538353333106,0.002337436675665228,0.00130500117063346,0.009698448702692986,-0.0011995284585282207,0.009698448702692986,0.0011995284585282207,0.0018915891414508224,0.0038748837541788816,0.0018915891414508224,0,0.009698449168354273,0.0,4.656612873077393e-10,0.009698449168354273,0,2.5152083605976816e-10,0.0,0,0,10,7,13,13,0,1,1,1,0.0,0.0,0.0,1,0.011298221535980701,0.006448996951803565,0.004849224584177136,0.004849224584177136,inf,inf,0,0,-0.0011995282070073846,0.0,1.6615384505345263,0.008057173101887612,0.0,inf,0,0,0,3,3,0,0,0.024000000208616257
3002,0,2,3,0,454323584c7802ac9fea4e835dde34456fcdf7e642be0f857290186cd4ba5b9d,0bc601d8605a9532d518cc9ec06d7054f26c5dc8b8d4b9e7a46288d2e669208a,0.007895739749073982,0.0,-0.0012983280466869473,-0.0012983280466869473,0.0,0.007895739749073982,0.0,0,1,0.9076921939849854,0.20944694064039504,13,1.661538353333106,0.0018803092811859137,0.0010683509023838055,0.007895739749073982,-0.0012983280466869473,0.007895739749073982,0.0012983280466869473,0.0016655854415148497,0.0038981211837381124,0.0016655854415148497,0,0.007895739807281643,0.0,5.820766091346741e-11,0.007895739807281643,0,5.8116446117334464e-11,0.0,0,0,10,7,13,13,0,1,1,1,0.0,0.0,0.0,1,0.008764117956161499,0.0048162480525206774,0.003947869903640822,0.003947869903640822,inf,inf,0,0,-0.0012983281048033935,0.0,1.6615384505345263,0.006559537642607261,0.0,inf,0,0,0,4,4,0,0,0.024000000208616257
3002,0,2,4,0,454323584c7802ac9fea4e835dde34456fcdf7e642be0f857290186cd4ba5b9d,0bc601d8605a9532d518cc9ec06d7054f26c5dc8b8d4b9e7a46288d2e669208a,0.007465361151844263,0.0,-0.0008244505152106285,-0.0008244505152106285,0.0,0.007465361151844263,0.0,0,1,0.9076921939849854,0.20944694064039504,13,1.661538353333106,0.0017492274237955708,0.0010596378182871102,0.007465361151844263,-0.0008244505152106285,0.007465361151844263,0.0008244505152106285,0.0026692748069763184,0.003271234454587102,0.0026692748069763184,0,0.007465361151844263,0.0,0.0,0.007465361151844263,0,2.0605267383837222e-10,0.0,0,0,10,7,13,13,0,1,1,1,0.0,0.0,0.0,1,0.00871434435248375,0.004981663776561618,0.0037326805759221315,0.0037326805759221315,inf,inf,0,0,-0.0008244503091579547,0.0,1.6615384505345263,0.006201992300457981,0.0,inf,0,0,0,5,5,0,0,0.024000000208616257
3002,0,2,5,0,454323584c7802ac9fea4e835dde34456fcdf7e642be0f857290186cd4ba5b9d,0bc601d8605a9532d518cc9ec06d7054f26c5dc8b8d4b9e7a46288d2e669208a,0.016347691416740417,0.024000000208616257,-0.0004042497312184423,-0.0004042497312184423,0.0,0.016347691416740417,0.024000000208616257,1,3,0.9076921939849854,0.20944694064039504,13,1.661538353333106,0.0019666444547002753,0.0010963275990057625,0.007652308791875839,-0.0004042497312184423,0.007652308791875839,0.0004042497312184423,0.0024289407301694155,0.005361239891499281,0.0024289407301694155,0,0.01634769164957106,0.024000000208616257,2.3283064365386963e-10,0.008072378230281174,0,4.254563422487895e-11,0.0,10,11,10,11,1,1,1,1,1,1,0.012000000104308128,0.012000000104308128,0.012000000104308128,0,0.009197414619848132,0.005161225504707545,0.004036189115140587,0.004036189115140587,0.33634909000472024,0.7664512116584201,1,0,-0.00040424977376407655,0.0,1.6615384505345263,0.006706283408435012,0.0,inf,0,0,0,1,1,1,1,0.012000000104308128
3002,1,0,1,1,311f58b987cecd488c314f4e3ca4cb33e2cf4927fd590398c718efe02ac9808d,0bc601d8605a9532d518cc9ec06d7054f26c5dc8b8d4b9e7a46288d2e669208a,0.007378092966973782,0.0,-0.0006021420122124255,-0.0006021420122124255,0.0,0.007378092966973782,0.0,0,1,0.007692307233810425,0.20944694064039504,13,1.661538353333106,0.0017499742722111849,0.0011812266683586207,0.007378092966973782,-0.0006021420122124255,0.007378092966973782,0.0006021420122124255,0.0016519592609256506,0.0034776446409523487,0.0016519592609256506,0,0.007378092734143138,0.0,2.3283064365386963e-10,0.007378092734143138,0,2.388333521837621e-10,0.0,0,0,10,7,13,13,0,1,1,1,0.0,0.0,0.0,1,0.0038633495569229126,0.00017430318985134363,0.003689046367071569,0.003689046367071569,inf,inf,0,0,-0.0006021417733790733,0.0,1.6615384505345263,0.006129492384694118,0.0,inf,0,0,0,3,3,0,0,0.035999998450279236
3002,1,0,2,1,311f58b987cecd488c314f4e3ca4cb33e2cf4927fd590398c718efe02ac9808d,0bc601d8605a9532d518cc9ec06d7054f26c5dc8b8d4b9e7a46288d2e669208a,0.01902013272047043,0.035999998450279236,-0.00029824356897734106,-0.00029824356897734106,0.0,0.01902013272047043,0.035999998450279236,1,3,0.9076921939849854,0.20944694064039504,13,1.661538353333106,0.0034364088764401025,0.0018274349454286117,0.016979865729808807,-0.00029824356897734106,0.016979865729808807,0.00029824356897734106,0.0017125018639490008,0.005368260201066732,0.0017125018639490008,0,0.01902013272047043,0.035999998450279236,0.0,0.016979865729808807,0,1.1342327034188915e-10,0.0,10,11,10,11,1,1,1,1,1,1,0.017999999225139618,0.017999999225139618,0.017999999225139618,0,0.009687907993793488,0.0011979751288890839,0.008489932864904404,0.008489932864904404,0.47166295724318574,0.5382171339353679,1,0,-0.0002982434555540707,0.0,1.6615384505345263,0.014106349897495415,0.0,inf,0,0,0,1,1,1,1,0.011999998241662979
3002,1,0,3,1,311f58b987cecd488c314f4e3ca4cb33e2cf4927fd590398c718efe02ac9808d,0bc601d8605a9532d518cc9ec06d7054f26c5dc8b8d4b9e7a46288d2e669208a,0.0069948844611644745,0.0,-0.0010759375290945172,-0.0010759375290945172,0.0,0.0069948844611644745,0.0,0,1,0.9076921939849854,0.20944694064039504,13,1.661538353333106,0.0016857491637295883,0.0012216509385971274,0.0069948844611644745,-0.0010759375290945172,0.0069948844611644745,0.0010759375290945172,0.0010728932684287429,0.004524173215031624,0.0010728932684287429,0,0.006994884693995118,0.0,2.3283064365386963e-10,0.006994884693995118,0,3.405531802738726e-10,0.0,0,0,10,7,13,13,0,1,1,1,0.0,0.0,0.0,1,0.005023539531975985,-0.0015260971849784255,0.003497442346997559,0.003497442346997559,inf,inf,0,0,-0.0010759378696476975,0.0,1.6615384505345263,0.005811134938064161,0.0,inf,0,0,0,4,5,0,0,0.035999998450279236
3002,1,0,4,1,311f58b987cecd488c314f4e3ca4cb33e2cf4927fd590398c718efe02ac9808d,0bc601d8605a9532d518cc9ec06d7054f26c5dc8b8d4b9e7a46288d2e669208a,0.007133961655199528,0.0,0.00035278001450933516,0.00035278001450933516,0.0,0.007133961655199528,0.0,0,1,0.007692307233810425,0.20944694064039504,13,1.661538353333106,0.001639455347117681,0.0012349339027078988,0.007133961655199528,0.00035278001450933516,0.007133961655199528,0.00035278001450933516,0.0008685264619998634,0.004165656864643097,0.0008685264619998634,0,0.007133961655199528,0.0,0.0,0.007133961655199528,0,2.1411422981842954e-12,0.0,0,0,10,7,13,13,0,1,1,1,0.0,0.0,0.0,1,0.004589371383190155,-0.0010223905555903912,0.003566980827599764,0.003566980827599764,inf,inf,0,0,0.00035278001665047746,0.0,1.6615384505345263,0.005926675797376474,0.0,inf,0,0,0,5,4,0,0,0.035999998450279236
3002,1,0,5,1,311f58b987cecd488c314f4e3ca4cb33e2cf4927fd590398c718efe02ac9808d,0bc601d8605a9532d518cc9ec06d7054f26c5dc8b8d4b9e7a46288d2e669208a,0.01624368317425251,0.024000000208616257,-0.0007198448292911053,-0.0007198448292911053,0.0,0.01624368317425251,0.024000000208616257,1,3,0.9076921939849854,0.20944694064039504,13,1.661538353333106,0.0018345071328448519,0.001107607310129462,0.007756317034363747,-0.0007198448292911053,0.007756317034363747,0.0007198448292911053,0.00129316421225667,0.004977574571967125,0.00129316421225667,0,0.016243683639913797,0.024000000208616257,4.656612873077393e-10,0.007756316568702459,0,1.5105008520019392e-10,0.0,10,11,10,11,1,1,1,1,1,1,0.012000000104308128,0.012000000104308128,0.012000000104308128,0,0.005783834028989077,0.001905675744637847,0.0038781582843512297,0.0038781582843512297,0.32317985422007867,0.48198616489283347,1,0,-0.0007198449803411905,0.0,1.6615384505345263,0.006443709106708579,0.0,inf,0,0,0,2,2,0,0,0.011999998241662979
3002,1,1,0,1,311f58b987cecd488c314f4e3ca4cb33e2cf4927fd590398c718efe02ac9808d,0bc601d8605a9532d518cc9ec06d7054f26c5dc8b8d4b9e7a46288d2e669208a,0.0039545707404613495,0.0,-0.0012021391885355115,-0.0012021391885355115,0.0,0.0039545707404613495,0.0,0,1,0.9076921939849854,0.20944694064039504,13,1.661538353333106,0.0009268301403663146,0.0006478964874642135,0.0039545707404613495,-0.0012021391885355115,0.0039545707404613495,0.0012021391885355115,0.0012621339410543442,0.00283045438118279,0.0012621339410543442,0,0.0039545707404613495,0.0,0.0,0.0039545707404613495,0,2.5531627159680603e-10,4.336808689942018e-19,0,0,10,12,13,13,0,1,1,1,0.0,0.0,0.0,1,0.0038987649604678154,-0.0019214795902371407,0.0019772853702306747,0.0019772853702306747,inf,inf,0,0,-0.001202139443851783,4.336808689942018e-19,1.6615384505345263,0.0032853356703176624,4.336808689942018e-19,inf,0,0,0,3,5,0,0,0.029999999329447746
3002,1,1,2,1,311f58b987cecd488c314f4e3ca4cb33e2cf4927fd590398c718efe02ac9808d,0bc601d8605a9532d518cc9ec06d7054f26c5dc8b8d4b9e7a46288d2e669208a,0.006856352556496859,0.0,0.0001243630686076358,0.0001243630686076358,0.0,0.006856352556496859,0.0,0,1,0.9076921939849854,0.20944694064039504,13,1.661538353333106,0.001597871833844239,0.0010301756931568038,0.006856352556496859,0.0001243630686076358,0.006856352556496859,0.0001243630686076358,0.0020845092367380857,0.0024278340861201286,0.0020845092367380857,0,0.006856352556496859,0.0,0.0,0.006856352556496859,0,2.2402761503531599e-10,4.336808689942018e-19,0,0,10,11,13,13,0,1,1,1,0.0,0.0,0.0,1,0.006734289228916168,-0.003306112950667739,0.0034281762782484293,0.0034281762782484293,inf,inf,0,0,0.00012436284458002076,4.336808689942018e-19,1.6615384505345263,0.005696046701520114,4.336808689942018e-19,inf,0,0,0,4,3,0,0,0.029999999329447746
3002,1,1,3,1,311f58b987cecd488c314f4e3ca4cb33e2cf4927fd590398c718efe02ac9808d,0bc601d8605a9532d518cc9ec06d7054f26c5dc8b8d4b9e7a46288d2e669208a,0.018244728446006775,0.029999999329447746,0.0011392297456040978,0.0011392297456040978,0.0,0.018244728446006775,0.029999999329447746,1,3,0.9076921939849854,0.20944694064039504,13,1.661538353333106,0.002419425658281322,0.0014984692342182586,0.011755270883440971,0.0011392297456040978,0.011755270883440971,0.0011392297456040978,0.0021032183431088924,0.005125930067151785,0.0021032183431088924,0,0.0182447275146842,0.029999999329447746,9.313225746154785e-10,0.011755271814763546,0,1.59780240687607e-10,8.673617379884035e-19,10,11,10,11,1,1,1,1,1,1,0.014999999664723873,0.014999999664723873,0.014999999664723873,0,0.007664297707378864,-0.0017866617999970913,0.005877635907381773,0.005877635907381773,0.39184240258381176,0.5109531919126181,1,0,0.0011392295858238572,8.673617379884035e-19,1.6615384505345263,0.009765918058357206,8.673617379884035e-19,inf,0,0,0,1,1,1,1,0.012000000104308128
3002,1,1,4,1,311f58b987cecd488c314f4e3ca4cb33e2cf4927fd590398c718efe02ac9808d,0bc601d8605a9532d518cc9ec06d7054f26c5dc8b8d4b9e7a46288d2e669208a,0.016438398510217667,0.017999999225139618,0.0004764275799971074,0.0004764275799971074,0.0,0.016438398510217667,0.017999999225139618,1,3,0.007692307233810425,0.20944694064039504,13,1.661538353333106,0.0007710347458147891,0.0006621460810568205,0.0015616007149219513,0.0004764275799971074,0.0015616007149219513,0.0004764275799971074,0.0019322315929457545,0.0035790042020380497,0.0019322315929457545,0,0.01643839804455638,0.017999999225139618,4.656612873077393e-10,0.002325804904103279,0,2.713582453357788e-10,4.336808689942018e-19,10,11,10,11,1,1,1,1,1,1,0.008999999612569809,0.008999999612569809,0.008999999612569809,0,0.003736407496035099,-0.0025735050439834595,0.0011629024520516396,0.0011629024520516396,0.1292113891235592,0.41515640631991385,1,0,0.00047642730863886205,4.336808689942018e-19,1.6615384505345263,0.0019322071383046824,4.336808689942018e-19,inf,0,0,0,2,2,0,0,0.012000000104308128
3002,1,1,5,1,311f58b987cecd488c314f4e3ca4cb33e2cf4927fd590398c718efe02ac9808d,0bc601d8605a9532d518cc9ec06d7054f26c5dc8b8d4b9e7a46288d2e669208a,0.004302017856389284,0.0,-4.269881173968315e-05,-4.269881173968315e-05,0.0,0.004302017856389284,0.0,0,1,0.9076921939849854,0.20944694064039504,13,1.661538353333106,0.0010925092952956809,0.0007208019010061344,0.004302017856389284,-4.269881173968315e-05,0.004302017856389284,4.269881173968315e-05,0.0021131597459316254,0.003301104996353388,0.0021131597459316254,0,0.004302017856389284,0.0,0.0,0.004302017856389284,0,2.0445734645255231e-10,4.336808689942018e-19,0,0,10,12,13,13,0,1,1,1,0.0,0.0,0.0,1,0.0034741386771202087,-0.0013231297489255667,0.002151008928194642,0.002151008928194642,inf,inf,0,0,-4.26986072823367e-05,4.336808689942018e-19,1.6615384505345263,0.0035739840416384575,4.336808689942018e-19,inf,0,0,0,5,4,0,0,0.029999999329447746
3002,1,2,0,1,311f58b987cecd488c314f4e3ca4cb33e2cf4927fd590398c718efe02ac9808d,0bc601d8605a9532d518cc9ec06d7054f26c5dc8b8d4b9e7a46288d2e669208a,0.014879260212182999,0.012000000104308128,-0.00017808117263484746,-0.00017808117263484746,0.0,0.014879260212182999,0.012000000104308128,1,3,0.9076921939849854,0.20944694064039504,13,1.661538353333106,0.0009727725198527507,0.0005948038663750083,0.0028792601078748703,-0.00017808117263484746,0.0028792601078748703,0.00017808117263484746,0.0016426390502601862,0.006226885132491589,0.0016426390502601862,0,0.014879260212182999,0.012000000104308128,0.0,0.0038949433583184145,0,1.5608624007006078e-10,0.0,10,11,10,11,1,1,1,1,1,1,0.006000000052154064,0.006000000052154064,0.006000000052154064,0,0.0038193324580788612,0.001871860778919654,0.0019474716791592073,0.0019474716791592073,0.32457861037185226,0.6365554041466517,1,0,-0.00017808132872108753,0.0,1.6615384505345263,0.0032357990762500615,0.0,inf,0,0,0,2,2,0,0,0.012000000104308128
3002,1,2,1,1,311f58b987cecd488c314f4e3ca4cb33e2cf4927fd590398c718efe02ac9808d,0bc601d8605a9532d518cc9ec06d7054f26c5dc8b8d4b9e7a46288d2e669208a,0.008064476773142815,0.0,-0.0007640395197086036,-0.0007640395197086036,0.0,0.008064476773142815,0.0,0,1,0.007692307233810425,0.20944694064039504,13,1.661538353333106,0.0018910608337770185,0.0010756440784763402,0.008064476773142815,-0.0007640395197086036,0.008064476773142815,0.0007640395197086036,0.0016969136195257306,0.0048503451980650425,0.0016969136195257306,0,0.008064476307481527,0.0,4.656612873077393e-10,0.008064476307481527,0,1.55437986266993e-10,0.0,0,0,10,11,13,13,0,1,1,1,0.0,0.0,0.0,1,0.006896160542964935,0.0028639223892241716,0.004032238153740764,0.004032238153740764,inf,inf,0,0,-0.0007640393642706174,0.0,1.6615384505345263,0.006699718734152628,0.0,inf,0,0,0,3,3,0,0,0.024000000208616257
3002,1,2,3,1,311f58b987cecd488c314f4e3ca4cb33e2cf4927fd590398c718efe02ac9808d,0bc601d8605a9532d518cc9ec06d7054f26c5dc8b8d4b9e7a46288d2e669208a,0.006627450697124004,0.0,0.00019214213534723967,0.00019214213534723967,0.0,0.006627450697124004,0.0,0,1,0.9076921939849854,0.20944694064039504,13,1.661538353333106,0.0015935292876869036,0.0009397945415708044,0.006627450697124004,0.00019214213534723967,0.006627450697124004,0.00019214213534723967,0.0015517754945904016,0.0037987814284861088,0.0015517754945904016,0,0.006627450755331665,0.0,5.820766091346741e-11,0.006627450755331665,0,1.2404186965769837e-10,0.0,0,0,10,7,13,13,0,1,1,1,0.0,0.0,0.0,1,0.005928096827119589,0.002614371449453756,0.0033137253776658326,0.0033137253776658326,inf,inf,0,0,0.00019214225938910933,0.0,1.6615384505345263,0.005505882129503825,0.0,inf,0,0,0,4,4,0,0,0.024000000208616257
3002,1,2,4,1,311f58b987cecd488c314f4e3ca4cb33e2cf4927fd590398c718efe02ac9808d,0bc601d8605a9532d518cc9ec06d7054f26c5dc8b8d4b9e7a46288d2e669208a,0.006495928857475519,0.0,-7.08597362972796e-05,-7.08597362972796e-05,0.0,0.006495928857475519,0.0,0,1,0.007692307233810425,0.20944694064039504,13,1.661538353333106,0.0015454796866414837,0.0009124302777142082,0.006495928857475519,-7.08597362972796e-05,0.006495928857475519,7.08597362972796e-05,0.0010790863307192922,0.004108071327209473,0.0010790863307192922,0,0.0064959289447870106,0.0,8.731149137020111e-11,0.0064959289447870106,0,1.2291624640857479e-11,0.0,0,0,10,7,13,13,0,1,1,1,0.0,0.0,0.0,1,0.006189480423927307,0.002941515951533802,0.0032479644723935053,0.0032479644723935053,inf,inf,0,0,-7.085974858890424e-05,0.0,1.6615384505345263,0.005396617856851895,0.0,inf,0,0,0,5,5,0,0,0.024000000208616257
3002,1,2,5,1,311f58b987cecd488c314f4e3ca4cb33e2cf4927fd590398c718efe02ac9808d,0bc601d8605a9532d518cc9ec06d7054f26c5dc8b8d4b9e7a46288d2e669208a,0.01498795673251152,0.024000000208616257,-0.00010554357868386433,-0.00010554357868386433,0.0,0.01498795673251152,0.024000000208616257,1,3,0.9076921939849854,0.20944694064039504,13,1.661538353333106,0.0019139221046201888,0.0009935375973968022,0.009012043476104736,-0.00010554357868386433,0.009012043476104736,0.00010554357868386433,0.0021815511863678694,0.0062489272095263,0.0021815511863678694,0,0.01498795673251152,0.024000000208616257,0.0,0.009012043476104736,0,1.1745012200217037e-10,0.0,10,11,10,11,1,1,1,1,1,1,0.012000000104308128,0.012000000104308128,0.012000000104308128,0,0.005974343046545982,0.0014683213084936142,0.004506021738052368,0.004506021738052368,0.3755018082403731,0.4978619162179115,1,0,-0.00010554346123374232,0.0,1.6615384505345263,0.007486928376718425,0.0,inf,0,0,0,1,1,1,1,0.012000000104308128
3002,2,0,1,2,574a855f9a967349fe9e01d25659b3b77e2bf9b10b59c2d5c7e127b9ac117de8,0bc601d8605a9532d518cc9ec06d7054f26c5dc8b8d4b9e7a46288d2e669208a,0.010688649490475655,0.0,-0.00010003321949625388,-0.00010003321949625388,0.0,0.010688649490475655,0.0,0,1,0.9076921939849854,0.20944694064039504,13,1.661538353333106,0.0026991175513572108,0.0018283274247222882,0.010688649490475655,-0.00010003321949625388,0.010688649490475655,0.00010003321949625388,0.0016353382961824536,0.0030803068075329065,0.0016353382961824536,0,0.010688649956136942,0.0,4.656612873077393e-10,0.010688649956136942,0,1.6845726896752566e-10,0.0,0,0,10,1,13,13,0,1,1,1,0.0,0.0,0.0,1,0.005517363548278809,0.00017303857021033764,0.005344324978068471,0.005344324978068471,inf,inf,0,0,-0.00010003305103898491,0.0,1.6615384505345263,0.008879801443212853,0.0,inf,0,0,0,3,3,0,0,0.047999998554587364
3002,2,0,2,2,574a855f9a967349fe9e01d25659b3b77e2bf9b10b59c2d5c7e127b9ac117de8,0bc601d8605a9532d518cc9ec06d7054f26c5dc8b8d4b9e7a46288d2e669208a,0.02461020089685917,0.047999998554587364,-0.0006871314253658056,-0.0006871314253658056,0.0020769230167453096,0.02461020089685917,0.047999998554587364,1,4,0.9076921939849854,0.20944694064039504,13,1.661538353333106,0.008334260255039737,0.005101777263917029,0.023389797657728195,-0.0027640544421111152,0.023389797657728195,0.0027640544421111152,0.0020652245730161667,0.0022859766613692045,0.0020652245730161667,0,0.02461020089685917,0.047999998554587364,0.0,0.03308430407196283,0,4.0896058024417203e-11,4.336808689942018e-19,10,2,10,11,1,1,1,1,0,0,0.017999999225139618,0.012000000104308128,0.012000000104308128,0,0.028480691835284233,0.011938539799302816,0.016542152035981417,0.016542152035981417,1.3785126576826119,2.373390965643355,0,0,-0.0006871314662618637,0.002076923016745309,1.6615384505345263,0.027485421662371123,0.002076923016745309,13.233721924581873,0,0,0,1,1,1,1,0.023999998345971107
3002,2,0,3,2,574a855f9a967349fe9e01d25659b3b77e2bf9b10b59c2d5c7e127b9ac117de8,0bc601d8605a9532d518cc9ec06d7054f26c5dc8b8d4b9e7a46288d2e669208a,0.01030903309583664,0.0,-0.000378261087462306,-0.000378261087462306,0.0,0.01030903309583664,0.0,0,1,0.9076921939849854,0.20944694064039504,13,1.661538353333106,0.002470323104888729,0.0017640018338315497,0.01030903309583664,-0.000378261087462306,0.01030903309583664,0.000378261087462306,0.0012743438128381968,0.0026928544975817204,0.0012743438128381968,0,0.010309032630175352,0.0,4.656612873077393e-10,0.010309032630175352,0,1.9674417433765412e-10,0.0,0,0,10,1,13,13,0,1,1,1,0.0,0.0,0.0,1,0.005960778798907995,-0.0008062624838203192,0.005154516315087676,0.005154516315087676,inf,inf,0,0,-0.00037826128420648036,0.0,1.6615384505345263,0.008564427051425714,0.0,inf,0,0,0,4,4,0,0,0.047999998554587364
3002,2,0,4,2,574a855f9a967349fe9e01d25659b3b77e2bf9b10b59c2d5c7e127b9ac117de8,0bc601d8605a9532d518cc9ec06d7054f26c5dc8b8d4b9e7a46288d2e669208a,0.00834901537746191,0.0,0.00033904449082911015,0.00033904449082911015,0.0,0.00834901537746191,0.0,0,1,0.9076921939849854,0.20944694064039504,13,1.661538353333106,0.0019345286413799444,0.001373282060600244,0.00834901537746191,0.00033904449082911015,0.00834901537746191,0.00033904449082911015,0.002298277337104082,0.0028096470050513744,0.002298277337104082,0,0.00834901537746191,0.0,0.0,0.00834901537746191,0,3.4712579181526634e-10,0.0,0,0,10,1,13,13,0,1,1,1,0.0,0.0,0.0,1,0.004424644634127617,-0.00025013694539666176,0.004174507688730955,0.004174507688730955,inf,inf,0,0,0.00033904414370331833,0.0,1.6615384505345263,0.006936105036878498,0.0,inf,0,0,0,5,5,0,0,0.047999998554587364
3002,2,0,5,2,574a855f9a967349fe9e01d25659b3b77e2bf9b10b59c2d5c7e127b9ac117de8,0bc601d8605a9532d518cc9ec06d7054f26c5dc8b8d4b9e7a46288d2e669208a,0.019256170839071274,0.024000000208616257,-0.000780555245000869,-0.000780555245000869,0.0,0.019256170839071274,0.024000000208616257,1,3,0.9076921939849854,0.20944694064039504,13,1.661538353333106,0.0016230469951578595,0.001175585944762112,0.004743829369544983,-0.000780555245000869,0.004743829369544983,0.000780555245000869,0.0013371233362704515,0.005119213368743658,0.0013371233362704515,0,0.019256170839071274,0.024000000208616257,0.0,0.0063594791572541,0,2.4264547489327715e-10,0.0,10,11,10,11,1,1,1,1,1,1,0.012000000104308128,0.012000000104308128,0.012000000104308128,0,0.003453577868640423,0.0002738382900133729,0.00317973957862705,0.00317973957862705,0.2649782959156383,0.2877981532183947,1,0,-0.0007805550023553941,0.0,1.6615384505345263,0.005283259572575296,0.0,inf,0,0,0,2,2,0,0,0.023999998345971107
3002,2,1,0,2,574a855f9a967349fe9e01d25659b3b77e2bf9b10b59c2d5c7e127b9ac117de8,0bc601d8605a9532d518cc9ec06d7054f26c5dc8b8d4b9e7a46288d2e669208a,0.004716613329946995,0.0,0.00013483082875609398,0.00013483082875609398,0.0,0.004716613329946995,0.0,0,1,0.9076921939849854,0.20944694064039504,13,1.661538353333106,0.0011610088673899923,0.0008338802334295928,0.004716613329946995,0.00013483082875609398,0.004716613329946995,0.00013483082875609398,0.001169998082332313,0.0029617571271955967,0.001169998082332313,0,0.004716613097116351,0.0,2.3283064365386963e-10,0.004716613097116351,0,6.313037093953755e-11,0.0,0,0,10,7,13,13,0,1,1,1,0.0,0.0,0.0,1,0.0033342211972922087,-0.0009759146487340331,0.0023583065485581756,0.0023583065485581756,inf,inf,0,0,0.00013483076562572304,0.0,1.6615384505345263,0.003918417008576778,0.0,inf,0,0,0,3,5,0,0,0.029999999329447746
3002,2,1,2,2,574a855f9a967349fe9e01d25659b3b77e2bf9b10b59c2d5c7e127b9ac117de8,0bc601d8605a9532d518cc9ec06d7054f26c5dc8b8d4b9e7a46288d2e669208a,0.005735886283218861,0.0,0.0004062577791046351,0.0004062577791046351,0.0,0.005735886283218861,0.0,0,1,0.9076921939849854,0.20944694064039504,13,1.661538353333106,0.0013957337694790169,0.0007854822400362181,0.005735886283218861,0.0004062577791046351,0.005735886283218861,0.0004062577791046351,0.0018434624653309584,0.003745016874745488,0.0018434624653309584,0,0.005735886283218861,0.0,0.0,0.005735886283218861,0,1.2133655278440125e-10,0.0,0,0,10,6,13,13,0,1,1,1,0.0,0.0,0.0,1,0.003242162987589836,0.0003742198459804058,0.0028679431416094303,0.0028679431416094303,inf,inf,0,0,0.0004062579004411879,0.0,1.6615384505345263,0.004765197803730854,0.0,inf,0,0,0,4,3,0,0,0.029999999329447746
3002,2,1,3,2,574a855f9a967349fe9e01d25659b3b77e2bf9b10b59c2d5c7e127b9ac117de8,0bc601d8605a9532d518cc9ec06d7054f26c5dc8b8d4b9e7a46288d2e669208a,0.01734943315386772,0.029999999329447746,-0.0010401506442576647,-0.0010401506442576647,0.0,0.01734943315386772,0.029999999329447746,1,3,0.9076921939849854,0.20944694064039504,13,1.661538353333106,0.002701715373210547,0.0016661591748824102,0.012650566175580025,-0.0010401506442576647,0.012650566175580025,0.0010401506442576647,0.0014546822058036923,0.0020820002537220716,0.0014546822058036923,0,0.017349432222545147,0.029999999329447746,9.313225746154785e-10,0.0126505671069026,0,6.604777814077367e-11,0.0,10,11,10,11,1,1,1,1,1,1,0.014999999664723873,0.014999999664723873,0.014999999664723873,0,0.007707579992711544,0.0013822964392602444,0.0063252835534513,0.0063252835534513,0.42168557965549386,0.513838677665959,1,0,-0.0010401505782098865,0.0,1.6615384505345263,0.010509701834592995,0.0,inf,0,0,0,1,1,1,1,0.012000000104308128
3002,2,1,4,2,574a855f9a967349fe9e01d25659b3b77e2bf9b10b59c2d5c7e127b9ac117de8,0bc601d8605a9532d518cc9ec06d7054f26c5dc8b8d4b9e7a46288d2e669208a,0.013076884672045708,0.017999999225139618,0.00023423896345775574,0.00023423896345775574,0.0,0.013076884672045708,0.017999999225139618,1,3,0.9076921939849854,0.20944694064039504,13,1.661538353333106,0.0013006988254728167,0.0008593475867680016,0.00492311455309391,0.00023423896345775574,0.00492311455309391,0.00023423896345775574,0.0014103067805990577,0.004047792870551348,0.0014103067805990577,0,0.01307688420638442,0.017999999225139618,4.656612873077393e-10,0.005551955429837108,0,2.3326256762745343e-10,0.0,10,11,10,11,1,1,1,1,1,1,0.008999999612569809,0.008999999612569809,0.008999999612569809,0,0.003544724313542247,-0.000768746598623693,0.002775977714918554,0.002775977714918554,0.3084419816020322,0.39385827401498147,1,0,0.00023423873019518812,0.0,1.6615384505345263,0.004612393711164149,0.0,inf,0,0,0,2,2,0,0,0.012000000104308128
3002,2,1,5,2,574a855f9a967349fe9e01d25659b3b77e2bf9b10b59c2d5c7e127b9ac117de8,0bc601d8605a9532d518cc9ec06d7054f26c5dc8b8d4b9e7a46288d2e669208a,0.0057229213416576385,0.0,-0.000622584659140557,-0.000622584659140557,0.0,0.0057229213416576385,0.0,0,1,0.9076921939849854,0.20944694064039504,13,1.661538353333106,0.0014312965766996415,0.0010532787064167523,0.0057229213416576385,-0.000622584659140557,0.0057229213416576385,0.000622584659140557,0.0018547195941209793,0.00406477227807045,0.0018547195941209793,0,0.0057229213416576385,0.0,0.0,0.0057229213416576385,0,5.7273116371020505e-12,0.0,0,0,10,7,13,13,0,1,1,1,0.0,0.0,0.0,1,0.0036251433193683624,-0.0007636826485395432,0.0028614606708288193,0.0028614606708288193,inf,inf,0,0,-0.0006225846648678687,0.0,1.6615384505345263,0.004754426929274402,0.0,inf,0,0,0,5,4,0,0,0.029999999329447746
3002,2,2,0,2,574a855f9a967349fe9e01d25659b3b77e2bf9b10b59c2d5c7e127b9ac117de8,0bc601d8605a9532d518cc9ec06d7054f26c5dc8b8d4b9e7a46288d2e669208a,0.013595519587397575,0.012000000104308128,4.825989526580088e-05,4.825989526580088e-05,0.0,0.013595519587397575,0.012000000104308128,1,3,0.9076921939849854,0.20944694064039504,13,1.661538353333106,0.0009157073278826666,0.0006246450067822928,0.001595519483089447,4.825989526580088e-05,0.001595519483089447,4.825989526580088e-05,0.0017673035617917776,0.005032344721257687,0.0017673035617917776,0,0.013595520053058863,0.012000000104308128,4.656612873077393e-10,0.00409946427680552,0,1.5317069032398656e-10,0.0,10,11,10,11,1,1,1,1,1,1,0.006000000052154064,0.006000000052154064,0.006000000052154064,0,0.0035379722248762846,-0.0014882400864735246,0.00204973213840276,0.00204973213840276,0.34162202009763054,0.5896620323538355,1,0,4.8259742095110554e-05,0.0,1.6615384505345263,0.003405708761252543,0.0,inf,0,0,0,2,1,0,1,0.012000000104308128
3002,2,2,1,2,574a855f9a967349fe9e01d25659b3b77e2bf9b10b59c2d5c7e127b9ac117de8,0bc601d8605a9532d518cc9ec06d7054f26c5dc8b8d4b9e7a46288d2e669208a,0.005740668158978224,0.0,-0.0006826234166510403,-0.0006826234166510403,0.0,0.005740668158978224,0.0,0,1,0.9076921939849854,0.20944694064039504,13,1.661538353333106,0.0014794923465074163,0.001113681585566532,0.005740668158978224,-0.0006826234166510403,0.005740668158978224,0.0006826234166510403,0.0019291406497359276,0.003901150543242693,0.0019291406497359276,0,0.005740668158978224,0.0,0.0,0.005740668158978224,0,1.7449653809571697e-11,0.0,0,0,10,6,13,13,0,1,1,1,0.0,0.0,0.0,1,0.0033721670042723417,0.0005018329247832298,0.002870334079489112,0.002870334079489112,inf,inf,0,0,-0.0006826233992013865,0.0,1.6615384505345263,0.004769170438950785,0.0,inf,0,0,0,3,3,0,0,0.024000000208616257
3002,2,2,3,2,574a855f9a967349fe9e01d25659b3b77e2bf9b10b59c2d5c7e127b9ac117de8,0bc601d8605a9532d518cc9ec06d7054f26c5dc8b8d4b9e7a46288d2e669208a,0.004398616962134838,0.0,-0.00048191388486884534,-0.00048191388486884534,0.0,0.004398616962134838,0.0,0,1,0.9076921939849854,0.20944694064039504,13,1.661538353333106,0.00117957216990571,0.000885510483767683,0.004398616962134838,-0.00048191388486884534,0.004398616962134838,0.00048191388486884534,0.0013968405546620488,0.0029612367507070303,0.0013968405546620488,0,0.0043986167293041945,0.0,2.3283064365386963e-10,0.0043986167293041945,0,1.6919263516254612e-10,0.0,0,0,10,7,13,13,0,1,1,1,0.0,0.0,0.0,1,0.0033938370179384947,-0.0011945286532863975,0.0021993083646520972,0.0021993083646520972,inf,inf,0,0,-0.0004819140540614805,0.0,1.6615384505345263,0.0036542354124516688,0.0,inf,0,0,0,4,5,0,0,0.024000000208616257
3002,2,2,4,2,574a855f9a967349fe9e01d25659b3b77e2bf9b10b59c2d5c7e127b9ac117de8,0bc601d8605a9532d518cc9ec06d7054f26c5dc8b8d4b9e7a46288d2e669208a,0.004493871238082647,0.0,0.0002395862975390628,0.0002395862975390628,0.0,0.004493871238082647,0.0,0,1,0.9076921939849854,0.20944694064039504,13,1.661538353333106,0.0011937406092757206,0.0009769311468113494,0.004493871238082647,0.0002395862975390628,0.004493871238082647,0.0002395862975390628,0.0018781343242153525,0.0027676397003233433,0.0018781343242153525,0,0.0044938711216673255,0.0,1.1641532182693481e-10,0.0044938711216673255,0,1.0784368249762075e-10,0.0,0,0,10,7,13,13,0,1,1,1,0.0,0.0,0.0,1,0.0027911346405744553,-0.0005441990797407925,0.0022469355608336627,0.0022469355608336627,inf,inf,0,0,0.0002395861896953803,0.0,1.6615384505345263,0.003733369830198491,0.0,inf,0,0,0,5,4,0,0,0.024000000208616257
3002,2,2,5,2,574a855f9a967349fe9e01d25659b3b77e2bf9b10b59c2d5c7e127b9ac117de8,0bc601d8605a9532d518cc9ec06d7054f26c5dc8b8d4b9e7a46288d2e669208a,0.011945653706789017,0.024000000208616257,-0.0007183530833572149,-0.0007183530833572149,0.0,0.011945653706789017,0.024000000208616257,1,3,0.9076921939849854,0.20944694064039504,13,1.661538353333106,0.0024713945394570203,0.0013749760605901832,0.01205434650182724,-0.0007183530833572149,0.01205434650182724,0.0007183530833572149,0.0011575829703360796,0.004469797480851412,0.0011575829703360796,0,0.011945653706789017,0.024000000208616257,0.0,0.01205434650182724,0,3.9122156469256764e-11,0.0,10,11,10,11,1,1,1,1,1,1,0.012000000104308128,0.012000000104308128,0.012000000104308128,0,0.006908532697707415,-0.0008813594467937946,0.00602717325091362,0.00602717325091362,0.5022644332102798,0.575711053138006,0,0,-0.0007183531224793714,0.0,1.6615384505345263,0.01001438010442616,0.0,inf,0,0,0,1,2,1,0,0.012000000104308128
3002,3,0,1,3,c78c588a960cfbb402c767c0686bc2ed82d6a9740445fc7df695e4afef8c0a3e,0bc601d8605a9532d518cc9ec06d7054f26c5dc8b8d4b9e7a46288d2e669208a,0.0072319768369197845,0.0,0.0005239673773758113,0.0005239673773758113,0.0,0.0072319768369197845,0.0,0,1,0.9076921939849854,0.20944694064039504,13,1.661538353333106,0.0017565565063424656,0.0012233850006124322,0.0072319768369197845,0.0005239673773758113,0.0072319768369197845,0.0005239673773758113,0.0019096082542091608,0.003373765153810382,0.0019096082542091608,0,0.007231977069750428,0.0,2.3283064365386963e-10,0.007231977069750428,0,1.6757087254251624e-10,0.0,0,0,10,7,13,13,0,1,1,1,0.0,0.0,0.0,1,0.005233768839389086,-0.0016177803045138717,0.003615988534875214,0.003615988534875214,inf,inf,0,0,0.0005239675449466839,0.0,1.6615384505345263,0.006008103987387175,0.0,inf,0,0,0,3,4,0,0,0.047999998554587364
3002,3,0,2,3,c78c588a960cfbb402c767c0686bc2ed82d6a9740445fc7df695e4afef8c0a3e,0bc601d8605a9532d518cc9ec06d7054f26c5dc8b8d4b9e7a46288d2e669208a,0.018807467073202133,0.047999998554587364,0.00012520235031843185,0.00012520235031843185,0.0020769230167453096,0.018807467073202133,0.047999998554587364,1,4,0.9076921939849854,0.20944694064039504,13,1.6615383533331063,0.0082419408527498,0.005237433863059788,0.02919253148138523,-0.0019517206664268778,0.02919253148138523,0.0019517206664268778,0.0015069873770698905,0.004479540511965752,0.0015069873770698905,0,0.018807467073202133,0.047999998554587364,0.0,0.03487095166929066,0,2.849852341960113e-11,4.336808689942018e-19,10,3,10,11,1,1,1,1,0,0,0.017999999225139618,0.012000000104308128,0.012000000104308128,0,0.026951650390401483,0.009516174555756152,0.01743547583464533,0.01743547583464533,1.4529563069241815,2.245970846344039,0,0,0.00012520237881695527,0.002076923016745309,1.661538450534526,0.028969713502628777,0.002076923016745309,13.948380979486878,1,0,0,1,1,1,1,0.023999998345971107
3002,3,0,3,3,c78c588a960cfbb402c767c0686bc2ed82d6a9740445fc7df695e4afef8c0a3e,0bc601d8605a9532d518cc9ec06d7054f26c5dc8b8d4b9e7a46288d2e669208a,0.006812643725425005,0.0,-0.000530017539858818,-0.000530017539858818,0.0,0.006812643725425005,0.0,0,1,0.9076923131942749,0.2094469155167731,13,1.661538461366525,0.0017027558703082923,0.0012328189903782053,0.006812643725425005,-0.000530017539858818,0.006812643725425005,0.000530017539858818,0.0017614294774830341,0.003983702510595322,0.0017614294774830341,0,0.006812643550802022,0.0,1.7462298274040222e-10,0.006812643550802022,0,9.385520529162084e-11,0.0,0,0,10,12,13,13,0,1,1,1,0.0,0.0,0.0,1,0.006094308104366064,-0.002687986328965053,0.003406321775401011,0.003406321775401011,inf,inf,0,0,-0.0005300174460036128,0.0,1.6615384522538923,0.005659734610578527,0.0,inf,0,0,0,4,5,0,0,0.047999998554587364
3002,3,0,4,3,c78c588a960cfbb402c767c0686bc2ed82d6a9740445fc7df695e4afef8c0a3e,0bc601d8605a9532d518cc9ec06d7054f26c5dc8b8d4b9e7a46288d2e669208a,0.007264689076691866,0.0,-0.0010010109981521964,-0.0010010109981521964,0.0,0.007264689076691866,0.0,0,1,0.9076921939849854,0.20944694064039504,13,1.661538353333106,0.0016791748385282506,0.001098986111647455,0.007264689076691866,-0.0010010109981521964,0.007264689076691866,0.0010010109981521964,0.0021902406588196754,0.003796650329604745,0.0021902406588196754,0,0.007264689076691866,0.0,0.0,0.007264689076691866,0,1.714018892096103e-10,0.0,0,0,10,7,13,13,0,1,1,1,0.0,0.0,0.0,1,0.004660208243876696,-0.0010278637055307627,0.003632344538345933,0.003632344538345933,inf,inf,0,0,-0.0010010108267503072,0.0,1.6615384505345263,0.006035280116050851,0.0,inf,0,0,0,5,3,0,0,0.047999998554587364
3002,3,0,5,3,c78c588a960cfbb402c767c0686bc2ed82d6a9740445fc7df695e4afef8c0a3e,0bc601d8605a9532d518cc9ec06d7054f26c5dc8b8d4b9e7a46288d2e669208a,0.015402190387248993,0.024000000208616257,-0.0009948699735105038,-0.0009948699735105038,0.0,0.015402190387248993,0.024000000208616257,1,3,0.9076921939849854,0.20944694064039504,13,1.661538353333106,0.002141880519470599,0.0014243150245640756,0.008597809821367264,-0.0009948699735105038,0.008597809821367264,0.0009948699735105038,0.0012673335149884224,0.0035234123934060335,0.0012673335149884224,0,0.015402190387248993,0.024000000208616257,0.0,0.008597809821367264,0,2.871360458428507e-10,0.0,10,11,10,11,1,1,1,1,1,1,0.012000000104308128,0.012000000104308128,0.012000000104308128,0,0.004719672724604607,-0.00042076781392097473,0.004298904910683632,0.004298904910683632,0.3582420727763393,0.3933060569649657,1,0,-0.0009948702606465496,0.0,1.6615384505345263,0.007142795804292548,0.0,inf,0,0,0,2,2,0,0,0.023999998345971107
3002,3,1,0,3,c78c588a960cfbb402c767c0686bc2ed82d6a9740445fc7df695e4afef8c0a3e,0bc601d8605a9532d518cc9ec06d7054f26c5dc8b8d4b9e7a46288d2e669208a,0.007727243937551975,0.0,8.448756852885708e-05,8.448756852885708e-05,-1.734723475976807e-18,0.007727243937551975,0.0,0,1,0.9076921939849854,0.20944694064039504,13,1.661538353333106,0.0018660623293857554,0.0013447917292456657,0.007727243937551975,8.448756852885882e-05,0.007727243937551975,8.448756852885882e-05,0.0031101624481379986,0.004191674757748842,0.0031101624481379986,0,0.007727243937551975,0.0,0.0,0.007727243937551975,0,1.1283315948240613e-10,1.734723475976807e-18,0,0,10,12,13,13,0,1,1,1,0.0,0.0,0.0,1,0.008208717219531536,-0.0043450952507555485,0.0038636219687759876,0.0038636219687759876,inf,inf,0,0,8.44874556956976e-05,-3.469446951953614e-18,1.6615384505345263,0.0064195564594512105,3.469446951953614e-18,inf,0,0,0,3,5,0,0,0.029999999329447746
3002,3,1,2,3,c78c588a960cfbb402c767c0686bc2ed82d6a9740445fc7df695e4afef8c0a3e,0bc601d8605a9532d518cc9ec06d7054f26c5dc8b8d4b9e7a46288d2e669208a,0.018561463803052902,0.0,0.0002694061549846083,0.0002694061549846083,0.0,0.018561463803052902,0.0,0,1,0.9076921939849854,0.20944694064039504,13,1.6615383533331063,0.0039289006787151535,0.002233482307627708,0.018561463803052902,0.0002694061549846083,0.018561463803052902,0.0002694061549846083,0.0012882277369499207,0.007658252026885748,0.0012882277369499207,0,0.01856146426871419,0.0,4.656612873077393e-10,0.01856146426871419,0,1.0741620102075466e-09,2.6020852139652106e-18,0,0,10,11,13,13,0,1,1,1,0.0,0.0,0.0,1,0.009307380300015211,2.664816565811634e-05,0.009280732134357095,0.009280732134357095,inf,inf,0,0,0.0002694072291466185,-2.6020852139652106e-18,1.661538450534526,0.015420293290345673,2.6020852139652106e-18,inf,0,0,0,4,3,0,0,0.029999999329447746
3002,3,1,3,3,c78c588a960cfbb402c767c0686bc2ed82d6a9740445fc7df695e4afef8c0a3e,0bc601d8605a9532d518cc9ec06d7054f26c5dc8b8d4b9e7a46288d2e669208a,0.025404788553714752,0.029999999329447746,-0.009162942878901958,-0.009162942878901958,-0.01349999962281436,0.025404788553714752,0.029999999329447746,1,3,0.9076923131942749,0.2094469155167731,13,1.661538461366525,0.0016684276636164733,0.0011580578552988858,0.004595210775732994,0.004337056743912401,0.004595210775732994,0.004337056743912401,0.001663496601395309,0.003946525976061821,0.001663496601395309,0,0.025404787622392178,0.029999999329447746,9.313225746154785e-10,0.007117478176951408,0,1.904575462619018e-09,1.734723475976807e-18,10,11,10,11,1,1,1,1,1,1,0.014999999664723873,0.014999999664723873,0.014999999664723873,0,0.007043754681944847,-0.003485015593469143,0.003558739088475704,0.003558739088475704,0.23724927786798156,0.4695836559590024,1,0,-0.009162944783477421,-0.013499999622814358,1.6615384522538923,0.005912981837041349,0.013499999622814358,0.4379986668331968,1,1,0,1,1,1,1,0.011999999172985554
3002,3,1,4,3,c78c588a960cfbb402c767c0686bc2ed82d6a9740445fc7df695e4afef8c0a3e,0bc601d8605a9532d518cc9ec06d7054f26c5dc8b8d4b9e7a46288d2e669208a,0.021083710715174675,0.018000000156462193,-0.0018977373838424683,-0.0018977373838424683,6.44761778689773e-11,0.021083710715174675,0.018000000156462193,1,3,0.9076921939849854,0.20944694064039504,13,1.661538353333106,0.0014440625538246611,0.0010984192034725606,0.0030837105587124825,-0.0018977374483186461,0.0030837105587124825,0.0018977374483186461,0.004411121364682913,0.00858987681567669,0.004411121364682913,0,0.021083710715174675,0.018000000156462193,0.0,0.005601990967988968,0,1.9503731928105505e-09,0.0,10,11,10,11,1,1,1,1,1,1,0.008999999612569809,0.009000000543892384,0.008999999612569809,0,0.008145243860781193,-0.005344248376786709,0.002800995483994484,0.002800995483994484,0.3112217338412422,0.905027134601781,1,0,-0.001897739334215661,6.44761778689773e-11,1.6615384505345263,0.0046539616964304,6.44761778689773e-11,72181103.94024539,0,0,0,2,2,0,0,0.011999999172985554
3002,3,1,5,3,c78c588a960cfbb402c767c0686bc2ed82d6a9740445fc7df695e4afef8c0a3e,0bc601d8605a9532d518cc9ec06d7054f26c5dc8b8d4b9e7a46288d2e669208a,0.01144449133425951,0.0,-0.001072783605195582,-0.001072783605195582,-1.734723475976807e-18,0.01144449133425951,0.0,0,1,0.9076921939849854,0.20944694064039504,13,1.661538353333106,0.0027627143544464525,0.0018767024770643581,0.01144449133425951,-0.0010727836051955802,0.01144449133425951,0.0010727836051955802,0.001996319042518735,0.005911294836550951,0.001996319042518735,0,0.01144449133425951,0.0,0.0,0.01144449133425951,0,2.201085817082893e-09,8.673617379884035e-19,0,0,10,11,13,13,0,1,1,1,0.0,0.0,0.0,1,0.006188760511577129,-0.00046651484444737434,0.005722245667129755,0.005722245667129755,inf,inf,0,0,-0.0010727814041097648,-2.6020852139652106e-18,1.6615384505345263,0.00950773119934068,2.6020852139652106e-18,inf,0,0,0,5,4,0,0,0.029999999329447746
3002,3,2,0,3,c78c588a960cfbb402c767c0686bc2ed82d6a9740445fc7df695e4afef8c0a3e,0bc601d8605a9532d518cc9ec06d7054f26c5dc8b8d4b9e7a46288d2e669208a,0.009016787633299828,0.012000001035630703,-4.970810186932795e-05,-4.970810186932795e-05,-6.44761778689773e-11,0.009016787633299828,0.012000001035630703,1,3,0.9076921939849854,0.20944694064039504,13,1.661538353333106,0.0013120001128601824,0.0009048619037549172,0.0029832134023308754,-4.970803739315008e-05,0.0029832134023308754,4.970803739315008e-05,0.0025216196663677692,0.003488260554149747,0.0025216196663677692,0,0.009016787633299828,0.012000001035630703,0.0,0.005179036408662796,0,5.794394616898124e-10,1.734723475976807e-18,10,11,10,11,1,1,1,1,1,1,0.006000000983476639,0.006000000052154064,0.006000000052154064,0,0.010737758129835129,0.00814823992550373,0.002589518204331398,0.002589518204331398,0.4315863636370692,1.7896263394164735,1,0,-4.970752242986626e-05,-6.447617960370078e-11,1.6615384505345263,0.00430258406485574,6.447617960370078e-11,66731374.14935766,1,0,0,2,2,0,0,0.011999997310340405
3002,3,2,1,3,c78c588a960cfbb402c767c0686bc2ed82d6a9740445fc7df695e4afef8c0a3e,0bc601d8605a9532d518cc9ec06d7054f26c5dc8b8d4b9e7a46288d2e669208a,0.005946582183241844,0.0,0.0006904980982653797,0.0006904980982653797,0.0,0.005946582183241844,0.0,0,1,0.9076921939849854,0.20944694064039504,13,1.661538353333106,0.0017759802008369262,0.001464177297769919,0.005946582183241844,0.0006904980982653797,0.005946582183241844,0.0006904980982653797,0.004532837308943272,0.0036263952497392893,0.004532837308943272,0,0.005946582183241844,0.0,0.0,0.005946582183241844,0,3.7243355101301834e-10,1.734723475976807e-18,0,0,7,11,13,13,0,1,1,1,0.0,0.0,0.0,1,0.01222258061170578,0.009249289520084858,0.002973291091620922,0.002973291091620922,inf,inf,0,0,0.0006904984706989307,-1.734723475976807e-18,1.6615384505345263,0.004940237473359937,1.734723475976807e-18,inf,0,0,0,3,3,0,0,0.023999998345971107
3002,3,2,3,3,c78c588a960cfbb402c767c0686bc2ed82d6a9740445fc7df695e4afef8c0a3e,0bc601d8605a9532d518cc9ec06d7054f26c5dc8b8d4b9e7a46288d2e669208a,0.005126088857650757,0.0,-0.0007453076541423798,-0.0007453076541423798,-3.469446951953614e-18,0.005126088857650757,0.0,0,1,0.9076923131942749,0.2094469155167731,13,1.661538461366525,0.0014338839049122846,0.0011782068208124508,0.005126088857650757,-0.0007453076541423763,0.005126088857650757,0.0007453076541423763,0.004712470807135105,0.004853763151913881,0.004712470807135105,0,0.005126088857650757,0.0,0.0,0.005126088857650757,0,3.397082216222147e-10,3.469446951953614e-18,0,0,7,1,13,13,0,1,1,1,0.0,0.0,0.0,1,0.011133547872304916,0.008570503443479538,0.0025630444288253784,0.0025630444288253784,inf,inf,0,0,-0.0007453079938506014,-6.938893903907228e-18,1.6615384522538923,0.004258596873328481,6.938893903907228e-18,inf,0,0,0,4,4,0,0,0.023999998345971107
3002,3,2,4,3,c78c588a960cfbb402c767c0686bc2ed82d6a9740445fc7df695e4afef8c0a3e,0bc601d8605a9532d518cc9ec06d7054f26c5dc8b8d4b9e7a46288d2e669208a,0.0050702765583992004,0.0,-0.0014973623910918832,-0.0014973623910918832,0.0,0.0050702765583992004,0.0,0,1,0.9076921939849854,0.20944694064039504,13,1.661538353333106,0.001517069509033326,0.0012269412007557571,0.0050702765583992004,-0.0014973623910918832,0.0050702765583992004,0.0014973623910918832,0.0016356536652892828,0.00480059115216136,0.0016356536652892828,0,0.0050702765583992004,0.0,0.0,0.0050702765583992004,0,1.938828958492067e-09,1.734723475976807e-18,0,0,7,2,13,13,0,1,1,1,0.0,0.0,0.0,1,0.011814158409833908,0.009279020130634308,0.0025351382791996002,0.0025351382791996002,inf,inf,0,0,-0.0014973604522629247,-1.734723475976807e-18,1.6615384505345263,0.004212229728312069,1.734723475976807e-18,inf,0,0,0,5,5,0,0,0.023999998345971107
3002,3,2,5,3,c78c588a960cfbb402c767c0686bc2ed82d6a9740445fc7df695e4afef8c0a3e,0bc601d8605a9532d518cc9ec06d7054f26c5dc8b8d4b9e7a46288d2e669208a,0.009583527222275734,0.023999998345971107,-0.0014287615194916725,-0.0014287615194916725,1.289523557379546e-10,0.009583527222275734,0.023999998345971107,1,3,0.9076921939849854,0.20944694064039504,13,1.661538353333106,0.0030451908339583023,0.0018197122366118007,0.014416471123695374,-0.0014287616484440283,0.014416471123695374,0.0014287616484440283,0.0018533372785896063,0.0038820283953100443,0.0018533372785896063,0,0.009583527222275734,0.023999998345971107,0.0,0.014416471123695374,0,2.387109433732437e-10,0.0,10,11,10,11,1,1,1,1,1,1,0.011999998241662979,0.012000000104308128,0.011999998241662979,0,0.014086570590734482,0.006878335028886795,0.007208235561847687,0.007208235561847687,0.6006863848380662,1.1738810545677498,0,0,-0.0014287612807807291,1.289523557379546e-10,1.6615384505345263,0.011976760546520276,1.289523557379546e-10,92877407.92311211,0,0,0,1,1,1,1,0.011999997310340405
3002,4,0,1,4,5901caf8d966088364839b36eb165350aa21b67a63089d86a46f5c0efc67ec2b,0bc601d8605a9532d518cc9ec06d7054f26c5dc8b8d4b9e7a46288d2e669208a,0.010512896813452244,0.0,-0.0001801019097911194,-0.0001801019097911194,0.0,0.010512896813452244,0.0,0,1,0.9076921939849854,0.20944694064039504,13,1.661538353333106,0.002507454928232775,0.0016299448742051802,0.010512896813452244,-0.0001801019097911194,0.010512896813452244,0.0001801019097911194,0.002882772358134389,0.00428628409281373,0.002882772358134389,0,0.010512897046282887,0.0,2.3283064365386963e-10,0.010512897046282887,0,3.970819554242888e-10,0.0,0,0,10,11,13,13,0,1,1,1,0.0,0.0,0.0,1,0.007545069325715303,-0.0022886208025738597,0.005256448523141444,0.005256448523141444,inf,inf,0,0,-0.00018010230687307482,0.0,1.6615384505345263,0.008733791334454934,0.0,inf,0,0,0,3,3,0,0,0.047999998554587364
3002,4,0,2,4,5901caf8d966088364839b36eb165350aa21b67a63089d86a46f5c0efc67ec2b,0bc601d8605a9532d518cc9ec06d7054f26c5dc8b8d4b9e7a46288d2e669208a,0.024906668812036514,0.047999998554587364,0.00040456451824866235,0.00040456451824866235,0.0020769230167453096,0.024906668812036514,0.047999998554587364,1,4,0.007692307233810425,0.20944694064039504,13,1.6615383533331063,0.008120854075430504,0.0047449377150489734,0.02309332974255085,-0.0016723584984966473,0.02309332974255085,0.0016723584984966473,0.0010223806602880359,0.005172787234187126,0.0010223806602880359,0,0.02490666974335909,0.047999998554587364,9.313225746154785e-10,0.034005625173449516,0,6.849875690533719e-11,4.336808689942018e-19,10,1,10,11,1,1,1,1,0,0,0.017999999225139618,0.012000000104308128,0.012000000104308128,0,0.026236924342811108,0.00923411175608635,0.017002812586724758,0.017002812586724758,1.4169010365775385,2.1864103428958948,0,0,0.00040456444974990545,0.002076923016745309,1.661538450534526,0.028250826880075592,0.002076923016745309,13.602250373413797,1,0,0,1,1,1,1,0.023999998345971107
3002,4,0,3,4,5901caf8d966088364839b36eb165350aa21b67a63089d86a46f5c0efc67ec2b,0bc601d8605a9532d518cc9ec06d7054f26c5dc8b8d4b9e7a46288d2e669208a,0.010385752655565739,0.0,-0.003020649077370763,-0.003020649077370763,0.0,0.010385752655565739,0.0,0,1,0.9076923131942749,0.2094469155167731,13,1.661538461366525,0.0024348947193942178,0.0015129630244474792,0.010385752655565739,-0.003020649077370763,0.010385752655565739,0.003020649077370763,0.002047278918325901,0.004816277418285608,0.002047278918325901,0,0.010385752655565739,0.0,0.0,0.010385752655565739,0,3.932609390043529e-10,0.0,0,0,10,11,13,13,0,1,1,1,0.0,0.0,0.0,1,0.006082381587475538,-0.0008895052596926689,0.005192876327782869,0.005192876327782869,inf,inf,0,0,-0.003020649470631702,0.0,1.6615384522538923,0.008628163696410224,0.0,inf,0,0,0,4,4,0,0,0.047999998554587364
3002,4,0,4,4,5901caf8d966088364839b36eb165350aa21b67a63089d86a46f5c0efc67ec2b,0bc601d8605a9532d518cc9ec06d7054f26c5dc8b8d4b9e7a46288d2e669208a,0.007932561449706554,0.0,-0.0007541272789239883,-0.0007541272789239883,0.0,0.007932561449706554,0.0,0,1,0.9076921939849854,0.20944694064039504,13,1.661538353333106,0.001765829409225981,0.0011959797647621857,0.007932561449706554,-0.0007541272789239883,0.007932561449706554,0.0007541272789239883,0.0016416627913713455,0.004787956830114126,0.0016416627913713455,0,0.007932561100460589,0.0,3.4924596548080444e-10,0.007932561100460589,0,2.4126879075332675e-10,0.0,0,0,10,6,13,13,0,1,1,1,0.0,0.0,0.0,1,0.0066818967461586,-0.0027156161959283054,0.0039662805502302945,0.0039662805502302945,inf,inf,0,0,-0.0007541275201927791,0.0,1.6615384505345263,0.0065901276398148715,0.0,inf,0,0,0,5,5,0,0,0.047999998554587364
3002,4,0,5,4,5901caf8d966088364839b36eb165350aa21b67a63089d86a46f5c0efc67ec2b,0bc601d8605a9532d518cc9ec06d7054f26c5dc8b8d4b9e7a46288d2e669208a,0.01857963390648365,0.024000000208616257,-0.0006619771593250334,-0.0006619771593250334,0.0,0.01857963390648365,0.024000000208616257,1,3,0.9076921939849854,0.20944694064039504,13,1.661538353333106,0.0015569275811603072,0.001109011449228377,0.0054203663021326065,-0.0006619771593250334,0.0054203663021326065,0.0006619771593250334,0.0015366114675998688,0.006769574712961912,0.0015366114675998688,0,0.018579633440822363,0.024000000208616257,4.656612873077393e-10,0.006797573994845152,0,6.60787411767283e-10,0.0,10,11,10,11,1,1,1,1,1,1,0.012000000104308128,0.012000000104308128,0.012000000104308128,0,0.007730087731033564,-0.004331300733610988,0.003398786997422576,0.003398786997422576,0.2832322473232625,0.6441739719867485,1,0,-0.0006619764985376217,0.0,1.6615384505345263,0.005647215281394402,0.0,inf,0,0,0,2,2,0,0,0.023999998345971107
3002,4,1,0,4,5901caf8d966088364839b36eb165350aa21b67a63089d86a46f5c0efc67ec2b,0bc601d8605a9532d518cc9ec06d7054f26c5dc8b8d4b9e7a46288d2e669208a,0.0063782730139791965,0.0,0.00018289685249328613,0.00018289685249328613,0.0,0.0063782730139791965,0.0,0,1,0.9076921939849854,0.20944694064039504,13,1.661538353333106,0.0014136577852356946,0.0009582730219561671,0.0063782730139791965,0.00018289685249328613,0.0063782730139791965,0.00018289685249328613,0.002049295464530587,0.0030272644944489002,0.002049295464530587,0,0.0063782730139791965,0.0,0.0,0.0063782730139791965,0,9.8626399495233e-10,8.673617379884035e-19,0,0,10,7,13,13,0,1,1,1,0.0,0.0,0.0,1,0.005278764758259058,0.0020896282512694597,0.0031891365069895983,0.0031891365069895983,inf,inf,0,0,0.00018289586622929118,-8.673617379884035e-19,1.6615384505345263,0.005298872930366589,8.673617379884035e-19,inf,0,0,0,3,5,0,0,0.02999999839812517
3002,4,1,2,4,5901caf8d966088364839b36eb165350aa21b67a63089d86a46f5c0efc67ec2b,0bc601d8605a9532d518cc9ec06d7054f26c5dc8b8d4b9e7a46288d2e669208a,0.008147062733769417,0.0,0.000677547708619386,0.000677547708619386,0.0,0.008147062733769417,0.0,0,1,0.007692307233810425,0.20944694064039504,13,1.6615383533331063,0.0018479203099475282,0.001274497865440225,0.008147062733769417,0.000677547708619386,0.008147062733769417,0.000677547708619386,0.0012752561597153544,0.002501517301425338,0.0012752561597153544,0,0.008147063199430704,0.0,4.656612873077393e-10,0.008147063199430704,0,2.776154748793114e-10,8.673617379884035e-19,0,0,10,11,13,13,0,1,1,1,0.0,0.0,0.0,1,0.005638607311993837,0.0015650757122784853,0.004073531599715352,0.004073531599715352,inf,inf,0,0,0.0006775474310039111,-8.673617379884035e-19,1.661538450534526,0.0067683293823944755,8.673617379884035e-19,inf,0,0,0,4,3,0,0,0.02999999839812517
3002,4,1,3,4,5901caf8d966088364839b36eb165350aa21b67a63089d86a46f5c0efc67ec2b,0bc601d8605a9532d518cc9ec06d7054f26c5dc8b8d4b9e7a46288d2e669208a,0.020451778545975685,0.02999999839812517,-0.007146521005779505,-0.007146521005779505,-0.013499999381028692,0.020451778545975685,0.02999999839812517,1,3,0.9076923131942749,0.2094469155167731,13,1.661538461366525,0.002184951442267194,0.0011623968031345565,0.009548219852149487,0.006353478375249187,0.009548219852149487,0.006353478375249187,0.0021677811164408922,0.004243438597768545,0.0021677811164408922,0,0.020451778080314398,0.02999999839812517,4.656612873077393e-10,0.009548220317810774,0,9.587748329639711e-10,1.734723475976807e-18,10,11,10,11,1,1,1,1,1,1,0.014999998966231942,0.01499999943189323,0.014999998966231942,0,0.0072923987172544,0.0025182885583490133,0.004774110158905387,0.004774110158905387,0.31827403252846104,0.486159947988735,1,0,-0.007146521964554338,-0.013499999381028693,1.6615384522538923,0.00793236760431724,0.013499999381028693,0.5875828124454919,1,1,0,1,1,1,1,0.011999998241662979
3002,4,1,4,4,5901caf8d966088364839b36eb165350aa21b67a63089d86a46f5c0efc67ec2b,0bc601d8605a9532d518cc9ec06d7054f26c5dc8b8d4b9e7a46288d2e669208a,0.016648463904857635,0.018000000156462193,0.000245233386522159,0.000245233386522159,6.44761778689773e-11,0.016648463904857635,0.018000000156462193,1,3,0.9076921939849854,0.20944694064039504,13,1.661538353333106,0.000928374930040139,0.0007353595639826982,0.001351536251604557,0.0002452333220459811,0.001351536251604557,0.0002452333220459811,0.0016902565257623792,0.005515792407095432,0.0016902565257623792,0,0.016648463904857635,0.018000000156462193,0.0,0.003359750844538212,0,9.176091683368859e-10,1.734723475976807e-18,10,11,10,11,1,1,1,1,1,1,0.008999999612569809,0.009000000543892384,0.008999999612569809,0,0.003244798630475998,0.001564923208206892,0.001679875422269106,0.001679875422269106,0.18665283273156094,0.36053319668416034,1,0,0.0002452343041313273,6.447617613425383e-11,1.6615384505345263,0.002791177606208043,6.447617613425383e-11,43290061.1288763,1,0,0,2,2,0,0,0.011999998241662979
3002,4,1,5,4,5901caf8d966088364839b36eb165350aa21b67a63089d86a46f5c0efc67ec2b,0bc601d8605a9532d518cc9ec06d7054f26c5dc8b8d4b9e7a46288d2e669208a,0.006472836248576641,0.0,-0.0005575082614086568,-0.0005575082614086568,0.0,0.006472836248576641,0.0,0,1,0.9076921939849854,0.20944694064039504,13,1.661538353333106,0.0015577435956953913,0.0010733599471446325,0.006472836248576641,-0.0005575082614086568,0.006472836248576641,0.0005575082614086568,0.002007054165005684,0.00288896425627172,0.002007054165005684,0,0.006472836248576641,0.0,0.0,0.006472836248576641,0,3.5540425723928903e-10,0.0,0,0,10,7,13,13,0,1,1,1,0.0,0.0,0.0,1,0.004932323470711708,0.0016959053464233875,0.0032364181242883205,0.0032364181242883205,inf,inf,0,0,-0.0005575086168129141,0.0,1.6615384505345263,0.005377433155511874,0.0,inf,0,0,0,5,4,0,0,0.02999999839812517
3002,4,2,0,4,5901caf8d966088364839b36eb165350aa21b67a63089d86a46f5c0efc67ec2b,0bc601d8605a9532d518cc9ec06d7054f26c5dc8b8d4b9e7a46288d2e669208a,0.011868009343743324,0.012000000104308128,-0.0011639323784038424,-0.0011639323784038424,8.673617379884035e-19,0.011868009343743324,0.012000000104308128,1,3,0.9076921939849854,0.20944694064039504,13,1.661538353333106,0.0009909346409002603,0.0008022703330952829,0.00013199076056480408,-0.0011639323784038433,0.00013199076056480408,0.0011639323784038433,0.0023658352438360453,0.005990916397422552,0.0023658352438360453,0,0.011868008878082037,0.012000000104308128,4.656612873077393e-10,0.003608641534810886,0,1.4878063624851334e-10,0.0,10,11,10,11,1,1,1,1,1,1,0.006000000052154064,0.006000000052154064,0.006000000052154064,0,0.005298332864185795,0.0034940120967803523,0.001804320767405443,0.001804320767405443,0.30072012528694436,0.8830554696884773,1,0,-0.0011639325271844787,8.673617379884035e-19,1.6615384505345263,0.002997948332142107,8.673617379884035e-19,inf,0,0,0,2,1,0,1,0.012000001035630703
3002,4,2,1,4,5901caf8d966088364839b36eb165350aa21b67a63089d86a46f5c0efc67ec2b,0bc601d8605a9532d518cc9ec06d7054f26c5dc8b8d4b9e7a46288d2e669208a,0.004358405247330666,0.0,-0.0009085452184081078,-0.0009085452184081078,0.0,0.004358405247330666,0.0,0,1,0.9076921939849854,0.20944694064039504,13,1.661538353333106,0.001351274024054463,0.0011387479415069714,0.004358405247330666,-0.0009085452184081078,0.004358405247330666,0.0009085452184081078,0.002252716338261962,0.0022501060739159584,0.002252716338261962,0,0.004358405014500022,0.0,2.3283064365386963e-10,0.004358405014500022,0,9.13136681069196e-11,4.336808689942018e-19,0,0,8,3,13,13,0,1,1,1,0.0,0.0,0.0,1,0.007221761392429471,0.00504255888517946,0.002179202507250011,0.002179202507250011,inf,inf,0,0,-0.0009085451270944397,4.336808689942018e-19,1.6615384505345263,0.003620828757297138,4.336808689942018e-19,inf,0,0,0,3,3,0,0,0.02400000113993883
3002,4,2,3,4,5901caf8d966088364839b36eb165350aa21b67a63089d86a46f5c0efc67ec2b,0bc601d8605a9532d518cc9ec06d7054f26c5dc8b8d4b9e7a46288d2e669208a,0.0037138655316084623,0.0,-0.00018788465240504593,-0.00018788465240504593,8.673617379884035e-19,0.0037138655316084623,0.0,0,1,0.9076923131942749,0.2094469155167731,13,1.661538461366525,0.000960529857600477,0.0007280738240372411,0.0037138655316084623,-0.0001878846524050468,0.0037138655316084623,0.0001878846524050468,0.002401035511866212,0.0022752885706722736,0.002401035511866212,0,0.0037138654734008014,0.0,5.820766091346741e-11,0.0037138654734008014,0,1.348426121195595e-10,8.673617379884035e-19,0,0,8,12,13,13,0,1,1,1,0.0,0.0,0.0,1,0.0040416598203592,0.0021847270836587995,0.0018569327367004007,0.0018569327367004007,inf,inf,0,0,-0.00018788478724765805,1.734723475976807e-18,1.6615384522538923,0.003085365145276768,1.734723475976807e-18,inf,0,0,0,4,5,0,0,0.02400000113993883
3002,4,2,4,4,5901caf8d966088364839b36eb165350aa21b67a63089d86a46f5c0efc67ec2b,0bc601d8605a9532d518cc9ec06d7054f26c5dc8b8d4b9e7a46288d2e669208a,0.003753658849745989,0.0,0.0009167124517261982,0.0009167124517261982,0.0,0.003753658849745989,0.0,0,1,0.9076921939849854,0.20944694064039504,13,1.661538353333106,0.0009661393024634526,0.0007594102718412721,0.003753658849745989,0.0009167124517261982,0.003753658849745989,0.0009167124517261982,0.0009381582494825125,0.0017092360649257898,0.0009381582494825125,0,0.0037536587769864127,0.0,7.275957614183426e-11,0.0037536587769864127,0,1.619475035845308e-10,4.336808689942018e-19,0,0,8,3,13,13,0,1,1,1,0.0,0.0,0.0,1,0.0051308238616911694,0.003253994473197963,0.0018768293884932064,0.0018768293884932064,inf,inf,0,0,0.0009167126136737018,4.336808689942018e-19,1.6615384505345263,0.0031184241940746646,4.336808689942018e-19,inf,0,0,0,5,4,0,0,0.02400000113993883
3002,4,2,5,4,5901caf8d966088364839b36eb165350aa21b67a63089d86a46f5c0efc67ec2b,0bc601d8605a9532d518cc9ec06d7054f26c5dc8b8d4b9e7a46288d2e669208a,0.010398023761808872,0.02400000113993883,-0.00036791121237911284,-0.00036791121237911284,6.44761778689773e-11,0.010398023761808872,0.02400000113993883,1,3,0.9076921939849854,0.20944694064039504,13,1.661538353333106,0.0028290339679712217,0.00179427710483016,0.013601977378129959,-0.0003679112768552907,0.013601977378129959,0.0003679112768552907,0.001634447369724512,0.00482605118304491,0.001634447369724512,0,0.010398023528978229,0.02400000113993883,2.3283064365386963e-10,0.013601977610960603,0,3.154667967825153e-10,0.0,10,11,10,11,1,1,1,1,1,1,0.012000000104308128,0.012000001035630703,0.012000000104308128,0,0.010332147125154734,0.0035311583196744323,0.006800988805480301,0.006800988805480301,0.5667490621969806,0.8610122529453464,0,0,-0.0003679115278459096,6.44761778689773e-11,1.6615384505345263,0.011300104401960399,6.44761778689773e-11,175260146.85491216,0,0,0,1,2,1,0,0.012000001035630703
3002,5,0,1,5,02e112a6410c548233a08930e77122033297988cd6e859e8e4771142c2e3380c,0bc601d8605a9532d518cc9ec06d7054f26c5dc8b8d4b9e7a46288d2e669208a,0.009450530633330345,0.0,0.0014163432642817497,0.0014163432642817497,0.0,0.009450530633330345,0.0,0,1,0.9076921939849854,0.20944694064039504,13,1.661538353333106,0.002449356737905114,0.0017943570511580918,0.009450530633330345,0.0014163432642817497,0.009450530633330345,0.0014163432642817497,0.0027236398309469223,0.0020670562516897917,0.0027236398309469223,0,0.009450530633330345,0.0,0.0,0.009450530633330345,0,2.932300131874843e-09,1.734723475976807e-18,0,0,10,11,13,13,0,1,1,1,0.0,0.0,0.0,1,0.006646616384387016,0.0019213510677218437,0.004725265316665173,0.004725265316665173,inf,inf,0,0,0.0014163403319816179,1.734723475976807e-18,1.6615384505345263,0.007851210012616388,1.734723475976807e-18,inf,0,0,0,3,3,0,0,0.04800000041723251
3002,5,0,2,5,02e112a6410c548233a08930e77122033297988cd6e859e8e4771142c2e3380c,0bc601d8605a9532d518cc9ec06d7054f26c5dc8b8d4b9e7a46288d2e669208a,0.025755593553185463,0.04800000041723251,-0.0007593718473799527,-0.0007593718473799527,0.0020769228877929556,0.025755593553185463,0.04800000041723251,1,4,0.9076921939849854,0.20944694064039504,13,1.6615383533331063,0.008396970401086739,0.005023400855840312,0.02224440686404705,-0.0028362947351729083,0.02224440686404705,0.0028362947351729083,0.0016036357264965773,0.0024372378829866648,0.0016036357264965773,0,0.025755593553185463,0.04800000041723251,0.0,0.033336538821458817,0,1.0841095972324855e-09,3.469446951953614e-18,10,1,10,11,1,1,1,1,0,0,0.018000001087784767,0.012000000104308128,0.012000000104308128,0,0.03165167197585106,0.01498340256512165,0.016668269410729408,0.016668269410729408,1.3890224388202566,2.6376393083936533,0,0,-0.0007593707632703554,0.002076922887792959,1.661538450534526,0.02769497052979538,0.002076922887792959,13.33461665455737,0,0,0,1,1,1,1,0.024000000208616257
3002,5,0,3,5,02e112a6410c548233a08930e77122033297988cd6e859e8e4771142c2e3380c,0bc601d8605a9532d518cc9ec06d7054f26c5dc8b8d4b9e7a46288d2e669208a,0.009307896718382835,0.0,-0.0017680643359199166,-0.0017680643359199166,0.0,0.009307896718382835,0.0,0,1,0.9076923131942749,0.2094469155167731,13,1.661538461366525,0.0022528414238479405,0.0015650338234280696,0.009307896718382835,-0.0017680643359199166,0.009307896718382835,0.0017680643359199166,0.001861067139543593,0.002869702409952879,0.001861067139543593,0,0.009307896718382835,0.0,0.0,0.009307896718382835,0,4.12196857722813e-09,3.469446951953614e-18,0,0,10,3,13,13,0,1,1,1,0.0,0.0,0.0,1,0.00959746353328228,0.004943515174090862,0.004653948359191418,0.004653948359191418,inf,inf,0,0,-0.0017680684578884939,-3.469446951953614e-18,1.6615384522538923,0.00773271415360045,3.469446951953614e-18,inf,0,0,0,4,4,0,0,0.04800000041723251
3002,5,0,4,5,02e112a6410c548233a08930e77122033297988cd6e859e8e4771142c2e3380c,0bc601d8605a9532d518cc9ec06d7054f26c5dc8b8d4b9e7a46288d2e669208a,0.007011868059635162,0.0,-0.001451499410904944,-0.001451499410904944,0.0,0.007011868059635162,0.0,0,1,0.9076921939849854,0.20944694064039504,13,1.661538353333106,0.0018451324745002125,0.0013605574663926856,0.007011868059635162,-0.001451499410904944,0.007011868059635162,0.001451499410904944,0.0037988631520420313,0.002462238073348999,0.0037988631520420313,0,0.007011868059635162,0.0,0.0,0.007011868059635162,0,1.7151248546398712e-09,5.204170427930421e-18,0,0,10,3,13,13,0,1,1,1,0.0,0.0,0.0,1,0.007442953065037727,0.003937019035220146,0.003505934029817581,0.003505934029817581,inf,inf,0,0,-0.0014515011260297986,5.204170427930421e-18,1.6615384505345263,0.0058252441955793715,5.204170427930421e-18,inf,0,0,0,5,5,0,0,0.04800000041723251
3002,5,0,5,5,02e112a6410c548233a08930e77122033297988cd6e859e8e4771142c2e3380c,0bc601d8605a9532d518cc9ec06d7054f26c5dc8b8d4b9e7a46288d2e669208a,0.017405660822987556,0.024000000208616257,-0.0010948128765448928,-0.0010948128765448928,0.0,0.017405660822987556,0.024000000208616257,1,3,0.9076921939849854,0.20944694064039504,13,1.661538353333106,0.0020801757855745716,0.0016334811831719778,0.0065943393856287,-0.0010948128765448928,0.0065943393856287,0.0010948128765448928,0.002059356542304158,0.0037679551169276237,0.002059356542304158,0,0.017405660822987556,0.024000000208616257,0.0,0.007480284199118614,0,1.7033323380238885e-09,3.469446951953614e-18,10,11,10,11,1,1,1,1,1,1,0.012000000104308128,0.012000000104308128,0.012000000104308128,0,0.005771087482571602,0.0020309453830122948,0.003740142099559307,0.003740142099559307,0.31167850558739213,0.4809239527006104,1,0,-0.0010948111732125548,3.469446951953614e-18,1.6615384505345263,0.006214389908880721,3.469446951953614e-18,inf,0,0,0,2,2,0,0,0.024000000208616257
3002,5,1,0,5,02e112a6410c548233a08930e77122033297988cd6e859e8e4771142c2e3380c,0bc601d8605a9532d518cc9ec06d7054f26c5dc8b8d4b9e7a46288d2e669208a,0.005647045560181141,0.0,0.0008450204622931778,0.0008450204622931778,1.734723475976807e-18,0.005647045560181141,0.0,0,1,0.9076921939849854,0.20944694064039504,13,1.661538353333106,0.001406305492617582,0.0010925099892905477,0.005647045560181141,0.0008450204622931761,0.005647045560181141,0.0008450204622931761,0.0016295136883854866,0.0020962776616215706,0.0016295136883854866,0,0.005647045560181141,0.0,0.0,0.005647045560181141,0,5.200635998237058e-10,2.6020852139652106e-18,0,0,10,7,13,13,0,1,1,1,0.0,0.0,0.0,1,0.0034837154671549797,0.0006601926870644093,0.0028235227800905704,0.0028235227800905704,inf,inf,0,0,0.0008450209823567777,-8.673617379884035e-19,1.6615384505345263,0.004691391665080625,8.673617379884035e-19,inf,0,0,0,3,5,0,0,0.02999999839812517
3002,5,1,2,5,02e112a6410c548233a08930e77122033297988cd6e859e8e4771142c2e3380c,0bc601d8605a9532d518cc9ec06d7054f26c5dc8b8d4b9e7a46288d2e669208a,0.009357772767543793,0.0,0.0003578719624783844,0.0003578719624783844,0.0,0.009357772767543793,0.0,0,1,0.9076921939849854,0.20944694064039504,13,1.6615383533331063,0.002167816845407184,0.001525044353050593,0.009357772767543793,0.0003578719624783844,0.009357772767543793,0.0003578719624783844,0.002146197250112891,0.003483359469100833,0.002146197250112891,0,0.009357772301882505,0.0,4.656612873077393e-10,0.009357772301882505,0,1.3541310702955278e-09,8.673617379884035e-19,0,0,10,11,13,13,0,1,1,1,0.0,0.0,0.0,1,0.006193710956722498,0.0015148248057812452,0.004678886150941253,0.004678886150941253,inf,inf,0,0,0.0003578706083473141,-8.673617379884035e-19,1.661538450534526,0.0077741492454623815,8.673617379884035e-19,inf,0,0,0,4,3,0,0,0.02999999839812517
3002,5,1,3,5,02e112a6410c548233a08930e77122033297988cd6e859e8e4771142c2e3380c,0bc601d8605a9532d518cc9ec06d7054f26c5dc8b8d4b9e7a46288d2e669208a,0.022376500070095062,0.02999999839812517,-0.008823174983263016,-0.008823174983263016,-0.013499999381028692,0.022376500070095062,0.02999999839812517,1,3,0.9076923131942749,0.2094469155167731,13,1.661538461366525,0.001779022531278602,0.0011679168829154332,0.007623498328030109,0.004676824397765676,0.007623498328030109,0.004676824397765676,0.002697519725188613,0.004700502380728722,0.002697519725188613,0,0.022376499604433775,0.02999999839812517,4.656612873077393e-10,0.007623498793691397,0,2.2571731983500598e-10,1.734723475976807e-18,10,11,10,11,1,1,1,1,1,1,0.014999998966231942,0.01499999943189323,0.014999998966231942,0,0.007115253712981939,0.003303504316136241,0.0038117493968456984,0.0038117493968456984,0.25411664396955785,0.47435028022334047,1,0,-0.008823174757545696,-0.013499999381028693,1.6615384522538923,0.006333368193214709,0.013499999381028693,0.4691384061924386,1,1,0,1,1,1,1,0.011999998241662979
3002,5,1,4,5,02e112a6410c548233a08930e77122033297988cd6e859e8e4771142c2e3380c,0bc601d8605a9532d518cc9ec06d7054f26c5dc8b8d4b9e7a46288d2e669208a,0.01762321963906288,0.018000000156462193,0.0006768377497792244,0.0006768377497792244,6.44761778689773e-11,0.01762321963906288,0.018000000156462193,1,3,0.9076921939849854,0.20944694064039504,13,1.661538353333106,0.0009458668983916264,0.0007595967049517573,0.00037678051739931107,0.0006768376853030465,0.00037678051739931107,0.0006768376853030465,0.001306629041209817,0.004747101105749607,0.001306629041209817,0,0.01762322010472417,0.018000000156462193,4.656612873077393e-10,0.0034577250480651855,0,1.0396833749828915e-09,8.673617379884035e-19,10,11,10,11,1,1,1,1,1,1,0.008999999612569809,0.009000000543892384,0.008999999612569809,0,0.0017319973558187485,-3.1348317861557007e-06,0.0017288625240325928,0.0017288625240325928,0.19209584427292473,0.1924441589308251,1,0,0.0006768367100958494,6.447617700161556e-11,1.6615384505345263,0.0028725715593683246,6.447617700161556e-11,44552448.5624566,1,0,0,2,2,0,0,0.011999998241662979
3002,5,1,5,5,02e112a6410c548233a08930e77122033297988cd6e859e8e4771142c2e3380c,0bc601d8605a9532d518cc9ec06d7054f26c5dc8b8d4b9e7a46288d2e669208a,0.006041083484888077,0.0,-0.000373404094716534,-0.000373404094716534,0.0,0.006041083484888077,0.0,0,1,0.9076921939849854,0.20944694064039504,13,1.661538353333106,0.0016185263037578326,0.001236802165413044,0.006041083484888077,-0.000373404094716534,0.006041083484888077,0.000373404094716534,0.0016824080375954509,0.0024252692237496376,0.0016824080375954509,0,0.006041083484888077,0.0,0.0,0.006041083484888077,0,1.4361517608821317e-09,0.0,0,0,10,11,13,13,0,1,1,1,0.0,0.0,0.0,1,0.0038083139806985855,0.0007877722382545471,0.0030205417424440384,0.0030205417424440384,inf,inf,0,0,-0.0003734055308682949,0.0,1.6615384505345263,0.005018746246515326,0.0,inf,0,0,0,5,4,0,0,0.02999999839812517
3002,5,2,0,5,02e112a6410c548233a08930e77122033297988cd6e859e8e4771142c2e3380c,0bc601d8605a9532d518cc9ec06d7054f26c5dc8b8d4b9e7a46288d2e669208a,0.013373808935284615,0.036000000312924385,0.0009372628410346806,0.0009372628410346806,0.0020769229522691335,0.013373808935284615,0.036000000312924385,1,4,0.9076921939849854,0.20944694064039504,13,1.661538353333106,0.007609126103362716,0.004019902908854935,0.02262619137763977,-0.0011396601112344529,0.02262619137763977,0.0011396601112344529,0.001843852922320366,0.0027774556074291468,0.001843852922320366,0,0.013373808935284615,0.036000000312924385,0.0,0.03033514693379402,0,1.4364472285255392e-09,1.734723475976807e-18,10,2,10,11,1,1,1,1,0,0,0.006000000983476639,0.023999999277293682,0.006000000983476639,0,0.032772088423371315,0.017604514956474304,0.01516757346689701,0.01516757346689701,2.5279284967897317,5.462013841934716,0,0,0.0009372642774819091,0.0020769229522691317,1.6615384505345263,0.025201506516556654,0.0020769229522691317,12.134059421425755,1,0,0,1,2,1,0,0.012000001966953278
3002,5,2,1,5,02e112a6410c548233a08930e77122033297988cd6e859e8e4771142c2e3380c,0bc601d8605a9532d518cc9ec06d7054f26c5dc8b8d4b9e7a46288d2e669208a,0.007818659767508507,0.0,-0.0026948207523673773,-0.0026948207523673773,0.0,0.007818659767508507,0.0,0,1,0.9076921939849854,0.20944694064039504,13,1.661538353333106,0.0019749717981732804,0.0015021534361077484,0.007818659767508507,-0.0026948207523673773,0.007818659767508507,0.0026948207523673773,0.0022650312166661024,0.0021767565049231052,0.0022650312166661024,0,0.007818659767508507,0.0,0.0,0.007818659767508507,0,2.536000040173625e-09,1.734723475976807e-18,0,0,10,2,13,13,0,1,1,1,0.0,0.0,0.0,1,0.0143207386136055,0.010411408729851246,0.003909329883754253,0.003909329883754253,inf,inf,0,0,-0.002694818216367337,-1.734723475976807e-18,1.6615384505345263,0.006495501917681362,1.734723475976807e-18,inf,0,0,0,3,3,0,0,0.036000000312924385
3002,5,2,3,5,02e112a6410c548233a08930e77122033297988cd6e859e8e4771142c2e3380c,0bc601d8605a9532d518cc9ec06d7054f26c5dc8b8d4b9e7a46288d2e669208a,0.005990097299218178,0.0,-0.0003725839778780937,-0.0003725839778780937,-3.469446951953614e-18,0.005990097299218178,0.0,0,1,0.9076923131942749,0.2094469155167731,13,1.661538461366525,0.0015735359834667811,0.0012334459543933533,0.005990097299218178,-0.00037258397787809025,0.005990097299218178,0.00037258397787809025,0.001908136997371912,0.0016816643765196204,0.001908136997371912,0,0.005990097299218178,0.0,0.0,0.005990097299218178,0,7.716321644146706e-10,3.469446951953614e-18,0,0,10,2,13,13,0,1,1,1,0.0,0.0,0.0,1,0.008211446925997734,0.005216398276388645,0.002995048649609089,0.002995048649609089,inf,inf,0,0,-0.00037258474951025813,-6.938893903907228e-18,1.6615384522538923,0.004976388497696596,6.938893903907228e-18,inf,0,0,0,4,4,0,0,0.036000000312924385
3002,5,2,4,5,02e112a6410c548233a08930e77122033297988cd6e859e8e4771142c2e3380c,0bc601d8605a9532d518cc9ec06d7054f26c5dc8b8d4b9e7a46288d2e669208a,0.00539902038872242,0.0,8.892267942428589e-05,8.892267942428589e-05,0.0,0.00539902038872242,0.0,0,1,0.9076921939849854,0.20944694064039504,13,1.661538353333106,0.0014418172090904892,0.0011092763195729115,0.00539902038872242,8.892267942428589e-05,0.00539902038872242,8.892267942428589e-05,0.0024318736977875233,0.0033187621738761663,0.0024318736977875233,0,0.00539902038872242,0.0,0.0,0.00539902038872242,0,1.5193611022090714e-09,1.734723475976807e-18,0,0,10,3,13,13,0,1,1,1,0.0,0.0,0.0,1,0.007354794070124626,0.004655283875763416,0.00269951019436121,0.00269951019436121,inf,inf,0,0,8.892116006318368e-05,-1.734723475976807e-18,1.6615384505345263,0.004485339985541082,1.734723475976807e-18,inf,0,0,0,5,5,0,0,0.036000000312924385
3002,5,2,5,5,02e112a6410c548233a08930e77122033297988cd6e859e8e4771142c2e3380c,0bc601d8605a9532d518cc9ec06d7054f26c5dc8b8d4b9e7a46288d2e669208a,0.014398336410522461,0.023999998345971107,-0.0017600866267457604,-0.0017600866267457604,1.289523557379546e-10,0.014398336410522461,0.023999998345971107,1,3,0.9076921939849854,0.20944694064039504,13,1.661538353333106,0.002212565561783609,0.0015338515344808794,0.009601661935448647,-0.0017600867556981162,0.009601661935448647,0.0017600867556981162,0.0013973995810374618,0.0021273863967508078,0.0013973995810374618,0,0.014398336410522461,0.023999998345971107,0.0,0.009601661935448647,0,1.997881075854746e-09,0.0,10,11,10,11,1,1,1,1,1,1,0.011999998241662979,0.012000000104308128,0.011999998241662979,0,0.009787822142243385,0.004986991174519062,0.004800830967724323,0.004800830967724323,0.40006930593174955,0.8156519647028693,1,0,-0.0017600846288646846,1.289523557379546e-10,1.6615384505345263,0.007976765247390842,1.289523557379546e-10,61858235.9487911,0,0,0,2,1,0,1,0.012000001966953278
3002,6,0,1,6,34a6f77894a4e99f410a07a6d0ae0a918fc4a099e9464b68506e97ff3dfc2a81,0bc601d8605a9532d518cc9ec06d7054f26c5dc8b8d4b9e7a46288d2e669208a,0.03383393585681915,0.0,0.002280597807839513,0.002280597807839513,0.0,0.03383393585681915,0.0,0,1,0.9076921939849854,0.20944694064039504,13,1.661538353333106,0.009163018467918217,0.0074650384265290215,0.03383393585681915,0.002280597807839513,0.03383393585681915,0.002280597807839513,0.005334506742656231,0.012871420942246914,0.005334506742656231,0,0.03383393585681915,0.0,0.0,0.03383393585681915,0,5.764229663030029e-09,0.0,0,0,10,1,13,13,0,1,1,1,0.0,0.0,0.0,1,0.1908290535211563,-0.17391208559274673,0.016916967928409576,0.016916967928409576,inf,inf,0,0,0.00228059204360985,0.0,1.6615384505345263,0.028108192679511923,0.0,inf,0,0,0,3,3,0,0,0.04800000041723251
3002,6,0,2,6,34a6f77894a4e99f410a07a6d0ae0a918fc4a099e9464b68506e97ff3dfc2a81,0bc601d8605a9532d518cc9ec06d7054f26c5dc8b8d4b9e7a46288d2e669208a,0.04450950026512146,0.04800000041723251,-0.0020948939491063356,-0.0020948939491063356,0.004569229682592255,0.04450950026512146,0.04800000041723251,1,5,0.9076921939849854,0.20944694064039504,13,1.6615383533331063,0.00891025366402204,0.006869949179993581,0.0034905001521110535,-0.00666412363169859,0.0034905001521110535,0.00666412363169859,0.0028863728512078524,0.013434632681310177,0.0028863728512078524,0,0.04450950026512146,0.04800000041723251,0.0,0.03476184606552124,0,5.9286804493519085e-09,6.938893903907228e-18,10,1,10,11,1,1,1,1,0,0,0.015000000596046448,0.012000001966953278,0.012000001966953278,0,0.16172722727060318,-0.14434630423784256,0.01738092303276062,0.01738092303276062,1.4484100153171495,13.477266730120768,0,0,-0.002094899877786785,0.004569229682592248,1.661538450534526,0.028879071924712937,0.004569229682592248,6.320337109499179,0,0,0,1,1,1,1,0.023999996483325958
3002,6,0,3,6,34a6f77894a4e99f410a07a6d0ae0a918fc4a099e9464b68506e97ff3dfc2a81,0bc601d8605a9532d518cc9ec06d7054f26c5dc8b8d4b9e7a46288d2e669208a,0.031115520745515823,0.0,-0.011717709712684155,-0.011717709712684155,0.0,0.031115520745515823,0.0,0,1,0.9076923131942749,0.2094469155167731,13,1.661538461366525,0.008365833599133303,0.006278444235846842,0.031115520745515823,-0.011717709712684155,0.031115520745515823,0.011717709712684155,0.0031414241530001163,0.012965084053575993,0.0031414241530001163,0,0.031115520745515823,0.0,0.0,0.031115520745515823,0,7.675517582628189e-10,6.938893903907228e-18,0,0,10,1,13,13,0,1,1,1,0.0,0.0,0.0,1,0.1630859076976776,-0.1475281473249197,0.015557760372757912,0.015557760372757912,inf,inf,0,0,-0.011717708945132396,-6.938893903907228e-18,1.6615384522538923,0.02584981709028912,6.938893903907228e-18,inf,0,0,0,4,4,0,0,0.04800000041723251
3002,6,0,4,6,34a6f77894a4e99f410a07a6d0ae0a918fc4a099e9464b68506e97ff3dfc2a81,0bc601d8605a9532d518cc9ec06d7054f26c5dc8b8d4b9e7a46288d2e669208a,0.02822677046060562,0.0,-0.003041096031665802,-0.003041096031665802,0.0,0.02822677046060562,0.0,0,1,0.9076921939849854,0.20944694064039504,13,1.661538353333106,0.007447856583918628,0.006002822835769878,0.02822677046060562,-0.003041096031665802,0.02822677046060562,0.003041096031665802,0.002483800519257784,0.015881340950727463,0.002483800519257784,0,0.02822677046060562,0.0,0.0,0.02822677046060562,0,1.8138486754248895e-09,0.0,0,0,10,1,13,13,0,1,1,1,0.0,0.0,0.0,1,0.17471613734960556,-0.16060275211930275,0.01411338523030281,0.01411338523030281,inf,inf,0,0,-0.0030410978455144774,0.0,1.6615384505345263,0.0234499322273542,0.0,inf,0,0,0,5,5,0,0,0.04800000041723251
3002,6,0,5,6,34a6f77894a4e99f410a07a6d0ae0a918fc4a099e9464b68506e97ff3dfc2a81,0bc601d8605a9532d518cc9ec06d7054f26c5dc8b8d4b9e7a46288d2e669208a,0.038316939026117325,0.024000003933906555,-7.574819028377533e-05,-7.574819028377533e-05,0.0,0.038316939026117325,0.024000003933906555,1,3,0.9076921939849854,0.20944694064039504,13,1.661538353333106,0.00549863350951166,0.004524849046616865,0.01431693509221077,-7.574819028377533e-05,0.01431693509221077,7.574819028377533e-05,0.004075496457517147,0.012450811453163624,0.004075496457517147,0,0.038316939026117325,0.024000003933906555,0.0,0.01783609762787819,0,1.7761752416078913e-09,6.938893903907228e-18,10,11,10,11,1,1,1,1,1,1,0.012000001966953278,0.012000001966953278,0.012000001966953278,0,0.1641639694571495,-0.1552459206432104,0.008918048813939095,0.008918048813939095,0.7431706126797685,13.680328545715202,0,0,-7.574996645901694e-05,6.938893903907228e-18,1.6615384505345263,0.014817681008103633,6.938893903907228e-18,inf,0,0,0,2,2,0,0,0.023999996483325958
3002,6,1,0,6,34a6f77894a4e99f410a07a6d0ae0a918fc4a099e9464b68506e97ff3dfc2a81,0bc601d8605a9532d518cc9ec06d7054f26c5dc8b8d4b9e7a46288d2e669208a,0.003331100568175316,0.0,0.0003702483663801104,0.0003702483663801104,3.469446951953614e-18,0.003331100568175316,0.0,0,1,0.9076921939849854,0.20944694064039504,13,1.661538353333106,0.0009184321544958993,0.0007423356439940325,0.003331100568175316,0.0003702483663801069,0.003331100568175316,0.0003702483663801069,0.0017135823145508766,0.002028057584539056,0.0017135823145508766,0,0.003331100568175316,0.0,0.0,0.003331100568175316,0,2.168224782009287e-09,3.469446951953614e-18,0,0,8,12,13,13,0,1,1,1,0.0,0.0,0.0,1,0.0029289331287145615,-0.0012633828446269035,0.001665550284087658,0.001665550284087658,inf,inf,0,0,0.0003702461981553284,0.0,1.6615384505345263,0.0027673758383103472,0.0,inf,0,0,0,3,5,0,0,0.029999999329447746
3002,6,1,2,6,34a6f77894a4e99f410a07a6d0ae0a918fc4a099e9464b68506e97ff3dfc2a81,0bc601d8605a9532d518cc9ec06d7054f26c5dc8b8d4b9e7a46288d2e669208a,0.005601638928055763,0.0,-3.1180836231214926e-05,-3.1180836231214926e-05,3.469446951953614e-18,0.005601638928055763,0.0,0,1,0.9076921939849854,0.20944694064039504,13,1.6615383533331063,0.0015676047924212595,0.0010420823767340395,0.005601638928055763,-3.1180836231218395e-05,0.005601638928055763,3.1180836231218395e-05,0.0017101723933592439,0.002929561771452427,0.0017101723933592439,0,0.005601638928055763,0.0,0.0,0.005601638928055763,0,1.0039316105867058e-09,2.6020852139652106e-18,0,0,10,11,13,13,0,1,1,1,0.0,0.0,0.0,1,0.0038489028811454773,-0.0010480834171175957,0.0028008194640278816,0.0028008194640278816,inf,inf,0,0,-3.118184016282551e-05,8.673617379884035e-19,1.661538450534526,0.0046536692324878285,8.673617379884035e-19,inf,0,0,0,4,3,0,0,0.029999999329447746
3002,6,1,3,6,34a6f77894a4e99f410a07a6d0ae0a918fc4a099e9464b68506e97ff3dfc2a81,0bc601d8605a9532d518cc9ec06d7054f26c5dc8b8d4b9e7a46288d2e669208a,0.01951911672949791,0.029999999329447746,-0.008626153692603111,-0.008626153692603111,-0.01349999944550487,0.01951911672949791,0.029999999329447746,1,3,0.9076923131942749,0.2094469155167731,13,1.661538461366525,0.0021364312474504506,0.001281381265078423,0.010480882599949837,0.004873845752901758,0.010480882599949837,0.004873845752901758,0.001928027137182653,0.0027484383899718523,0.001928027137182653,0,0.019519117195159197,0.029999999329447746,4.656612873077393e-10,0.01048088213428855,0,1.2163359382200145e-10,0.0,10,11,10,11,1,1,1,1,1,1,0.014999999897554517,0.01499999943189323,0.01499999943189323,0,0.005891964305192232,-0.0006515232380479574,0.005240441067144275,0.005240441067144275,0.34936275104130793,0.39279763522288186,1,0,-0.008626153570969517,-0.01349999944550487,1.6615384522538923,0.008707194339830634,0.01349999944550487,0.6449773849975892,1,1,0,1,1,1,1,0.011999998241662979
3002,6,1,4,6,34a6f77894a4e99f410a07a6d0ae0a918fc4a099e9464b68506e97ff3dfc2a81,0bc601d8605a9532d518cc9ec06d7054f26c5dc8b8d4b9e7a46288d2e669208a,0.014181958511471748,0.018000001087784767,0.0012725329725071788,0.0012725329725071788,1.2895235226850765e-10,0.014181958511471748,0.018000001087784767,1,3,0.9076921939849854,0.20944694064039504,13,1.661538353333106,0.0011833132773609956,0.0008346076680005662,0.003818042576313019,0.0012725328435548265,0.003818042576313019,0.0012725328435548265,0.0016028963727876544,0.0019150386797264218,0.0016028963727876544,0,0.014181958511471748,0.018000001087784767,0.0,0.004495358094573021,0,9.522872559952766e-10,5.204170427930421e-18,10,11,10,11,1,1,1,1,1,1,0.008999999612569809,0.009000001475214958,0.008999999612569809,0,0.00414058193564415,-0.0018929028883576393,0.0022476790472865105,0.0022476790472865105,0.24974212711601673,0.4600646793207885,1,0,0.0012725320202199228,1.2895235747267808e-10,1.6615384505345263,0.003734605161527349,1.2895235747267808e-10,28961123.586427044,1,0,0,2,2,0,0,0.011999998241662979
3002,6,1,5,6,34a6f77894a4e99f410a07a6d0ae0a918fc4a099e9464b68506e97ff3dfc2a81,0bc601d8605a9532d518cc9ec06d7054f26c5dc8b8d4b9e7a46288d2e669208a,0.004822012037038803,0.0,-0.0010760662844404578,-0.0010760662844404578,3.469446951953614e-18,0.004822012037038803,0.0,0,1,0.9076921939849854,0.20944694064039504,13,1.661538353333106,0.0014486183527003893,0.0012319652947801105,0.004822012037038803,-0.0010760662844404613,0.004822012037038803,0.0010760662844404613,0.002517535351216793,0.0019908493850380182,0.002517535351216793,0,0.004822012037038803,0.0,0.0,0.004822012037038803,0,2.075737207118955e-09,0.0,0,0,1,11,13,13,0,1,1,1,0.0,0.0,0.0,1,0.004610041156411171,-0.0021990351378917694,0.0024110060185194016,0.0024110060185194016,inf,inf,0,0,-0.0010760642087032507,3.469446951953614e-18,1.6615384505345263,0.004005979204240144,3.469446951953614e-18,inf,0,0,0,5,4,0,0,0.029999999329447746
3002,6,2,0,6,34a6f77894a4e99f410a07a6d0ae0a918fc4a099e9464b68506e97ff3dfc2a81,0bc601d8605a9532d518cc9ec06d7054f26c5dc8b8d4b9e7a46288d2e669208a,0.014573993161320686,0.036000000312924385,0.0005040187388658524,0.0005040187388658524,0.004569231036591983,0.014573993161320686,0.036000000312924385,1,5,0.9076921939849854,0.20944694064039504,13,1.661538353333106,0.007596462315730906,0.0040887642938357135,0.0214260071516037,-0.0040652122977261305,0.0214260071516037,0.0040652122977261305,0.001758892904035747,0.004627163987606764,0.001758892904035747,0,0.014573993161320686,0.036000000312924385,0.0,0.030966201797127724,0,1.8292652462226222e-10,0.0,10,2,10,11,1,1,1,1,0,0,0.0030000004917383194,0.023999999277293682,0.0030000004917383194,0,0.036137327551841736,0.020654226653277874,0.015483100898563862,0.015483100898563862,5.161032786895424,12.045773876157712,0,0,0.000504018921792377,0.004569231036591983,1.6615384505345263,0.02572576747646953,0.004569231036591983,5.6302181418380215,1,0,0,1,1,1,1,0.012000000104308128
3002,6,2,1,6,34a6f77894a4e99f410a07a6d0ae0a918fc4a099e9464b68506e97ff3dfc2a81,0bc601d8605a9532d518cc9ec06d7054f26c5dc8b8d4b9e7a46288d2e669208a,0.00783008523285389,0.0,-0.0004702536389231682,-0.0004702536389231682,0.0,0.00783008523285389,0.0,0,1,0.9076921939849854,0.20944694064039504,13,1.661538353333106,0.0020660137038346076,0.0015807837336021062,0.00783008523285389,-0.0004702536389231682,0.00783008523285389,0.0004702536389231682,0.0024129371158778667,0.0038179552648216486,0.0024129371158778667,0,0.00783008523285389,0.0,0.0,0.00783008523285389,0,3.9807074130038256e-10,1.734723475976807e-18,0,0,10,2,13,13,0,1,1,1,0.0,0.0,0.0,1,0.012564016506075859,0.008648973889648914,0.003915042616426945,0.003915042616426945,inf,inf,0,0,-0.0004702540369939095,1.734723475976807e-18,1.6615384505345263,0.006504993842674663,1.734723475976807e-18,inf,0,0,0,3,3,0,0,0.036000000312924385
3002,6,2,3,6,34a6f77894a4e99f410a07a6d0ae0a918fc4a099e9464b68506e97ff3dfc2a81,0bc601d8605a9532d518cc9ec06d7054f26c5dc8b8d4b9e7a46288d2e669208a,0.006323765963315964,0.0,-0.00033796453499235213,-0.00033796453499235213,0.0,0.006323765963315964,0.0,0,1,0.9076923131942749,0.2094469155167731,13,1.661538461366525,0.0016825294506117412,0.0012393510685517238,0.006323765963315964,-0.00033796453499235213,0.006323765963315964,0.00033796453499235213,0.002128474647179246,0.0031034224666655064,0.002128474647179246,0,0.006323765963315964,0.0,0.0,0.006323765963315964,0,1.1718624976647662e-09,1.734723475976807e-18,0,0,10,2,13,13,0,1,1,1,0.0,0.0,0.0,1,0.00831020437180996,0.0051483213901519775,0.003161882981657982,0.003161882981657982,inf,inf,0,0,-0.00033796336312985446,-1.734723475976807e-18,1.6615384522538923,0.005253590155551925,1.734723475976807e-18,inf,0,0,0,4,4,0,0,0.036000000312924385
3002,6,2,4,6,34a6f77894a4e99f410a07a6d0ae0a918fc4a099e9464b68506e97ff3dfc2a81,0bc601d8605a9532d518cc9ec06d7054f26c5dc8b8d4b9e7a46288d2e669208a,0.005900183692574501,0.0,0.002254769904538989,0.002254769904538989,0.0,0.005900183692574501,0.0,0,1,0.9076921939849854,0.20944694064039504,13,1.661538353333106,0.0015984786395940424,0.0012776377506157348,0.005900183692574501,0.002254769904538989,0.005900183692574501,0.002254769904538989,0.0017964744474738836,0.0034412704408168793,0.0017964744474738836,0,0.005900183692574501,0.0,0.0,0.005900183692574501,0,2.3957598942886404e-09,1.734723475976807e-18,0,0,10,3,13,13,0,1,1,1,0.0,0.0,0.0,1,0.006959797814488411,0.00400970596820116,0.0029500918462872505,0.0029500918462872505,inf,inf,0,0,0.0022547723002988834,-1.734723475976807e-18,1.6615384505345263,0.004901691035214658,1.734723475976807e-18,inf,0,0,0,5,5,0,0,0.036000000312924385
3002,6,2,5,6,34a6f77894a4e99f410a07a6d0ae0a918fc4a099e9464b68506e97ff3dfc2a81,0bc601d8605a9532d518cc9ec06d7054f26c5dc8b8d4b9e7a46288d2e669208a,0.013155292719602585,0.024000000208616257,-0.0012867879122495651,-0.0012867879122495651,0.0,0.013155292719602585,0.024000000208616257,1,3,0.9076921939849854,0.20944694064039504,13,1.661538353333106,0.0026445634220768456,0.0018661848363086318,0.010844707489013672,-0.0012867879122495651,0.010844707489013672,0.0012867879122495651,0.0015870545757934451,0.0033165044151246548,0.0015870545757934451,0,0.013155292719602585,0.024000000208616257,0.0,0.010844707489013672,0,4.206637638920485e-09,1.734723475976807e-18,10,11,10,11,1,1,1,1,1,1,0.012000000104308128,0.012000000104308128,0.012000000104308128,0,0.01257593184709549,0.0071535781025886536,0.005422353744506836,0.005422353744506836,0.45186280811448937,1.0479943114817636,1,0,-0.0012867837056119262,1.734723475976807e-18,1.6615384505345263,0.009009449238897975,1.734723475976807e-18,inf,0,0,0,2,2,0,0,0.012000000104308128
3002,7,0,1,7,fc398847779f694a5a36bf6468497adb3f000c295c1b3e1836fc4dc2da8f8d47,0bc601d8605a9532d518cc9ec06d7054f26c5dc8b8d4b9e7a46288d2e669208a,0.011076098307967186,0.0,-0.00025124879903160036,-0.00025124879903160036,3.469446951953614e-18,0.011076098307967186,0.0,0,1,0.9076921939849854,0.20944694064039504,13,1.661538353333106,0.0027442495677792735,0.001917241659213806,0.011076098307967186,-0.0002512487990316038,0.011076098307967186,0.0002512487990316038,0.0020703021436929703,0.004933879245072603,0.0020703021436929703,0,0.011076098307967186,0.0,0.0,0.011076098307967186,0,2.942996089883021e-10,1.734723475976807e-18,0,0,10,11,13,13,0,1,1,1,0.0,0.0,0.0,1,0.006853455677628517,0.0013154065236449242,0.005538049153983593,0.005538049153983593,inf,inf,0,0,-0.00025124909333120934,5.204170427930421e-18,1.6615384505345263,0.009201681610293944,5.204170427930421e-18,inf,0,0,0,3,3,0,0,0.04799999902024865
3002,7,0,2,7,fc398847779f694a5a36bf6468497adb3f000c295c1b3e1836fc4dc2da8f8d47,0bc601d8605a9532d518cc9ec06d7054f26c5dc8b8d4b9e7a46288d2e669208a,0.02431931532919407,0.04799999902024865,-0.0009977445006370544,-0.0009977445006370544,-0.00041538503533945087,0.02431931532919407,0.04799999902024865,1,5,0.9076921939849854,0.20944694064039504,13,1.6615383533331063,0.00818606148437992,0.004987465372011506,0.023680683691054583,-0.0005823594652976036,0.023680683691054583,0.0005823594652976036,0.0009055770933628082,0.0022943445947021246,0.0009055770933628082,0,0.02431931532919407,0.04799999902024865,0.0,0.03330961847677827,0,9.236023300329688e-10,0.0,10,1,10,11,1,1,1,1,0,0,0.017999999225139618,0.012000000569969416,0.012000000569969416,0,0.024708470795303583,0.008053661556914449,0.016654809238389134,0.016654809238389134,1.387900703944015,2.059039135142854,0,0,-0.0009977435770347244,-0.00041538503533945087,1.661538450534526,0.027672605935901193,0.00041538503533945087,66.61916916021603,1,0,0,1,1,1,1,0.023999998811632395
3002,7,0,3,7,fc398847779f694a5a36bf6468497adb3f000c295c1b3e1836fc4dc2da8f8d47,0bc601d8605a9532d518cc9ec06d7054f26c5dc8b8d4b9e7a46288d2e669208a,0.008830036967992783,0.0,-0.001805118634365499,-0.001805118634365499,0.0,0.008830036967992783,0.0,0,1,0.007692308165132999,0.2094469155167731,13,1.661538461366525,0.0023277865207947286,0.0016165519430792533,0.008830036967992783,-0.001805118634365499,0.008830036967992783,0.001805118634365499,0.0025376465637236834,0.002302899258211255,0.0025376465637236834,0,0.008830036967992783,0.0,0.0,0.008830036967992783,0,1.2619993348950143e-09,3.469446951953614e-18,0,0,10,11,13,13,0,1,1,1,0.0,0.0,0.0,1,0.008602088317275047,0.004187069833278656,0.004415018483996391,0.004415018483996391,inf,inf,0,0,-0.0018051173723661641,-3.469446951953614e-18,1.6615384522538923,0.00733572297857169,3.469446951953614e-18,inf,0,0,0,4,4,0,0,0.04799999902024865
3002,7,0,4,7,fc398847779f694a5a36bf6468497adb3f000c295c1b3e1836fc4dc2da8f8d47,0bc601d8605a9532d518cc9ec06d7054f26c5dc8b8d4b9e7a46288d2e669208a,0.006946800276637077,0.0,-0.001810561865568161,-0.001810561865568161,0.0,0.006946800276637077,0.0,0,1,0.9076921939849854,0.20944694064039504,13,1.661538353333106,0.0018137042941001312,0.001381015019303947,0.006946800276637077,-0.001810561865568161,0.006946800276637077,0.001810561865568161,0.004487238358706236,0.0021440661512315273,0.004487238358706236,0,0.006946800276637077,0.0,0.0,0.006946800276637077,0,1.287186395665385e-09,5.204170427930421e-18,0,0,10,6,13,13,0,1,1,1,0.0,0.0,0.0,1,0.007030298933386803,0.003556898795068264,0.0034734001383185387,0.0034734001383185387,inf,inf,0,0,-0.0018105605783817653,5.204170427930421e-18,1.6615384505345263,0.005771187883908194,5.204170427930421e-18,inf,0,0,0,5,5,0,0,0.04799999902024865
3002,7,0,5,7,fc398847779f694a5a36bf6468497adb3f000c295c1b3e1836fc4dc2da8f8d47,0bc601d8605a9532d518cc9ec06d7054f26c5dc8b8d4b9e7a46288d2e669208a,0.017322566360235214,0.024000000208616257,-0.000880050181876868,-0.000880050181876868,0.0,0.017322566360235214,0.024000000208616257,1,3,0.9076921939849854,0.20944694064039504,13,1.661538353333106,0.0020606674065274445,0.0015746465933746128,0.0066774338483810425,-0.000880050181876868,0.0066774338483810425,0.000880050181876868,0.0020183164160698652,0.003810233436524868,0.0020183164160698652,0,0.017322566360235214,0.024000000208616257,0.0,0.007509581744670868,0,2.1935408732465245e-09,3.469446951953614e-18,10,11,10,11,1,1,1,1,1,1,0.012000000104308128,0.012000000104308128,0.012000000104308128,0,0.0054146647453308105,0.0016598738729953766,0.003754790872335434,0.003754790872335434,0.31289923664145836,0.4512220581887235,1,0,-0.0008800479883359948,3.469446951953614e-18,1.6615384505345263,0.006238729408101399,3.469446951953614e-18,inf,0,0,0,2,2,0,0,0.023999998811632395
3002,7,1,0,7,fc398847779f694a5a36bf6468497adb3f000c295c1b3e1836fc4dc2da8f8d47,0bc601d8605a9532d518cc9ec06d7054f26c5dc8b8d4b9e7a46288d2e669208a,0.003246790263801813,0.0,-7.49891041778028e-05,-7.49891041778028e-05,-4.336808689942018e-19,0.003246790263801813,0.0,0,1,0.9076921939849854,0.20944694064039504,13,1.661538353333106,0.0007545118197568425,0.0005341839519213642,0.003246790263801813,-7.498910417780237e-05,0.003246790263801813,7.498910417780237e-05,0.001261407509446144,0.001488310401327908,0.001261407509446144,0,0.003246790263801813,0.0,0.0,0.003246790263801813,0,3.9800196688713485e-10,4.336808689942018e-19,0,0,10,7,13,13,0,1,1,1,0.0,0.0,0.0,1,0.005131738958880305,-0.0035083438269793987,0.0016233951319009066,0.0016233951319009066,inf,inf,0,0,-7.498950217976969e-05,0.0,1.6615384505345263,0.002697333432063925,0.0,inf,0,0,0,3,5,0,0,0.029999999329447746
3002,7,1,2,7,fc398847779f694a5a36bf6468497adb3f000c295c1b3e1836fc4dc2da8f8d47,0bc601d8605a9532d518cc9ec06d7054f26c5dc8b8d4b9e7a46288d2e669208a,0.006435355171561241,0.0,-0.0005480237887240946,-0.0005480237887240946,0.0,0.006435355171561241,0.0,0,1,0.9076921939849854,0.20944694064039504,13,1.6615383533331063,0.0013774315427195628,0.0009077433083404805,0.006435355171561241,-0.0005480237887240946,0.006435355171561241,0.0005480237887240946,0.0012565485667437315,0.0017767285462468863,0.0012565485667437315,0,0.0064353549387305975,0.0,2.3283064365386963e-10,0.0064353549387305975,0,2.6949883557420007e-10,0.0,0,0,10,11,13,13,0,1,1,1,0.0,0.0,0.0,1,0.006983617087826133,-0.003765939618460834,0.0032176774693652987,0.0032176774693652987,inf,inf,0,0,-0.0005480240582229302,0.0,1.661538450534526,0.005346294836769074,0.0,inf,0,0,0,4,3,0,0,0.029999999329447746
3002,7,1,3,7,fc398847779f694a5a36bf6468497adb3f000c295c1b3e1836fc4dc2da8f8d47,0bc601d8605a9532d518cc9ec06d7054f26c5dc8b8d4b9e7a46288d2e669208a,0.020519908517599106,0.029999999329447746,-0.008870177902281284,-0.008870177902281284,-0.01349999944550487,0.020519908517599106,0.029999999329447746,1,3,0.007692308165132999,0.2094469155167731,13,1.661538461366525,0.0019330890853727135,0.0010961673812136144,0.00948009081184864,0.004629821543223585,0.00948009081184864,0.004629821543223585,0.002634426113218069,0.004505899269133806,0.002634426113218069,0,0.02051990805193782,0.029999999329447746,4.656612873077393e-10,0.009480091277509928,0,1.3509998814109636e-09,0.0,10,11,10,11,1,1,1,1,1,1,0.014999999897554517,0.01499999943189323,0.01499999943189323,0,0.004959808196872473,-0.0002197625581175089,0.004740045638754964,0.004740045638754964,0.3160030545518959,0.3306538923146125,1,0,-0.008870179253281166,-0.01349999944550487,1.6615384522538923,0.007875768094229735,0.01349999944550487,0.5833902531642067,1,1,0,1,1,1,1,0.012000000104308128
3002,7,1,4,7,fc398847779f694a5a36bf6468497adb3f000c295c1b3e1836fc4dc2da8f8d47,0bc601d8605a9532d518cc9ec06d7054f26c5dc8b8d4b9e7a46288d2e669208a,0.016194315627217293,0.017999999225139618,0.0001093902756110765,0.0001093902756110765,-3.223808936816952e-11,0.016194315627217293,0.017999999225139618,1,3,0.9076921939849854,0.20944694064039504,13,1.661538353333106,0.0006132921313118035,0.0005432682059506868,0.0018056835979223251,0.00010939030784916587,0.0018056835979223251,0.00010939030784916587,0.0013696117093786597,0.004450246691703796,0.0013696117093786597,0,0.01619431597646326,0.017999999225139618,3.4924596548080444e-10,0.002036086982116103,0,1.650769538424912e-11,4.336808689942018e-19,10,11,10,11,1,1,1,1,1,1,0.008999999845400453,0.008999999379739165,0.008999999379739165,0,0.004969516536220908,-0.003951473045162857,0.0010180434910580516,0.0010180434910580516,0.1131159512466051,0.5521685420788255,1,0,0.00010939025910338112,-3.223808893448865e-11,1.6615384505345263,0.001691518404709355,3.223808893448865e-11,52469561.95656345,0,0,0,2,2,0,0,0.012000000104308128
3002,7,1,5,7,fc398847779f694a5a36bf6468497adb3f000c295c1b3e1836fc4dc2da8f8d47,0bc601d8605a9532d518cc9ec06d7054f26c5dc8b8d4b9e7a46288d2e669208a,0.004114414099603891,0.0,-0.0004954502801410854,-0.0004954502801410854,0.0,0.004114414099603891,0.0,0,1,0.9076921939849854,0.20944694064039504,13,1.661538353333106,0.0009859444641982036,0.0007125782620536504,0.004114414099603891,-0.0004954502801410854,0.004114414099603891,0.0004954502801410854,0.002048984169960022,0.0017947200685739517,0.002048984169960022,0,0.004114414099603891,0.0,0.0,0.004114414099603891,0,4.0238138081932773e-10,4.336808689942018e-19,0,0,10,11,13,13,0,1,1,1,0.0,0.0,0.0,1,0.005531076109036803,-0.0034738690592348576,0.0020572070498019457,0.0020572070498019457,inf,inf,0,0,-0.0004954506825224662,-4.336808689942018e-19,1.6615384505345263,0.003418128613956629,4.336808689942018e-19,inf,0,0,0,5,4,0,0,0.029999999329447746
3002,7,2,0,7,fc398847779f694a5a36bf6468497adb3f000c295c1b3e1836fc4dc2da8f8d47,0bc601d8605a9532d518cc9ec06d7054f26c5dc8b8d4b9e7a46288d2e669208a,0.012555530294775963,0.036000000312924385,0.0008425253327004611,0.0008425253327004611,0.0020769229522691335,0.012555530294775963,0.036000000312924385,1,4,0.9076921939849854,0.20944694064039504,13,1.661538353333106,0.0075863901446699,0.0040100006243357295,0.023444470018148422,-0.0012343976195686723,0.023444470018148422,0.0012343976195686723,0.0015004064189270139,0.0047758216969668865,0.0015004064189270139,0,0.012555530294775963,0.036000000312924385,0.0,0.03001217730343342,0,6.150033884932959e-10,1.734723475976807e-18,10,2,10,11,1,1,1,1,0,0,0.006000000983476639,0.023999999277293682,0.006000000983476639,0,0.0339411236345768,0.01893503498286009,0.01500608865171671,0.01500608865171671,2.5010143653379178,5.656853011865668,0,0,0.0008425259477038496,0.0020769229522691317,1.6615384505345263,0.02493319328695712,0.0020769229522691317,12.004871562383421,1,0,0,1,2,1,0,0.012000001966953278
3002,7,2,1,7,fc398847779f694a5a36bf6468497adb3f000c295c1b3e1836fc4dc2da8f8d47,0bc601d8605a9532d518cc9ec06d7054f26c5dc8b8d4b9e7a46288d2e669208a,0.007461776956915855,0.0,-0.0008775762398727238,-0.0008775762398727238,0.0,0.007461776956915855,0.0,0,1,0.9076921939849854,0.20944694064039504,13,1.661538353333106,0.0018349787465943676,0.001345004710043676,0.007461776956915855,-0.0008775762398727238,0.007461776956915855,0.0008775762398727238,0.0024842910934239626,0.0008704941719770432,0.0024842910934239626,0,0.007461776956915855,0.0,0.0,0.007461776956915855,0,5.055199557568724e-10,1.734723475976807e-18,0,0,10,2,13,13,0,1,1,1,0.0,0.0,0.0,1,0.013582929968833923,0.009852041490375996,0.0037308884784579277,0.0037308884784579277,inf,inf,0,0,-0.0008775767453926796,-1.734723475976807e-18,1.6615384505345263,0.006199014661614101,1.734723475976807e-18,inf,0,0,0,3,3,0,0,0.036000000312924385
3002,7,2,3,7,fc398847779f694a5a36bf6468497adb3f000c295c1b3e1836fc4dc2da8f8d47,0bc601d8605a9532d518cc9ec06d7054f26c5dc8b8d4b9e7a46288d2e669208a,0.005735449492931366,0.0,-1.8121363609679975e-05,-1.8121363609679975e-05,-3.469446951953614e-18,0.005735449492931366,0.0,0,1,0.007692308165132999,0.2094469155167731,13,1.661538461366525,0.0015203857637093644,0.0011429599756319839,0.005735449492931366,-1.8121363609676505e-05,0.005735449492931366,1.8121363609676505e-05,0.002317173173651099,0.0020022322423756123,0.002317173173651099,0,0.005735449492931366,0.0,0.0,0.005735449492931366,0,4.3989828273083287e-10,3.469446951953614e-18,0,0,10,2,13,13,0,1,1,1,0.0,0.0,0.0,1,0.009463522583246231,0.006595797836780548,0.002867724746465683,0.002867724746465683,inf,inf,0,0,-1.8121803507962705e-05,-6.938893903907228e-18,1.6615384522538923,0.004764834936732776,6.938893903907228e-18,inf,0,0,0,4,4,0,0,0.036000000312924385
3002,7,2,4,7,fc398847779f694a5a36bf6468497adb3f000c295c1b3e1836fc4dc2da8f8d47,0bc601d8605a9532d518cc9ec06d7054f26c5dc8b8d4b9e7a46288d2e669208a,0.004358440637588501,0.0,-0.0003597959876060486,-0.0003597959876060486,0.0,0.004358440637588501,0.0,0,1,0.9076921939849854,0.20944694064039504,13,1.661538353333106,0.001246526372276584,0.0009871793348761003,0.004358440637588501,-0.0003597959876060486,0.004358440637588501,0.0003597959876060486,0.0025010323151946068,0.0014321220805868506,0.0025010323151946068,0,0.004358440637588501,0.0,0.0,0.004358440637588501,0,1.5068269808987678e-09,1.734723475976807e-18,0,0,10,3,13,13,0,1,1,1,0.0,0.0,0.0,1,0.0076685454696416855,0.005489325150847435,0.0021792203187942505,0.0021792203187942505,inf,inf,0,0,-0.0003597944807790677,-1.734723475976807e-18,1.6615384505345263,0.0036208583518627553,1.734723475976807e-18,inf,0,0,0,5,5,0,0,0.036000000312924385
3002,7,2,5,7,fc398847779f694a5a36bf6468497adb3f000c295c1b3e1836fc4dc2da8f8d47,0bc601d8605a9532d518cc9ec06d7054f26c5dc8b8d4b9e7a46288d2e669208a,0.013274949043989182,0.023999998345971107,-0.0014470266178250313,-0.0014470266178250313,1.289523557379546e-10,0.013274949043989182,0.023999998345971107,1,3,0.9076921939849854,0.20944694064039504,13,1.661538353333106,0.002413023541048306,0.001610276724636202,0.010725049301981926,-0.001447026746777387,0.010725049301981926,0.001447026746777387,0.0014538270188495517,0.0045212870463728905,0.0014538270188495517,0,0.013274949043989182,0.023999998345971107,0.0,0.010725049301981926,0,9.122497687807929e-10,0.0,10,11,10,11,1,1,1,1,1,1,0.011999998241662979,0.012000000104308128,0.011999998241662979,0,0.01181032694876194,0.006447802297770977,0.005362524650990963,0.005362524650990963,0.44687711972929556,0.9841940566088988,1,0,-0.0014470257055752625,1.289523557379546e-10,1.6615384505345263,0.008910040899560726,1.289523557379546e-10,69095603.9427997,0,0,0,2,1,0,1,0.012000001966953278
3002,8,0,1,8,07755dc640bc6482f97683d6e70f851c14f58b8fabc95367c00a815bbdacd439,0bc601d8605a9532d518cc9ec06d7054f26c5dc8b8d4b9e7a46288d2e669208a,0.01021379791200161,0.0,-7.931826257845387e-05,-7.931826257845387e-05,3.469446951953614e-18,0.01021379791200161,0.0,0,1,0.9076921939849854,0.20944694064039504,13,1.661538353333106,0.0025479921282962345,0.0017644882907528847,0.01021379791200161,-7.931826257845734e-05,0.01021379791200161,7.931826257845734e-05,0.00188455858733505,0.0034639472141861916,0.00188455858733505,0,0.01021379791200161,0.0,0.0,0.01021379791200161,0,5.892750072622466e-10,1.734723475976807e-18,0,0,10,11,13,13,0,1,1,1,0.0,0.0,0.0,1,0.008650725707411766,0.003543826751410961,0.005106898956000805,0.005106898956000805,inf,inf,0,0,-7.931885185346113e-05,5.204170427930421e-18,1.6615384505345263,0.008485308978389967,5.204170427930421e-18,inf,0,0,0,3,3,0,0,0.04799999902024865
3002,8,0,2,8,07755dc640bc6482f97683d6e70f851c14f58b8fabc95367c00a815bbdacd439,0bc601d8605a9532d518cc9ec06d7054f26c5dc8b8d4b9e7a46288d2e669208a,0.023838983848690987,0.04799999902024865,-0.0011593913659453392,-0.0011593913659453392,-0.00041538503533945087,0.023838983848690987,0.04799999902024865,1,5,0.9076921939849854,0.20944694064039504,13,1.6615383533331063,0.007959132930061506,0.0048751298382261115,0.024161015171557665,-0.0007440063306058883,0.024161015171557665,0.0007440063306058883,0.0009143161005340517,0.002019218634814024,0.0009143161005340517,0,0.023838983848690987,0.04799999902024865,0.0,0.032470271456986666,0,5.951279694743628e-10,0.0,10,1,10,11,1,1,1,1,0,0,0.017999999225139618,0.012000000569969416,0.012000000569969416,0,0.026665468234568834,0.010430332506075501,0.016235135728493333,0.016235135728493333,1.3529279131138168,2.222122247335593,0,0,-0.0011593907708173697,-0.00041538503533945087,1.661538450534526,0.026975302262538536,0.00041538503533945087,64.94047682891232,1,0,0,1,1,1,1,0.023999998811632395
3002,8,0,3,8,07755dc640bc6482f97683d6e70f851c14f58b8fabc95367c00a815bbdacd439,0bc601d8605a9532d518cc9ec06d7054f26c5dc8b8d4b9e7a46288d2e669208a,0.009035613387823105,0.0,-0.001049795188009739,-0.001049795188009739,0.0,0.009035613387823105,0.0,0,1,0.9076923131942749,0.2094469155167731,13,1.661538461366525,0.00222486080969157,0.0015017839490309272,0.009035613387823105,-0.001049795188009739,0.009035613387823105,0.001049795188009739,0.002834229962900281,0.0026808741968125105,0.002834229962900281,0,0.009035613387823105,0.0,0.0,0.009035613387823105,0,1.5389664143744541e-09,3.469446951953614e-18,0,0,10,1,13,13,0,1,1,1,0.0,0.0,0.0,1,0.010798690840601921,0.006280884146690369,0.004517806693911552,0.004517806693911552,inf,inf,0,0,-0.0010497936490433245,-3.469446951953614e-18,1.6615384522538923,0.007506509541784075,3.469446951953614e-18,inf,0,0,0,4,4,0,0,0.04799999902024865
3002,8,0,4,8,07755dc640bc6482f97683d6e70f851c14f58b8fabc95367c00a815bbdacd439,0bc601d8605a9532d518cc9ec06d7054f26c5dc8b8d4b9e7a46288d2e669208a,0.0063141118735075,0.0,-0.0010158742079511285,-0.0010158742079511285,0.0,0.0063141118735075,0.0,0,1,0.007692307233810425,0.20944694064039504,13,1.661538353333106,0.0015995081865446674,0.0012661109309224697,0.0063141118735075,-0.0010158742079511285,0.0063141118735075,0.0010158742079511285,0.002638373291119933,0.0025869878008961678,0.002638373291119933,0,0.0063141118735075,0.0,0.0,0.0063141118735075,0,5.866701222045911e-11,3.469446951953614e-18,0,0,10,6,13,13,0,1,1,1,0.0,0.0,0.0,1,0.006325220689177513,0.0031681647524237633,0.00315705593675375,0.00315705593675375,inf,inf,0,0,-0.0010158741492841163,3.469446951953614e-18,1.6615384505345263,0.005245569829404653,3.469446951953614e-18,inf,0,0,0,5,5,0,0,0.04799999902024865
3002,8,0,5,8,07755dc640bc6482f97683d6e70f851c14f58b8fabc95367c00a815bbdacd439,0bc601d8605a9532d518cc9ec06d7054f26c5dc8b8d4b9e7a46288d2e669208a,0.016825634986162186,0.024000000208616257,-0.0006100026075728238,-0.0006100026075728238,0.0,0.016825634986162186,0.024000000208616257,1,3,0.007692307233810425,0.20944694064039504,13,1.661538353333106,0.002104300340959459,0.0016385218315928657,0.007174365222454071,-0.0006100026075728238,0.007174365222454071,0.0006100026075728238,0.0019706864841282368,0.0037732182536274195,0.0019706864841282368,0,0.016825634986162186,0.024000000208616257,0.0,0.00749928317964077,0,1.9207515092323213e-10,3.469446951953614e-18,10,11,10,11,1,1,1,1,1,1,0.012000000104308128,0.012000000104308128,0.012000000104308128,0,0.008044920861721039,0.004295279271900654,0.003749641589820385,0.003749641589820385,0.31247012976893423,0.6704100659826516,1,0,-0.0006100027996479747,3.469446951953614e-18,1.6615384505345263,0.00623017367720998,3.469446951953614e-18,inf,0,0,0,2,2,0,0,0.023999998811632395
3002,8,1,0,8,07755dc640bc6482f97683d6e70f851c14f58b8fabc95367c00a815bbdacd439,0bc601d8605a9532d518cc9ec06d7054f26c5dc8b8d4b9e7a46288d2e669208a,0.001816832460463047,0.0,0.00013977086928207427,0.00013977086928207427,0.0,0.001816832460463047,0.0,0,1,0.9076921939849854,0.20944694064039504,13,1.661538353333106,0.00043060270755727057,0.00031827872938658354,0.001816832460463047,0.00013977086928207427,0.001816832460463047,0.00013977086928207427,0.0018925206968560815,0.0013401898322626948,0.0018925206968560815,0,0.001816832460463047,0.0,0.0,0.001816832460463047,0,2.021295188517347e-10,1.3010426069826053e-18,0,0,10,7,13,13,0,1,1,1,0.0,0.0,0.0,1,0.005614575929939747,-0.004706159699708223,0.0009084162302315235,0.0009084162302315235,inf,inf,0,0,0.00013977107141159312,1.3010426069826053e-18,1.6615384505345263,0.001509368495619301,1.3010426069826053e-18,inf,0,0,0,3,5,0,0,0.029999999329447746
3002,8,1,2,8,07755dc640bc6482f97683d6e70f851c14f58b8fabc95367c00a815bbdacd439,0bc601d8605a9532d518cc9ec06d7054f26c5dc8b8d4b9e7a46288d2e669208a,0.0061419010162353516,0.0,-0.0002517305838409811,-0.0002517305838409811,1.734723475976807e-18,0.0061419010162353516,0.0,0,1,0.9076921939849854,0.20944694064039504,13,1.6615383533331063,0.0013394409382551052,0.0008323295978752115,0.0061419010162353516,-0.00025173058384098286,0.0061419010162353516,0.00025173058384098286,0.0011831996962428093,0.002153575886040926,0.0011831996962428093,0,0.0061419010162353516,0.0,0.0,0.0061419010162353516,0,7.913002900497568e-10,1.3010426069826053e-18,0,0,10,11,13,13,0,1,1,1,0.0,0.0,0.0,1,0.007448866963386536,-0.00437791645526886,0.0030709505081176758,0.0030709505081176758,inf,inf,0,0,-0.0002517313751412712,4.336808689942018e-19,1.661538450534526,0.005102502348926058,4.336808689942018e-19,inf,0,0,0,4,3,0,0,0.029999999329447746
3002,8,1,3,8,07755dc640bc6482f97683d6e70f851c14f58b8fabc95367c00a815bbdacd439,0bc601d8605a9532d518cc9ec06d7054f26c5dc8b8d4b9e7a46288d2e669208a,0.02107207477092743,0.029999999329447746,-0.008696584962308407,-0.008696584962308407,-0.013499999622814358,0.02107207477092743,0.029999999329447746,1,3,0.9076923131942749,0.2094469155167731,13,1.661538461366525,0.0018870725820844217,0.001177643777247375,0.008927924558520317,0.004803414660505951,0.008927924558520317,0.004803414660505951,0.0034756625536829233,0.006601863075047731,0.0034756625536829233,0,0.021072075702250004,0.029999999329447746,9.313225746154785e-10,0.008927923627197742,0,1.0339300596240442e-11,3.469446951953614e-18,10,11,10,11,1,1,1,1,1,1,0.014999999664723873,0.014999999664723873,0.014999999664723873,0,0.009157468564808369,-0.0046935067512094975,0.004463961813598871,0.004463961813598871,0.2975974608917464,0.6104979179662497,1,0,-0.008696584972647707,-0.013499999622814361,1.6615384522538923,0.007417044202687547,0.013499999622814361,0.5494106970309164,1,1,0,1,1,1,1,0.011999998241662979
3002,8,1,4,8,07755dc640bc6482f97683d6e70f851c14f58b8fabc95367c00a815bbdacd439,0bc601d8605a9532d518cc9ec06d7054f26c5dc8b8d4b9e7a46288d2e669208a,0.014144168235361576,0.018000001087784767,0.00014802363875787705,0.00014802363875787705,1.2895235226850765e-10,0.014144168235361576,0.018000001087784767,1,3,0.007692307233810425,0.20944694064039504,13,1.661538353333106,0.0011063755457858572,0.0007681113133240033,0.003855832852423191,0.00014802350980552478,0.003855832852423191,0.00014802350980552478,0.0012861924478784204,0.004259524866938591,0.0012861924478784204,0,0.014144168235361576,0.018000001087784767,0.0,0.0041538262739777565,0,5.837285542084625e-10,4.336808689942018e-18,10,11,10,11,1,1,1,1,1,1,0.008999999612569809,0.009000001475214958,0.008999999612569809,0,0.00417362991720438,-0.002096716780215502,0.0020769131369888783,0.0020769131369888783,0.23076813626615794,0.46373667742999664,1,0,0.00014802305502932284,1.2895235660531634e-10,1.6615384505345263,0.003450871035527303,1.2895235660531634e-10,26760821.79784711,1,0,0,2,2,0,0,0.011999998241662979
3002,8,1,5,8,07755dc640bc6482f97683d6e70f851c14f58b8fabc95367c00a815bbdacd439,0bc601d8605a9532d518cc9ec06d7054f26c5dc8b8d4b9e7a46288d2e669208a,0.003030638210475445,0.0,-0.0005736656603403389,-0.0005736656603403389,1.734723475976807e-18,0.003030638210475445,0.0,0,1,0.007692307233810425,0.20944694064039504,13,1.661538353333106,0.0007911757165096864,0.0006657258756238328,0.003030638210475445,-0.0005736656603403407,0.003030638210475445,0.0005736656603403407,0.0020549027249217033,0.0012755952775478363,0.0020549027249217033,0,0.003030638210475445,0.0,0.0,0.003030638210475445,0,9.252712797336304e-10,0.0,0,0,10,11,13,13,0,1,1,1,0.0,0.0,0.0,1,0.007328147068619728,-0.005812827963382006,0.0015153191052377224,0.0015153191052377224,inf,inf,0,0,-0.0005736647350690592,1.734723475976807e-18,1.6615384505345263,0.00251776095818205,1.734723475976807e-18,inf,0,0,0,5,4,0,0,0.029999999329447746
3002,8,2,0,8,07755dc640bc6482f97683d6e70f851c14f58b8fabc95367c00a815bbdacd439,0bc601d8605a9532d518cc9ec06d7054f26c5dc8b8d4b9e7a46288d2e669208a,0.013739477843046188,0.036000000312924385,0.0009104004129767418,0.0009104004129767418,0.0020769229522691335,0.013739477843046188,0.036000000312924385,1,4,0.9076921939849854,0.20944694064039504,13,1.661538353333106,0.0076233758769478225,0.0040172320189913345,0.022260522469878197,-0.0011665225392923917,0.022260522469878197,0.0011665225392923917,0.0020154649391770363,0.0038827855605632067,0.0020154649391770363,0,0.013739477843046188,0.036000000312924385,0.0,0.030439695343375206,0,4.37835074446058e-09,1.734723475976807e-18,10,2,10,11,1,1,1,1,0,0,0.006000000983476639,0.023999999277293682,0.006000000983476639,0,0.036973342299461365,0.021753494627773762,0.015219847671687603,0.015219847671687603,2.5366408628267623,6.162222706509882,0,0,0.0009104047913274863,0.0020769229522691317,1.6615384505345263,0.025288362117787337,0.0020769229522691317,12.175878787491209,1,0,0,1,2,1,0,0.012000001966953278
3002,8,2,1,8,07755dc640bc6482f97683d6e70f851c14f58b8fabc95367c00a815bbdacd439,0bc601d8605a9532d518cc9ec06d7054f26c5dc8b8d4b9e7a46288d2e669208a,0.008349115028977394,0.0,-0.0007090196013450623,-0.0007090196013450623,0.0,0.008349115028977394,0.0,0,1,0.9076921939849854,0.20944694064039504,13,1.661538353333106,0.002113441352729819,0.0015101993136857387,0.008349115028977394,-0.0007090196013450623,0.008349115028977394,0.0007090196013450623,0.0029188424814492464,0.0013531780568882823,0.0029188424814492464,0,0.008349115028977394,0.0,0.0,0.008349115028977394,0,9.933303849601893e-10,1.734723475976807e-18,0,0,10,2,13,13,0,1,1,1,0.0,0.0,0.0,1,0.017446458339691162,0.013271900825202465,0.004174557514488697,0.004174557514488697,inf,inf,0,0,-0.0007090186080146773,-1.734723475976807e-18,1.6615384505345263,0.0069361878242908135,1.734723475976807e-18,inf,0,0,0,3,3,0,0,0.036000000312924385
3002,8,2,3,8,07755dc640bc6482f97683d6e70f851c14f58b8fabc95367c00a815bbdacd439,0bc601d8605a9532d518cc9ec06d7054f26c5dc8b8d4b9e7a46288d2e669208a,0.005702126771211624,0.0,-0.00040910826646722853,-0.00040910826646722853,-3.469446951953614e-18,0.005702126771211624,0.0,0,1,0.9076923131942749,0.2094469155167731,13,1.661538461366525,0.0015298742077108614,0.0011152073123751308,0.005702126771211624,-0.00040910826646722506,0.005702126771211624,0.00040910826646722506,0.0029493500478565693,0.002071972005069256,0.0029493500478565693,0,0.005702126771211624,0.0,0.0,0.005702126771211624,0,7.280908202733638e-10,3.469446951953614e-18,0,0,10,3,13,13,0,1,1,1,0.0,0.0,0.0,1,0.012141712009906769,0.009290648624300957,0.002851063385605812,0.002851063385605812,inf,inf,0,0,-0.00040910753837640826,-6.938893903907228e-18,1.6615384522538923,0.004737151444997223,6.938893903907228e-18,inf,0,0,0,4,4,0,0,0.036000000312924385
3002,8,2,4,8,07755dc640bc6482f97683d6e70f851c14f58b8fabc95367c00a815bbdacd439,0bc601d8605a9532d518cc9ec06d7054f26c5dc8b8d4b9e7a46288d2e669208a,0.005383279174566269,0.0,-0.002098329132422805,-0.002098329132422805,0.0,0.005383279174566269,0.0,0,1,0.007692307233810425,0.20944694064039504,13,1.661538353333106,0.0014524873112563847,0.0011474362976804991,0.005383279174566269,-0.002098329132422805,0.005383279174566269,0.002098329132422805,0.0027009823825210333,0.001443660818040371,0.0027009823825210333,0,0.005383279174566269,0.0,0.0,0.005383279174566269,0,3.1194992526628607e-09,1.734723475976807e-18,0,0,10,3,13,13,0,1,1,1,0.0,0.0,0.0,1,0.008746592327952385,0.0060549527406692505,0.0026916395872831345,0.0026916395872831345,inf,inf,0,0,-0.002098326012923552,-1.734723475976807e-18,1.6615384505345263,0.004472262669251811,1.734723475976807e-18,inf,0,0,0,5,5,0,0,0.036000000312924385
3002,8,2,5,8,07755dc640bc6482f97683d6e70f851c14f58b8fabc95367c00a815bbdacd439,0bc601d8605a9532d518cc9ec06d7054f26c5dc8b8d4b9e7a46288d2e669208a,0.01414470560848713,0.023999998345971107,-0.0011328250402584672,-0.0011328250402584672,1.289523557379546e-10,0.01414470560848713,0.023999998345971107,1,3,0.007692307233810425,0.20944694064039504,13,1.661538353333106,0.002265555197280861,0.001569525443414259,0.009855292737483978,-0.001132825169210823,0.009855292737483978,0.001132825169210823,0.0020587299950420856,0.005205070599913597,0.0020587299950420856,0,0.01414470560848713,0.023999998345971107,0.0,0.009855292737483978,0,1.1584418112275952e-09,0.0,10,11,10,11,1,1,1,1,1,1,0.011999998241662979,0.012000000104308128,0.011999998241662979,0,0.013710226863622665,0.008782580494880676,0.004927646368741989,0.004927646368741989,0.41063725756505676,1.1425190727130208,1,0,-0.0011328261987002784,1.289523557379546e-10,1.6615384505345263,0.00818747391230165,1.289523557379546e-10,63492239.94743841,0,0,0,2,1,0,1,0.012000001966953278
3002,9,0,1,9,b14341e333999c751723873b1a7625bd6077cc7c696f1be98945dde84ccf6832,0bc601d8605a9532d518cc9ec06d7054f26c5dc8b8d4b9e7a46288d2e669208a,0.0344037264585495,0.0,0.0016373781254515052,0.0016373781254515052,0.0,0.0344037264585495,0.0,0,1,0.007692307233810425,0.20944694064039504,13,1.661538353333106,0.008912673695893717,0.007125184645314187,0.0344037264585495,0.0016373781254515052,0.0344037264585495,0.0016373781254515052,0.004831535741686821,0.01563739776611328,0.004831535741686821,0,0.0344037264585495,0.0,0.0,0.0344037264585495,0,2.6631264624099593e-09,0.0,0,0,10,1,13,13,0,1,1,1,0.0,0.0,0.0,1,0.18296802043914795,-0.1657661572098732,0.01720186322927475,0.01720186322927475,inf,inf,0,0,0.0016373807885779676,0.0,1.6615384505345263,0.02858155717627601,0.0,inf,0,0,0,3,3,0,0,0.04800000041723251
3002,9,0,2,9,b14341e333999c751723873b1a7625bd6077cc7c696f1be98945dde84ccf6832,0bc601d8605a9532d518cc9ec06d7054f26c5dc8b8d4b9e7a46288d2e669208a,0.04590173438191414,0.04800000041723251,-0.0020373386796563864,-0.0020373386796563864,0.004569229682592255,0.04590173438191414,0.04800000041723251,1,5,0.9076921939849854,0.20944694064039504,13,1.6615383533331063,0.008855268454442754,0.007087623226572071,0.0020982660353183746,-0.006606568362248641,0.0020982660353183746,0.006606568362248641,0.0035870224237442017,0.012435791082680225,0.0035870224237442017,0,0.04590173438191414,0.04800000041723251,0.0,0.034467801451683044,0,5.543762462978385e-10,6.938893903907228e-18,10,1,10,11,1,1,1,1,0,0,0.015000000596046448,0.012000001966953278,0.012000001966953278,0,0.15583091229200363,-0.1385970115661621,0.017233900725841522,0.017233900725841522,1.4361581584154604,12.985907229110904,0,0,-0.00203733812528014,0.004569229682592248,1.661538450534526,0.028634788708680567,0.004569229682592248,6.266874440077452,0,0,0,1,1,1,1,0.023999996483325958
3002,9,0,3,9,b14341e333999c751723873b1a7625bd6077cc7c696f1be98945dde84ccf6832,0bc601d8605a9532d518cc9ec06d7054f26c5dc8b8d4b9e7a46288d2e669208a,0.031463708728551865,0.0,-0.01062322873622179,-0.01062322873622179,0.0,0.031463708728551865,0.0,0,1,0.9076923131942749,0.2094469155167731,13,1.661538461366525,0.00838998639986417,0.0063078556893139915,0.031463708728551865,-0.01062322873622179,0.031463708728551865,0.01062322873622179,0.004260477609932423,0.017267704010009766,0.004260477609932423,0,0.031463708728551865,0.0,0.0,0.031463708728551865,0,4.826499554189123e-09,6.938893903907228e-18,0,0,10,1,13,13,0,1,1,1,0.0,0.0,0.0,1,0.15399612486362457,-0.13826427049934864,0.015731854364275932,0.015731854364275932,inf,inf,0,0,-0.010623233562721345,-6.938893903907228e-18,1.6615384522538923,0.026139080951502674,6.938893903907228e-18,inf,0,0,0,4,4,0,0,0.04800000041723251
3002,9,0,4,9,b14341e333999c751723873b1a7625bd6077cc7c696f1be98945dde84ccf6832,0bc601d8605a9532d518cc9ec06d7054f26c5dc8b8d4b9e7a46288d2e669208a,0.028741121292114258,0.0,0.004606347996741533,0.004606347996741533,0.0,0.028741121292114258,0.0,0,1,0.9076921939849854,0.20944694064039504,13,1.661538353333106,0.007696827401284095,0.0062514277252219835,0.028741121292114258,0.004606347996741533,0.028741121292114258,0.004606347996741533,0.006397664081305265,0.015502015128731728,0.006397664081305265,0,0.028741121292114258,0.0,0.0,0.028741121292114258,0,1.5110768226966886e-08,6.938893903907228e-18,0,0,10,1,13,13,0,1,1,1,0.0,0.0,0.0,1,0.17601939290761948,-0.16164883226156235,0.014370560646057129,0.014370560646057129,inf,inf,0,0,0.004606332885973306,-6.938893903907228e-18,1.6615384505345263,0.023877239069162202,6.938893903907228e-18,inf,0,0,0,5,5,0,0,0.04800000041723251
3002,9,0,5,9,b14341e333999c751723873b1a7625bd6077cc7c696f1be98945dde84ccf6832,0bc601d8605a9532d518cc9ec06d7054f26c5dc8b8d4b9e7a46288d2e669208a,0.04020996019244194,0.024000003933906555,-0.001058287569321692,-0.001058287569321692,0.0,0.04020996019244194,0.024000003933906555,1,3,0.9076921939849854,0.20944694064039504,13,1.661538353333106,0.005688398851366881,0.004740112720156564,0.016209956258535385,-0.001058287569321692,0.016209956258535385,0.001058287569321692,0.005045646335929632,0.012298724614083767,0.005045646335929632,0,0.04020996019244194,0.024000003933906555,0.0,0.018998194485902786,0,8.939060901214102e-09,6.938893903907228e-18,10,11,10,11,1,1,1,1,1,1,0.012000001966953278,0.012000001966953278,0.012000001966953278,0,0.1580599918961525,-0.1485608946532011,0.009499097242951393,0.009499097242951393,0.7915913071606897,13.171663832342096,0,0,-0.0010582965083825932,6.938893903907228e-18,1.6615384505345263,0.01578311531453025,6.938893903907228e-18,inf,0,0,0,2,2,0,0,0.023999996483325958
3002,9,1,0,9,b14341e333999c751723873b1a7625bd6077cc7c696f1be98945dde84ccf6832,0bc601d8605a9532d518cc9ec06d7054f26c5dc8b8d4b9e7a46288d2e669208a,0.006880603730678558,0.0,-0.0004550957528408617,-0.0004550957528408617,0.0,0.006880603730678558,0.0,0,1,0.9076921939849854,0.20944694064039504,13,1.661538353333106,0.0018540795818571107,0.0014414276332544852,0.006880603730678558,-0.0004550957528408617,0.006880603730678558,0.0004550957528408617,0.002604521345347166,0.005897944793105125,0.002604521345347166,0,0.006880603730678558,0.0,0.0,0.006880603730678558,0,3.8033192636954816e-09,3.469446951953614e-18,0,0,1,12,13,13,0,1,1,1,0.0,0.0,0.0,1,0.005952991545200348,0.0025126896798610687,0.003440301865339279,0.003440301865339279,inf,inf,0,0,-0.0004550995561601254,-3.469446951953614e-18,1.6615384505345263,0.005716193830706867,3.469446951953614e-18,inf,0,0,0,3,5,0,0,0.03000000026077032
3002,9,1,2,9,b14341e333999c751723873b1a7625bd6077cc7c696f1be98945dde84ccf6832,0bc601d8605a9532d518cc9ec06d7054f26c5dc8b8d4b9e7a46288d2e669208a,0.011099228635430336,0.0,-0.0007606872241012752,-0.0007606872241012752,0.0,0.011099228635430336,0.0,0,1,0.9076921939849854,0.20944694064039504,13,1.6615383533331063,0.003084266590356371,0.0024396875906272752,0.011099228635430336,-0.0007606872241012752,0.011099228635430336,0.0007606872241012752,0.0020519117824733257,0.00415455037727952,0.0020519117824733257,0,0.011099228635430336,0.0,0.0,0.011099228635430336,0,5.020417016138312e-10,3.469446951953614e-18,0,0,10,11,13,13,0,1,1,1,0.0,0.0,0.0,1,0.009614875540137291,0.004065261222422123,0.005549614317715168,0.005549614317715168,inf,inf,0,0,-0.0007606867220595736,-3.469446951953614e-18,1.661538450534526,0.009220897574520681,3.469446951953614e-18,inf,0,0,0,4,3,0,0,0.03000000026077032
3002,9,1,3,9,b14341e333999c751723873b1a7625bd6077cc7c696f1be98945dde84ccf6832,0bc601d8605a9532d518cc9ec06d7054f26c5dc8b8d4b9e7a46288d2e669208a,0.021551858633756638,0.03000000026077032,-0.009443964809179306,-0.009443964809179306,-0.013500000396528499,0.021551858633756638,0.03000000026077032,1,3,0.9076923131942749,0.2094469155167731,13,1.661538461366525,0.002914072043782777,0.002530717638117322,0.008448141627013683,0.004056035587349193,0.008448141627013683,0.004056035587349193,0.0016896850429475307,0.004991290159523487,0.0016896850429475307,0,0.021551858633756638,0.03000000026077032,0.0,0.009578598663210869,0,9.912588562477342e-10,8.673617379884035e-18,10,11,10,11,1,1,1,1,1,1,0.014999999664723873,0.015000000596046448,0.014999999664723873,0,0.009694531559944153,0.004905232228338718,0.004789299331605434,0.004789299331605434,0.31928662924364126,0.6463021184422549,1,0,-0.00944396381792045,-0.01350000039652849,1.6615384522538923,0.007957604998816294,0.01350000039652849,0.5894522048208667,1,1,0,1,1,1,1,0.012000001035630703
3002,9,1,4,9,b14341e333999c751723873b1a7625bd6077cc7c696f1be98945dde84ccf6832,0bc601d8605a9532d518cc9ec06d7054f26c5dc8b8d4b9e7a46288d2e669208a,0.019067702814936638,0.017999999225139618,0.001765141380019486,0.001765141380019486,0.0,0.019067702814936638,0.017999999225139618,1,3,0.9076921939849854,0.20944694064039504,13,1.661538353333106,0.002135759548760179,0.001639570996782483,0.00106770358979702,0.001765141380019486,0.00106770358979702,0.001765141380019486,0.0030437016393989325,0.003183337626978755,0.0030437016393989325,0,0.019067702814936638,0.017999999225139618,0.0,0.008332408964633942,0,1.533947191489915e-09,3.469446951953614e-18,10,11,10,11,1,1,1,1,1,1,0.008999999612569809,0.008999999612569809,0.008999999612569809,0,0.0070403143763542175,0.0028741098940372467,0.004166204482316971,0.004166204482316971,0.46291162907365685,0.7822571866026965,1,0,0.0017651429139666774,-3.469446951953614e-18,1.6615384505345263,0.006922308940158938,3.469446951953614e-18,inf,0,0,0,2,2,0,0,0.012000001035630703
3002,9,1,5,9,b14341e333999c751723873b1a7625bd6077cc7c696f1be98945dde84ccf6832,0bc601d8605a9532d518cc9ec06d7054f26c5dc8b8d4b9e7a46288d2e669208a,0.010050540789961815,0.0,-0.002735160058364272,-0.002735160058364272,0.0,0.010050540789961815,0.0,0,1,0.9076921939849854,0.20944694064039504,13,1.661538353333106,0.0028686019035466283,0.002395105388390242,0.010050540789961815,-0.002735160058364272,0.010050540789961815,0.002735160058364272,0.002184417797252536,0.005593607667833567,0.002184417797252536,0,0.010050540789961815,0.0,0.0,0.010050540789961815,0,3.4819178061640255e-09,3.469446951953614e-18,0,0,1,12,13,13,0,1,1,1,0.0,0.0,0.0,1,0.011319005861878395,0.006293735466897488,0.0050252703949809074,0.0050252703949809074,inf,inf,0,0,-0.002735156576446466,-3.469446951953614e-18,1.6615384505345263,0.008349679985593604,3.469446951953614e-18,inf,0,0,0,5,4,0,0,0.03000000026077032
3002,9,2,0,9,b14341e333999c751723873b1a7625bd6077cc7c696f1be98945dde84ccf6832,0bc601d8605a9532d518cc9ec06d7054f26c5dc8b8d4b9e7a46288d2e669208a,0.015246136114001274,0.03599999891594052,0.00035650035715661943,0.00035650035715661943,0.0020769230489833986,0.015246136114001274,0.03599999891594052,1,4,0.9076921939849854,0.20944694064039504,13,1.661538353333106,0.007603562994131399,0.004166184483680147,0.02075386280193925,-0.0017204226918267791,0.02075386280193925,0.0017204226918267791,0.0024642636999487877,0.005725257098674774,0.0024642636999487877,0,0.015246136114001274,0.03599999891594052,0.0,0.030933367554098368,0,1.646501997243366e-10,0.0,10,2,10,11,1,1,1,1,0,0,0.0059999991208314896,0.024000000674277544,0.0059999991208314896,0,0.033048676792532206,0.017581993015483022,0.015466683777049184,0.015466683777049184,2.577781007225512,5.508113605848707,0,0,0.00035650052180681915,0.0020769230489833986,1.6615384505345263,0.025698489797825796,0.0020769230489833986,12.373347106145584,1,0,0,1,1,1,1,0.011999998707324266
3002,9,2,1,9,b14341e333999c751723873b1a7625bd6077cc7c696f1be98945dde84ccf6832,0bc601d8605a9532d518cc9ec06d7054f26c5dc8b8d4b9e7a46288d2e669208a,0.008668629452586174,0.0,-0.000789041630923748,-0.000789041630923748,0.0,0.008668629452586174,0.0,0,1,0.007692307233810425,0.20944694064039504,13,1.661538353333106,0.0021191193465541647,0.0014418626766233048,0.008668629452586174,-0.000789041630923748,0.008668629452586174,0.000789041630923748,0.002299860818311572,0.0033369949087500572,0.002299860818311572,0,0.008668629452586174,0.0,0.0,0.008668629452586174,0,2.2833839003616463e-09,1.734723475976807e-18,0,0,10,2,13,13,0,1,1,1,0.0,0.0,0.0,1,0.01274619810283184,0.008411883376538754,0.004334314726293087,0.004334314726293087,inf,inf,0,0,-0.0007890393475398477,1.734723475976807e-18,1.6615384505345263,0.007201630574453995,1.734723475976807e-18,inf,0,0,0,3,3,0,0,0.03599999891594052
3002,9,2,3,9,b14341e333999c751723873b1a7625bd6077cc7c696f1be98945dde84ccf6832,0bc601d8605a9532d518cc9ec06d7054f26c5dc8b8d4b9e7a46288d2e669208a,0.007160656154155731,0.0,-0.00023069698363542557,-0.00023069698363542557,0.0,0.007160656154155731,0.0,0,1,0.9076923131942749,0.2094469155167731,13,1.661538461366525,0.001782614625032901,0.00120716026196113,0.007160656154155731,-0.00023069698363542557,0.007160656154155731,0.00023069698363542557,0.0023299455642700195,0.002908844966441393,0.0023299455642700195,0,0.007160656154155731,0.0,0.0,0.007160656154155731,0,1.875536288775681e-10,1.734723475976807e-18,0,0,10,2,13,13,0,1,1,1,0.0,0.0,0.0,1,0.009382339194417,0.005802011117339134,0.0035803280770778656,0.0035803280770778656,inf,inf,0,0,-0.0002306967960817967,-1.734723475976807e-18,1.6615384522538923,0.005948852771749111,1.734723475976807e-18,inf,0,0,0,4,4,0,0,0.03599999891594052
3002,9,2,4,9,b14341e333999c751723873b1a7625bd6077cc7c696f1be98945dde84ccf6832,0bc601d8605a9532d518cc9ec06d7054f26c5dc8b8d4b9e7a46288d2e669208a,0.00588204525411129,0.0,-0.002179201925173402,-0.002179201925173402,0.0,0.00588204525411129,0.0,0,1,0.9076921939849854,0.20944694064039504,13,1.661538353333106,0.0015289386509755624,0.001145768822473887,0.00588204525411129,-0.002179201925173402,0.00588204525411129,0.002179201925173402,0.002619731705635786,0.0027948280330747366,0.002619731705635786,0,0.00588204525411129,0.0,0.0,0.00588204525411129,0,3.700320452826311e-09,1.734723475976807e-18,0,0,10,3,13,13,0,1,1,1,0.0,0.0,0.0,1,0.007591806352138519,0.004650783725082874,0.002941022627055645,0.002941022627055645,inf,inf,0,0,-0.002179198224852949,-1.734723475976807e-18,1.6615384505345263,0.004886622178745018,1.734723475976807e-18,inf,0,0,0,5,5,0,0,0.03599999891594052
3002,9,2,5,9,b14341e333999c751723873b1a7625bd6077cc7c696f1be98945dde84ccf6832,0bc601d8605a9532d518cc9ec06d7054f26c5dc8b8d4b9e7a46288d2e669208a,0.01440824382007122,0.024000000208616257,-0.0013695586239919066,-0.0013695586239919066,0.0,0.01440824382007122,0.024000000208616257,1,3,0.9076921939849854,0.20944694064039504,13,1.661538353333106,0.00237999033963584,0.0016644337164932453,0.009591756388545036,-0.0013695586239919066,0.009591756388545036,0.0013695586239919066,0.0015425459714606404,0.004474647343158722,0.0015425459714606404,0,0.01440824382007122,0.024000000208616257,0.0,0.009591756388545036,0,1.4339560268361584e-10,1.734723475976807e-18,10,11,10,11,1,1,1,1,1,1,0.012000000104308128,0.012000000104308128,0.012000000104308128,0,0.011125864461064339,0.0063299862667918205,0.004795878194272518,0.004795878194272518,0.3996565127154246,0.9271553636962082,1,0,-0.001369558480596304,1.734723475976807e-18,1.6615384505345263,0.007968536023863881,1.734723475976807e-18,inf,0,0,0,2,2,0,0,0.011999998707324266
3002,10,0,1,10,c19d377714654bffca1b66e342072d25227add13a90b58eb01e45cd5da8d5040,0bc601d8605a9532d518cc9ec06d7054f26c5dc8b8d4b9e7a46288d2e669208a,0.01125168614089489,0.0,-0.0003023780882358551,-0.0003023780882358551,-1.734723475976807e-18,0.01125168614089489,0.0,0,1,0.9076921939849854,0.20944694064039504,13,1.661538353333106,0.0026827975410428904,0.0016614304050891358,0.01125168614089489,-0.00030237808823585337,0.01125168614089489,0.00030237808823585337,0.002418346470221877,0.0020387019030749798,0.002418346470221877,0,0.01125168614089489,0.0,0.0,0.01125168614089489,0,2.093896339303014e-09,4.336808689942018e-18,0,0,10,11,13,13,0,1,1,1,0.0,0.0,0.0,1,0.026027951389551163,0.020402108319103718,0.005625843070447445,0.005625843070447445,inf,inf,0,0,-0.0003023759943395158,2.6020852139652106e-18,1.6615384505345263,0.00934755457822165,2.6020852139652106e-18,inf,0,0,0,3,3,0,0,0.04800000041723251
3002,10,0,2,10,c19d377714654bffca1b66e342072d25227add13a90b58eb01e45cd5da8d5040,0bc601d8605a9532d518cc9ec06d7054f26c5dc8b8d4b9e7a46288d2e669208a,0.024706920608878136,0.04800000041723251,-0.001028117723762989,-0.001028117723762989,-0.0004153863571011024,0.024706920608878136,0.04800000041723251,1,5,0.007692307233810425,0.20944694064039504,13,1.6615383533331063,0.007956775962519771,0.00485912370963915,0.023293079808354378,-0.0006127313666618867,0.023293079808354378,0.0006127313666618867,0.0014248652150854468,0.003705398179590702,0.0014248652150854468,0,0.024706920608878136,0.04800000041723251,0.0,0.031700316816568375,0,2.6431682259575595e-09,0.0,10,1,10,11,1,1,1,1,0,0,0.017999999225139618,0.012000000104308128,0.012000000104308128,0,0.01706400141119957,0.0012138430029153824,0.015850158408284187,0.015850158408284187,1.32084652254243,1.42200010523945,0,0,-0.001028115080594763,-0.0004153863571011024,1.661538450534526,0.0263356476424273,0.0004153863571011024,63.40036737416817,1,0,0,1,1,1,1,0.024000000208616257
3002,10,0,3,10,c19d377714654bffca1b66e342072d25227add13a90b58eb01e45cd5da8d5040,0bc601d8605a9532d518cc9ec06d7054f26c5dc8b8d4b9e7a46288d2e669208a,0.010051943361759186,0.0,-0.001821190700866282,-0.001821190700866282,0.0,0.010051943361759186,0.0,0,1,0.9076923131942749,0.2094469155167731,13,1.661538461366525,0.002529118765706398,0.0016528558448926933,0.010051943361759186,-0.001821190700866282,0.010051943361759186,0.001821190700866282,0.0027383691631257534,0.0024464253801852465,0.0027383691631257534,0,0.010051943361759186,0.0,0.0,0.010051943361759186,0,1.3563600798072173e-09,1.734723475976807e-18,0,0,10,1,13,13,0,1,1,1,0.0,0.0,0.0,1,0.028394073247909546,0.023368101567029953,0.005025971680879593,0.005025971680879593,inf,inf,0,0,-0.0018211920572263618,-1.734723475976807e-18,1.6615384522538923,0.008350845207720572,1.734723475976807e-18,inf,0,0,0,4,4,0,0,0.04800000041723251
3002,10,0,4,10,c19d377714654bffca1b66e342072d25227add13a90b58eb01e45cd5da8d5040,0bc601d8605a9532d518cc9ec06d7054f26c5dc8b8d4b9e7a46288d2e669208a,0.007901370525360107,0.0,-0.0006047530914656818,-0.0006047530914656818,0.0,0.007901370525360107,0.0,0,1,0.9076921939849854,0.20944694064039504,13,1.661538353333106,0.0019220559056724463,0.001353710933902559,0.007901370525360107,-0.0006047530914656818,0.007901370525360107,0.0006047530914656818,0.0008736028103157878,0.002502641873434186,0.0008736028103157878,0,0.007901370525360107,0.0,0.0,0.007901370525360107,0,1.3606913616681648e-09,8.673617379884035e-19,0,0,10,6,13,13,0,1,1,1,0.0,0.0,0.0,1,0.026263859122991562,0.022313173860311508,0.003950685262680054,0.003950685262680054,inf,inf,0,0,-0.0006047517307743201,8.673617379884035e-19,1.6615384505345263,0.0065642154699030045,8.673617379884035e-19,inf,0,0,0,5,5,0,0,0.04800000041723251
3002,10,0,5,10,c19d377714654bffca1b66e342072d25227add13a90b58eb01e45cd5da8d5040,0bc601d8605a9532d518cc9ec06d7054f26c5dc8b8d4b9e7a46288d2e669208a,0.017544934526085854,0.024000000208616257,-0.0005345822428353131,-0.0005345822428353131,-6.447617743529643e-11,0.017544934526085854,0.024000000208616257,1,3,0.007692307233810425,0.20944694064039504,13,1.661538353333106,0.001965117487726961,0.0014915322642442745,0.006455065682530403,-0.0005345821783591356,0.006455065682530403,0.0005345821783591356,0.002545587019994855,0.003550766734406352,0.002545587019994855,0,0.017544934526085854,0.024000000208616257,0.0,0.006939826067537069,0,4.504793517379202e-10,5.421010862427522e-19,10,11,10,11,1,1,1,1,1,1,0.012000000569969416,0.011999999638646841,0.011999999638646841,0,0.031913502141833305,0.02844358910806477,0.0034699130337685347,0.0034699130337685347,0.28915942818810064,2.659458591903089,1,0,-0.0005345826933146648,-6.447617797739752e-11,1.6615384505345263,0.005765393925617328,6.447617797739752e-11,89418977.77561224,1,0,0,2,2,0,0,0.024000000208616257
3002,10,1,0,10,c19d377714654bffca1b66e342072d25227add13a90b58eb01e45cd5da8d5040,0bc601d8605a9532d518cc9ec06d7054f26c5dc8b8d4b9e7a46288d2e669208a,0.002062363550066948,0.0,0.0002766271645668894,0.0002766271645668894,0.0,0.002062363550066948,0.0,0,1,0.9076921939849854,0.20944694064039504,13,1.661538353333106,0.0005203924992737359,0.00040483192579280697,0.002062363550066948,0.0002766271645668894,0.002062363550066948,0.0002766271645668894,0.0015792865306138992,0.0010850619291886687,0.0015792865306138992,0,0.002062363550066948,0.0,0.0,0.002062363550066948,0,2.681619648559064e-10,2.6020852139652106e-18,0,0,6,7,13,13,0,1,1,1,0.0,0.0,0.0,1,0.003575332462787628,0.002544150687754154,0.001031181775033474,0.001031181775033474,inf,inf,0,0,0.00027662743272885426,2.6020852139652106e-18,1.6615384505345263,0.0017133481687085607,2.6020852139652106e-18,inf,0,0,0,3,5,0,0,0.029999999329447746
3002,10,1,2,10,c19d377714654bffca1b66e342072d25227add13a90b58eb01e45cd5da8d5040,0bc601d8605a9532d518cc9ec06d7054f26c5dc8b8d4b9e7a46288d2e669208a,0.00479514803737402,0.0,8.61192456795834e-05,8.61192456795834e-05,3.469446951953614e-18,0.00479514803737402,0.0,0,1,0.007692307233810425,0.20944694064039504,13,1.6615383533331063,0.0011358691620811804,0.0008172071015341044,0.00479514803737402,8.611924567957993e-05,0.00479514803737402,8.611924567957993e-05,0.0014810748398303986,0.001963104587048292,0.0014810748398303986,0,0.00479514803737402,0.0,0.0,0.00479514803737402,0,1.1229707537127598e-09,2.6020852139652106e-18,0,0,10,11,13,13,0,1,1,1,0.0,0.0,0.0,1,0.004228266887366772,0.0018306928686797619,0.00239757401868701,0.00239757401868701,inf,inf,0,0,8.611812270882969e-05,8.673617379884035e-19,1.661538450534526,0.0039836614200510516,8.673617379884035e-19,inf,0,0,0,4,3,0,0,0.029999999329447746
3002,10,1,3,10,c19d377714654bffca1b66e342072d25227add13a90b58eb01e45cd5da8d5040,0bc601d8605a9532d518cc9ec06d7054f26c5dc8b8d4b9e7a46288d2e669208a,0.02048053964972496,0.029999999329447746,-0.008611301891505718,-0.008611301891505718,-0.01349999944550487,0.02048053964972496,0.029999999329447746,1,3,0.9076923131942749,0.2094469155167731,13,1.661538461366525,0.0019443355638325086,0.0011177929008059954,0.009519459679722786,0.004888697553999151,0.009519459679722786,0.004888697553999151,0.002492313040420413,0.005087101366370916,0.002492313040420413,0,0.02048053964972496,0.029999999329447746,0.0,0.009519459679722786,0,8.795934414856932e-10,0.0,10,11,10,11,1,1,1,1,1,1,0.014999999897554517,0.01499999943189323,0.01499999943189323,0,0.007089371792972088,0.002329641953110695,0.004759729839861393,0.004759729839861393,0.3173153346753589,0.47262480409822927,1,0,-0.008611301011912277,-0.01349999944550487,1.6615384522538923,0.007908474151269966,0.01349999944550487,0.5858129241555837,1,1,0,1,1,1,1,0.011999998241662979
3002,10,1,4,10,c19d377714654bffca1b66e342072d25227add13a90b58eb01e45cd5da8d5040,0bc601d8605a9532d518cc9ec06d7054f26c5dc8b8d4b9e7a46288d2e669208a,0.014399728737771511,0.018000001087784767,0.0006350966286845505,0.0006350966286845505,1.2895235226850765e-10,0.014399728737771511,0.018000001087784767,1,3,0.9076921939849854,0.20944694064039504,13,1.661538353333106,0.0009555940800528029,0.0007082975893860035,0.003600272350013256,0.0006350964997321983,0.003600272350013256,0.0006350964997321983,0.001539201708510518,0.0036776415072381496,0.001539201708510518,0,0.014399728737771511,0.018000001087784767,0.0,0.0036241188645362854,0,4.146454707365521e-11,5.204170427930421e-18,10,11,10,11,1,1,1,1,1,1,0.008999999612569809,0.009000001475214958,0.008999999612569809,0,0.0032585514709353447,0.001446492038667202,0.0018120594322681427,0.0018120594322681427,0.20133994558592402,0.36206129013431326,1,0,0.0006350966701490976,1.2895235747267808e-10,1.6615384505345263,0.003010806421367283,1.2895235747267808e-10,23348207.666581053,1,0,0,2,2,0,0,0.011999998241662979
3002,10,1,5,10,c19d377714654bffca1b66e342072d25227add13a90b58eb01e45cd5da8d5040,0bc601d8605a9532d518cc9ec06d7054f26c5dc8b8d4b9e7a46288d2e669208a,0.0029750242829322815,0.0,-0.0003480276500340551,-0.0003480276500340551,3.469446951953614e-18,0.0029750242829322815,0.0,0,1,0.007692307233810425,0.20944694064039504,13,1.661538353333106,0.0007619259838792049,0.0005563078723715604,0.0029750242829322815,-0.0003480276500340586,0.0029750242829322815,0.0003480276500340586,0.0018934496911242604,0.001507496228441596,0.0018934496911242604,0,0.0029750242829322815,0.0,0.0,0.0029750242829322815,0,3.1515072843046887e-10,0.0,0,0,3,11,13,13,0,1,1,1,0.0,0.0,0.0,1,0.002139611169695854,-0.0006520990282297134,0.0014875121414661407,0.0014875121414661407,inf,inf,0,0,-0.00034802796518478354,3.469446951953614e-18,1.6615384505345263,0.0024715586186829465,3.469446951953614e-18,inf,0,0,0,5,4,0,0,0.029999999329447746
3002,10,2,0,10,c19d377714654bffca1b66e342072d25227add13a90b58eb01e45cd5da8d5040,0bc601d8605a9532d518cc9ec06d7054f26c5dc8b8d4b9e7a46288d2e669208a,0.012283171527087688,0.035999998450279236,0.00017654146358836442,0.00017654146358836442,-0.008307692066981235,0.012283171527087688,0.035999998450279236,1,4,0.9076921939849854,0.20944694064039504,13,1.661538353333106,0.013834973302581018,0.012727481224360609,0.023716826923191547,0.0084842335305696,0.023716826923191547,0.0084842335305696,0.0014391897711902857,0.005767775699496269,0.0014391897711902857,0,0.012283171527087688,0.035999998450279236,0.0,0.032509667333215475,0,1.70978843767617e-10,0.0,1,11,10,11,4,1,0,0,1,0,0.0,0.0059999991208314896,0.0,1,0.018105587922036648,-0.0018507542554289103,0.016254833666607738,0.016254833666607738,inf,inf,0,0,0.00017654129260952065,-0.008307692066981235,1.6615384505345263,0.027008031144111874,0.008307692066981235,3.25096680598632,0,0,0,1,1,1,1,0.012000000104308128
3002,10,2,1,10,c19d377714654bffca1b66e342072d25227add13a90b58eb01e45cd5da8d5040,0bc601d8605a9532d518cc9ec06d7054f26c5dc8b8d4b9e7a46288d2e669208a,0.005519174505025148,0.0,-0.0004054461605846882,-0.0004054461605846882,3.469446951953614e-18,0.005519174505025148,0.0,0,1,0.9076921939849854,0.20944694064039504,13,1.661538353333106,0.001704288248928948,0.0014092984510111735,0.005519174505025148,-0.00040544616058469166,0.005519174505025148,0.00040544616058469166,0.0008542248397134244,0.0023833769373595715,0.0008542248397134244,0,0.005519174505025148,0.0,0.0,0.005519174505025148,0,2.9506940727591635e-10,2.6020852139652106e-18,0,0,10,3,13,13,0,1,1,1,0.0,0.0,0.0,1,0.01759700127877295,0.014837414026260376,0.002759587252512574,0.002759587252512574,inf,inf,0,0,-0.00040544645565409546,8.673617379884035e-19,1.6615384505345263,0.004585160327654573,8.673617379884035e-19,inf,0,0,0,3,3,0,0,0.035999998450279236
3002,10,2,3,10,c19d377714654bffca1b66e342072d25227add13a90b58eb01e45cd5da8d5040,0bc601d8605a9532d518cc9ec06d7054f26c5dc8b8d4b9e7a46288d2e669208a,0.005132564343512058,0.0,-9.351064363727346e-05,-9.351064363727346e-05,0.0,0.005132564343512058,0.0,0,1,0.9076923131942749,0.2094469155167731,13,1.661538461366525,0.0014761093550973406,0.0011861409589692333,0.005132564343512058,-9.351064363727346e-05,0.005132564343512058,9.351064363727346e-05,0.003554511582478881,0.002123785438016057,0.003554511582478881,0,0.005132564343512058,0.0,0.0,0.005132564343512058,0,3.5801426948901816e-10,1.734723475976807e-18,0,0,10,7,13,13,0,1,1,1,0.0,0.0,0.0,1,0.014251216314733028,0.011684934142977,0.002566282171756029,0.002566282171756029,inf,inf,0,0,-9.351100165154295e-05,1.734723475976807e-18,1.6615384522538923,0.00426397650770627,1.734723475976807e-18,inf,0,0,0,4,4,0,0,0.035999998450279236
3002,10,2,4,10,c19d377714654bffca1b66e342072d25227add13a90b58eb01e45cd5da8d5040,0bc601d8605a9532d518cc9ec06d7054f26c5dc8b8d4b9e7a46288d2e669208a,0.004535039886832237,0.0,0.001016642083413899,0.001016642083413899,1.734723475976807e-18,0.004535039886832237,0.0,0,1,0.9076921939849854,0.20944694064039504,13,1.661538353333106,0.0014555037346117732,0.0013107329629569661,0.004535039886832237,0.0010166420834138972,0.004535039886832237,0.0010166420834138972,0.0015877371188253164,0.0024212736170738935,0.0015877371188253164,0,0.004535039963229792,0.0,7.639755494892597e-11,0.004535039963229792,0,2.114951918024549e-10,0.0,0,0,10,7,13,13,0,1,1,1,0.0,0.0,0.0,1,0.014957248775317566,0.01268972879370267,0.002267519981614896,0.002267519981614896,inf,inf,0,0,0.0010166418719187071,1.734723475976807e-18,1.6615384505345263,0.003767571636808492,1.734723475976807e-18,inf,0,0,0,5,5,0,0,0.035999998450279236
3002,10,2,5,10,c19d377714654bffca1b66e342072d25227add13a90b58eb01e45cd5da8d5040,0bc601d8605a9532d518cc9ec06d7054f26c5dc8b8d4b9e7a46288d2e669208a,0.011845140717923641,0.023999998345971107,-0.0008877476793713868,-0.0008877476793713868,-1.289523487990607e-10,0.011845140717923641,0.023999998345971107,1,3,0.007692307233810425,0.20944694064039504,13,1.661538353333106,0.002714310295260426,0.001931205223804924,0.012154857628047466,-0.000887747550419038,0.012154857628047466,0.000887747550419038,0.0018681861693039536,0.005285701248794794,0.0018681861693039536,0,0.011845140368677676,0.023999998345971107,3.4924596548080444e-10,0.012154857977293432,0,2.602020222550183e-10,5.204170427930421e-18,10,11,10,11,1,1,1,1,1,1,0.012000000104308128,0.011999998241662979,0.011999998241662979,0,0.025758907198905945,0.01968147821025923,0.006077428988646716,0.006077428988646716,0.5064524899300732,2.146575914442487,0,0,-0.0008877474191693645,-1.2895235400323113e-10,1.6615384505345263,0.010097881945029677,1.2895235400323113e-10,78307077.2385951,1,0,0,2,2,0,0,0.012000000104308128
3002,11,0,1,11,333640a44f36202688306bdb79431c6f5b3310520c85583ca9a8db482054f3b1,0bc601d8605a9532d518cc9ec06d7054f26c5dc8b8d4b9e7a46288d2e669208a,0.029849901795387268,0.0,0.0006368706817738712,0.0006368706817738712,0.0,0.029849901795387268,0.0,0,1,0.9076921939849854,0.20944694064039504,13,1.661538353333106,0.008046441385444076,0.006427391746340419,0.029849901795387268,0.0006368706817738712,0.029849901795387268,0.0006368706817738712,0.003926319535821676,0.012792273424565792,0.003926319535821676,0,0.029849901795387268,0.0,0.0,0.029849901795387268,0,4.370311737500465e-09,0.0,0,0,10,1,13,13,0,1,1,1,0.0,0.0,0.0,1,0.1869492083787918,-0.17202425748109818,0.014924950897693634,0.014924950897693634,inf,inf,0,0,0.0006368750520856087,0.0,1.6615384505345263,0.02479837978885777,0.0,inf,0,0,0,3,3,0,0,0.04800000041723251
3002,11,0,2,11,333640a44f36202688306bdb79431c6f5b3310520c85583ca9a8db482054f3b1,0bc601d8605a9532d518cc9ec06d7054f26c5dc8b8d4b9e7a46288d2e669208a,0.042039904743433,0.04800000041723251,-0.0004684794694185257,-0.0004684794694185257,0.018692308311278973,0.042039904743433,0.04800000041723251,1,4,0.9076921939849854,0.20944694064039504,13,1.661538353333106,0.012217820117648184,0.010639282725971835,0.005960095673799515,-0.0191607877806975,0.005960095673799515,0.0191607877806975,0.005385157186537981,0.007253597490489483,0.005385157186537981,0,0.042039904743433,0.04800000041723251,0.0,0.0354219488799572,0,4.845979971468406e-09,1.0408340855860843e-17,1,11,10,11,4,1,0,0,1,0,0.0,0.017999999225139618,0.0,1,0.1463157758116722,-0.1286048013716936,0.0177109744399786,0.0177109744399786,inf,inf,0,0,-0.00046847462343855423,0.018692308311278983,1.6615384505345263,0.02942746502845864,0.018692308311278983,1.5743087765517991,0,0,0,1,1,1,1,0.023999996483325958
3002,11,0,3,11,333640a44f36202688306bdb79431c6f5b3310520c85583ca9a8db482054f3b1,0bc601d8605a9532d518cc9ec06d7054f26c5dc8b8d4b9e7a46288d2e669208a,0.027101974934339523,0.0,-0.010065224952995777,-0.010065224952995777,0.0,0.027101974934339523,0.0,0,1,0.9076923131942749,0.2094469155167731,13,1.661538461366525,0.007638273356080114,0.00529740217345706,0.027101974934339523,-0.010065224952995777,0.027101974934339523,0.010065224952995777,0.0028639158699661493,0.014845841564238071,0.0028639158699661493,0,0.027101974934339523,0.0,0.0,0.027101974934339523,0,7.296616991170346e-10,6.938893903907228e-18,0,0,10,11,13,13,0,1,1,1,0.0,0.0,0.0,1,0.15662144124507904,-0.14307045377790928,0.013550987467169762,0.013550987467169762,inf,inf,0,0,-0.010065224223334078,-6.938893903907228e-18,1.6615384522538923,0.02251548674271314,6.938893903907228e-18,inf,0,0,0,4,4,0,0,0.04800000041723251
3002,11,0,4,11,333640a44f36202688306bdb79431c6f5b3310520c85583ca9a8db482054f3b1,0bc601d8605a9532d518cc9ec06d7054f26c5dc8b8d4b9e7a46288d2e669208a,0.023761332035064697,0.0,-0.0007400978356599808,-0.0007400978356599808,0.0,0.023761332035064697,0.0,0,1,0.9076921939849854,0.20944694064039504,13,1.661538353333106,0.006621491367347043,0.005096414473635204,0.023761332035064697,-0.0007400978356599808,0.023761332035064697,0.0007400978356599808,0.005355429835617542,0.013863736763596535,0.005355429835617542,0,0.023761332035064697,0.0,0.0,0.023761332035064697,0,2.0967952443773363e-09,0.0,0,0,10,1,13,13,0,1,1,1,0.0,0.0,0.0,1,0.17052128911018372,-0.15864062309265137,0.011880666017532349,0.011880666017532349,inf,inf,0,0,-0.0007400957388647364,0.0,1.6615384505345263,0.0197401834060889,0.0,inf,0,0,0,5,5,0,0,0.04800000041723251
3002,11,0,5,11,333640a44f36202688306bdb79431c6f5b3310520c85583ca9a8db482054f3b1,0bc601d8605a9532d518cc9ec06d7054f26c5dc8b8d4b9e7a46288d2e669208a,0.03710133209824562,0.024000003933906555,-0.0009648545528762043,-0.0009648545528762043,0.0,0.03710133209824562,0.024000003933906555,1,3,0.9076921939849854,0.20944694064039504,13,1.661538353333106,0.004822448876045222,0.0036726675530862523,0.013101328164339066,-0.0009648545528762043,0.013101328164339066,0.0009648545528762043,0.0032592269126325846,0.011707046069204807,0.0032592269126325846,0,0.03710133209824562,0.024000003933906555,0.0,0.016328439116477966,0,1.3057640593783226e-09,6.938893903907228e-18,10,11,10,11,1,1,1,1,1,1,0.012000001966953278,0.012000001966953278,0.012000001966953278,0,0.15721610933542252,-0.14905188977718353,0.008164219558238983,0.008164219558238983,0.6803515183349446,13.101340297141522,0,0,-0.0009648532471121449,6.938893903907228e-18,1.6615384505345263,0.013565164714620074,6.938893903907228e-18,inf,0,0,0,2,2,0,0,0.023999996483325958
3002,11,1,0,11,333640a44f36202688306bdb79431c6f5b3310520c85583ca9a8db482054f3b1,0bc601d8605a9532d518cc9ec06d7054f26c5dc8b8d4b9e7a46288d2e669208a,0.002076137810945511,0.0,0.00048387577407993376,0.00048387577407993376,3.469446951953614e-18,0.002076137810945511,0.0,0,1,0.9076921939849854,0.20944694064039504,13,1.661538353333106,0.0005309482307161969,0.0003789873826785907,0.002076137810945511,0.0004838757740799303,0.002076137810945511,0.0004838757740799303,0.0016298663103953004,0.0012300339294597507,0.0016298663103953004,0,0.002076137810945511,0.0,0.0,0.002076137810945511,0,3.078807816331297e-09,3.469446951953614e-18,0,0,8,7,13,13,0,1,1,1,0.0,0.0,0.0,1,0.0013872403651475906,0.0003491714596748352,0.0010380689054727554,0.0010380689054727554,inf,inf,0,0,0.00048387269527211743,0.0,1.6615384505345263,0.0017247914007472737,0.0,inf,0,0,0,3,5,0,0,0.029999999329447746
3002,11,1,2,11,333640a44f36202688306bdb79431c6f5b3310520c85583ca9a8db482054f3b1,0bc601d8605a9532d518cc9ec06d7054f26c5dc8b8d4b9e7a46288d2e669208a,0.0057685356587171555,0.0,0.00020878808572888374,0.00020878808572888374,0.0,0.0057685356587171555,0.0,0,1,0.9076921939849854,0.20944694064039504,13,1.661538353333106,0.0013326940277432677,0.0008484886727742189,0.0057685356587171555,0.00020878808572888374,0.0057685356587171555,0.00020878808572888374,0.0010955922771245241,0.002238583518192172,0.0010955922771245241,0,0.0057685356587171555,0.0,0.0,0.0057685356587171555,0,1.6615520244400717e-10,3.469446951953614e-18,0,0,10,11,13,13,0,1,1,1,0.0,0.0,0.0,1,0.003753034397959709,-0.0008687665686011314,0.0028842678293585777,0.0028842678293585777,inf,inf,0,0,0.0002087879195736813,3.469446951953614e-18,1.6615384505345263,0.004792321900119033,3.469446951953614e-18,inf,0,0,0,4,3,0,0,0.029999999329447746
3002,11,1,3,11,333640a44f36202688306bdb79431c6f5b3310520c85583ca9a8db482054f3b1,0bc601d8605a9532d518cc9ec06d7054f26c5dc8b8d4b9e7a46288d2e669208a,0.021181389689445496,0.029999999329447746,-0.00878484919667244,-0.00878484919667244,-0.01349999944550487,0.021181389689445496,0.029999999329447746,1,3,0.9076923131942749,0.2094469155167731,13,1.661538461366525,0.0018310836760095275,0.0010749401948993375,0.00881860964000225,0.00471515024883243,0.00881860964000225,0.00471515024883243,0.0024197641760110855,0.0058173928409814835,0.0024197641760110855,0,0.021181389689445496,0.029999999329447746,0.0,0.00881860964000225,0,7.449016924121477e-11,0.0,10,11,10,11,1,1,1,1,1,1,0.014999999897554517,0.01499999943189323,0.01499999943189323,0,0.0053908200934529305,0.0009815152734518051,0.004409304820001125,0.004409304820001125,0.2939536657998795,0.35938801984157986,1,0,-0.008784849271162609,-0.01349999944550487,1.6615384522538923,0.007326229506140297,0.01349999944550487,0.5426836894115378,1,1,0,1,1,1,1,0.011999998241662979
3002,11,1,4,11,333640a44f36202688306bdb79431c6f5b3310520c85583ca9a8db482054f3b1,0bc601d8605a9532d518cc9ec06d7054f26c5dc8b8d4b9e7a46288d2e669208a,0.015451083891093731,0.018000001087784767,0.0003269032167736441,0.0003269032167736441,1.289523557379546e-10,0.015451083891093731,0.018000001087784767,1,3,0.9076921939849854,0.20944694064039504,13,1.661538353333106,0.0008552887259721976,0.0006787558940388044,0.0025489171966910362,0.00032690308782128835,0.0025489171966910362,0.00032690308782128835,0.0013624710263684392,0.004326935391873121,0.0013624710263684392,0,0.015451083891093731,0.018000001087784767,0.0,0.00296072568744421,0,2.9096454065569155e-10,0.0,10,11,10,11,1,1,1,1,1,1,0.008999999612569809,0.009000001475214958,0.008999999612569809,0,0.002050296403467655,-0.0005699335597455502,0.001480362843722105,0.001480362843722105,0.16448476749427443,0.22781072130315627,1,0,0.00032690292580910343,1.289523557379546e-10,1.6615384505345263,0.0024596797855869117,1.289523557379546e-10,19074329.984209456,1,0,0,2,2,0,0,0.011999998241662979
3002,11,1,5,11,333640a44f36202688306bdb79431c6f5b3310520c85583ca9a8db482054f3b1,0bc601d8605a9532d518cc9ec06d7054f26c5dc8b8d4b9e7a46288d2e669208a,0.002987086772918701,0.0,-0.0003717214276548475,-0.0003717214276548475,3.469446951953614e-18,0.002987086772918701,0.0,0,1,0.9076921939849854,0.20944694064039504,13,1.661538353333106,0.0007813084753391598,0.0006237622769273949,0.002987086772918701,-0.00037172142765485097,0.002987086772918701,0.00037172142765485097,0.0018405133159831166,0.001403815927915275,0.0018405133159831166,0,0.002987086772918701,0.0,0.0,0.002987086772918701,0,3.723059707749776e-10,0.0,0,0,8,11,13,13,0,1,1,1,0.0,0.0,0.0,1,0.0019454080611467361,-0.00045186467468738556,0.0014935433864593506,0.0014935433864593506,inf,inf,0,0,-0.0003717217999608183,3.469446951953614e-18,1.6615384505345263,0.0024815797641437585,3.469446951953614e-18,inf,0,0,0,5,4,0,0,0.029999999329447746
3002,11,2,0,11,333640a44f36202688306bdb79431c6f5b3310520c85583ca9a8db482054f3b1,0bc601d8605a9532d518cc9ec06d7054f26c5dc8b8d4b9e7a46288d2e669208a,0.013345422223210335,0.035999998450279236,-0.0014813095331192017,-0.0014813095331192017,0.0020769230167453087,0.013345422223210335,0.035999998450279236,1,4,0.9076921939849854,0.20944694064039504,13,1.661538353333106,0.00832557833904807,0.00440469537530998,0.0226545762270689,-0.0035582325498645104,0.0226545762270689,0.0035582325498645104,0.002488011959940195,0.004326963797211647,0.002488011959940195,0,0.0133454225724563,0.035999998450279236,3.4924596548080444e-10,0.03258411260321736,0,8.239024727220434e-10,4.336808689942018e-19,10,2,10,11,1,1,1,1,0,0,0.005999999586492777,0.023999998811632395,0.005999999586492777,0,0.021991608198732138,0.005699551897123456,0.01629205630160868,0.01629205630160868,2.715342904070431,3.6652682857245082,0,0,-0.0014813103570216744,0.002076923016745309,1.6615384505345263,0.027069877983396155,0.002076923016745309,13.033645332611625,0,0,0,1,1,1,1,0.011999998241662979
3002,11,2,1,11,333640a44f36202688306bdb79431c6f5b3310520c85583ca9a8db482054f3b1,0bc601d8605a9532d518cc9ec06d7054f26c5dc8b8d4b9e7a46288d2e669208a,0.0061601512134075165,0.0,-9.360102012578864e-06,-9.360102012578864e-06,4.336808689942018e-19,0.0061601512134075165,0.0,0,1,0.9076921939849854,0.20944694064039504,13,1.661538353333106,0.0017764179931824093,0.001353196455331067,0.0061601512134075165,-9.360102012579297e-06,0.0061601512134075165,9.360102012579297e-06,0.001965087838470936,0.0032713606487959623,0.001965087838470936,0,0.006160150980576873,0.0,2.3283064365386963e-10,0.006160150980576873,0,6.300779130212486e-10,4.336808689942018e-19,0,0,10,6,13,13,0,1,1,1,0.0,0.0,0.0,1,0.011889768298715353,-0.008809692808426917,0.0030800754902884364,0.0030800754902884364,inf,inf,0,0,-9.360732090491885e-06,0.0,1.6615384505345263,0.00511766385766322,0.0,inf,0,0,0,3,3,0,0,0.035999998450279236
3002,11,2,3,11,333640a44f36202688306bdb79431c6f5b3310520c85583ca9a8db482054f3b1,0bc601d8605a9532d518cc9ec06d7054f26c5dc8b8d4b9e7a46288d2e669208a,0.005692766979336739,0.0,-0.0006109435926191509,-0.0006109435926191509,0.0,0.005692766979336739,0.0,0,1,0.9076923131942749,0.2094469155167731,13,1.661538461366525,0.0014878045389646413,0.0010590078529609732,0.005692766979336739,-0.0006109435926191509,0.005692766979336739,0.0006109435926191509,0.002658568788319826,0.0018241563811898232,0.002658568788319826,0,0.005692767212167382,0.0,2.3283064365386963e-10,0.005692767212167382,0,1.9773795057950738e-10,6.505213034913027e-19,0,0,10,7,13,13,0,1,1,1,0.0,0.0,0.0,1,0.012193404603749514,-0.009347020997665823,0.002846383606083691,0.002846383606083691,inf,inf,0,0,-0.0006109433948812003,-6.505213034913027e-19,1.6615384522538923,0.004729375811373148,6.505213034913027e-19,inf,0,0,0,4,4,0,0,0.035999998450279236
3002,11,2,4,11,333640a44f36202688306bdb79431c6f5b3310520c85583ca9a8db482054f3b1,0bc601d8605a9532d518cc9ec06d7054f26c5dc8b8d4b9e7a46288d2e669208a,0.004062124062329531,0.0,-0.0010852174600586295,-0.0010852174600586295,4.336808689942018e-19,0.004062124062329531,0.0,0,1,0.9076921939849854,0.20944694064039504,13,1.661538353333106,0.0012194957891366646,0.0009784423608399004,0.004062124062329531,-0.00108521746005863,0.004062124062329531,0.00108521746005863,0.0019600638188421726,0.0027396429795771837,0.0019600638188421726,0,0.004062124062329531,0.0,0.0,0.004062124062329531,0,4.960852757231182e-10,4.336808689942018e-19,0,0,8,7,13,13,0,1,1,1,0.0,0.0,0.0,1,0.011248457711189985,-0.00921739568002522,0.0020310620311647654,0.0020310620311647654,inf,inf,0,0,-0.0010852179561439052,0.0,1.6615384505345263,0.003374687660201012,0.0,inf,0,0,0,5,5,0,0,0.035999998450279236
3002,11,2,5,11,333640a44f36202688306bdb79431c6f5b3310520c85583ca9a8db482054f3b1,0bc601d8605a9532d518cc9ec06d7054f26c5dc8b8d4b9e7a46288d2e669208a,0.01227352861315012,0.024000000208616257,-0.00030918436823412776,-0.00030918436823412776,-6.447617743529643e-11,0.01227352861315012,0.024000000208616257,1,3,0.9076921939849854,0.20944694064039504,13,1.661538353333106,0.002486242359421125,0.0015822663337003286,0.011726471595466137,-0.0003091843037579503,0.011726471595466137,0.0003091843037579503,0.001997008454054594,0.004410445224493742,0.001997008454054594,0,0.012273528322111815,0.024000000208616257,2.9103830456733704e-10,0.011726471886504441,0,2.8995169199658166e-10,5.421010862427522e-19,10,11,10,11,1,1,1,1,1,1,0.012000000569969416,0.011999999638646841,0.011999999638646841,0,0.01584563805954531,-0.009982402116293088,0.005863235943252221,0.005863235943252221,0.48860300998420514,1.3204698780584392,1,0,-0.00030918407828243576,-6.447617797739752e-11,1.6615384505345263,0.009741991964269637,6.447617797739752e-11,151094439.370844,1,0,0,2,2,0,0,0.011999998241662979
3002,12,0,1,12,470b04125216c2fe2703410126fdbc7e5a29495370db3e196deac359e5ddf741,0bc601d8605a9532d518cc9ec06d7054f26c5dc8b8d4b9e7a46288d2e669208a,0.03400449454784393,0.0,8.476711809635162e-05,8.476711809635162e-05,0.0,0.03400449454784393,0.0,0,1,0.9076921939849854,0.20944694064039504,13,1.661538353333106,0.009119053641436567,0.0073282731002604455,0.03400449454784393,8.476711809635162e-05,0.03400449454784393,8.476711809635162e-05,0.004845693241804838,0.01584106683731079,0.004845693241804838,0,0.03400449454784393,0.0,0.0,0.03400449454784393,0,5.187311705179276e-09,0.0,0,0,10,1,13,13,0,1,1,1,0.0,0.0,0.0,1,0.18099430203437805,-0.16399205476045609,0.017002247273921967,0.017002247273921967,inf,inf,0,0,8.476193078464644e-05,0.0,1.6615384505345263,0.028249887591117177,0.0,inf,0,0,0,3,3,0,0,0.04800000041723251
3002,12,0,2,12,470b04125216c2fe2703410126fdbc7e5a29495370db3e196deac359e5ddf741,0bc601d8605a9532d518cc9ec06d7054f26c5dc8b8d4b9e7a46288d2e669208a,0.045428819954395294,0.04800000041723251,-0.0023192467633634806,-0.0023192467633634806,0.004569229682592255,0.045428819954395294,0.04800000041723251,1,5,0.9076921939849854,0.20944694064039504,13,1.6615383533331063,0.008926756026561407,0.00702718345547569,0.0025711804628372192,-0.006888476445955735,0.0025711804628372192,0.006888476445955735,0.0035959454253315926,0.0124821113422513,0.0035959454253315926,0,0.045428819954395294,0.04800000041723251,0.0,0.033910028636455536,0,9.932484661134833e-10,6.938893903907228e-18,10,1,10,11,1,1,1,1,0,0,0.015000000596046448,0.012000001966953278,0.012000001966953278,0,0.1474134474992752,-0.13045843318104744,0.016955014318227768,0.016955014318227768,1.4129176282570672,12.28445194469435,0,0,-0.0023192457701150145,0.004569229682592248,1.661538450534526,0.02817140821909887,0.004569229682592248,6.165461177499063,0,0,0,1,1,1,1,0.023999996483325958
3002,12,0,3,12,470b04125216c2fe2703410126fdbc7e5a29495370db3e196deac359e5ddf741,0bc601d8605a9532d518cc9ec06d7054f26c5dc8b8d4b9e7a46288d2e669208a,0.03041614592075348,0.0,-0.010661560110747814,-0.010661560110747814,0.0,0.03041614592075348,0.0,0,1,0.007692308165132999,0.2094469155167731,13,1.661538461366525,0.008399001595770488,0.00612875713399176,0.03041614592075348,-0.010661560110747814,0.03041614592075348,0.010661560110747814,0.004839032422751188,0.017473723739385605,0.004839032422751188,0,0.03041614592075348,0.0,0.0,0.03041614592075348,0,1.9606774606661936e-09,6.938893903907228e-18,0,0,10,1,13,13,0,1,1,1,0.0,0.0,0.0,1,0.14951743930578232,-0.13430936634540558,0.01520807296037674,0.01520807296037674,inf,inf,0,0,-0.010661562071425275,-6.938893903907228e-18,1.6615384522538923,0.025268798008348636,6.938893903907228e-18,inf,0,0,0,4,4,0,0,0.04800000041723251
3002,12,0,4,12,470b04125216c2fe2703410126fdbc7e5a29495370db3e196deac359e5ddf741,0bc601d8605a9532d518cc9ec06d7054f26c5dc8b8d4b9e7a46288d2e669208a,0.027668487280607224,0.0,-0.0017409244319424033,-0.0017409244319424033,0.0,0.027668487280607224,0.0,0,1,0.9076921939849854,0.20944694064039504,13,1.661538353333106,0.007433847066769742,0.005923660372841287,0.027668487280607224,-0.0017409244319424033,0.027668487280607224,0.0017409244319424033,0.0062280516140162945,0.01607448048889637,0.0062280516140162945,0,0.027668487280607224,0.0,0.0,0.027668487280607224,0,4.840302693376319e-09,0.0,0,0,10,1,13,13,0,1,1,1,0.0,0.0,0.0,1,0.16719873249530792,-0.1533644888550043,0.013834243640303612,0.013834243640303612,inf,inf,0,0,-0.0017409292722450967,0.0,1.6615384505345263,0.022986127742427188,0.0,inf,0,0,0,5,5,0,0,0.04800000041723251
3002,12,0,5,12,470b04125216c2fe2703410126fdbc7e5a29495370db3e196deac359e5ddf741,0bc601d8605a9532d518cc9ec06d7054f26c5dc8b8d4b9e7a46288d2e669208a,0.03940511867403984,0.024000003933906555,-0.001665389514528215,-0.001665389514528215,0.0,0.03940511867403984,0.024000003933906555,1,3,0.9076921939849854,0.20944694064039504,13,1.661538353333106,0.00551981730378556,0.004455423610802938,0.015405114740133286,-0.001665389514528215,0.015405114740133286,0.001665389514528215,0.0032715825363993645,0.014639701694250107,0.0032715825363993645,0,0.03940511867403984,0.024000003933906555,0.0,0.017870906740427017,0,2.5626446624460453e-09,6.938893903907228e-18,10,11,10,11,1,1,1,1,1,1,0.012000001966953278,0.012000001966953278,0.012000001966953278,0,0.1488083451986313,-0.13987289182841778,0.008935453370213509,0.008935453370213509,0.7446209921315673,12.40069340058723,0,0,-0.0016653920771728774,6.938893903907228e-18,1.6615384505345263,0.014846599347568065,6.938893903907228e-18,inf,0,0,0,2,2,0,0,0.023999996483325958
3002,12,1,0,12,470b04125216c2fe2703410126fdbc7e5a29495370db3e196deac359e5ddf741,0bc601d8605a9532d518cc9ec06d7054f26c5dc8b8d4b9e7a46288d2e669208a,0.0032191588543355465,0.0,-0.00023133940703701228,-0.00023133940703701228,0.0,0.0032191588543355465,0.0,0,1,0.9076921939849854,0.20944694064039504,13,1.661538353333106,0.000797644763577408,0.0005752062590340891,0.0032191588543355465,-0.00023133940703701228,0.0032191588543355465,0.00023133940703701228,0.0016008279053494334,0.002369980327785015,0.0016008279053494334,0,0.0032191588543355465,0.0,0.0,0.0032191588543355465,0,1.518226972092862e-10,4.336808689942018e-19,0,0,10,7,13,13,0,1,1,1,0.0,0.0,0.0,1,0.0038987763691693544,-0.002289196942001581,0.0016095794271677732,0.0016095794271677732,inf,inf,0,0,-0.0002313395588597095,-4.336808689942018e-19,1.6615384505345263,0.0026743781074285923,4.336808689942018e-19,inf,0,0,0,3,5,0,0,0.029999999329447746
3002,12,1,2,12,470b04125216c2fe2703410126fdbc7e5a29495370db3e196deac359e5ddf741,0bc601d8605a9532d518cc9ec06d7054f26c5dc8b8d4b9e7a46288d2e669208a,0.007306965533643961,0.0,-0.0006206712569110096,-0.0006206712569110096,0.0,0.007306965533643961,0.0,0,1,0.9076921939849854,0.20944694064039504,13,1.6615383533331063,0.0015995507611613626,0.0010564247223399797,0.007306965533643961,-0.0006206712569110096,0.007306965533643961,0.0006206712569110096,0.0012418354162946343,0.003925740718841553,0.0012418354162946343,0,0.007306965650059283,0.0,1.1641532182693481e-10,0.007306965650059283,0,2.2082214138838263e-10,0.0,0,0,10,11,13,13,0,1,1,1,0.0,0.0,0.0,1,0.005955385742709041,-0.0023019029176793993,0.0036534828250296414,0.0036534828250296414,inf,inf,0,0,-0.0006206710360888682,0.0,1.661538450534526,0.006070402192154253,0.0,inf,0,0,0,4,3,0,0,0.029999999329447746
3002,12,1,3,12,470b04125216c2fe2703410126fdbc7e5a29495370db3e196deac359e5ddf741,0bc601d8605a9532d518cc9ec06d7054f26c5dc8b8d4b9e7a46288d2e669208a,0.02092110365629196,0.029999999329447746,-0.00883509125560522,-0.00883509125560522,-0.01349999944550487,0.02092110365629196,0.029999999329447746,1,3,0.007692308165132999,0.2094469155167731,13,1.661538461366525,0.0018711861131850244,0.0011374237726734587,0.009078895673155785,0.004664908189899649,0.009078895673155785,0.004664908189899649,0.0018657771870493889,0.005392628256231546,0.0018657771870493889,0,0.020921104587614536,0.029999999329447746,9.313225746154785e-10,0.00907889474183321,0,6.153274816761423e-10,0.0,10,11,10,11,1,1,1,1,1,1,0.014999999897554517,0.01499999943189323,0.01499999943189323,0,0.004902791231870651,0.00036334386095404625,0.004539447370916605,0.004539447370916605,0.30262983618951095,0.32685276117052786,1,0,-0.008835090640277739,-0.01349999944550487,1.6615384522538923,0.007542466358760777,0.01349999944550487,0.5587012347079919,1,1,0,1,1,1,1,0.012000000104308128
3002,12,1,4,12,470b04125216c2fe2703410126fdbc7e5a29495370db3e196deac359e5ddf741,0bc601d8605a9532d518cc9ec06d7054f26c5dc8b8d4b9e7a46288d2e669208a,0.017031705006957054,0.017999999225139618,-0.00011359201744198799,-0.00011359201744198799,-3.223808936816952e-11,0.017031705006957054,0.017999999225139618,1,3,0.9076921939849854,0.20944694064039504,13,1.661538353333106,0.0006717140097856147,0.0005499108931457503,0.0009682942181825638,-0.00011359198520389862,0.0009682942181825638,0.00011359198520389862,0.0015699482755735517,0.004307106602936983,0.0015699482755735517,0,0.017031704308465123,0.017999999225139618,6.984919309616089e-10,0.0023429072462022305,0,1.0387142534984406e-12,4.336808689942018e-19,10,11,10,11,1,1,1,1,1,1,0.008999999845400453,0.008999999379739165,0.008999999379739165,0,0.004371168790385127,-0.003199715167284012,0.0011714536231011152,0.0011714536231011152,0.13016152264835665,0.4856854546263103,1,0,-0.00011359201848070224,-3.223808893448865e-11,1.6615384505345263,0.001946415237800484,3.223808893448865e-11,60376259.950017944,1,0,0,2,2,0,0,0.012000000104308128
3002,12,1,5,12,470b04125216c2fe2703410126fdbc7e5a29495370db3e196deac359e5ddf741,0bc601d8605a9532d518cc9ec06d7054f26c5dc8b8d4b9e7a46288d2e669208a,0.0042351968586444855,0.0,-0.0005798476631753147,-0.0005798476631753147,0.0,0.0042351968586444855,0.0,0,1,0.9076921939849854,0.20944694064039504,13,1.661538353333106,0.0010145390700708903,0.000756970956679103,0.0042351968586444855,-0.0005798476631753147,0.0042351968586444855,0.0005798476631753147,0.002240001456812024,0.0014595728134736419,0.002240001456812024,0,0.004235197091475129,0.0,2.3283064365386963e-10,0.004235197091475129,0,3.534653056358472e-10,4.336808689942018e-19,0,0,10,11,13,13,0,1,1,1,0.0,0.0,0.0,1,0.004862910835072398,-0.0027453122893348336,0.0021175985457375646,0.0021175985457375646,inf,inf,0,0,-0.0005798480166406203,-4.336808689942018e-19,1.6615384505345263,0.003518471406538959,4.336808689942018e-19,inf,0,0,0,5,4,0,0,0.029999999329447746
3002,12,2,0,12,470b04125216c2fe2703410126fdbc7e5a29495370db3e196deac359e5ddf741,0bc601d8605a9532d518cc9ec06d7054f26c5dc8b8d4b9e7a46288d2e669208a,0.016070347279310226,0.03599999891594052,1.9549081116565503e-05,1.9549081116565503e-05,0.0020769230489833986,0.016070347279310226,0.03599999891594052,1,4,0.9076921939849854,0.20944694064039504,13,1.661538353333106,0.00765164582115522,0.0042944999257400205,0.019929651636630297,-0.002057373967866833,0.019929651636630297,0.002057373967866833,0.002366082975640893,0.007030306849628687,0.002366082975640893,0,0.016070347279310226,0.03599999891594052,0.0,0.03060953551903367,0,1.7723777480382896e-09,0.0,10,2,10,11,1,1,1,1,0,0,0.0059999991208314896,0.024000000674277544,0.0059999991208314896,0,0.03287807712331414,0.017573309363797307,0.015304767759516835,0.015304767759516835,2.550795000349246,5.479680323479422,0,0,1.955085349431354e-05,0.0020769230489833986,1.6615384505345263,0.025429460108938377,0.0020769230489833986,12.243814291235035,1,0,0,1,1,1,1,0.011999998707324266
3002,12,2,1,12,470b04125216c2fe2703410126fdbc7e5a29495370db3e196deac359e5ddf741,0bc601d8605a9532d518cc9ec06d7054f26c5dc8b8d4b9e7a46288d2e669208a,0.008934464305639267,0.0,-0.0007542828097939491,-0.0007542828097939491,0.0,0.008934464305639267,0.0,0,1,0.9076921939849854,0.20944694064039504,13,1.661538353333106,0.0021738860563717682,0.0014539838454427098,0.008934464305639267,-0.0007542828097939491,0.008934464305639267,0.0007542828097939491,0.002088414039462805,0.003924211487174034,0.002088414039462805,0,0.008934464305639267,0.0,0.0,0.008934464305639267,0,9.332621481172865e-12,1.734723475976807e-18,0,0,10,2,13,13,0,1,1,1,0.0,0.0,0.0,1,0.013212120160460472,0.008744888007640839,0.0044672321528196335,0.0044672321528196335,inf,inf,0,0,-0.0007542828191265706,1.734723475976807e-18,1.6615384505345263,0.00742247798937395,1.734723475976807e-18,inf,0,0,0,3,3,0,0,0.03599999891594052
3002,12,2,3,12,470b04125216c2fe2703410126fdbc7e5a29495370db3e196deac359e5ddf741,0bc601d8605a9532d518cc9ec06d7054f26c5dc8b8d4b9e7a46288d2e669208a,0.0073082055896520615,0.0,6.809147453168407e-05,6.809147453168407e-05,0.0,0.0073082055896520615,0.0,0,1,0.007692308165132999,0.2094469155167731,13,1.661538461366525,0.0017980319364996043,0.0012098638748628847,0.0073082055896520615,6.809147453168407e-05,0.0073082055896520615,6.809147453168407e-05,0.00258430908434093,0.0026208413764834404,0.00258430908434093,0,0.0073082055896520615,0.0,0.0,0.0073082055896520615,0,3.75260215262907e-10,1.734723475976807e-18,0,0,10,2,13,13,0,1,1,1,0.0,0.0,0.0,1,0.008693156763911247,0.0050390539690852165,0.0036541027948260307,0.0036541027948260307,inf,inf,0,0,6.809109927146881e-05,-1.734723475976807e-18,1.6615384522538923,0.006071432302091865,1.734723475976807e-18,inf,0,0,0,4,4,0,0,0.03599999891594052
3002,12,2,4,12,470b04125216c2fe2703410126fdbc7e5a29495370db3e196deac359e5ddf741,0bc601d8605a9532d518cc9ec06d7054f26c5dc8b8d4b9e7a46288d2e669208a,0.006003610789775848,0.0,-0.00046934527927078307,-0.00046934527927078307,0.0,0.006003610789775848,0.0,0,1,0.9076921939849854,0.20944694064039504,13,1.661538353333106,0.0015364320579909045,0.0011428340211422487,0.006003610789775848,-0.00046934527927078307,0.006003610789775848,0.00046934527927078307,0.0028348304331302643,0.0031266554724425077,0.0028348304331302643,0,0.006003610789775848,0.0,0.0,0.006003610789775848,0,1.594253461884021e-10,1.734723475976807e-18,0,0,10,3,13,13,0,1,1,1,0.0,0.0,0.0,1,0.007484082132577896,0.004482276737689972,0.003001805394887924,0.003001805394887924,inf,inf,0,0,-0.00046934543869612926,1.734723475976807e-18,1.6615384505345263,0.0049876150846282635,1.734723475976807e-18,inf,0,0,0,5,5,0,0,0.03599999891594052
3002,12,2,5,12,470b04125216c2fe2703410126fdbc7e5a29495370db3e196deac359e5ddf741,0bc601d8605a9532d518cc9ec06d7054f26c5dc8b8d4b9e7a46288d2e669208a,0.014944935217499733,0.024000000208616257,-0.0016053644940257072,-0.0016053644940257072,0.0,0.014944935217499733,0.024000000208616257,1,3,0.9076921939849854,0.20944694064039504,13,1.661538353333106,0.0022709270355661918,0.0015405166960326877,0.009055064991116524,-0.0016053644940257072,0.009055064991116524,0.0016053644940257072,0.0015942457830533385,0.006191086024045944,0.0015942457830533385,0,0.014944935217499733,0.024000000208616257,0.0,0.009055064991116524,0,6.410656484823196e-10,1.734723475976807e-18,10,11,10,11,1,1,1,1,1,1,0.012000000104308128,0.012000000104308128,0.012000000104308128,0,0.011068487539887428,0.006540955044329166,0.004527532495558262,0.004527532495558262,0.37729437135028265,0.922373953639694,1,0,-0.0016053638529600588,1.734723475976807e-18,1.6615384505345263,0.007522669327414591,1.734723475976807e-18,inf,0,0,0,2,2,0,0,0.011999998707324266
3002,13,0,1,13,238e9a599fa10f808020dc0136f2e63dad318e91a233f2768a5566207b79d67d,0bc601d8605a9532d518cc9ec06d7054f26c5dc8b8d4b9e7a46288d2e669208a,0.010602176189422607,0.0,0.000639293051790446,0.000639293051790446,0.0,0.010602176189422607,0.0,0,1,0.9076921939849854,0.20944694064039504,13,1.661538353333106,0.0027091322028608904,0.0018936994465924908,0.010602176189422607,0.000639293051790446,0.010602176189422607,0.000639293051790446,0.00265277992002666,0.004670663271099329,0.00265277992002666,0,0.01060217572376132,0.0,4.656612873077393e-10,0.01060217572376132,0,2.1292792312319064e-10,2.168404344971009e-19,0,0,10,11,13,13,0,1,1,1,0.0,0.0,0.0,1,0.006873762002214789,0.0015726741403341293,0.00530108786188066,0.00530108786188066,inf,inf,0,0,0.0006392928388625229,-2.168404344971009e-19,1.6615384505345263,0.008807961312176578,2.168404344971009e-19,inf,0,0,0,3,3,0,0,0.047999996691942215
3002,13,0,2,13,238e9a599fa10f808020dc0136f2e63dad318e91a233f2768a5566207b79d67d,0bc601d8605a9532d518cc9ec06d7054f26c5dc8b8d4b9e7a46288d2e669208a,0.022025592625141144,0.047999996691942215,0.00034038888406939805,0.00034038888406939805,-0.0004153848580299637,0.022025592625141144,0.047999996691942215,1,5,0.9076921939849854,0.20944694064039504,13,1.6615383533331063,0.008453775551768017,0.005225795683500595,0.02597440406680107,0.0007557737420993617,0.02597440406680107,0.0007557737420993617,0.002494815969839692,0.003911831881850958,0.002494815969839692,0,0.02202559169381857,0.047999996691942215,9.313225746154785e-10,0.03528961958363652,0,4.834158285260334e-11,2.168404344971009e-19,10,1,10,11,1,1,1,1,0,0,0.01799999945797026,0.011999998241662979,0.011999998241662979,0,0.02732215216383338,0.009677342372015119,0.01764480979181826,0.01764480979181826,1.4704010314399025,2.276846347274717,0,0,0.0003403889324109809,-0.0004153848580299639,1.661538450534526,0.02931752992147415,0.0004153848580299639,70.57919747127451,0,0,0,1,1,1,1,0.023999996483325958
3002,13,0,3,13,238e9a599fa10f808020dc0136f2e63dad318e91a233f2768a5566207b79d67d,0bc601d8605a9532d518cc9ec06d7054f26c5dc8b8d4b9e7a46288d2e669208a,0.007912445813417435,0.0,-0.0006739178788848221,-0.0006739178788848221,0.0,0.007912445813417435,0.0,0,1,0.9076923131942749,0.2094469155167731,13,1.661538461366525,0.0019814832451709417,0.0013244275062912576,0.007912445813417435,-0.0006739178788848221,0.007912445813417435,0.0006739178788848221,0.002059304853901267,0.002652070950716734,0.002059304853901267,0,0.007912446279078722,0.0,4.656612873077393e-10,0.007912446279078722,0,1.6988151803256496e-10,4.336808689942018e-19,0,0,10,4,13,13,0,1,1,1,0.0,0.0,0.0,1,0.006066173547878861,0.0021099504083395004,0.003956223139539361,0.003956223139539361,inf,inf,0,0,-0.0006739177090033041,4.336808689942018e-19,1.6615384522538923,0.006573416872041264,4.336808689942018e-19,inf,0,0,0,4,4,0,0,0.047999996691942215
3002,13,0,4,13,238e9a599fa10f808020dc0136f2e63dad318e91a233f2768a5566207b79d67d,0bc601d8605a9532d518cc9ec06d7054f26c5dc8b8d4b9e7a46288d2e669208a,0.006953330710530281,0.0,-5.032376429880969e-05,-5.032376429880969e-05,0.0,0.006953330710530281,0.0,0,1,0.9076921939849854,0.20944694064039504,13,1.661538353333106,0.0016205908523212454,0.0010340832023655435,0.006953330710530281,-5.032376429880969e-05,0.006953330710530281,5.032376429880969e-05,0.0011668414808809757,0.002837264211848378,0.0011668414808809757,0,0.006953330477699637,0.0,2.3283064365386963e-10,0.006953330477699637,0,7.382551698870837e-11,1.0842021724855044e-19,0,0,10,7,13,13,0,1,1,1,0.0,0.0,0.0,1,0.004814352374523878,0.0013376871356740594,0.0034766652388498187,0.0034766652388498187,inf,inf,0,0,-5.032383812432668e-05,-1.0842021724855044e-19,1.6615384505345263,0.005776612973985777,1.0842021724855044e-19,inf,0,0,0,5,5,0,0,0.047999996691942215
3002,13,0,5,13,238e9a599fa10f808020dc0136f2e63dad318e91a233f2768a5566207b79d67d,0bc601d8605a9532d518cc9ec06d7054f26c5dc8b8d4b9e7a46288d2e669208a,0.01708044856786728,0.024000000208616257,-0.00018132424156647176,-0.00018132424156647176,3.223808893448865e-11,0.01708044856786728,0.024000000208616257,1,3,0.9076921939849854,0.20944694064039504,13,1.661538353333106,0.0018013285612044317,0.0013005069681559,0.006919551640748978,-0.0001813242738045607,0.006919551640748978,0.0001813242738045607,0.0026060687378048897,0.004124784842133522,0.0026060687378048897,0,0.017080449499189854,0.024000000208616257,9.313225746154785e-10,0.0069201362784951925,0,3.845368253419662e-10,0.0,10,11,10,11,1,1,1,1,1,1,0.011999999871477485,0.012000000337138772,0.011999999871477485,0,0.004869295284152031,0.0014092271449044347,0.0034600681392475963,0.0034600681392475963,0.28833901469213763,0.4057746113586004,1,0,-0.0001813246261032971,3.223808893448865e-11,1.6615384505345263,0.005749036254829333,3.223808893448865e-11,178330553.85237035,0,0,0,2,2,0,0,0.023999996483325958
3002,13,1,0,13,238e9a599fa10f808020dc0136f2e63dad318e91a233f2768a5566207b79d67d,0bc601d8605a9532d518cc9ec06d7054f26c5dc8b8d4b9e7a46288d2e669208a,0.0018385779112577438,0.0,0.0003350751067046076,0.0003350751067046076,0.0,0.0018385779112577438,0.0,0,1,0.007692307233810425,0.20944694064039504,13,1.661538353333106,0.0004594058521892835,0.00034441911345402894,0.0018385779112577438,0.0003350751067046076,0.0018385779112577438,0.0003350751067046076,0.0015690666623413563,0.0011750708799809217,0.0015690666623413563,0,0.0018385779112577438,0.0,0.0,0.0018385779112577438,0,8.838805781036241e-10,2.6020852139652106e-18,0,0,6,7,13,13,0,1,1,1,0.0,0.0,0.0,1,0.001969844102859497,-0.0010505551472306252,0.0009192889556288719,0.0009192889556288719,inf,inf,0,0,0.0003350759905851857,2.6020852139652106e-18,1.6615384505345263,0.0015274339469290989,2.6020852139652106e-18,inf,0,0,0,3,5,0,0,0.029999999329447746
3002,13,1,2,13,238e9a599fa10f808020dc0136f2e63dad318e91a233f2768a5566207b79d67d,0bc601d8605a9532d518cc9ec06d7054f26c5dc8b8d4b9e7a46288d2e669208a,0.005993783473968506,0.0,-4.5710865379078314e-05,-4.5710865379078314e-05,3.469446951953614e-18,0.005993783473968506,0.0,0,1,0.9076921939849854,0.20944694064039504,13,1.6615383533331063,0.0014099930383457537,0.0009221175586330819,0.005993783473968506,-4.571086537908178e-05,0.005993783473968506,4.571086537908178e-05,0.0016397497383877635,0.0026789128314703703,0.0016397497383877635,0,0.005993783473968506,0.0,0.0,0.005993783473968506,0,9.393592032697073e-10,2.6020852139652106e-18,0,0,10,11,13,13,0,1,1,1,0.0,0.0,0.0,1,0.0037190858274698257,-0.0007221940904855728,0.002996891736984253,0.002996891736984253,inf,inf,0,0,-4.5711804738281583e-05,8.673617379884035e-19,1.661538450534526,0.00497945085308854,8.673617379884035e-19,inf,0,0,0,4,3,0,0,0.029999999329447746
3002,13,1,3,13,238e9a599fa10f808020dc0136f2e63dad318e91a233f2768a5566207b79d67d,0bc601d8605a9532d518cc9ec06d7054f26c5dc8b8d4b9e7a46288d2e669208a,0.020901769399642944,0.029999999329447746,-0.008742225356400013,-0.008742225356400013,-0.01349999944550487,0.020901769399642944,0.029999999329447746,1,3,0.9076923131942749,0.2094469155167731,13,1.661538461366525,0.0018546785437754758,0.0010451114372785628,0.009098229929804802,0.0047577740891048565,0.009098229929804802,0.0047577740891048565,0.0029613119550049305,0.00584668293595314,0.0029613119550049305,0,0.02090177033096552,0.029999999329447746,9.313225746154785e-10,0.009098228998482227,0,5.027785306144228e-10,0.0,10,11,10,11,1,1,1,1,1,1,0.014999999897554517,0.01499999943189323,0.01499999943189323,0,0.00477653369307518,-0.0002274191938340664,0.004549114499241114,0.004549114499241114,0.30327431143555356,0.3184355915987064,1,0,-0.008742225859178544,-0.01349999944550487,1.6615384522538923,0.00755852866419482,0.01349999944550487,0.5598910351593831,1,1,0,1,1,1,1,0.011999998241662979
3002,13,1,4,13,238e9a599fa10f808020dc0136f2e63dad318e91a233f2768a5566207b79d67d,0bc601d8605a9532d518cc9ec06d7054f26c5dc8b8d4b9e7a46288d2e669208a,0.014617456123232841,0.018000001087784767,0.0007349128718487918,0.0007349128718487918,1.2895235226850765e-10,0.014617456123232841,0.018000001087784767,1,3,0.9076921939849854,0.20944694064039504,13,1.661538353333106,0.0010102370010159748,0.0007810805588078928,0.0033825449645519257,0.0007349127428964396,0.0033825449645519257,0.0007349127428964396,0.0016377451829612255,0.0046119727194309235,0.0016377451829612255,0,0.014617456123232841,0.018000001087784767,0.0,0.003565097227692604,0,6.587001924809877e-10,5.204170427930421e-18,10,11,10,11,1,1,1,1,1,1,0.008999999612569809,0.009000001475214958,0.008999999612569809,0,0.004155207425355911,-0.0023726588115096092,0.001782548613846302,0.001782548613846302,0.1980609656201222,0.4616897338031615,1,0,0.0007349135305489843,1.2895235747267808e-10,1.6615384505345263,0.0029617730618526524,1.2895235747267808e-10,22967963.672011048,1,0,0,2,2,0,0,0.011999998241662979
3002,13,1,5,13,238e9a599fa10f808020dc0136f2e63dad318e91a233f2768a5566207b79d67d,0bc601d8605a9532d518cc9ec06d7054f26c5dc8b8d4b9e7a46288d2e669208a,0.002510935068130493,0.0,-0.0003662578237708658,-0.0003662578237708658,3.469446951953614e-18,0.002510935068130493,0.0,0,1,0.9076921939849854,0.20944694064039504,13,1.661538353333106,0.0007478563365006627,0.0006023989714814362,0.002510935068130493,-0.00036625782377086927,0.002510935068130493,0.00036625782377086927,0.0019565531983971596,0.0015725233824923635,0.0019565531983971596,0,0.002510935068130493,0.0,0.0,0.002510935068130493,0,6.517389232463255e-10,0.0,0,0,1,11,13,13,0,1,1,1,0.0,0.0,0.0,1,0.0032199397683143616,-0.001964472234249115,0.0012554675340652466,0.0012554675340652466,inf,inf,0,0,-0.00036625847550978904,3.469446951953614e-18,1.6615384505345263,0.0020860075812471723,3.469446951953614e-18,inf,0,0,0,5,4,0,0,0.029999999329447746
3002,13,2,0,13,238e9a599fa10f808020dc0136f2e63dad318e91a233f2768a5566207b79d67d,0bc601d8605a9532d518cc9ec06d7054f26c5dc8b8d4b9e7a46288d2e669208a,0.013454778119921684,0.036000000312924385,0.0007194734062068164,0.0007194734062068164,0.0020769229522691335,0.013454778119921684,0.036000000312924385,1,4,0.007692307233810425,0.20944694064039504,13,1.661538353333106,0.007588949657801437,0.004004804263188993,0.0225452221930027,-0.001357449546062317,0.0225452221930027,0.001357449546062317,0.0018769553862512112,0.004453924484550953,0.0018769553862512112,0,0.013454778119921684,0.036000000312924385,0.0,0.0297625120729208,0,2.719453759403301e-10,1.734723475976807e-18,10,2,10,11,1,1,1,1,0,0,0.006000000983476639,0.023999999277293682,0.006000000983476639,0,0.03501106798648834,0.020129811950027943,0.0148812560364604,0.0148812560364604,2.4802089328721424,5.835177041288007,0,0,0.0007194736781521924,0.0020769229522691317,1.6615384505345263,0.02472577909682798,0.0020769229522691317,11.90500546484594,1,0,0,1,1,1,1,0.012000000104308128
3002,13,2,1,13,238e9a599fa10f808020dc0136f2e63dad318e91a233f2768a5566207b79d67d,0bc601d8605a9532d518cc9ec06d7054f26c5dc8b8d4b9e7a46288d2e669208a,0.006116190925240517,0.0,-0.00023755477741360664,-0.00023755477741360664,-3.469446951953614e-18,0.006116190925240517,0.0,0,1,0.9076921939849854,0.20944694064039504,13,1.661538353333106,0.0016496661802498699,0.0012024628692830102,0.006116190925240517,-0.00023755477741360317,0.006116190925240517,0.00023755477741360317,0.0017367125255987048,0.0020581919234246016,0.0017367125255987048,0,0.006116190925240517,0.0,0.0,0.006116190925240517,0,2.6164404757361703e-09,8.673617379884035e-19,0,0,10,2,13,13,0,1,1,1,0.0,0.0,0.0,1,0.011740288697183132,0.008682193234562874,0.0030580954626202583,0.0030580954626202583,inf,inf,0,0,-0.0002375521609731309,-2.6020852139652106e-18,1.6615384505345263,0.005081143196548729,2.6020852139652106e-18,inf,0,0,0,3,3,0,0,0.036000000312924385
3002,13,2,3,13,238e9a599fa10f808020dc0136f2e63dad318e91a233f2768a5566207b79d67d,0bc601d8605a9532d518cc9ec06d7054f26c5dc8b8d4b9e7a46288d2e669208a,0.003949668258428574,0.0,0.0006404148298315704,0.0006404148298315704,0.0,0.003949668258428574,0.0,0,1,0.9076923131942749,0.2094469155167731,13,1.661538461366525,0.0011264930621707808,0.0009053052133004342,0.003949668258428574,0.0006404148298315704,0.003949668258428574,0.0006404148298315704,0.0025079986080527306,0.0020809636916965246,0.0025079986080527306,0,0.003949668258428574,0.0,0.0,0.003949668258428574,0,8.677453035635385e-10,2.6020852139652106e-18,0,0,5,12,13,13,0,1,1,1,0.0,0.0,0.0,1,0.00689429696649313,0.004919462837278843,0.001974834129214287,0.001974834129214287,inf,inf,0,0,0.000640415697576874,-2.6020852139652106e-18,1.6615384522538923,0.0032812628425128694,2.6020852139652106e-18,inf,0,0,0,4,5,0,0,0.036000000312924385
3002,13,2,4,13,238e9a599fa10f808020dc0136f2e63dad318e91a233f2768a5566207b79d67d,0bc601d8605a9532d518cc9ec06d7054f26c5dc8b8d4b9e7a46288d2e669208a,0.004357770085334778,0.0,0.002211783779785037,0.002211783779785037,-1.734723475976807e-18,0.004357770085334778,0.0,0,1,0.9076921939849854,0.20944694064039504,13,1.661538353333106,0.0012900550266294452,0.001038284388166913,0.004357770085334778,0.0022117837797850388,0.004357770085334778,0.0022117837797850388,0.0016384897753596306,0.002102077240124345,0.0016384897753596306,0,0.004357770085334778,0.0,0.0,0.004357770085334778,0,4.4743120753559795e-10,1.734723475976807e-18,0,0,5,12,13,13,0,1,1,1,0.0,0.0,0.0,1,0.006097243167459965,0.003918358124792576,0.002178885042667389,0.002178885042667389,inf,inf,0,0,0.0022117842272162446,0.0,1.6615384505345263,0.003620301277686429,0.0,inf,0,0,0,5,4,0,0,0.036000000312924385
3002,13,2,5,13,238e9a599fa10f808020dc0136f2e63dad318e91a233f2768a5566207b79d67d,0bc601d8605a9532d518cc9ec06d7054f26c5dc8b8d4b9e7a46288d2e669208a,0.01174144633114338,0.024000000208616257,-0.0011407436104491353,-0.0011407436104491353,-1.2895235920740156e-10,0.01174144633114338,0.024000000208616257,1,3,0.9076921939849854,0.20944694064039504,13,1.661538353333106,0.0026302237717857687,0.0017925621996793524,0.012258553877472878,-0.001140743481496776,0.012258553877472878,0.001140743481496776,0.0018481265287846327,0.005009222310036421,0.0018481265287846327,0,0.01174144633114338,0.024000000208616257,0.0,0.012258553877472878,0,1.9293031443268216e-09,1.734723475976807e-18,10,11,10,11,1,1,1,1,1,1,0.012000001035630703,0.011999999172985554,0.011999999172985554,0,0.011469844728708267,0.0053405677899718285,0.006129276938736439,0.006129276938736439,0.5107731134294319,0.9558204599321329,0,0,-0.001140741681145991,-1.2895235747267808e-10,1.6615384505345263,0.010184029307685147,1.2895235747267808e-10,78975130.872213,1,0,0,2,2,0,0,0.012000000104308128
3002,14,0,1,14,d1fc37297c26f9341bb06f54bf729f45d6e0c7b41a3a0809ba3b69844da9adfd,0bc601d8605a9532d518cc9ec06d7054f26c5dc8b8d4b9e7a46288d2e669208a,0.010158352553844452,0.0,-5.362896990845911e-05,-5.362896990845911e-05,0.0,0.010158352553844452,0.0,0,1,0.9076921939849854,0.20944694064039504,13,1.661538353333106,0.00249672849935069,0.0016250402705203855,0.010158352553844452,-5.362896990845911e-05,0.010158352553844452,5.362896990845911e-05,0.002094257390126586,0.004497609566897154,0.002094257390126586,0,0.010158352553844452,0.0,0.0,0.010158352553844452,0,2.1985338879287886e-09,3.469446951953614e-18,0,0,10,11,13,13,0,1,1,1,0.0,0.0,0.0,1,0.005981668829917908,-0.0009024925529956818,0.005079176276922226,0.005079176276922226,inf,inf,0,0,-5.362677137457118e-05,3.469446951953614e-18,1.6615384505345263,0.008439246681149079,3.469446951953614e-18,inf,0,0,0,3,3,0,0,0.04800000041723251
3002,14,0,2,14,d1fc37297c26f9341bb06f54bf729f45d6e0c7b41a3a0809ba3b69844da9adfd,0bc601d8605a9532d518cc9ec06d7054f26c5dc8b8d4b9e7a46288d2e669208a,0.024559490382671356,0.04800000041723251,-7.915031164884567e-05,-7.915031164884567e-05,0.0045692309721158085,0.024559490382671356,0.04800000041723251,1,5,0.9076921939849854,0.20944694064039504,13,1.6615383533331063,0.008337585370321577,0.0050893690018258865,0.023440510034561157,-0.004648381283764654,0.023440510034561157,0.004648381283764654,0.0009243562235496938,0.003044256241992116,0.0009243562235496938,0,0.024559490382671356,0.04800000041723251,0.0,0.033313700929284096,0,1.4190001014491305e-09,0.0,10,1,10,11,1,1,1,1,0,0,0.015000000596046448,0.012000000104308128,0.012000000104308128,0,0.0287106204777956,0.012053770013153553,0.016656850464642048,0.016656850464642048,1.3880708599879146,2.3925516856860845,0,0,-7.914889264874422e-05,0.0045692309721158085,1.661538450534526,0.02767599751180665,0.0045692309721158085,6.0570362235356905,0,0,0,1,1,1,1,0.023999998345971107
3002,14,0,3,14,d1fc37297c26f9341bb06f54bf729f45d6e0c7b41a3a0809ba3b69844da9adfd,0bc601d8605a9532d518cc9ec06d7054f26c5dc8b8d4b9e7a46288d2e669208a,0.008939215913414955,0.0,-0.001512200920842588,-0.001512200920842588,0.0,0.008939215913414955,0.0,0,1,0.9076923131942749,0.2094469155167731,13,1.661538461366525,0.0023340375103120333,0.0016008876484526688,0.008939215913414955,-0.001512200920842588,0.008939215913414955,0.001512200920842588,0.0020501993130892515,0.00435157585889101,0.0020501993130892515,0,0.008939215913414955,0.0,0.0,0.008939215913414955,0,5.306424102208274e-10,5.204170427930421e-18,0,0,10,6,13,13,0,1,1,1,0.0,0.0,0.0,1,0.005688171833753586,0.0012185638770461082,0.004469607956707478,0.004469607956707478,inf,inf,0,0,-0.0015122014514849982,-5.204170427930421e-18,1.6615384522538923,0.007426425486569424,5.204170427930421e-18,inf,0,0,0,4,4,0,0,0.04800000041723251
3002,14,0,4,14,d1fc37297c26f9341bb06f54bf729f45d6e0c7b41a3a0809ba3b69844da9adfd,0bc601d8605a9532d518cc9ec06d7054f26c5dc8b8d4b9e7a46288d2e669208a,0.006696527823805809,0.0,-0.00177757628262043,-0.00177757628262043,0.0,0.006696527823805809,0.0,0,1,0.9076921939849854,0.20944694064039504,13,1.661538353333106,0.0017025592961891166,0.0011892801690736449,0.006696527823805809,-0.00177757628262043,0.006696527823805809,0.00177757628262043,0.004801342263817787,0.003826360683888197,0.004801342263817787,0,0.006696527823805809,0.0,0.0,0.006696527823805809,0,9.91190341609327e-10,3.469446951953614e-18,0,0,10,6,13,13,0,1,1,1,0.0,0.0,0.0,1,0.003548070788383484,0.00019980687648057938,0.0033482639119029045,0.0033482639119029045,inf,inf,0,0,-0.0017775772738107716,3.469446951953614e-18,1.6615384505345263,0.005563269232163824,3.469446951953614e-18,inf,0,0,0,5,5,0,0,0.04800000041723251
3002,14,0,5,14,d1fc37297c26f9341bb06f54bf729f45d6e0c7b41a3a0809ba3b69844da9adfd,0bc601d8605a9532d518cc9ec06d7054f26c5dc8b8d4b9e7a46288d2e669208a,0.018185801804065704,0.024000002071261406,-0.0006027777562849224,-0.0006027777562849224,-1.289523557379546e-10,0.018185801804065704,0.024000002071261406,1,3,0.9076921939849854,0.20944694064039504,13,1.661538353333106,0.001872865566467401,0.0014268369717005452,0.005814200267195702,-0.0006027776273325666,0.005814200267195702,0.0006027776273325666,0.0022907948587089777,0.0034316922537982464,0.0022907948587089777,0,0.018185801804065704,0.024000002071261406,0.0,0.00689350813627243,0,1.3903053066449678e-09,1.734723475976807e-18,10,11,10,11,1,1,1,1,1,1,0.012000001966953278,0.012000000104308128,0.012000000104308128,0,0.0047389063984155655,-0.0012921523302793503,0.003446754068136215,0.003446754068136215,0.2872295031813203,0.3949088631019468,1,0,-0.000602779146590229,-1.2895235400323113e-10,1.6615384505345263,0.005726914413744622,1.2895235400323113e-10,44411088.560671985,1,0,0,2,2,0,0,0.023999998345971107
3002,14,1,0,14,d1fc37297c26f9341bb06f54bf729f45d6e0c7b41a3a0809ba3b69844da9adfd,0bc601d8605a9532d518cc9ec06d7054f26c5dc8b8d4b9e7a46288d2e669208a,0.002461172640323639,0.0,0.000591987103689462,0.000591987103689462,0.0,0.002461172640323639,0.0,0,1,0.9076921939849854,0.20944694064039504,13,1.661538353333106,0.0006173969091247406,0.0004950805220025531,0.002461172640323639,0.000591987103689462,0.002461172640323639,0.000591987103689462,0.0013789638178423047,0.0010098349303007126,0.0013789638178423047,0,0.002461172640323639,0.0,0.0,0.002461172640323639,0,1.2692655659146679e-09,2.6020852139652106e-18,0,0,8,7,13,13,0,1,1,1,0.0,0.0,0.0,1,0.0018160585314035416,0.0005854722112417221,0.0012305863201618195,0.0012305863201618195,inf,inf,0,0,0.000591985834423896,2.6020852139652106e-18,1.6615384505345263,0.002044666487650654,2.6020852139652106e-18,inf,0,0,0,3,5,0,0,0.029999999329447746
3002,14,1,2,14,d1fc37297c26f9341bb06f54bf729f45d6e0c7b41a3a0809ba3b69844da9adfd,0bc601d8605a9532d518cc9ec06d7054f26c5dc8b8d4b9e7a46288d2e669208a,0.006790848448872566,0.0,-7.074155291775241e-05,-7.074155291775241e-05,3.469446951953614e-18,0.006790848448872566,0.0,0,1,0.9076921939849854,0.20944694064039504,13,1.6615383533331063,0.001616632706328395,0.0010724538749844366,0.006790848448872566,-7.074155291775588e-05,0.006790848448872566,7.074155291775588e-05,0.0015763564733788371,0.0034357812255620956,0.0015763564733788371,0,0.006790848448872566,0.0,0.0,0.006790848448872566,0,4.1833234359217597e-10,2.6020852139652106e-18,0,0,10,11,13,13,0,1,1,1,0.0,0.0,0.0,1,0.004408031702041626,0.0010126074776053429,0.003395424224436283,0.003395424224436283,inf,inf,0,0,-7.074113458540882e-05,8.673617379884035e-19,1.661538450534526,0.005641627904777257,8.673617379884035e-19,inf,0,0,0,4,3,0,0,0.029999999329447746
3002,14,1,3,14,d1fc37297c26f9341bb06f54bf729f45d6e0c7b41a3a0809ba3b69844da9adfd,0bc601d8605a9532d518cc9ec06d7054f26c5dc8b8d4b9e7a46288d2e669208a,0.02086368203163147,0.029999999329447746,-0.008768611587584019,-0.008768611587584019,-0.01349999944550487,0.02086368203163147,0.029999999329447746,1,3,0.9076923131942749,0.2094469155167731,13,1.661538461366525,0.001873232821233912,0.0011074105856289879,0.009136317297816277,0.004731387857920851,0.009136317297816277,0.004731387857920851,0.0020107077434659004,0.005133317783474922,0.0020107077434659004,0,0.020863681100308895,0.029999999329447746,9.313225746154785e-10,0.009136318229138851,0,7.224162951874336e-10,0.0,10,11,10,11,1,1,1,1,1,1,0.014999999897554517,0.01499999943189323,0.01499999943189323,0,0.004956788383424282,0.0003886292688548565,0.004568159114569426,0.004568159114569426,0.3045439525055271,0.3304525714104417,1,0,-0.008768610865167724,-0.01349999944550487,1.6615384522538923,0.007590172024871195,0.01349999944550487,0.5622349878983525,1,1,0,1,1,1,1,0.011999998241662979
3002,14,1,4,14,d1fc37297c26f9341bb06f54bf729f45d6e0c7b41a3a0809ba3b69844da9adfd,0bc601d8605a9532d518cc9ec06d7054f26c5dc8b8d4b9e7a46288d2e669208a,0.015579516999423504,0.018000001087784767,0.0004599719832185656,0.0004599719832185656,1.289523557379546e-10,0.015579516999423504,0.018000001087784767,1,3,0.9076921939849854,0.20944694064039504,13,1.661538353333106,0.0009443331868459721,0.0007329791806329643,0.0024204840883612633,0.00045997185426620985,0.0024204840883612633,0.00045997185426620985,0.001263882266357541,0.004131964407861233,0.001263882266357541,0,0.015579516999423504,0.018000001087784767,0.0,0.002988154999911785,0,2.4768718482476304e-09,0.0,10,11,10,11,1,1,1,1,1,1,0.008999999612569809,0.009000001475214958,0.008999999612569809,0,0.001720787025988102,-0.0002267095260322094,0.0014940774999558926,0.0014940774999558926,0.16600861825251592,0.19119856667379992,1,0,0.00045996950634671734,1.289523557379546e-10,1.6615384505345263,0.0024824672142552125,1.289523557379546e-10,19251041.984063163,1,0,0,2,2,0,0,0.011999998241662979
3002,14,1,5,14,d1fc37297c26f9341bb06f54bf729f45d6e0c7b41a3a0809ba3b69844da9adfd,0bc601d8605a9532d518cc9ec06d7054f26c5dc8b8d4b9e7a46288d2e669208a,0.003343166783452034,0.0,-0.0005567227490246296,-0.0005567227490246296,3.469446951953614e-18,0.003343166783452034,0.0,0,1,0.9076921939849854,0.20944694064039504,13,1.661538353333106,0.0008930121840523628,0.0007716350521914351,0.003343166783452034,-0.0005567227490246331,0.003343166783452034,0.0005567227490246331,0.0022961662616580725,0.0010007467353716493,0.0022961662616580725,0,0.003343166783452034,0.0,0.0,0.003343166783452034,0,9.347995572062118e-10,0.0,0,0,8,11,13,13,0,1,1,1,0.0,0.0,0.0,1,0.0019809268414974213,-0.00030934344977140427,0.001671583391726017,0.001671583391726017,inf,inf,0,0,-0.0005567236838241868,3.469446951953614e-18,1.6615384505345263,0.0027774000786276944,3.469446951953614e-18,inf,0,0,0,5,4,0,0,0.029999999329447746
3002,14,2,0,14,d1fc37297c26f9341bb06f54bf729f45d6e0c7b41a3a0809ba3b69844da9adfd,0bc601d8605a9532d518cc9ec06d7054f26c5dc8b8d4b9e7a46288d2e669208a,0.015243297442793846,0.03599999891594052,0.0003769220784306526,0.0003769220784306526,0.0020769230489833986,0.015243297442793846,0.03599999891594052,1,4,0.9076921939849854,0.20944694064039504,13,1.661538353333106,0.007335395093465044,0.0040913590522119285,0.020756701473146677,-0.001700000970552746,0.020756701473146677,0.001700000970552746,0.0030284207314252853,0.009229681454598904,0.0030284207314252853,0,0.015243297442793846,0.03599999891594052,0.0,0.029338801745325327,0,1.0484431413326778e-09,3.469446951953614e-18,10,2,10,11,1,1,1,1,0,0,0.0059999991208314896,0.024000000674277544,0.0059999991208314896,0,0.031676622573286295,0.01700722170062363,0.014669400872662663,0.014669400872662663,2.4449005036903664,5.279437869133637,0,0,0.0003769210299875113,0.002076923048983395,1.6615384505345263,0.02437377359623375,0.002076923048983395,11.735520778280225,1,0,0,1,2,1,0,0.011999998707324266
3002,14,2,1,14,d1fc37297c26f9341bb06f54bf729f45d6e0c7b41a3a0809ba3b69844da9adfd,0bc601d8605a9532d518cc9ec06d7054f26c5dc8b8d4b9e7a46288d2e669208a,0.010309811681509018,0.0,-0.0010162889957427979,-0.0010162889957427979,0.0,0.010309811681509018,0.0,0,1,0.9076921939849854,0.20944694064039504,13,1.661538353333106,0.002399375255610609,0.001618023520919698,0.010309811681509018,-0.0010162889957427979,0.010309811681509018,0.0010162889957427979,0.0025314465165138245,0.004148656968027353,0.0025314465165138245,0,0.010309811681509018,0.0,0.0,0.010309811681509018,0,2.7147300848268108e-09,1.734723475976807e-18,0,0,10,2,13,13,0,1,1,1,0.0,0.0,0.0,1,0.014421818777918816,0.009266912937164307,0.005154905840754509,0.005154905840754509,inf,inf,0,0,-0.001016286281012713,1.734723475976807e-18,1.6615384505345263,0.008565074263298627,1.734723475976807e-18,inf,0,0,0,3,3,0,0,0.03599999891594052
3002,14,2,3,14,d1fc37297c26f9341bb06f54bf729f45d6e0c7b41a3a0809ba3b69844da9adfd,0bc601d8605a9532d518cc9ec06d7054f26c5dc8b8d4b9e7a46288d2e669208a,0.008223110809922218,0.0,0.000273480691248551,0.000273480691248551,0.0,0.008223110809922218,0.0,0,1,0.9076923131942749,0.2094469155167731,13,1.661538461366525,0.001971539774176693,0.0013862141358429157,0.008223110809922218,0.000273480691248551,0.008223110809922218,0.000273480691248551,0.002511566272005439,0.003952580504119396,0.002511566272005439,0,0.008223110809922218,0.0,0.0,0.008223110809922218,0,2.1152352785991368e-10,1.734723475976807e-18,0,0,10,2,13,13,0,1,1,1,0.0,0.0,0.0,1,0.009935518726706505,0.005823963321745396,0.004111555404961109,0.004111555404961109,inf,inf,0,0,0.00027348047972502315,-1.734723475976807e-18,1.6615384522538923,0.0068315074039152065,1.734723475976807e-18,inf,0,0,0,4,4,0,0,0.03599999891594052
3002,14,2,4,14,d1fc37297c26f9341bb06f54bf729f45d6e0c7b41a3a0809ba3b69844da9adfd,0bc601d8605a9532d518cc9ec06d7054f26c5dc8b8d4b9e7a46288d2e669208a,0.006596894934773445,0.0,-0.0007663927972316742,-0.0007663927972316742,0.0,0.006596894934773445,0.0,0,1,0.9076921939849854,0.20944694064039504,13,1.661538353333106,0.001765525514092774,0.0014052667914057624,0.006596894934773445,-0.0007663927972316742,0.006596894934773445,0.0007663927972316742,0.0036470224149525166,0.0029294444248080254,0.0036470224149525166,0,0.006596894934773445,0.0,0.0,0.006596894934773445,0,1.480863688618772e-09,1.734723475976807e-18,0,0,10,3,13,13,0,1,1,1,0.0,0.0,0.0,1,0.00857696495950222,0.005278517492115498,0.0032984474673867226,0.0032984474673867226,inf,inf,0,0,-0.0007663913163679856,1.734723475976807e-18,1.6615384505345263,0.005480497294131268,1.734723475976807e-18,inf,0,0,0,5,5,0,0,0.03599999891594052
3002,14,2,5,14,d1fc37297c26f9341bb06f54bf729f45d6e0c7b41a3a0809ba3b69844da9adfd,0bc601d8605a9532d518cc9ec06d7054f26c5dc8b8d4b9e7a46288d2e669208a,0.01545281894505024,0.024000000208616257,-0.0016229618340730667,-0.0016229618340730667,0.0,0.01545281894505024,0.024000000208616257,1,3,0.9076921939849854,0.20944694064039504,13,1.661538353333106,0.0022573981896707924,0.0015315754482379327,0.008547181263566017,-0.0016229618340730667,0.008547181263566017,0.0016229618340730667,0.0025754759553819895,0.006572859361767769,0.0025754759553819895,0,0.01545281894505024,0.024000000208616257,0.0,0.008994117379188538,0,2.432187132250796e-09,1.734723475976807e-18,10,11,10,11,1,1,1,1,1,1,0.012000000104308128,0.012000000104308128,0.012000000104308128,0,0.01233723945915699,0.007840180769562721,0.004497058689594269,0.004497058689594269,0.374754887542024,1.028103279326455,1,0,-0.0016229594018859345,1.734723475976807e-18,1.6615384505345263,0.007472035927071289,1.734723475976807e-18,inf,0,0,0,2,1,0,1,0.011999998707324266
3002,15,0,1,15,4ef7d1c91e41365829762dff03a419ac84fd18be12e815030b10b25f4b2414ba,0bc601d8605a9532d518cc9ec06d7054f26c5dc8b8d4b9e7a46288d2e669208a,0.033444106578826904,0.0,0.0005653922562487423,0.0005653922562487423,0.0,0.033444106578826904,0.0,0,1,0.9076921939849854,0.20944694064039504,13,1.661538353333106,0.009234371078430531,0.007509735297169206,0.033444106578826904,0.0005653922562487423,0.033444106578826904,0.0005653922562487423,0.00591187784448266,0.01481684297323227,0.00591187784448266,0,0.033444106578826904,0.0,0.0,0.033444106578826904,0,2.200412005382013e-09,6.938893903907228e-18,0,0,10,1,13,13,0,1,1,1,0.0,0.0,0.0,1,0.19186367839574814,-0.1751416251063347,0.016722053289413452,0.016722053289413452,inf,inf,0,0,0.000565390055836737,-6.938893903907228e-18,1.6615384505345263,0.027784334512247807,6.938893903907228e-18,inf,0,0,0,3,3,0,0,0.04800000041723251
3002,15,0,2,15,4ef7d1c91e41365829762dff03a419ac84fd18be12e815030b10b25f4b2414ba,0bc601d8605a9532d518cc9ec06d7054f26c5dc8b8d4b9e7a46288d2e669208a,0.04359494894742966,0.04800000041723251,-0.0027409072499722242,-0.0027409072499722242,-0.00041538339119692735,0.04359494894742966,0.04800000041723251,1,5,0.9076921939849854,0.20944694064039504,13,1.6615383533331063,0.008357762636057406,0.006498908150125538,0.0044050514698028564,-0.002325523858775297,0.0044050514698028564,0.002325523858775297,0.0033470105845481157,0.009869980625808239,0.0033470105845481157,0,0.04359494894742966,0.04800000041723251,0.0,0.03253334015607834,0,3.696391932123122e-09,1.3877787807814457e-17,10,1,10,11,1,1,1,1,0,0,0.017999999225139618,0.012000001966953278,0.012000001966953278,0,0.16441608220338821,-0.14814941212534904,0.01626667007803917,0.01626667007803917,1.3555556176437171,13.701337937791388,0,0,-0.0027409109463641564,-0.0004153833911969135,1.661538450534526,0.02702769779682154,0.0004153833911969135,65.0668716410209,1,0,0,1,1,1,1,0.023999996483325958
3002,15,0,3,15,4ef7d1c91e41365829762dff03a419ac84fd18be12e815030b10b25f4b2414ba,0bc601d8605a9532d518cc9ec06d7054f26c5dc8b8d4b9e7a46288d2e669208a,0.02974740043282509,0.0,-0.01014498621225357,-0.01014498621225357,-1.3877787807814457e-17,0.02974740043282509,0.0,0,1,0.9076923131942749,0.2094469155167731,13,1.661538461366525,0.008167845414622817,0.006247678363816978,0.02974740043282509,-0.010144986212253557,0.02974740043282509,0.010144986212253557,0.0031220836099237204,0.017298083752393723,0.0031220836099237204,0,0.02974740043282509,0.0,0.0,0.02974740043282509,0,5.6172141174593015e-09,1.3877787807814457e-17,0,0,10,1,13,13,0,1,1,1,0.0,0.0,0.0,1,0.16113049536943436,-0.1462567951530218,0.014873700216412544,0.014873700216412544,inf,inf,0,0,-0.010144991829467688,-2.7755575615628914e-17,1.6615384522538923,0.02471322483686648,2.7755575615628914e-17,inf,0,0,0,4,4,0,0,0.04800000041723251
3002,15,0,4,15,4ef7d1c91e41365829762dff03a419ac84fd18be12e815030b10b25f4b2414ba,0bc601d8605a9532d518cc9ec06d7054f26c5dc8b8d4b9e7a46288d2e669208a,0.027503930032253265,0.0,-0.003511744551360607,-0.003511744551360607,0.0,0.027503930032253265,0.0,0,1,0.9076921939849854,0.20944694064039504,13,1.661538353333106,0.007543154395676457,0.005888795887930153,0.027503930032253265,-0.003511744551360607,0.027503930032253265,0.003511744551360607,0.0018333098851144314,0.016920320689678192,0.0018333098851144314,0,0.027503930032253265,0.0,0.0,0.027503930032253265,0,2.5701177748527204e-09,6.938893903907228e-18,0,0,10,1,13,13,0,1,1,1,0.0,0.0,0.0,1,0.16675763577222824,-0.1530056707561016,0.013751965016126633,0.013751965016126633,inf,inf,0,0,-0.003511747121478382,-6.938893903907228e-18,1.6615384505345263,0.022849418644700057,6.938893903907228e-18,inf,0,0,0,5,5,0,0,0.04800000041723251
3002,15,0,5,15,4ef7d1c91e41365829762dff03a419ac84fd18be12e815030b10b25f4b2414ba,0bc601d8605a9532d518cc9ec06d7054f26c5dc8b8d4b9e7a46288d2e669208a,0.0379989929497242,0.024000003933906555,-0.0009881723672151566,-0.0009881723672151566,0.0,0.0379989929497242,0.024000003933906555,1,3,0.9076921939849854,0.20944694064039504,13,1.661538353333106,0.005709602812757611,0.0047917622169093965,0.013998989015817642,-0.0009881723672151566,0.013998989015817642,0.0009881723672151566,0.004366638604551554,0.012812310829758644,0.004366638604551554,0,0.0379989929497242,0.024000003933906555,0.0,0.019651107490062714,0,6.238893360266395e-10,0.0,10,11,10,11,1,1,1,1,1,1,0.012000001966953278,0.012000001966953278,0.012000001966953278,0,0.1644316092133522,-0.15460605546832085,0.009825553745031357,0.009825553745031357,0.8187960112081549,13.702631855076296,0,0,-0.0009881729911044926,0.0,1.6615384505345263,0.016325535345163112,0.0,inf,0,0,0,2,2,0,0,0.023999996483325958
3002,15,1,0,15,4ef7d1c91e41365829762dff03a419ac84fd18be12e815030b10b25f4b2414ba,0bc601d8605a9532d518cc9ec06d7054f26c5dc8b8d4b9e7a46288d2e669208a,0.0017642267048358917,0.0,0.0004854275321122259,0.0004854275321122259,3.469446951953614e-18,0.0017642267048358917,0.0,0,1,0.9076921939849854,0.20944694064039504,13,1.661538353333106,0.00045731056122463767,0.0003523402268717277,0.0017642267048358917,0.0004854275321122224,0.0017642267048358917,0.0004854275321122224,0.001536229276098311,0.0011715323198586702,0.001536229276098311,0,0.0017642267048358917,0.0,0.0,0.0017642267048358917,0,3.1619297284624093e-10,3.469446951953614e-18,0,0,6,7,13,13,0,1,1,1,0.0,0.0,0.0,1,0.0018193237483501434,-0.0009372103959321976,0.0008821133524179459,0.0008821133524179459,inf,inf,0,0,0.00048542721591925304,0.0,1.6615384505345263,0.0014656652527723303,0.0,inf,0,0,0,3,5,0,0,0.029999999329447746
3002,15,1,2,15,4ef7d1c91e41365829762dff03a419ac84fd18be12e815030b10b25f4b2414ba,0bc601d8605a9532d518cc9ec06d7054f26c5dc8b8d4b9e7a46288d2e669208a,0.006202070973813534,0.0,-0.000171758234500885,-0.000171758234500885,3.469446951953614e-18,0.006202070973813534,0.0,0,1,0.9076921939849854,0.20944694064039504,13,1.6615383533331063,0.0014172287740209382,0.000908167018781047,0.006202070973813534,-0.00017175823450088848,0.006202070973813534,0.00017175823450088848,0.0016342040617018938,0.0025252210907638073,0.0016342040617018938,0,0.006202070973813534,0.0,0.0,0.006202070973813534,0,6.937724067110351e-10,2.6020852139652106e-18,0,0,10,11,13,13,0,1,1,1,0.0,0.0,0.0,1,0.0035273879766464233,-0.00042635248973965645,0.003101035486906767,0.003101035486906767,inf,inf,0,0,-0.00017175892827329172,8.673617379884035e-19,1.661538450534526,0.0051524896979676495,8.673617379884035e-19,inf,0,0,0,4,3,0,0,0.029999999329447746
3002,15,1,3,15,4ef7d1c91e41365829762dff03a419ac84fd18be12e815030b10b25f4b2414ba,0bc601d8605a9532d518cc9ec06d7054f26c5dc8b8d4b9e7a46288d2e669208a,0.021028872579336166,0.029999999329447746,-0.008695204742252827,-0.008695204742252827,-0.01349999944550487,0.021028872579336166,0.029999999329447746,1,3,0.9076923131942749,0.2094469155167731,13,1.661538461366525,0.0018540992429580097,0.0010842960658510761,0.00897112675011158,0.004804794703252043,0.00897112675011158,0.004804794703252043,0.0029001953080296516,0.00602339580655098,0.0029001953080296516,0,0.021028871648013592,0.029999999329447746,9.313225746154785e-10,0.008971127681434155,0,2.5230058667280453e-10,0.0,10,11,10,11,1,1,1,1,1,1,0.014999999897554517,0.01499999943189323,0.01499999943189323,0,0.004858952946960926,0.0003733891062438488,0.004485563840717077,0.004485563840717077,0.29903760070682417,0.3239302087325247,1,0,-0.008695204994553413,-0.01349999944550487,1.6615384522538923,0.007452936801391077,0.01349999944550487,0.5520694153711763,1,1,0,1,1,1,1,0.011999998241662979
3002,15,1,4,15,4ef7d1c91e41365829762dff03a419ac84fd18be12e815030b10b25f4b2414ba,0bc601d8605a9532d518cc9ec06d7054f26c5dc8b8d4b9e7a46288d2e669208a,0.014834838919341564,0.018000001087784767,0.0007451134733855724,0.0007451134733855724,1.2895235226850765e-10,0.014834838919341564,0.018000001087784767,1,3,0.9076921939849854,0.20944694064039504,13,1.661538353333106,0.0009176733796375163,0.0006933852302781234,0.003165162168443203,0.0007451133444332202,0.003165162168443203,0.0007451133444332202,0.0016041139606386423,0.004603904206305742,0.0016041139606386423,0,0.014834838919341564,0.018000001087784767,0.0,0.003251851536333561,0,6.49696471101413e-10,5.204170427930421e-18,10,11,10,11,1,1,1,1,1,1,0.008999999612569809,0.009000001475214958,0.008999999612569809,0,0.0032491227611899376,-0.0016231969930231571,0.0016259257681667805,0.0016259257681667805,0.18065842646214547,0.3610136556730586,1,0,0.0007451128236891013,1.2895235747267808e-10,1.6615384505345263,0.002701538181523992,1.2895235747267808e-10,20949893.70082965,1,0,0,2,2,0,0,0.011999998241662979
3002,15,1,5,15,4ef7d1c91e41365829762dff03a419ac84fd18be12e815030b10b25f4b2414ba,0bc601d8605a9532d518cc9ec06d7054f26c5dc8b8d4b9e7a46288d2e669208a,0.0029525309801101685,0.0,-0.0004404964856803417,-0.0004404964856803417,3.469446951953614e-18,0.0029525309801101685,0.0,0,1,0.9076921939849854,0.20944694064039504,13,1.661538353333106,0.0007607408219239061,0.0005791083242766249,0.0029525309801101685,-0.0004404964856803452,0.0029525309801101685,0.0004404964856803452,0.002004590118303895,0.0013219377724453807,0.002004590118303895,0,0.0029525309801101685,0.0,0.0,0.0029525309801101685,0,1.2996048681657157e-09,0.0,0,0,8,11,13,13,0,1,1,1,0.0,0.0,0.0,1,0.002972373738884926,-0.0014961082488298416,0.0014762654900550842,0.0014762654900550842,inf,inf,0,0,-0.00044049518607547355,3.469446951953614e-18,1.6615384505345263,0.002452871874923718,3.469446951953614e-18,inf,0,0,0,5,4,0,0,0.029999999329447746
3002,15,2,0,15,4ef7d1c91e41365829762dff03a419ac84fd18be12e815030b10b25f4b2414ba,0bc601d8605a9532d518cc9ec06d7054f26c5dc8b8d4b9e7a46288d2e669208a,0.014949722215533257,0.036000000312924385,0.00027196513838134706,0.00027196513838134706,0.00207692295226913,0.014949722215533257,0.036000000312924385,1,4,0.9076921939849854,0.20944694064039504,13,1.661538353333106,0.007566529929378725,0.004135621744676454,0.02105027809739113,-0.001804957813887783,0.02105027809739113,0.001804957813887783,0.0022794287651777267,0.006074159871786833,0.0022794287651777267,0,0.014949722215533257,0.036000000312924385,0.0,0.029914360493421555,0,1.5088202041935173e-10,0.0,10,2,10,11,1,1,1,1,0,0,0.006000000983476639,0.023999999277293682,0.006000000983476639,0,0.03408601135015488,0.0191288311034441,0.014957180246710777,0.014957180246710777,2.4928629658397146,5.681000960503858,0,0,0.0002719652892633675,0.00207692295226913,1.6615384505345263,0.02485193009148545,0.00207692295226913,11.965744836289483,1,0,0,1,1,1,1,0.012000001966953278
3002,15,2,1,15,4ef7d1c91e41365829762dff03a419ac84fd18be12e815030b10b25f4b2414ba,0bc601d8605a9532d518cc9ec06d7054f26c5dc8b8d4b9e7a46288d2e669208a,0.007870318368077278,0.0,-0.0006899572908878326,-0.0006899572908878326,0.0,0.007870318368077278,0.0,0,1,0.9076921939849854,0.20944694064039504,13,1.661538353333106,0.001937115160871814,0.001416758121647073,0.007870318368077278,-0.0006899572908878326,0.007870318368077278,0.0006899572908878326,0.002382393693551421,0.0013947352999821305,0.002382393693551421,0,0.007870318368077278,0.0,0.0,0.007870318368077278,0,1.0648443307670341e-09,1.734723475976807e-18,0,0,10,2,13,13,0,1,1,1,0.0,0.0,0.0,1,0.014490090310573578,0.010554931126534939,0.003935159184038639,0.003935159184038639,inf,inf,0,0,-0.0006899562260435019,-1.734723475976807e-18,1.6615384505345263,0.006538418293254271,1.734723475976807e-18,inf,0,0,0,3,3,0,0,0.036000000312924385
3002,15,2,3,15,4ef7d1c91e41365829762dff03a419ac84fd18be12e815030b10b25f4b2414ba,0bc601d8605a9532d518cc9ec06d7054f26c5dc8b8d4b9e7a46288d2e669208a,0.005671322345733643,0.0,-5.977507680654526e-05,-5.977507680654526e-05,-3.469446951953614e-18,0.005671322345733643,0.0,0,1,0.9076923131942749,0.2094469155167731,13,1.661538461366525,0.0015063097670305469,0.001159503372639594,0.005671322345733643,-5.977507680654179e-05,0.005671322345733643,5.977507680654179e-05,0.0029120834078639746,0.0018274585017934442,0.0029120834078639746,0,0.005671322345733643,0.0,0.0,0.005671322345733643,0,6.307677540007273e-10,3.469446951953614e-18,0,0,10,2,13,13,0,1,1,1,0.0,0.0,0.0,1,0.010159017518162727,0.007323356345295906,0.0028356611728668213,0.0028356611728668213,inf,inf,0,0,-5.977444603879126e-05,-6.938893903907228e-18,1.6615384522538923,0.004711560076281595,6.938893903907228e-18,inf,0,0,0,4,4,0,0,0.036000000312924385
3002,15,2,4,15,4ef7d1c91e41365829762dff03a419ac84fd18be12e815030b10b25f4b2414ba,0bc601d8605a9532d518cc9ec06d7054f26c5dc8b8d4b9e7a46288d2e669208a,0.005246646702289581,0.0,0.0018780104583129287,0.0018780104583129287,0.0,0.005246646702289581,0.0,0,1,0.9076921939849854,0.20944694064039504,13,1.661538353333106,0.00141986740357957,0.0011721759946388606,0.005246646702289581,0.0018780104583129287,0.005246646702289581,0.0018780104583129287,0.001908849342726171,0.0020624336320906878,0.001908849342726171,0,0.005246646702289581,0.0,0.0,0.005246646702289581,0,2.3819371076233553e-09,1.734723475976807e-18,0,0,10,3,13,13,0,1,1,1,0.0,0.0,0.0,1,0.008113810792565346,0.005490487441420555,0.0026233233511447906,0.0026233233511447906,inf,inf,0,0,0.001878008076375821,-1.734723475976807e-18,1.6615384505345263,0.0043587526161121565,1.734723475976807e-18,inf,0,0,0,5,5,0,0,0.036000000312924385
3002,15,2,5,15,4ef7d1c91e41365829762dff03a419ac84fd18be12e815030b10b25f4b2414ba,0bc601d8605a9532d518cc9ec06d7054f26c5dc8b8d4b9e7a46288d2e669208a,0.014348605647683144,0.023999998345971107,-0.001285451464354992,-0.001285451464354992,1.289523557379546e-10,0.014348605647683144,0.023999998345971107,1,3,0.9076921939849854,0.20944694064039504,13,1.661538353333106,0.002211416809597554,0.001549945493950646,0.009651392698287964,-0.0012854515933073477,0.009651392698287964,0.0012854515933073477,0.0017635844415053725,0.005915401503443718,0.0017635844415053725,0,0.014348605647683144,0.023999998345971107,0.0,0.009651392698287964,0,4.813385159202488e-10,0.0,10,11,10,11,1,1,1,1,1,1,0.011999998241662979,0.012000000104308128,0.011999998241662979,0,0.011996790766716003,0.0071710944175720215,0.004825696349143982,0.004825696349143982,0.4021414213536776,0.9997327103819199,1,0,-0.001285450983016476,1.289523557379546e-10,1.6615384505345263,0.008018080034706812,1.289523557379546e-10,62178623.948525876,0,0,0,2,2,0,0,0.012000001966953278
3002,16,0,1,16,f46f56f7f571ce58c70266b528bfa7e31b02176294ec6072000f3fe8d2911e77,0bc601d8605a9532d518cc9ec06d7054f26c5dc8b8d4b9e7a46288d2e669208a,0.03429167717695236,0.0,1.062701176124392e-05,1.062701176124392e-05,0.0,0.03429167717695236,0.0,0,1,0.9076921939849854,0.20944694064039504,13,1.661538353333106,0.00938801091026181,0.007592884922874045,0.03429167717695236,1.062701176124392e-05,0.03429167717695236,1.062701176124392e-05,0.005217886995524168,0.016039928421378136,0.005217886995524168,0,0.03429167717695236,0.0,0.0,0.03429167717695236,0,1.7571992957932103e-09,0.0,0,0,10,1,13,13,0,1,1,1,0.0,0.0,0.0,1,0.19966452568769455,-0.18251868709921837,0.01714583858847618,0.01714583858847618,inf,inf,0,0,1.0628768960539714e-05,0.0,1.6615384505345263,0.028488470081411803,0.0,inf,0,0,0,3,3,0,0,0.04800000041723251
3002,16,0,2,16,f46f56f7f571ce58c70266b528bfa7e31b02176294ec6072000f3fe8d2911e77,0bc601d8605a9532d518cc9ec06d7054f26c5dc8b8d4b9e7a46288d2e669208a,0.04360181838274002,0.04800000041723251,-0.002758437767624855,-0.002758437767624855,-0.00041538339119692735,0.04360181838274002,0.04800000041723251,1,5,0.007692307233810425,0.20944694064039504,13,1.6615383533331063,0.008351252230230121,0.006503691863731518,0.004398182034492493,-0.0023430543764279277,0.004398182034492493,0.0023430543764279277,0.003490641014650464,0.010101170279085636,0.003490641014650464,0,0.04360181838274002,0.04800000041723251,0.0,0.03248988091945648,0,5.806796380541934e-09,1.3877787807814457e-17,10,1,10,11,1,1,1,1,0,0,0.017999999225139618,0.012000001966953278,0.012000001966953278,0,0.16534147411584854,-0.1490965336561203,0.01624494045972824,0.01624494045972824,1.3537448164146197,13.77845391785612,0,0,-0.0027584319608284745,-0.0004153833911969135,1.661538450534526,0.026991593200482493,0.0004153833911969135,64.97995291219303,1,0,0,1,1,1,1,0.023999996483325958
3002,16,0,3,16,f46f56f7f571ce58c70266b528bfa7e31b02176294ec6072000f3fe8d2911e77,0bc601d8605a9532d518cc9ec06d7054f26c5dc8b8d4b9e7a46288d2e669208a,0.03062152862548828,0.0,-0.010132278315722942,-0.010132278315722942,0.0,0.03062152862548828,0.0,0,1,0.9076923131942749,0.2094469155167731,13,1.661538461366525,0.008245454868564067,0.006154596100192099,0.03062152862548828,-0.010132278315722942,0.03062152862548828,0.010132278315722942,0.0036741888616234064,0.017493074759840965,0.0036741888616234064,0,0.03062152862548828,0.0,0.0,0.03062152862548828,0,6.727242235493591e-10,6.938893903907228e-18,0,0,10,1,13,13,0,1,1,1,0.0,0.0,0.0,1,0.1694037839770317,-0.15409301966428757,0.01531076431274414,0.01531076431274414,inf,inf,0,0,-0.010132277642998719,-6.938893903907228e-18,1.6615384522538923,0.02543942363902103,6.938893903907228e-18,inf,0,0,0,4,4,0,0,0.04800000041723251
3002,16,0,4,16,f46f56f7f571ce58c70266b528bfa7e31b02176294ec6072000f3fe8d2911e77,0bc601d8605a9532d518cc9ec06d7054f26c5dc8b8d4b9e7a46288d2e669208a,0.027412351220846176,0.0,-0.0033873722422868013,-0.0033873722422868013,0.0,0.027412351220846176,0.0,0,1,0.9076921939849854,0.20944694064039504,13,1.661538353333106,0.007450915173487719,0.005791325100074859,0.027412351220846176,-0.0033873722422868013,0.027412351220846176,0.0033873722422868013,0.0017612038645893335,0.015906531363725662,0.0017612038645893335,0,0.027412351220846176,0.0,0.0,0.027412351220846176,0,5.900899976984952e-10,0.0,0,0,10,1,13,13,0,1,1,1,0.0,0.0,0.0,1,0.17244456708431244,-0.15873839147388935,0.013706175610423088,0.013706175610423088,inf,inf,0,0,-0.003387372832376799,0.0,1.6615384505345263,0.022773337786496494,0.0,inf,0,0,0,5,5,0,0,0.04800000041723251
3002,16,0,5,16,f46f56f7f571ce58c70266b528bfa7e31b02176294ec6072000f3fe8d2911e77,0bc601d8605a9532d518cc9ec06d7054f26c5dc8b8d4b9e7a46288d2e669208a,0.03798867389559746,0.024000003933906555,-0.0011354187736287713,-0.0011354187736287713,0.0,0.03798867389559746,0.024000003933906555,1,3,0.9076921939849854,0.20944694064039504,13,1.661538353333106,0.005767207527275074,0.00479461834628201,0.013988669961690903,-0.0011354187736287713,0.013988669961690903,0.0011354187736287713,0.003880561562255025,0.013711396604776382,0.003880561562255025,0,0.03798867389559746,0.024000003933906555,0.0,0.019986607134342194,0,2.4572324036631343e-10,6.938893903907228e-18,10,11,10,11,1,1,1,1,1,1,0.012000001966953278,0.012000001966953278,0.012000001966953278,0,0.17304643988609314,-0.16305313631892204,0.009993303567171097,0.009993303567171097,0.832775160761772,14.420534293464662,0,0,-0.001135418527905531,6.938893903907228e-18,1.6615384505345263,0.016604258124718618,6.938893903907228e-18,inf,0,0,0,2,2,0,0,0.023999996483325958
3002,16,1,0,16,f46f56f7f571ce58c70266b528bfa7e31b02176294ec6072000f3fe8d2911e77,0bc601d8605a9532d518cc9ec06d7054f26c5dc8b8d4b9e7a46288d2e669208a,0.002159278839826584,0.0,0.00062929856358096,0.00062929856358096,3.469446951953614e-18,0.002159278839826584,0.0,0,1,0.9076921939849854,0.20944694064039504,13,1.661538353333106,0.0005420381514960335,0.0003899587152977666,0.002159278839826584,0.0006292985635809566,0.002159278839826584,0.0006292985635809566,0.00169383583124727,0.0015891499351710081,0.00169383583124727,0,0.002159278839826584,0.0,0.0,0.002159278839826584,0,1.39667402122845e-09,3.469446951953614e-18,0,0,6,7,13,13,0,1,1,1,0.0,0.0,0.0,1,0.0018392428755760193,-0.0007596034556627274,0.001079639419913292,0.001079639419913292,inf,inf,0,0,0.0006292971669069388,0.0,1.6615384505345263,0.0017938624088987259,0.0,inf,0,0,0,3,5,0,0,0.029999999329447746
3002,16,1,2,16,f46f56f7f571ce58c70266b528bfa7e31b02176294ec6072000f3fe8d2911e77,0bc601d8605a9532d518cc9ec06d7054f26c5dc8b8d4b9e7a46288d2e669208a,0.006280652247369289,0.0,-0.00017457765352446586,-0.00017457765352446586,3.469446951953614e-18,0.006280652247369289,0.0,0,1,0.007692307233810425,0.20944694064039504,13,1.6615383533331063,0.0014296866783106716,0.0009097599440954142,0.006280652247369289,-0.00017457765352446933,0.006280652247369289,0.00017457765352446933,0.0016403400804847479,0.0025284411385655403,0.0016403400804847479,0,0.006280652247369289,0.0,0.0,0.006280652247369289,0,1.2048617711174492e-09,2.6020852139652106e-18,0,0,10,11,13,13,0,1,1,1,0.0,0.0,0.0,1,0.0035629216581583023,-0.0004225955344736576,0.0031403261236846447,0.0031403261236846447,inf,inf,0,0,-0.00017457885838623698,8.673617379884035e-19,1.661538450534526,0.005217772601720079,8.673617379884035e-19,inf,0,0,0,4,3,0,0,0.029999999329447746
3002,16,1,3,16,f46f56f7f571ce58c70266b528bfa7e31b02176294ec6072000f3fe8d2911e77,0bc601d8605a9532d518cc9ec06d7054f26c5dc8b8d4b9e7a46288d2e669208a,0.021017471328377724,0.029999999329447746,-0.008565620519220829,-0.008565620519220829,-0.01349999944550487,0.021017471328377724,0.029999999329447746,1,3,0.9076923131942749,0.2094469155167731,13,1.661538461366525,0.0018576804664623735,0.0010347344840948398,0.008982528001070023,0.0049343789262840405,0.008982528001070023,0.0049343789262840405,0.002909562550485134,0.006041640881448984,0.002909562550485134,0,0.021017471328377724,0.029999999329447746,0.0,0.008982528001070023,0,9.62262651504897e-10,0.0,10,11,10,11,1,1,1,1,1,1,0.014999999897554517,0.01499999943189323,0.01499999943189323,0,0.0053202928975224495,0.0008290288969874382,0.004491264000535011,0.004491264000535011,0.2994176113757456,0.3546862066014723,1,0,-0.00856562148148348,-0.01349999944550487,1.6615384522538923,0.007462407836112567,0.01349999944550487,0.5527709735275096,1,1,0,1,1,1,1,0.011999998241662979
3002,16,1,4,16,f46f56f7f571ce58c70266b528bfa7e31b02176294ec6072000f3fe8d2911e77,0bc601d8605a9532d518cc9ec06d7054f26c5dc8b8d4b9e7a46288d2e669208a,0.01487190555781126,0.018000001087784767,0.0006368009489960968,0.0006368009489960968,1.2895235226850765e-10,0.01487190555781126,0.018000001087784767,1,3,0.9076921939849854,0.20944694064039504,13,1.661538353333106,0.000905932085827132,0.000691527103972153,0.003128095529973507,0.0006368008200437446,0.003128095529973507,0.0006368008200437446,0.0016583718825131655,0.004228176549077034,0.0016583718825131655,0,0.01487190555781126,0.018000001087784767,0.0,0.003298846073448658,0,1.269562355417364e-09,5.204170427930421e-18,10,11,10,11,1,1,1,1,1,1,0.008999999612569809,0.009000001475214958,0.008999999612569809,0,0.0028762808069586754,-0.0012268577702343464,0.001649423036724329,0.001649423036724329,0.1832692341920404,0.31958677008624875,1,0,0.0006367996794337414,1.2895235747267808e-10,1.6615384505345263,0.0027405797967148945,1.2895235747267808e-10,21252653.69650615,1,0,0,2,2,0,0,0.011999998241662979
3002,16,1,5,16,f46f56f7f571ce58c70266b528bfa7e31b02176294ec6072000f3fe8d2911e77,0bc601d8605a9532d518cc9ec06d7054f26c5dc8b8d4b9e7a46288d2e669208a,0.002378331497311592,0.0,-0.0003865289909299463,-0.0003865289909299463,3.469446951953614e-18,0.002378331497311592,0.0,0,1,0.9076921939849854,0.20944694064039504,13,1.661538353333106,0.0006343767104824657,0.00046490595714580407,0.002378331497311592,-0.00038652899092994977,0.002378331497311592,0.00038652899092994977,0.0018615927547216415,0.0010066309478133917,0.0018615927547216415,0,0.002378331497311592,0.0,0.0,0.002378331497311592,0,1.6975515576556077e-09,0.0,0,0,8,11,13,13,0,1,1,1,0.0,0.0,0.0,1,0.0024551041424274445,-0.0012659383937716484,0.001189165748655796,0.001189165748655796,inf,inf,0,0,-0.00038653068848150396,3.469446951953614e-18,1.6615384505345263,0.0019758446154502815,3.469446951953614e-18,inf,0,0,0,5,4,0,0,0.029999999329447746
3002,16,2,0,16,f46f56f7f571ce58c70266b528bfa7e31b02176294ec6072000f3fe8d2911e77,0bc601d8605a9532d518cc9ec06d7054f26c5dc8b8d4b9e7a46288d2e669208a,0.010600646026432514,0.03599999938160181,0.00042929002665914595,0.00042929002665914595,0.0020769229522691335,0.010600646026432514,0.03599999938160181,1,4,0.9076921939849854,0.20944694064039504,13,1.661538353333106,0.008265202217530099,0.004368615298140683,0.025399353355169296,-0.0016476329256099875,0.025399353355169296,0.0016476329256099875,0.0013663299614563584,0.0062039499171078205,0.0013663299614563584,0,0.010600646026432514,0.03599999938160181,0.0,0.033124628476798534,0,2.3133081908377484e-10,1.734723475976807e-18,10,2,10,11,1,1,1,1,0,0,0.006000000052154064,0.024000000208616257,0.006000000052154064,0,0.03159999195486307,0.015037677716463804,0.016562314238399267,0.016562314238399267,2.760385682405656,5.266665280030845,0,0,0.00042929025798996504,0.0020769229522691317,1.6615384505345263,0.027518921936935843,0.0020769229522691317,13.249852098206235,1,0,0,1,2,1,0,0.011999999172985554
3002,16,2,1,16,f46f56f7f571ce58c70266b528bfa7e31b02176294ec6072000f3fe8d2911e77,0bc601d8605a9532d518cc9ec06d7054f26c5dc8b8d4b9e7a46288d2e669208a,0.005126412026584148,0.0,-0.0007505483808927238,-0.0007505483808927238,0.0,0.005126412026584148,0.0,0,1,0.9076921939849854,0.20944694064039504,13,1.661538353333106,0.001365928877269141,0.0010754429024352125,0.005126412026584148,-0.0007505483808927238,0.005126412026584148,0.0007505483808927238,0.0013907997636124492,0.0034117086324840784,0.0013907997636124492,0,0.005126412026584148,0.0,0.0,0.005126412026584148,0,3.443661224233896e-10,1.734723475976807e-18,0,0,8,11,13,13,0,1,1,1,0.0,0.0,0.0,1,0.0038770167157053947,0.0013138107024133205,0.002563206013292074,0.002563206013292074,inf,inf,0,0,-0.0007505480365266014,1.734723475976807e-18,1.6615384505345263,0.004258865347726093,1.734723475976807e-18,inf,0,0,0,3,3,0,0,0.03599999938160181
3002,16,2,3,16,f46f56f7f571ce58c70266b528bfa7e31b02176294ec6072000f3fe8d2911e77,0bc601d8605a9532d518cc9ec06d7054f26c5dc8b8d4b9e7a46288d2e669208a,0.004082940518856049,0.0,-0.0022111141588538885,-0.0022111141588538885,0.0,0.004082940518856049,0.0,0,1,0.9076923131942749,0.2094469155167731,13,1.661538461366525,0.0011624140232100175,0.0009843970500153201,0.004082940518856049,-0.0022111141588538885,0.004082940518856049,0.0022111141588538885,0.0027011085767298937,0.0017440803349018097,0.0027011085767298937,0,0.004082940518856049,0.0,0.0,0.004082940518856049,0,1.255312994177804e-09,2.6020852139652106e-18,0,0,8,11,13,13,0,1,1,1,0.0,0.0,0.0,1,0.0031715668737888336,-0.0011300966143608093,0.0020414702594280243,0.0020414702594280243,inf,inf,0,0,-0.0022111129035408943,2.6020852139652106e-18,1.6615384522538923,0.0033919813351723917,2.6020852139652106e-18,inf,0,0,0,4,4,0,0,0.03599999938160181
3002,16,2,4,16,f46f56f7f571ce58c70266b528bfa7e31b02176294ec6072000f3fe8d2911e77,0bc601d8605a9532d518cc9ec06d7054f26c5dc8b8d4b9e7a46288d2e669208a,0.0031533315777778625,0.0,0.000482926145195961,0.000482926145195961,3.469446951953614e-18,0.0031533315777778625,0.0,0,1,0.9076921939849854,0.20944694064039504,13,1.661538353333106,0.001021795024394474,0.0008649417590460129,0.0031533315777778625,0.00048292614519595753,0.0031533315777778625,0.00048292614519595753,0.0015050960937514901,0.0025308572221547365,0.0015050960937514901,0,0.0031533315777778625,0.0,0.0,0.0031533315777778625,0,2.3321435928258527e-10,1.734723475976807e-18,0,0,6,3,13,13,0,1,1,1,0.0,0.0,0.0,1,0.002652013674378395,0.0010753478854894638,0.0015766657888889313,0.0015766657888889313,inf,inf,0,0,0.0004829263784103203,1.734723475976807e-18,1.6615384505345263,0.0026196908318813113,1.734723475976807e-18,inf,0,0,0,5,5,0,0,0.03599999938160181
3002,16,2,5,16,f46f56f7f571ce58c70266b528bfa7e31b02176294ec6072000f3fe8d2911e77,0bc601d8605a9532d518cc9ec06d7054f26c5dc8b8d4b9e7a46288d2e669208a,0.01077085267752409,0.024000000208616257,-0.0020725815556943417,-0.0020725815556943417,3.469446951953614e-18,0.01077085267752409,0.024000000208616257,1,3,0.9076921939849854,0.20944694064039504,13,1.661538353333106,0.0029703977655374347,0.0020208033518149303,0.013229147531092167,-0.002072581555694345,0.013229147531092167,0.002072581555694345,0.001751089934259653,0.006770370993763208,0.001751089934259653,0,0.01077085267752409,0.024000000208616257,0.0,0.013229147531092167,0,1.0685842315172334e-10,1.734723475976807e-18,10,11,10,11,1,1,1,1,1,1,0.012000000104308128,0.012000000104308128,0.012000000104308128,0,0.007008752785623074,-0.00039417902007699013,0.0066145737655460835,0.0066145737655460835,0.5512144756708278,0.584062727058382,0,0,-0.0020725814488359185,1.734723475976807e-18,1.6615384505345263,0.010990368645351767,1.734723475976807e-18,inf,0,0,0,2,1,0,1,0.011999999172985554
3002,17,0,1,17,a5025dd7e81e480e5da8f59059814fdfbedb05be7f2d005a6d6f02178cbf9ce2,0bc601d8605a9532d518cc9ec06d7054f26c5dc8b8d4b9e7a46288d2e669208a,0.009878503158688545,0.0,-8.890032768249512e-05,-8.890032768249512e-05,3.469446951953614e-18,0.009878503158688545,0.0,0,1,0.9076921939849854,0.20944694064039504,13,1.661538353333106,0.002488028854541399,0.001738614782955519,0.009878503158688545,-8.890032768249859e-05,0.009878503158688545,8.890032768249859e-05,0.002203132724389434,0.004202282056212425,0.002203132724389434,0,0.009878503158688545,0.0,0.0,0.009878503158688545,0,1.8763844106955974e-09,1.734723475976807e-18,0,0,10,11,13,13,0,1,1,1,0.0,0.0,0.0,1,0.006029138341546059,0.001089886762201786,0.004939251579344273,0.004939251579344273,inf,inf,0,0,-8.890220406690581e-05,5.204170427930421e-18,1.6615384505345263,0.008206756415943895,5.204170427930421e-18,inf,0,0,0,3,3,0,0,0.04799999902024865
3002,17,0,2,17,a5025dd7e81e480e5da8f59059814fdfbedb05be7f2d005a6d6f02178cbf9ce2,0bc601d8605a9532d518cc9ec06d7054f26c5dc8b8d4b9e7a46288d2e669208a,0.02390127442777157,0.04799999902024865,-0.0011542203137651086,-0.0011542203137651086,-0.00041538503533945087,0.02390127442777157,0.04799999902024865,1,5,0.9076921939849854,0.20944694064039504,13,1.6615383533331063,0.008051855792605731,0.004883639062561935,0.024098724592477083,-0.0007388352784256577,0.024098724592477083,0.0007388352784256577,0.001110583427362144,0.002133972244337201,0.001110583427362144,0,0.02390127442777157,0.04799999902024865,0.0,0.03277296992018819,0,7.903132558106929e-10,0.0,10,1,10,11,1,1,1,1,0,0,0.017999999225139618,0.012000000569969416,0.012000000569969416,0,0.024170294869691133,0.007783809909597039,0.016386484960094094,0.016386484960094094,1.3655403484814883,2.014191143471982,0,0,-0.0011542195234518528,-0.00041538503533945087,1.661538450534526,0.02722677483030206,0.00041538503533945087,65.54587313924888,1,0,0,1,1,1,1,0.023999998811632395
3002,17,0,3,17,a5025dd7e81e480e5da8f59059814fdfbedb05be7f2d005a6d6f02178cbf9ce2,0bc601d8605a9532d518cc9ec06d7054f26c5dc8b8d4b9e7a46288d2e669208a,0.00879993848502636,0.0,-0.0011447668075561523,-0.0011447668075561523,0.0,0.00879993848502636,0.0,0,1,0.9076923131942749,0.2094469155167731,13,1.661538461366525,0.002218875338842449,0.0014756919716942252,0.00879993848502636,-0.0011447668075561523,0.00879993848502636,0.0011447668075561523,0.0025731432251632214,0.003084041178226471,0.0025731432251632214,0,0.00879993848502636,0.0,0.0,0.00879993848502636,0,2.64301589295024e-10,3.469446951953614e-18,0,0,10,1,13,13,0,1,1,1,0.0,0.0,0.0,1,0.008428951725363731,0.004028982482850552,0.00439996924251318,0.00439996924251318,inf,inf,0,0,-0.001144766543254563,-3.469446951953614e-18,1.6615384522538923,0.007310718085170079,3.469446951953614e-18,inf,0,0,0,4,4,0,0,0.04799999902024865
3002,17,0,4,17,a5025dd7e81e480e5da8f59059814fdfbedb05be7f2d005a6d6f02178cbf9ce2,0bc601d8605a9532d518cc9ec06d7054f26c5dc8b8d4b9e7a46288d2e669208a,0.005860334262251854,0.0,-0.0015699382638558745,-0.0015699382638558745,0.0,0.005860334262251854,0.0,0,1,0.9076921939849854,0.20944694064039504,13,1.661538353333106,0.001562161985721814,0.0012262623602821991,0.005860334262251854,-0.0015699382638558745,0.005860334262251854,0.0015699382638558745,0.004557523876428604,0.002994109643623233,0.004557523876428604,0,0.005860334262251854,0.0,0.0,0.005860334262251854,0,3.554796065147192e-09,5.204170427930421e-18,0,0,10,6,13,13,0,1,1,1,0.0,0.0,0.0,1,0.005659854039549828,0.0027296869084239006,0.002930167131125927,0.002930167131125927,inf,inf,0,0,-0.0015699347090598094,5.204170427930421e-18,1.6615384505345263,0.0048685853548581706,5.204170427930421e-18,inf,0,0,0,5,5,0,0,0.04799999902024865
3002,17,0,5,17,a5025dd7e81e480e5da8f59059814fdfbedb05be7f2d005a6d6f02178cbf9ce2,0bc601d8605a9532d518cc9ec06d7054f26c5dc8b8d4b9e7a46288d2e669208a,0.017100218683481216,0.024000000208616257,-0.0006427289918065071,-0.0006427289918065071,0.0,0.017100218683481216,0.024000000208616257,1,3,0.9076921939849854,0.20944694064039504,13,1.661538353333106,0.0020666884045631648,0.0016395690790294898,0.00689978152513504,-0.0006427289918065071,0.00689978152513504,0.0006427289918065071,0.0022797759156674147,0.0028655785135924816,0.0022797759156674147,0,0.017100218683481216,0.024000000208616257,0.0,0.007472965866327286,0,1.6949652861808495e-09,3.469446951953614e-18,10,11,10,11,1,1,1,1,1,1,0.012000000104308128,0.012000000104308128,0.012000000104308128,0,0.005120225250720978,0.001383742317557335,0.003736482933163643,0.003736482933163643,0.3113735750570707,0.4266854338511849,1,0,-0.0006427272968412209,3.469446951953614e-18,1.6615384505345263,0.006208310063217422,3.469446951953614e-18,inf,0,0,0,2,2,0,0,0.023999998811632395
3002,17,1,0,17,a5025dd7e81e480e5da8f59059814fdfbedb05be7f2d005a6d6f02178cbf9ce2,0bc601d8605a9532d518cc9ec06d7054f26c5dc8b8d4b9e7a46288d2e669208a,0.0017903801053762436,0.0,0.00023818155750632286,0.00023818155750632286,0.0,0.0017903801053762436,0.0,0,1,0.9076921939849854,0.20944694064039504,13,1.661538353333106,0.0004612553181300714,0.00036787940464781595,0.0017903801053762436,0.00023818155750632286,0.0017903801053762436,0.00023818155750632286,0.0016231066547334194,0.0010755819967016578,0.0016231066547334194,0,0.0017903801053762436,0.0,0.0,0.0017903801053762436,0,1.7854183357451925e-09,2.6020852139652106e-18,0,0,8,7,13,13,0,1,1,1,0.0,0.0,0.0,1,0.0012795496731996536,-0.00038435962051153183,0.0008951900526881218,0.0008951900526881218,inf,inf,0,0,0.00023817977208798712,2.6020852139652106e-18,1.6615384505345263,0.0014873926930773428,2.6020852139652106e-18,inf,0,0,0,3,5,0,0,0.029999999329447746
3002,17,1,2,17,a5025dd7e81e480e5da8f59059814fdfbedb05be7f2d005a6d6f02178cbf9ce2,0bc601d8605a9532d518cc9ec06d7054f26c5dc8b8d4b9e7a46288d2e669208a,0.0060587236657738686,0.0,-0.00014625412586610764,-0.00014625412586610764,3.469446951953614e-18,0.0060587236657738686,0.0,0,1,0.9076921939849854,0.20944694064039504,13,1.6615383533331063,0.0013758890586030683,0.000895593690096274,0.0060587236657738686,-0.0001462541258661111,0.0060587236657738686,0.0001462541258661111,0.0015267834533005953,0.0021957228891551495,0.0015267834533005953,0,0.0060587236657738686,0.0,0.0,0.0060587236657738686,0,1.682036879571691e-10,2.6020852139652106e-18,0,0,10,11,13,13,0,1,1,1,0.0,0.0,0.0,1,0.0034439340233802795,-0.00041457219049334526,0.0030293618328869343,0.0030293618328869343,inf,inf,0,0,-0.00014625395766241969,8.673617379884035e-19,1.661538450534526,0.005033401165923389,8.673617379884035e-19,inf,0,0,0,4,3,0,0,0.029999999329447746
3002,17,1,3,17,a5025dd7e81e480e5da8f59059814fdfbedb05be7f2d005a6d6f02178cbf9ce2,0bc601d8605a9532d518cc9ec06d7054f26c5dc8b8d4b9e7a46288d2e669208a,0.02126190811395645,0.029999999329447746,-0.008825086057186127,-0.008825086057186127,-0.01349999944550487,0.02126190811395645,0.029999999329447746,1,3,0.9076923131942749,0.2094469155167731,13,1.661538461366525,0.0018054120558243937,0.001048121424998052,0.008738091215491295,0.004674913388318743,0.008738091215491295,0.004674913388318743,0.0029965792782604694,0.005702883470803499,0.0029965792782604694,0,0.021261907182633877,0.029999999329447746,9.313225746154785e-10,0.00873809214681387,0,8.120896316521353e-12,0.0,10,11,10,11,1,1,1,1,1,1,0.014999999897554517,0.01499999943189323,0.01499999943189323,0,0.004694368690252304,0.00032532261684536934,0.004369046073406935,0.004369046073406935,0.29126974925861676,0.312957924536388,1,0,-0.00882508604906523,-0.01349999944550487,1.6615384522538923,0.007259338050634504,0.01349999944550487,0.537728766577962,1,1,0,1,1,1,1,0.011999998241662979
3002,17,1,4,17,a5025dd7e81e480e5da8f59059814fdfbedb05be7f2d005a6d6f02178cbf9ce2,0bc601d8605a9532d518cc9ec06d7054f26c5dc8b8d4b9e7a46288d2e669208a,0.014899684116244316,0.018000001087784767,0.0003393854422029108,0.0003393854422029108,1.289523557379546e-10,0.014899684116244316,0.018000001087784767,1,3,0.9076921939849854,0.20944694064039504,13,1.661538353333106,0.0009171288527441708,0.0007114671170711517,0.003100316971540451,0.00033938531325055504,0.003100316971540451,0.00033938531325055504,0.0011948252795264125,0.0046179587952792645,0.0011948252795264125,0,0.014899684116244316,0.018000001087784767,0.0,0.0033645201474428177,0,3.797019539064639e-10,0.0,10,11,10,11,1,1,1,1,1,1,0.008999999612569809,0.009000001475214958,0.008999999612569809,0,0.003243010491132736,-0.0015607504174113274,0.0016822600737214088,0.0016822600737214088,0.18691779401544506,0.36033451452635623,1,0,0.0003393850625009569,1.289523557379546e-10,1.6615384505345263,0.0027951397962871676,1.289523557379546e-10,21675755.98205588,1,0,0,2,2,0,0,0.011999998241662979
3002,17,1,5,17,a5025dd7e81e480e5da8f59059814fdfbedb05be7f2d005a6d6f02178cbf9ce2,0bc601d8605a9532d518cc9ec06d7054f26c5dc8b8d4b9e7a46288d2e669208a,0.003066856414079666,0.0,-0.000370620284229517,-0.000370620284229517,3.469446951953614e-18,0.003066856414079666,0.0,0,1,0.9076921939849854,0.20944694064039504,13,1.661538353333106,0.0007461715653176626,0.0005343127444650998,0.003066856414079666,-0.00037062028422952045,0.003066856414079666,0.00037062028422952045,0.0020206025801599026,0.0013253448996692896,0.0020206025801599026,0,0.003066856414079666,0.0,0.0,0.003066856414079666,0,2.5319521305966486e-10,0.0,0,0,8,11,13,13,0,1,1,1,0.0,0.0,0.0,1,0.002926381304860115,-0.001392953097820282,0.001533428207039833,0.001533428207039833,inf,inf,0,0,-0.0003706200310343039,3.469446951953614e-18,1.6615384505345263,0.002547849927130901,3.469446951953614e-18,inf,0,0,0,5,4,0,0,0.029999999329447746
3002,17,2,0,17,a5025dd7e81e480e5da8f59059814fdfbedb05be7f2d005a6d6f02178cbf9ce2,0bc601d8605a9532d518cc9ec06d7054f26c5dc8b8d4b9e7a46288d2e669208a,0.013492625206708908,0.036000000312924385,0.0005990024656057358,0.0005990024656057358,0.0020769229522691335,0.013492625206708908,0.036000000312924385,1,4,0.9076921939849854,0.20944694064039504,13,1.661538353333106,0.00757663448458784,0.004000635299633241,0.022507375106215477,-0.0014779204866633977,0.022507375106215477,0.0014779204866633977,0.001687744865193963,0.005915788933634758,0.001687744865193963,0,0.013492625206708908,0.036000000312924385,0.0,0.029689060524106026,0,4.4020218893658924e-10,1.734723475976807e-18,10,2,10,11,1,1,1,1,0,0,0.006000000983476639,0.023999999277293682,0.006000000983476639,0,0.03406168520450592,0.019217154942452908,0.014844530262053013,0.014844530262053013,2.474087971474215,5.67694660356026,0,0,0.0005990029058079247,0.0020769229522691317,1.6615384505345263,0.02466475781052445,0.0020769229522691317,11.875624843751229,1,0,0,1,2,1,0,0.012000001966953278
3002,17,2,1,17,a5025dd7e81e480e5da8f59059814fdfbedb05be7f2d005a6d6f02178cbf9ce2,0bc601d8605a9532d518cc9ec06d7054f26c5dc8b8d4b9e7a46288d2e669208a,0.008230743929743767,0.0,-0.0005804045940749347,-0.0005804045940749347,0.0,0.008230743929743767,0.0,0,1,0.9076921939849854,0.20944694064039504,13,1.661538353333106,0.001985501777328767,0.0014163130266073892,0.008230743929743767,-0.0005804045940749347,0.008230743929743767,0.0005804045940749347,0.0025804925244301558,0.001658436842262745,0.0025804925244301558,0,0.008230743929743767,0.0,0.0,0.008230743929743767,0,2.8076621010758585e-09,1.734723475976807e-18,0,0,10,2,13,13,0,1,1,1,0.0,0.0,0.0,1,0.014724746346473694,0.01060937438160181,0.004115371964871883,0.004115371964871883,inf,inf,0,0,-0.0005804017864128336,-1.734723475976807e-18,1.6615384505345263,0.006837848757886458,1.734723475976807e-18,inf,0,0,0,3,3,0,0,0.036000000312924385
3002,17,2,3,17,a5025dd7e81e480e5da8f59059814fdfbedb05be7f2d005a6d6f02178cbf9ce2,0bc601d8605a9532d518cc9ec06d7054f26c5dc8b8d4b9e7a46288d2e669208a,0.0057053957134485245,0.0,0.0002464695426169783,0.0002464695426169783,-3.469446951953614e-18,0.0057053957134485245,0.0,0,1,0.9076923131942749,0.2094469155167731,13,1.661538461366525,0.001513850807167608,0.0011764152206965453,0.0057053957134485245,0.00024646954261698176,0.0057053957134485245,0.00024646954261698176,0.002982241567224264,0.0016422936460003257,0.002982241567224264,0,0.0057053957134485245,0.0,0.0,0.0057053957134485245,0,6.086015892636798e-11,3.469446951953614e-18,0,0,10,2,13,13,0,1,1,1,0.0,0.0,0.0,1,0.009751196950674057,0.006898499093949795,0.0028526978567242622,0.0028526978567242622,inf,inf,0,0,0.0002464696034771372,-6.938893903907228e-18,1.6615384522538923,0.004739867181609627,6.938893903907228e-18,inf,0,0,0,4,4,0,0,0.036000000312924385
3002,17,2,4,17,a5025dd7e81e480e5da8f59059814fdfbedb05be7f2d005a6d6f02178cbf9ce2,0bc601d8605a9532d518cc9ec06d7054f26c5dc8b8d4b9e7a46288d2e669208a,0.0044401902705430984,0.0,-0.0005802742089144886,-0.0005802742089144886,0.0,0.0044401902705430984,0.0,0,1,0.9076921939849854,0.20944694064039504,13,1.661538353333106,0.0013845479424543644,0.0012043150218986195,0.0044401902705430984,-0.0005802742089144886,0.0044401902705430984,0.0005802742089144886,0.0030184213537722826,0.0017032643081620336,0.0030184213537722826,0,0.0044401902705430984,0.0,0.0,0.0044401902705430984,0,1.7257097660594578e-10,1.734723475976807e-18,0,0,10,3,13,13,0,1,1,1,0.0,0.0,0.0,1,0.008235147222876549,0.0060150520876049995,0.0022200951352715492,0.0022200951352715492,inf,inf,0,0,-0.0005802743814854652,-1.734723475976807e-18,1.6615384505345263,0.0036887734310983296,1.734723475976807e-18,inf,0,0,0,5,5,0,0,0.036000000312924385
3002,17,2,5,17,a5025dd7e81e480e5da8f59059814fdfbedb05be7f2d005a6d6f02178cbf9ce2,0bc601d8605a9532d518cc9ec06d7054f26c5dc8b8d4b9e7a46288d2e669208a,0.01398547925055027,0.023999998345971107,-0.0012280329829081893,-0.0012280329829081893,1.289523557379546e-10,0.01398547925055027,0.023999998345971107,1,3,0.9076921939849854,0.20944694064039504,13,1.661538353333106,0.0022655165892090847,0.0015485082593189893,0.010014519095420837,-0.001228033111860545,0.010014519095420837,0.001228033111860545,0.00209757755510509,0.006619303487241268,0.00209757755510509,0,0.01398547925055027,0.023999998345971107,0.0,0.010014519095420837,0,1.2600453961481017e-09,0.0,10,11,10,11,1,1,1,1,1,1,0.011999998241662979,0.012000000104308128,0.011999998241662979,0,0.011693261563777924,0.006686002016067505,0.005007259547710419,0.005007259547710419,0.41727169011788995,0.9744386064307833,1,0,-0.0012280317228627931,1.289523557379546e-10,1.6615384505345263,0.008319754270326982,1.289523557379546e-10,64518047.946589194,0,0,0,2,1,0,1,0.012000001966953278
3002,18,0,1,18,9d31edf9e59207e1e1baa9bceada24ce8fee915f7af2666ab93ea04168e77598,0bc601d8605a9532d518cc9ec06d7054f26c5dc8b8d4b9e7a46288d2e669208a,0.034231968224048615,0.0,2.1231049686321057e-05,2.1231049686321057e-05,0.0,0.034231968224048615,0.0,0,1,0.9076921939849854,0.20944694064039504,13,1.661538353333106,0.009285712164633707,0.007573611108509042,0.034231968224048615,2.1231049686321057e-05,0.034231968224048615,2.1231049686321057e-05,0.006183285731822252,0.014479333534836769,0.006183285731822252,0,0.034231968224048615,0.0,0.0,0.034231968224048615,0,4.4603305979218355e-09,0.0,0,0,10,1,13,13,0,1,1,1,0.0,0.0,0.0,1,0.19187935441732407,-0.17476337030529976,0.017115984112024307,0.017115984112024307,inf,inf,0,0,2.1226589355723136e-05,0.0,1.6615384505345263,0.028438865720866437,0.0,inf,0,0,0,3,3,0,0,0.04800000041723251
3002,18,0,2,18,9d31edf9e59207e1e1baa9bceada24ce8fee915f7af2666ab93ea04168e77598,0bc601d8605a9532d518cc9ec06d7054f26c5dc8b8d4b9e7a46288d2e669208a,0.04527440667152405,0.04800000041723251,-0.0026419509667903185,-0.0026419509667903185,0.004569229682592255,0.04527440667152405,0.04800000041723251,1,5,0.9076921939849854,0.20944694064039504,13,1.6615383533331063,0.008942775089246948,0.007260305465325804,0.0027255937457084656,-0.007211180649382573,0.0027255937457084656,0.007211180649382573,0.0032704428303986788,0.011649180203676224,0.0032704428303986788,0,0.04527440667152405,0.04800000041723251,0.0,0.03442975878715515,0,1.1681483211289923e-09,6.938893903907228e-18,10,1,10,11,1,1,1,1,0,0,0.015000000596046448,0.012000001966953278,0.012000001966953278,0,0.16128980368375778,-0.1440749242901802,0.017214879393577576,0.017214879393577576,1.4345730476532847,13.44081477052526,0,0,-0.0026419521349386396,0.004569229682592248,1.661538450534526,0.028603184033743626,0.004569229682592248,6.259957590382339,0,0,0,1,1,1,1,0.023999996483325958
3002,18,0,3,18,9d31edf9e59207e1e1baa9bceada24ce8fee915f7af2666ab93ea04168e77598,0bc601d8605a9532d518cc9ec06d7054f26c5dc8b8d4b9e7a46288d2e669208a,0.031164061278104782,0.0,-0.010323821566998959,-0.010323821566998959,0.0,0.031164061278104782,0.0,0,1,0.9076923131942749,0.2094469155167731,13,1.661538461366525,0.00842345839726225,0.006380995966979031,0.031164061278104782,-0.010323821566998959,0.031164061278104782,0.010323821566998959,0.004578053951263428,0.016536088660359383,0.004578053951263428,0,0.031164061278104782,0.0,0.0,0.031164061278104782,0,3.4526808287416166e-09,6.938893903907228e-18,0,0,10,1,13,13,0,1,1,1,0.0,0.0,0.0,1,0.16084501892328262,-0.14526298828423023,0.015582030639052391,0.015582030639052391,inf,inf,0,0,-0.010323825019679787,-6.938893903907228e-18,1.6615384522538923,0.025890143070983838,6.938893903907228e-18,inf,0,0,0,4,4,0,0,0.04800000041723251
3002,18,0,4,18,9d31edf9e59207e1e1baa9bceada24ce8fee915f7af2666ab93ea04168e77598,0bc601d8605a9532d518cc9ec06d7054f26c5dc8b8d4b9e7a46288d2e669208a,0.02688014879822731,0.0,-0.0037121176719665527,-0.0037121176719665527,0.0,0.02688014879822731,0.0,0,1,0.9076921939849854,0.20944694064039504,13,1.661538353333106,0.0073971774670996355,0.005941510861794622,0.02688014879822731,-0.0037121176719665527,0.02688014879822731,0.0037121176719665527,0.0014128605835139751,0.015068639069795609,0.0014128605835139751,0,0.02688014879822731,0.0,0.0,0.02688014879822731,0,2.5749754169190897e-09,0.0,0,0,10,1,13,13,0,1,1,1,0.0,0.0,0.0,1,0.17023151367902756,-0.1567914392799139,0.013440074399113655,0.013440074399113655,inf,inf,0,0,-0.003712115096991136,0.0,1.6615384505345263,0.022331200392172058,0.0,inf,0,0,0,5,5,0,0,0.04800000041723251
3002,18,0,5,18,9d31edf9e59207e1e1baa9bceada24ce8fee915f7af2666ab93ea04168e77598,0bc601d8605a9532d518cc9ec06d7054f26c5dc8b8d4b9e7a46288d2e669208a,0.03786768391728401,0.024000003933906555,-0.0019587476272135973,-0.0019587476272135973,0.0,0.03786768391728401,0.024000003933906555,1,3,0.9076921939849854,0.20944694064039504,13,1.661538353333106,0.0056274600559161345,0.004803790980894892,0.013867679983377457,-0.0019587476272135973,0.013867679983377457,0.0019587476272135973,0.004633727949112654,0.01382631715387106,0.004633727949112654,0,0.03786768391728401,0.024000003933906555,0.0,0.018504798412322998,0,1.105902026898864e-08,6.938893903907228e-18,10,11,10,11,1,1,1,1,1,1,0.012000001966953278,0.012000001966953278,0.012000001966953278,0,0.1624542996287346,-0.1532019004225731,0.009252399206161499,0.009252399206161499,0.7710331407979446,13.537856083367016,0,0,-0.0019587586862338663,6.938893903907228e-18,1.6615384505345263,0.015373217040732459,6.938893903907228e-18,inf,0,0,0,2,2,0,0,0.023999996483325958
3002,18,1,0,18,9d31edf9e59207e1e1baa9bceada24ce8fee915f7af2666ab93ea04168e77598,0bc601d8605a9532d518cc9ec06d7054f26c5dc8b8d4b9e7a46288d2e669208a,0.0024030208587646484,0.0,0.00010379031300544739,0.00010379031300544739,3.469446951953614e-18,0.0024030208587646484,0.0,0,1,0.9076921939849854,0.20944694064039504,13,1.661538353333106,0.0006442521974829964,0.0005373441608699821,0.0024030208587646484,0.00010379031300544392,0.0024030208587646484,0.00010379031300544392,0.0015483354218304157,0.0010669572511687875,0.0015483354218304157,0,0.0024030208587646484,0.0,0.0,0.0024030208587646484,0,8.589949931914198e-10,3.469446951953614e-18,0,0,8,7,13,13,0,1,1,1,0.0,0.0,0.0,1,0.0018087774515151978,0.0006072670221328735,0.0012015104293823242,0.0012015104293823242,inf,inf,0,0,0.00010379117200044058,0.0,1.6615384505345263,0.00199635577713698,0.0,inf,0,0,0,3,5,0,0,0.029999999329447746
3002,18,1,2,18,9d31edf9e59207e1e1baa9bceada24ce8fee915f7af2666ab93ea04168e77598,0bc601d8605a9532d518cc9ec06d7054f26c5dc8b8d4b9e7a46288d2e669208a,0.007167435251176357,0.0,-5.974620580673218e-05,-5.974620580673218e-05,3.469446951953614e-18,0.007167435251176357,0.0,0,1,0.9076921939849854,0.20944694064039504,13,1.6615383533331063,0.0016868356439649936,0.0010977363952341867,0.007167435251176357,-5.974620580673565e-05,0.007167435251176357,5.974620580673565e-05,0.0017446650890633464,0.0038427170366048813,0.0017446650890633464,0,0.007167435251176357,0.0,0.0,0.007167435251176357,0,6.487186308967718e-11,2.6020852139652106e-18,0,0,10,11,13,13,0,1,1,1,0.0,0.0,0.0,1,0.004179914481937885,0.0005961968563497066,0.0035837176255881786,0.0035837176255881786,inf,inf,0,0,-5.974614093486909e-05,8.673617379884035e-19,1.661538450534526,0.005954484630773053,8.673617379884035e-19,inf,0,0,0,4,3,0,0,0.029999999329447746
3002,18,1,3,18,9d31edf9e59207e1e1baa9bceada24ce8fee915f7af2666ab93ea04168e77598,0bc601d8605a9532d518cc9ec06d7054f26c5dc8b8d4b9e7a46288d2e669208a,0.021342866122722626,0.029999999329447746,-0.008962652646005154,-0.008962652646005154,-0.01349999944550487,0.021342866122722626,0.029999999329447746,1,3,0.9076923131942749,0.2094469155167731,13,1.661538461366525,0.0017927888186326647,0.0010946646509085887,0.00865713320672512,0.004537346799499716,0.00865713320672512,0.004537346799499716,0.002186852041631937,0.005556871183216572,0.002186852041631937,0,0.02134286519140005,0.029999999329447746,9.313225746154785e-10,0.008657134138047695,0,1.0620005153061385e-09,0.0,10,11,10,11,1,1,1,1,1,1,0.014999999897554517,0.01499999943189323,0.01499999943189323,0,0.004725760780274868,0.00039719371125102043,0.004328567069023848,0.004328567069023848,0.2885711488642047,0.3150507306171547,1,0,-0.008962651584004638,-0.01349999944550487,1.6615384522538923,0.00719208062834305,0.01349999944550487,0.532746735092483,1,1,0,1,1,1,1,0.011999998241662979
3002,18,1,4,18,9d31edf9e59207e1e1baa9bceada24ce8fee915f7af2666ab93ea04168e77598,0bc601d8605a9532d518cc9ec06d7054f26c5dc8b8d4b9e7a46288d2e669208a,0.016117043793201447,0.018000001087784767,0.0008539743721485138,0.0008539743721485138,1.2895235226850765e-10,0.016117043793201447,0.018000001087784767,1,3,0.9076921939849854,0.20944694064039504,13,1.661538353333106,0.0008889157062968232,0.0006794790301978946,0.0018829572945833206,0.0008539742431961615,0.0018829572945833206,0.0008539742431961615,0.0013539135688915849,0.004288278054445982,0.0013539135688915849,0,0.016117042861878872,0.018000001087784767,9.313225746154785e-10,0.002850038930773735,0,1.3196880055757476e-09,5.204170427930421e-18,10,11,10,11,1,1,1,1,1,1,0.008999999612569809,0.009000001475214958,0.008999999612569809,0,0.0016013439744710922,-0.0001763245090842247,0.0014250194653868675,0.0014250194653868675,0.1583355029700913,0.17792711593393654,1,0,0.0008539756918365194,1.2895235747267808e-10,1.6615384505345263,0.0023677246345004347,1.2895235747267808e-10,18361235.73779641,1,0,0,2,2,0,0,0.011999998241662979
3002,18,1,5,18,9d31edf9e59207e1e1baa9bceada24ce8fee915f7af2666ab93ea04168e77598,0bc601d8605a9532d518cc9ec06d7054f26c5dc8b8d4b9e7a46288d2e669208a,0.0035822559148073196,0.0,-0.0006293932092376053,-0.0006293932092376053,3.469446951953614e-18,0.0035822559148073196,0.0,0,1,0.9076921939849854,0.20944694064039504,13,1.661538353333106,0.0009532168008868448,0.0008169188213771616,0.0035822559148073196,-0.0006293932092376088,0.0035822559148073196,0.0006293932092376088,0.0023138585966080427,0.001090950216166675,0.0023138585966080427,0,0.0035822559148073196,0.0,0.0,0.0035822559148073196,0,1.0177807555078466e-10,0.0,0,0,8,11,13,13,0,1,1,1,0.0,0.0,0.0,1,0.0023889299482107162,-0.0005978019908070564,0.0017911279574036598,0.0017911279574036598,inf,inf,0,0,-0.0006293931074595298,3.469446951953614e-18,1.6615384505345263,0.002976027971053548,3.469446951953614e-18,inf,0,0,0,5,4,0,0,0.029999999329447746
3002,18,2,0,18,9d31edf9e59207e1e1baa9bceada24ce8fee915f7af2666ab93ea04168e77598,0bc601d8605a9532d518cc9ec06d7054f26c5dc8b8d4b9e7a46288d2e669208a,0.014688463881611824,0.03599999891594052,0.0002050545735983178,0.0002050545735983178,0.0020769230489833986,0.014688463881611824,0.03599999891594052,1,4,0.9076921939849854,0.20944694064039504,13,1.661538353333106,0.007621737738100688,0.00416618712885669,0.0213115350343287,-0.0018718684753850807,0.0213115350343287,0.0018718684753850807,0.0022230560425668955,0.006324858404695988,0.0022230560425668955,0,0.014688463881611824,0.03599999891594052,0.0,0.030818494502454996,0,1.0779463242155396e-09,0.0,10,2,10,11,1,1,1,1,0,0,0.0059999991208314896,0.024000000674277544,0.0059999991208314896,0,0.03330474952235818,0.01789550227113068,0.015409247251227498,0.015409247251227498,2.5682082515192204,5.550792400406678,0,0,0.00020505565154464202,0.0020769230489833986,1.6615384505345263,0.025603056801707946,0.0020769230489833986,12.327397885174415,1,0,0,1,1,1,1,0.011999998707324266
3002,18,2,1,18,9d31edf9e59207e1e1baa9bceada24ce8fee915f7af2666ab93ea04168e77598,0bc601d8605a9532d518cc9ec06d7054f26c5dc8b8d4b9e7a46288d2e669208a,0.007815899327397346,0.0,-0.0004956762422807515,-0.0004956762422807515,0.0,0.007815899327397346,0.0,0,1,0.9076921939849854,0.20944694064039504,13,1.661538353333106,0.0019369959073992627,0.0013656861771493267,0.007815899327397346,-0.0004956762422807515,0.007815899327397346,0.0004956762422807515,0.0020132020581513643,0.002898981561884284,0.0020132020581513643,0,0.007815899327397346,0.0,0.0,0.007815899327397346,0,3.3748495317786897e-09,1.734723475976807e-18,0,0,10,2,13,13,0,1,1,1,0.0,0.0,0.0,1,0.01238810084760189,0.008480151183903217,0.003907949663698673,0.003907949663698673,inf,inf,0,0,-0.0004956728674312197,1.734723475976807e-18,1.6615384505345263,0.006493208628988817,1.734723475976807e-18,inf,0,0,0,3,3,0,0,0.03599999891594052
3002,18,2,3,18,9d31edf9e59207e1e1baa9bceada24ce8fee915f7af2666ab93ea04168e77598,0bc601d8605a9532d518cc9ec06d7054f26c5dc8b8d4b9e7a46288d2e669208a,0.006535420194268227,0.0,6.410697096725926e-05,6.410697096725926e-05,0.0,0.006535420194268227,0.0,0,1,0.9076923131942749,0.2094469155167731,13,1.661538461366525,0.001675879686141684,0.001170188761674441,0.006535420194268227,6.410697096725926e-05,0.006535420194268227,6.410697096725926e-05,0.0024225818924605846,0.0023414629977196455,0.0024225818924605846,0,0.006535420194268227,0.0,0.0,0.006535420194268227,0,4.994889189757767e-10,1.734723475976807e-18,0,0,10,2,13,13,0,1,1,1,0.0,0.0,0.0,1,0.008884666487574577,0.005616956390440464,0.0032677100971341133,0.0032677100971341133,inf,inf,0,0,6.410647147834028e-05,-1.734723475976807e-18,1.6615384522538923,0.005429425977206631,1.734723475976807e-18,inf,0,0,0,4,4,0,0,0.03599999891594052
3002,18,2,4,18,9d31edf9e59207e1e1baa9bceada24ce8fee915f7af2666ab93ea04168e77598,0bc601d8605a9532d518cc9ec06d7054f26c5dc8b8d4b9e7a46288d2e669208a,0.005423497408628464,0.0,0.002049865433946252,0.002049865433946252,0.0,0.005423497408628464,0.0,0,1,0.9076921939849854,0.20944694064039504,13,1.661538353333106,0.0014480505183013302,0.0011130670339045438,0.005423497408628464,0.002049865433946252,0.005423497408628464,0.002049865433946252,0.001980765489861369,0.0023554698564112186,0.001980765489861369,0,0.005423497408628464,0.0,0.0,0.005423497408628464,0,7.478877447897325e-10,1.734723475976807e-18,0,0,10,3,13,13,0,1,1,1,0.0,0.0,0.0,1,0.006636444479227066,0.003924695774912834,0.002711748704314232,0.002711748704314232,inf,inf,0,0,0.002049864686058507,-1.734723475976807e-18,1.6615384505345263,0.004505674740405278,1.734723475976807e-18,inf,0,0,0,5,5,0,0,0.03599999891594052
3002,18,2,5,18,9d31edf9e59207e1e1baa9bceada24ce8fee915f7af2666ab93ea04168e77598,0bc601d8605a9532d518cc9ec06d7054f26c5dc8b8d4b9e7a46288d2e669208a,0.013748398050665855,0.024000000208616257,-0.0013856360455974936,-0.0013856360455974936,0.0,0.013748398050665855,0.024000000208616257,1,3,0.9076921939849854,0.20944694064039504,13,1.661538353333106,0.002448082037366065,0.001598163028440532,0.010251602157950401,-0.0013856360455974936,0.010251602157950401,0.0013856360455974936,0.0015960769960656762,0.0052761659026145935,0.0015960769960656762,0,0.013748398050665855,0.024000000208616257,0.0,0.010251602157950401,0,1.2463177573307505e-09,1.734723475976807e-18,10,11,10,11,1,1,1,1,1,1,0.012000000104308128,0.012000000104308128,0.012000000104308128,0,0.011861378327012062,0.006735577248036861,0.005125801078975201,0.005125801078975201,0.42715008620166456,0.9884481853257402,1,0,-0.001385637291915251,1.734723475976807e-18,1.6615384505345263,0.008516715582508659,1.734723475976807e-18,inf,0,0,0,2,2,0,0,0.011999998707324266
3002,19,0,1,19,310749d3c19d36d5a7f0c71fa97d7c3ad239ee7cee1f5c03937a854e21029dbe,0bc601d8605a9532d518cc9ec06d7054f26c5dc8b8d4b9e7a46288d2e669208a,0.009981216862797737,0.0,-0.00010307071352144703,-0.00010307071352144703,3.469446951953614e-18,0.009981216862797737,0.0,0,1,0.9076921939849854,0.20944694064039504,13,1.661538353333106,0.0025035915741871994,0.0017370556938577687,0.009981216862797737,-0.0001030707135214505,0.009981216862797737,0.0001030707135214505,0.0022231307812035084,0.004331893753260374,0.0022231307812035084,0,0.009981216862797737,0.0,0.0,0.009981216862797737,0,1.8070010609355647e-09,1.734723475976807e-18,0,0,10,11,13,13,0,1,1,1,0.0,0.0,0.0,1,0.005921630188822746,0.0009310217574238777,0.0049906084313988686,0.0049906084313988686,inf,inf,0,0,-0.00010307252052250797,5.204170427930421e-18,1.6615384505345263,0.008292087800331019,5.204170427930421e-18,inf,0,0,0,3,3,0,0,0.04799999902024865
3002,19,0,2,19,310749d3c19d36d5a7f0c71fa97d7c3ad239ee7cee1f5c03937a854e21029dbe,0bc601d8605a9532d518cc9ec06d7054f26c5dc8b8d4b9e7a46288d2e669208a,0.02377220056951046,0.04799999902024865,-0.0011851144954562187,-0.0011851144954562187,-0.00041538503533945087,0.02377220056951046,0.04799999902024865,1,5,0.9076921939849854,0.20944694064039504,13,1.6615383533331063,0.008068634696893253,0.0048951006345671335,0.02422779845073819,-0.0007697294601167678,0.02422779845073819,0.0007697294601167678,0.0011420605005696416,0.0023842607624828815,0.0011420605005696416,0,0.02377220056951046,0.04799999902024865,0.0,0.03290884988382459,0,9.53499312492112e-10,0.0,10,1,10,11,1,1,1,1,0,0,0.017999999225139618,0.012000000569969416,0.012000000569969416,0,0.023832250852137804,0.007377825910225511,0.016454424941912293,0.016454424941912293,1.3712020133640903,1.9860208100138903,0,0,-0.0011851135419569062,-0.00041538503533945087,1.661538450534526,0.02733965972242161,0.00041538503533945087,65.81763278997222,1,0,0,1,1,1,1,0.023999998811632395
3002,19,0,3,19,310749d3c19d36d5a7f0c71fa97d7c3ad239ee7cee1f5c03937a854e21029dbe,0bc601d8605a9532d518cc9ec06d7054f26c5dc8b8d4b9e7a46288d2e669208a,0.008851161226630211,0.0,-0.0011777715990319848,-0.0011777715990319848,0.0,0.008851161226630211,0.0,0,1,0.9076923131942749,0.2094469155167731,13,1.661538461366525,0.002217164819149165,0.001459589327228141,0.008851161226630211,-0.0011777715990319848,0.008851161226630211,0.0011777715990319848,0.0026509538292884827,0.0031668180599808693,0.0026509538292884827,0,0.008851161226630211,0.0,0.0,0.008851161226630211,0,6.86537606278681e-10,3.469446951953614e-18,0,0,10,1,13,13,0,1,1,1,0.0,0.0,0.0,1,0.008227517828345299,0.0038019372150301933,0.0044255806133151054,0.0044255806133151054,inf,inf,0,0,-0.001177772285569591,-3.469446951953614e-18,1.6615384522538923,0.0073532723625724114,3.469446951953614e-18,inf,0,0,0,4,4,0,0,0.04799999902024865
3002,19,0,4,19,310749d3c19d36d5a7f0c71fa97d7c3ad239ee7cee1f5c03937a854e21029dbe,0bc601d8605a9532d518cc9ec06d7054f26c5dc8b8d4b9e7a46288d2e669208a,0.005870608612895012,0.0,-0.0015556119615212083,-0.0015556119615212083,0.0,0.005870608612895012,0.0,0,1,0.9076921939849854,0.20944694064039504,13,1.661538353333106,0.0015623148938460605,0.0012201751477619604,0.005870608612895012,-0.0015556119615212083,0.005870608612895012,0.0015556119615212083,0.004634881857782602,0.0029171821661293507,0.004634881857782602,0,0.005870608612895012,0.0,0.0,0.005870608612895012,0,1.1955371068128606e-10,5.204170427930421e-18,0,0,10,6,13,13,0,1,1,1,0.0,0.0,0.0,1,0.005568733438849449,0.002633429132401943,0.002935304306447506,0.002935304306447506,inf,inf,0,0,-0.0015556118419674976,5.204170427930421e-18,1.6615384505345263,0.004877120969182112,5.204170427930421e-18,inf,0,0,0,5,5,0,0,0.04799999902024865
3002,19,0,5,19,310749d3c19d36d5a7f0c71fa97d7c3ad239ee7cee1f5c03937a854e21029dbe,0bc601d8605a9532d518cc9ec06d7054f26c5dc8b8d4b9e7a46288d2e669208a,0.017113884910941124,0.024000000208616257,-0.0006498827715404332,-0.0006498827715404332,0.0,0.017113884910941124,0.024000000208616257,1,3,0.9076921939849854,0.20944694064039504,13,1.661538353333106,0.0020593090012292763,0.0016266095435478278,0.006886115297675133,-0.0006498827715404332,0.006886115297675133,0.0006498827715404332,0.002293030731379986,0.002990070963278413,0.002293030731379986,0,0.017113884910941124,0.024000000208616257,0.0,0.007467659190297127,0,5.532470193775341e-10,3.469446951953614e-18,10,11,10,11,1,1,1,1,1,1,0.012000000104308128,0.012000000104308128,0.012000000104308128,0,0.005068985745310783,0.00133515615016222,0.0037338295951485634,0.0037338295951485634,0.311152463557736,0.422415475104118,1,0,-0.0006498822182934138,3.469446951953614e-18,1.6615384505345263,0.006203901440083101,3.469446951953614e-18,inf,0,0,0,2,2,0,0,0.023999998811632395
3002,19,1,0,19,310749d3c19d36d5a7f0c71fa97d7c3ad239ee7cee1f5c03937a854e21029dbe,0bc601d8605a9532d518cc9ec06d7054f26c5dc8b8d4b9e7a46288d2e669208a,0.0017918795347213745,0.0,0.00021867298346478492,0.00021867298346478492,0.0,0.0017918795347213745,0.0,0,1,0.9076921939849854,0.20944694064039504,13,1.661538353333106,0.0004655635504247101,0.00037907917030464256,0.0017918795347213745,0.00021867298346478492,0.0017918795347213745,0.00021867298346478492,0.0016406024806201458,0.001018271315842867,0.0016406024806201458,0,0.0017918795347213745,0.0,0.0,0.0017918795347213745,0,3.683451547248362e-11,2.6020852139652106e-18,0,0,8,7,13,13,0,1,1,1,0.0,0.0,0.0,1,0.0011853557080030441,-0.00028941594064235687,0.0008959397673606873,0.0008959397673606873,inf,inf,0,0,0.0002186730202993004,2.6020852139652106e-18,1.6615384505345263,0.0014886383728327402,2.6020852139652106e-18,inf,0,0,0,3,5,0,0,0.029999999329447746
3002,19,1,2,19,310749d3c19d36d5a7f0c71fa97d7c3ad239ee7cee1f5c03937a854e21029dbe,0bc601d8605a9532d518cc9ec06d7054f26c5dc8b8d4b9e7a46288d2e669208a,0.006121966987848282,0.0,-0.00014288320380728692,-0.00014288320380728692,3.469446951953614e-18,0.006121966987848282,0.0,0,1,0.9076921939849854,0.20944694064039504,13,1.6615383533331063,0.0013874714470043694,0.00090291699361519,0.006121966987848282,-0.0001428832038072904,0.006121966987848282,0.0001428832038072904,0.0015272105811163783,0.0022003636695444584,0.0015272105811163783,0,0.006121966987848282,0.0,0.0,0.006121966987848282,0,9.064216001039571e-10,2.6020852139652106e-18,0,0,10,11,13,13,0,1,1,1,0.0,0.0,0.0,1,0.0034623444080352783,-0.0004013609141111374,0.003060983493924141,0.003060983493924141,inf,inf,0,0,-0.00014288411022888702,8.673617379884035e-19,1.661538450534526,0.005085941771606477,8.673617379884035e-19,inf,0,0,0,4,3,0,0,0.029999999329447746
3002,19,1,3,19,310749d3c19d36d5a7f0c71fa97d7c3ad239ee7cee1f5c03937a854e21029dbe,0bc601d8605a9532d518cc9ec06d7054f26c5dc8b8d4b9e7a46288d2e669208a,0.021348275244235992,0.029999999329447746,-0.008869104087352753,-0.008869104087352753,-0.01349999944550487,0.021348275244235992,0.029999999329447746,1,3,0.9076923131942749,0.2094469155167731,13,1.661538461366525,0.0017888311847182989,0.0010410530421023185,0.008651724085211754,0.004630895358152117,0.008651724085211754,0.004630895358152117,0.0029895640909671783,0.005686741787940264,0.0029895640909671783,0,0.021348274312913418,0.029999999329447746,9.313225746154785e-10,0.008651725016534328,0,7.158138196766695e-10,0.0,10,11,10,11,1,1,1,1,1,1,0.014999999897554517,0.01499999943189323,0.01499999943189323,0,0.00464207399636507,0.0003162114880979061,0.004325862508267164,0.004325862508267164,0.2883908448069304,0.3094716114785325,1,0,-0.008869103371538933,-0.01349999944550487,1.6615384522538923,0.007187586896649364,0.01349999944550487,0.5324138660644637,1,1,0,1,1,1,1,0.011999998241662979
3002,19,1,4,19,310749d3c19d36d5a7f0c71fa97d7c3ad239ee7cee1f5c03937a854e21029dbe,0bc601d8605a9532d518cc9ec06d7054f26c5dc8b8d4b9e7a46288d2e669208a,0.015006272122263908,0.018000001087784767,0.00032654483220539987,0.00032654483220539987,1.289523557379546e-10,0.015006272122263908,0.018000001087784767,1,3,0.9076921939849854,0.20944694064039504,13,1.661538353333106,0.0009008070598053515,0.0007017221103405812,0.0029937289655208588,0.00032654470325304413,0.0029937289655208588,0.00032654470325304413,0.0011975497473031282,0.004637845326215029,0.0011975497473031282,0,0.015006272122263908,0.018000001087784767,0.0,0.003308761864900589,0,1.0890071379388022e-09,0.0,10,11,10,11,1,1,1,1,1,1,0.008999999612569809,0.009000001475214958,0.008999999612569809,0,0.0031283609569072723,-0.0014739800244569778,0.0016543809324502945,0.0016543809324502945,0.1838201115186395,0.34759567684181464,1,0,0.0003265459212125378,1.289523557379546e-10,1.6615384505345263,0.0027488175310973273,1.289523557379546e-10,21316535.982353263,1,0,0,2,2,0,0,0.011999998241662979
3002,19,1,5,19,310749d3c19d36d5a7f0c71fa97d7c3ad239ee7cee1f5c03937a854e21029dbe,0bc601d8605a9532d518cc9ec06d7054f26c5dc8b8d4b9e7a46288d2e669208a,0.0031457580626010895,0.0,-0.0003737696970347315,-0.0003737696970347315,3.469446951953614e-18,0.0031457580626010895,0.0,0,1,0.9076921939849854,0.20944694064039504,13,1.661538353333106,0.000755010884056727,0.0005364110087149241,0.0031457580626010895,-0.000373769697034735,0.0031457580626010895,0.000373769697034735,0.0020313416607677937,0.0013082814402878284,0.0020313416607677937,0,0.0031457580626010895,0.0,0.0,0.0031457580626010895,0,1.6716664875265907e-09,0.0,0,0,8,11,13,13,0,1,1,1,0.0,0.0,0.0,1,0.00292401947081089,-0.0013511404395103455,0.0015728790313005447,0.0015728790313005447,inf,inf,0,0,-0.00037377136870121903,3.469446951953614e-18,1.6615384505345263,0.002613398988545354,3.469446951953614e-18,inf,0,0,0,5,4,0,0,0.029999999329447746
3002,19,2,0,19,310749d3c19d36d5a7f0c71fa97d7c3ad239ee7cee1f5c03937a854e21029dbe,0bc601d8605a9532d518cc9ec06d7054f26c5dc8b8d4b9e7a46288d2e669208a,0.013377690687775612,0.036000000312924385,0.0005917145754210651,0.0005917145754210651,0.0020769229522691335,0.013377690687775612,0.036000000312924385,1,4,0.9076921939849854,0.20944694064039504,13,1.661538353333106,0.007578556784995101,0.00400229343957097,0.022622309625148773,-0.0014852083768480684,0.022622309625148773,0.0014852083768480684,0.0016874175053089857,0.0060829417780041695,0.0016874175053089857,0,0.013377690687775612,0.036000000312924385,0.0,0.029710888862609863,0,5.880083607523456e-10,1.734723475976807e-18,10,2,10,11,1,1,1,1,0,0,0.006000000983476639,0.023999999277293682,0.006000000983476639,0,0.0340079702436924,0.019152525812387466,0.014855444431304932,0.014855444431304932,2.4759069993847063,5.667994111558767,0,0,0.0005917151634294258,0.0020769229522691317,1.6615384505345263,0.024682892122392153,0.0020769229522691317,11.884356179618981,1,0,0,1,2,1,0,0.012000001966953278
3002,19,2,1,19,310749d3c19d36d5a7f0c71fa97d7c3ad239ee7cee1f5c03937a854e21029dbe,0bc601d8605a9532d518cc9ec06d7054f26c5dc8b8d4b9e7a46288d2e669208a,0.008185377344489098,0.0,-0.0005847141146659851,-0.0005847141146659851,0.0,0.008185377344489098,0.0,0,1,0.9076921939849854,0.20944694064039504,13,1.661538353333106,0.001974270982524745,0.001411073196392793,0.008185377344489098,-0.0005847141146659851,0.008185377344489098,0.0005847141146659851,0.0025891743134707212,0.0016209612367674708,0.0025891743134707212,0,0.008185377344489098,0.0,0.0,0.008185377344489098,0,7.411856458444666e-10,1.734723475976807e-18,0,0,10,2,13,13,0,1,1,1,0.0,0.0,0.0,1,0.014588471502065659,0.01049578282982111,0.004092688672244549,0.004092688672244549,inf,inf,0,0,-0.000584714855851631,-1.734723475976807e-18,1.6615384505345263,0.006800159595001415,1.734723475976807e-18,inf,0,0,0,3,3,0,0,0.036000000312924385
3002,19,2,3,19,310749d3c19d36d5a7f0c71fa97d7c3ad239ee7cee1f5c03937a854e21029dbe,0bc601d8605a9532d518cc9ec06d7054f26c5dc8b8d4b9e7a46288d2e669208a,0.00567178800702095,0.0,0.00025434294366277754,0.00025434294366277754,-3.469446951953614e-18,0.00567178800702095,0.0,0,1,0.9076923131942749,0.2094469155167731,13,1.661538461366525,0.0015124726868014937,0.0011789862220809308,0.00567178800702095,0.000254342943662781,0.00567178800702095,0.000254342943662781,0.0030461009591817856,0.001605661236681044,0.0030461009591817856,0,0.00567178800702095,0.0,0.0,0.00567178800702095,0,4.120091420811711e-10,3.469446951953614e-18,0,0,10,2,13,13,0,1,1,1,0.0,0.0,0.0,1,0.00972309522330761,0.006887201219797134,0.002835894003510475,0.002835894003510475,inf,inf,0,0,0.00025434253165363546,-6.938893903907228e-18,1.6615384522538923,0.004711946933348889,6.938893903907228e-18,inf,0,0,0,4,4,0,0,0.036000000312924385
3002,19,2,4,19,310749d3c19d36d5a7f0c71fa97d7c3ad239ee7cee1f5c03937a854e21029dbe,0bc601d8605a9532d518cc9ec06d7054f26c5dc8b8d4b9e7a46288d2e669208a,0.004356786608695984,0.0,-0.0005698057939298451,-0.0005698057939298451,0.0,0.004356786608695984,0.0,0,1,0.9076921939849854,0.20944694064039504,13,1.661538353333106,0.0013736697890856702,0.0011986151954831456,0.004356786608695984,-0.0005698057939298451,0.004356786608695984,0.0005698057939298451,0.003001973032951355,0.001719373045489192,0.003001973032951355,0,0.004356786608695984,0.0,0.0,0.004356786608695984,0,1.9568645627521253e-09,1.734723475976807e-18,0,0,10,3,13,13,0,1,1,1,0.0,0.0,0.0,1,0.00813114084303379,0.005952747538685799,0.002178393304347992,0.002178393304347992,inf,inf,0,0,-0.0005698038370652823,-1.734723475976807e-18,1.6615384505345263,0.003619484235561149,1.734723475976807e-18,inf,0,0,0,5,5,0,0,0.036000000312924385
3002,19,2,5,19,310749d3c19d36d5a7f0c71fa97d7c3ad239ee7cee1f5c03937a854e21029dbe,0bc601d8605a9532d518cc9ec06d7054f26c5dc8b8d4b9e7a46288d2e669208a,0.013896752148866653,0.023999998345971107,-0.0012474950635805726,-0.0012474950635805726,1.289523557379546e-10,0.013896752148866653,0.023999998345971107,1,3,0.9076921939849854,0.20944694064039504,13,1.661538353333106,0.0022787537018740165,0.0015564994699150852,0.010103246197104454,-0.0012474951925329283,0.010103246197104454,0.0012474951925329283,0.0021116004791110754,0.006715547293424606,0.0021116004791110754,0,0.013896752148866653,0.023999998345971107,0.0,0.010103246197104454,0,1.748252966005115e-10,0.0,10,11,10,11,1,1,1,1,1,1,0.011999998241662979,0.012000000104308128,0.011999998241662979,0,0.011678410694003105,0.006626787595450878,0.005051623098552227,0.005051623098552227,0.4209686532297496,0.9732010337682093,1,0,-0.001247494888755276,1.289523557379546e-10,1.6615384505345263,0.00839346601585289,1.289523557379546e-10,65089667.94611599,0,0,0,2,1,0,1,0.012000001966953278
3002,20,0,1,20,25e844798a9aed4e771369fa30520769329c3e08a5cb87c6150a8d2b99ef88d6,0bc601d8605a9532d518cc9ec06d7054f26c5dc8b8d4b9e7a46288d2e669208a,0.009999392554163933,0.0,-0.00012101543688913807,-0.00012101543688913807,3.469446951953614e-18,0.009999392554163933,0.0,0,1,0.9076921939849854,0.20944694064039504,13,1.661538353333106,0.0025036764749668313,0.0017292355380114713,0.009999392554163933,-0.00012101543688914154,0.009999392554163933,0.00012101543688914154,0.002257192274555564,0.004370498470962048,0.002257192274555564,0,0.009999392554163933,0.0,0.0,0.009999392554163933,0,9.328718041101691e-10,1.734723475976807e-18,0,0,10,11,13,13,0,1,1,1,0.0,0.0,0.0,1,0.005798662081360817,0.0007989658042788506,0.004999696277081966,0.004999696277081966,inf,inf,0,0,-0.00012101636976094218,5.204170427930421e-18,1.6615384505345263,0.00830718760536601,5.204170427930421e-18,inf,0,0,0,3,3,0,0,0.04799999902024865
3002,20,0,2,20,25e844798a9aed4e771369fa30520769329c3e08a5cb87c6150a8d2b99ef88d6,0bc601d8605a9532d518cc9ec06d7054f26c5dc8b8d4b9e7a46288d2e669208a,0.023853667080402374,0.04799999902024865,-0.0012170703848823905,-0.0012170703848823905,-0.00041538503533945087,0.023853667080402374,0.04799999902024865,1,5,0.9076921939849854,0.20944694064039504,13,1.6615383533331063,0.008071702300731426,0.0048947266947764615,0.024146331939846277,-0.0008016853495429396,0.024146331939846277,0.0008016853495429396,0.0011833140160888433,0.002466576173901558,0.0011833140160888433,0,0.023853667080402374,0.04799999902024865,0.0,0.032867558766156435,0,5.167041065845535e-10,0.0,10,1,10,11,1,1,1,1,0,0,0.017999999225139618,0.012000000569969416,0.012000000569969416,0,0.02378968195989728,0.007355902576819062,0.016433779383078218,0.016433779383078218,1.369481550209635,1.9824734024956727,0,0,-0.001217070901586497,-0.00041538503533945087,1.661538450534526,0.02730535633258602,0.00041538503533945087,65.73505063867358,1,0,0,1,1,1,1,0.023999998811632395
3002,20,0,3,20,25e844798a9aed4e771369fa30520769329c3e08a5cb87c6150a8d2b99ef88d6,0bc601d8605a9532d518cc9ec06d7054f26c5dc8b8d4b9e7a46288d2e669208a,0.008875830098986626,0.0,-0.001186850480735302,-0.001186850480735302,0.0,0.008875830098986626,0.0,0,1,0.9076923131942749,0.2094469155167731,13,1.661538461366525,0.002219981976883428,0.0014533180104204897,0.008875830098986626,-0.001186850480735302,0.008875830098986626,0.001186850480735302,0.0026626724284142256,0.0032386414241045713,0.0026626724284142256,0,0.008875830098986626,0.0,0.0,0.008875830098986626,0,5.66489541040105e-10,3.469446951953614e-18,0,0,10,1,13,13,0,1,1,1,0.0,0.0,0.0,1,0.008174126967787743,0.0037362119182944298,0.004437915049493313,0.004437915049493313,inf,inf,0,0,-0.001186851047224843,-3.469446951953614e-18,1.6615384522538923,0.0073737665025693745,3.469446951953614e-18,inf,0,0,0,4,4,0,0,0.04799999902024865
3002,20,0,4,20,25e844798a9aed4e771369fa30520769329c3e08a5cb87c6150a8d2b99ef88d6,0bc601d8605a9532d518cc9ec06d7054f26c5dc8b8d4b9e7a46288d2e669208a,0.005856378003954887,0.0,-0.001542766229249537,-0.001542766229249537,0.0,0.005856378003954887,0.0,0,1,0.9076921939849854,0.20944694064039504,13,1.661538353333106,0.0015609829595147153,0.0012126841841364766,0.005856378003954887,-0.001542766229249537,0.005856378003954887,0.001542766229249537,0.004659082740545273,0.0029553347267210484,0.004659082740545273,0,0.005856378003954887,0.0,0.0,0.005856378003954887,0,3.4579018433344988e-09,5.204170427930421e-18,0,0,10,6,13,13,0,1,1,1,0.0,0.0,0.0,1,0.005504036322236061,0.0025758473202586174,0.0029281890019774437,0.0029281890019774437,inf,inf,0,0,-0.0015427627713476937,5.204170427930421e-18,1.6615384505345263,0.0048652986172178425,5.204170427930421e-18,inf,0,0,0,5,5,0,0,0.04799999902024865
3002,20,0,5,20,25e844798a9aed4e771369fa30520769329c3e08a5cb87c6150a8d2b99ef88d6,0bc601d8605a9532d518cc9ec06d7054f26c5dc8b8d4b9e7a46288d2e669208a,0.017122715711593628,0.024000000208616257,-0.0006529760430566967,-0.0006529760430566967,0.0,0.017122715711593628,0.024000000208616257,1,3,0.9076921939849854,0.20944694064039504,13,1.661538353333106,0.0020577699932405233,0.0016234647372417902,0.006877284497022629,-0.0006529760430566967,0.006877284497022629,0.0006529760430566967,0.002304662484675646,0.0030473999213427305,0.002304662484675646,0,0.017122715711593628,0.024000000208616257,0.0,0.007477132603526115,0,3.481560576293341e-09,3.469446951953614e-18,10,11,10,11,1,1,1,1,1,1,0.012000000104308128,0.012000000104308128,0.012000000104308128,0,0.005009345710277557,0.0012707794085144997,0.0037385663017630577,0.0037385663017630577,0.31154718910551277,0.4174454722278835,1,0,-0.0006529725614961204,3.469446951953614e-18,1.6615384505345263,0.0062117716602519855,3.469446951953614e-18,inf,0,0,0,2,2,0,0,0.023999998811632395
3002,20,1,0,20,25e844798a9aed4e771369fa30520769329c3e08a5cb87c6150a8d2b99ef88d6,0bc601d8605a9532d518cc9ec06d7054f26c5dc8b8d4b9e7a46288d2e669208a,0.0017985552549362183,0.0,0.000204080090043135,0.000204080090043135,0.0,0.0017985552549362183,0.0,0,1,0.9076921939849854,0.20944694064039504,13,1.661538353333106,0.00047118199764722973,0.00038910313294484065,0.0017985552549362183,0.000204080090043135,0.0017985552549362183,0.000204080090043135,0.0016565242549404502,0.0009730960009619594,0.0016565242549404502,0,0.0017985552549362183,0.0,0.0,0.0017985552549362183,0,8.657353271768198e-10,2.6020852139652106e-18,0,0,8,7,13,13,0,1,1,1,0.0,0.0,0.0,1,0.0011148173362016678,-0.00021553970873355865,0.0008992776274681091,0.0008992776274681091,inf,inf,0,0,0.0002040792243078078,2.6020852139652106e-18,1.6615384505345263,0.001494184355743727,2.6020852139652106e-18,inf,0,0,0,3,5,0,0,0.029999999329447746
3002,20,1,2,20,25e844798a9aed4e771369fa30520769329c3e08a5cb87c6150a8d2b99ef88d6,0bc601d8605a9532d518cc9ec06d7054f26c5dc8b8d4b9e7a46288d2e669208a,0.006179573945701122,0.0,-0.00014115124940872192,-0.00014115124940872192,3.469446951953614e-18,0.006179573945701122,0.0,0,1,0.9076921939849854,0.20944694064039504,13,1.6615383533331063,0.0013976593163182378,0.0009088218432559065,0.006179573945701122,-0.0001411512494087254,0.006179573945701122,0.0001411512494087254,0.001528695342130959,0.0022010565735399723,0.001528695342130959,0,0.006179573945701122,0.0,0.0,0.006179573945701122,0,1.0970298306919868e-09,2.6020852139652106e-18,0,0,10,11,13,13,0,1,1,1,0.0,0.0,0.0,1,0.003479061648249626,-0.000389274675399065,0.003089786972850561,0.003089786972850561,inf,inf,0,0,-0.00014115015237889123,8.673617379884035e-19,1.661538450534526,0.005133799859351885,8.673617379884035e-19,inf,0,0,0,4,3,0,0,0.029999999329447746
3002,20,1,3,20,25e844798a9aed4e771369fa30520769329c3e08a5cb87c6150a8d2b99ef88d6,0bc601d8605a9532d518cc9ec06d7054f26c5dc8b8d4b9e7a46288d2e669208a,0.021428048610687256,0.029999999329447746,-0.008910668082535267,-0.008910668082535267,-0.01349999944550487,0.021428048610687256,0.029999999329447746,1,3,0.9076923131942749,0.2094469155167731,13,1.661538461366525,0.0017736883935920375,0.001035375302910981,0.00857195071876049,0.004589331362969603,0.00857195071876049,0.004589331362969603,0.002974723232910037,0.005657672882080078,0.002974723232910037,0,0.02142804954200983,0.029999999329447746,9.313225746154785e-10,0.008571949787437916,0,2.76170660992725e-10,0.0,10,11,10,11,1,1,1,1,1,1,0.014999999897554517,0.01499999943189323,0.01499999943189323,0,0.00459552276879549,0.00030954787507653236,0.004285974893718958,0.004285974893718958,0.2857316704030036,0.30636819618968913,1,0,-0.008910668358705928,-0.01349999944550487,1.6615384522538923,0.0071213120913088375,0.01349999944550487,0.5275046210227838,1,1,0,1,1,1,1,0.011999998241662979
3002,20,1,4,20,25e844798a9aed4e771369fa30520769329c3e08a5cb87c6150a8d2b99ef88d6,0bc601d8605a9532d518cc9ec06d7054f26c5dc8b8d4b9e7a46288d2e669208a,0.015115619637072086,0.018000001087784767,0.00031630383455194533,0.00031630383455194533,1.289523557379546e-10,0.015115619637072086,0.018000001087784767,1,3,0.9076921939849854,0.20944694064039504,13,1.661538353333106,0.0008838934352498758,0.0006907877220204598,0.002884381450712681,0.0003163037055995896,0.002884381450712681,0.0003163037055995896,0.001200828468427062,0.004645621404051781,0.001200828468427062,0,0.015115619637072086,0.018000001087784767,0.0,0.0032478058710694313,0,6.634233717939253e-10,0.0,10,11,10,11,1,1,1,1,1,1,0.008999999612569809,0.009000001475214958,0.008999999612569809,0,0.0030177580192685127,-0.001393855083733797,0.0016239029355347157,0.0016239029355347157,0.18043366727112953,0.33530646101959544,1,0,0.00031630317112857353,1.289523557379546e-10,1.6615384505345263,0.0026981771673268203,1.289523557379546e-10,20923829.982678358,1,0,0,2,2,0,0,0.011999998241662979
3002,20,1,5,20,25e844798a9aed4e771369fa30520769329c3e08a5cb87c6150a8d2b99ef88d6,0bc601d8605a9532d518cc9ec06d7054f26c5dc8b8d4b9e7a46288d2e669208a,0.003211379051208496,0.0,-0.0003772233612835407,-0.0003772233612835407,3.469446951953614e-18,0.003211379051208496,0.0,0,1,0.9076921939849854,0.20944694064039504,13,1.661538353333106,0.0007626246130255675,0.000537917106109258,0.003211379051208496,-0.0003772233612835442,0.003211379051208496,0.0003772233612835442,0.0020405713003128767,0.001295987400226295,0.0020405713003128767,0,0.003211379051208496,0.0,0.0,0.003211379051208496,0,1.95926788681966e-10,0.0,0,0,8,11,13,13,0,1,1,1,0.0,0.0,0.0,1,0.002922775223851204,-0.0013170856982469559,0.001605689525604248,0.001605689525604248,inf,inf,0,0,-0.00037722316535675204,3.469446951953614e-18,1.6615384505345263,0.002667914886412001,3.469446951953614e-18,inf,0,0,0,5,4,0,0,0.029999999329447746
3002,20,2,0,20,25e844798a9aed4e771369fa30520769329c3e08a5cb87c6150a8d2b99ef88d6,0bc601d8605a9532d518cc9ec06d7054f26c5dc8b8d4b9e7a46288d2e669208a,0.013276739045977592,0.036000000312924385,0.0005873069167137146,0.0005873069167137146,0.0020769229522691335,0.013276739045977592,0.036000000312924385,1,4,0.9076921939849854,0.20944694064039504,13,1.661538353333106,0.007580344214087949,0.004003781770196186,0.022723261266946793,-0.0014896160355554189,0.022723261266946793,0.0014896160355554189,0.0016872792039066553,0.006226131226867437,0.0016872792039066553,0,0.013276739045977592,0.036000000312924385,0.0,0.029725048691034317,0,6.552002360799003e-10,1.734723475976807e-18,10,2,10,11,1,1,1,1,0,0,0.006000000983476639,0.023999999277293682,0.006000000983476639,0,0.03396530635654926,0.019102782011032104,0.014862524345517159,0.014862524345517159,2.4770869848933295,5.660883464867103,0,0,0.0005873075719139507,0.0020769229522691317,1.6615384505345263,0.024694655672082254,0.0020769229522691317,11.890020111291193,1,0,0,1,2,1,0,0.012000001966953278
3002,20,2,1,20,25e844798a9aed4e771369fa30520769329c3e08a5cb87c6150a8d2b99ef88d6,0bc601d8605a9532d518cc9ec06d7054f26c5dc8b8d4b9e7a46288d2e669208a,0.008146192878484726,0.0,-0.0005882323603145778,-0.0005882323603145778,0.0,0.008146192878484726,0.0,0,1,0.9076921939849854,0.20944694064039504,13,1.661538353333106,0.001964827309325799,0.0014066369046826332,0.008146192878484726,-0.0005882323603145778,0.008146192878484726,0.0005882323603145778,0.0025964241940528154,0.0016056121094152331,0.0025964241940528154,0,0.008146192878484726,0.0,0.0,0.008146192878484726,0,1.7474390146682284e-09,1.734723475976807e-18,0,0,10,2,13,13,0,1,1,1,0.0,0.0,0.0,1,0.014472492039203644,0.01039939559996128,0.004073096439242363,0.004073096439242363,inf,inf,0,0,-0.0005882306128755631,-1.734723475976807e-18,1.6615384505345263,0.006767606346536452,1.734723475976807e-18,inf,0,0,0,3,3,0,0,0.036000000312924385
3002,20,2,3,20,25e844798a9aed4e771369fa30520769329c3e08a5cb87c6150a8d2b99ef88d6,0bc601d8605a9532d518cc9ec06d7054f26c5dc8b8d4b9e7a46288d2e669208a,0.005648791790008545,0.0,0.00026059584342874587,0.00026059584342874587,-3.469446951953614e-18,0.005648791790008545,0.0,0,1,0.9076923131942749,0.2094469155167731,13,1.661538461366525,0.001510971854271765,0.001179934032922666,0.005648791790008545,0.00026059584342874934,0.005648791790008545,0.00026059584342874934,0.0031027724035084248,0.0015927922213450074,0.0031027724035084248,0,0.005648791790008545,0.0,0.0,0.005648791790008545,0,1.780145968133251e-09,3.469446951953614e-18,0,0,10,2,13,13,0,1,1,1,0.0,0.0,0.0,1,0.009693903848528862,0.0068695079535245895,0.0028243958950042725,0.0028243958950042725,inf,inf,0,0,0.000260597623574714,-6.938893903907228e-18,1.6615384522538923,0.004692842383937646,6.938893903907228e-18,inf,0,0,0,4,4,0,0,0.036000000312924385
3002,20,2,4,20,25e844798a9aed4e771369fa30520769329c3e08a5cb87c6150a8d2b99ef88d6,0bc601d8605a9532d518cc9ec06d7054f26c5dc8b8d4b9e7a46288d2e669208a,0.004291927441954613,0.0,-0.0005609368090517819,-0.0005609368090517819,0.0,0.004291927441954613,0.0,0,1,0.9076921939849854,0.20944694064039504,13,1.661538353333106,0.0013655135706105764,0.001194668107131529,0.004291927441954613,-0.0005609368090517819,0.004291927441954613,0.0005609368090517819,0.0029892760794609785,0.0017284105997532606,0.0029892760794609785,0,0.004291927441954613,0.0,0.0,0.004291927441954613,0,1.0254832556039206e-09,1.734723475976807e-18,0,0,10,3,13,13,0,1,1,1,0.0,0.0,0.0,1,0.008042823523283005,0.005896859802305698,0.0021459637209773064,0.0021459637209773064,inf,inf,0,0,-0.0005609357835685263,-1.734723475976807e-18,1.6615384505345263,0.00356560123585594,1.734723475976807e-18,inf,0,0,0,5,5,0,0,0.036000000312924385
3002,20,2,5,20,25e844798a9aed4e771369fa30520769329c3e08a5cb87c6150a8d2b99ef88d6,0bc601d8605a9532d518cc9ec06d7054f26c5dc8b8d4b9e7a46288d2e669208a,0.013816243037581444,0.023999998345971107,-0.0012624682858586311,-0.0012624682858586311,1.289523557379546e-10,0.013816243037581444,0.023999998345971107,1,3,0.9076921939849854,0.20944694064039504,13,1.661538353333106,0.0022907545446512047,0.0015626173223969497,0.010183755308389664,-0.0012624684148109869,0.010183755308389664,0.0012624684148109869,0.002121663885191083,0.006752003449946642,0.002121663885191083,0,0.013816243037581444,0.023999998345971107,0.0,0.010183755308389664,0,8.68043369822713e-10,0.0,10,11,10,11,1,1,1,1,1,1,0.011999998241662979,0.012000000104308128,0.011999998241662979,0,0.011674299836158752,0.006582422181963921,0.005091877654194832,0.005091877654194832,0.42432320002483526,0.9728584622309836,1,0,-0.0012624674178152613,1.289523557379546e-10,1.6615384505345263,0.00846035050786226,1.289523557379546e-10,65608343.94568661,0,0,0,2,1,0,1,0.012000001966953278
3002,21,0,1,21,a0a4c7983cd32f0be859a4023657cf6b9b61d9acf670f36044e2bebe9baa7ec7,0bc601d8605a9532d518cc9ec06d7054f26c5dc8b8d4b9e7a46288d2e669208a,0.03419789671897888,0.0,-5.19075729243923e-05,-5.19075729243923e-05,0.0,0.03419789671897888,0.0,0,1,0.9076921939849854,0.20944694064039504,13,1.661538353333106,0.009295214693609052,0.0075882638876254745,0.03419789671897888,-5.19075729243923e-05,0.03419789671897888,5.19075729243923e-05,0.006565791554749012,0.014863433316349983,0.006565791554749012,0,0.03419789671897888,0.0,0.0,0.03419789671897888,0,6.828829952898463e-09,0.0,0,0,10,1,13,13,0,1,1,1,0.0,0.0,0.0,1,0.19322394579648972,-0.17612499743700027,0.01709894835948944,0.01709894835948944,inf,inf,0,0,-5.19007440944394e-05,0.0,1.6615384505345263,0.028410560162995965,0.0,inf,0,0,0,3,3,0,0,0.04800000041723251
3002,21,0,2,21,a0a4c7983cd32f0be859a4023657cf6b9b61d9acf670f36044e2bebe9baa7ec7,0bc601d8605a9532d518cc9ec06d7054f26c5dc8b8d4b9e7a46288d2e669208a,0.04511492699384689,0.04800000041723251,-0.002620086772367358,-0.002620086772367358,0.004569229682592255,0.04511492699384689,0.04800000041723251,1,5,0.9076921939849854,0.20944694064039504,13,1.6615383533331063,0.008920878918691625,0.007242397884645406,0.00288507342338562,-0.007189316454959613,0.00288507342338562,0.007189316454959613,0.0033572076354175806,0.011881047859787941,0.0033572076354175806,0,0.04511492699384689,0.04800000041723251,0.0,0.03429248929023743,0,4.5905516540822866e-10,6.938893903907228e-18,10,1,10,11,1,1,1,1,0,0,0.015000000596046448,0.012000001966953278,0.012000001966953278,0,0.16236190497875214,-0.14521566033363342,0.017146244645118713,0.017146244645118713,1.4288534862192221,13.530156530463866,0,0,-0.0026200872314225236,0.004569229682592248,1.661538450534526,0.02848914476013646,0.004569229682592248,6.234999494263506,0,0,0,1,1,1,1,0.023999996483325958
3002,21,0,3,21,a0a4c7983cd32f0be859a4023657cf6b9b61d9acf670f36044e2bebe9baa7ec7,0bc601d8605a9532d518cc9ec06d7054f26c5dc8b8d4b9e7a46288d2e669208a,0.031043294817209244,0.0,-0.010157015174627304,-0.010157015174627304,0.0,0.031043294817209244,0.0,0,1,0.9076923131942749,0.2094469155167731,13,1.661538461366525,0.00840055471832283,0.006374558577170739,0.031043294817209244,-0.010157015174627304,0.031043294817209244,0.010157015174627304,0.0046666390262544155,0.016405213624238968,0.0046666390262544155,0,0.031043294817209244,0.0,0.0,0.031043294817209244,0,4.041062547088803e-09,6.938893903907228e-18,0,0,10,1,13,13,0,1,1,1,0.0,0.0,0.0,1,0.1619301289319992,-0.14640848152339458,0.015521647408604622,0.015521647408604622,inf,inf,0,0,-0.010157019215689851,-6.938893903907228e-18,1.6615384522538923,0.02578981401172356,6.938893903907228e-18,inf,0,0,0,4,4,0,0,0.04800000041723251
3002,21,0,4,21,a0a4c7983cd32f0be859a4023657cf6b9b61d9acf670f36044e2bebe9baa7ec7,0bc601d8605a9532d518cc9ec06d7054f26c5dc8b8d4b9e7a46288d2e669208a,0.02711338922381401,0.0,-0.0038522190880030394,-0.0038522190880030394,0.0,0.02711338922381401,0.0,0,1,0.9076921939849854,0.20944694064039504,13,1.661538353333106,0.007460866296801944,0.005989126684750324,0.02711338922381401,-0.0038522190880030394,0.02711338922381401,0.0038522190880030394,0.0014105308800935745,0.015459525398910046,0.0014105308800935745,0,0.02711338922381401,0.0,0.0,0.02711338922381401,0,3.259190826943037e-09,0.0,0,0,10,1,13,13,0,1,1,1,0.0,0.0,0.0,1,0.17203616350889206,-0.15847946889698505,0.013556694611907005,0.013556694611907005,inf,inf,0,0,-0.0038522223471938663,0.0,1.6615384505345263,0.022524969359837728,0.0,inf,0,0,0,5,5,0,0,0.04800000041723251
3002,21,0,5,21,a0a4c7983cd32f0be859a4023657cf6b9b61d9acf670f36044e2bebe9baa7ec7,0bc601d8605a9532d518cc9ec06d7054f26c5dc8b8d4b9e7a46288d2e669208a,0.03782545402646065,0.024000003933906555,-0.002021716209128499,-0.002021716209128499,0.0,0.03782545402646065,0.024000003933906555,1,3,0.9076921939849854,0.20944694064039504,13,1.661538353333106,0.005663789751836071,0.004835757013608716,0.013825450092554092,-0.002021716209128499,0.013825450092554092,0.002021716209128499,0.004999052733182907,0.014463663101196289,0.004999052733182907,0,0.03782545402646065,0.024000003933906555,0.0,0.018618818372488022,0,7.075408259282767e-09,6.938893903907228e-18,10,11,10,11,1,1,1,1,1,1,0.012000001966953278,0.012000001966953278,0.012000001966953278,0,0.16371021419763565,-0.15440080501139164,0.009309409186244011,0.009309409186244011,0.7757839716927655,13.642515613620404,0,0,-0.0020217232845367583,6.938893903907228e-18,1.6615384505345263,0.01546794131470376,6.938893903907228e-18,inf,0,0,0,2,2,0,0,0.023999996483325958
3002,21,1,0,21,a0a4c7983cd32f0be859a4023657cf6b9b61d9acf670f36044e2bebe9baa7ec7,0bc601d8605a9532d518cc9ec06d7054f26c5dc8b8d4b9e7a46288d2e669208a,0.0024425331503152847,0.0,8.290990808745846e-05,8.290990808745846e-05,3.469446951953614e-18,0.0024425331503152847,0.0,0,1,0.9076921939849854,0.20944694064039504,13,1.661538353333106,0.0006498156743613325,0.000544070492129354,0.0024425331503152847,8.290990808745499e-05,0.0024425331503152847,8.290990808745499e-05,0.0015437329420819879,0.0010918888729065657,0.0015437329420819879,0,0.0024425331503152847,0.0,0.0,0.0024425331503152847,0,6.537273986029213e-10,3.469446951953614e-18,0,0,8,7,13,13,0,1,1,1,0.0,0.0,0.0,1,0.0020078886300325394,0.000786622054874897,0.0012212665751576424,0.0012212665751576424,inf,inf,0,0,8.291056181485706e-05,0.0,1.6615384505345263,0.0020291813729770365,0.0,inf,0,0,0,3,5,0,0,0.029999999329447746
3002,21,1,2,21,a0a4c7983cd32f0be859a4023657cf6b9b61d9acf670f36044e2bebe9baa7ec7,0bc601d8605a9532d518cc9ec06d7054f26c5dc8b8d4b9e7a46288d2e669208a,0.007287768647074699,0.0,-5.925772711634636e-05,-5.925772711634636e-05,3.469446951953614e-18,0.007287768647074699,0.0,0,1,0.9076921939849854,0.20944694064039504,13,1.6615383533331063,0.0017088855969596595,0.0011060893116794398,0.007287768647074699,-5.925772711634983e-05,0.007287768647074699,5.925772711634983e-05,0.0017505468567833304,0.0039033209905028343,0.0017505468567833304,0,0.007287768647074699,0.0,0.0,0.007287768647074699,0,2.0020010389060205e-10,2.6020852139652106e-18,0,0,10,11,13,13,0,1,1,1,0.0,0.0,0.0,1,0.004215802997350693,0.000571918673813343,0.0036438843235373497,0.0036438843235373497,inf,inf,0,0,-5.925792731645025e-05,8.673617379884035e-19,1.661538450534526,0.006054453912857298,8.673617379884035e-19,inf,0,0,0,4,3,0,0,0.029999999329447746
3002,21,1,3,21,a0a4c7983cd32f0be859a4023657cf6b9b61d9acf670f36044e2bebe9baa7ec7,0bc601d8605a9532d518cc9ec06d7054f26c5dc8b8d4b9e7a46288d2e669208a,0.02149413526058197,0.029999999329447746,-0.009031064808368683,-0.009031064808368683,-0.01349999944550487,0.02149413526058197,0.029999999329447746,1,3,0.9076923131942749,0.2094469155167731,13,1.661538461366525,0.0017636715032856346,0.0010791721191676057,0.008505864068865776,0.004468934637136187,0.008505864068865776,0.004468934637136187,0.0021893789526075125,0.005572735797613859,0.0021893789526075125,0,0.02149413526058197,0.029999999329447746,0.0,0.008505864068865776,0,1.9553640651093218e-10,0.0,10,11,10,11,1,1,1,1,1,1,0.014999999897554517,0.01499999943189323,0.01499999943189323,0,0.004673220217227936,0.00042028818279504776,0.004252932034432888,0.004252932034432888,0.2835288130338351,0.31154802628136524,1,0,-0.009031064612832276,-0.01349999944550487,1.6615384522538923,0.007066410110032618,0.01349999944550487,0.5234378074278765,1,1,0,1,1,1,1,0.011999998241662979
3002,21,1,4,21,a0a4c7983cd32f0be859a4023657cf6b9b61d9acf670f36044e2bebe9baa7ec7,0bc601d8605a9532d518cc9ec06d7054f26c5dc8b8d4b9e7a46288d2e669208a,0.016255471855401993,0.018000001087784767,0.0008335052989423275,0.0008335052989423275,1.2895235226850765e-10,0.016255471855401993,0.018000001087784767,1,3,0.9076921939849854,0.20944694064039504,13,1.661538353333106,0.0008810856664160381,0.0006717502982658758,0.0017445292323827744,0.0008335051699899752,0.0017445292323827744,0.0008335051699899752,0.0013496351893991232,0.0043263728730380535,0.0013496351893991232,0,0.016255472786724567,0.018000001087784767,9.313225746154785e-10,0.002863040193915367,0,6.249136512079256e-10,5.204170427930421e-18,10,11,10,11,1,1,1,1,1,1,0.008999999612569809,0.009000001475214958,0.008999999612569809,0,0.0015702061355113983,-0.00013868603855371475,0.0014315200969576836,0.0014315200969576836,0.15905779539794174,0.17446735590059104,1,0,0.0008335059238559787,1.2895235747267808e-10,1.6615384505345263,0.0023785256838081046,1.2895235747267808e-10,18444995.736600295,1,0,0,2,2,0,0,0.011999998241662979
3002,21,1,5,21,a0a4c7983cd32f0be859a4023657cf6b9b61d9acf670f36044e2bebe9baa7ec7,0bc601d8605a9532d518cc9ec06d7054f26c5dc8b8d4b9e7a46288d2e669208a,0.003703868016600609,0.0,-0.0006255802582018077,-0.0006255802582018077,3.469446951953614e-18,0.003703868016600609,0.0,0,1,0.9076921939849854,0.20944694064039504,13,1.661538353333106,0.0009666168566134158,0.0008222800872382327,0.003703868016600609,-0.0006255802582018112,0.003703868016600609,0.0006255802582018112,0.002338632708415389,0.0010569693986326456,0.002338632708415389,0,0.003703868016600609,0.0,0.0,0.003703868016600609,0,7.597205538278917e-10,0.0,0,0,8,11,13,13,0,1,1,1,0.0,0.0,0.0,1,0.0023817364126443863,-0.0005298024043440819,0.0018519340083003044,0.0018519340083003044,inf,inf,0,0,-0.0006255810179223616,3.469446951953614e-18,1.6615384505345263,0.003077059562643482,3.469446951953614e-18,inf,0,0,0,5,4,0,0,0.029999999329447746
3002,21,2,0,21,a0a4c7983cd32f0be859a4023657cf6b9b61d9acf670f36044e2bebe9baa7ec7,0bc601d8605a9532d518cc9ec06d7054f26c5dc8b8d4b9e7a46288d2e669208a,0.014579599723219872,0.03599999891594052,0.00022250537585932761,0.00022250537585932761,0.0020769230489833986,0.014579599723219872,0.03599999891594052,1,4,0.9076921939849854,0.20944694064039504,13,1.661538353333106,0.0076224926499557566,0.004157446319314504,0.02142039919272065,-0.001854417673124071,0.02142039919272065,0.001854417673124071,0.0022167309653013945,0.006391857285052538,0.0022167309653013945,0,0.014579599723219872,0.03599999891594052,0.0,0.030834919307380915,0,2.68749644587174e-09,0.0,10,2,10,11,1,1,1,1,0,0,0.0059999991208314896,0.024000000674277544,0.0059999991208314896,0,0.0332947694696486,0.017877309815958142,0.015417459653690457,0.015417459653690457,2.5695769854636046,5.549129058044688,0,0,0.00022250806335577349,0.0020769230489833986,1.6615384505345263,0.025616702024171416,0.0020769230489833986,12.333967807189653,1,0,0,1,1,1,1,0.011999998707324266
3002,21,2,1,21,a0a4c7983cd32f0be859a4023657cf6b9b61d9acf670f36044e2bebe9baa7ec7,0bc601d8605a9532d518cc9ec06d7054f26c5dc8b8d4b9e7a46288d2e669208a,0.007741421461105347,0.0,-0.0004886754904873669,-0.0004886754904873669,0.0,0.007741421461105347,0.0,0,1,0.9076921939849854,0.20944694064039504,13,1.661538353333106,0.0019182157288396154,0.0013614320719735863,0.007741421461105347,-0.0004886754904873669,0.007741421461105347,0.0004886754904873669,0.002006666501984,0.0029096391517668962,0.002006666501984,0,0.007741421461105347,0.0,0.0,0.007741421461105347,0,2.2274602839295055e-09,1.734723475976807e-18,0,0,10,2,13,13,0,1,1,1,0.0,0.0,0.0,1,0.012264342978596687,0.008393632248044014,0.0038707107305526733,0.0038707107305526733,inf,inf,0,0,-0.0004886777179476508,1.734723475976807e-18,1.6615384505345263,0.006431334709709853,1.734723475976807e-18,inf,0,0,0,3,3,0,0,0.03599999891594052
3002,21,2,3,21,a0a4c7983cd32f0be859a4023657cf6b9b61d9acf670f36044e2bebe9baa7ec7,0bc601d8605a9532d518cc9ec06d7054f26c5dc8b8d4b9e7a46288d2e669208a,0.006431063637137413,0.0,0.00013109266001265496,0.00013109266001265496,0.0,0.006431063637137413,0.0,0,1,0.9076923131942749,0.2094469155167731,13,1.661538461366525,0.00166280209052138,0.0011801417894970025,0.006431063637137413,0.00013109266001265496,0.006431063637137413,0.00013109266001265496,0.0024608694948256016,0.0023237892892211676,0.0024608694948256016,0,0.006431063637137413,0.0,0.0,0.006431063637137413,0,3.528666569010963e-09,1.734723475976807e-18,0,0,10,2,13,13,0,1,1,1,0.0,0.0,0.0,1,0.00880272127687931,0.005587189458310604,0.0032155318185687065,0.0032155318185687065,inf,inf,0,0,0.00013109618867922397,-1.734723475976807e-18,1.6615384522538923,0.005342729760997793,1.734723475976807e-18,inf,0,0,0,4,4,0,0,0.03599999891594052
3002,21,2,4,21,a0a4c7983cd32f0be859a4023657cf6b9b61d9acf670f36044e2bebe9baa7ec7,0bc601d8605a9532d518cc9ec06d7054f26c5dc8b8d4b9e7a46288d2e669208a,0.005304470658302307,0.0,0.002048686146736145,0.002048686146736145,0.0,0.005304470658302307,0.0,0,1,0.9076921939849854,0.20944694064039504,13,1.661538353333106,0.0014354245429986452,0.0011146877997020295,0.005304470658302307,0.002048686146736145,0.005304470658302307,0.002048686146736145,0.0019727712497115135,0.0022542013321071863,0.0019727712497115135,0,0.005304470658302307,0.0,0.0,0.005304470658302307,0,1.333267801717497e-09,1.734723475976807e-18,0,0,10,3,13,13,0,1,1,1,0.0,0.0,0.0,1,0.006530158221721649,0.0038779228925704956,0.0026522353291511536,0.0026522353291511536,inf,inf,0,0,0.0020486874800039467,-1.734723475976807e-18,1.6615384505345263,0.004406790979250737,1.734723475976807e-18,inf,0,0,0,5,5,0,0,0.03599999891594052
3002,21,2,5,21,a0a4c7983cd32f0be859a4023657cf6b9b61d9acf670f36044e2bebe9baa7ec7,0bc601d8605a9532d518cc9ec06d7054f26c5dc8b8d4b9e7a46288d2e669208a,0.013673458248376846,0.024000000208616257,-0.0013778827851638198,-0.0013778827851638198,0.0,0.013673458248376846,0.024000000208616257,1,3,0.9076921939849854,0.20944694064039504,13,1.661538353333106,0.002456769091439652,0.001603772455947639,0.01032654196023941,-0.0013778827851638198,0.01032654196023941,0.0013778827851638198,0.001616976922377944,0.005369835998862982,0.001616976922377944,0,0.013673458248376846,0.024000000208616257,0.0,0.01032654196023941,0,3.266963342213325e-09,1.734723475976807e-18,10,11,10,11,1,1,1,1,1,1,0.012000000104308128,0.012000000104308128,0.012000000104308128,0,0.011913947761058807,0.006750676780939102,0.005163270980119705,0.005163270980119705,0.4302725779365648,0.992828971458223,1,0,-0.0013778795182004776,1.734723475976807e-18,1.6615384505345263,0.00857897326399798,1.734723475976807e-18,inf,0,0,0,2,2,0,0,0.011999998707324266
3002,22,0,1,22,b4fb940e3fb20e65828b0bbb5d1f0b21464dc5296c4c2fa3a87eb8fa69041c56,0bc601d8605a9532d518cc9ec06d7054f26c5dc8b8d4b9e7a46288d2e669208a,0.010012352839112282,0.0,-0.00013497813779395074,-0.00013497813779395074,3.469446951953614e-18,0.010012352839112282,0.0,0,1,0.9076921939849854,0.20944694064039504,13,1.661538353333106,0.002502848477668344,0.0017223497687359527,0.010012352839112282,-0.0001349781377939542,0.010012352839112282,0.0001349781377939542,0.002289540832862258,0.00440237345173955,0.002289540832862258,0,0.010012352839112282,0.0,0.0,0.010012352839112282,0,8.702029496293617e-10,1.734723475976807e-18,0,0,10,11,13,13,0,1,1,1,0.0,0.0,0.0,1,0.005682116374373436,0.0006759399548172951,0.005006176419556141,0.005006176419556141,inf,inf,0,0,-0.0001349772675910011,5.204170427930421e-18,1.6615384505345263,0.008317954611251793,5.204170427930421e-18,inf,0,0,0,3,3,0,0,0.04799999902024865
3002,22,0,2,22,b4fb940e3fb20e65828b0bbb5d1f0b21464dc5296c4c2fa3a87eb8fa69041c56,0bc601d8605a9532d518cc9ec06d7054f26c5dc8b8d4b9e7a46288d2e669208a,0.02391958422958851,0.04799999902024865,-0.0012423336738720536,-0.0012423336738720536,-0.00041538503533945087,0.02391958422958851,0.04799999902024865,1,5,0.9076921939849854,0.20944694064039504,13,1.6615383533331063,0.00807480342418137,0.004894493412248484,0.024080414790660143,-0.0008269486385326028,0.024080414790660143,0.0008269486385326028,0.0012186504900455475,0.0025427674409002066,0.0012186504900455475,0,0.02391958422958851,0.04799999902024865,0.0,0.03283416340127587,0,1.4442773556971877e-09,0.0,10,1,10,11,1,1,1,1,0,0,0.017999999225139618,0.012000000569969416,0.012000000569969416,0,0.023751324508339167,0.00733424280770123,0.016417081700637937,0.016417081700637937,1.3680900767390363,1.9792769483509867,0,0,-0.0012423351181494093,-0.00041538503533945087,1.661538450534526,0.02727761249117668,0.00041538503533945087,65.66825997688032,1,0,0,1,1,1,1,0.023999998811632395
3002,22,0,3,22,b4fb940e3fb20e65828b0bbb5d1f0b21464dc5296c4c2fa3a87eb8fa69041c56,0bc601d8605a9532d518cc9ec06d7054f26c5dc8b8d4b9e7a46288d2e669208a,0.00890413485467434,0.0,-0.0011944221332669258,-0.0011944221332669258,0.0,0.00890413485467434,0.0,0,1,0.9076923131942749,0.2094469155167731,13,1.661538461366525,0.002223326478871046,0.0014503104006044969,0.00890413485467434,-0.0011944221332669258,0.00890413485467434,0.0011944221332669258,0.002673444105312228,0.0032962223049253225,0.002673444105312228,0,0.00890413485467434,0.0,0.0,0.00890413485467434,0,1.5827586966749019e-09,3.469446951953614e-18,0,0,10,1,13,13,0,1,1,1,0.0,0.0,0.0,1,0.008107861503958702,0.0036557940766215324,0.00445206742733717,0.00445206742733717,inf,inf,0,0,-0.0011944205505082291,-3.469446951953614e-18,1.6615384522538923,0.007397281222547769,3.469446951953614e-18,inf,0,0,0,4,4,0,0,0.04799999902024865
3002,22,0,4,22,b4fb940e3fb20e65828b0bbb5d1f0b21464dc5296c4c2fa3a87eb8fa69041c56,0bc601d8605a9532d518cc9ec06d7054f26c5dc8b8d4b9e7a46288d2e669208a,0.005847977474331856,0.0,-0.0015264119720086455,-0.0015264119720086455,0.0,0.005847977474331856,0.0,0,1,0.9076921939849854,0.20944694064039504,13,1.661538353333106,0.0015611285469615131,0.001206829085857911,0.005847977474331856,-0.0015264119720086455,0.005847977474331856,0.0015264119720086455,0.0046683503314852715,0.0029408393893390894,0.0046683503314852715,0,0.005847977474331856,0.0,0.0,0.005847977474331856,0,1.188073275176782e-09,5.204170427930421e-18,0,0,10,6,13,13,0,1,1,1,0.0,0.0,0.0,1,0.0054579805582761765,0.0025339918211102486,0.002923988737165928,0.002923988737165928,inf,inf,0,0,-0.0015264131600819207,5.204170427930421e-18,1.6615384505345263,0.004858319715731082,5.204170427930421e-18,inf,0,0,0,5,5,0,0,0.04799999902024865
3002,22,0,5,22,b4fb940e3fb20e65828b0bbb5d1f0b21464dc5296c4c2fa3a87eb8fa69041c56,0bc601d8605a9532d518cc9ec06d7054f26c5dc8b8d4b9e7a46288d2e669208a,0.017122577875852585,0.024000000208616257,-0.0006541687180288136,-0.0006541687180288136,0.0,0.017122577875852585,0.024000000208616257,1,3,0.9076921939849854,0.20944694064039504,13,1.661538353333106,0.0020565450734699514,0.0016203236121397752,0.006877422332763672,-0.0006541687180288136,0.006877422332763672,0.0006541687180288136,0.0023176753893494606,0.0030952063389122486,0.0023176753893494606,0,0.017122577875852585,0.024000000208616257,0.0,0.00748676061630249,0,1.4129577750876532e-09,3.469446951953614e-18,10,11,10,11,1,1,1,1,1,1,0.012000000104308128,0.012000000104308128,0.012000000104308128,0,0.004969336092472076,0.0012259557843208313,0.003743380308151245,0.003743380308151245,0.31194835630104134,0.4141113374397415,1,0,-0.0006541673050710385,3.469446951953614e-18,1.6615384505345263,0.006219770316967077,3.469446951953614e-18,inf,0,0,0,2,2,0,0,0.023999998811632395
3002,22,1,0,22,b4fb940e3fb20e65828b0bbb5d1f0b21464dc5296c4c2fa3a87eb8fa69041c56,0bc601d8605a9532d518cc9ec06d7054f26c5dc8b8d4b9e7a46288d2e669208a,0.001806972548365593,0.0,0.00019392480317037553,0.00019392480317037553,0.0,0.001806972548365593,0.0,0,1,0.9076921939849854,0.20944694064039504,13,1.661538353333106,0.0004771834383783231,0.00039772336652293,0.001806972548365593,0.00019392480317037553,0.001806972548365593,0.00019392480317037553,0.0016697605606168509,0.0009462780435569584,0.0016697605606168509,0,0.001806972548365593,0.0,0.0,0.001806972548365593,0,4.4791616943262724e-10,2.6020852139652106e-18,0,0,8,7,13,13,0,1,1,1,0.0,0.0,0.0,1,0.0010624546557664871,-0.00015896838158369064,0.0009034862741827965,0.0009034862741827965,inf,inf,0,0,0.0001939243552542061,2.6020852139652106e-18,1.6615384505345263,0.0015011771840848958,2.6020852139652106e-18,inf,0,0,0,3,5,0,0,0.029999999329447746
3002,22,1,2,22,b4fb940e3fb20e65828b0bbb5d1f0b21464dc5296c4c2fa3a87eb8fa69041c56,0bc601d8605a9532d518cc9ec06d7054f26c5dc8b8d4b9e7a46288d2e669208a,0.006228466518223286,0.0,-0.00014091019693296403,-0.00014091019693296403,3.469446951953614e-18,0.006228466518223286,0.0,0,1,0.9076921939849854,0.20944694064039504,13,1.6615383533331063,0.0014065830882829956,0.000913874262712411,0.006228466518223286,-0.0001409101969329675,0.006228466518223286,0.0001409101969329675,0.0015315406490117311,0.0022015220019966364,0.0015315406490117311,0,0.006228466518223286,0.0,0.0,0.006228466518223286,0,2.8120639228648714e-09,2.6020852139652106e-18,0,0,10,11,13,13,0,1,1,1,0.0,0.0,0.0,1,0.003494875505566597,-0.00038064224645495415,0.003114233259111643,0.003114233259111643,inf,inf,0,0,-0.0001409130089968869,8.673617379884035e-19,1.661538450534526,0.005174418303947446,8.673617379884035e-19,inf,0,0,0,4,3,0,0,0.029999999329447746
3002,22,1,3,22,b4fb940e3fb20e65828b0bbb5d1f0b21464dc5296c4c2fa3a87eb8fa69041c56,0bc601d8605a9532d518cc9ec06d7054f26c5dc8b8d4b9e7a46288d2e669208a,0.02149909920990467,0.029999999329447746,-0.00894760712981224,-0.00894760712981224,-0.01349999944550487,0.02149909920990467,0.029999999329447746,1,3,0.9076923131942749,0.2094469155167731,13,1.661538461366525,0.001760294716402633,0.001030447203996619,0.008500900119543076,0.004552392315692629,0.008500900119543076,0.004552392315692629,0.00295934802852571,0.005625193007290363,0.00295934802852571,0,0.02149909920990467,0.029999999329447746,0.0,0.008500900119543076,0,1.940491170526748e-12,0.0,10,11,10,11,1,1,1,1,1,1,0.014999999897554517,0.01499999943189323,0.01499999943189323,0,0.004557660780847073,0.0003072107210755348,0.004250450059771538,0.004250450059771538,0.28336334805014496,0.30384406356419613,1,0,-0.008947607131752732,-0.01349999944550487,1.6615384522538923,0.007062286213695265,0.01349999944550487,0.5231323336125627,1,1,0,1,1,1,1,0.011999998241662979
3002,22,1,4,22,b4fb940e3fb20e65828b0bbb5d1f0b21464dc5296c4c2fa3a87eb8fa69041c56,0bc601d8605a9532d518cc9ec06d7054f26c5dc8b8d4b9e7a46288d2e669208a,0.01521123107522726,0.018000001087784767,0.0003078708832617849,0.0003078708832617849,1.289523557379546e-10,0.01521123107522726,0.018000001087784767,1,3,0.9076921939849854,0.20944694064039504,13,1.661538353333106,0.0008693552932385645,0.0006810700267376985,0.0027887700125575066,0.0003078707543094292,0.0027887700125575066,0.0003078707543094292,0.00120384874753654,0.0046520354226231575,0.00120384874753654,0,0.01521123107522726,0.018000001087784767,0.0,0.003193461336195469,0,2.0988579797764917e-09,0.0,10,11,10,11,1,1,1,1,1,1,0.008999999612569809,0.009000001475214958,0.008999999612569809,0,0.0029210029169917107,-0.0013242722488939762,0.0015967306680977345,0.0015967306680977345,0.17741452631483093,0.32455589363716253,1,0,0.00030786878440380513,1.289523557379546e-10,1.6615384505345263,0.0026530294001920686,1.289523557379546e-10,20573717.982968196,1,0,0,2,2,0,0,0.011999998241662979
3002,22,1,5,22,b4fb940e3fb20e65828b0bbb5d1f0b21464dc5296c4c2fa3a87eb8fa69041c56,0bc601d8605a9532d518cc9ec06d7054f26c5dc8b8d4b9e7a46288d2e669208a,0.0032662302255630493,0.0,-0.0003804542648140341,-0.0003804542648140341,3.469446951953614e-18,0.0032662302255630493,0.0,0,1,0.9076921939849854,0.20944694064039504,13,1.661538353333106,0.0007690416785063698,0.0005401363430996617,0.0032662302255630493,-0.0003804542648140376,0.0032662302255630493,0.0003804542648140376,0.002048641908913851,0.0012857636902481318,0.002048641908913851,0,0.0032662302255630493,0.0,0.0,0.0032662302255630493,0,3.271392913506421e-10,0.0,0,0,8,11,13,13,0,1,1,1,0.0,0.0,0.0,1,0.0029210466891527176,-0.001287931576371193,0.0016331151127815247,0.0016331151127815247,inf,inf,0,0,-0.00038045393767474275,3.469446951953614e-18,1.6615384505345263,0.0027134835540355328,3.469446951953614e-18,inf,0,0,0,5,4,0,0,0.029999999329447746
3002,22,2,0,22,b4fb940e3fb20e65828b0bbb5d1f0b21464dc5296c4c2fa3a87eb8fa69041c56,0bc601d8605a9532d518cc9ec06d7054f26c5dc8b8d4b9e7a46288d2e669208a,0.013177772983908653,0.036000000312924385,0.000585144676733762,0.000585144676733762,0.0020769229522691335,0.013177772983908653,0.036000000312924385,1,4,0.9076921939849854,0.20944694064039504,13,1.661538353333106,0.0075831524319091665,0.004005843001974404,0.022822227329015732,-0.0014917782755353715,0.022822227329015732,0.0014917782755353715,0.001687341253273189,0.006336566526442766,0.001687341253273189,0,0.013177772983908653,0.036000000312924385,0.0,0.029735757037997246,0,1.3122043694691055e-09,1.734723475976807e-18,10,2,10,11,1,1,1,1,0,0,0.006000000983476639,0.023999999277293682,0.006000000983476639,0,0.03393067605793476,0.019062797538936138,0.014867878518998623,0.014867878518998623,2.477979346993971,5.655111749377411,0,0,0.0005851433645293926,0.0020769229522691317,1.6615384505345263,0.024703551837192538,0.0020769229522691317,11.894303450305076,1,0,0,1,2,1,0,0.012000001966953278
3002,22,2,1,22,b4fb940e3fb20e65828b0bbb5d1f0b21464dc5296c4c2fa3a87eb8fa69041c56,0bc601d8605a9532d518cc9ec06d7054f26c5dc8b8d4b9e7a46288d2e669208a,0.008108304813504219,0.0,-0.0005920715630054474,-0.0005920715630054474,0.0,0.008108304813504219,0.0,0,1,0.9076921939849854,0.20944694064039504,13,1.661538353333106,0.0019553160228218953,0.0014019785724448026,0.008108304813504219,-0.0005920715630054474,0.008108304813504219,0.0005920715630054474,0.002601602580398321,0.0015983906341716647,0.002601602580398321,0,0.008108304813504219,0.0,0.0,0.008108304813504219,0,3.6212212048414294e-10,1.734723475976807e-18,0,0,10,2,13,13,0,1,1,1,0.0,0.0,0.0,1,0.014365233480930328,0.010311081074178219,0.0040541524067521095,0.0040541524067521095,inf,inf,0,0,-0.0005920712008833269,-1.734723475976807e-18,1.6615384505345263,0.006736130108145721,1.734723475976807e-18,inf,0,0,0,3,3,0,0,0.036000000312924385
3002,22,2,3,22,b4fb940e3fb20e65828b0bbb5d1f0b21464dc5296c4c2fa3a87eb8fa69041c56,0bc601d8605a9532d518cc9ec06d7054f26c5dc8b8d4b9e7a46288d2e669208a,0.005629990249872208,0.0,0.00026596212410368025,0.00026596212410368025,-3.469446951953614e-18,0.005629990249872208,0.0,0,1,0.9076923131942749,0.2094469155167731,13,1.661538461366525,0.00150964648673711,0.0011804767790630727,0.005629990249872208,0.0002659621241036837,0.005629990249872208,0.0002659621241036837,0.003152242861688137,0.0015901285223662853,0.003152242861688137,0,0.005629990249872208,0.0,0.0,0.005629990249872208,0,8.25291588540944e-11,3.469446951953614e-18,0,0,10,2,13,13,0,1,1,1,0.0,0.0,0.0,1,0.009667621925473213,0.006852626800537109,0.002814995124936104,0.002814995124936104,inf,inf,0,0,0.0002659620415745214,-6.938893903907228e-18,1.6615384522538923,0.004677222642988586,6.938893903907228e-18,inf,0,0,0,4,4,0,0,0.036000000312924385
3002,22,2,4,22,b4fb940e3fb20e65828b0bbb5d1f0b21464dc5296c4c2fa3a87eb8fa69041c56,0bc601d8605a9532d518cc9ec06d7054f26c5dc8b8d4b9e7a46288d2e669208a,0.0042368024587631226,0.0,-0.0005532605573534966,-0.0005532605573534966,0.0,0.0042368024587631226,0.0,0,1,0.9076921939849854,0.20944694064039504,13,1.661538353333106,0.001358872592091091,0.0011914424906820942,0.0042368024587631226,-0.0005532605573534966,0.0042368024587631226,0.0005532605573534966,0.0029788347892463207,0.0017390595749020576,0.0029788347892463207,0,0.0042368024587631226,0.0,0.0,0.0042368024587631226,0,1.9522774733632398e-09,1.734723475976807e-18,0,0,10,3,13,13,0,1,1,1,0.0,0.0,0.0,1,0.007966527715325356,0.005848126485943794,0.0021184012293815613,0.0021184012293815613,inf,inf,0,0,-0.0005532586050760232,-1.734723475976807e-18,1.6615384505345263,0.003519805096277075,1.734723475976807e-18,inf,0,0,0,5,5,0,0,0.036000000312924385
3002,22,2,5,22,b4fb940e3fb20e65828b0bbb5d1f0b21464dc5296c4c2fa3a87eb8fa69041c56,0bc601d8605a9532d518cc9ec06d7054f26c5dc8b8d4b9e7a46288d2e669208a,0.013750961050391197,0.023999998345971107,-0.001274745911359787,-0.001274745911359787,1.289523557379546e-10,0.013750961050391197,0.023999998345971107,1,3,0.9076921939849854,0.20944694064039504,13,1.661538353333106,0.002300565361830159,0.0015674858359542821,0.01024903729557991,-0.0012747460403121427,0.01024903729557991,0.0012747460403121427,0.0021300879307091236,0.006777235306799412,0.0021300879307091236,0,0.013750961050391197,0.023999998345971107,0.0,0.01024903729557991,0,8.655680998337356e-10,0.0,10,11,10,11,1,1,1,1,1,1,0.011999998241662979,0.012000000104308128,0.011999998241662979,0,0.011673692613840103,0.006549173966050148,0.005124518647789955,0.005124518647789955,0.42704328322299745,0.9728078603636815,1,0,-0.0012747467769278868,1.289523557379546e-10,1.6615384505345263,0.008514584773784207,1.289523557379546e-10,66028919.94533843,0,0,0,2,1,0,1,0.012000001966953278
3002,23,0,1,23,3bb8a989b093f4f0435fe4445c2866ae560b92889e9f422647e66eb02092977e,0bc601d8605a9532d518cc9ec06d7054f26c5dc8b8d4b9e7a46288d2e669208a,0.00995379127562046,0.0,0.0006742575787939131,0.0006742575787939131,0.0,0.00995379127562046,0.0,0,1,0.9076921939849854,0.20944694064039504,13,1.661538353333106,0.002641878232908367,0.0018940960448345491,0.00995379127562046,0.0006742575787939131,0.00995379127562046,0.0006742575787939131,0.002822555135935545,0.005055146757513285,0.002822555135935545,0,0.009953791508451104,0.0,2.3283064365386963e-10,0.009953791508451104,0,5.202748542317698e-10,2.168404344971009e-19,0,0,10,12,13,13,0,1,1,1,0.0,0.0,0.0,1,0.0055532013066112995,0.0005763055523857474,0.004976895754225552,0.004976895754225552,inf,inf,0,0,0.0006742570585190589,-2.168404344971009e-19,1.6615384505345263,0.008269303659947786,2.168404344971009e-19,inf,0,0,0,3,3,0,0,0.047999996691942215
3002,23,0,2,23,3bb8a989b093f4f0435fe4445c2866ae560b92889e9f422647e66eb02092977e,0bc601d8605a9532d518cc9ec06d7054f26c5dc8b8d4b9e7a46288d2e669208a,0.021476566791534424,0.047999996691942215,0.0003805859014391899,0.0003805859014391899,-0.0004153848580299637,0.021476566791534424,0.047999996691942215,1,5,0.9076921939849854,0.20944694064039504,13,1.6615383533331063,0.008465407764206153,0.005263979932480662,0.02652342990040779,0.0007959707594691536,0.02652342990040779,0.0007959707594691536,0.0024145361967384815,0.0037836325354874134,0.0024145361967384815,0,0.021476567722857,0.047999996691942215,9.313225746154785e-10,0.035469445399940014,0,1.0998081753036543e-10,2.168404344971009e-19,10,1,10,11,1,1,1,1,0,0,0.01799999945797026,0.011999998241662979,0.011999998241662979,0,0.026417603716254234,0.008682881016284227,0.017734722699970007,0.017734722699970007,1.4778937748837786,2.2014672989313073,0,0,0.0003805857914583724,-0.0004153848580299639,1.661538450534526,0.029466923675567653,0.0004153848580299639,70.9388488914106,0,0,0,1,1,1,1,0.023999996483325958
3002,23,0,3,23,3bb8a989b093f4f0435fe4445c2866ae560b92889e9f422647e66eb02092977e,0bc601d8605a9532d518cc9ec06d7054f26c5dc8b8d4b9e7a46288d2e669208a,0.008244682103395462,0.0,-0.0006387618486769497,-0.0006387618486769497,0.0,0.008244682103395462,0.0,0,1,0.9076923131942749,0.2094469155167731,13,1.661538461366525,0.0020437467721168075,0.0013714114372128036,0.008244682103395462,-0.0006387618486769497,0.008244682103395462,0.0006387618486769497,0.002005612710490823,0.0027845092117786407,0.002005612710490823,0,0.008244681870564818,0.0,2.3283064365386963e-10,0.008244681870564818,0,1.074729456904816e-10,4.336808689942018e-19,0,0,10,1,13,13,0,1,1,1,0.0,0.0,0.0,1,0.005562444217503071,0.0014401032822206616,0.004122340935282409,0.004122340935282409,inf,inf,0,0,-0.0006387619561498954,4.336808689942018e-19,1.6615384522538923,0.006849427977271997,4.336808689942018e-19,inf,0,0,0,4,4,0,0,0.047999996691942215
3002,23,0,4,23,3bb8a989b093f4f0435fe4445c2866ae560b92889e9f422647e66eb02092977e,0bc601d8605a9532d518cc9ec06d7054f26c5dc8b8d4b9e7a46288d2e669208a,0.007214481942355633,0.0,-9.52508780756034e-05,-9.52508780756034e-05,0.0,0.007214481942355633,0.0,0,1,0.9076921939849854,0.20944694064039504,13,1.661538353333106,0.001659858123033857,0.0010667609026071413,0.007214481942355633,-9.52508780756034e-05,0.007214481942355633,9.52508780756034e-05,0.001983275171369314,0.0032359373290091753,0.001983275171369314,0,0.007214481709524989,0.0,2.3283064365386963e-10,0.007214481709524989,0,2.2268510689940624e-10,0.0,0,0,10,7,13,13,0,1,1,1,0.0,0.0,0.0,1,0.004130861256271601,0.0005236204015091062,0.0036072408547624946,0.0036072408547624946,inf,inf,0,0,-9.52511007607103e-05,0.0,1.6615384505345263,0.005993569380526915,0.0,inf,0,0,0,5,5,0,0,0.047999996691942215
3002,23,0,5,23,3bb8a989b093f4f0435fe4445c2866ae560b92889e9f422647e66eb02092977e,0bc601d8605a9532d518cc9ec06d7054f26c5dc8b8d4b9e7a46288d2e669208a,0.016775798052549362,0.024000000208616257,-0.00012028624769300222,-0.00012028624769300222,3.223808893448865e-11,0.016775798052549362,0.024000000208616257,1,3,0.9076921939849854,0.20944694064039504,13,1.661538353333106,0.001828883453293662,0.0012755843413960652,0.0072242021560668945,-0.00012028627993109116,0.0072242021560668945,0.00012028627993109116,0.0025038195308297873,0.005030721426010132,0.0025038195308297873,0,0.016775797586888075,0.024000000208616257,4.656612873077393e-10,0.007224202621728182,0,8.676486135464345e-11,0.0,10,11,10,11,1,1,1,1,1,1,0.011999999871477485,0.012000000337138772,0.011999999871477485,0,0.004333450458943844,0.0007213491480797529,0.003612101310864091,0.003612101310864091,0.3010084457958711,0.3611208754463339,1,0,-0.00012028616092814087,3.223808893448865e-11,1.6615384505345263,0.006001645215226853,3.223808893448865e-11,186166283.84588358,0,0,0,2,2,0,0,0.023999996483325958
3002,23,1,0,23,3bb8a989b093f4f0435fe4445c2866ae560b92889e9f422647e66eb02092977e,0bc601d8605a9532d518cc9ec06d7054f26c5dc8b8d4b9e7a46288d2e669208a,0.0018185153603553772,0.0,0.00018694934260565788,0.00018694934260565788,0.0,0.0018185153603553772,0.0,0,1,0.007692307233810425,0.20944694064039504,13,1.661538353333106,0.00048350694980686074,0.0004056290717872642,0.0018185153603553772,0.00018694934260565788,0.0018185153603553772,0.00018694934260565788,0.0016791330417618155,0.0009382041171193123,0.0016791330417618155,0,0.0018185153603553772,0.0,0.0,0.0018185153603553772,0,3.665895234941652e-10,2.6020852139652106e-18,0,0,8,7,13,13,0,1,1,1,0.0,0.0,0.0,1,0.0010289456695318222,-0.0001196879893541336,0.0009092576801776886,0.0009092576801776886,inf,inf,0,0,0.00018694970919518137,2.6020852139652106e-18,1.6615384505345263,0.0015107665970590545,2.6020852139652106e-18,inf,0,0,0,3,5,0,0,0.029999999329447746
3002,23,1,2,23,3bb8a989b093f4f0435fe4445c2866ae560b92889e9f422647e66eb02092977e,0bc601d8605a9532d518cc9ec06d7054f26c5dc8b8d4b9e7a46288d2e669208a,0.006456472910940647,0.0,-2.512087485229131e-05,-2.512087485229131e-05,3.469446951953614e-18,0.006456472910940647,0.0,0,1,0.9076921939849854,0.20944694064039504,13,1.6615383533331063,0.00146545624849478,0.0009304275901536262,0.006456472910940647,-2.5120874852294778e-05,0.006456472910940647,2.5120874852294778e-05,0.0014853327302262187,0.002487453632056713,0.0014853327302262187,0,0.006456472910940647,0.0,0.0,0.006456472910940647,0,1.3006908900631275e-09,2.6020852139652106e-18,0,0,10,11,13,13,0,1,1,1,0.0,0.0,0.0,1,0.003910623490810394,-0.0006823870353400707,0.0032282364554703236,0.0032282364554703236,inf,inf,0,0,-2.512217554318137e-05,8.673617379884035e-19,1.661538450534526,0.005363838998181232,8.673617379884035e-19,inf,0,0,0,4,3,0,0,0.029999999329447746
3002,23,1,3,23,3bb8a989b093f4f0435fe4445c2866ae560b92889e9f422647e66eb02092977e,0bc601d8605a9532d518cc9ec06d7054f26c5dc8b8d4b9e7a46288d2e669208a,0.02176063135266304,0.029999999329447746,-0.009076610207557678,-0.009076610207557678,-0.01349999944550487,0.02176063135266304,0.029999999329447746,1,3,0.9076923131942749,0.2094469155167731,13,1.661538461366525,0.0016972745138091184,0.0009563614520624544,0.008239367976784706,0.004423389237947191,0.008239367976784706,0.004423389237947191,0.002676905132830143,0.00530224246904254,0.002676905132830143,0,0.021760632283985615,0.029999999329447746,9.313225746154785e-10,0.008239367045462132,0,6.542881791915534e-10,0.0,10,11,10,11,1,1,1,1,1,1,0.014999999897554517,0.01499999943189323,0.01499999943189323,0,0.004244767129421234,0.00012508360669016838,0.004119683522731066,0.004119683522731066,0.27464557858393857,0.2829844860124424,1,0,-0.009076609553269499,-0.01349999944550487,1.6615384522538923,0.006845012584134438,0.01349999944550487,0.5070379900210766,1,1,0,1,1,1,1,0.011999998241662979
3002,23,1,4,23,3bb8a989b093f4f0435fe4445c2866ae560b92889e9f422647e66eb02092977e,0bc601d8605a9532d518cc9ec06d7054f26c5dc8b8d4b9e7a46288d2e669208a,0.01524029579013586,0.018000001087784767,0.0003545306099113077,0.0003545306099113077,1.289523557379546e-10,0.01524029579013586,0.018000001087784767,1,3,0.9076921939849854,0.20944694064039504,13,1.661538353333106,0.0009047883831618331,0.0007157136063427621,0.0027597052976489067,0.00035453048095895195,0.0027597052976489067,0.00035453048095895195,0.0012575514847412705,0.004723404999822378,0.0012575514847412705,0,0.01524029579013586,0.018000001087784767,0.0,0.003172107972204685,0,4.156223542411963e-10,0.0,10,11,10,11,1,1,1,1,1,1,0.008999999612569809,0.009000001475214958,0.008999999612569809,0,0.0034349216148257256,-0.001848867628723383,0.0015860539861023426,0.0015860539861023426,0.17622822826427542,0.3816579736323941,1,0,0.00035453019428895345,1.289523557379546e-10,1.6615384505345263,0.0026352896825325954,1.289523557379546e-10,20436149.983082082,1,0,0,2,2,0,0,0.011999998241662979
3002,23,1,5,23,3bb8a989b093f4f0435fe4445c2866ae560b92889e9f422647e66eb02092977e,0bc601d8605a9532d518cc9ec06d7054f26c5dc8b8d4b9e7a46288d2e669208a,0.0030958838760852814,0.0,-0.0003056664427276701,-0.0003056664427276701,3.469446951953614e-18,0.0030958838760852814,0.0,0,1,0.9076921939849854,0.20944694064039504,13,1.661538353333106,0.0007586030058889646,0.0005754121750064151,0.0030958838760852814,-0.00030566644272767354,0.0030958838760852814,0.00030566644272767354,0.001971814315766096,0.0014372665900737047,0.001971814315766096,0,0.0030958838760852814,0.0,0.0,0.0030958838760852814,0,1.5782284160104076e-10,0.0,0,0,8,11,13,13,0,1,1,1,0.0,0.0,0.0,1,0.0029264558106660843,-0.0013785138726234436,0.0015479419380426407,0.0015479419380426407,inf,inf,0,0,-0.0003056666005505117,3.469446951953614e-18,1.6615384505345263,0.002571965049252781,3.469446951953614e-18,inf,0,0,0,5,4,0,0,0.029999999329447746
3002,23,2,0,23,3bb8a989b093f4f0435fe4445c2866ae560b92889e9f422647e66eb02092977e,0bc601d8605a9532d518cc9ec06d7054f26c5dc8b8d4b9e7a46288d2e669208a,0.013090686872601509,0.036000000312924385,0.0005838998476974666,0.0005838998476974666,0.0020769229522691335,0.013090686872601509,0.036000000312924385,1,4,0.007692307233810425,0.20944694064039504,13,1.661538353333106,0.007585976646584278,0.004007812225695193,0.022909313440322876,-0.0014930231045716669,0.022909313440322876,0.0014930231045716669,0.0016876657027751207,0.0064315227791666985,0.0016876657027751207,0,0.013090686872601509,0.036000000312924385,0.0,0.02974602021276951,0,4.86542849412186e-10,1.734723475976807e-18,10,2,10,11,1,1,1,1,0,0,0.006000000983476639,0.023999999277293682,0.006000000983476639,0,0.03390348702669144,0.019030476920306683,0.014873010106384754,0.014873010106384754,2.478834611418137,5.650580244912962,0,0,0.0005838993611546172,0.0020769229522691317,1.6615384505345263,0.024712078166946875,0.0020769229522691317,11.898408720433187,1,0,0,1,1,1,1,0.012000000104308128
3002,23,2,1,23,3bb8a989b093f4f0435fe4445c2866ae560b92889e9f422647e66eb02092977e,0bc601d8605a9532d518cc9ec06d7054f26c5dc8b8d4b9e7a46288d2e669208a,0.006256023421883583,0.0,-0.00019685256120283157,-0.00019685256120283157,-3.469446951953614e-18,0.006256023421883583,0.0,0,1,0.9076921939849854,0.20944694064039504,13,1.661538353333106,0.0016643602514520466,0.0011831625590662987,0.006256023421883583,-0.0001968525612028281,0.006256023421883583,0.0001968525612028281,0.0017199089052155614,0.00201494456268847,0.0017199089052155614,0,0.006256023421883583,0.0,0.0,0.006256023421883583,0,6.006187353024828e-10,8.673617379884035e-19,0,0,10,2,13,13,0,1,1,1,0.0,0.0,0.0,1,0.010560496710240841,0.007432484999299049,0.0031280117109417915,0.0031280117109417915,inf,inf,0,0,-0.00019685196058409626,-2.6020852139652106e-18,1.6615384505345263,0.005197311731452077,2.6020852139652106e-18,inf,0,0,0,3,3,0,0,0.036000000312924385
3002,23,2,3,23,3bb8a989b093f4f0435fe4445c2866ae560b92889e9f422647e66eb02092977e,0bc601d8605a9532d518cc9ec06d7054f26c5dc8b8d4b9e7a46288d2e669208a,0.003985313698649406,0.0,0.000763328920584172,0.000763328920584172,0.0,0.003985313698649406,0.0,0,1,0.9076923131942749,0.2094469155167731,13,1.661538461366525,0.0012005396356277946,0.0010099897282363397,0.003985313698649406,0.000763328920584172,0.003985313698649406,0.000763328920584172,0.0029816478490829468,0.0018877510447055101,0.0029816478490829468,0,0.003985313698649406,0.0,0.0,0.003985313698649406,0,1.6498453211249986e-10,2.6020852139652106e-18,0,0,5,2,13,13,0,1,1,1,0.0,0.0,0.0,1,0.005943565629422665,0.003950908780097961,0.001992656849324703,0.001992656849324703,inf,inf,0,0,0.0007633290855687041,-2.6020852139652106e-18,1.6615384522538923,0.003310875977300085,2.6020852139652106e-18,inf,0,0,0,4,5,0,0,0.036000000312924385
3002,23,2,4,23,3bb8a989b093f4f0435fe4445c2866ae560b92889e9f422647e66eb02092977e,0bc601d8605a9532d518cc9ec06d7054f26c5dc8b8d4b9e7a46288d2e669208a,0.004347716458141804,0.0,-0.00010269103950122371,-0.00010269103950122371,0.0,0.004347716458141804,0.0,0,1,0.9076921939849854,0.20944694064039504,13,1.661538353333106,0.0012780256997772365,0.0010193241043732716,0.004347716458141804,-0.00010269103950122371,0.004347716458141804,0.00010269103950122371,0.002250881167128682,0.0021446114405989647,0.002250881167128682,0,0.004347716458141804,0.0,0.0,0.004347716458141804,0,1.534752047671617e-10,2.6020852139652106e-18,0,0,5,2,13,13,0,1,1,1,0.0,0.0,0.0,1,0.005484028719365597,0.003310170490294695,0.002173858229070902,0.002173858229070902,inf,inf,0,0,-0.00010269088602601895,-2.6020852139652106e-18,1.6615384505345263,0.0036119490336121956,2.6020852139652106e-18,inf,0,0,0,5,4,0,0,0.036000000312924385
3002,23,2,5,23,3bb8a989b093f4f0435fe4445c2866ae560b92889e9f422647e66eb02092977e,0bc601d8605a9532d518cc9ec06d7054f26c5dc8b8d4b9e7a46288d2e669208a,0.011518766172230244,0.024000000208616257,-0.0009980337927117944,-0.0009980337927117944,-1.2895235920740156e-10,0.011518766172230244,0.024000000208616257,1,3,0.9076921939849854,0.20944694064039504,13,1.661538353333106,0.0026559498901641645,0.0017721874407938955,0.012481234036386013,-0.0009980336637594352,0.012481234036386013,0.0009980336637594352,0.0017111193155869842,0.005308052059262991,0.0017111193155869842,0,0.011518766172230244,0.024000000208616257,0.0,0.012481234036386013,0,1.555828988211716e-09,1.734723475976807e-18,10,11,10,11,1,1,1,1,1,1,0.012000001035630703,0.011999999172985554,0.011999999172985554,0,0.010379099287092686,0.004138482268899679,0.0062406170181930065,0.0062406170181930065,0.5200514540235893,0.8649250001998463,0,0,-0.0009980322368828062,-1.2895235747267808e-10,1.6615384505345263,0.010369025130787805,1.2895235747267808e-10,80409736.85172644,1,0,0,2,2,0,0,0.012000000104308128
