seed,state_idx,ego_id,neighbor_id,learned_score,oracle_score,learned_signed,learned_direction_row_aipw,oracle_signed,learned_range,oracle_range,oracle_q_nonconstant,oracle_q_distinct_levels,observed_action_probability,policy_support_entropy,valid_action_count,target_policy_l1_to_uniform,q_centered_rmse,q_centered_mae,abs_error,signed_error,capacity_abs_error,direction_abs_error,proxy_sigma,capacity_sigma,direction_sigma,dr_applied
3002,0,0,1,0.011308204382658005,0.029999999329447746,-0.0016008435050025582,-0.0016008435050025582,0.0,0.011308204382658005,0.029999999329447746,1,3,0.9076921939849854,0.20944694064039504,13,1.661538353333106,0.004901692488053115,0.004085111052566621,0.01869179494678974,-0.0016008435050025582,0.01869179494678974,0.0016008435050025582,0.005227470770478249,0.0041855620220303535,0.005227470770478249,0
3002,0,0,2,0.012713562697172165,0.012000000104308128,0.000572249642573297,0.000572249642573297,0.0,0.012713562697172165,0.012000000104308128,1,3,0.9076921939849854,0.20944694064039504,13,1.661538353333106,0.0037546820739168835,0.0030408511992224313,0.0007135625928640366,0.000572249642573297,0.0007135625928640366,0.000572249642573297,0.006095027085393667,0.0038872165605425835,0.006095027085393667,0
3002,0,0,3,0.014139214530587196,0.0,0.001891702995635569,0.001891702995635569,0.0,0.014139214530587196,0.0,0,1,0.9076923131942749,0.2094469155167731,13,1.661538461366525,0.004060915249542511,0.003353924945839984,0.014139214530587196,0.001891702995635569,0.014139214530587196,0.001891702995635569,0.0046015470288693905,0.005180149804800749,0.0046015470288693905,0
3002,0,0,4,0.011318158358335495,0.0,0.0025985718239098787,0.0025985718239098787,0.0,0.011318158358335495,0.0,0,1,0.9076921939849854,0.20944694064039504,13,1.661538353333106,0.003616966474371396,0.0031931210681589418,0.011318158358335495,0.0025985718239098787,0.011318158358335495,0.0025985718239098787,0.005731198936700821,0.0028121047653257847,0.005731198936700821,0
3002,0,0,5,0.011684635654091835,0.029999999329447746,-0.0016206941800191998,-0.0016206941800191998,0.0,0.011684635654091835,0.029999999329447746,1,3,0.9076921939849854,0.20944694064039504,13,1.661538353333106,0.004894066146399126,0.004057229072897083,0.01831536367535591,-0.0016206941800191998,0.01831536367535591,0.0016206941800191998,0.005129448138177395,0.004374004900455475,0.005129448138177395,0
3002,0,1,0,0.014598150737583637,0.035999998450279236,-0.0011554512893781066,-0.0011554512893781066,0.0,0.014598150737583637,0.035999998450279236,1,3,0.9076921939849854,0.20944694064039504,13,1.661538353333106,0.004867026753358011,0.003297890699055244,0.0214018477126956,-0.0011554512893781066,0.0214018477126956,0.0011554512893781066,0.002630602801218629,0.00803697481751442,0.002630602801218629,0
3002,0,1,2,0.010395527817308903,0.012000000104308128,-0.002341141225770116,-0.002341141225770116,0.0,0.010395527817308903,0.012000000104308128,1,3,0.9076921939849854,0.20944694064039504,13,1.661538353333106,0.0026036799963112317,0.0019639339890419206,0.0016044722869992256,-0.002341141225770116,0.0016044722869992256,0.002341141225770116,0.006097334902733564,0.007599837612360716,0.006097334902733564,0
3002,0,1,3,0.008040599524974823,0.0,-5.1434424676699564e-05,-5.1434424676699564e-05,0.0,0.008040599524974823,0.0,0,1,0.9076923131942749,0.2094469155167731,13,1.661538461366525,0.002209812225699093,0.0017489611137432417,0.008040599524974823,-5.1434424676699564e-05,0.008040599524974823,5.1434424676699564e-05,0.004766753874719143,0.005882961209863424,0.004766753874719143,0
3002,0,1,4,0.009722788818180561,0.0,-0.0013087214902043343,-0.0013087214902043343,0.0,0.009722788818180561,0.0,0,1,0.9076921939849854,0.20944694064039504,13,1.661538353333106,0.0027677994700275005,0.0022628001328667945,0.009722788818180561,-0.0013087214902043343,0.009722788818180561,0.0013087214902043343,0.004086940549314022,0.004285171627998352,0.004086940549314022,0
3002,0,1,5,0.012907469645142555,0.029999999329447746,-0.001093315426260233,-0.001093315426260233,0.0,0.012907469645142555,0.029999999329447746,1,3,0.9076921939849854,0.20944694064039504,13,1.661538353333106,0.00393009126970451,0.0027948679903951976,0.01709252968430519,-0.001093315426260233,0.01709252968430519,0.001093315426260233,0.0029140489641577005,0.00644301250576973,0.0029140489641577005,0
3002,0,2,0,0.007617873139679432,0.035999998450279236,0.0009010129724629223,0.0009010129724629223,0.0,0.007617873139679432,0.035999998450279236,1,3,0.9076921939849854,0.20944694064039504,13,1.661538353333106,0.0064794980688052456,0.004073723363304324,0.028382125310599804,0.0009010129724629223,0.028382125310599804,0.0009010129724629223,0.004899517633020878,0.005141150206327438,0.004899517633020878,0
3002,0,2,1,0.007557064760476351,0.04499999899417162,-0.000613646989222616,-0.000613646989222616,0.0020769230167453096,0.007557064760476351,0.04499999899417162,1,4,0.9076921939849854,0.20944694064039504,13,1.661538353333106,0.009963606663789901,0.006365266052686428,0.03744293423369527,-0.0026905700059679256,0.03744293423369527,0.0026905700059679256,0.0029564937576651573,0.00694150710478425,0.0029564937576651573,0
3002,0,2,3,0.010223696939647198,0.0,0.004726778250187635,0.004726778250187635,0.0,0.010223696939647198,0.0,0,1,0.9076923131942749,0.2094469155167731,13,1.661538461366525,0.002701592934661139,0.002171983332199268,0.010223696939647198,0.004726778250187635,0.010223696939647198,0.004726778250187635,0.0032049415167421103,0.004825578071177006,0.0032049415167421103,0
3002,0,2,4,0.010531120002269745,0.0,-0.0014597089029848576,-0.0014597089029848576,0.0,0.010531120002269745,0.0,0,1,0.9076921939849854,0.20944694064039504,13,1.661538353333106,0.0029968107483936625,0.0024906397434144374,0.010531120002269745,-0.0014597089029848576,0.010531120002269745,0.0014597089029848576,0.005222335923463106,0.006332190241664648,0.005222335923463106,0
3002,0,2,5,0.00783631019294262,0.029999999329447746,-0.0005460151005536318,-0.0005460151005536318,0.0,0.00783631019294262,0.029999999329447746,1,3,0.9076921939849854,0.20944694064039504,13,1.661538353333106,0.005285484852937782,0.00356336630131366,0.022163689136505127,-0.0005460151005536318,0.022163689136505127,0.0005460151005536318,0.0024167574010789394,0.007014859467744827,0.0024167574010789394,0
3002,1,0,1,0.01078866422176361,0.029999999329447746,-4.267100666766055e-05,-4.267100666766055e-05,0.0,0.01078866422176361,0.029999999329447746,1,3,0.007692307233810425,0.20944694064039504,13,1.661538353333106,0.004083628738371625,0.0025807353874569283,0.019211335107684135,-4.267100666766055e-05,0.019211335107684135,4.267100666766055e-05,0.0038326832000166178,0.004156225826591253,0.0038326832000166178,0
3002,1,0,2,0.00791675504297018,0.012000000104308128,0.00027229179977439344,0.00027229179977439344,0.0,0.00791675504297018,0.012000000104308128,1,3,0.9076921939849854,0.20944694064039504,13,1.6615383533331063,0.002169869707874616,0.001884798299915229,0.004083245061337948,0.00027229179977439344,0.004083245061337948,0.00027229179977439344,0.004498192574828863,0.005343281198292971,0.004498192574828863,0
3002,1,0,3,0.0060684410855174065,0.0,0.001080943737179041,0.001080943737179041,0.0,0.0060684410855174065,0.0,0,1,0.9076923131942749,0.2094469155167731,13,1.661538461366525,0.0014596178635466162,0.001141247716109777,0.0060684410855174065,0.001080943737179041,0.0060684410855174065,0.001080943737179041,0.00607746047899127,0.00717377383261919,0.00607746047899127,0
3002,1,0,4,0.004820660687983036,0.0,-0.0012886797776445746,-0.0012886797776445746,0.0,0.004820660687983036,0.0,0,1,0.9076921939849854,0.20944694064039504,13,1.661538353333106,0.001368019847251671,0.001107801430095428,0.004820660687983036,-0.0012886797776445746,0.004820660687983036,0.0012886797776445746,0.005767573602497578,0.004118813201785088,0.005767573602497578,0
3002,1,0,5,0.011602274142205715,0.029999999329447746,0.00018097495194524527,0.00018097495194524527,-1.734723475976807e-18,0.011602274142205715,0.029999999329447746,1,3,0.9076921939849854,0.20944694064039504,13,1.661538353333106,0.004031007981891343,0.002573545787279555,0.01839772518724203,0.000180974951945247,0.01839772518724203,0.000180974951945247,0.004596069920808077,0.005721825174987316,0.004596069920808077,0
3002,1,1,0,0.019924895837903023,0.035999998450279236,0.0007886004168540239,0.0007886004168540239,3.223808893448865e-11,0.019924895837903023,0.035999998450279236,1,3,0.9076921939849854,0.20944694064039504,13,1.661538353333106,0.00346066914329309,0.002340681933571954,0.016075102612376213,0.000788600384615935,0.016075102612376213,0.000788600384615935,0.003779276506975293,0.0026621504221111536,0.003779276506975293,0
3002,1,1,2,0.014304008334875107,0.012000000104308128,-0.001418781466782093,-0.001418781466782093,3.223808893448865e-11,0.014304008334875107,0.012000000104308128,1,3,0.9076921939849854,0.20944694064039504,13,1.6615383533331063,0.00152451352664123,0.0012778494281132193,0.0023040082305669785,-0.001418781499020182,0.0023040082305669785,0.001418781499020182,0.0016108177369460464,0.002751860534772277,0.0016108177369460464,0
3002,1,1,3,0.0069548459723591805,0.0,-0.0021600332111120224,-0.0021600332111120224,0.0,0.0069548459723591805,0.0,0,1,0.9076923131942749,0.2094469155167731,13,1.661538461366525,0.0018155721201760595,0.001459278454232586,0.0069548459723591805,-0.0021600332111120224,0.0069548459723591805,0.0021600332111120224,0.00259026768617332,0.005698684602975845,0.00259026768617332,0
3002,1,1,4,0.01048466470092535,0.0,0.0004007037205155939,0.0004007037205155939,0.0,0.01048466470092535,0.0,0,1,0.9076921939849854,0.20944694064039504,13,1.661538353333106,0.0023487008003208487,0.0016438269177617053,0.01048466470092535,0.0004007037205155939,0.01048466470092535,0.0004007037205155939,0.003686947515234351,0.005644381046295166,0.003686947515234351,0
3002,1,1,5,0.01731550320982933,0.02999999839812517,-0.000351553171640262,-0.000351553171640262,-3.223808893448865e-11,0.01731550320982933,0.02999999839812517,1,3,0.9076921939849854,0.20944694064039504,13,1.661538353333106,0.0030661328949854864,0.002368241983890181,0.012684495188295841,-0.0003515531394021731,0.012684495188295841,0.0003515531394021731,0.005648043006658554,0.004434586968272924,0.005648043006658554,0
3002,1,2,0,0.010255732573568821,0.036000002175569534,0.002431183122098446,0.002431183122098446,-7.737141483055154e-10,0.010255732573568821,0.036000002175569534,1,3,0.9076921939849854,0.20944694064039504,13,1.661538353333106,0.0055847086117006995,0.0038071400844133818,0.025744269602000713,0.002431183895812594,0.025744269602000713,0.002431183895812594,0.003980018198490143,0.005904532968997955,0.003980018198490143,0
3002,1,2,1,0.009424058720469475,0.029999997466802597,0.0020521178375929594,0.0020521178375929594,2.579047045370153e-10,0.009424058720469475,0.029999997466802597,1,3,0.007692307233810425,0.20944694064039504,13,1.661538353333106,0.005121136035482323,0.0035672276198158615,0.020575938746333122,0.002052117579688255,0.020575938746333122,0.002052117579688255,0.004929705988615751,0.0058943829499185085,0.004929705988615751,0
3002,1,2,3,0.011089867912232876,0.0,0.0012156382435932755,0.0012156382435932755,0.0,0.011089867912232876,0.0,0,1,0.9076923131942749,0.2094469155167731,13,1.661538461366525,0.002505462663089125,0.0017833031118797832,0.011089867912232876,0.0012156382435932755,0.011089867912232876,0.0012156382435932755,0.004288633819669485,0.009560729376971722,0.004288633819669485,0
3002,1,2,4,0.00836955662816763,0.0,0.0021741576492786407,0.0021741576492786407,0.0,0.00836955662816763,0.0,0,1,0.9076921939849854,0.20944694064039504,13,1.661538353333106,0.002032933577661057,0.0014561903855857062,0.00836955662816763,0.0021741576492786407,0.00836955662816763,0.0021741576492786407,0.003161253174766898,0.008698037825524807,0.003161253174766898,0
3002,1,2,5,0.010088128037750721,0.029999997466802597,0.0024110174272209406,0.0024110174272209406,-2.579046975981214e-10,0.010088128037750721,0.029999997466802597,1,3,0.9076921939849854,0.20944694064039504,13,1.661538353333106,0.0048180253742561435,0.00353802585169761,0.019911869429051876,0.002411017685125638,0.019911869429051876,0.002411017685125638,0.002250743331387639,0.007220962550491095,0.002250743331387639,0
3002,2,0,1,0.015556939877569675,0.029999999329447746,0.0015512587269768119,0.0015512587269768119,0.0,0.015556939877569675,0.029999999329447746,1,3,0.9076921939849854,0.20944694064039504,13,1.661538353333106,0.004071189440561457,0.002802841307474135,0.01444305945187807,0.0015512587269768119,0.01444305945187807,0.0015512587269768119,0.0017217417480424047,0.006935723125934601,0.0017217417480424047,0
3002,2,0,2,0.012404052540659904,0.012000000104308128,-0.0013844547793269157,-0.0013844547793269157,0.0,0.012404052540659904,0.012000000104308128,1,3,0.9076921939849854,0.20944694064039504,13,1.6615383533331063,0.0023786411902342783,0.002233712037421829,0.0004040524363517761,-0.0013844547793269157,0.0004040524363517761,0.0013844547793269157,0.0038558519445359707,0.004212559200823307,0.0038558519445359707,0
3002,2,0,3,0.0063379667699337006,0.0,0.0006091505638323724,0.0006091505638323724,0.0,0.0063379667699337006,0.0,0,1,0.9076923131942749,0.2094469155167731,13,1.661538461366525,0.0015683911738130888,0.0012560157648784718,0.0063379667699337006,0.0006091505638323724,0.0063379667699337006,0.0006091505638323724,0.004168646410107613,0.0077785467728972435,0.004168646410107613,0
3002,2,0,4,0.0066281831823289394,0.0,0.0002394309703959152,0.0002394309703959152,0.0,0.0066281831823289394,0.0,0,1,0.9076921939849854,0.20944694064039504,13,1.661538353333106,0.0016515597336854806,0.0011966753566428226,0.0066281831823289394,0.0002394309703959152,0.0066281831823289394,0.0002394309703959152,0.002562916371971369,0.0058942679315805435,0.002562916371971369,0
3002,2,0,5,0.01594509556889534,0.029999999329447746,0.0004427147505339235,0.0004427147505339235,0.0,0.01594509556889534,0.029999999329447746,1,3,0.9076921939849854,0.20944694064039504,13,1.661538353333106,0.004143253501197502,0.002888520292320548,0.014054903760552406,0.0004427147505339235,0.014054903760552406,0.0004427147505339235,0.004831693135201931,0.006949559785425663,0.004831693135201931,0
3002,2,1,0,0.011475438252091408,0.03599999751895666,1.7263848349102773e-05,1.7263848349102773e-05,-6.447617700161556e-11,0.011475438252091408,0.03599999751895666,1,3,0.9076921939849854,0.20944694064039504,13,1.661538353333106,0.005031748251487504,0.002859066670330671,0.024524559266865253,1.7263912825279774e-05,0.024524559266865253,1.7263912825279774e-05,0.0027087621856480837,0.005366586148738861,0.0027087621856480837,0
3002,2,1,2,0.009902536869049072,0.012000000104308128,-0.0007849659887142479,-0.0007849659887142479,0.0,0.009902536869049072,0.012000000104308128,1,3,0.9076921939849854,0.20944694064039504,13,1.6615383533331063,0.0020197962911578026,0.001541073533248972,0.002097463235259056,-0.0007849659887142479,0.002097463235259056,0.0007849659887142479,0.0021681359503418207,0.0047295535914599895,0.0021681359503418207,0
3002,2,1,3,0.00793501641601324,0.0,-0.00021040863066446036,-0.00021040863066446036,8.673617379884035e-19,0.00793501641601324,0.0,0,1,0.9076923131942749,0.2094469155167731,13,1.661538461366525,0.0020943694402815382,0.001628832657375103,0.00793501641601324,-0.00021040863066446123,0.00793501641601324,0.00021040863066446123,0.003613797016441822,0.004465183243155479,0.003613797016441822,0
3002,2,1,4,0.007666110992431641,0.0,-0.0008097293903119862,-0.0008097293903119862,0.0,0.007666110992431641,0.0,0,1,0.9076921939849854,0.20944694064039504,13,1.661538353333106,0.0019826215996707635,0.0016401186364994951,0.007666110992431641,-0.0008097293903119862,0.007666110992431641,0.0008097293903119862,0.0035097256768494844,0.005769115872681141,0.0035097256768494844,0
3002,2,1,5,0.011805097572505474,0.029999999329447746,-0.0011588872876018286,-0.0011588872876018286,0.0,0.011805097572505474,0.029999999329447746,1,3,0.9076921939849854,0.20944694064039504,13,1.661538353333106,0.004497359020285574,0.002695309535528605,0.018194901756942272,-0.0011588872876018286,0.018194901756942272,0.0011588872876018286,0.0027834693901240826,0.0033581561874598265,0.0027834693901240826,0
3002,2,2,0,0.01096032839268446,0.036000002175569534,-0.0009223553352057934,-0.0009223553352057934,-2.579047114759092e-10,0.01096032839268446,0.036000002175569534,1,3,0.9076921939849854,0.20944694064039504,13,1.661538353333106,0.005447665221637901,0.0035150769833453307,0.025039673782885075,-0.0009223550773010819,0.025039673782885075,0.0009223550773010819,0.004448286257684231,0.00592071982100606,0.004448286257684231,0
3002,2,2,1,0.008409836329519749,0.029999997466802597,0.0016842723125591874,0.0016842723125591874,2.579047045370153e-10,0.008409836329519749,0.029999997466802597,1,3,0.9076921939849854,0.20944694064039504,13,1.661538353333106,0.004608850044348345,0.002891255476506504,0.02159016113728285,0.0016842720546544829,0.02159016113728285,0.0016842720546544829,0.003999574109911919,0.00559364166110754,0.003999574109911919,0
3002,2,2,3,0.008693833835422993,0.0,-0.0008273517596535385,-0.0008273517596535385,0.0,0.008693833835422993,0.0,0,1,0.9076923131942749,0.2094469155167731,13,1.661538461366525,0.0024181729464118566,0.002080945926305105,0.008693833835422993,-0.0008273517596535385,0.008693833835422993,0.0008273517596535385,0.00499898474663496,0.004685711115598679,0.00499898474663496,0
3002,2,2,4,0.007659042254090309,0.0,-0.0002740438503678888,-0.0002740438503678888,-6.938893903907228e-18,0.007659042254090309,0.0,0,1,0.9076921939849854,0.20944694064039504,13,1.661538353333106,0.0022362312402526264,0.0018511909837200793,0.007659042254090309,-0.00027404385036788187,0.007659042254090309,0.00027404385036788187,0.003941539209336042,0.0029299987945705652,0.003941539209336042,0
3002,2,2,5,0.008927787654101849,0.044999996200203896,0.0003101330657955259,0.0003101330657955259,0.0020769232746500263,0.008927787654101849,0.044999996200203896,1,4,0.9076921939849854,0.20944694064039504,13,1.661538353333106,0.008973069237622158,0.005489636289738338,0.03607220854610205,-0.0017667902088545004,0.03607220854610205,0.0017667902088545004,0.002748369239270687,0.004528368823230267,0.002748369239270687,0
3002,3,0,1,0.011687962338328362,0.02999999839812517,0.0030794015619903803,0.0030794015619903803,6.44761778689773e-11,0.011687962338328362,0.02999999839812517,1,3,0.9076921939849854,0.20944694064039504,13,1.661538353333106,0.004828634710034692,0.003270507398882561,0.01831203605979681,0.0030794014975142024,0.01831203605979681,0.0030794014975142024,0.0019733610097318888,0.0028779315762221813,0.0019733610097318888,0
3002,3,0,2,0.011821465566754341,0.011999998241662979,0.0019161117961630225,0.0019161117961630225,0.0,0.011821465566754341,0.011999998241662979,1,3,0.9076921939849854,0.20944694064039504,13,1.6615383533331063,0.0033784849828842915,0.0025699127178925732,0.000178532674908638,0.0019161117961630225,0.000178532674908638,0.0019161117961630225,0.0038311637472361326,0.004868440795689821,0.0038311637472361326,0
3002,3,0,3,0.009109597653150558,0.0,0.0017627362394705415,0.0017627362394705415,0.0,0.009109597653150558,0.0,0,1,0.9076923131942749,0.2094469155167731,13,1.661538461366525,0.0029426978890276256,0.002481797280219885,0.009109597653150558,0.0017627362394705415,0.009109597653150558,0.0017627362394705415,0.002875655423849821,0.0055457064881920815,0.002875655423849821,0
3002,3,0,4,0.007731666788458824,0.0,-0.0007989825680851936,-0.0007989825680851936,0.0,0.007731666788458824,0.0,0,1,0.9076921939849854,0.20944694064039504,13,1.661538353333106,0.0019871080561024677,0.0016593764916326874,0.007731666788458824,-0.0007989825680851936,0.007731666788458824,0.0007989825680851936,0.004297500941902399,0.005506756249815226,0.004297500941902399,0
3002,3,0,5,0.012358814477920532,0.02999999839812517,0.0012399082770571113,0.0012399082770571113,6.44761778689773e-11,0.012358814477920532,0.02999999839812517,1,3,0.9076921939849854,0.20944694064039504,13,1.661538353333106,0.004735985565356235,0.003274051626846635,0.01764118392020464,0.0012399082125809334,0.01764118392020464,0.0012399082125809334,0.0030382899567484856,0.003321633441373706,0.0030382899567484856,0
3002,3,1,0,0.01150338165462017,0.03599999751895666,0.0015987986698746681,0.0015987986698746681,-6.447617700161556e-11,0.01150338165462017,0.03599999751895666,1,3,0.9076921939849854,0.20944694064039504,13,1.661538353333106,0.005088217368860457,0.0031500490569680395,0.02449661586433649,0.0015987987343508451,0.02449661586433649,0.0015987987343508451,0.0017369086854159832,0.00693524070084095,0.0017369086854159832,0
3002,3,1,2,0.010135380551218987,0.012000000104308128,-0.001500796526670456,-0.001500796526670456,0.0,0.010135380551218987,0.012000000104308128,1,3,0.9076921939849854,0.20944694064039504,13,1.6615383533331063,0.0019724233572974504,0.0015434926133272213,0.0018646195530891418,-0.001500796526670456,0.0018646195530891418,0.001500796526670456,0.0018536787247285247,0.0031203660182654858,0.0018536787247285247,0
3002,3,1,3,0.006085112225264311,0.0,-0.0005528140463866293,-0.0005528140463866293,8.673617379884035e-19,0.006085112225264311,0.0,0,1,0.9076923131942749,0.2094469155167731,13,1.661538461366525,0.0018381872829274866,0.0014944102438772923,0.006085112225264311,-0.0005528140463866302,0.006085112225264311,0.0005528140463866302,0.003589205676689744,0.0036497339606285095,0.003589205676689744,0
3002,3,1,4,0.005903485231101513,0.0,0.0018887879559770226,0.0018887879559770226,0.0,0.005903485231101513,0.0,0,1,0.9076921939849854,0.20944694064039504,13,1.661538353333106,0.0018784687139573606,0.0016199285880877422,0.005903485231101513,0.0018887879559770226,0.005903485231101513,0.0018887879559770226,0.0012552213156595826,0.006383485626429319,0.0012552213156595826,0
3002,3,1,5,0.01195499300956726,0.029999999329447746,-0.001168804126791656,-0.001168804126791656,0.0,0.01195499300956726,0.029999999329447746,1,3,0.9076921939849854,0.20944694064039504,13,1.661538353333106,0.004266351513084553,0.0026121818344797608,0.018045006319880486,-0.001168804126791656,0.018045006319880486,0.001168804126791656,0.004653514362871647,0.005035353824496269,0.004653514362871647,0
3002,3,2,0,0.0088935736566782,0.036000002175569534,0.0011253951815888286,0.0011253951815888286,-2.579047114759092e-10,0.0088935736566782,0.036000002175569534,1,3,0.9076921939849854,0.20944694064039504,13,1.661538353333106,0.005651233722486276,0.0035133061148005817,0.027106428518891335,0.00112539543949354,0.027106428518891335,0.00112539543949354,0.0018126233480870724,0.004049685318022966,0.0018126233480870724,0
3002,3,2,1,0.007686528377234936,0.029999997466802597,0.0017720806645229459,0.0017720806645229459,2.579047045370153e-10,0.007686528377234936,0.029999997466802597,1,3,0.9076921939849854,0.20944694064039504,13,1.661538353333106,0.004785636406508226,0.0031744809215061764,0.02231346908956766,0.0017720804066182413,0.02231346908956766,0.0017720804066182413,0.003123558359220624,0.003770427079871297,0.003123558359220624,0
3002,3,2,3,0.006511583924293518,0.0,-0.0005586370825767517,-0.0005586370825767517,0.0,0.006511583924293518,0.0,0,1,0.9076923131942749,0.2094469155167731,13,1.661538461366525,0.0022747742555063078,0.0019444214874470727,0.006511583924293518,-0.0005586370825767517,0.006511583924293518,0.0005586370825767517,0.003642115741968155,0.006082820240408182,0.003642115741968155,0
3002,3,2,4,0.007692178711295128,0.0,0.0033049669582396746,0.0033049669582396746,0.0,0.007692178711295128,0.0,0,1,0.9076921939849854,0.20944694064039504,13,1.661538353333106,0.0024873546511055464,0.0021237721501370156,0.007692178711295128,0.0033049669582396746,0.007692178711295128,0.0033049669582396746,0.0013147714780643582,0.00295296311378479,0.0013147714780643582,0
3002,3,2,5,0.00741167739033699,0.029999997466802597,-0.000473198713734746,-0.000473198713734746,2.579047045370153e-10,0.00741167739033699,0.029999997466802597,1,3,0.9076921939849854,0.20944694064039504,13,1.661538353333106,0.0048830805957196435,0.003223080474596757,0.022588320076465607,-0.0004731989716394505,0.022588320076465607,0.0004731989716394505,0.004375264048576355,0.0038318100851029158,0.004375264048576355,0
3002,4,0,1,0.01377156376838684,0.02999999839812517,0.0021297254133969545,0.0021297254133969545,6.44761778689773e-11,0.01377156376838684,0.02999999839812517,1,3,0.9076921939849854,0.20944694064039504,13,1.661538353333106,0.005108145437089011,0.003322059751526844,0.01622843462973833,0.0021297253489207767,0.01622843462973833,0.0021297253489207767,0.0026838250923901796,0.004450846463441849,0.0026838250923901796,0
3002,4,0,2,0.01083994098007679,0.012000001966953278,-7.809419184923172e-05,-7.809419184923172e-05,-0.0007615385813208725,0.01083994098007679,0.012000001966953278,1,4,0.9076921939849854,0.20944694064039504,13,1.6615383533331063,0.0031804235861572568,0.0024813585776901816,0.0011600609868764877,0.0006834443894716408,0.0011600609868764877,0.0006834443894716408,0.004830545745790005,0.005713227670639753,0.004830545745790005,0
3002,4,0,3,0.008916685357689857,0.0,0.0011685173958539963,0.0011685173958539963,0.0,0.008916685357689857,0.0,0,1,0.9076923131942749,0.2094469155167731,13,1.661538461366525,0.002533072791428791,0.00195881446614068,0.008916685357689857,0.0011685173958539963,0.008916685357689857,0.0011685173958539963,0.0023430248256772757,0.004765338730067015,0.0023430248256772757,0
3002,4,0,4,0.011181961745023727,0.0,-0.001210742280818522,-0.001210742280818522,0.0,0.011181961745023727,0.0,0,1,0.9076921939849854,0.20944694064039504,13,1.661538353333106,0.0028931518854182015,0.002393660725221126,0.011181961745023727,-0.001210742280818522,0.011181961745023727,0.001210742280818522,0.0058999815955758095,0.008863209746778011,0.0058999815955758095,0
3002,4,0,5,0.013989053666591644,0.02999999839812517,0.00407349644228816,0.00407349644228816,6.44761778689773e-11,0.013989053666591644,0.02999999839812517,1,3,0.9076921939849854,0.20944694064039504,13,1.661538353333106,0.005135379953879321,0.003451792589394299,0.016010944731533527,0.0040734963778119825,0.016010944731533527,0.0040734963778119825,0.004257959313690662,0.004208455793559551,0.004257959313690662,0
3002,4,1,0,0.011157173663377762,0.03599999751895666,0.0016636140644550323,0.0016636140644550323,-6.447617700161556e-11,0.011157173663377762,0.03599999751895666,1,3,0.9076921939849854,0.20944694064039504,13,1.661538353333106,0.005162207827896689,0.003205571362208685,0.0248428238555789,0.0016636141289312094,0.0248428238555789,0.0016636141289312094,0.0021328686270862818,0.006454279646277428,0.0021328686270862818,0
3002,4,1,2,0.009929727762937546,0.012000000104308128,-0.0014508651802316308,-0.0014508651802316308,-0.0007615385813208708,0.009929727762937546,0.012000000104308128,1,4,0.9076921939849854,0.20944694064039504,13,1.6615383533331063,0.001978573258497392,0.0015674783027119184,0.0020702723413705826,-0.00068932659891076,0.0020702723413705826,0.00068932659891076,0.002883003791794181,0.0030629890970885754,0.002883003791794181,0
3002,4,1,3,0.006309500429779291,0.0,-0.001156766782514751,-0.001156766782514751,8.673617379884035e-19,0.006309500429779291,0.0,0,1,0.9076923131942749,0.2094469155167731,13,1.661538461366525,0.0019050878990932185,0.0015518316811711124,0.006309500429779291,-0.0011567667825147518,0.006309500429779291,0.0011567667825147518,0.003219585632905364,0.0032040979713201523,0.003219585632905364,0
3002,4,1,4,0.006328468210995197,0.0,0.00195862608961761,0.00195862608961761,0.0,0.006328468210995197,0.0,0,1,0.9076921939849854,0.20944694064039504,13,1.661538353333106,0.0020040426314020263,0.0016833758146981516,0.006328468210995197,0.00195862608961761,0.006328468210995197,0.00195862608961761,0.0014435581397265196,0.00712441373616457,0.0014435581397265196,0
3002,4,1,5,0.011831412091851234,0.029999999329447746,-0.0011465565767139196,-0.0011465565767139196,0.0,0.011831412091851234,0.029999999329447746,1,3,0.9076921939849854,0.20944694064039504,13,1.661538353333106,0.004340082873922571,0.002697993510749918,0.018168587237596512,-0.0011465565767139196,0.018168587237596512,0.0011465565767139196,0.0016290623461827636,0.003965160809457302,0.0016290623461827636,0
3002,4,2,0,0.00816489290446043,0.036000002175569534,0.0011430056765675545,0.0011430056765675545,-2.579047114759092e-10,0.00816489290446043,0.036000002175569534,1,3,0.9076921939849854,0.20944694064039504,13,1.661538353333106,0.00592978343833915,0.0037018948802228506,0.027835109271109104,0.001143005934472266,0.027835109271109104,0.001143005934472266,0.0021435150410979986,0.0041024936363101006,0.0021435150410979986,0
3002,4,2,1,0.00840724352747202,0.029999997466802597,0.0011760033667087555,0.0011760033667087555,2.579047045370153e-10,0.00840724352747202,0.029999997466802597,1,3,0.9076921939849854,0.20944694064039504,13,1.661538353333106,0.005002842198849578,0.0032325429654509364,0.021592753939330578,0.001176003108804051,0.021592753939330578,0.001176003108804051,0.004045970272272825,0.003322201082482934,0.004045970272272825,0
3002,4,2,3,0.008135625161230564,0.0,6.965423381188884e-05,6.965423381188884e-05,0.0,0.008135625161230564,0.0,0,1,0.9076923131942749,0.2094469155167731,13,1.661538461366525,0.002357674976141554,0.001909046692872894,0.008135625161230564,6.965423381188884e-05,0.008135625161230564,6.965423381188884e-05,0.004367937799543142,0.007010363973677158,0.004367937799543142,0
3002,4,2,4,0.00794926006346941,0.0,0.002785441232845187,0.002785441232845187,0.0,0.00794926006346941,0.0,0,1,0.9076921939849854,0.20944694064039504,13,1.661538353333106,0.002472041602912716,0.0020285648839360867,0.00794926006346941,0.002785441232845187,0.00794926006346941,0.002785441232845187,0.001982137793675065,0.0028035726863890886,0.001982137793675065,0
3002,4,2,5,0.008430005051195621,0.04499999899417162,-0.0017737328307703137,-0.0017737328307703137,0.018692307215183963,0.008430005051195621,0.04499999899417162,1,4,0.9076921939849854,0.20944694064039504,13,1.661538353333106,0.014292010463967116,0.012865946909203334,0.036569993942976,-0.020466040045954276,0.036569993942976,0.020466040045954276,0.0019278735853731632,0.0032826398964971304,0.0019278735853731632,0
3002,5,0,1,0.02506377175450325,0.030000001192092896,0.009639272466301918,0.009639272466301918,0.0,0.02506377175450325,0.030000001192092896,1,3,0.9076921939849854,0.20944694064039504,13,1.661538353333106,0.0084129463194865,0.0059701253456124195,0.004936229437589645,0.009639272466301918,0.004936229437589645,0.009639272466301918,0.007647355552762747,0.005514824762940407,0.007647355552762747,0
3002,5,0,2,0.027390876784920692,0.01199999451637268,0.005089628975838423,0.005089628975838423,0.0008307709088692244,0.027390876784920692,0.01199999451637268,1,4,0.9076921939849854,0.20944694064039504,13,1.6615383533331063,0.007737565946545814,0.006565345936184805,0.015390882268548012,0.004258858066969198,0.015390882268548012,0.004258858066969198,0.011301286518573761,0.008011952042579651,0.011301286518573761,0
3002,5,0,3,0.030469944700598717,0.0,0.015889538452029228,0.015889538452029228,0.0,0.030469944700598717,0.0,0,1,0.007692308165132999,0.2094469155167731,13,1.661538461366525,0.007141962866114254,0.0055058822697083626,0.030469944700598717,0.015889538452029228,0.030469944700598717,0.015889538452029228,0.011338305659592152,0.01514778658747673,0.011338305659592152,0
3002,5,0,4,0.033329401165246964,0.0,0.00448362622410059,0.00448362622410059,0.0,0.033329401165246964,0.0,0,1,0.9076921939849854,0.20944694064039504,13,1.661538353333106,0.007748064811090999,0.005870391049879718,0.033329401165246964,0.00448362622410059,0.033329401165246964,0.00448362622410059,0.008595439605414867,0.013881249353289604,0.008595439605414867,0
3002,5,0,5,0.028168313205242157,0.030000001192092896,0.0032486591953784227,0.0032486591953784227,1.3877787807814457e-17,0.028168313205242157,0.030000001192092896,1,3,0.007692307233810425,0.20944694064039504,13,1.661538353333106,0.010209128111966859,0.007348396677589981,0.0018316879868507385,0.003248659195378409,0.0018316879868507385,0.003248659195378409,0.005858536809682846,0.008276917971670628,0.005858536809682846,0
3002,5,1,0,0.011224815621972084,0.036000000312924385,-0.0009729601442813873,-0.0009729601442813873,1.289523557379546e-10,0.011224815621972084,0.036000000312924385,1,3,0.9076921939849854,0.20944694064039504,13,1.661538353333106,0.005274762086658616,0.003511257381481531,0.0247751846909523,-0.0009729602732337431,0.0247751846909523,0.0009729602732337431,0.0029409974813461304,0.006910308729857206,0.0029409974813461304,0
3002,5,1,2,0.011245833709836006,0.012000001035630703,-0.0008604247123003006,-0.0008604247123003006,0.0008307694259171265,0.011245833709836006,0.012000001035630703,1,4,0.9076921939849854,0.20944694064039504,13,1.6615383533331063,0.00300752385746932,0.0024003784486351636,0.0007541673257946968,-0.0016911941382174271,0.0007541673257946968,0.0016911941382174271,0.004338625818490982,0.0026235177647322416,0.004338625818490982,0
3002,5,1,3,0.011923326179385185,0.0,-0.001039831549860537,-0.001039831549860537,0.0,0.011923326179385185,0.0,0,1,0.007692308165132999,0.2094469155167731,13,1.661538461366525,0.0028209357206928362,0.0020888892151194913,0.011923326179385185,-0.001039831549860537,0.011923326179385185,0.001039831549860537,0.003286383580416441,0.004065763205289841,0.003286383580416441,0
3002,5,1,4,0.011043554171919823,0.0,-0.0004326505586504936,-0.0004326505586504936,3.469446951953614e-18,0.011043554171919823,0.0,0,1,0.9076921939849854,0.20944694064039504,13,1.661538353333106,0.002560514053954205,0.0018284151980862814,0.011043554171919823,-0.0004326505586504971,0.011043554171919823,0.0004326505586504971,0.0037236325442790985,0.0030656340532004833,0.0037236325442790985,0
3002,5,1,5,0.014578173868358135,0.04500000178813934,-0.0005386366392485797,-0.0005386366392485797,-0.024923078522086105,0.014578173868358135,0.04500000178813934,1,4,0.007692307233810425,0.20944694064039504,13,1.661538353333106,0.009248513452354569,0.006309537878315124,0.030421827919781208,0.024384441882837525,0.030421827919781208,0.024384441882837525,0.0031523164361715317,0.0033377506770193577,0.0031523164361715317,0
3002,5,2,0,0.009168729186058044,0.035999998450279236,-0.0013998453505337238,-0.0013998453505337238,-6.938893903907228e-18,0.009168729186058044,0.035999998450279236,1,3,0.9076921939849854,0.20944694064039504,13,1.661538353333106,0.005601643855761483,0.003495993103677705,0.02683126926422119,-0.001399845350533717,0.02683126926422119,0.001399845350533717,0.0026026866398751736,0.004700543824583292,0.0026026866398751736,0
3002,5,2,1,0.008315792307257652,0.029999999329447746,0.0024367407895624638,0.0024367407895624638,-1.289523557379546e-10,0.008315792307257652,0.029999999329447746,1,3,0.9076921939849854,0.20944694064039504,13,1.661538353333106,0.0048178916063543195,0.0031540871173496073,0.021684207022190094,0.0024367409185148195,0.021684207022190094,0.0024367409185148195,0.004273636732250452,0.005560344085097313,0.004273636732250452,0
3002,5,2,3,0.00840687844902277,0.0,0.0001448684633942321,0.0001448684633942321,6.938893903907228e-18,0.00840687844902277,0.0,0,1,0.007692308165132999,0.2094469155167731,13,1.661538461366525,0.002432216371298151,0.0019923558778311375,0.00840687844902277,0.00014486846339422516,0.00840687844902277,0.00014486846339422516,0.004728655330836773,0.005682972725480795,0.004728655330836773,0
3002,5,2,4,0.007280271500349045,0.0,0.0004730219952762127,0.0004730219952762127,-6.938893903907228e-18,0.007280271500349045,0.0,0,1,0.9076921939849854,0.20944694064039504,13,1.661538353333106,0.002344365586198134,0.002034877564691933,0.007280271500349045,0.00047302199527621963,0.007280271500349045,0.00047302199527621963,0.0019453534623607993,0.0030269857961684465,0.0019453534623607993,0
3002,5,2,5,0.008310588076710701,0.044999998062849045,-0.0011210195953026414,-0.0011210195953026414,0.002076922887792952,0.008310588076710701,0.044999998062849045,1,4,0.007692307233810425,0.20944694064039504,13,1.661538353333106,0.009969092637318258,0.006164060211216909,0.036689409986138344,-0.0031979424830955935,0.036689409986138344,0.0031979424830955935,0.0019063828513026237,0.006577135529369116,0.0019063828513026237,0
3002,6,0,1,0.010774912312626839,0.02999999839812517,0.0027038201224058867,0.0027038201224058867,6.44761778689773e-11,0.010774912312626839,0.02999999839812517,1,3,0.9076921939849854,0.20944694064039504,13,1.661538353333106,0.004666338689473928,0.0030871119195892962,0.019225086085498333,0.0027038200579297088,0.019225086085498333,0.0027038200579297088,0.0024908988270908594,0.003834258299320936,0.0024908988270908594,0
3002,6,0,2,0.009884672239422798,0.012000001966953278,0.0009940400486811996,0.0009940400486811996,-0.0008307693614409521,0.009884672239422798,0.012000001966953278,1,4,0.9076921939849854,0.20944694064039504,13,1.6615383533331063,0.0029301550138556573,0.0025128610652579357,0.0021153297275304794,0.0018248094101221517,0.0021153297275304794,0.0018248094101221517,0.0034530055709183216,0.006072083953768015,0.0034530055709183216,0
3002,6,0,3,0.0066189393401145935,0.0,0.0006812593783251941,0.0006812593783251941,0.0,0.0066189393401145935,0.0,0,1,0.9076923131942749,0.2094469155167731,13,1.661538461366525,0.0022554181538972217,0.001957961154230953,0.0066189393401145935,0.0006812593783251941,0.0066189393401145935,0.0006812593783251941,0.0038790074177086353,0.0018889938946813345,0.0038790074177086353,0
3002,6,0,4,0.006600506603717804,0.0,-0.002136850729584694,-0.002136850729584694,0.0,0.006600506603717804,0.0,0,1,0.9076921939849854,0.20944694064039504,13,1.661538353333106,0.002020410436349882,0.001658429760904707,0.006600506603717804,-0.002136850729584694,0.006600506603717804,0.002136850729584694,0.004021878354251385,0.004920861218124628,0.004021878354251385,0
3002,6,0,5,0.010636083781719208,0.02999999839812517,0.002796848537400365,0.002796848537400365,6.44761778689773e-11,0.010636083781719208,0.02999999839812517,1,3,0.9076921939849854,0.20944694064039504,13,1.661538353333106,0.004648604247749756,0.0031414171956347285,0.019363914616405964,0.002796848472924187,0.019363914616405964,0.002796848472924187,0.0032740943133831024,0.003942894283682108,0.0032740943133831024,0
3002,6,1,0,0.010515356436371803,0.035999998450279236,0.0005024755373597145,0.0005024755373597145,0.0,0.010515356436371803,0.035999998450279236,1,3,0.9076921939849854,0.20944694064039504,13,1.661538353333106,0.005542512141090308,0.003667518121780023,0.025484642013907433,0.0005024755373597145,0.025484642013907433,0.0005024755373597145,0.004167135339230299,0.003912972752004862,0.004167135339230299,0
3002,6,1,2,0.012694234028458595,0.012000001966953278,-0.0008176931296475232,-0.0008176931296475232,-0.0008307678140126867,0.012694234028458595,0.012000001966953278,1,4,0.9076921939849854,0.20944694064039504,13,1.6615383533331063,0.0033881044054532134,0.002653081961990108,0.0006942320615053177,1.3074684365163569e-05,0.0006942320615053177,1.3074684365163569e-05,0.004130535759031773,0.006028234492987394,0.004130535759031773,0
3002,6,1,3,0.009982069954276085,0.0,0.0010185916908085346,0.0010185916908085346,0.0,0.009982069954276085,0.0,0,1,0.9076923131942749,0.2094469155167731,13,1.661538461366525,0.002258596704740131,0.0015188670943121938,0.009982069954276085,0.0010185916908085346,0.009982069954276085,0.0010185916908085346,0.0026951669715344906,0.004558696411550045,0.0026951669715344906,0
3002,6,1,4,0.008046051487326622,0.0,0.00018142939370591193,0.00018142939370591193,0.0,0.008046051487326622,0.0,0,1,0.9076921939849854,0.20944694064039504,13,1.661538353333106,0.002297496836074143,0.001890938133883053,0.008046051487326622,0.00018142939370591193,0.008046051487326622,0.00018142939370591193,0.004520077258348465,0.005233245436102152,0.004520077258348465,0
3002,6,1,5,0.015439322218298912,0.044999999925494194,-0.001881504780612886,-0.001881504780612886,-0.024923076974657843,0.015439322218298912,0.044999999925494194,1,4,0.9076921939849854,0.20944694064039504,13,1.661538353333106,0.009232095743208673,0.006803485316902223,0.029560677707195282,0.023041572194044957,0.029560677707195282,0.023041572194044957,0.006022839806973934,0.0036718714982271194,0.006022839806973934,0
3002,6,2,0,0.009072189219295979,0.036000002175569534,0.0003242255188524723,0.0003242255188524723,-2.579047114759092e-10,0.009072189219295979,0.036000002175569534,1,3,0.9076921939849854,0.20944694064039504,13,1.661538353333106,0.005924550751184733,0.003939373054976999,0.026927812956273556,0.0003242257767571838,0.026927812956273556,0.0003242257767571838,0.002932895440608263,0.0028713145293295383,0.002932895440608263,0
3002,6,2,1,0.009000257588922977,0.029999997466802597,-0.000363250874215737,-0.000363250874215737,2.579047045370153e-10,0.009000257588922977,0.029999997466802597,1,3,0.9076921939849854,0.20944694064039504,13,1.661538353333106,0.004696141292696789,0.0030643764288115073,0.02099973987787962,-0.0003632511321204415,0.02099973987787962,0.0003632511321204415,0.004975878167897463,0.003745130728930235,0.004975878167897463,0
3002,6,2,3,0.008099195547401905,0.0,0.0002695402654353529,0.0002695402654353529,0.0,0.008099195547401905,0.0,0,1,0.9076923131942749,0.2094469155167731,13,1.661538461366525,0.0022090752816711634,0.0018214778588897377,0.008099195547401905,0.0002695402654353529,0.008099195547401905,0.0002695402654353529,0.004194079432636499,0.006243152543902397,0.004194079432636499,0
3002,6,2,4,0.007501162588596344,0.0,0.0015562805347144604,0.0015562805347144604,0.0,0.007501162588596344,0.0,0,1,0.9076921939849854,0.20944694064039504,13,1.661538353333106,0.0022150443111040316,0.0018349050174979768,0.007501162588596344,0.0015562805347144604,0.007501162588596344,0.0015562805347144604,0.0017260953318327665,0.002551053650677204,0.0017260953318327665,0
3002,6,2,5,0.008525654673576355,0.044999996200203896,-0.002171123865991831,-0.002171123865991831,0.0020769232746500194,0.008525654673576355,0.044999996200203896,1,4,0.9076921939849854,0.20944694064039504,13,1.661538353333106,0.010380354151836704,0.006318925213090767,0.03647434152662754,-0.00424804714064185,0.03647434152662754,0.00424804714064185,0.003963647410273552,0.005107461009174585,0.003963647410273552,0
3002,7,0,1,0.027234550565481186,0.030000001192092896,0.01108031626790762,0.01108031626790762,0.0,0.027234550565481186,0.030000001192092896,1,3,0.9076921939849854,0.20944694064039504,13,1.661538353333106,0.010170089988679807,0.007239502176818763,0.0027654506266117096,0.01108031626790762,0.0027654506266117096,0.01108031626790762,0.008502003736793995,0.007906239479780197,0.008502003736793995,0
3002,7,0,2,0.028102893382310867,0.01199999451637268,0.008612271398305893,0.008612271398305893,0.0008307709088692106,0.028102893382310867,0.01199999451637268,1,4,0.9076921939849854,0.20944694064039504,13,1.6615383533331063,0.009331476708782371,0.007795982035262697,0.016102898865938187,0.007781500489436682,0.016102898865938187,0.007781500489436682,0.009060311131179333,0.008096400648355484,0.009060311131179333,0
3002,7,0,3,0.03137113153934479,0.0,0.014164604246616364,0.014164604246616364,0.0,0.03137113153934479,0.0,0,1,0.9076923131942749,0.2094469155167731,13,1.661538461366525,0.007215031490158908,0.005462633820592299,0.03137113153934479,0.014164604246616364,0.03137113153934479,0.014164604246616364,0.010484915226697922,0.013269834220409393,0.010484915226697922,0
3002,7,0,4,0.037886444479227066,0.0,0.005318612325936556,0.005318612325936556,0.0,0.037886444479227066,0.0,0,1,0.9076921939849854,0.20944694064039504,13,1.661538353333106,0.009129053135879377,0.006864323540791847,0.037886444479227066,0.005318612325936556,0.037886444479227066,0.005318612325936556,0.009600541554391384,0.016159698367118835,0.009600541554391384,0
3002,7,0,5,0.027234554290771484,0.030000001192092896,0.011080318130552769,0.011080318130552769,0.0,0.027234554290771484,0.030000001192092896,1,3,0.9076921939849854,0.20944694064039504,13,1.661538353333106,0.010170090670016842,0.007239503323061932,0.002765446901321411,0.011080318130552769,0.002765446901321411,0.011080318130552769,0.008502000942826271,0.007906243205070496,0.008502000942826271,0
3002,7,1,0,0.013362469151616096,0.035999998450279236,-0.0013658631360158324,-0.0013658631360158324,0.0,0.013362469151616096,0.035999998450279236,1,3,0.9076921939849854,0.20944694064039504,13,1.661538353333106,0.004833676854475212,0.003326427698488066,0.02263752929866314,-0.0013658631360158324,0.02263752929866314,0.0013658631360158324,0.002467620652168989,0.008187972009181976,0.002467620652168989,0
3002,7,1,2,0.013345638290047646,0.012000001966953278,-0.0012678256025537848,-0.0012678256025537848,0.0008307678140126798,0.013345638290047646,0.012000001966953278,1,4,0.9076921939849854,0.20944694064039504,13,1.6615383533331063,0.003016160264797105,0.002426413014619308,0.001345636323094368,-0.0020985934165664646,0.001345636323094368,0.0020985934165664646,0.0038904487155377865,0.0044162035919725895,0.0038904487155377865,0
3002,7,1,3,0.01195886917412281,0.0,-0.0019828183576464653,-0.0019828183576464653,0.0,0.01195886917412281,0.0,0,1,0.9076923131942749,0.2094469155167731,13,1.661538461366525,0.0027205247878045987,0.0019956552065335787,0.01195886917412281,-0.0019828183576464653,0.01195886917412281,0.0019828183576464653,0.0036385776475071907,0.004472308326512575,0.0036385776475071907,0
3002,7,1,4,0.009885633364319801,0.0,-0.0007228373433463275,-0.0007228373433463275,0.0,0.009885633364319801,0.0,0,1,0.9076921939849854,0.20944694064039504,13,1.661538353333106,0.0025022066288199417,0.002043416183552093,0.009885633364319801,-0.0007228373433463275,0.009885633364319801,0.0007228373433463275,0.0026828511618077755,0.004797033499926329,0.0026828511618077755,0
3002,7,1,5,0.014169992879033089,0.04500000271946192,-0.0008539293776266277,-0.0008539293776266277,-0.006230769630521521,0.014169992879033089,0.04500000271946192,1,4,0.9076921939849854,0.20944694064039504,13,1.661538353333106,0.010659989075786464,0.008843201978584013,0.03083000984042883,0.005376840252894893,0.03083000984042883,0.005376840252894893,0.0037881273310631514,0.0061542438343167305,0.0037881273310631514,0
3002,7,2,0,0.010660316795110703,0.035999998450279236,-0.002016326179727912,-0.002016326179727912,0.0,0.010660316795110703,0.035999998450279236,1,3,0.9076921939849854,0.20944694064039504,13,1.661538353333106,0.005339136935794212,0.0034135969344680824,0.025339681655168533,-0.002016326179727912,0.025339681655168533,0.002016326179727912,0.0022603936959058046,0.004774621222168207,0.0022603936959058046,0
3002,7,2,1,0.00903576985001564,0.030000001192092896,0.0019009358948096633,0.0019009358948096633,0.0,0.00903576985001564,0.030000001192092896,1,3,0.9076921939849854,0.20944694064039504,13,1.661538353333106,0.004548901860089714,0.003079702405358208,0.020964231342077255,0.0019009358948096633,0.020964231342077255,0.0019009358948096633,0.003601517528295517,0.0060563720762729645,0.003601517528295517,0
3002,7,2,3,0.009266587905585766,0.0,-0.0005025166901759803,-0.0005025166901759803,0.0,0.009266587905585766,0.0,0,1,0.9076923131942749,0.2094469155167731,13,1.661538461366525,0.0028302515533069838,0.002404630955683409,0.009266587905585766,-0.0005025166901759803,0.009266587905585766,0.0005025166901759803,0.0041258144192397594,0.008074076846241951,0.0041258144192397594,0
3002,7,2,4,0.009164410643279552,0.0,0.00012719414371531457,0.00012719414371531457,0.0,0.009164410643279552,0.0,0,1,0.9076921939849854,0.20944694064039504,13,1.661538353333106,0.002696932578171586,0.00226961561208646,0.009164410643279552,0.00012719414371531457,0.009164410643279552,0.00012719414371531457,0.001954739447683096,0.003951092250645161,0.001954739447683096,0
3002,7,2,5,0.009001932106912136,0.030000001192092896,0.0018812509952113032,0.0018812509952113032,0.0,0.009001932106912136,0.030000001192092896,1,3,0.9076921939849854,0.20944694064039504,13,1.661538353333106,0.00454731185320933,0.003072979479763635,0.02099806908518076,0.0018812509952113032,0.02099806908518076,0.0018812509952113032,0.0036110852379351854,0.005798493977636099,0.0036110852379351854,0
3002,8,0,1,0.013810966163873672,0.030000001192092896,0.0011079087853431702,0.0011079087853431702,-3.469446951953614e-18,0.013810966163873672,0.030000001192092896,1,3,0.9076921939849854,0.20944694064039504,13,1.661538353333106,0.004602085843768903,0.0032649787484541446,0.016189035028219223,0.0011079087853431736,0.016189035028219223,0.0011079087853431736,0.0029409928247332573,0.006456805393099785,0.0029409928247332573,0
3002,8,0,2,0.012964416295289993,0.011999998241662979,-0.0007008961983956397,-0.0007008961983956397,0.0008307693614409487,0.012964416295289993,0.011999998241662979,1,4,0.9076921939849854,0.20944694064039504,13,1.6615383533331063,0.0032564263609642114,0.002613814867283466,0.0009644180536270142,-0.0015316655598365883,0.0009644180536270142,0.0015316655598365883,0.004860023036599159,0.005330750253051519,0.004860023036599159,0
3002,8,0,3,0.007893821224570274,0.0,-0.0015086405910551548,-0.0015086405910551548,3.469446951953614e-18,0.007893821224570274,0.0,0,1,0.9076923131942749,0.2094469155167731,13,1.661538461366525,0.0023396362168703186,0.001923796098084139,0.007893821224570274,-0.0015086405910551583,0.007893821224570274,0.0015086405910551583,0.004526561591774225,0.0025489332620054483,0.004526561591774225,0
3002,8,0,4,0.009191418997943401,0.0,-0.0017426889389753342,-0.0017426889389753342,-3.469446951953614e-18,0.009191418997943401,0.0,0,1,0.9076921939849854,0.20944694064039504,13,1.661538353333106,0.0025302208208426422,0.0021768302254422875,0.009191418997943401,-0.0017426889389753307,0.009191418997943401,0.0017426889389753307,0.00367093738168478,0.004040603991597891,0.00367093738168478,0
3002,8,0,5,0.014076882973313332,0.030000001192092896,0.004356048535555601,0.004356048535555601,0.0,0.014076882973313332,0.030000001192092896,1,3,0.9076921939849854,0.20944694064039504,13,1.661538353333106,0.004510778013440899,0.003145161150960175,0.015923118218779564,0.004356048535555601,0.015923118218779564,0.004356048535555601,0.0037378231063485146,0.006145642139017582,0.0037378231063485146,0
3002,8,1,0,0.013604778796434402,0.035999998450279236,0.002005800837650895,0.002005800837650895,6.938893903907228e-18,0.013604778796434402,0.035999998450279236,1,3,0.9076921939849854,0.20944694064039504,13,1.661538353333106,0.0048806316212058505,0.0034517400054889322,0.022395219653844833,0.002005800837650888,0.022395219653844833,0.002005800837650888,0.0038291176315397024,0.0070279305800795555,0.0038291176315397024,0
3002,8,1,2,0.013330323621630669,0.012000001966953278,-0.0009592194110155106,-0.0009592194110155106,0.0008307678140126798,0.013330323621630669,0.012000001966953278,1,4,0.9076921939849854,0.20944694064039504,13,1.6615383533331063,0.0030844908076871165,0.002514193815416133,0.001330321654677391,-0.0017899872250281904,0.001330321654677391,0.0017899872250281904,0.0038869576528668404,0.003920804709196091,0.0038869576528668404,0
3002,8,1,3,0.012347891926765442,0.0,-0.00168609619140625,-0.00168609619140625,0.0,0.012347891926765442,0.0,0,1,0.9076923131942749,0.2094469155167731,13,1.661538461366525,0.0028493869084016995,0.0021154543043240995,0.012347891926765442,-0.00168609619140625,0.012347891926765442,0.00168609619140625,0.0038297807332128286,0.004845618735998869,0.0038297807332128286,0
3002,8,1,4,0.010395171120762825,0.0,-0.0004722935555037111,-0.0004722935555037111,0.0,0.010395171120762825,0.0,0,1,0.9076921939849854,0.20944694064039504,13,1.661538353333106,0.0025799124782922827,0.002079483849057079,0.010395171120762825,-0.0004722935555037111,0.010395171120762825,0.0004722935555037111,0.0032119813840836287,0.004908307455480099,0.0032119813840836287,0
3002,8,1,5,0.014446694403886795,0.04500000178813934,-0.0006473197718150914,-0.0006473197718150914,-0.024923078522086105,0.014446694403886795,0.04500000178813934,1,4,0.9076921939849854,0.20944694064039504,13,1.661538353333106,0.008930268526895692,0.006014997084465253,0.030553307384252548,0.024275758750271013,0.030553307384252548,0.024275758750271013,0.004045936278998852,0.007191879209131002,0.004045936278998852,0
3002,8,2,0,0.01224412303417921,0.035999998450279236,0.001899484544992447,0.001899484544992447,0.0,0.01224412303417921,0.035999998450279236,1,3,0.9076921939849854,0.20944694064039504,13,1.661538353333106,0.005056182546349406,0.003296724118336418,0.023755875416100025,0.001899484544992447,0.023755875416100025,0.001899484544992447,0.0024653300642967224,0.006805207580327988,0.0024653300642967224,0
3002,8,2,1,0.010407787747681141,0.030000001192092896,0.0012446078471839428,0.0012446078471839428,0.0,0.010407787747681141,0.030000001192092896,1,3,0.9076921939849854,0.20944694064039504,13,1.661538353333106,0.004280237215283028,0.0028925393570280638,0.019592213444411755,0.0012446078471839428,0.019592213444411755,0.0012446078471839428,0.0036662218626588583,0.0060556731186807156,0.0036662218626588583,0
3002,8,2,3,0.00963203888386488,0.0,-0.0004683916049543768,-0.0004683916049543768,0.0,0.00963203888386488,0.0,0,1,0.9076923131942749,0.2094469155167731,13,1.661538461366525,0.0028390735147915116,0.0023899279182126535,0.00963203888386488,-0.0004683916049543768,0.00963203888386488,0.0004683916049543768,0.004577888175845146,0.0073327431455254555,0.004577888175845146,0
3002,8,2,4,0.008207130245864391,0.0,5.786990004708059e-05,5.786990004708059e-05,0.0,0.008207130245864391,0.0,0,1,0.9076921939849854,0.20944694064039504,13,1.661538353333106,0.0025502162128129514,0.0021151792720930113,0.008207130245864391,5.786990004708059e-05,0.008207130245864391,5.786990004708059e-05,0.0019776183180510998,0.004878118634223938,0.0019776183180510998,0
3002,8,2,5,0.010301955975592136,0.044999998062849045,-0.00043910378008149564,-0.00043910378008149564,0.002076922887792952,0.010301955975592136,0.044999998062849045,1,4,0.9076921939849854,0.20944694064039504,13,1.661538353333106,0.009787941715268448,0.0058779527692223435,0.03469804208725691,-0.002516026667874448,0.03469804208725691,0.002516026667874448,0.004105552099645138,0.00667641730979085,0.004105552099645138,0
3002,9,0,1,0.01516566053032875,0.029999999329447746,-0.000700889911968261,-0.000700889911968261,0.0,0.01516566053032875,0.029999999329447746,1,3,0.9076921939849854,0.20944694064039504,13,1.661538353333106,0.004400285204991391,0.0026490901257242108,0.014834338799118996,-0.000700889911968261,0.014834338799118996,0.000700889911968261,0.004326832480728626,0.005708042066544294,0.004326832480728626,0
3002,9,0,2,0.01230509951710701,0.012000000104308128,-0.0015168021200224757,-0.0015168021200224757,-0.0008307692808457282,0.01230509951710701,0.012000000104308128,1,4,0.9076921939849854,0.20944694064039504,13,1.6615383533331063,0.0022239757819441227,0.001952342494093323,0.00030509941279888153,-0.0006860328391767476,0.00030509941279888153,0.0006860328391767476,0.004951280541718006,0.006617850158363581,0.004951280541718006,0
3002,9,0,3,0.006564532406628132,0.0,0.002638665260747075,0.002638665260747075,0.0,0.006564532406628132,0.0,0,1,0.9076923131942749,0.2094469155167731,13,1.661538461366525,0.0020420125878209718,0.0018444087484799127,0.006564532406628132,0.002638665260747075,0.006564532406628132,0.002638665260747075,0.00518612889572978,0.006029806099832058,0.00518612889572978,0
3002,9,0,4,0.00680198147892952,0.0,0.000738894275855273,0.000738894275855273,0.0,0.00680198147892952,0.0,0,1,0.9076921939849854,0.20944694064039504,13,1.661538353333106,0.0021068215030307182,0.001809048786698758,0.00680198147892952,0.000738894275855273,0.00680198147892952,0.000738894275855273,0.004156874492764473,0.005062287673354149,0.004156874492764473,0
3002,9,0,5,0.015165656805038452,0.029999999329447746,-0.0007008886896073818,-0.0007008886896073818,0.0,0.015165656805038452,0.029999999329447746,1,3,0.9076921939849854,0.20944694064039504,13,1.661538353333106,0.004400285041400121,0.002649089892549143,0.014834342524409294,-0.0007008886896073818,0.014834342524409294,0.0007008886896073818,0.004326837137341499,0.005708040203899145,0.004326837137341499,0
3002,9,1,0,0.013814030215144157,0.035999998450279236,-0.0015005223685875535,-0.0015005223685875535,0.0,0.013814030215144157,0.035999998450279236,1,3,0.9076921939849854,0.20944694064039504,13,1.661538353333106,0.00484325402890895,0.003349104907209351,0.02218596823513508,-0.0015005223685875535,0.02218596823513508,0.0015005223685875535,0.006993025075644255,0.007167896721512079,0.006993025075644255,0
3002,9,1,2,0.014518829062581062,0.012000001966953278,-0.0005391295999288559,-0.0005391295999288559,-0.0008307678140126867,0.014518829062581062,0.012000001966953278,1,4,0.9076921939849854,0.20944694064039504,13,1.6615383533331063,0.003110020931166513,0.0023625420307266643,0.0025188270956277847,0.00029163821408383084,0.0025188270956277847,0.00029163821408383084,0.0035451219882816076,0.004357676021754742,0.0035451219882816076,0
3002,9,1,3,0.01123187504708767,0.0,-0.001315921195782721,-0.001315921195782721,0.0,0.01123187504708767,0.0,0,1,0.9076923131942749,0.2094469155167731,13,1.661538461366525,0.0025809441708461284,0.0019999669765579627,0.01123187504708767,-0.001315921195782721,0.01123187504708767,0.001315921195782721,0.0040792073123157024,0.00493264477699995,0.0040792073123157024,0
3002,9,1,4,0.009682251140475273,0.0,0.0013617215445265174,0.0013617215445265174,0.0,0.009682251140475273,0.0,0,1,0.9076921939849854,0.20944694064039504,13,1.661538353333106,0.002548305607115187,0.0020711008437286466,0.009682251140475273,0.0013617215445265174,0.009682251140475273,0.0013617215445265174,0.004907363560050726,0.0057564377784729,0.004907363560050726,0
3002,9,1,5,0.015497636049985886,0.04500000085681677,-0.0015109697123989463,-0.0015109697123989463,-0.006230769243664471,0.015497636049985886,0.04500000085681677,1,4,0.9076921939849854,0.20944694064039504,13,1.661538353333106,0.010647474953577048,0.008776664061571016,0.029502364806830883,0.004719799531265525,0.029502364806830883,0.004719799531265525,0.004130558110773563,0.006273649167269468,0.004130558110773563,0
3002,9,2,0,0.010287034325301647,0.036000002175569534,-0.001843967824243009,-0.001843967824243009,-2.579047114759092e-10,0.010287034325301647,0.036000002175569534,1,3,0.9076921939849854,0.20944694064039504,13,1.661538353333106,0.005611921243650632,0.004064014401926092,0.025712967850267887,-0.0018439675663382976,0.025712967850267887,0.0018439675663382976,0.0027392052579671144,0.005332199390977621,0.0027392052579671144,0
3002,9,2,1,0.009565564803779125,0.029999997466802597,-0.00020938848319929093,-0.00020938848319929093,2.579047045370153e-10,0.009565564803779125,0.029999997466802597,1,3,0.9076921939849854,0.20944694064039504,13,1.661538353333106,0.00450585537570885,0.003075376097884404,0.020434432663023472,-0.00020938874110399547,0.020434432663023472,0.00020938874110399547,0.0046305181458592415,0.004039125517010689,0.0046305181458592415,0
3002,9,2,3,0.008552288636565208,0.0,-0.00024607949308119714,-0.00024607949308119714,0.0,0.008552288636565208,0.0,0,1,0.9076923131942749,0.2094469155167731,13,1.661538461366525,0.002809679744881521,0.002372087238455665,0.008552288636565208,-0.00024607949308119714,0.008552288636565208,0.00024607949308119714,0.004357174038887024,0.009612738154828548,0.004357174038887024,0
3002,9,2,4,0.010425826534628868,0.0,0.002722201170399785,0.002722201170399785,0.0,0.010425826534628868,0.0,0,1,0.9076921939849854,0.20944694064039504,13,1.661538353333106,0.002960645645753671,0.002444010569587262,0.010425826534628868,0.002722201170399785,0.010425826534628868,0.002722201170399785,0.0021389098837971687,0.004960885737091303,0.0021389098837971687,0
3002,9,2,5,0.00934585090726614,0.029999997466802597,-0.00020927174773532897,-0.00020927174773532897,2.579047045370153e-10,0.00934585090726614,0.029999997466802597,1,3,0.9076921939849854,0.20944694064039504,13,1.661538353333106,0.004537981975944965,0.0030783096427571847,0.020654146559536457,-0.0002092720056400335,0.020654146559536457,0.0002092720056400335,0.004494253545999527,0.004066632129251957,0.004494253545999527,0
3002,10,0,1,0.025614943355321884,0.030000001192092896,0.00898072961717844,0.00898072961717844,0.0,0.025614943355321884,0.030000001192092896,1,3,0.9076921939849854,0.20944694064039504,13,1.661538353333106,0.00882412840254331,0.005991792405498097,0.004385057836771011,0.00898072961717844,0.004385057836771011,0.00898072961717844,0.009486702270805836,0.008349419571459293,0.009486702270805836,0
3002,10,0,2,0.02647210657596588,0.01199999451637268,0.006594959180802107,0.006594959180802107,0.0008307709088692106,0.02647210657596588,0.01199999451637268,1,4,0.9076921939849854,0.20944694064039504,13,1.6615383533331063,0.007728824052109893,0.006562015597953754,0.0144721120595932,0.005764188271932896,0.0144721120595932,0.005764188271932896,0.009667837992310524,0.009829839691519737,0.009667837992310524,0
3002,10,0,3,0.029378853738307953,0.0,0.013267896138131618,0.013267896138131618,0.0,0.029378853738307953,0.0,0,1,0.9076923131942749,0.2094469155167731,13,1.661538461366525,0.006749533023844706,0.0049618932931028165,0.029378853738307953,0.013267896138131618,0.029378853738307953,0.013267896138131618,0.009822351858019829,0.012760577723383904,0.009822351858019829,0
3002,10,0,4,0.03448076173663139,0.0,0.0041779219172894955,0.0041779219172894955,0.0,0.03448076173663139,0.0,0,1,0.9076921939849854,0.20944694064039504,13,1.661538353333106,0.008158043092215864,0.005996353574339631,0.03448076173663139,0.0041779219172894955,0.03448076173663139,0.0041779219172894955,0.01077569555491209,0.012839204631745815,0.01077569555491209,0
3002,10,0,5,0.025614947080612183,0.030000001192092896,0.00898072961717844,0.00898072961717844,0.0,0.025614947080612183,0.030000001192092896,1,3,0.9076921939849854,0.20944694064039504,13,1.661538353333106,0.008824128746875057,0.005991793085391132,0.004385054111480713,0.00898072961717844,0.004385054111480713,0.00898072961717844,0.009486704133450985,0.00834941677749157,0.009486704133450985,0
3002,10,1,0,0.01473507471382618,0.035999998450279236,-0.0017421493539586663,-0.0017421493539586663,0.0,0.01473507471382618,0.035999998450279236,1,3,0.9076921939849854,0.20944694064039504,13,1.661538353333106,0.004643100600725063,0.003257500106942724,0.021264923736453056,-0.0017421493539586663,0.021264923736453056,0.0017421493539586663,0.0019397838041186333,0.008211587555706501,0.0019397838041186333,0
3002,10,1,2,0.014862453565001488,0.012000001966953278,-0.0010617176303640008,-0.0010617176303640008,0.0008307678140126798,0.014862453565001488,0.012000001966953278,1,4,0.9076921939849854,0.20944694064039504,13,1.6615383533331063,0.0030840693641113145,0.002531929173060423,0.00286245159804821,-0.0018924854443766806,0.00286245159804821,0.0018924854443766806,0.003956208471208811,0.004499833099544048,0.003956208471208811,0
3002,10,1,3,0.01274917647242546,0.0,-0.0022267475724220276,-0.0022267475724220276,0.0,0.01274917647242546,0.0,0,1,0.9076923131942749,0.2094469155167731,13,1.661538461366525,0.0029853391596497913,0.0023107162329572195,0.01274917647242546,-0.0022267475724220276,0.01274917647242546,0.0022267475724220276,0.0041336119174957275,0.0053593795746564865,0.0041336119174957275,0
3002,10,1,4,0.01055433414876461,0.0,-0.001185919507406652,-0.001185919507406652,0.0,0.01055433414876461,0.0,0,1,0.9076921939849854,0.20944694064039504,13,1.661538353333106,0.0027152480791713188,0.0021485448015864782,0.01055433414876461,-0.001185919507406652,0.01055433414876461,0.001185919507406652,0.0025424547493457794,0.0055460757575929165,0.0025424547493457794,0
3002,10,1,5,0.014696860685944557,0.04500000271946192,-0.001036944449879229,-0.001036944449879229,-0.006230769630521521,0.014696860685944557,0.04500000271946192,1,4,0.9076921939849854,0.20944694064039504,13,1.661538353333106,0.010682428847306264,0.00879648981406491,0.03030314203351736,0.005193825180642292,0.03030314203351736,0.005193825180642292,0.003754744539037347,0.007366097532212734,0.003754744539037347,0
3002,10,2,0,0.011848626658320427,0.035999998450279236,-0.002469119615852833,-0.002469119615852833,0.0,0.011848626658320427,0.035999998450279236,1,3,0.9076921939849854,0.20944694064039504,13,1.661538353333106,0.0051167867776100145,0.0033391690289480444,0.02415137179195881,-0.002469119615852833,0.02415137179195881,0.002469119615852833,0.002198745496571064,0.00637328764423728,0.002198745496571064,0
3002,10,2,1,0.010004620999097824,0.030000001192092896,0.00123657938092947,0.00123657938092947,0.0,0.010004620999097824,0.030000001192092896,1,3,0.9076921939849854,0.20944694064039504,13,1.661538353333106,0.004365626465001381,0.002939522641121283,0.01999538019299507,0.00123657938092947,0.01999538019299507,0.00123657938092947,0.0038270135410130024,0.006655205972492695,0.0038270135410130024,0
3002,10,2,3,0.010399242863059044,0.0,-0.00032839071354828775,-0.00032839071354828775,0.0,0.010399242863059044,0.0,0,1,0.9076923131942749,0.2094469155167731,13,1.661538461366525,0.002966558206577596,0.0024127169958585823,0.010399242863059044,-0.00032839071354828775,0.010399242863059044,0.00032839071354828775,0.004415823146700859,0.008129829540848732,0.004415823146700859,0
3002,10,2,4,0.008969783782958984,0.0,-0.0003699319495353848,-0.0003699319495353848,0.0,0.008969783782958984,0.0,0,1,0.9076921939849854,0.20944694064039504,13,1.661538353333106,0.0027015701738831092,0.002255641827745551,0.008969783782958984,-0.0003699319495353848,0.008969783782958984,0.0003699319495353848,0.0021067543420940638,0.0050842841155827045,0.0021067543420940638,0
3002,10,2,5,0.010004622861742973,0.030000001192092896,0.0012365792645141482,0.0012365792645141482,0.0,0.010004622861742973,0.030000001192092896,1,3,0.9076921939849854,0.20944694064039504,13,1.661538353333106,0.004365626432546708,0.002939523313436988,0.019995378330349922,0.0012365792645141482,0.019995378330349922,0.0012365792645141482,0.003827015170827508,0.006655202712863684,0.003827015170827508,0
3002,11,0,1,0.010332532227039337,0.02999999839812517,0.002594473073258996,0.002594473073258996,6.44761778689773e-11,0.010332532227039337,0.02999999839812517,1,3,0.9076921939849854,0.20944694064039504,13,1.661538353333106,0.004641706169198766,0.003208047241942417,0.019667466171085835,0.002594473008782818,0.019667466171085835,0.002594473008782818,0.002544406335800886,0.004437175113707781,0.002544406335800886,0
3002,11,0,2,0.009121058508753777,0.012000001966953278,0.0008003723924048245,0.0008003723924048245,-0.0008307693614409521,0.009121058508753777,0.012000001966953278,1,4,0.9076921939849854,0.20944694064039504,13,1.6615383533331063,0.0028119140186651254,0.002516575422160018,0.002878943458199501,0.0016311417538457766,0.002878943458199501,0.0016311417538457766,0.0034353274386376143,0.006105579901486635,0.0034353274386376143,0
3002,11,0,3,0.006806384772062302,0.0,0.0006435082177631557,0.0006435082177631557,0.0,0.006806384772062302,0.0,0,1,0.9076923131942749,0.2094469155167731,13,1.661538461366525,0.0022434860816322472,0.0019871166207381255,0.006806384772062302,0.0006435082177631557,0.006806384772062302,0.0006435082177631557,0.0038419466000050306,0.0027555585838854313,0.0038419466000050306,0
3002,11,0,4,0.005711851641535759,0.0,-0.001528786146081984,-0.001528786146081984,0.0,0.005711851641535759,0.0,0,1,0.9076921939849854,0.20944694064039504,13,1.661538353333106,0.0017830155264587717,0.0015029509568355492,0.005711851641535759,-0.001528786146081984,0.005711851641535759,0.001528786146081984,0.0038151023909449577,0.0029285098426043987,0.0038151023909449577,0
3002,11,0,5,0.010780291631817818,0.02999999839812517,0.0023768991231918335,0.0023768991231918335,6.44761778689773e-11,0.010780291631817818,0.02999999839812517,1,3,0.007692307233810425,0.20944694064039504,13,1.661538353333106,0.004476996607357729,0.0030319834205173183,0.019219706766307354,0.0023768990587156556,0.019219706766307354,0.0023768990587156556,0.002587836002930999,0.004389872774481773,0.002587836002930999,0
3002,11,1,0,0.014137091115117073,0.035999998450279236,0.0019250059267506003,0.0019250059267506003,0.0,0.014137091115117073,0.035999998450279236,1,3,0.9076921939849854,0.20944694064039504,13,1.661538353333106,0.00480289775895414,0.00331025738158875,0.021862907335162163,0.0019250059267506003,0.021862907335162163,0.0019250059267506003,0.004537792410701513,0.006652917247265577,0.004537792410701513,0
3002,11,1,2,0.014106284826993942,0.012000001966953278,-0.0006524954806081951,-0.0006524954806081951,-0.0008307678140126867,0.014106284826993942,0.012000001966953278,1,4,0.9076921939849854,0.20944694064039504,13,1.6615383533331063,0.0030910031949050866,0.002280987843253909,0.0021062828600406647,0.00017827233340449167,0.0021062828600406647,0.00017827233340449167,0.0034337907563894987,0.004742157179862261,0.0034337907563894987,0
3002,11,1,3,0.011717870831489563,0.0,-0.0018150737741962075,-0.0018150737741962075,0.0,0.011717870831489563,0.0,0,1,0.9076923131942749,0.2094469155167731,13,1.661538461366525,0.002869942930599359,0.0023094030571054426,0.011717870831489563,-0.0018150737741962075,0.011717870831489563,0.0018150737741962075,0.004162795376032591,0.004994339309632778,0.004162795376032591,0
3002,11,1,4,0.009904053062200546,0.0,0.001955317333340645,0.001955317333340645,0.0,0.009904053062200546,0.0,0,1,0.9076921939849854,0.20944694064039504,13,1.661538353333106,0.0027141962373883706,0.0022745644508381565,0.009904053062200546,0.001955317333340645,0.009904053062200546,0.001955317333340645,0.004150864668190479,0.005708193406462669,0.004150864668190479,0
3002,11,1,5,0.015465455129742622,0.04500000085681677,-0.0012254227185621858,-0.0012254227185621858,-0.006230769243664471,0.015465455129742622,0.04500000085681677,1,4,0.007692307233810425,0.20944694064039504,13,1.661538353333106,0.010643981464147405,0.0087625837868311,0.029534545727074146,0.005005346525102285,0.029534545727074146,0.005005346525102285,0.0037903005722910166,0.006996207404881716,0.0037903005722910166,0
3002,11,2,0,0.011037963442504406,0.036000002175569534,0.002269233111292124,0.002269233111292124,-2.579047114759092e-10,0.011037963442504406,0.036000002175569534,1,3,0.9076921939849854,0.20944694064039504,13,1.661538353333106,0.0056011603477469085,0.004043353633326892,0.02496203873306513,0.0022692333691968353,0.02496203873306513,0.0022692333691968353,0.0025586860720068216,0.004967355169355869,0.0025586860720068216,0
3002,11,2,1,0.009130082093179226,0.029999997466802597,0.0003013612295035273,0.0003013612295035273,2.579047045370153e-10,0.009130082093179226,0.029999997466802597,1,3,0.9076921939849854,0.20944694064039504,13,1.661538353333106,0.004627209505961434,0.0032226213270566883,0.02086991537362337,0.00030136097159882275,0.02086991537362337,0.00030136097159882275,0.004175917245447636,0.004776841960847378,0.004175917245447636,0
3002,11,2,3,0.009174474515020847,0.0,-0.0006769357132725418,-0.0006769357132725418,0.0,0.009174474515020847,0.0,0,1,0.9076923131942749,0.2094469155167731,13,1.661538461366525,0.002952902962655605,0.002459290520062108,0.009174474515020847,-0.0006769357132725418,0.009174474515020847,0.0006769357132725418,0.004135230090469122,0.010029984638094902,0.004135230090469122,0
3002,11,2,4,0.010583356954157352,0.0,0.003364474279806018,0.003364474279806018,0.0,0.010583356954157352,0.0,0,1,0.9076921939849854,0.20944694064039504,13,1.661538353333106,0.0031366872609353094,0.0026208591267202026,0.010583356954157352,0.003364474279806018,0.010583356954157352,0.003364474279806018,0.0019204987911507487,0.005404885858297348,0.0019204987911507487,0
3002,11,2,5,0.008746122941374779,0.029999997466802597,0.0004156279901508242,0.0004156279901508242,2.579047045370153e-10,0.008746122941374779,0.029999997466802597,1,3,0.007692307233810425,0.20944694064039504,13,1.661538353333106,0.0046480428481449005,0.0031956411876093013,0.02125387452542782,0.00041562773224611965,0.02125387452542782,0.00041562773224611965,0.004562477581202984,0.003757430473342538,0.004562477581202984,0
3002,12,0,1,0.010512782260775566,0.02999999839812517,0.0013561047380790114,0.0013561047380790114,6.44761778689773e-11,0.010512782260775566,0.02999999839812517,1,3,0.9076921939849854,0.20944694064039504,13,1.661538353333106,0.004912549063520309,0.0030553283379275422,0.019487216137349606,0.0013561046736028336,0.019487216137349606,0.0013561046736028336,0.002222559181973338,0.0041665248572826385,0.002222559181973338,0
3002,12,0,2,0.008907865732908249,0.012000001966953278,0.0004990966990590096,0.0004990966990590096,-0.0008307693614409521,0.008907865732908249,0.012000001966953278,1,4,0.9076921939849854,0.20944694064039504,13,1.6615383533331063,0.002646280530729049,0.0022778049684487856,0.0030921362340450287,0.0013298660604999617,0.0030921362340450287,0.0013298660604999617,0.00540613429620862,0.004536658525466919,0.00540613429620862,0
3002,12,0,3,0.006737053394317627,0.0,0.0013139169896021485,0.0013139169896021485,0.0,0.006737053394317627,0.0,0,1,0.9076923131942749,0.2094469155167731,13,1.661538461366525,0.0021409948406229747,0.0017625998771754953,0.006737053394317627,0.0013139169896021485,0.006737053394317627,0.0013139169896021485,0.004235123749822378,0.0031623102258890867,0.004235123749822378,0
3002,12,0,4,0.006919294595718384,0.0,-0.001348338439129293,-0.001348338439129293,0.0,0.006919294595718384,0.0,0,1,0.9076921939849854,0.20944694064039504,13,1.661538353333106,0.0020777125698818854,0.0017224132750161302,0.006919294595718384,-0.001348338439129293,0.006919294595718384,0.001348338439129293,0.0034757754765450954,0.0050802999176084995,0.0034757754765450954,0
3002,12,0,5,0.010738866403698921,0.02999999839812517,0.0012563656782731414,0.0012563656782731414,6.44761778689773e-11,0.010738866403698921,0.02999999839812517,1,3,0.007692307233810425,0.20944694064039504,13,1.661538353333106,0.004786712557760639,0.002923294824696857,0.01926113199442625,0.0012563656137969635,0.01926113199442625,0.0012563656137969635,0.0019172040047124028,0.0047348979860544205,0.0019172040047124028,0
3002,12,1,0,0.013679413124918938,0.035999998450279236,0.0017922470578923821,0.0017922470578923821,0.0,0.013679413124918938,0.035999998450279236,1,3,0.9076921939849854,0.20944694064039504,13,1.661538353333106,0.0048964223442904626,0.0033413801320205778,0.022320585325360298,0.0017922470578923821,0.022320585325360298,0.0017922470578923821,0.004404544364660978,0.006423521786928177,0.004404544364660978,0
3002,12,1,2,0.014464987441897392,0.012000001966953278,-0.0005081889103166759,-0.0005081889103166759,-0.0008307678140126867,0.014464987441897392,0.012000001966953278,1,4,0.9076921939849854,0.20944694064039504,13,1.6615383533331063,0.0031352614332522764,0.0023175008903593705,0.0024649854749441147,0.00032257890369601083,0.0024649854749441147,0.00032257890369601083,0.0038501389790326357,0.004517359659075737,0.0038501389790326357,0
3002,12,1,3,0.011803021654486656,0.0,-0.0016009140526875854,-0.0016009140526875854,0.0,0.011803021654486656,0.0,0,1,0.9076923131942749,0.2094469155167731,13,1.661538461366525,0.002806881078803512,0.002189528130920681,0.011803021654486656,-0.0016009140526875854,0.011803021654486656,0.0016009140526875854,0.0041975765489041805,0.0048250434920191765,0.0041975765489041805,0
3002,12,1,4,0.009955374523997307,0.0,0.0017133280634880066,0.0017133280634880066,0.0,0.009955374523997307,0.0,0,1,0.9076921939849854,0.20944694064039504,13,1.661538353333106,0.002638338712184317,0.002146057211435758,0.009955374523997307,0.0017133280634880066,0.009955374523997307,0.0017133280634880066,0.003943255171179771,0.005776809062808752,0.003943255171179771,0
3002,12,1,5,0.015501340851187706,0.04500000085681677,-0.0012206382816657424,-0.0012206382816657424,-0.006230769243664471,0.015501340851187706,0.04500000085681677,1,4,0.007692307233810425,0.20944694064039504,13,1.661538353333106,0.010667697476582132,0.00877850492810004,0.029498660005629063,0.005010130961998729,0.029498660005629063,0.005010130961998729,0.0037392829544842243,0.006881780456751585,0.0037392829544842243,0
3002,12,2,0,0.010520159266889095,0.036000002175569534,0.0019235812360420823,0.0019235812360420823,-2.579047114759092e-10,0.010520159266889095,0.036000002175569534,1,3,0.9076921939849854,0.20944694064039504,13,1.661538353333106,0.005617949789624005,0.003973261282376989,0.02547984290868044,0.0019235814939467938,0.02547984290868044,0.0019235814939467938,0.0021861130371689796,0.0052062589675188065,0.0021861130371689796,0
3002,12,2,1,0.008827927522361279,0.029999997466802597,0.00012296934437472373,0.00012296934437472373,2.579047045370153e-10,0.008827927522361279,0.029999997466802597,1,3,0.9076921939849854,0.20944694064039504,13,1.661538353333106,0.004646176876984047,0.003174208512408495,0.02117206994444132,0.0001229690864700192,0.02117206994444132,0.0001229690864700192,0.004046894144266844,0.004683923441916704,0.004046894144266844,0
3002,12,2,3,0.008987834677100182,0.0,-0.0003448044881224632,-0.0003448044881224632,0.0,0.008987834677100182,0.0,0,1,0.9076923131942749,0.2094469155167731,13,1.661538461366525,0.002903838731356936,0.0024110096225724415,0.008987834677100182,-0.0003448044881224632,0.008987834677100182,0.0003448044881224632,0.004230975639075041,0.009218735620379448,0.004230975639075041,0
3002,12,2,4,0.010184752754867077,0.0,0.002983174053952098,0.002983174053952098,0.0,0.010184752754867077,0.0,0,1,0.9076921939849854,0.20944694064039504,13,1.661538353333106,0.0029646171223929913,0.0024423815706777854,0.010184752754867077,0.002983174053952098,0.010184752754867077,0.002983174053952098,0.0017144043231382966,0.004819760099053383,0.0017144043231382966,0
3002,12,2,5,0.008682793006300926,0.029999997466802597,0.000478516478324309,0.000478516478324309,2.579047045370153e-10,0.008682793006300926,0.029999997466802597,1,3,0.007692307233810425,0.20944694064039504,13,1.661538353333106,0.004661732264113742,0.003201871867892306,0.02131720446050167,0.00047851622041960445,0.02131720446050167,0.00047851622041960445,0.004536569118499756,0.003781447885558009,0.004536569118499756,0
3002,13,0,1,0.023104054853320122,0.030000001192092896,0.005335092544555664,0.005335092544555664,0.0,0.023104054853320122,0.030000001192092896,1,3,0.9076921939849854,0.20944694064039504,13,1.661538353333106,0.006517229921612152,0.00492695011418952,0.006895946338772774,0.005335092544555664,0.006895946338772774,0.005335092544555664,0.004727122839540243,0.008386599831283092,0.004727122839540243,0
3002,13,0,2,0.025169260799884796,0.01199999451637268,0.0025062018539756536,0.0025062018539756536,0.0008307709088692106,0.025169260799884796,0.01199999451637268,1,4,0.9076921939849854,0.20944694064039504,13,1.6615383533331063,0.005950865269381534,0.004868048601425612,0.013169266283512115,0.001675430945106443,0.013169266283512115,0.001675430945106443,0.005180494859814644,0.011987561360001564,0.005180494859814644,0
3002,13,0,3,0.020737705752253532,0.0,0.010448613204061985,0.010448613204061985,0.0,0.020737705752253532,0.0,0,1,0.007692308165132999,0.2094469155167731,13,1.661538461366525,0.005115474854520405,0.0038959040532450706,0.020737705752253532,0.010448613204061985,0.020737705752253532,0.010448613204061985,0.008353082463145256,0.012166902422904968,0.008353082463145256,0
3002,13,0,4,0.01855376735329628,0.0,0.0073093692772090435,0.0073093692772090435,0.0,0.01855376735329628,0.0,0,1,0.9076921939849854,0.20944694064039504,13,1.661538353333106,0.0055228747682547884,0.004499119238035213,0.01855376735329628,0.0073093692772090435,0.01855376735329628,0.0073093692772090435,0.006913724355399609,0.006507247220724821,0.006913724355399609,0
3002,13,0,5,0.021811434999108315,0.030000001192092896,0.006131849717348814,0.006131849717348814,0.0,0.021811434999108315,0.030000001192092896,1,3,0.007692307233810425,0.20944694064039504,13,1.661538353333106,0.0073748700415976745,0.005642923460336479,0.008188566192984581,0.006131849717348814,0.008188566192984581,0.006131849717348814,0.004961360711604357,0.005707223899662495,0.004961360711604357,0
3002,13,1,0,0.011481884866952896,0.035999998450279236,-0.0016193942865356803,-0.0016193942865356803,0.0,0.011481884866952896,0.035999998450279236,1,3,0.9076921939849854,0.20944694064039504,13,1.661538353333106,0.005252776280303539,0.003479397640778468,0.02451811358332634,-0.0016193942865356803,0.02451811358332634,0.0016193942865356803,0.002593550132587552,0.0048727188259363174,0.002593550132587552,0
3002,13,1,2,0.013352617621421814,0.012000001966953278,-0.001262399018742144,-0.001262399018742144,0.0008307678140126798,0.013352617621421814,0.012000001966953278,1,4,0.9076921939849854,0.20944694064039504,13,1.6615383533331063,0.0033319699291890557,0.002598677998816473,0.0013526156544685364,-0.002093166832754824,0.0013526156544685364,0.002093166832754824,0.00387374684214592,0.002892659045755863,0.00387374684214592,0
3002,13,1,3,0.012278055772185326,0.0,-0.00154105294495821,-0.00154105294495821,0.0,0.012278055772185326,0.0,0,1,0.007692308165132999,0.2094469155167731,13,1.661538461366525,0.0028166634335912394,0.0020270562956671745,0.012278055772185326,-0.00154105294495821,0.012278055772185326,0.00154105294495821,0.0036618385929614305,0.005073792301118374,0.0036618385929614305,0
3002,13,1,4,0.01062740944325924,0.0,-0.00041994484490714967,-0.00041994484490714967,0.0,0.01062740944325924,0.0,0,1,0.9076921939849854,0.20944694064039504,13,1.661538353333106,0.002533412006149988,0.0019139024985612497,0.01062740944325924,-0.00041994484490714967,0.01062740944325924,0.00041994484490714967,0.0032284660264849663,0.005220690742135048,0.0032284660264849663,0
3002,13,1,5,0.015007412061095238,0.04500000271946192,-0.0009729784796945751,-0.0009729784796945751,-0.006230769630521521,0.015007412061095238,0.04500000271946192,1,4,0.007692307233810425,0.20944694064039504,13,1.661538353333106,0.010528670678262169,0.008719636876819403,0.02999259065836668,0.005257791150826946,0.02999259065836668,0.005257791150826946,0.004144516307860613,0.00417338777333498,0.004144516307860613,0
3002,13,2,0,0.01241807546466589,0.035999998450279236,-0.0016109641874209046,-0.0016109641874209046,0.0,0.01241807546466589,0.035999998450279236,1,3,0.9076921939849854,0.20944694064039504,13,1.661538353333106,0.005058479122873012,0.003434103257821862,0.023581922985613346,-0.0016109641874209046,0.023581922985613346,0.0016109641874209046,0.0014634374529123306,0.007146752439439297,0.0014634374529123306,0
3002,13,2,1,0.011428993195295334,0.030000001192092896,0.0011398391798138618,0.0011398391798138618,0.0,0.011428993195295334,0.030000001192092896,1,3,0.9076921939849854,0.20944694064039504,13,1.661538353333106,0.0042530172639313295,0.002921005479506487,0.01857100799679756,0.0011398391798138618,0.01857100799679756,0.0011398391798138618,0.003599174553528428,0.007569358684122562,0.003599174553528428,0
3002,13,2,3,0.009849091060459614,0.0,-0.0011392799206078053,-0.0011392799206078053,0.0,0.009849091060459614,0.0,0,1,0.007692308165132999,0.2094469155167731,13,1.661538461366525,0.0029431885888953108,0.00252206991674632,0.009849091060459614,-0.0011392799206078053,0.009849091060459614,0.0011392799206078053,0.005050390958786011,0.008299213834106922,0.005050390958786011,0
3002,13,2,4,0.010100509971380234,0.0,0.0003578051400836557,0.0003578051400836557,0.0,0.010100509971380234,0.0,0,1,0.9076921939849854,0.20944694064039504,13,1.661538353333106,0.002783778308418101,0.002326374201203239,0.010100509971380234,0.0003578051400836557,0.010100509971380234,0.0003578051400836557,0.0013473975704982877,0.0045606098137795925,0.0013473975704982877,0
3002,13,2,5,0.010119952261447906,0.030000001192092896,0.001231180620379746,0.001231180620379746,0.0,0.010119952261447906,0.030000001192092896,1,3,0.007692307233810425,0.20944694064039504,13,1.661538353333106,0.004381388171616662,0.002906037108785302,0.01988004893064499,0.001231180620379746,0.01988004893064499,0.001231180620379746,0.004210822284221649,0.007007349282503128,0.004210822284221649,0
3002,14,0,1,0.01131095178425312,0.02999999839812517,0.0013616550713777542,0.0013616550713777542,6.44761778689773e-11,0.01131095178425312,0.02999999839812517,1,3,0.9076921939849854,0.20944694064039504,13,1.661538353333106,0.0047163412755578645,0.002862893860544678,0.01868904661387205,0.0013616550069015763,0.01868904661387205,0.0013616550069015763,0.0018374236533418298,0.0047805579379200935,0.0018374236533418298,0
3002,14,0,2,0.009073732420802116,0.012000001966953278,-0.00028869230300188065,-0.00028869230300188065,-0.0008307693614409521,0.009073732420802116,0.012000001966953278,1,4,0.9076921939849854,0.20944694064039504,13,1.6615383533331063,0.002367043437811789,0.0018671752124495755,0.002926269546151161,0.0005420770584390715,0.002926269546151161,0.0005420770584390715,0.004976404830813408,0.004233201965689659,0.004976404830813408,0
3002,14,0,3,0.006951820105314255,0.0,0.0006667279521934688,0.0006667279521934688,0.0,0.006951820105314255,0.0,0,1,0.9076923131942749,0.2094469155167731,13,1.661538461366525,0.002119040307052733,0.0016794573934473223,0.006951820105314255,0.0006667279521934688,0.006951820105314255,0.0006667279521934688,0.004578422289341688,0.003396362066268921,0.004578422289341688,0
3002,14,0,4,0.006663346663117409,0.0,-0.0016605667769908905,-0.0016605667769908905,0.0,0.006663346663117409,0.0,0,1,0.007692307233810425,0.20944694064039504,13,1.661538353333106,0.0021465861123838763,0.0018062127765113786,0.006663346663117409,-0.0016605667769908905,0.006663346663117409,0.0016605667769908905,0.004258231725543737,0.005440595559775829,0.004258231725543737,0
3002,14,0,5,0.011310948058962822,0.02999999839812517,0.001361654489301145,0.001361654489301145,6.44761778689773e-11,0.011310948058962822,0.02999999839812517,1,3,0.9076921939849854,0.20944694064039504,13,1.661538353333106,0.0047163418470557664,0.0028628950949603996,0.01868905033916235,0.0013616544248249672,0.01868905033916235,0.0013616544248249672,0.0018374249339103699,0.004780562594532967,0.0018374249339103699,0
3002,14,1,0,0.012744024395942688,0.035999998450279236,0.0012568458914756775,0.0012568458914756775,0.0,0.012744024395942688,0.035999998450279236,1,3,0.9076921939849854,0.20944694064039504,13,1.661538353333106,0.005022250551423217,0.003287081865692985,0.023255974054336548,0.0012568458914756775,0.023255974054336548,0.0012568458914756775,0.005042238160967827,0.006232512649148703,0.005042238160967827,0
3002,14,1,2,0.01480945385992527,0.012000001966953278,-0.0005248614470474422,-0.0005248614470474422,-0.0008307678140126867,0.01480945385992527,0.012000001966953278,1,4,0.9076921939849854,0.20944694064039504,13,1.6615383533331063,0.0030933372609454894,0.0022379867291662126,0.0028094518929719925,0.00030590636696524454,0.0028094518929719925,0.00030590636696524454,0.003795082913711667,0.005304706748574972,0.003795082913711667,0
3002,14,1,3,0.01150907389819622,0.0,-0.0006238945643417537,-0.0006238945643417537,0.0,0.01150907389819622,0.0,0,1,0.9076923131942749,0.2094469155167731,13,1.661538461366525,0.0025085254085792895,0.001729897713872808,0.01150907389819622,-0.0006238945643417537,0.01150907389819622,0.0006238945643417537,0.003311173291876912,0.005940152332186699,0.003311173291876912,0
3002,14,1,4,0.010112965479493141,0.0,0.0009484418551437557,0.0009484418551437557,0.0,0.010112965479493141,0.0,0,1,0.007692307233810425,0.20944694064039504,13,1.661538353333106,0.002548213407946176,0.0020451228514578217,0.010112965479493141,0.0009484418551437557,0.010112965479493141,0.0009484418551437557,0.004723767749965191,0.005794421769678593,0.004723767749965191,0
3002,14,1,5,0.015164820477366447,0.04500000085681677,-0.001186608918942511,-0.001186608918942511,-0.006230769243664471,0.015164820477366447,0.04500000085681677,1,4,0.9076921939849854,0.20944694064039504,13,1.661538353333106,0.010604667733386275,0.008782594922114405,0.02983518037945032,0.00504416032472196,0.02983518037945032,0.00504416032472196,0.004733923822641373,0.005731568206101656,0.004733923822641373,0
3002,14,2,0,0.011465650983154774,0.036000002175569534,0.0023924217093735933,0.0023924217093735933,-2.579047114759092e-10,0.011465650983154774,0.036000002175569534,1,3,0.9076921939849854,0.20944694064039504,13,1.661538353333106,0.005529841279172039,0.00399193738603733,0.02453435119241476,0.002392421967278305,0.02453435119241476,0.002392421967278305,0.0024440360721200705,0.005367451347410679,0.0024440360721200705,0
3002,14,2,1,0.009765190072357655,0.029999997466802597,0.00027754888287745416,0.00027754888287745416,2.579047045370153e-10,0.009765190072357655,0.029999997466802597,1,3,0.9076921939849854,0.20944694064039504,13,1.661538353333106,0.0044511996760601795,0.00311683008127664,0.020234807394444942,0.0002775486249727496,0.020234807394444942,0.0002775486249727496,0.004638459533452988,0.0053132884204387665,0.004638459533452988,0
3002,14,2,3,0.00900963693857193,0.0,-0.0005689440295100212,-0.0005689440295100212,0.0,0.00900963693857193,0.0,0,1,0.9076923131942749,0.2094469155167731,13,1.661538461366525,0.002817346213742346,0.0024022590258770443,0.00900963693857193,-0.0005689440295100212,0.00900963693857193,0.0005689440295100212,0.004918956197798252,0.009983550757169724,0.004918956197798252,0
3002,14,2,4,0.010452786460518837,0.0,0.003763731801882386,0.003763731801882386,0.0,0.010452786460518837,0.0,0,1,0.007692307233810425,0.20944694064039504,13,1.661538353333106,0.003124139700484402,0.002642894604590517,0.010452786460518837,0.003763731801882386,0.010452786460518837,0.003763731801882386,0.0019991204608231783,0.0047400230541825294,0.0019991204608231783,0
3002,14,2,5,0.008844595402479172,0.029999997466802597,0.00036445571458898485,0.00036445571458898485,2.579047045370153e-10,0.008844595402479172,0.029999997466802597,1,3,0.9076921939849854,0.20944694064039504,13,1.661538353333106,0.004660308747591449,0.003116723734158031,0.021155402064323425,0.0003644554566842803,0.021155402064323425,0.0003644554566842803,0.00450702290982008,0.005029615014791489,0.00450702290982008,0
3002,15,0,1,0.02087383158504963,0.030000001192092896,0.005882455036044121,0.005882455036044121,0.0,0.02087383158504963,0.030000001192092896,1,3,0.9076921939849854,0.20944694064039504,13,1.661538353333106,0.007689706964940888,0.005860408448432324,0.009126169607043266,0.005882455036044121,0.009126169607043266,0.005882455036044121,0.005651730112731457,0.005776639562100172,0.005651730112731457,0
3002,15,0,2,0.023852093145251274,0.01199999451637268,0.004840734880417585,0.004840734880417585,0.0008307709088692106,0.023852093145251274,0.01199999451637268,1,4,0.9076921939849854,0.20944694064039504,13,1.6615383533331063,0.006701874009630212,0.0058370874388716555,0.011852098628878593,0.004009963971548375,0.011852098628878593,0.004009963971548375,0.006228466518223286,0.010848786681890488,0.006228466518223286,0
3002,15,0,3,0.02442016825079918,0.0,0.011560549028217793,0.011560549028217793,0.0,0.02442016825079918,0.0,0,1,0.9076923131942749,0.2094469155167731,13,1.661538461366525,0.005949060203267966,0.004548893348705133,0.02442016825079918,0.011560549028217793,0.02442016825079918,0.011560549028217793,0.009504211135208607,0.014358686283230782,0.009504211135208607,0
3002,15,0,4,0.02537020668387413,0.0,0.0007736915722489357,0.0007736915722489357,0.0,0.02537020668387413,0.0,0,1,0.9076921939849854,0.20944694064039504,13,1.661538353333106,0.006676127627530862,0.0049995430099389355,0.02537020668387413,0.0007736915722489357,0.02537020668387413,0.0007736915722489357,0.004915837198495865,0.011984582990407944,0.004915837198495865,0
3002,15,0,5,0.02087383344769478,0.030000001192092896,0.0058824545703828335,0.0058824545703828335,0.0,0.02087383344769478,0.030000001192092896,1,3,0.9076921939849854,0.20944694064039504,13,1.661538353333106,0.007689706820989588,0.0058604081784038855,0.009126167744398117,0.0058824545703828335,0.009126167744398117,0.0058824545703828335,0.005651727318763733,0.005776636768132448,0.005651727318763733,0
3002,15,1,0,0.013798434287309647,0.035999998450279236,-0.001716883503831923,-0.001716883503831923,0.0,0.013798434287309647,0.035999998450279236,1,3,0.9076921939849854,0.20944694064039504,13,1.661538353333106,0.0048417551283656815,0.003342834582342904,0.02220156416296959,-0.001716883503831923,0.02220156416296959,0.001716883503831923,0.0019907711539417505,0.007756696082651615,0.0019907711539417505,0
3002,15,1,2,0.014263471588492393,0.012000001966953278,-0.0008815120090730488,-0.0008815120090730488,0.0008307678140126798,0.014263471588492393,0.012000001966953278,1,4,0.9076921939849854,0.20944694064039504,13,1.6615383533331063,0.0030638716511543805,0.002497597911654139,0.002263469621539116,-0.0017122798230857286,0.002263469621539116,0.0017122798230857286,0.00402436126023531,0.003920960705727339,0.00402436126023531,0
3002,15,1,3,0.012302128598093987,0.0,-0.0020175401587039232,-0.0020175401587039232,0.0,0.012302128598093987,0.0,0,1,0.9076923131942749,0.2094469155167731,13,1.661538461366525,0.0028894206657476044,0.002254598944850222,0.012302128598093987,-0.0020175401587039232,0.012302128598093987,0.0020175401587039232,0.0038479540962725878,0.00521050114184618,0.0038479540962725878,0
3002,15,1,4,0.010536044836044312,0.0,0.0017900042003020644,0.0017900042003020644,6.938893903907228e-18,0.010536044836044312,0.0,0,1,0.9076921939849854,0.20944694064039504,13,1.661538353333106,0.0027198701943989914,0.0021286075328581433,0.010536044836044312,0.0017900042003020575,0.010536044836044312,0.0017900042003020575,0.0041745444759726524,0.00548776937648654,0.0041745444759726524,0
3002,15,1,5,0.014517979696393013,0.04500000271946192,-0.0008127133478410542,-0.0008127133478410542,-0.006230769630521521,0.014517979696393013,0.04500000271946192,1,4,0.9076921939849854,0.20944694064039504,13,1.661538353333106,0.010749224309243806,0.008882432635983773,0.030482023023068905,0.005418056282680467,0.030482023023068905,0.005418056282680467,0.0035819828044623137,0.006788077764213085,0.0035819828044623137,0
3002,15,2,0,0.011800498701632023,0.035999998450279236,-0.0023988911416381598,-0.0023988911416381598,0.0,0.011800498701632023,0.035999998450279236,1,3,0.9076921939849854,0.20944694064039504,13,1.661538353333106,0.005118834064254481,0.0033208046152570546,0.024199499748647213,-0.0023988911416381598,0.024199499748647213,0.0023988911416381598,0.0020800591446459293,0.006243040319532156,0.0020800591446459293,0
3002,15,2,1,0.009908060543239117,0.030000001192092896,0.0011218985309824347,0.0011218985309824347,0.0,0.009908060543239117,0.030000001192092896,1,3,0.9076921939849854,0.20944694064039504,13,1.661538353333106,0.004409608436305164,0.0029646777410126295,0.02009194064885378,0.0011218985309824347,0.02009194064885378,0.0011218985309824347,0.0038712057285010815,0.007011705078184605,0.0038712057285010815,0
3002,15,2,3,0.01042595412582159,0.0,-0.00031087794923223555,-0.00031087794923223555,0.0,0.01042595412582159,0.0,0,1,0.9076923131942749,0.2094469155167731,13,1.661538461366525,0.0029640966453510545,0.002412982064591357,0.01042595412582159,-0.00031087794923223555,0.01042595412582159,0.00031087794923223555,0.004083035979419947,0.008095266297459602,0.004083035979419947,0
3002,15,2,4,0.008907881565392017,0.0,0.002559179440140724,0.002559179440140724,0.0,0.008907881565392017,0.0,0,1,0.9076921939849854,0.20944694064039504,13,1.661538353333106,0.002690443287005875,0.002249869457363377,0.008907881565392017,0.002559179440140724,0.008907881565392017,0.002559179440140724,0.002209120662882924,0.0052611082792282104,0.002209120662882924,0
3002,15,2,5,0.009908067062497139,0.030000001192092896,0.0011218972504138947,0.0011218972504138947,0.0,0.009908067062497139,0.030000001192092896,1,3,0.9076921939849854,0.20944694064039504,13,1.661538353333106,0.004409607326177405,0.0029646762090145486,0.020091934129595757,0.0011218972504138947,0.020091934129595757,0.0011218972504138947,0.00387120945379138,0.007011699490249157,0.00387120945379138,0
3002,16,0,1,0.02074485272169113,0.030000001192092896,0.005835605785250664,0.005835605785250664,0.0,0.02074485272169113,0.030000001192092896,1,3,0.9076921939849854,0.20944694064039504,13,1.661538353333106,0.007689841526715545,0.005870275596189781,0.009255148470401764,0.005835605785250664,0.009255148470401764,0.005835605785250664,0.0056769284419715405,0.005717990919947624,0.0056769284419715405,0
3002,16,0,2,0.023824792355298996,0.01199999451637268,0.004834872204810381,0.004834872204810381,0.0008307709088692106,0.023824792355298996,0.01199999451637268,1,4,0.9076921939849854,0.20944694064039504,13,1.6615383533331063,0.0067028456669403335,0.005846149095929278,0.011824797838926315,0.00400410129594117,0.011824797838926315,0.00400410129594117,0.006217511836439371,0.010803811252117157,0.006217511836439371,0
3002,16,0,3,0.024222085252404213,0.0,0.011480840854346752,0.011480840854346752,0.0,0.024222085252404213,0.0,0,1,0.9076923131942749,0.2094469155167731,13,1.661538461366525,0.005918358078374029,0.004532475575540193,0.024222085252404213,0.011480840854346752,0.024222085252404213,0.011480840854346752,0.009518918581306934,0.014259579591453075,0.009518918581306934,0
3002,16,0,4,0.025020742788910866,0.0,0.000680253840982914,0.000680253840982914,0.0,0.025020742788910866,0.0,0,1,0.9076921939849854,0.20944694064039504,13,1.661538353333106,0.0066216510712281676,0.004980884470354169,0.025020742788910866,0.000680253840982914,0.025020742788910866,0.000680253840982914,0.004993394948542118,0.011750455014407635,0.004993394948542118,0
3002,16,0,5,0.020744847133755684,0.030000001192092896,0.0058356053195893764,0.0058356053195893764,0.0,0.020744847133755684,0.030000001192092896,1,3,0.9076921939849854,0.20944694064039504,13,1.661538353333106,0.007689840859933711,0.005870276130735874,0.009255154058337212,0.0058356053195893764,0.009255154058337212,0.0058356053195893764,0.0056769284419715405,0.005717989057302475,0.0056769284419715405,0
3002,16,1,0,0.013807661831378937,0.035999998450279236,-0.0017119707772508264,-0.0017119707772508264,0.0,0.013807661831378937,0.035999998450279236,1,3,0.9076921939849854,0.20944694064039504,13,1.661538353333106,0.004844047795666464,0.003346355642969086,0.0221923366189003,-0.0017119707772508264,0.0221923366189003,0.0017119707772508264,0.0019654100760817528,0.007788047660142183,0.0019654100760817528,0
3002,16,1,2,0.014291083440184593,0.012000001966953278,-0.0008778895135037601,-0.0008778895135037601,0.0008307678140126798,0.014291083440184593,0.012000001966953278,1,4,0.9076921939849854,0.20944694064039504,13,1.6615383533331063,0.003074839631830931,0.0025029071777529967,0.0022910814732313156,-0.00170865732751644,0.0022910814732313156,0.00170865732751644,0.004029196221381426,0.00394939910620451,0.004029196221381426,0
3002,16,1,3,0.01234324462711811,0.0,-0.002010246040299535,-0.002010246040299535,0.0,0.01234324462711811,0.0,0,1,0.9076923131942749,0.2094469155167731,13,1.661538461366525,0.0028991602773988812,0.002263936947083332,0.01234324462711811,-0.002010246040299535,0.01234324462711811,0.002010246040299535,0.0038433868903666735,0.005229939706623554,0.0038433868903666735,0
3002,16,1,4,0.010612323880195618,0.0,0.0017879748484119773,0.0017879748484119773,6.938893903907228e-18,0.010612323880195618,0.0,0,1,0.9076921939849854,0.20944694064039504,13,1.661538353333106,0.0027352778119341735,0.0021326328743491653,0.010612323880195618,0.0017879748484119704,0.010612323880195618,0.0017879748484119704,0.004184053745120764,0.005579171236604452,0.004184053745120764,0
3002,16,1,5,0.014552654698491096,0.04500000271946192,-0.0008027491276152432,-0.0008027491276152432,-0.006230769630521521,0.014552654698491096,0.04500000271946192,1,4,0.9076921939849854,0.20944694064039504,13,1.661538353333106,0.010741545157402492,0.008876971382449363,0.03044734802097082,0.005428020502906278,0.03044734802097082,0.005428020502906278,0.003597974544391036,0.0068364874459803104,0.003597974544391036,0
3002,16,2,0,0.011785827577114105,0.035999998450279236,-0.0023938710801303387,-0.0023938710801303387,0.0,0.011785827577114105,0.035999998450279236,1,3,0.9076921939849854,0.20944694064039504,13,1.661538353333106,0.005123082945852019,0.0033288936973852514,0.02421417087316513,-0.0023938710801303387,0.02421417087316513,0.0023938710801303387,0.002065306296572089,0.006177503615617752,0.002065306296572089,0
3002,16,2,1,0.00986547488719225,0.030000001192092896,0.001096512540243566,0.001096512540243566,0.0,0.00986547488719225,0.030000001192092896,1,3,0.9076921939849854,0.20944694064039504,13,1.661538353333106,0.004417594043477433,0.002970075212727637,0.020134526304900646,0.001096512540243566,0.020134526304900646,0.001096512540243566,0.003904665121808648,0.006990566849708557,0.003904665121808648,0
3002,16,2,3,0.010435841046273708,0.0,-0.00028879722231067717,-0.00028879722231067717,0.0,0.010435841046273708,0.0,0,1,0.9076923131942749,0.2094469155167731,13,1.661538461366525,0.002962618286683289,0.0024121280693443566,0.010435841046273708,-0.00028879722231067717,0.010435841046273708,0.00028879722231067717,0.004123624414205551,0.008132985793054104,0.004123624414205551,0
3002,16,2,4,0.008903185836970806,0.0,0.002543308539316058,0.002543308539316058,0.0,0.008903185836970806,0.0,0,1,0.9076921939849854,0.20944694064039504,13,1.661538353333106,0.0026905513070462944,0.002250829689513297,0.008903185836970806,0.002543308539316058,0.008903185836970806,0.002543308539316058,0.002220610622316599,0.005244437605142593,0.002220610622316599,0
3002,16,2,5,0.009865470230579376,0.030000001192092896,0.0010965111432597041,0.0010965111432597041,0.0,0.009865470230579376,0.030000001192092896,1,3,0.9076921939849854,0.20944694064039504,13,1.661538353333106,0.004417595429998381,0.002970076513272771,0.02013453096151352,0.0010965111432597041,0.02013453096151352,0.0010965111432597041,0.003904672572389245,0.006990558467805386,0.003904672572389245,0
3002,17,0,1,0.011272942647337914,0.02999999839812517,0.0012575909495353699,0.0012575909495353699,6.44761778689773e-11,0.011272942647337914,0.02999999839812517,1,3,0.9076921939849854,0.20944694064039504,13,1.661538353333106,0.004762223664407748,0.00288697337654568,0.018727055750787258,0.001257590885059192,0.018727055750787258,0.001257590885059192,0.0021082127932459116,0.0046194083988666534,0.0021082127932459116,0
3002,17,0,2,0.008993977680802345,0.012000001966953278,-0.00010169452434638515,-0.00010169452434638515,-0.0008307693614409521,0.008993977680802345,0.012000001966953278,1,4,0.9076921939849854,0.20944694064039504,13,1.6615383533331063,0.00234863253208461,0.0019020977589858355,0.0030060242861509323,0.000729074837094567,0.0030060242861509323,0.000729074837094567,0.00491569796577096,0.004188694059848785,0.00491569796577096,0
3002,17,0,3,0.006448511034250259,0.0,0.0005595327238552272,0.0005595327238552272,0.0,0.006448511034250259,0.0,0,1,0.9076923131942749,0.2094469155167731,13,1.661538461366525,0.002021316208839988,0.0016026590570542947,0.006448511034250259,0.0005595327238552272,0.006448511034250259,0.0005595327238552272,0.004387087654322386,0.0033520457800477743,0.004387087654322386,0
3002,17,0,4,0.006681596860289574,0.0,0.0005581385339610279,0.0005581385339610279,0.0,0.006681596860289574,0.0,0,1,0.9076921939849854,0.20944694064039504,13,1.661538353333106,0.002144949278074945,0.0018085813337176508,0.006681596860289574,0.0005581385339610279,0.006681596860289574,0.0005581385339610279,0.002138974377885461,0.00545345526188612,0.002138974377885461,0
3002,17,0,5,0.011272940784692764,0.02999999839812517,0.0012575940927490592,0.0012575940927490592,6.44761778689773e-11,0.011272940784692764,0.02999999839812517,1,3,0.9076921939849854,0.20944694064039504,13,1.661538353333106,0.0047622223436007425,0.0028869725829927177,0.018727057613432407,0.0012575940282728813,0.018727057613432407,0.0012575940282728813,0.0021082120947539806,0.004619406536221504,0.0021082120947539806,0
3002,17,1,0,0.014683162793517113,0.035999998450279236,0.0017867283895611763,0.0017867283895611763,0.0,0.014683162793517113,0.035999998450279236,1,3,0.9076921939849854,0.20944694064039504,13,1.661538353333106,0.004689765375027992,0.0032381279360965865,0.021316835656762123,0.0017867283895611763,0.021316835656762123,0.0017867283895611763,0.004831740166991949,0.007220681291073561,0.004831740166991949,0
3002,17,1,2,0.01484597660601139,0.012000001966953278,-0.0005163562600500882,-0.0005163562600500882,-0.0008307678140126867,0.01484597660601139,0.012000001966953278,1,4,0.9076921939849854,0.20944694064039504,13,1.6615383533331063,0.0031123025182014374,0.002357929261654792,0.002845974639058113,0.00031441155396259857,0.002845974639058113,0.00031441155396259857,0.003645932301878929,0.00479314848780632,0.003645932301878929,0
3002,17,1,3,0.01166478730738163,0.0,-0.0018628943944349885,-0.0018628943944349885,0.0,0.01166478730738163,0.0,0,1,0.9076923131942749,0.2094469155167731,13,1.661538461366525,0.0028382273425074235,0.0023291194095061375,0.01166478730738163,-0.0018628943944349885,0.01166478730738163,0.0018628943944349885,0.004292755853384733,0.004574240650981665,0.004292755853384733,0
3002,17,1,4,0.010184865444898605,0.0,-0.0011315144365653396,-0.0011315144365653396,0.0,0.010184865444898605,0.0,0,1,0.9076921939849854,0.20944694064039504,13,1.661538353333106,0.0027040361542157313,0.002204255327670532,0.010184865444898605,-0.0011315144365653396,0.010184865444898605,0.0011315144365653396,0.0019735191017389297,0.005974827334284782,0.0019735191017389297,0
3002,17,1,5,0.015793463215231895,0.04500000085681677,-0.0013626040890812874,-0.0013626040890812874,-0.006230769243664471,0.015793463215231895,0.04500000085681677,1,4,0.9076921939849854,0.20944694064039504,13,1.661538353333106,0.010625528913072654,0.00869529697625242,0.029206537641584873,0.004868165154583184,0.029206537641584873,0.004868165154583184,0.00393162714317441,0.0072472430765628815,0.00393162714317441,0
3002,17,2,0,0.010215950198471546,0.036000002175569534,0.002244245959445834,0.002244245959445834,-2.579047114759092e-10,0.010215950198471546,0.036000002175569534,1,3,0.9076921939849854,0.20944694064039504,13,1.661538353333106,0.005731284084476745,0.0041361956047059525,0.025784051977097988,0.0022442462173505456,0.025784051977097988,0.0022442462173505456,0.002314931247383356,0.005374133121222258,0.002314931247383356,0
3002,17,2,1,0.008561324328184128,0.029999997466802597,0.0005644395132549107,0.0005644395132549107,2.579047045370153e-10,0.008561324328184128,0.029999997466802597,1,3,0.9076921939849854,0.20944694064039504,13,1.661538353333106,0.0046636795754220195,0.0031921959774204975,0.02143867313861847,0.0005644392553502062,0.02143867313861847,0.0005644392553502062,0.004546471871435642,0.004421935882419348,0.004546471871435642,0
3002,17,2,3,0.008856072090566158,0.0,4.3161679059267044e-05,4.3161679059267044e-05,0.0,0.008856072090566158,0.0,0,1,0.9076923131942749,0.2094469155167731,13,1.661538461366525,0.002912568116601498,0.0023473659034311417,0.008856072090566158,4.3161679059267044e-05,0.008856072090566158,4.3161679059267044e-05,0.004445256199687719,0.00983400922268629,0.004445256199687719,0
3002,17,2,4,0.00991201400756836,0.0,-0.0002966074680443853,-0.0002966074680443853,-6.938893903907228e-18,0.00991201400756836,0.0,0,1,0.9076921939849854,0.20944694064039504,13,1.661538353333106,0.0030433329108019063,0.002583884099531456,0.00991201400756836,-0.0002966074680443784,0.00991201400756836,0.0002966074680443784,0.002786986529827118,0.00508924201130867,0.002786986529827118,0
3002,17,2,5,0.008561328984797001,0.029999997466802597,0.0005644401535391808,0.0005644401535391808,2.579047045370153e-10,0.008561328984797001,0.029999997466802597,1,3,0.9076921939849854,0.20944694064039504,13,1.661538353333106,0.004663678593053455,0.0031921953161263613,0.021438668482005596,0.0005644398956344762,0.021438668482005596,0.0005644398956344762,0.004546468611806631,0.0044219400733709335,0.004546468611806631,0
3002,18,0,1,0.02061106450855732,0.030000001192092896,0.005150769371539354,0.005150769371539354,0.0,0.02061106450855732,0.030000001192092896,1,3,0.9076921939849854,0.20944694064039504,13,1.661538353333106,0.007255610793488703,0.005585202319029521,0.009388936683535576,0.005150769371539354,0.009388936683535576,0.005150769371539354,0.0045568193309009075,0.005020422395318747,0.0045568193309009075,0
3002,18,0,2,0.023706616833806038,0.01199999451637268,0.004704741295427084,0.004704741295427084,0.0008307709088692106,0.023706616833806038,0.01199999451637268,1,4,0.9076921939849854,0.20944694064039504,13,1.6615383533331063,0.006469701485597144,0.005560769377133022,0.011706622317433357,0.0038739703865578734,0.011706622317433357,0.0038739703865578734,0.00570599315688014,0.010349862277507782,0.00570599315688014,0
3002,18,0,3,0.024063201621174812,0.0,0.011417525820434093,0.011417525820434093,0.0,0.024063201621174812,0.0,0,1,0.007692308165132999,0.2094469155167731,13,1.661538461366525,0.005895121833652098,0.004520680689247402,0.024063201621174812,0.011417525820434093,0.024063201621174812,0.011417525820434093,0.009526906535029411,0.01416657492518425,0.009526906535029411,0
3002,18,0,4,0.022429609671235085,0.0,-0.0005792993470095098,-0.0005792993470095098,0.0,0.022429609671235085,0.0,0,1,0.9076921939849854,0.20944694064039504,13,1.661538353333106,0.0062703383591435485,0.004974533584707323,0.022429609671235085,-0.0005792993470095098,0.022429609671235085,0.0005792993470095098,0.006176806055009365,0.01001255214214325,0.006176806055009365,0
3002,18,0,5,0.020611057057976723,0.030000001192092896,0.005150767508894205,0.005150767508894205,0.0,0.020611057057976723,0.030000001192092896,1,3,0.9076921939849854,0.20944694064039504,13,1.661538353333106,0.007255611220236416,0.005585202037979514,0.009388944134116173,0.005150767508894205,0.009388944134116173,0.005150767508894205,0.0045568193309009075,0.005020428914576769,0.0045568193309009075,0
3002,18,1,0,0.013592688366770744,0.035999998450279236,-0.002047896385192871,-0.002047896385192871,0.0,0.013592688366770744,0.035999998450279236,1,3,0.9076921939849854,0.20944694064039504,13,1.661538353333106,0.004899481607565622,0.003417188489049144,0.02240731008350849,-0.002047896385192871,0.02240731008350849,0.002047896385192871,0.0017549294279888272,0.0076232245191931725,0.0017549294279888272,0
3002,18,1,2,0.014164205640554428,0.012000001966953278,-0.0011021025711670518,-0.0011021025711670518,0.0008307678140126798,0.014164205640554428,0.012000001966953278,1,4,0.9076921939849854,0.20944694064039504,13,1.6615383533331063,0.003191759989114465,0.0025744418773425404,0.0021642036736011505,-0.0019328703851797316,0.0021642036736011505,0.0019328703851797316,0.0036458419635891914,0.0027634606231004,0.0036458419635891914,0
3002,18,1,3,0.012378368526697159,0.0,-0.0020086991135030985,-0.0020086991135030985,0.0,0.012378368526697159,0.0,0,1,0.007692308165132999,0.2094469155167731,13,1.661538461366525,0.002907863756116413,0.002272624368145621,0.012378368526697159,-0.0020086991135030985,0.012378368526697159,0.0020086991135030985,0.003836963092908263,0.00524585135281086,0.003836963092908263,0
3002,18,1,4,0.011134570464491844,0.0,0.0016771930968388915,0.0016771930968388915,6.938893903907228e-18,0.011134570464491844,0.0,0,1,0.9076921939849854,0.20944694064039504,13,1.661538353333106,0.0028181494944203964,0.0021566591010643886,0.011134570464491844,0.0016771930968388846,0.011134570464491844,0.0016771930968388846,0.0038111081812530756,0.005620210897177458,0.0038111081812530756,0
3002,18,1,5,0.01463594101369381,0.04500000271946192,-0.0010143661638721824,-0.0010143661638721824,-0.006230769630521521,0.01463594101369381,0.04500000271946192,1,4,0.9076921939849854,0.20944694064039504,13,1.661538353333106,0.010725150391419469,0.008888849150940513,0.03036406170576811,0.005216403466649339,0.03036406170576811,0.005216403466649339,0.003950175363570452,0.005490146577358246,0.003950175363570452,0
3002,18,2,0,0.011994706466794014,0.035999998450279236,-0.0027375805657356977,-0.0027375805657356977,0.0,0.011994706466794014,0.035999998450279236,1,3,0.9076921939849854,0.20944694064039504,13,1.661538353333106,0.005131058696312239,0.003402221022096611,0.024005291983485222,-0.0027375805657356977,0.024005291983485222,0.0027375805657356977,0.0024621286429464817,0.006347798742353916,0.0024621286429464817,0
3002,18,2,1,0.01022128202021122,0.030000001192092896,0.0011907462030649185,0.0011907462030649185,0.0,0.01022128202021122,0.030000001192092896,1,3,0.9076921939849854,0.20944694064039504,13,1.661538353333106,0.0044100534643648085,0.0030225578629406243,0.019778719171881676,0.0011907462030649185,0.019778719171881676,0.0011907462030649185,0.003655146574601531,0.0066829570569098,0.003655146574601531,0
3002,18,2,3,0.01044555101543665,0.0,-0.00026968601741828024,-0.00026968601741828024,0.0,0.01044555101543665,0.0,0,1,0.007692308165132999,0.2094469155167731,13,1.661538461366525,0.002961691233930419,0.0024113390352246324,0.01044555101543665,-0.00026968601741828024,0.01044555101543665,0.00026968601741828024,0.004157666116952896,0.00816433783620596,0.004157666116952896,0
3002,18,2,4,0.010210881941020489,0.0,0.002582315821200609,0.002582315821200609,0.0,0.010210881941020489,0.0,0,1,0.9076921939849854,0.20944694064039504,13,1.661538353333106,0.002818418820019658,0.0023039197494116054,0.010210881941020489,0.002582315821200609,0.010210881941020489,0.002582315821200609,0.0014084684662520885,0.005763988010585308,0.0014084684662520885,0
3002,18,2,5,0.010221279226243496,0.030000001192092896,0.0011907444568350911,0.0011907444568350911,0.0,0.010221279226243496,0.030000001192092896,1,3,0.9076921939849854,0.20944694064039504,13,1.661538353333106,0.004410053414408533,0.0030225574110562983,0.0197787219658494,0.0011907444568350911,0.0197787219658494,0.0011907444568350911,0.0036551370285451412,0.006682965438812971,0.0036551370285451412,0
3002,19,0,1,0.011276671662926674,0.02999999839812517,0.0012828173348680139,0.0012828173348680139,6.44761778689773e-11,0.011276671662926674,0.02999999839812517,1,3,0.9076921939849854,0.20944694064039504,13,1.661538353333106,0.004760001714642725,0.002900924676885972,0.018723326735198498,0.001282817270391836,0.018723326735198498,0.001282817270391836,0.0021277330815792084,0.004517219495028257,0.0021277330815792084,0
3002,19,0,2,0.008995486423373222,0.012000001966953278,-0.00011801874643424526,-0.00011801874643424526,-0.0008307693614409521,0.008995486423373222,0.012000001966953278,1,4,0.9076921939849854,0.20944694064039504,13,1.6615383533331063,0.0023477113770472035,0.0019090398484785881,0.0030045155435800552,0.0007127506150067069,0.0030045155435800552,0.0007127506150067069,0.004859236069023609,0.004189354833215475,0.004859236069023609,0
3002,19,0,3,0.006554758176207542,0.0,0.0005549397319555283,0.0005549397319555283,0.0,0.006554758176207542,0.0,0,1,0.9076923131942749,0.2094469155167731,13,1.661538461366525,0.0020254707991957757,0.001603140898004792,0.006554758176207542,0.0005549397319555283,0.006554758176207542,0.0005549397319555283,0.0043680425733327866,0.0033107735216617584,0.0043680425733327866,0
3002,19,0,4,0.006657524034380913,0.0,0.000499491288792342,0.000499491288792342,0.0,0.006657524034380913,0.0,0,1,0.9076921939849854,0.20944694064039504,13,1.661538353333106,0.0021426742220448693,0.0018037772302091474,0.006657524034380913,0.000499491288792342,0.006657524034380913,0.000499491288792342,0.002137009287253022,0.0054311202839016914,0.002137009287253022,0
3002,19,0,5,0.011276669800281525,0.02999999839812517,0.0012828201288357377,0.0012828201288357377,6.44761778689773e-11,0.011276669800281525,0.02999999839812517,1,3,0.9076921939849854,0.20944694064039504,13,1.661538353333106,0.0047600012432846405,0.002900924368282042,0.018723328597843647,0.0012828200643595598,0.018723328597843647,0.0012828200643595598,0.0021277337800711393,0.004517218563705683,0.0021277337800711393,0
3002,19,1,0,0.0146678127348423,0.035999998450279236,0.001816900447010994,0.001816900447010994,0.0,0.0146678127348423,0.035999998450279236,1,3,0.9076921939849854,0.20944694064039504,13,1.661538353333106,0.004693398398592685,0.003234272194508265,0.021332185715436935,0.001816900447010994,0.021332185715436935,0.001816900447010994,0.004822953604161739,0.007200884632766247,0.004822953604161739,0
3002,19,1,2,0.014876393601298332,0.012000001966953278,-0.0004863642679993063,-0.0004863642679993063,-0.0008307678140126867,0.014876393601298332,0.012000001966953278,1,4,0.9076921939849854,0.20944694064039504,13,1.6615383533331063,0.003112177309280518,0.0023588621713353333,0.0028763916343450546,0.0003444035460133804,0.0028763916343450546,0.0003444035460133804,0.0036544194445014,0.004743938334286213,0.0036544194445014,0
3002,19,1,3,0.011607246473431587,0.0,-0.001860672258771956,-0.001860672258771956,0.0,0.011607246473431587,0.0,0,1,0.9076923131942749,0.2094469155167731,13,1.661538461366525,0.002829199564228285,0.002325387351964352,0.011607246473431587,-0.001860672258771956,0.011607246473431587,0.001860672258771956,0.004275895655155182,0.004476331174373627,0.004275895655155182,0
3002,19,1,4,0.010168544948101044,0.0,-0.0011430863523855805,-0.0011430863523855805,0.0,0.010168544948101044,0.0,0,1,0.9076921939849854,0.20944694064039504,13,1.661538353333106,0.0026980256914277316,0.002191479698088042,0.010168544948101044,-0.0011430863523855805,0.010168544948101044,0.0011430863523855805,0.001967367948964238,0.00590414647012949,0.001967367948964238,0
3002,19,1,5,0.015818940475583076,0.04500000085681677,-0.0013666404411196709,-0.0013666404411196709,-0.006230769243664471,0.015818940475583076,0.04500000085681677,1,4,0.9076921939849854,0.20944694064039504,13,1.661538353333106,0.010635146698479904,0.008700460757641398,0.029181060381233692,0.0048641288025448,0.029181060381233692,0.0048641288025448,0.003906505182385445,0.007137683220207691,0.003906505182385445,0
3002,19,2,0,0.010143819265067577,0.036000002175569534,0.0022709660697728395,0.0022709660697728395,-2.579047114759092e-10,0.010143819265067577,0.036000002175569534,1,3,0.9076921939849854,0.20944694064039504,13,1.661538353333106,0.005737625485306017,0.004142063003055443,0.025856182910501957,0.002270966327677551,0.025856182910501957,0.002270966327677551,0.0022669993340969086,0.005416444968432188,0.0022669993340969086,0
3002,19,2,1,0.008549529127776623,0.029999997466802597,0.0006045093759894371,0.0006045093759894371,2.579047045370153e-10,0.008549529127776623,0.029999997466802597,1,3,0.9076921939849854,0.20944694064039504,13,1.661538353333106,0.0046678342991411555,0.003199349041785715,0.021450468339025974,0.0006045091180847326,0.021450468339025974,0.0006045091180847326,0.004526484292000532,0.004438892938196659,0.004526484292000532,0
3002,19,2,3,0.00881249736994505,0.0,5.845663326908834e-05,5.845663326908834e-05,0.0,0.00881249736994505,0.0,0,1,0.9076923131942749,0.2094469155167731,13,1.661538461366525,0.002908978049277438,0.00234819395390488,0.00881249736994505,5.845663326908834e-05,0.00881249736994505,5.845663326908834e-05,0.0044033825397491455,0.009871025569736958,0.0044033825397491455,0
3002,19,2,4,0.009938587434589863,0.0,-0.0002852155303116888,-0.0002852155303116888,-6.938893903907228e-18,0.009938587434589863,0.0,0,1,0.9076921939849854,0.20944694064039504,13,1.661538353333106,0.0030443960952798626,0.002587462362100387,0.009938587434589863,-0.00028521553031168184,0.009938587434589863,0.00028521553031168184,0.0027633209247142076,0.0051520890556275845,0.0027633209247142076,0
3002,19,2,5,0.008549530990421772,0.029999997466802597,0.000604510772973299,0.000604510772973299,2.579047045370153e-10,0.008549530990421772,0.029999997466802597,1,3,0.9076921939849854,0.20944694064039504,13,1.661538353333106,0.0046678341051846544,0.0031993491850661106,0.021450466476380825,0.0006045105150685945,0.021450466476380825,0.0006045105150685945,0.004526483826339245,0.0044388920068740845,0.004526483826339245,0
3002,20,0,1,0.020364178344607353,0.030000001192092896,0.0035157192032784224,0.0035157192032784224,0.0,0.020364178344607353,0.030000001192092896,1,3,0.9076921939849854,0.20944694064039504,13,1.661538353333106,0.007363890497359247,0.005378970739944183,0.009635822847485542,0.0035157192032784224,0.009635822847485542,0.0035157192032784224,0.0110994977876544,0.004114378243684769,0.0110994977876544,0
3002,20,0,2,0.024111595004796982,0.01199999451637268,0.005445630755275488,0.005445630755275488,-0.0008307709088692244,0.024111595004796982,0.01199999451637268,1,4,0.9076921939849854,0.20944694064039504,13,1.6615383533331063,0.006714525929458135,0.005481789283972431,0.012111600488424301,0.006276401664144712,0.012111600488424301,0.006276401664144712,0.007491547614336014,0.011581460013985634,0.007491547614336014,0
3002,20,0,3,0.021077705547213554,0.0,0.010788843035697937,0.010788843035697937,-1.3877787807814457e-17,0.021077705547213554,0.0,0,1,0.9076923131942749,0.2094469155167731,13,1.661538461366525,0.00528167311047519,0.0037960854507762295,0.021077705547213554,0.010788843035697951,0.021077705547213554,0.010788843035697951,0.007020848803222179,0.010029439814388752,0.007020848803222179,0
3002,20,0,4,0.02190740965306759,0.0,0.007952295243740082,0.007952295243740082,0.0,0.02190740965306759,0.0,0,1,0.9076921939849854,0.20944694064039504,13,1.661538353333106,0.00607089124440026,0.004744476258490213,0.02190740965306759,0.007952295243740082,0.02190740965306759,0.007952295243740082,0.005452731624245644,0.012232014909386635,0.005452731624245644,0
3002,20,0,5,0.020364172756671906,0.030000001192092896,0.0035157185047864914,0.0035157185047864914,0.0,0.020364172756671906,0.030000001192092896,1,3,0.9076921939849854,0.20944694064039504,13,1.661538353333106,0.007363889732796501,0.00537897084396024,0.00963582843542099,0.0035157185047864914,0.00963582843542099,0.0035157185047864914,0.011099499650299549,0.004114375915378332,0.011099499650299549,0
3002,20,1,0,0.012810258194804192,0.035999998450279236,-0.0013073142617940903,-0.0013073142617940903,0.0,0.012810258194804192,0.035999998450279236,1,3,0.9076921939849854,0.20944694064039504,13,1.661538353333106,0.005082463274792233,0.003380639158938763,0.023189740255475044,-0.0013073142617940903,0.023189740255475044,0.0013073142617940903,0.0010564629919826984,0.006966791115701199,0.0010564629919826984,0
3002,20,1,2,0.01592830754816532,0.012000001966953278,-0.0004270834324415773,-0.0004270834324415773,-0.0008307678140126867,0.01592830754816532,0.012000001966953278,1,4,0.9076921939849854,0.20944694064039504,13,1.6615383533331063,0.0032962568314707156,0.002484564289186128,0.003928305581212044,0.0004036843815711094,0.003928305581212044,0.0004036843815711094,0.00406221579760313,0.004793211352080107,0.00406221579760313,0
3002,20,1,3,0.011481480672955513,0.0,-0.0006161329220049083,-0.0006161329220049083,0.0,0.011481480672955513,0.0,0,1,0.9076923131942749,0.2094469155167731,13,1.661538461366525,0.0025143373395755597,0.0017629345140513586,0.011481480672955513,-0.0006161329220049083,0.011481480672955513,0.0006161329220049083,0.0032642618753015995,0.005241306032985449,0.0032642618753015995,0
3002,20,1,4,0.010192828252911568,0.0,-0.00040077263838611543,-0.00040077263838611543,0.0,0.010192828252911568,0.0,0,1,0.9076921939849854,0.20944694064039504,13,1.661538353333106,0.0025151481105935318,0.001984894959002557,0.010192828252911568,-0.00040077263838611543,0.010192828252911568,0.00040077263838611543,0.0024786111898720264,0.0053772758692502975,0.0024786111898720264,0
3002,20,1,5,0.016030343249440193,0.04500000085681677,-0.0014866652199998498,-0.0014866652199998498,-0.006230769243664471,0.016030343249440193,0.04500000085681677,1,4,0.9076921939849854,0.20944694064039504,13,1.661538353333106,0.010438025088546337,0.008574341252975211,0.028969657607376575,0.004744104023664621,0.028969657607376575,0.004744104023664621,0.005397172644734383,0.006094702053815126,0.005397172644734383,0
3002,20,2,0,0.011306746862828732,0.036000002175569534,-0.0001371186226606369,-0.0001371186226606369,-2.579047114759092e-10,0.011306746862828732,0.036000002175569534,1,3,0.9076921939849854,0.20944694064039504,13,1.661538353333106,0.0055285960452632925,0.004008936778416295,0.024693255312740803,-0.00013711836475592543,0.024693255312740803,0.00013711836475592543,0.002185900928452611,0.005737476982176304,0.002185900928452611,0
3002,20,2,1,0.009747989475727081,0.029999997466802597,-0.00011655237904051319,-0.00011655237904051319,2.579047045370153e-10,0.009747989475727081,0.029999997466802597,1,3,0.9076921939849854,0.20944694064039504,13,1.661538353333106,0.004462703702500507,0.0030949564771892047,0.020252007991075516,-0.00011655263694521772,0.020252007991075516,0.00011655263694521772,0.004794304259121418,0.006176323164254427,0.004794304259121418,0
3002,20,2,3,0.009310285560786724,0.0,-0.0003816606476902962,-0.0003816606476902962,0.0,0.009310285560786724,0.0,0,1,0.9076923131942749,0.2094469155167731,13,1.661538461366525,0.0027845953996941094,0.002367246653554002,0.009310285560786724,-0.0003816606476902962,0.009310285560786724,0.0003816606476902962,0.0050941030494868755,0.010279600508511066,0.0050941030494868755,0
3002,20,2,4,0.010914302431046963,0.0,0.0003170828858856112,0.0003170828858856112,-6.938893903907228e-18,0.010914302431046963,0.0,0,1,0.9076921939849854,0.20944694064039504,13,1.661538353333106,0.0031423341777581737,0.002643486462842078,0.010914302431046963,0.0003170828858856181,0.010914302431046963,0.0003170828858856181,0.0022397099528461695,0.004744833335280418,0.0022397099528461695,0
3002,20,2,5,0.008930730633437634,0.029999997466802597,0.0001711871736915782,0.0001711871736915782,2.579047045370153e-10,0.008930730633437634,0.029999997466802597,1,3,0.9076921939849854,0.20944694064039504,13,1.661538353333106,0.004681807475662647,0.002991406313149182,0.021069266833364964,0.00017118691578687367,0.021069266833364964,0.00017118691578687367,0.004706512205302715,0.005637524649500847,0.004706512205302715,0
3002,21,0,1,0.012733370065689087,0.030000001192092896,0.0016628863522782922,0.0016628863522782922,-3.469446951953614e-18,0.012733370065689087,0.030000001192092896,1,3,0.9076921939849854,0.20944694064039504,13,1.661538353333106,0.0053356638360371154,0.0036060488038867186,0.01726663112640381,0.0016628863522782956,0.01726663112640381,0.0016628863522782956,0.0017023730324581265,0.004751964006572962,0.0017023730324581265,0
3002,21,0,2,0.01007823459804058,0.011999998241662979,0.0006085702334530652,0.0006085702334530652,0.0008307693614409487,0.01007823459804058,0.011999998241662979,1,4,0.9076921939849854,0.20944694064039504,13,1.6615383533331063,0.003331510253129383,0.002947956588141312,0.0019217636436223984,-0.0002221991279878835,0.0019217636436223984,0.0002221991279878835,0.0059931338764727116,0.003911223728209734,0.0059931338764727116,0
3002,21,0,3,0.00720546580851078,0.0,0.0012136958539485931,0.0012136958539485931,3.469446951953614e-18,0.00720546580851078,0.0,0,1,0.9076923131942749,0.2094469155167731,13,1.661538461366525,0.0023460135198448027,0.0019587588292607192,0.00720546580851078,0.0012136958539485897,0.00720546580851078,0.0012136958539485897,0.005348038859665394,0.004515528213232756,0.005348038859665394,0
3002,21,0,4,0.007830450311303139,0.0,-0.0011875225463882089,-0.0011875225463882089,3.469446951953614e-18,0.007830450311303139,0.0,0,1,0.9076921939849854,0.20944694064039504,13,1.661538353333106,0.002305091713132351,0.0019231949155852643,0.007830450311303139,-0.0011875225463882123,0.007830450311303139,0.0011875225463882123,0.004649648442864418,0.006497791036963463,0.004649648442864418,0
3002,21,0,5,0.013344604521989822,0.030000001192092896,0.0015077600255608559,0.0015077600255608559,-3.469446951953614e-18,0.013344604521989822,0.030000001192092896,1,3,0.007692307233810425,0.20944694064039504,13,1.661538353333106,0.005393993697275908,0.003491294586799554,0.016655396670103073,0.0015077600255608593,0.016655396670103073,0.0015077600255608593,0.002021328080445528,0.004392493050545454,0.002021328080445528,0
3002,21,1,0,0.013891160488128662,0.035999998450279236,0.0024691522121429443,0.0024691522121429443,6.938893903907228e-18,0.013891160488128662,0.035999998450279236,1,3,0.9076921939849854,0.20944694064039504,13,1.661538353333106,0.004831819202059413,0.0033254880876936147,0.022108837962150574,0.0024691522121429374,0.022108837962150574,0.0024691522121429374,0.003718391992151737,0.007469257805496454,0.003718391992151737,0
3002,21,1,2,0.013890726491808891,0.012000001966953278,-0.0008659583400003612,-0.0008659583400003612,0.0008307678140126798,0.013890726491808891,0.012000001966953278,1,4,0.9076921939849854,0.20944694064039504,13,1.6615383533331063,0.003103047586090544,0.0025360359419027024,0.0018907245248556137,-0.001696726154013041,0.0018907245248556137,0.001696726154013041,0.0038671563379466534,0.004504550714045763,0.0038671563379466534,0
3002,21,1,3,0.011808963492512703,0.0,-0.0019514538580551744,-0.0019514538580551744,0.0,0.011808963492512703,0.0,0,1,0.9076923131942749,0.2094469155167731,13,1.661538461366525,0.0028320536274016516,0.00224499532280589,0.011808963492512703,-0.0019514538580551744,0.011808963492512703,0.0019514538580551744,0.004073132760822773,0.005113293416798115,0.004073132760822773,0
3002,21,1,4,0.010605869814753532,0.0,0.0018500020960345864,0.0018500020960345864,6.938893903907228e-18,0.010605869814753532,0.0,0,1,0.9076921939849854,0.20944694064039504,13,1.661538353333106,0.0027506930350886393,0.0021425685101359553,0.010605869814753532,0.0018500020960345795,0.010605869814753532,0.0018500020960345795,0.003582667326554656,0.006102195009589195,0.003582667326554656,0
3002,21,1,5,0.014440786093473434,0.04500000271946192,-0.0004477681068237871,-0.0004477681068237871,-0.006230769630521521,0.014440786093473434,0.04500000271946192,1,4,0.007692307233810425,0.20944694064039504,13,1.661538353333106,0.01074917812951537,0.008941667727552928,0.030559216625988483,0.005783001523697734,0.030559216625988483,0.005783001523697734,0.0031027398072183132,0.0072905439883470535,0.0031027398072183132,0
3002,21,2,0,0.012429989874362946,0.035999998450279236,0.0022938952315598726,0.0022938952315598726,0.0,0.012429989874362946,0.035999998450279236,1,3,0.9076921939849854,0.20944694064039504,13,1.661538353333106,0.005033886935179946,0.00327831784472663,0.02357000857591629,0.0022938952315598726,0.02357000857591629,0.0022938952315598726,0.002285210182890296,0.0065939342603087425,0.002285210182890296,0
3002,21,2,1,0.01070027332752943,0.030000001192092896,0.001161505002528429,0.001161505002528429,0.0,0.01070027332752943,0.030000001192092896,1,3,0.9076921939849854,0.20944694064039504,13,1.661538353333106,0.004305906688950747,0.0029583129172141734,0.019299727864563465,0.001161505002528429,0.019299727864563465,0.001161505002528429,0.0034237070940434933,0.006639564875513315,0.0034237070940434933,0
3002,21,2,3,0.009784048423171043,0.0,-0.0011200840817764401,-0.0011200840817764401,0.0,0.009784048423171043,0.0,0,1,0.9076923131942749,0.2094469155167731,13,1.661538461366525,0.0029375253480777947,0.0025193411085379903,0.009784048423171043,-0.0011200840817764401,0.009784048423171043,0.0011200840817764401,0.004378779325634241,0.00820140540599823,0.004378779325634241,0
3002,21,2,4,0.00882621668279171,0.0,0.0026021397206932306,0.0026021397206932306,0.0,0.00882621668279171,0.0,0,1,0.9076921939849854,0.20944694064039504,13,1.661538353333106,0.0026726542520231077,0.0021536575751544456,0.00882621668279171,0.0026021397206932306,0.00882621668279171,0.0026021397206932306,0.002570569748058915,0.005069052800536156,0.002570569748058915,0
3002,21,2,5,0.010059556923806667,0.030000001192092896,0.001250805682502687,0.001250805682502687,0.0,0.010059556923806667,0.030000001192092896,1,3,0.007692307233810425,0.20944694064039504,13,1.661538353333106,0.004359997454853864,0.002924153239592998,0.019940444268286228,0.001250805682502687,0.019940444268286228,0.001250805682502687,0.0037698419764637947,0.006837490946054459,0.0037698419764637947,0
3002,22,0,1,0.020409807562828064,0.030000001192092896,0.0035359051544219255,0.0035359051544219255,0.0,0.020409807562828064,0.030000001192092896,1,3,0.9076921939849854,0.20944694064039504,13,1.661538353333106,0.007382809098504885,0.005403901324621208,0.009590193629264832,0.0035359051544219255,0.009590193629264832,0.0035359051544219255,0.011078125797212124,0.0041625420562922955,0.011078125797212124,0
3002,22,0,2,0.02417241595685482,0.01199999451637268,0.005472736898809671,0.005472736898809671,-0.0008307709088692244,0.02417241595685482,0.01199999451637268,1,4,0.9076921939849854,0.20944694064039504,13,1.6615383533331063,0.006720998709243765,0.005494005703945925,0.01217242144048214,0.006303507807678896,0.01217242144048214,0.006303507807678896,0.007469461765140295,0.01157305482774973,0.007469461765140295,0
3002,22,0,3,0.021003995090723038,0.0,0.010765249840915203,0.010765249840915203,-1.3877787807814457e-17,0.021003995090723038,0.0,0,1,0.9076923131942749,0.2094469155167731,13,1.661538461366525,0.005276508439244469,0.0037941852441200842,0.021003995090723038,0.010765249840915217,0.021003995090723038,0.010765249840915217,0.007005528546869755,0.009945621713995934,0.007005528546869755,0
3002,22,0,4,0.02187591977417469,0.0,0.00800489541143179,0.00800489541143179,0.0,0.02187591977417469,0.0,0,1,0.9076921939849854,0.20944694064039504,13,1.661538353333106,0.006050492298763284,0.004725730717567914,0.02187591977417469,0.00800489541143179,0.02187591977417469,0.00800489541143179,0.005450937896966934,0.012093205004930496,0.005450937896966934,0
3002,22,0,5,0.020409811288118362,0.030000001192092896,0.003535902127623558,0.003535902127623558,0.0,0.020409811288118362,0.030000001192092896,1,3,0.9076921939849854,0.20944694064039504,13,1.661538353333106,0.00738280948077626,0.0054039015088880645,0.009590189903974533,0.003535902127623558,0.009590189903974533,0.003535902127623558,0.01107812486588955,0.004162537399679422,0.01107812486588955,0
3002,22,1,0,0.013041576370596886,0.035999998450279236,-0.0012903055176138878,-0.0012903055176138878,0.0,0.013041576370596886,0.035999998450279236,1,3,0.9076921939849854,0.20944694064039504,13,1.661538353333106,0.005031140871380301,0.0033694579976902912,0.02295842207968235,-0.0012903055176138878,0.02295842207968235,0.0012903055176138878,0.0009706194396130741,0.007100220769643784,0.0009706194396130741,0
3002,22,1,2,0.015864264219999313,0.012000001966953278,-0.0004470124840736389,-0.0004470124840736389,-0.0008307678140126867,0.015864264219999313,0.012000001966953278,1,4,0.9076921939849854,0.20944694064039504,13,1.6615383533331063,0.003281162629652505,0.0024702887122447672,0.0038642622530460358,0.0003837553299390478,0.0038642622530460358,0.0003837553299390478,0.003985632210969925,0.004796822555363178,0.003985632210969925,0
3002,22,1,3,0.011599734425544739,0.0,-0.0007602768018841743,-0.0007602768018841743,0.0,0.011599734425544739,0.0,0,1,0.9076923131942749,0.2094469155167731,13,1.661538461366525,0.0025482137632909293,0.0018023985641947861,0.011599734425544739,-0.0007602768018841743,0.011599734425544739,0.0007602768018841743,0.0033715085592120886,0.005107043776661158,0.0033715085592120886,0
3002,22,1,4,0.010259365662932396,0.0,-0.0004801287723239511,-0.0004801287723239511,0.0,0.010259365662932396,0.0,0,1,0.9076921939849854,0.20944694064039504,13,1.661538353333106,0.0025350774301477513,0.002014851803786656,0.010259365662932396,-0.0004801287723239511,0.010259365662932396,0.0004801287723239511,0.0024569137021899223,0.0054167998023331165,0.0024569137021899223,0
3002,22,1,5,0.015996377915143967,0.04500000085681677,-0.0014846859266981483,-0.0014846859266981483,-0.006230769243664471,0.015996377915143967,0.04500000085681677,1,4,0.9076921939849854,0.20944694064039504,13,1.661538353333106,0.010463977075139248,0.008599174809614581,0.029003622941672802,0.004746083316966323,0.029003622941672802,0.004746083316966323,0.00528446352109313,0.0063066305592656136,0.00528446352109313,0
3002,22,2,0,0.011167746037244797,0.036000002175569534,-0.00022292153153102845,-0.00022292153153102845,-2.579047114759092e-10,0.011167746037244797,0.036000002175569534,1,3,0.9076921939849854,0.20944694064039504,13,1.661538353333106,0.005564799166963358,0.004037578937393674,0.024832256138324738,-0.00022292127362631697,0.024832256138324738,0.00022292127362631697,0.002261012326925993,0.005712110549211502,0.002261012326925993,0
3002,22,2,1,0.009538349695503712,0.029999997466802597,-8.028140291571617e-05,-8.028140291571617e-05,2.579047045370153e-10,0.009538349695503712,0.029999997466802597,1,3,0.9076921939849854,0.20944694064039504,13,1.661538353333106,0.004499030752162233,0.0031135027247244087,0.020461647771298885,-8.028166082042071e-05,0.020461647771298885,8.028166082042071e-05,0.004817104898393154,0.0059078955091536045,0.004817104898393154,0
3002,22,2,3,0.009227447211742401,0.0,-0.0003022691234946251,-0.0003022691234946251,0.0,0.009227447211742401,0.0,0,1,0.9076923131942749,0.2094469155167731,13,1.661538461366525,0.0027898807030150865,0.0023610129864258173,0.009227447211742401,-0.0003022691234946251,0.009227447211742401,0.0003022691234946251,0.005034833215177059,0.01027917955070734,0.005034833215177059,0
3002,22,2,4,0.010696666315197945,0.0,0.0002987734042108059,0.0002987734042108059,-6.938893903907228e-18,0.010696666315197945,0.0,0,1,0.9076921939849854,0.20944694064039504,13,1.661538353333106,0.0031319261862291325,0.002629358321428299,0.010696666315197945,0.00029877340421081283,0.010696666315197945,0.00029877340421081283,0.002329680835828185,0.004697828553617001,0.002329680835828185,0
3002,22,2,5,0.008894030936062336,0.029999997466802597,0.00012852484360337257,0.00012852484360337257,2.579047045370153e-10,0.008894030936062336,0.029999997466802597,1,3,0.9076921939849854,0.20944694064039504,13,1.661538353333106,0.0046864713287592145,0.003013809845292357,0.02110596653074026,0.00012852458569866804,0.02110596653074026,0.00012852458569866804,0.004678882658481598,0.005530120804905891,0.004678882658481598,0
3002,23,0,1,0.024703174829483032,0.030000001192092896,0.005809819791465998,0.005809819791465998,0.0,0.024703174829483032,0.030000001192092896,1,3,0.9076921939849854,0.20944694064039504,13,1.661538353333106,0.007130003831808495,0.004624151051617586,0.005296826362609863,0.005809819791465998,0.005296826362609863,0.005809819791465998,0.011826456524431705,0.007223420776426792,0.011826456524431705,0
3002,23,0,2,0.024370448663830757,0.01199999451637268,0.005281771067529917,0.005281771067529917,-0.0008307709088692244,0.024370448663830757,0.01199999451637268,1,4,0.9076921939849854,0.20944694064039504,13,1.6615383533331063,0.006249348191973578,0.005325240292448616,0.012370454147458076,0.006112541976399141,0.012370454147458076,0.006112541976399141,0.008037954568862915,0.007584058213979006,0.008037954568862915,0
3002,23,0,3,0.024684930220246315,0.0,0.012390420772135258,0.012390420772135258,-1.3877787807814457e-17,0.024684930220246315,0.0,0,1,0.9076923131942749,0.2094469155167731,13,1.661538461366525,0.005751973718327528,0.004126669872089251,0.024684930220246315,0.012390420772135272,0.024684930220246315,0.012390420772135272,0.009385436773300171,0.008950912393629551,0.009385436773300171,0
3002,23,0,4,0.027157194912433624,0.0,0.004178424831479788,0.004178424831479788,0.0,0.027157194912433624,0.0,0,1,0.9076921939849854,0.20944694064039504,13,1.661538353333106,0.006978125211886151,0.005545353861360331,0.027157194912433624,0.004178424831479788,0.027157194912433624,0.004178424831479788,0.008397068828344345,0.013382469303905964,0.008397068828344345,0
3002,23,0,5,0.024703172966837883,0.030000001192092896,0.005809818860143423,0.005809818860143423,0.0,0.024703172966837883,0.030000001192092896,1,3,0.9076921939849854,0.20944694064039504,13,1.661538353333106,0.007130003636372023,0.004624150015590107,0.0052968282252550125,0.005809818860143423,0.0052968282252550125,0.005809818860143423,0.011826456524431705,0.007223416119813919,0.011826456524431705,0
3002,23,1,0,0.01463274471461773,0.035999998450279236,-0.001319222734309733,-0.001319222734309733,0.0,0.01463274471461773,0.035999998450279236,1,3,0.9076921939849854,0.20944694064039504,13,1.661538353333106,0.004704130857292491,0.003239884289235053,0.021367253735661507,-0.001319222734309733,0.021367253735661507,0.001319222734309733,0.0008005306008271873,0.0072628650814294815,0.0008005306008271873,0
3002,23,1,2,0.014957785606384277,0.012000001966953278,-0.0006093212286941707,-0.0006093212286941707,-0.0008307678140126867,0.014957785606384277,0.012000001966953278,1,4,0.9076921939849854,0.20944694064039504,13,1.6615383533331063,0.0031171116469202124,0.00235209040916883,0.0029577836394309998,0.00022144658531851602,0.0029577836394309998,0.00022144658531851602,0.0036640542093664408,0.0043332381173968315,0.0036640542093664408,0
3002,23,1,3,0.011505568400025368,0.0,-0.0017296714941039681,-0.0017296714941039681,0.0,0.011505568400025368,0.0,0,1,0.9076923131942749,0.2094469155167731,13,1.661538461366525,0.002819649554979809,0.002327888785205649,0.011505568400025368,-0.0017296714941039681,0.011505568400025368,0.0017296714941039681,0.00425548804923892,0.004104216583073139,0.00425548804923892,0
3002,23,1,4,0.01010408066213131,0.0,-0.0011214815312996507,-0.0011214815312996507,0.0,0.01010408066213131,0.0,0,1,0.9076921939849854,0.20944694064039504,13,1.661538353333106,0.002661103911389439,0.002147160823175893,0.01010408066213131,-0.0011214815312996507,0.01010408066213131,0.0011214815312996507,0.002299620071426034,0.00587273808196187,0.002299620071426034,0
3002,23,1,5,0.016058022156357765,0.04500000085681677,-0.001651751808822155,-0.001651751808822155,-0.006230769243664471,0.016058022156357765,0.04500000085681677,1,4,0.9076921939849854,0.20944694064039504,13,1.661538353333106,0.010656142784141029,0.008689881991264385,0.028941978700459003,0.004579017434842316,0.028941978700459003,0.004579017434842316,0.004391775466501713,0.006826000288128853,0.004391775466501713,0
3002,23,2,0,0.010109750553965569,0.036000002175569534,-0.0008590513025410473,-0.0008590513025410473,-2.579047114759092e-10,0.010109750553965569,0.036000002175569534,1,3,0.9076921939849854,0.20944694064039504,13,1.661538353333106,0.005745426676843746,0.004148610487315782,0.025890251621603966,-0.0008590510446363359,0.025890251621603966,0.0008590510446363359,0.002728171879425645,0.005413195583969355,0.002728171879425645,0
3002,23,2,1,0.008210436441004276,0.029999997466802597,0.0004646638408303261,0.0004646638408303261,2.579047045370153e-10,0.008210436441004276,0.029999997466802597,1,3,0.9076921939849854,0.20944694064039504,13,1.661538353333106,0.004717819043516467,0.0031917719115343323,0.02178956102579832,0.00046466358292562154,0.02178956102579832,0.00046466358292562154,0.004584455396980047,0.004563895054161549,0.004584455396980047,0
3002,23,2,3,0.008605795912444592,0.0,0.00030915733077563345,0.00030915733077563345,0.0,0.008605795912444592,0.0,0,1,0.9076923131942749,0.2094469155167731,13,1.661538461366525,0.0029231191877045776,0.0023702807371785654,0.008605795912444592,0.00030915733077563345,0.008605795912444592,0.00030915733077563345,0.0044579170644283295,0.009754073806107044,0.0044579170644283295,0
3002,23,2,4,0.010236362926661968,0.0,-0.00025232648476958275,-0.00025232648476958275,-6.938893903907228e-18,0.010236362926661968,0.0,0,1,0.9076921939849854,0.20944694064039504,13,1.661538353333106,0.0030578149560357543,0.0025750204986898155,0.010236362926661968,-0.0002523264847695758,0.010236362926661968,0.0002523264847695758,0.003159359795972705,0.004837544169276953,0.003159359795972705,0
3002,23,2,5,0.008210434578359127,0.029999997466802597,0.00046466290950775146,0.00046466290950775146,2.579047045370153e-10,0.008210434578359127,0.029999997466802597,1,3,0.9076921939849854,0.20944694064039504,13,1.661538353333106,0.004717819093845868,0.003191770963679404,0.02178956288844347,0.00046466265160304693,0.02178956288844347,0.00046466265160304693,0.004584452603012323,0.0045638964511454105,0.004584452603012323,0
