seed,state_idx,ego_id,neighbor_id,learned_score,oracle_score,learned_signed,learned_direction_row_aipw,oracle_signed,learned_range,oracle_range,oracle_q_nonconstant,oracle_q_distinct_levels,observed_action_probability,policy_support_entropy,valid_action_count,target_policy_l1_to_uniform,q_centered_rmse,q_centered_mae,abs_error,signed_error,capacity_abs_error,direction_abs_error,proxy_sigma,capacity_sigma,direction_sigma,dr_applied
3003,0,0,1,0.016513992100954056,0.036000000312924385,0.003170441836118698,-0.023661574348807335,1.2895235226850765e-10,0.016513992100954056,0.036000000312924385,1,3,0.9076921939849854,0.20944694064039504,13,1.661538353333106,0.005864057629896478,0.004063004035414501,0.01948600821197033,0.003170441707166346,0.01948600821197033,0.003170441707166346,0.005567300599068403,0.003739156061783433,0.005567300599068403,1
3003,0,0,2,0.011067896150052547,0.02999999839812517,0.004139673430472612,-0.0222312118858099,-6.44761778689773e-11,0.011067896150052547,0.02999999839812517,1,3,0.9076921939849854,0.20944694064039504,13,1.661538353333106,0.00553199179041866,0.004389070597141099,0.018932102248072624,0.00413967349494879,0.018932102248072624,0.00413967349494879,0.005830037873238325,0.008165553212165833,0.005830037873238325,1
3003,0,0,3,0.012548528611660004,0.0,0.0007116350461728871,-0.0259318295866251,0.0,0.012548528611660004,0.0,0,1,0.9076921939849854,0.20944694064039504,13,1.661538353333106,0.003153387292006977,0.002485432324017613,0.012548528611660004,0.0007116350461728871,0.012548528611660004,0.0007116350461728871,0.008491851389408112,0.006346839480102062,0.008491851389408112,1
3003,0,0,4,0.012488926760852337,0.011999998241662979,-0.000993899186141789,-0.024014035239815712,0.0,0.012488926760852337,0.011999998241662979,1,3,0.9076921939849854,0.20944694064039504,13,1.661538353333106,0.0030228721816470978,0.0023564372057392753,0.0004889285191893578,-0.000993899186141789,0.0004889285191893578,0.000993899186141789,0.008321043103933334,0.0061396462842822075,0.008321043103933334,1
3003,0,0,5,0.017925985157489777,0.04499999899417162,0.002560053952038288,-0.024645358324050903,-0.024923076200943712,0.017925985157489777,0.04499999899417162,1,4,0.9076921939849854,0.20944694064039504,13,1.661538353333106,0.010190486823294036,0.006359553251128931,0.027074013836681843,0.027483130152982,0.027074013836681843,0.027483130152982,0.00556414108723402,0.004525322467088699,0.00556414108723402,1
3003,0,1,0,0.012050456367433071,0.017999999225139618,0.00250051636248827,0.0008641996537335217,0.0,0.012050456367433071,0.017999999225139618,1,3,0.9076921939849854,0.20944694064039504,13,1.661538353333106,0.0036199436821338,0.003126334220917686,0.005949542857706547,0.00250051636248827,0.005949542857706547,0.00250051636248827,0.003634663764387369,0.012319788336753845,0.003634663764387369,1
3003,0,1,2,0.01638888753950596,0.029999999329447746,0.0009165851515717804,0.002286263508722186,0.0,0.01638888753950596,0.029999999329447746,1,3,0.9076921939849854,0.20944694064039504,13,1.661538353333106,0.005999530806109583,0.004653307142565523,0.013611111789941788,0.0009165851515717804,0.013611111789941788,0.0009165851515717804,0.00433397525921464,0.007931701838970184,0.00433397525921464,1
3003,0,1,3,0.015781059861183167,0.0,0.007761883083730936,-0.0020805727690458298,0.0,0.015781059861183167,0.0,0,1,0.9076921939849854,0.20944694064039504,13,1.661538353333106,0.0042763211797980675,0.003570224796339164,0.015781059861183167,0.007761883083730936,0.015781059861183167,0.007761883083730936,0.004031578544527292,0.004946126136928797,0.004031578544527292,1
3003,0,1,4,0.013111662119626999,0.012000000104308128,-0.0027383228298276663,0.0009739540982991457,0.0,0.013111662119626999,0.012000000104308128,1,3,0.9076921939849854,0.20944694064039504,13,1.661538353333106,0.0031953790401358104,0.002639326439156423,0.0011116620153188705,-0.0027383228298276663,0.0011116620153188705,0.0027383228298276663,0.006741880439221859,0.013135427609086037,0.006741880439221859,1
3003,0,1,5,0.0166972354054451,0.029999999329447746,0.0053226822055876255,0.0007788135553710163,0.0,0.0166972354054451,0.029999999329447746,1,3,0.9076921939849854,0.20944694064039504,13,1.661538353333106,0.005246896007361518,0.004204084343978166,0.013302763924002647,0.0053226822055876255,0.013302763924002647,0.0053226822055876255,0.006937730126082897,0.010897139087319374,0.006937730126082897,1
3003,0,2,0,0.01690465584397316,0.017999999225139618,0.004122714977711439,0.0030280016362667084,0.0,0.01690465584397316,0.017999999225139618,1,3,0.9076921939849854,0.20944694064039504,13,1.661538353333106,0.0044646258679362965,0.003945687547403239,0.0010953433811664581,0.004122714977711439,0.0010953433811664581,0.004122714977711439,0.005519104190170765,0.006729226093739271,0.005519104190170765,1
3003,0,2,1,0.022925855591893196,0.035999998450279236,0.003240598365664482,0.0028374213725328445,0.0,0.022925855591893196,0.035999998450279236,1,3,0.9076921939849854,0.20944694064039504,13,1.661538353333106,0.006903854428359868,0.005570710286051697,0.01307414285838604,0.003240598365664482,0.01307414285838604,0.003240598365664482,0.008220783434808254,0.008332353085279465,0.008220783434808254,1
3003,0,2,3,0.019442392513155937,0.0,0.009113670326769352,0.0005100590060465038,0.0,0.019442392513155937,0.0,0,1,0.9076921939849854,0.20944694064039504,13,1.661538353333106,0.00579251122576991,0.00464853524373701,0.019442392513155937,0.009113670326769352,0.019442392513155937,0.009113670326769352,0.007480349857360125,0.005907533690333366,0.007480349857360125,1
3003,0,2,4,0.020322173833847046,0.012000000104308128,-0.007163481321185827,0.002752838656306267,0.0,0.020322173833847046,0.012000000104308128,1,3,0.9076921939849854,0.20944694064039504,13,1.661538353333106,0.004920009589322676,0.004375033261260543,0.008322173729538918,-0.007163481321185827,0.008322173729538918,0.007163481321185827,0.0068146418780088425,0.010226847603917122,0.0068146418780088425,1
3003,0,2,5,0.021755056455731392,0.029999999329447746,0.005891472566872835,0.002127619693055749,0.0,0.021755056455731392,0.029999999329447746,1,3,0.9076921939849854,0.20944694064039504,13,1.661538353333106,0.006080817021799432,0.004975433164474571,0.008244942873716354,0.005891472566872835,0.008244942873716354,0.005891472566872835,0.005022729746997356,0.007877734489738941,0.005022729746997356,1
3003,1,0,1,0.023427870124578476,0.035999998450279236,-0.0034624736290425062,0.016309073194861412,-3.223808893448865e-11,0.023427870124578476,0.035999998450279236,1,3,0.9076921939849854,0.20944694064039504,13,1.661538353333106,0.004450905704793245,0.0037308355501285318,0.01257212832570076,-0.0034624735968044173,0.01257212832570076,0.0034624735968044173,0.0035115163773298264,0.011964420787990093,0.0035115163773298264,1
3003,1,0,2,0.02778683975338936,0.02999999839812517,-0.0029354076832532883,0.015367786400020123,3.223808893448865e-11,0.02778683975338936,0.02999999839812517,1,3,0.9076921939849854,0.20944694064039504,13,1.661538353333106,0.004321316440229516,0.003518574441281649,0.002213158644735813,-0.002935407715491377,0.002213158644735813,0.002935407715491377,0.009248136542737484,0.006670048926025629,0.009248136542737484,1
3003,1,0,3,0.016173187643289566,0.0,-0.010023979470133781,0.01427405048161745,0.0,0.016173187643289566,0.0,0,1,0.9076923131942749,0.2094469155167731,13,1.661538461366525,0.005160196308423364,0.004274190100427917,0.016173187643289566,-0.010023979470133781,0.016173187643289566,0.010023979470133781,0.007227654103189707,0.01409745030105114,0.007227654103189707,1
3003,1,0,4,0.02024947665631771,0.03599999938160181,-0.0014503338607028127,0.013019315898418427,0.0037384615461986768,0.02024947665631771,0.03599999938160181,1,5,0.9076921939849854,0.20944694064039504,13,1.661538353333106,0.00851074090249265,0.005470731584961421,0.0157505227252841,-0.0051887954069014895,0.0157505227252841,0.0051887954069014895,0.008454055525362492,0.013601230457425117,0.008454055525362492,1
3003,1,0,5,0.027040621265769005,0.044999998062849045,0.0008635142003186047,-0.10056670755147934,0.0020769230328643536,0.027040621265769005,0.044999998062849045,1,4,0.007692307233810425,0.20944694064039504,13,1.661538353333106,0.009480051365099567,0.006201653396876076,0.01795937679708004,-0.001213408832545749,0.01795937679708004,0.001213408832545749,0.008410019800066948,0.010351646691560745,0.008410019800066948,1
3003,1,1,0,0.011921375058591366,0.017999999225139618,-0.00040526650263927877,0.0055380575358867645,-3.223808893448865e-11,0.011921375058591366,0.017999999225139618,1,3,0.9076921939849854,0.20944694064039504,13,1.661538353333106,0.0036996235815639857,0.0032543260883126607,0.006078624166548252,-0.00040526647040118984,0.006078624166548252,0.00040526647040118984,0.005313616245985031,0.010322225280106068,0.005313616245985031,1
3003,1,1,2,0.01434377208352089,0.02999999839812517,0.00267007015645504,0.0069535537622869015,3.223808893448865e-11,0.01434377208352089,0.02999999839812517,1,3,0.9076921939849854,0.20944694064039504,13,1.661538353333106,0.006034366090830571,0.005048284804987165,0.015656226314604282,0.002670070124216951,0.015656226314604282,0.002670070124216951,0.004160672891885042,0.00706581212580204,0.004160672891885042,1
3003,1,1,3,0.015682430937886238,0.0,-0.004988436121493578,0.0030678592156618834,0.0,0.015682430937886238,0.0,0,1,0.9076923131942749,0.2094469155167731,13,1.661538461366525,0.004330603679178876,0.0037703227676098507,0.015682430937886238,-0.004988436121493578,0.015682430937886238,0.004988436121493578,0.007088541053235531,0.0030751072335988283,0.007088541053235531,1
3003,1,1,4,0.012468845583498478,0.012000000104308128,0.0017036590725183487,0.005404639523476362,0.0016615385294533674,0.012468845583498478,0.012000000104308128,1,4,0.9076921939849854,0.20944694064039504,13,1.661538353333106,0.0030512031219659245,0.0024181029128362615,0.0004688454791903496,4.2120543064981314e-05,0.0004688454791903496,4.2120543064981314e-05,0.006087235175073147,0.011581527069211006,0.006087235175073147,1
3003,1,1,5,0.01565856859087944,0.02999999839812517,0.004795008804649115,-0.04295879974961281,3.223808893448865e-11,0.01565856859087944,0.02999999839812517,1,3,0.007692307233810425,0.20944694064039504,13,1.661538353333106,0.005425863345040248,0.004346419461608793,0.014341429807245731,0.004795008772411026,0.014341429807245731,0.004795008772411026,0.0055723958648741245,0.012104070745408535,0.0055723958648741245,1
3003,1,2,0,0.019105015322566032,0.038999998942017555,-0.004743814002722502,0.003995028790086508,0.0020769229683881758,0.019105015322566032,0.038999998942017555,1,4,0.9076921939849854,0.20944694064039504,13,1.661538353333106,0.009986459895037181,0.00681643623007274,0.019894983619451523,-0.006820736971110677,0.019894983619451523,0.006820736971110677,0.008686639368534088,0.00596656184643507,0.008686639368534088,1
3003,1,2,1,0.018675222992897034,0.035999998450279236,-0.00035464452230371535,0.0057390774600207806,-3.223808893448865e-11,0.018675222992897034,0.035999998450279236,1,3,0.9076921939849854,0.20944694064039504,13,1.661538353333106,0.008116049494272469,0.005929458239556637,0.017324775457382202,-0.0003546444900656264,0.017324775457382202,0.0003546444900656264,0.010244610719382763,0.011526543647050858,0.010244610719382763,1
3003,1,2,3,0.019831819459795952,0.0,-0.0013434368884190917,-0.0008539790287613869,0.0,0.019831819459795952,0.0,0,1,0.9076923131942749,0.2094469155167731,13,1.661538461366525,0.005368766314792437,0.004028310616963582,0.019831819459795952,-0.0013434368884190917,0.019831819459795952,0.0013434368884190917,0.01096627302467823,0.0037295965012162924,0.01096627302467823,1
3003,1,2,4,0.01646820642054081,0.03599999938160181,-0.0007463083602488041,0.002175811445340514,0.0037384615461986768,0.01646820642054081,0.03599999938160181,1,5,0.9076921939849854,0.20944694064039504,13,1.661538353333106,0.009742060301594791,0.007089735008776188,0.019531792961061,-0.004484769906447481,0.019531792961061,0.004484769906447481,0.010612847283482552,0.007736044004559517,0.010612847283482552,1
3003,1,2,5,0.019055606797337532,0.044999998062849045,0.004136184696108103,0.02509915828704834,0.0020769230328643536,0.019055606797337532,0.044999998062849045,1,4,0.007692307233810425,0.20944694064039504,13,1.661538353333106,0.010940596911987224,0.007585672043076545,0.025944391265511513,0.002059261663243749,0.025944391265511513,0.002059261663243749,0.008426915854215622,0.0073227002285420895,0.008426915854215622,1
3003,2,0,1,0.019296890124678612,0.036000000312924385,-0.007640351075679064,-0.020340867340564728,1.2895235226850765e-10,0.019296890124678612,0.036000000312924385,1,3,0.9076921939849854,0.20944694064039504,13,1.661538353333106,0.006105927704458044,0.004627092030538609,0.016703110188245773,-0.007640351204631416,0.016703110188245773,0.007640351204631416,0.003505848115310073,0.011958826333284378,0.003505848115310073,1
3003,2,0,2,0.02521972917020321,0.02999999839812517,-0.002002612454816699,-0.020323550328612328,-0.0016615387873580786,0.02521972917020321,0.02999999839812517,1,4,0.9076921939849854,0.20944694064039504,13,1.6615383533331063,0.005763045246710683,0.004274035795707499,0.004780269227921963,-0.0003410736674586204,0.004780269227921963,0.0003410736674586204,0.007400702219456434,0.012099011801183224,0.007400702219456434,1
3003,2,0,3,0.018807686865329742,0.0,-0.0046424525789916515,-0.024309532716870308,0.0,0.018807686865329742,0.0,0,1,0.9076923131942749,0.2094469155167731,13,1.661538461366525,0.004994650356866121,0.0038704165137309534,0.018807686865329742,-0.0046424525789916515,0.018807686865329742,0.0046424525789916515,0.006785273551940918,0.013923863880336285,0.006785273551940918,1
3003,2,0,4,0.020072344690561295,0.035999998450279236,-0.001900835894048214,-0.020244773477315903,-0.008307692066981235,0.020072344690561295,0.035999998450279236,1,4,0.9076921939849854,0.20944694064039504,13,1.661538353333106,0.012866898366845467,0.011216236523644637,0.01592765375971794,0.006406856172933021,0.01592765375971794,0.006406856172933021,0.01776338554918766,0.012794421054422855,0.01776338554918766,1
3003,2,0,5,0.022481806576251984,0.02999999839812517,0.0011087548919022083,-0.020986689254641533,-6.447617439953035e-11,0.022481806576251984,0.02999999839812517,1,3,0.9076921939849854,0.20944694064039504,13,1.661538353333106,0.005329086064448122,0.003902562210589824,0.007518191821873188,0.0011087549563783827,0.007518191821873188,0.0011087549563783827,0.00669503677636385,0.01440479513257742,0.00669503677636385,1
3003,2,1,0,0.01305929385125637,0.017999999225139618,0.00516720674932003,0.0071968198753893375,8.673617379884035e-19,0.01305929385125637,0.017999999225139618,1,3,0.9076921939849854,0.20944694064039504,13,1.661538353333106,0.0030955234553171353,0.0025402973213139372,0.004940705373883247,0.005167206749320029,0.004940705373883247,0.005167206749320029,0.004124724771827459,0.007865507155656815,0.004124724771827459,1
3003,2,1,2,0.011928191408514977,0.029999999329447746,5.872997917322209e-06,0.007702771574258804,-0.001661538561691457,0.011928191408514977,0.029999999329447746,1,4,0.9076921939849854,0.20944694064039504,13,1.6615383533331063,0.005557591364092586,0.0046155711680033506,0.01807180792093277,0.0016674115596087792,0.01807180792093277,0.0016674115596087792,0.004326042253524065,0.0045773680321872234,0.004326042253524065,1
3003,2,1,3,0.009629289619624615,0.0,-0.005898505449295044,0.002168228616937995,8.673617379884035e-19,0.009629289619624615,0.0,0,1,0.9076923131942749,0.2094469155167731,13,1.661538461366525,0.002838288899183298,0.0023373972360022674,0.009629289619624615,-0.005898505449295045,0.009629289619624615,0.005898505449295045,0.007121801842004061,0.00487421452999115,0.007121801842004061,1
3003,2,1,4,0.01353660598397255,0.012000000104308128,-0.0019587890710681677,0.007814275100827217,0.0,0.01353660598397255,0.012000000104308128,1,3,0.9076921939849854,0.20944694064039504,13,1.661538353333106,0.0030719698106051775,0.0024839462547083576,0.001536605879664421,-0.0019587890710681677,0.001536605879664421,0.0019587890710681677,0.004292852710932493,0.007518423721194267,0.004292852710932493,1
3003,2,1,5,0.014537837356328964,0.029999999329447746,0.0033642221242189407,0.006085362285375595,0.0,0.014537837356328964,0.029999999329447746,1,3,0.9076921939849854,0.20944694064039504,13,1.661538353333106,0.003981247969125296,0.0030247808858399564,0.015462161973118782,0.0033642221242189407,0.015462161973118782,0.0033642221242189407,0.005468224175274372,0.009479035623371601,0.005468224175274372,1
3003,2,2,0,0.012984437867999077,0.017999999225139618,0.003421100554987788,0.004617735743522644,0.0,0.012984437867999077,0.017999999225139618,1,3,0.9076921939849854,0.20944694064039504,13,1.661538353333106,0.004533354150103379,0.0040561999552525,0.005015561357140541,0.003421100554987788,0.005015561357140541,0.003421100554987788,0.008323620073497295,0.006739593576639891,0.008323620073497295,1
3003,2,2,1,0.012203244492411613,0.035999998450279236,-0.002159352879971266,0.006756419315934181,0.0,0.012203244492411613,0.035999998450279236,1,3,0.9076921939849854,0.20944694064039504,13,1.661538353333106,0.006267018988558936,0.004835487326838561,0.023796753957867622,-0.002159352879971266,0.023796753957867622,0.002159352879971266,0.005546165630221367,0.006524678319692612,0.005546165630221367,1
3003,2,2,3,0.014794580638408661,0.0,-0.0017779940972104669,0.0020805303938686848,-3.469446951953614e-18,0.014794580638408661,0.0,0,1,0.9076923131942749,0.2094469155167731,13,1.661538461366525,0.004350913868713318,0.003700344277733176,0.014794580638408661,-0.0017779940972104634,0.014794580638408661,0.0017779940972104634,0.0047036283649504185,0.011674941517412663,0.0047036283649504185,1
3003,2,2,4,0.01122802309691906,0.036000000312924385,0.0021602942142635584,0.004082566127181053,0.0020769229522691335,0.01122802309691906,0.036000000312924385,1,4,0.9076921939849854,0.20944694064039504,13,1.661538353333106,0.009892180809975988,0.005776263112147179,0.024771977216005325,8.33712619944249e-05,0.024771977216005325,8.33712619944249e-05,0.01138615608215332,0.005496426019817591,0.01138615608215332,1
3003,2,2,5,0.014783898368477821,0.044999999925494194,0.004114564508199692,0.005836131051182747,0.0020769229522691335,0.014783898368477821,0.044999999925494194,1,4,0.9076921939849854,0.20944694064039504,13,1.661538353333106,0.011004577211792498,0.0068646037300839225,0.030216101557016373,0.0020376415559305583,0.030216101557016373,0.0020376415559305583,0.009006422013044357,0.007338568102568388,0.009006422013044357,1
3003,3,0,1,0.018212057650089264,0.035999998450279236,-0.007879202254116535,-0.019949397072196007,6.44761778689773e-11,0.018212057650089264,0.035999998450279236,1,3,0.007692307233810425,0.20944694064039504,13,1.661538353333106,0.006704062257429761,0.005464574528672766,0.017787940800189972,-0.007879202318592713,0.017787940800189972,0.007879202318592713,0.01020852942019701,0.011255260556936264,0.01020852942019701,1
3003,3,0,2,0.021267622709274292,0.029999999329447746,-0.0005812708404846489,0.005003888159990311,0.002076923016745309,0.021267622709274292,0.029999999329447746,1,4,0.9076921939849854,0.20944694064039504,13,1.6615383533331063,0.0061905831518501726,0.0051964819761952,0.008732376620173454,-0.002658193857229958,0.008732376620173454,0.002658193857229958,0.00718911224976182,0.01731141470372677,0.00718911224976182,1
3003,3,0,3,0.02133677899837494,0.0,-0.005703540053218603,-0.00046721985563635826,-4.336808689942018e-19,0.02133677899837494,0.0,0,1,0.9076923131942749,0.2094469155167731,13,1.661538461366525,0.0055727047495910415,0.0042192198738411684,0.02133677899837494,-0.005703540053218603,0.02133677899837494,0.005703540053218603,0.0046228994615375996,0.016248660162091255,0.0046228994615375996,1
3003,3,0,4,0.01739421859383583,0.03599999891594052,0.0016554599860683084,0.002017843769863248,-0.00830769197026697,0.01739421859383583,0.03599999891594052,1,4,0.9076921939849854,0.20944694064039504,13,1.661538353333106,0.012837989767779587,0.010929023782232195,0.018605780322104692,0.009963151956335278,0.018605780322104692,0.009963151956335278,0.007179711014032364,0.014104411005973816,0.007179711014032364,1
3003,3,0,5,0.022039877250790596,0.029999999329447746,0.0024787059519439936,0.003728351788595319,-6.447617743529643e-11,0.022039877250790596,0.029999999329447746,1,3,0.9076921939849854,0.20944694064039504,13,1.661538353333106,0.006598969268068917,0.005519675837878617,0.00796012207865715,0.002478706016420171,0.00796012207865715,0.002478706016420171,0.011144036427140236,0.016581984236836433,0.011144036427140236,1
3003,3,1,0,0.012718116864562035,0.01799999875947833,0.00021189055405557156,0.010827742516994476,3.223808893448865e-11,0.012718116864562035,0.01799999875947833,1,3,0.9076921939849854,0.20944694064039504,13,1.661538353333106,0.003652840737898827,0.0029841708294915024,0.005281881894916296,0.00021189052181748262,0.005281881894916296,0.00021189052181748262,0.005176713690161705,0.00657264981418848,0.005176713690161705,1
3003,3,1,2,0.01395322848111391,0.029999999329447746,-0.0030193068087100983,0.010721755214035511,0.002076923016745309,0.01395322848111391,0.029999999329447746,1,4,0.9076921939849854,0.20944694064039504,13,1.6615383533331063,0.005608860220159802,0.004297962442547435,0.016046770848333836,-0.005096229825455408,0.016046770848333836,0.005096229825455408,0.0032884329557418823,0.005102985538542271,0.0032884329557418823,1
3003,3,1,3,0.012549576349556446,0.0,-0.004931855946779251,0.005357821937650442,-4.336808689942018e-19,0.012549576349556446,0.0,0,1,0.9076923131942749,0.2094469155167731,13,1.661538461366525,0.003543988158825084,0.0029313525527002037,0.012549576349556446,-0.004931855946779251,0.012549576349556446,0.004931855946779251,0.007239014841616154,0.0060407426208257675,0.007239014841616154,1
3003,3,1,4,0.011876316741108894,0.012000000569969416,-0.00153153610881418,0.011364753358066082,-3.223808893448865e-11,0.011876316741108894,0.012000000569969416,1,3,0.9076921939849854,0.20944694064039504,13,1.661538353333106,0.003328031100141983,0.0028815655776205855,0.00012368382886052132,-0.001531536076576091,0.00012368382886052132,0.001531536076576091,0.006773448083549738,0.006215352565050125,0.006773448083549738,1
3003,3,1,5,0.01557144708931446,0.029999999329447746,6.3586048781871796e-06,0.00982403103262186,-6.447617743529643e-11,0.01557144708931446,0.029999999329447746,1,3,0.9076921939849854,0.20944694064039504,13,1.661538353333106,0.004478813984290593,0.003388812671795752,0.014428552240133286,6.358669354364615e-06,0.014428552240133286,6.358669354364615e-06,0.005663212388753891,0.0073905764147639275,0.005663212388753891,1
3003,3,2,0,0.02333960123360157,0.03899999661371112,0.00586185185238719,0.0032730160746723413,0.002076923113459573,0.02333960123360157,0.03899999661371112,1,4,0.9076921939849854,0.20944694064039504,13,1.661538353333106,0.009484292855359292,0.006811979849486662,0.01566039538010955,0.003784928738927617,0.01566039538010955,0.003784928738927617,0.008747856132686138,0.006198863498866558,0.008747856132686138,1
3003,3,2,1,0.014947966672480106,0.036000000312924385,0.003015003399923444,-0.05692816153168678,-1.2895235226850765e-10,0.014947966672480106,0.036000000312924385,1,3,0.007692307233810425,0.20944694064039504,13,1.661538353333106,0.007492696640506257,0.005564693901577645,0.02105203364044428,0.003015003528875796,0.02105203364044428,0.003015003528875796,0.007817668840289116,0.008402176201343536,0.007817668840289116,1
3003,3,2,3,0.02276429533958435,0.0,-0.0005242659826762974,0.001235764124430716,0.0,0.02276429533958435,0.0,0,1,0.9076923131942749,0.2094469155167731,13,1.661538461366525,0.0056980121980863135,0.004068819640656194,0.02276429533958435,-0.0005242659826762974,0.02276429533958435,0.0005242659826762974,0.007883423939347267,0.005029738415032625,0.007883423939347267,1
3003,3,2,4,0.015188543125987053,0.03599999798461795,0.007228439208120108,0.002504277043044567,0.002076922984507217,0.015188543125987053,0.03599999798461795,1,4,0.9076921939849854,0.20944694064039504,13,1.661538353333106,0.0082872957248417,0.006509177381249927,0.020811454858630896,0.0051515162236128904,0.020811454858630896,0.0051515162236128904,0.009556765668094158,0.006999109871685505,0.009556765668094158,1
3003,3,2,5,0.018839899450540543,0.02999999839812517,-0.00019342948507983238,0.003573278896510601,6.44761778689773e-11,0.018839899450540543,0.02999999839812517,1,3,0.9076921939849854,0.20944694064039504,13,1.661538353333106,0.006935037990947289,0.005140968174094984,0.011160098947584629,-0.00019342954955601024,0.011160098947584629,0.00019342954955601024,0.00970448274165392,0.0037215249612927437,0.00970448274165392,1
3003,4,0,1,0.025059370324015617,0.035999998450279236,-0.004334473516792059,0.041390761733055115,0.0,0.025059370324015617,0.035999998450279236,1,3,0.9076921939849854,0.20944694064039504,13,1.661538353333106,0.006278743086269675,0.00487951778933494,0.010940628126263618,-0.004334473516792059,0.010940628126263618,0.004334473516792059,0.005570048000663519,0.006094455718994141,0.005570048000663519,1
3003,4,0,2,0.023087861016392708,0.044999998062849045,-0.0003180386556778103,0.03862981125712395,0.00415384571110973,0.023087861016392708,0.044999998062849045,1,5,0.9076921939849854,0.20944694064039504,13,1.6615383533331063,0.01066160007393354,0.006976009093048658,0.021912137046456337,-0.00447188436678754,0.021912137046456337,0.00447188436678754,0.006053818389773369,0.006943886633962393,0.006053818389773369,1
3003,4,0,3,0.02052517980337143,0.0,-0.007482511457055807,-0.24816042184829712,0.0,0.02052517980337143,0.0,0,1,0.007692308165132999,0.2094469155167731,13,1.661538461366525,0.005188832761807481,0.003941825560718423,0.02052517980337143,-0.007482511457055807,0.02052517980337143,0.007482511457055807,0.008707855828106403,0.00872205849736929,0.008707855828106403,1
3003,4,0,4,0.022013196721673012,0.03599999891594052,-0.007597016636282206,-0.23070281744003296,-0.00830769197026697,0.022013196721673012,0.03599999891594052,1,4,0.007692307233810425,0.20944694064039504,13,1.661538353333106,0.012619041277281268,0.010356909242739689,0.013986802194267511,0.0007106753339847643,0.013986802194267511,0.0007106753339847643,0.008017191663384438,0.014919845387339592,0.008017191663384438,1
3003,4,0,5,0.024313339963555336,0.030000001192092896,0.0043666549026966095,0.039974868297576904,0.0,0.024313339963555336,0.030000001192092896,1,3,0.9076921939849854,0.20944694064039504,13,1.661538353333106,0.005788295167264283,0.004496174730834436,0.0056866612285375595,0.0043666549026966095,0.0056866612285375595,0.0043666549026966095,0.014244531281292439,0.007197556085884571,0.014244531281292439,1
3003,4,1,0,0.019853364676237106,0.01799999875947833,0.0013135370099917054,0.02260759472846985,-3.223808850080778e-11,0.019853364676237106,0.01799999875947833,1,3,0.9076921939849854,0.20944694064039504,13,1.661538353333106,0.002575879359068687,0.0019997532848687566,0.0018533659167587757,0.001313537042229794,0.0018533659167587757,0.001313537042229794,0.0053135911002755165,0.009429866448044777,0.0053135911002755165,1
3003,4,1,2,0.01575842685997486,0.029999999329447746,-0.002889413619413972,0.022177867591381073,0.0020769230167453087,0.01575842685997486,0.029999999329447746,1,4,0.9076921939849854,0.20944694064039504,13,1.6615383533331063,0.0038904453858584955,0.0031647112209504174,0.014241572469472885,-0.004966336636159281,0.014241572469472885,0.004966336636159281,0.00349967903457582,0.005102960392832756,0.00349967903457582,1
3003,4,1,3,0.01983245089650154,0.0,-0.009808902628719807,-0.15489941835403442,4.336808689942018e-19,0.01983245089650154,0.0,0,1,0.007692308165132999,0.2094469155167731,13,1.661538461366525,0.0050775914633415225,0.004232240653425984,0.01983245089650154,-0.009808902628719807,0.01983245089650154,0.009808902628719807,0.005603259429335594,0.007104303687810898,0.005603259429335594,1
3003,4,1,4,0.0174125786870718,0.012000000569969416,-0.0021928350906819105,-0.14864665269851685,3.223808893448865e-11,0.0174125786870718,0.012000000569969416,1,3,0.007692307233810425,0.20944694064039504,13,1.661538353333106,0.0027006441281490047,0.0020550344932890505,0.005412578117102385,-0.0021928351229199994,0.005412578117102385,0.0021928351229199994,0.00690460903570056,0.008450970984995365,0.00690460903570056,1
3003,4,1,5,0.02193821221590042,0.029999999329447746,0.0010873310966417193,0.020097652450203896,6.44761778689773e-11,0.02193821221590042,0.029999999329447746,1,3,0.9076921939849854,0.20944694064039504,13,1.661538353333106,0.0030241234103941437,0.0021883243937375987,0.008061787113547325,0.0010873310321655415,0.008061787113547325,0.0010873310321655415,0.007775902282446623,0.01106736995279789,0.007775902282446623,1
3003,4,2,0,0.02094329707324505,0.03899999661371112,0.009105679579079151,0.003504328429698944,0.002076923113459573,0.02094329707324505,0.03899999661371112,1,4,0.9076921939849854,0.20944694064039504,13,1.661538353333106,0.009439443053333196,0.007129224039305598,0.01805669954046607,0.007028756465619578,0.01805669954046607,0.007028756465619578,0.00493024243041873,0.005246776156127453,0.00493024243041873,1
3003,4,2,1,0.0205670315772295,0.036000000312924385,0.005919365677982569,0.003684094175696373,-1.2895235226850765e-10,0.0205670315772295,0.036000000312924385,1,3,0.9076921939849854,0.20944694064039504,13,1.661538353333106,0.008234275579567145,0.006841455768110484,0.015432968735694885,0.005919365806934921,0.015432968735694885,0.005919365806934921,0.005580823868513107,0.004486548714339733,0.005580823868513107,1
3003,4,2,3,0.024063391610980034,0.0,0.002099151723086834,-0.01346482615917921,0.0,0.024063391610980034,0.0,0,1,0.007692308165132999,0.2094469155167731,13,1.661538461366525,0.006544130524742859,0.0050997328586303275,0.024063391610980034,0.002099151723086834,0.024063391610980034,0.002099151723086834,0.006432835012674332,0.00563063845038414,0.006432835012674332,1
3003,4,2,4,0.017742611467838287,0.03599999798461795,0.002945823362097144,-0.030155034735798836,0.002076922984507217,0.017742611467838287,0.03599999798461795,1,4,0.007692307233810425,0.20944694064039504,13,1.661538353333106,0.008704950519579532,0.007526590687239311,0.01825738651677966,0.0008689003775899269,0.01825738651677966,0.0008689003775899269,0.004281730391085148,0.011572754941880703,0.004281730391085148,1
3003,4,2,5,0.021033694967627525,0.02999999839812517,0.0016491399146616459,0.0035695272963494062,6.44761778689773e-11,0.021033694967627525,0.02999999839812517,1,3,0.9076921939849854,0.20944694064039504,13,1.661538353333106,0.0075106745412709935,0.0063503254866282615,0.008966303430497646,0.001649139850185468,0.008966303430497646,0.001649139850185468,0.009637696668505669,0.004837789107114077,0.009637696668505669,1
3003,5,0,1,0.03297494351863861,0.03599999099969864,0.0038356257136911154,-0.07231997698545456,-5.158094229518184e-10,0.03297494351863861,0.03599999099969864,1,3,0.9076921939849854,0.20944694064039504,13,1.661538353333106,0.008206216152660904,0.00671656198314661,0.003025047481060028,0.0038356262295005383,0.003025047481060028,0.0038356262295005383,0.004074289463460445,0.007469892967492342,0.004074289463460445,1
3003,5,0,2,0.022159764543175697,0.030000001192092896,-0.007552772294729948,-0.07808166742324829,-0.0020769210824599788,0.022159764543175697,0.030000001192092896,1,4,0.9076921939849854,0.20944694064039504,13,1.6615383533331063,0.006413687222504779,0.005313327128188851,0.007840236648917198,-0.005475851212269969,0.007840236648917198,0.005475851212269969,0.010834332555532455,0.010331587865948677,0.010834332555532455,1
3003,5,0,3,0.020454049110412598,0.0,-0.00905656535178423,-0.0882936492562294,0.0,0.020454049110412598,0.0,0,1,0.9076923131942749,0.2094469155167731,13,1.661538461366525,0.007545142787366128,0.0068831038743962895,0.020454049110412598,-0.00905656535178423,0.020454049110412598,0.00905656535178423,0.008515922352671623,0.006831061560660601,0.008515922352671623,1
3003,5,0,4,0.021797994151711464,0.035999998450279236,-0.0019179750233888626,-0.0778644010424614,-0.024923077748371977,0.021797994151711464,0.035999998450279236,1,4,0.9076921939849854,0.20944694064039504,13,1.661538353333106,0.009795297546223129,0.007378187184855781,0.014202004298567772,0.023005102724983115,0.014202004298567772,0.023005102724983115,0.011335525661706924,0.01332125160843134,0.011335525661706924,1
3003,5,0,5,0.0310573261231184,0.030000001192092896,-0.004631776828318834,-0.0737912654876709,0.0,0.0310573261231184,0.030000001192092896,1,3,0.9076921939849854,0.20944694064039504,13,1.661538353333106,0.008059743734570878,0.006510782325585214,0.001057324931025505,-0.004631776828318834,0.001057324931025505,0.004631776828318834,0.01221459824591875,0.007451519835740328,0.01221459824591875,1
3003,5,1,0,0.024262655526399612,0.017999999225139618,-0.002317204372957349,-0.004895626101642847,6.938893903907228e-18,0.024262655526399612,0.017999999225139618,1,3,0.9076921939849854,0.20944694064039504,13,1.661538353333106,0.0033283720681395418,0.0025906837903536283,0.0062626563012599945,-0.0023172043729573558,0.0062626563012599945,0.0023172043729573558,0.005396377295255661,0.011018230579793453,0.005396377295255661,1
3003,5,1,2,0.018316814675927162,0.030000001192092896,-0.00247115152888,-0.0056291669607162476,-0.0020769241773165095,0.018316814675927162,0.030000001192092896,1,4,0.9076921939849854,0.20944694064039504,13,1.6615383533331063,0.003888903661317378,0.0030057414175843344,0.011683186516165733,-0.0003942273515634906,0.011683186516165733,0.0003942273515634906,0.0041964356787502766,0.004090800881385803,0.0041964356787502766,1
3003,5,1,3,0.019986331462860107,0.0,-0.011427558958530426,-0.013252218253910542,0.0,0.019986331462860107,0.0,0,1,0.9076923131942749,0.2094469155167731,13,1.661538461366525,0.005068076449315015,0.003787651426605219,0.019986331462860107,-0.011427558958530426,0.019986331462860107,0.011427558958530426,0.006990666501224041,0.007486362010240555,0.006990666501224041,1
3003,5,1,4,0.02283666282892227,0.012000001966953278,0.007514489348977804,-0.006009016185998917,0.0,0.02283666282892227,0.012000001966953278,1,3,0.9076921939849854,0.20944694064039504,13,1.661538353333106,0.0039027202649936444,0.0030781173053577807,0.010836660861968994,0.007514489348977804,0.010836660861968994,0.007514489348977804,0.007593642454594374,0.008856839500367641,0.007593642454594374,1
3003,5,1,5,0.024193383753299713,0.044999999925494194,0.0008422497776336968,-0.008570313453674316,-0.024923076974657843,0.024193383753299713,0.044999999925494194,1,4,0.9076921939849854,0.20944694064039504,13,1.661538353333106,0.008822123308506076,0.0053709712562829085,0.02080661617219448,0.02576532675229154,0.02080661617219448,0.02576532675229154,0.005879051052033901,0.008533038198947906,0.005879051052033901,1
3003,5,2,0,0.017104580998420715,0.038999998942017555,0.0045744203962385654,0.00040205373079515994,0.002076923016745308,0.017104580998420715,0.038999998942017555,1,4,0.9076921939849854,0.20944694064039504,13,1.661538353333106,0.009173846407039998,0.0079721967254341,0.02189541794359684,0.0024974973794932576,0.02189541794359684,0.0024974973794932576,0.005418617278337479,0.009773404337465763,0.005418617278337479,1
3003,5,2,1,0.019322823733091354,0.035999998450279236,0.005385668482631445,0.001192130264826119,0.0,0.019322823733091354,0.035999998450279236,1,3,0.9076921939849854,0.20944694064039504,13,1.661538353333106,0.007924464172136044,0.006881483373116459,0.01667717471718788,0.005385668482631445,0.01667717471718788,0.005385668482631445,0.006303673144429922,0.0034905553329735994,0.006303673144429922,1
3003,5,2,3,0.020892277359962463,0.0,0.0014989045448601246,-0.0032995569054037333,-3.469446951953614e-18,0.020892277359962463,0.0,0,1,0.9076923131942749,0.2094469155167731,13,1.661538461366525,0.005992286081038499,0.00496842786008437,0.020892277359962463,0.001498904544860128,0.020892277359962463,0.001498904544860128,0.007104957941919565,0.005982271861284971,0.007104957941919565,1
3003,5,2,4,0.018441475927829742,0.012000001035630703,0.0006530201062560081,0.0009601755882613361,-6.44761778689773e-11,0.018441475927829742,0.012000001035630703,1,3,0.9076921939849854,0.20944694064039504,13,1.661538353333106,0.006595638376806361,0.006164897552873256,0.0064414748921990395,0.000653020170732186,0.0064414748921990395,0.000653020170732186,0.008596697822213173,0.009886536747217178,0.008596697822213173,1
3003,5,2,5,0.020338529720902443,0.03000000026077032,-0.003051628591492772,0.0012566153891384602,-6.44761778689773e-11,0.020338529720902443,0.03000000026077032,1,3,0.9076921939849854,0.20944694064039504,13,1.661538353333106,0.007388490847258,0.006609412119586087,0.009661470539867878,-0.0030516285270165942,0.009661470539867878,0.0030516285270165942,0.009334343485534191,0.0045593418180942535,0.009334343485534191,1
3003,6,0,1,0.025188354775309563,0.035999998450279236,-0.0032025258988142014,0.016437789425253868,6.44761778689773e-11,0.025188354775309563,0.035999998450279236,1,3,0.9076921939849854,0.20944694064039504,13,1.661538353333106,0.006170884446639274,0.0049378133169513125,0.010811643674969673,-0.0032025259632903792,0.010811643674969673,0.0032025259632903792,0.005094544030725956,0.0076898569241166115,0.005094544030725956,1
3003,6,0,2,0.022644180804491043,0.029999999329447746,0.0003464319743216038,0.012237746268510818,0.002076923016745309,0.022644180804491043,0.029999999329447746,1,4,0.9076921939849854,0.20944694064039504,13,1.6615383533331063,0.005264501098509856,0.004217440918220218,0.007355818524956703,-0.0017304910424237054,0.007355818524956703,0.0017304910424237054,0.006062662228941917,0.009002989158034325,0.006062662228941917,1
3003,6,0,3,0.02039121836423874,0.0,-0.007727162446826696,0.007161919493228197,-4.336808689942018e-19,0.02039121836423874,0.0,0,1,0.9076923131942749,0.2094469155167731,13,1.661538461366525,0.005159770246064175,0.0041313291149842135,0.02039121836423874,-0.007727162446826696,0.02039121836423874,0.007727162446826696,0.007743264082819223,0.009170076809823513,0.007743264082819223,1
3003,6,0,4,0.02088458463549614,0.03599999891594052,-0.007425724994391203,0.012373034842312336,-0.00830769197026697,0.02088458463549614,0.03599999891594052,1,4,0.9076921939849854,0.20944694064039504,13,1.661538353333106,0.013282765820278965,0.010922036208102162,0.015115414280444384,0.000881966975875767,0.015115414280444384,0.000881966975875767,0.008751469664275646,0.016151906922459602,0.008751469664275646,1
3003,6,0,5,0.02494886890053749,0.029999999329447746,-0.003701818408444524,0.016188576817512512,-6.447617743529643e-11,0.02494886890053749,0.029999999329447746,1,3,0.9076921939849854,0.20944694064039504,13,1.661538353333106,0.005917909843743978,0.004710227355757761,0.005051130428910255,-0.0037018183439683464,0.005051130428910255,0.0037018183439683464,0.0045610093511641026,0.007585827261209488,0.0045610093511641026,1
3003,6,1,0,0.021671732887625694,0.017999999225139618,0.001263403333723545,-0.0007143585826270282,0.0,0.021671732887625694,0.017999999225139618,1,3,0.9076921939849854,0.20944694064039504,13,1.661538353333106,0.003210527204198271,0.002686954770215164,0.0036717336624860764,0.001263403333723545,0.0036717336624860764,0.001263403333723545,0.0050382292829453945,0.009109403006732464,0.0050382292829453945,1
3003,6,1,2,0.017558101564645767,0.030000001192092896,-0.002898167120292783,-0.0011476604267954826,0.0020769241773165165,0.017558101564645767,0.030000001192092896,1,4,0.9076921939849854,0.20944694064039504,13,1.6615383533331063,0.003934053492180176,0.003243783830538304,0.012441899627447128,-0.004975091297609299,0.012441899627447128,0.004975091297609299,0.0035124681890010834,0.005417502950876951,0.0035124681890010834,1
3003,6,1,3,0.021530576050281525,0.0,-0.010879166424274445,-0.0082947863265872,0.0,0.021530576050281525,0.0,0,1,0.9076923131942749,0.2094469155167731,13,1.661538461366525,0.005339820936757864,0.004250714478231747,0.021530576050281525,-0.010879166424274445,0.021530576050281525,0.010879166424274445,0.00578080490231514,0.0069134291261434555,0.00578080490231514,1
3003,6,1,4,0.019673625007271767,0.012000001966953278,-0.0026336528826504946,-0.00032592020579613745,0.0,0.019673625007271767,0.012000001966953278,1,3,0.9076921939849854,0.20944694064039504,13,1.661538353333106,0.0033804163566651343,0.002824602946198198,0.007673623040318489,-0.0026336528826504946,0.007673623040318489,0.0026336528826504946,0.00739466305822134,0.008792060427367687,0.00739466305822134,1
3003,6,1,5,0.02227226085960865,0.04499999945983291,-0.004460842348635197,-0.003973744809627533,-0.006230768953521659,0.02227226085960865,0.04499999945983291,1,4,0.9076921939849854,0.20944694064039504,13,1.661538353333106,0.011919081947828385,0.009787893694268881,0.022727738600224257,0.0017699266048864619,0.022727738600224257,0.0017699266048864619,0.006612271070480347,0.01140706054866314,0.006612271070480347,1
3003,6,2,0,0.020940987393260002,0.03899999661371112,0.009466786868870258,0.004939791280776262,0.002076923113459573,0.020940987393260002,0.03899999661371112,1,4,0.9076921939849854,0.20944694064039504,13,1.661538353333106,0.009372518847859735,0.007056902427248348,0.018059009220451117,0.007389863755410685,0.018059009220451117,0.007389863755410685,0.0036551894154399633,0.006244550924748182,0.0036551894154399633,1
3003,6,2,1,0.019502049311995506,0.036000000312924385,0.006294692400842905,0.005502723157405853,-1.2895235226850765e-10,0.019502049311995506,0.036000000312924385,1,3,0.9076921939849854,0.20944694064039504,13,1.661538353333106,0.008020701663062848,0.006551286128498394,0.01649795100092888,0.006294692529795257,0.01649795100092888,0.006294692529795257,0.005044226534664631,0.0035312273539602757,0.005044226534664631,1
3003,6,2,3,0.0234389491379261,0.0,0.0019364157924428582,0.002202202333137393,0.0,0.0234389491379261,0.0,0,1,0.9076923131942749,0.2094469155167731,13,1.661538461366525,0.006209720204660491,0.004937144745824605,0.0234389491379261,0.0019364157924428582,0.0234389491379261,0.0019364157924428582,0.00572909414768219,0.004403038416057825,0.00572909414768219,1
3003,6,2,4,0.017913561314344406,0.03599999798461795,0.0025348349008709192,0.0046831355430185795,0.002076922984507217,0.017913561314344406,0.03599999798461795,1,4,0.9076921939849854,0.20944694064039504,13,1.661538353333106,0.008566503102498211,0.0074804101811622725,0.018086436670273542,0.000457911916363702,0.018086436670273542,0.000457911916363702,0.0044717625714838505,0.01151211652904749,0.0044717625714838505,1
3003,6,2,5,0.01971367746591568,0.02999999839812517,0.006170412991195917,0.005424518138170242,6.44761778689773e-11,0.01971367746591568,0.02999999839812517,1,3,0.9076921939849854,0.20944694064039504,13,1.661538353333106,0.007347674884810091,0.0062785629161010836,0.010286320932209492,0.006170412926719739,0.010286320932209492,0.006170412926719739,0.004495950881391764,0.004357054363936186,0.004495950881391764,1
3003,7,0,1,0.06407937407493591,0.03599999099969864,-0.019712433218955994,0.18773896992206573,-5.158094229518184e-10,0.06407937407493591,0.03599999099969864,1,3,0.007692307233810425,0.20944694064039504,13,1.661538353333106,0.019444793553825702,0.017407925347604693,0.028079383075237274,-0.01971243270314657,0.028079383075237274,0.01971243270314657,0.010900705121457577,0.01364899706095457,0.010900705121457577,1
3003,7,0,2,0.05345945805311203,0.030000001192092896,-0.024106403812766075,-0.030694352462887764,-0.0020769210824599788,0.05345945805311203,0.030000001192092896,1,4,0.9076921939849854,0.20944694064039504,13,1.6615383533331063,0.015788475674386196,0.013462669574297391,0.023459456861019135,-0.022029482730306096,0.023459456861019135,0.022029482730306096,0.00777121027931571,0.01651396043598652,0.00777121027931571,1
3003,7,0,3,0.07370339334011078,0.0,-0.03452429175376892,-0.03851104527711868,0.0,0.07370339334011078,0.0,0,1,0.9076923131942749,0.2094469155167731,13,1.661538461366525,0.020774806960108465,0.017155480014501942,0.07370339334011078,-0.03452429175376892,0.07370339334011078,0.03452429175376892,0.017217421904206276,0.015028368681669235,0.017217421904206276,1
3003,7,0,4,0.05335143953561783,0.035999998450279236,-0.026958027854561806,-0.030728718265891075,-0.008307692582790668,0.05335143953561783,0.035999998450279236,1,4,0.9076921939849854,0.20944694064039504,13,1.661538353333106,0.017439470237751328,0.014309698925215813,0.017351441085338593,-0.018650335271771137,0.017351441085338593,0.018650335271771137,0.006503270473331213,0.018488777801394463,0.006503270473331213,1
3003,7,0,5,0.0648435428738594,0.030000001192092896,-0.02203965187072754,-0.02204126864671707,0.0,0.0648435428738594,0.030000001192092896,1,3,0.9076921939849854,0.20944694064039504,13,1.661538353333106,0.020203050884997124,0.01815291639615798,0.03484354168176651,-0.02203965187072754,0.03484354168176651,0.02203965187072754,0.011532950215041637,0.013225588947534561,0.011532950215041637,1
3003,7,1,0,0.01895543374121189,0.017999999225139618,0.0008522796561010182,0.02009189873933792,0.0,0.01895543374121189,0.017999999225139618,1,3,0.9076921939849854,0.20944694064039504,13,1.661538353333106,0.0035307900173514035,0.0029019032709697292,0.0009554345160722733,0.0008522796561010182,0.0009554345160722733,0.0008522796561010182,0.006272970698773861,0.01040466595441103,0.006272970698773861,1
3003,7,1,2,0.016908351331949234,0.029999999329447746,-0.0045132203958928585,0.019575180485844612,-0.002076923081221487,0.016908351331949234,0.029999999329447746,1,4,0.9076921939849854,0.20944694064039504,13,1.6615383533331063,0.004618268951288201,0.003236789790880398,0.013091647997498512,-0.0024362973146713715,0.013091647997498512,0.0024362973146713715,0.004063047934323549,0.009046982042491436,0.004063047934323549,1
3003,7,1,3,0.019308926537632942,0.0,-0.010247795842587948,0.014441200532019138,0.0,0.019308926537632942,0.0,0,1,0.9076923131942749,0.2094469155167731,13,1.661538461366525,0.005395781964000598,0.004569723116531527,0.019308926537632942,-0.010247795842587948,0.019308926537632942,0.010247795842587948,0.00902942568063736,0.0024306359700858593,0.00902942568063736,1
3003,7,1,4,0.019492899999022484,0.012000000104308128,-0.0014351540012285113,0.02006056159734726,0.0,0.019492899999022484,0.012000000104308128,1,3,0.9076921939849854,0.20944694064039504,13,1.661538353333106,0.003918505955163103,0.0031255025791345967,0.0074928998947143555,-0.0014351540012285113,0.0074928998947143555,0.0014351540012285113,0.004759468603879213,0.009364310652017593,0.004759468603879213,1
3003,7,1,5,0.018826883286237717,0.04499999899417162,-0.002273731864988804,0.017869917675852776,0.0020769230167453096,0.018826883286237717,0.04499999899417162,1,4,0.9076921939849854,0.20944694064039504,13,1.661538353333106,0.009876245624288264,0.005830728608740152,0.026173115707933903,-0.0043506548817341135,0.026173115707933903,0.0043506548817341135,0.006728463806211948,0.006081420928239822,0.006728463806211948,1
3003,7,2,0,0.0148753821849823,0.038999998942017555,0.003272106871008873,0.0044525801204144955,0.002076923016745308,0.0148753821849823,0.038999998942017555,1,4,0.9076921939849854,0.20944694064039504,13,1.661538353333106,0.009056838708708333,0.0072526871254281885,0.024124616757035255,0.001195183854263565,0.024124616757035255,0.001195183854263565,0.003776322351768613,0.007235999684780836,0.003776322351768613,1
3003,7,2,1,0.017019644379615784,0.035999998450279236,0.004727389197796583,-0.06313808262348175,0.0,0.017019644379615784,0.035999998450279236,1,3,0.007692307233810425,0.20944694064039504,13,1.661538353333106,0.007001507745986511,0.005720943339257198,0.018980354070663452,0.004727389197796583,0.018980354070663452,0.004727389197796583,0.007652491331100464,0.004100615158677101,0.007652491331100464,1
3003,7,2,3,0.017540279775857925,0.0,-0.0011259629391133785,0.0006688923458568752,-3.469446951953614e-18,0.017540279775857925,0.0,0,1,0.9076923131942749,0.2094469155167731,13,1.661538461366525,0.005178647743039105,0.00410258581520185,0.017540279775857925,-0.001125962939113375,0.017540279775857925,0.001125962939113375,0.006513798143714666,0.006753586232662201,0.006513798143714666,1
3003,7,2,4,0.01707814447581768,0.036000000312924385,0.007185759488493204,0.004077622666954994,0.0020769229522691335,0.01707814447581768,0.036000000312924385,1,4,0.9076921939849854,0.20944694064039504,13,1.661538353333106,0.010003473701904018,0.00714188620183595,0.018921855837106705,0.005108836536224071,0.018921855837106705,0.005108836536224071,0.004036968108266592,0.006923477165400982,0.004036968108266592,1
3003,7,2,5,0.017234284430742264,0.03000000026077032,0.004512108396738768,0.005235884338617325,-6.44761778689773e-11,0.017234284430742264,0.03000000026077032,1,3,0.9076921939849854,0.20944694064039504,13,1.661538353333106,0.0062586465267959,0.005358474632207105,0.012765715830028057,0.0045121084612149455,0.012765715830028057,0.0045121084612149455,0.006968468893319368,0.005734075326472521,0.006968468893319368,1
3003,8,0,1,0.06442932784557343,0.03599999099969864,-0.020013408735394478,-0.022746214643120766,-5.158094229518184e-10,0.06442932784557343,0.03599999099969864,1,3,0.9076921939849854,0.20944694064039504,13,1.661538353333106,0.019577329344106498,0.017540747773717846,0.028429336845874786,-0.020013408219585055,0.028429336845874786,0.020013408219585055,0.011108043603599072,0.013490411452949047,0.011108043603599072,1
3003,8,0,2,0.05294279009103775,0.030000001192092896,-0.022575849667191505,-0.03218652307987213,-0.0020769210824599788,0.05294279009103775,0.030000001192092896,1,4,0.9076921939849854,0.20944694064039504,13,1.6615383533331063,0.015393253541664943,0.013139792183447168,0.022942788898944855,-0.020498928584731527,0.022942788898944855,0.020498928584731527,0.009416120126843452,0.017901958897709846,0.009416120126843452,1
3003,8,0,3,0.07403507828712463,0.0,-0.035305898636579514,-0.039776626974344254,0.0,0.07403507828712463,0.0,0,1,0.9076923131942749,0.2094469155167731,13,1.661538461366525,0.02068174199235109,0.016856890370154524,0.07403507828712463,-0.035305898636579514,0.07403507828712463,0.035305898636579514,0.017095103859901428,0.014825142920017242,0.017095103859901428,1
3003,8,0,4,0.0523778572678566,0.035999998450279236,-0.026171498000621796,-0.032342784106731415,-0.008307692582790668,0.0523778572678566,0.035999998450279236,1,4,0.9076921939849854,0.20944694064039504,13,1.661538353333106,0.01702798452177077,0.013952320011762472,0.016377858817577362,-0.017863805417831127,0.016377858817577362,0.017863805417831127,0.00625753216445446,0.018683720380067825,0.00625753216445446,1
3003,8,0,5,0.06518857181072235,0.030000001192092896,-0.02081882394850254,-0.023240478709340096,0.0,0.06518857181072235,0.030000001192092896,1,3,0.9076921939849854,0.20944694064039504,13,1.661538353333106,0.019916567943814037,0.017904436711728925,0.035188570618629456,-0.02081882394850254,0.035188570618629456,0.02081882394850254,0.011296700686216354,0.013529643416404724,0.011296700686216354,1
3003,8,1,0,0.022908415645360947,0.017999999225139618,-0.0019173616310581565,-0.0036485434975475073,6.938893903907228e-18,0.022908415645360947,0.017999999225139618,1,3,0.9076921939849854,0.20944694064039504,13,1.661538353333106,0.0035075772935971253,0.0027647597726280166,0.004908416420221329,-0.0019173616310581634,0.004908416420221329,0.0019173616310581634,0.004156032577157021,0.010392510332167149,0.004156032577157021,1
3003,8,1,2,0.018803764134645462,0.030000001192092896,-0.0019333161180838943,-0.0044366284273564816,-0.0020769241773165095,0.018803764134645462,0.030000001192092896,1,4,0.9076921939849854,0.20944694064039504,13,1.6615383533331063,0.004449305098364595,0.003418600418158537,0.011196237057447433,0.00014360805923261527,0.011196237057447433,0.00014360805923261527,0.004682142287492752,0.006091678980737925,0.004682142287492752,1
3003,8,1,3,0.021402377635240555,0.0,-0.011483296751976013,-0.011936061084270477,0.0,0.021402377635240555,0.0,0,1,0.9076923131942749,0.2094469155167731,13,1.661538461366525,0.005172005848522885,0.003701543898360263,0.021402377635240555,-0.011483296751976013,0.021402377635240555,0.011483296751976013,0.007751069962978363,0.005316985305398703,0.007751069962978363,1
3003,8,1,4,0.021945204585790634,0.012000001966953278,-0.0011437581852078438,-0.0038699686992913485,0.0,0.021945204585790634,0.012000001966953278,1,3,0.9076921939849854,0.20944694064039504,13,1.661538353333106,0.003930832247462044,0.003064050256500583,0.009945202618837357,-0.0011437581852078438,0.009945202618837357,0.0011437581852078438,0.0025117723271250725,0.009894726797938347,0.0025117723271250725,1
3003,8,1,5,0.023608259856700897,0.04500000085681677,-0.002152565633878112,-0.007165183778852224,-0.006230769243664471,0.023608259856700897,0.04500000085681677,1,4,0.9076921939849854,0.20944694064039504,13,1.661538353333106,0.01141949488494013,0.00939955200845673,0.02139174100011587,0.004078203609786359,0.02139174100011587,0.004078203609786359,0.006865132134407759,0.008174829185009003,0.006865132134407759,1
3003,8,2,0,0.015814851969480515,0.038999998942017555,0.002373037626966834,0.004379395395517349,0.002076923016745308,0.015814851969480515,0.038999998942017555,1,4,0.9076921939849854,0.20944694064039504,13,1.661538353333106,0.00915032419580491,0.007321955151194651,0.02318514697253704,0.0002961146102215262,0.02318514697253704,0.0002961146102215262,0.003643940668553114,0.007079549599438906,0.003643940668553114,1
3003,8,2,1,0.017173686996102333,0.035999998450279236,0.0047096130438148975,0.005290020257234573,0.0,0.017173686996102333,0.035999998450279236,1,3,0.9076921939849854,0.20944694064039504,13,1.661538353333106,0.006961385292882244,0.00571673414697485,0.018826311454176903,0.0047096130438148975,0.018826311454176903,0.0047096130438148975,0.007640853989869356,0.0041405861265957355,0.007640853989869356,1
3003,8,2,3,0.018248558044433594,0.0,-0.0014839317882433534,0.000534116814378649,-3.469446951953614e-18,0.018248558044433594,0.0,0,1,0.9076923131942749,0.2094469155167731,13,1.661538461366525,0.0052434544258181575,0.004287433187813448,0.018248558044433594,-0.00148393178824335,0.018248558044433594,0.00148393178824335,0.0064653255976736546,0.006118833087384701,0.0064653255976736546,1
3003,8,2,4,0.017509523779153824,0.036000000312924385,0.0075794062577188015,0.003926268313080072,0.0020769229522691335,0.017509523779153824,0.036000000312924385,1,4,0.9076921939849854,0.20944694064039504,13,1.661538353333106,0.010010288887421207,0.0071425401996931355,0.01849047653377056,0.005502483305449668,0.01849047653377056,0.005502483305449668,0.003974248189479113,0.006705316249281168,0.003974248189479113,1
3003,8,2,5,0.018004093319177628,0.03000000026077032,0.004473106469959021,0.005267089698463678,-6.44761778689773e-11,0.018004093319177628,0.03000000026077032,1,3,0.9076921939849854,0.20944694064039504,13,1.661538353333106,0.006227562071620524,0.005221920931083564,0.011995906941592693,0.0044731065344351985,0.011995906941592693,0.0044731065344351985,0.0072439806535840034,0.004279579967260361,0.0072439806535840034,1
3003,9,0,1,0.02721615508198738,0.035999998450279236,-0.004031203221529722,0.02939445525407791,6.44761778689773e-11,0.02721615508198738,0.035999998450279236,1,3,0.9076921939849854,0.20944694064039504,13,1.661538353333106,0.00627748390343671,0.005482041828069813,0.008783843368291855,-0.0040312032860059,0.008783843368291855,0.0040312032860059,0.00951907504349947,0.002586199901998043,0.00951907504349947,1
3003,9,0,2,0.024928510189056396,0.029999999329447746,-0.0034779428970068693,0.026217184960842133,0.002076923016745309,0.024928510189056396,0.029999999329447746,1,4,0.9076921939849854,0.20944694064039504,13,1.6615383533331063,0.005356206817844801,0.004490570699763016,0.00507148914039135,-0.005554865913752179,0.00507148914039135,0.005554865913752179,0.008716301992535591,0.008919679559767246,0.008716301992535591,1
3003,9,0,3,0.024964231997728348,0.0,-0.011197113431990147,0.01893383078277111,-4.336808689942018e-19,0.024964231997728348,0.0,0,1,0.9076923131942749,0.2094469155167731,13,1.661538461366525,0.006742808307301734,0.005690184868210871,0.024964231997728348,-0.011197113431990147,0.024964231997728348,0.011197113431990147,0.008227717131376266,0.011962286196649075,0.008227717131376266,1
3003,9,0,4,0.02397126704454422,0.036000000312924385,-0.010111630894243717,0.026415562257170677,0.0020769230167453096,0.02397126704454422,0.036000000312924385,1,4,0.9076921939849854,0.20944694064039504,13,1.661538353333106,0.012812777295601301,0.007961435100206962,0.012028733268380165,-0.012188553910989027,0.012028733268380165,0.012188553910989027,0.008192823268473148,0.009030602872371674,0.008192823268473148,1
3003,9,0,5,0.026224464178085327,0.029999999329447746,-0.0044463700614869595,0.029277214780449867,-6.447617743529643e-11,0.026224464178085327,0.029999999329447746,1,3,0.9076921939849854,0.20944694064039504,13,1.661538353333106,0.006099496626690516,0.005136653213326395,0.003775535151362419,-0.004446369997010782,0.003775535151362419,0.004446369997010782,0.008985388092696667,0.002257988788187504,0.008985388092696667,1
3003,9,1,0,0.021294206380844116,0.017999999225139618,0.0011598998680710793,-0.003116195322945714,0.0,0.021294206380844116,0.017999999225139618,1,3,0.007692307233810425,0.20944694064039504,13,1.661538353333106,0.003126791627959482,0.0025974972581369635,0.0032942071557044983,0.0011598998680710793,0.0032942071557044983,0.0011598998680710793,0.004674294963479042,0.010431209579110146,0.004674294963479042,1
3003,9,1,2,0.016889261081814766,0.030000001192092896,-0.002524434821680188,-0.001798839308321476,0.0020769241773165165,0.016889261081814766,0.030000001192092896,1,4,0.9076921939849854,0.20944694064039504,13,1.6615383533331063,0.004040658804802437,0.003268724737259058,0.01311074011027813,-0.004601358998996705,0.01311074011027813,0.004601358998996705,0.0028729380574077368,0.004912200849503279,0.0028729380574077368,1
3003,9,1,3,0.02172119915485382,0.0,-0.011138158850371838,-0.008839808404445648,0.0,0.02172119915485382,0.0,0,1,0.9076923131942749,0.2094469155167731,13,1.661538461366525,0.005246319037038848,0.003993642687268511,0.02172119915485382,-0.011138158850371838,0.02172119915485382,0.011138158850371838,0.00581304682418704,0.006720944307744503,0.00581304682418704,1
3003,9,1,4,0.01928207464516163,0.012000001966953278,-0.0024699328932911158,-0.0008035756764002144,0.0,0.01928207464516163,0.012000001966953278,1,3,0.9076921939849854,0.20944694064039504,13,1.661538353333106,0.003241931011111082,0.002647033324961127,0.007282072678208351,-0.0024699328932911158,0.007282072678208351,0.0024699328932911158,0.007328494917601347,0.008692939765751362,0.007328494917601347,1
3003,9,1,5,0.021332871168851852,0.04499999945983291,-0.004078537691384554,-0.004573629703372717,-0.006230768953521659,0.021332871168851852,0.04499999945983291,1,4,0.9076921939849854,0.20944694064039504,13,1.661538353333106,0.011879445825878332,0.009750638873531269,0.023667128290981054,0.0021522312621371047,0.023667128290981054,0.0021522312621371047,0.007458004169166088,0.010558711364865303,0.007458004169166088,1
3003,9,2,0,0.021662496030330658,0.03899999661371112,0.009427953511476517,0.0030351821333169937,0.002076923113459573,0.021662496030330658,0.03899999661371112,1,4,0.007692307233810425,0.20944694064039504,13,1.661538353333106,0.009428452519003998,0.007017576256932239,0.01733750058338046,0.007351030398016944,0.01733750058338046,0.007351030398016944,0.003806374967098236,0.006520706228911877,0.003806374967098236,1
3003,9,2,1,0.019579488784074783,0.036000000312924385,0.005714123602956533,0.00552491145208478,-1.2895235226850765e-10,0.019579488784074783,0.036000000312924385,1,3,0.9076921939849854,0.20944694064039504,13,1.661538353333106,0.007816991797190503,0.006274609556476745,0.016420511528849602,0.005714123731908886,0.016420511528849602,0.005714123731908886,0.005035031586885452,0.004030792973935604,0.005035031586885452,1
3003,9,2,3,0.024529743939638138,0.0,0.001585521618835628,0.0020860787481069565,0.0,0.024529743939638138,0.0,0,1,0.9076923131942749,0.2094469155167731,13,1.661538461366525,0.006295053888419114,0.004911238371708689,0.024529743939638138,0.001585521618835628,0.024529743939638138,0.001585521618835628,0.006016864906996489,0.006000503432005644,0.006016864906996489,1
3003,9,2,4,0.017801960930228233,0.03599999798461795,0.0018726750276982784,0.0048327320255339146,0.002076922984507217,0.017801960930228233,0.03599999798461795,1,4,0.9076921939849854,0.20944694064039504,13,1.661538353333106,0.008431231602979497,0.007246270897032241,0.018198037054389715,-0.00020424795680893879,0.018198037054389715,0.00020424795680893879,0.004170277155935764,0.01149848010390997,0.004170277155935764,1
3003,9,2,5,0.019644010812044144,0.02999999839812517,0.005509995389729738,0.005421882029622793,6.44761778689773e-11,0.019644010812044144,0.02999999839812517,1,3,0.9076921939849854,0.20944694064039504,13,1.661538353333106,0.007127001501957505,0.006004076770688655,0.010355987586081028,0.00550999532525356,0.010355987586081028,0.00550999532525356,0.004424686077982187,0.004331907257437706,0.004424686077982187,1
3003,10,0,1,0.025064831599593163,0.036000000312924385,-0.006033183541148901,0.04345884919166565,-1.289523557379546e-10,0.025064831599593163,0.036000000312924385,1,3,0.9076921939849854,0.20944694064039504,13,1.661538353333106,0.00709172044400739,0.0062211240537067836,0.010935168713331223,-0.006033183412196545,0.010935168713331223,0.006033183412196545,0.004735288675874472,0.009862272068858147,0.004735288675874472,1
3003,10,0,2,0.02663848176598549,0.030000001192092896,-0.003839610144495964,0.03918353468179703,-0.002076922629888244,0.02663848176598549,0.030000001192092896,1,4,0.9076921939849854,0.20944694064039504,13,1.6615383533331063,0.006523969825565557,0.005296246683191971,0.0033615194261074066,-0.00176268751460772,0.0033615194261074066,0.00176268751460772,0.0047439225018024445,0.009447727352380753,0.0047439225018024445,1
3003,10,0,3,0.023843590170145035,0.0,-0.009011899121105671,0.034781552851200104,0.0,0.023843590170145035,0.0,0,1,0.9076923131942749,0.2094469155167731,13,1.661538461366525,0.006093430207502917,0.0046322284922136,0.023843590170145035,-0.009011899121105671,0.023843590170145035,0.009011899121105671,0.005248889327049255,0.009803997352719307,0.005248889327049255,1
3003,10,0,4,0.02014767751097679,0.035999998450279236,-0.005165355280041695,0.039088789373636246,0.002076923016745308,0.02014767751097679,0.035999998450279236,1,4,0.9076921939849854,0.20944694064039504,13,1.661538353333106,0.012410912129357266,0.008482936095341644,0.015852320939302444,-0.0072422782967870025,0.015852320939302444,0.0072422782967870025,0.006153544411063194,0.012396103702485561,0.006153544411063194,1
3003,10,0,5,0.025046885013580322,0.02999999839812517,-0.006496949587017298,0.04351545870304108,6.44761778689773e-11,0.025046885013580322,0.02999999839812517,1,3,0.9076921939849854,0.20944694064039504,13,1.661538353333106,0.0068561600904023376,0.005877980317633886,0.004953113384544849,-0.006496949651493476,0.004953113384544849,0.006496949651493476,0.005122700240463018,0.010005122981965542,0.005122700240463018,1
3003,10,1,0,0.02295868657529354,0.017999999225139618,-0.0010531466687098145,-0.0036963587626814842,0.0,0.02295868657529354,0.017999999225139618,1,3,0.9076921939849854,0.20944694064039504,13,1.661538353333106,0.003523634072165758,0.0027701625016314036,0.004958687350153923,-0.0010531466687098145,0.004958687350153923,0.0010531466687098145,0.0016434923745691776,0.010628900490701199,0.0016434923745691776,1
3003,10,1,2,0.01838960312306881,0.030000001192092896,-0.0015007719630375504,-0.004193967208266258,-0.0020769241773165095,0.01838960312306881,0.030000001192092896,1,4,0.9076921939849854,0.20944694064039504,13,1.6615383533331063,0.004340431968953747,0.003438464569798588,0.011610398069024086,0.0005761522142789591,0.011610398069024086,0.0005761522142789591,0.004981041885912418,0.006198793649673462,0.004981041885912418,1
3003,10,1,3,0.021337810903787613,0.0,-0.011346236802637577,-0.01148857083171606,0.0,0.021337810903787613,0.0,0,1,0.9076923131942749,0.2094469155167731,13,1.661538461366525,0.005133923305853716,0.0035858063258715637,0.021337810903787613,-0.011346236802637577,0.021337810903787613,0.011346236802637577,0.008143170736730099,0.006384236738085747,0.008143170736730099,1
3003,10,1,4,0.021810268983244896,0.012000001966953278,-0.0008867653086781502,-0.0037317173555493355,0.0,0.021810268983244896,0.012000001966953278,1,3,0.9076921939849854,0.20944694064039504,13,1.661538353333106,0.0037614410284762694,0.0029547780134974145,0.009810267016291618,-0.0008867653086781502,0.009810267016291618,0.0008867653086781502,0.0018718513892963529,0.010647973977029324,0.0018718513892963529,1
3003,10,1,5,0.024161452427506447,0.04500000085681677,-0.0013411747058853507,-0.0068753561936318874,-0.006230769243664471,0.024161452427506447,0.04500000085681677,1,4,0.9076921939849854,0.20944694064039504,13,1.661538353333106,0.011518166744890358,0.009524944265918617,0.020838548429310322,0.00488959453777912,0.020838548429310322,0.00488959453777912,0.006706472486257553,0.009596954099833965,0.006706472486257553,1
3003,10,2,0,0.016235822811722755,0.017999999225139618,0.00649518147110939,0.005271153058856726,0.0,0.016235822811722755,0.017999999225139618,1,3,0.9076921939849854,0.20944694064039504,13,1.661538353333106,0.005423084882163889,0.00472167691976361,0.0017641764134168625,0.00649518147110939,0.0017641764134168625,0.00649518147110939,0.0047124093398451805,0.005754401441663504,0.0047124093398451805,1
3003,10,2,1,0.015959082171320915,0.035999998450279236,0.005365058314055204,0.006509430706501007,0.0,0.015959082171320915,0.035999998450279236,1,3,0.9076921939849854,0.20944694064039504,13,1.661538353333106,0.007250571087185815,0.005538584788456647,0.02004091627895832,0.005365058314055204,0.02004091627895832,0.005365058314055204,0.008499463088810444,0.0048652333207428455,0.008499463088810444,1
3003,10,2,3,0.014286971651017666,0.0,0.00026552690542303026,0.0013256043894216418,-3.469446951953614e-18,0.014286971651017666,0.0,0,1,0.9076923131942749,0.2094469155167731,13,1.661538461366525,0.0040748638628152365,0.003380621612601026,0.014286971651017666,0.0002655269054230337,0.014286971651017666,0.0002655269054230337,0.0072171189822256565,0.007376397028565407,0.0072171189822256565,1
3003,10,2,4,0.015541426837444305,0.036000000312924385,0.0067157750017941,0.005016660783439875,0.0020769229522691335,0.015541426837444305,0.036000000312924385,1,4,0.9076921939849854,0.20944694064039504,13,1.661538353333106,0.009547131059119798,0.006585201893288355,0.02045857347548008,0.004638852049524966,0.02045857347548008,0.004638852049524966,0.004820064175873995,0.005352280102670193,0.004820064175873995,1
3003,10,2,5,0.016611814498901367,0.03000000026077032,0.005145413801074028,0.006480722222477198,-6.44761778689773e-11,0.016611814498901367,0.03000000026077032,1,3,0.9076921939849854,0.20944694064039504,13,1.661538353333106,0.006446565327439151,0.0050501889361829096,0.013388185761868954,0.005145413865550206,0.013388185761868954,0.005145413865550206,0.00806453824043274,0.004452468361705542,0.00806453824043274,1
3003,11,0,1,0.042741693556308746,0.035999998450279236,-0.01136791706085205,-0.14577563107013702,0.0,0.042741693556308746,0.035999998450279236,1,3,0.007692307233810425,0.20944694064039504,13,1.661538353333106,0.010351571414620437,0.008646275517503186,0.0067416951060295105,-0.01136791706085205,0.0067416951060295105,0.01136791706085205,0.008230708539485931,0.010610022582113743,0.008230708539485931,1
3003,11,0,2,0.038634173572063446,0.02999999839812517,-0.009895551949739456,0.018587438389658928,0.002076922565412063,0.038634173572063446,0.02999999839812517,1,4,0.9076921939849854,0.20944694064039504,13,1.6615383533331063,0.00845974301827074,0.006542840895391781,0.008634175173938274,-0.011972474515151519,0.008634175173938274,0.011972474515151519,0.007926460355520248,0.018122626468539238,0.007926460355520248,1
3003,11,0,3,0.034636832773685455,0.0,-0.015438206493854523,0.008488534949719906,0.0,0.034636832773685455,0.0,0,1,0.9076923131942749,0.2094469155167731,13,1.661538461366525,0.010549519330374296,0.008667630887419515,0.034636832773685455,-0.015438206493854523,0.034636832773685455,0.015438206493854523,0.013453664258122444,0.01799202337861061,0.013453664258122444,1
3003,11,0,4,0.03631049394607544,0.03600000077858567,-0.009653314016759396,-0.17474132776260376,-0.00830769219593359,0.03631049394607544,0.03600000077858567,1,4,0.007692307233810425,0.20944694064039504,13,1.661538353333106,0.014692323871330012,0.01122039236877797,0.0003104931674897671,-0.0013456218208258049,0.0003104931674897671,0.0013456218208258049,0.008440567180514336,0.009679996408522129,0.008440567180514336,1
3003,11,0,5,0.044653937220573425,0.03000000026077032,-0.012365476228296757,-0.0652255266904831,6.447617439953035e-11,0.044653937220573425,0.03000000026077032,1,3,0.007692307233810425,0.20944694064039504,13,1.661538353333106,0.010813554374071273,0.009210834125354445,0.014653936959803104,-0.012365476292772931,0.014653936959803104,0.012365476292772931,0.006933372002094984,0.009122634306550026,0.006933372002094984,1
3003,11,1,0,0.026010612025856972,0.017999999225139618,-0.0011847224086523056,-0.009843563660979271,1.3877787807814457e-17,0.026010612025856972,0.017999999225139618,1,3,0.9076921939849854,0.20944694064039504,13,1.661538353333106,0.0053702170240303515,0.0041387851333477095,0.008010612800717354,-0.0011847224086523195,0.008010612800717354,0.0011847224086523195,0.010638796724379063,0.014501181431114674,0.010638796724379063,1
3003,11,1,2,0.024381907656788826,0.030000001192092896,-0.007495775818824768,-0.010868885554373264,0.0020769241773165165,0.024381907656788826,0.030000001192092896,1,4,0.9076921939849854,0.20944694064039504,13,1.6615383533331063,0.005786079596225798,0.004600644684754885,0.0056180935353040695,-0.009572699996141285,0.0056180935353040695,0.009572699996141285,0.005799722392112017,0.00860790815204382,0.005799722392112017,1
3003,11,1,3,0.029031861573457718,0.0,-0.013660627417266369,-0.018752308562397957,6.938893903907228e-18,0.029031861573457718,0.0,0,1,0.9076923131942749,0.2094469155167731,13,1.661538461366525,0.006814640705658885,0.005052397997509798,0.029031861573457718,-0.013660627417266376,0.029031861573457718,0.013660627417266376,0.00520179932937026,0.010935946367681026,0.00520179932937026,1
3003,11,1,4,0.02526305802166462,0.012000001966953278,-0.0011112717911601067,0.05921460688114166,6.938893903907228e-18,0.02526305802166462,0.012000001966953278,1,3,0.007692307233810425,0.20944694064039504,13,1.661538353333106,0.005625910977148913,0.004126983920674352,0.013263056054711342,-0.0011112717911601136,0.013263056054711342,0.0011112717911601136,0.0059791249223053455,0.01293143816292286,0.0059791249223053455,1
3003,11,1,5,0.027400506660342216,0.044999996200203896,-0.005341783165931702,0.115875743329525,-0.006230768276521796,0.027400506660342216,0.044999996200203896,1,4,0.007692307233810425,0.20944694064039504,13,1.661538353333106,0.011752950841246007,0.00939727164584504,0.01759948953986168,0.0008889851105900945,0.01759948953986168,0.0008889851105900945,0.004457447212189436,0.013285248540341854,0.004457447212189436,1
3003,11,2,0,0.020223943516612053,0.01799999736249447,-0.009054767899215221,0.0070640877820551395,1.289523557379546e-10,0.020223943516612053,0.01799999736249447,1,3,0.9076921939849854,0.20944694064039504,13,1.661538353333106,0.007473216275680469,0.0067566510444209416,0.0022239461541175842,-0.009054768028167577,0.0022239461541175842,0.009054768028167577,0.014181050471961498,0.012475082650780678,0.014181050471961498,1
3003,11,2,1,0.01894296333193779,0.036000000312924385,0.005757585167884827,-0.08332753926515579,-1.2895235226850765e-10,0.01894296333193779,0.036000000312924385,1,3,0.007692307233810425,0.20944694064039504,13,1.661538353333106,0.008158977391005174,0.006821131807636228,0.017057036980986595,0.005757585296837179,0.017057036980986595,0.005757585296837179,0.0027864365838468075,0.006052876356989145,0.0027864365838468075,1
3003,11,2,3,0.02252853661775589,0.0,0.0020269884262233973,0.003967864904552698,0.0,0.02252853661775589,0.0,0,1,0.9076923131942749,0.2094469155167731,13,1.661538461366525,0.006628813133757698,0.005468011040174396,0.02252853661775589,0.0020269884262233973,0.02252853661775589,0.0020269884262233973,0.005111180245876312,0.004576282575726509,0.005111180245876312,1
3003,11,2,4,0.02097858116030693,0.03599999798461795,0.0038614391814917326,-0.000779222697019577,0.002076922984507217,0.02097858116030693,0.03599999798461795,1,4,0.007692307233810425,0.20944694064039504,13,1.661538353333106,0.008247122098620992,0.007406827012771332,0.015021416824311018,0.0017845161969845154,0.015021416824311018,0.0017845161969845154,0.002915381919592619,0.01404772698879242,0.002915381919592619,1
3003,11,2,5,0.019459040835499763,0.02999999839812517,0.005575696472078562,-0.05162529647350311,6.44761778689773e-11,0.019459040835499763,0.02999999839812517,1,3,0.007692307233810425,0.20944694064039504,13,1.661538353333106,0.007468471516287391,0.006437722847041999,0.010540957562625408,0.005575696407602384,0.010540957562625408,0.005575696407602384,0.0021049741189926863,0.006081672850996256,0.0021049741189926863,1
3003,12,0,1,0.039262354373931885,0.03599999472498894,-0.011604614555835724,-0.0013545714318752289,-2.579047114759092e-10,0.039262354373931885,0.03599999472498894,1,3,0.9076921939849854,0.20944694064039504,13,1.661538353333106,0.009441367903804973,0.008151366204552396,0.0032623596489429474,-0.011604614297931012,0.0032623596489429474,0.011604614297931012,0.00938265211880207,0.015172900632023811,0.00938265211880207,1
3003,12,0,2,0.033072859048843384,0.030000001192092896,-0.005207946058362722,-0.006393656134605408,0.0020769241773165165,0.033072859048843384,0.030000001192092896,1,4,0.9076921939849854,0.20944694064039504,13,1.6615383533331063,0.008048336013362488,0.005614865527174177,0.0030728578567504883,-0.007284870235679239,0.0030728578567504883,0.007284870235679239,0.009936012327671051,0.013812502846121788,0.009936012327671051,1
3003,12,0,3,0.033786628395318985,0.0,-0.01395967323333025,-0.018380505964159966,6.938893903907228e-18,0.033786628395318985,0.0,0,1,0.007692308165132999,0.2094469155167731,13,1.661538461366525,0.00993622440544395,0.008635736340601769,0.033786628395318985,-0.013959673233330257,0.033786628395318985,0.013959673233330257,0.013191428035497665,0.025614244863390923,0.013191428035497665,1
3003,12,0,4,0.031347692012786865,0.03599999658763409,-0.013516180217266083,-0.004998463671654463,-0.008307691035362379,0.031347692012786865,0.03599999658763409,1,4,0.9076921939849854,0.20944694064039504,13,1.661538353333106,0.014074893862008345,0.011376829366006796,0.004652304574847221,-0.005208489181903704,0.004652304574847221,0.005208489181903704,0.0048143016174435616,0.015162289142608643,0.0048143016174435616,1
3003,12,0,5,0.03850334882736206,0.030000001192092896,-0.01216796413064003,-0.0016563106328248978,0.0,0.03850334882736206,0.030000001192092896,1,3,0.9076921939849854,0.20944694064039504,13,1.661538353333106,0.009513802292343377,0.008201537797084222,0.008503347635269165,-0.01216796413064003,0.008503347635269165,0.01216796413064003,0.009265339933335781,0.01466677151620388,0.009265339933335781,1
3003,12,1,0,0.01978573016822338,0.017999999225139618,0.0007165449787862599,0.02430856227874756,0.0,0.01978573016822338,0.017999999225139618,1,3,0.007692307233810425,0.20944694064039504,13,1.661538353333106,0.0027628690724141374,0.0023002288133434994,0.0017857309430837631,0.0007165449787862599,0.0017857309430837631,0.0007165449787862599,0.004209005739539862,0.012490792199969292,0.004209005739539862,1
3003,12,1,2,0.016578352078795433,0.030000001192092896,-0.0020163676235824823,-0.004569250624626875,0.0020769241773165165,0.016578352078795433,0.030000001192092896,1,4,0.9076921939849854,0.20944694064039504,13,1.6615383533331063,0.0038969114682667434,0.003008105610249311,0.013421649113297462,-0.004093291800898999,0.013421649113297462,0.004093291800898999,0.00367321097292006,0.007069522514939308,0.00367321097292006,1
3003,12,1,3,0.02260817214846611,0.0,-0.011427546851336956,0.03949304297566414,0.0,0.02260817214846611,0.0,0,1,0.007692308165132999,0.2094469155167731,13,1.661538461366525,0.005353317560907173,0.004065806145322393,0.02260817214846611,-0.011427546851336956,0.02260817214846611,0.011427546851336956,0.006498096976429224,0.0067765661515295506,0.006498096976429224,1
3003,12,1,4,0.019852345809340477,0.012000001966953278,0.0006839620764367282,-0.003657048800960183,0.0,0.019852345809340477,0.012000001966953278,1,3,0.9076921939849854,0.20944694064039504,13,1.661538353333106,0.002968212929565629,0.0022049926926751106,0.0078523438423872,0.0006839620764367282,0.0078523438423872,0.0006839620764367282,0.005070430692285299,0.011224741116166115,0.005070430692285299,1
3003,12,1,5,0.02217871882021427,0.04499999945983291,-0.0032019426580518484,-0.0071252030320465565,-0.006230768953521659,0.02217871882021427,0.04499999945983291,1,4,0.9076921939849854,0.20944694064039504,13,1.661538353333106,0.011640255670147892,0.00961905835780519,0.022821280639618635,0.00302882629546981,0.022821280639618635,0.00302882629546981,0.0070242853835225105,0.011998306959867477,0.0070242853835225105,1
3003,12,2,0,0.018892087042331696,0.03899999661371112,0.0077005475759506226,-0.03830667585134506,0.002076923113459573,0.018892087042331696,0.03899999661371112,1,4,0.007692307233810425,0.20944694064039504,13,1.661538353333106,0.00958196059527053,0.006886636535223771,0.020107909571379423,0.00562362446249105,0.020107909571379423,0.00562362446249105,0.004668034613132477,0.005593490786850452,0.004668034613132477,1
3003,12,2,1,0.01838684268295765,0.036000000312924385,0.006149597931653261,0.0059929401613771915,-1.2895235226850765e-10,0.01838684268295765,0.036000000312924385,1,3,0.9076921939849854,0.20944694064039504,13,1.661538353333106,0.007681329708162057,0.006086263265570945,0.017613157629966736,0.0061495980606056135,0.017613157629966736,0.0061495980606056135,0.005751665681600571,0.0030552144162356853,0.005751665681600571,1
3003,12,2,3,0.022400885820388794,0.0,0.001284332014620304,-0.005992293357849121,0.0,0.022400885820388794,0.0,0,1,0.007692308165132999,0.2094469155167731,13,1.661538461366525,0.005589563828632609,0.004460702347155858,0.022400885820388794,0.001284332014620304,0.022400885820388794,0.001284332014620304,0.005338582675904036,0.007493998855352402,0.005338582675904036,1
3003,12,2,4,0.019341327250003815,0.03599999798461795,0.007808587979525328,0.005817520897835493,0.0020769229845072207,0.019341327250003815,0.03599999798461795,1,4,0.9076921939849854,0.20944694064039504,13,1.661538353333106,0.009309199983014112,0.0065107684439191455,0.016658670734614134,0.005731664995018107,0.016658670734614134,0.005731664995018107,0.004095781594514847,0.006366223096847534,0.004095781594514847,1
3003,12,2,5,0.01877892017364502,0.02999999839812517,0.006047202739864588,0.005736654158681631,6.44761778689773e-11,0.01877892017364502,0.02999999839812517,1,3,0.9076921939849854,0.20944694064039504,13,1.661538353333106,0.006889720827263329,0.00565061297201546,0.011221078224480152,0.00604720267538841,0.011221078224480152,0.00604720267538841,0.0049465009942650795,0.003658381989225745,0.0049465009942650795,1
3003,13,0,1,0.02538091130554676,0.035999998450279236,-0.003350714920088649,0.014411826618015766,6.44761778689773e-11,0.02538091130554676,0.035999998450279236,1,3,0.9076921939849854,0.20944694064039504,13,1.661538353333106,0.006405084698338164,0.0051138291366883285,0.010619087144732475,-0.0033507149845648267,0.010619087144732475,0.0033507149845648267,0.005294760689139366,0.010927964933216572,0.005294760689139366,1
3003,13,0,2,0.027562063187360764,0.029999999329447746,-0.002357871038839221,-0.061933089047670364,-0.002076923081221487,0.027562063187360764,0.029999999329447746,1,4,0.007692307233810425,0.20944694064039504,13,1.6615383533331063,0.005955020371655813,0.004338885704330967,0.0024379361420869827,-0.00028094795761773395,0.0024379361420869827,0.00028094795761773395,0.005816755350679159,0.009934492409229279,0.005816755350679159,1
3003,13,0,3,0.024579765275120735,0.0,-0.010541840456426144,0.0061781033873558044,-4.336808689942018e-19,0.024579765275120735,0.0,0,1,0.9076923131942749,0.2094469155167731,13,1.661538461366525,0.006265454736290973,0.0047536761136229575,0.024579765275120735,-0.010541840456426144,0.024579765275120735,0.010541840456426144,0.005131504498422146,0.005298799369484186,0.005131504498422146,1
3003,13,0,4,0.020045505836606026,0.03599999891594052,-0.0060670203529298306,0.0110717648640275,-0.00830769197026697,0.020045505836606026,0.03599999891594052,1,4,0.9076921939849854,0.20944694064039504,13,1.661538353333106,0.01162429443806776,0.009801123890551856,0.015954493079334497,0.0022406716173371394,0.015954493079334497,0.0022406716173371394,0.007237961050122976,0.009819124825298786,0.007237961050122976,1
3003,13,0,5,0.025967389345169067,0.029999999329447746,-0.004180971533060074,0.014272482134401798,-6.447617743529643e-11,0.025967389345169067,0.029999999329447746,1,3,0.9076921939849854,0.20944694064039504,13,1.661538353333106,0.006309188839025556,0.004901135604850639,0.004032609984278679,-0.004180971468583896,0.004032609984278679,0.004180971468583896,0.005014488007873297,0.01091166865080595,0.005014488007873297,1
3003,13,1,0,0.023772208020091057,0.017999999225139618,-0.00187676923815161,-0.0019878193270415068,0.0,0.023772208020091057,0.017999999225139618,1,3,0.9076921939849854,0.20944694064039504,13,1.661538353333106,0.003657196928193528,0.002794341487292002,0.005772208794951439,-0.00187676923815161,0.005772208794951439,0.00187676923815161,0.0020851825829595327,0.010714673437178135,0.0020851825829595327,1
3003,13,1,2,0.018344547599554062,0.030000001192092896,-0.0021024609450250864,0.007955583743751049,-0.0020769241773165095,0.018344547599554062,0.030000001192092896,1,4,0.007692307233810425,0.20944694064039504,13,1.6615383533331063,0.004492488103345944,0.003514950907618337,0.011655453592538834,-2.553676770857688e-05,0.011655453592538834,2.553676770857688e-05,0.0045817140489816666,0.007003492675721645,0.0045817140489816666,1
3003,13,1,3,0.021682191640138626,0.0,-0.011196180246770382,-0.009858661331236362,0.0,0.021682191640138626,0.0,0,1,0.9076923131942749,0.2094469155167731,13,1.661538461366525,0.005194025891281347,0.003717451009171954,0.021682191640138626,-0.011196180246770382,0.021682191640138626,0.011196180246770382,0.008616711013019085,0.005585234612226486,0.008616711013019085,1
3003,13,1,4,0.022687362506985664,0.012000001966953278,-0.0008911726181395352,-0.0018198065226897597,0.0,0.022687362506985664,0.012000001966953278,1,3,0.9076921939849854,0.20944694064039504,13,1.661538353333106,0.003782966474373419,0.0028859352219034228,0.010687360540032387,-0.0008911726181395352,0.010687360540032387,0.0008911726181395352,0.004127332009375095,0.011749150231480598,0.004127332009375095,1
3003,13,1,5,0.024379238486289978,0.04499999945983291,-0.0026217808481305838,-0.005301028024405241,-0.006230768953521659,0.024379238486289978,0.04499999945983291,1,4,0.9076921939849854,0.20944694064039504,13,1.661538353333106,0.011542174165268508,0.00951200744589052,0.02062076097354293,0.003608988105391075,0.02062076097354293,0.003608988105391075,0.007794516161084175,0.009631861932575703,0.007794516161084175,1
3003,13,2,0,0.01504640281200409,0.01799999875947833,0.0023444003891199827,0.0010289755882695317,3.223808893448865e-11,0.01504640281200409,0.01799999875947833,1,3,0.9076921939849854,0.20944694064039504,13,1.661538353333106,0.003929582191639586,0.003324989783963376,0.0029535959474742413,0.002344400356881894,0.0029535959474742413,0.002344400356881894,0.004797238856554031,0.01105094887316227,0.004797238856554031,1
3003,13,2,1,0.01758343167603016,0.035999998450279236,-0.0009487346396781504,0.0038727589417248964,6.44761778689773e-11,0.01758343167603016,0.035999998450279236,1,3,0.9076921939849854,0.20944694064039504,13,1.661538353333106,0.005661423480219436,0.004420570759157811,0.018416566774249077,-0.0009487347041543283,0.018416566774249077,0.0009487347041543283,0.005979267880320549,0.005051921121776104,0.005979267880320549,1
3003,13,2,3,0.018048236146569252,0.0,-0.004762688651680946,-0.0025899915490299463,-4.336808689942018e-19,0.018048236146569252,0.0,0,1,0.9076923131942749,0.2094469155167731,13,1.661538461366525,0.0049266319588640575,0.0036459676246296544,0.018048236146569252,-0.004762688651680946,0.018048236146569252,0.004762688651680946,0.006260687485337257,0.007252197712659836,0.006260687485337257,1
3003,13,2,4,0.015482923947274685,0.012000000569969416,-0.0011465871939435601,0.0019165497506037354,-3.223808893448865e-11,0.015482923947274685,0.012000000569969416,1,3,0.9076921939849854,0.20944694064039504,13,1.661538353333106,0.004029826905038403,0.0028643467012013047,0.0034829233773052692,-0.0011465871617054712,0.0034829233773052692,0.0011465871617054712,0.008929877541959286,0.013986422680318356,0.008929877541959286,1
3003,13,2,5,0.018312692642211914,0.029999999329447746,-0.0011040359968319535,0.0038896724581718445,-6.447617743529643e-11,0.018312692642211914,0.029999999329447746,1,3,0.9076921939849854,0.20944694064039504,13,1.661538353333106,0.00500511383104936,0.004046818205656914,0.011687306687235832,-0.001104035932355776,0.011687306687235832,0.001104035932355776,0.00568943377584219,0.004758809693157673,0.00568943377584219,1
3003,14,0,1,0.06381163001060486,0.03600000590085983,-0.020579829812049866,-0.03442135080695152,5.158094090740306e-10,0.06381163001060486,0.03600000590085983,1,3,0.9076921939849854,0.20944694064039504,13,1.661538353333106,0.019590020275160915,0.017421887911988433,0.027811624109745026,-0.020579830327859275,0.027811624109745026,0.020579830327859275,0.011137308552861214,0.011710450053215027,0.011137308552861214,1
3003,14,0,2,0.057321902364492416,0.030000001192092896,0.013546613045036793,-0.04186953231692314,1.3877787807814457e-17,0.057321902364492416,0.030000001192092896,1,3,0.9076921939849854,0.20944694064039504,13,1.661538353333106,0.017013760367258077,0.014585051839873634,0.02732190117239952,0.013546613045036779,0.02732190117239952,0.013546613045036779,0.018623298034071922,0.016541190445423126,0.018623298034071922,1
3003,14,0,3,0.07297170162200928,0.0,-0.03389367461204529,-0.05148501321673393,0.0,0.07297170162200928,0.0,0,1,0.9076923131942749,0.2094469155167731,13,1.661538461366525,0.020340327020167956,0.016706779400801515,0.07297170162200928,-0.03389367461204529,0.07297170162200928,0.03389367461204529,0.016406472772359848,0.015766071155667305,0.016406472772359848,1
3003,14,0,4,0.05454482510685921,0.035999998450279236,-0.028155537322163582,-0.044121742248535156,-0.008307692582790668,0.05454482510685921,0.035999998450279236,1,4,0.9076921939849854,0.20944694064039504,13,1.661538353333106,0.017381125263117893,0.014294885716142033,0.01854482665657997,-0.019847844739372913,0.01854482665657997,0.019847844739372913,0.0068327016197144985,0.018015865236520767,0.0068327016197144985,1
3003,14,0,5,0.06356996297836304,0.030000001192092896,-0.019431840628385544,0.05860769376158714,0.0,0.06356996297836304,0.030000001192092896,1,3,0.007692307233810425,0.20944694064039504,13,1.661538353333106,0.019187064088362328,0.017038150651920478,0.03356996178627014,-0.019431840628385544,0.03356996178627014,0.019431840628385544,0.01140560582280159,0.012294099666178226,0.01140560582280159,1
3003,14,1,0,0.02431405894458294,0.017999999225139618,-0.002170163905248046,-0.01491888239979744,0.0,0.02431405894458294,0.017999999225139618,1,3,0.9076921939849854,0.20944694064039504,13,1.661538353333106,0.0036263830430314004,0.0029611985182621072,0.006314059719443321,-0.002170163905248046,0.006314059719443321,0.002170163905248046,0.0039037619717419147,0.012875295244157314,0.0039037619717419147,1
3003,14,1,2,0.017694896087050438,0.030000001192092896,0.006832793354988098,-0.015835897997021675,0.0,0.017694896087050438,0.030000001192092896,1,3,0.9076921939849854,0.20944694064039504,13,1.661538353333106,0.004329467976570312,0.0035617004352561116,0.012305105105042458,0.006832793354988098,0.012305105105042458,0.006832793354988098,0.007660543546080589,0.006216110195964575,0.007660543546080589,1
3003,14,1,3,0.021492239087820053,0.0,-0.011167625896632671,-0.022950241342186928,0.0,0.021492239087820053,0.0,0,1,0.9076923131942749,0.2094469155167731,13,1.661538461366525,0.00517626503629151,0.0037766241595237207,0.021492239087820053,-0.011167625896632671,0.021492239087820053,0.011167625896632671,0.008234692737460136,0.007475815247744322,0.008234692737460136,1
3003,14,1,4,0.0231560580432415,0.011999998241662979,-0.0016507484251633286,-0.015205495059490204,-2.579047045370153e-10,0.0231560580432415,0.011999998241662979,1,3,0.9076921939849854,0.20944694064039504,13,1.661538353333106,0.004007536617846459,0.003188373245431121,0.011156059801578522,-0.0016507481672586241,0.011156059801578522,0.0016507481672586241,0.0021363082341849804,0.010934321209788322,0.0021363082341849804,1
3003,14,1,5,0.02432912029325962,0.04499999945983291,-0.0023458003997802734,0.04192964360117912,-0.006230768953521659,0.02432912029325962,0.04499999945983291,1,4,0.007692307233810425,0.20944694064039504,13,1.661538353333106,0.01139554920885792,0.009394737048702834,0.020670879166573286,0.003884968553741385,0.020670879166573286,0.003884968553741385,0.007577206939458847,0.00952106062322855,0.007577206939458847,1
3003,14,2,0,0.015100454911589622,0.03900000033900142,-0.00315875094383955,-0.006909943651407957,0.00207692330688811,0.015100454911589622,0.03900000033900142,1,4,0.9076921939849854,0.20944694064039504,13,1.661538353333106,0.00798088210441029,0.005398064135358884,0.023899545427411795,-0.00523567425072766,0.023899545427411795,0.00523567425072766,0.003906494006514549,0.010436891578137875,0.003906494006514549,1
3003,14,2,1,0.0121350958943367,0.0359999998472631,-0.0013624649727717042,-0.006021061446517706,1.6119044293771978e-10,0.0121350958943367,0.0359999998472631,1,3,0.9076921939849854,0.20944694064039504,13,1.661538353333106,0.00553557573872795,0.0039011952474151223,0.023864903952926397,-0.0013624651339621471,0.023864903952926397,0.0013624651339621471,0.007433570455759764,0.004046675283461809,0.007433570455759764,1
3003,14,2,3,0.01359857339411974,0.0,-0.007660136092454195,-0.009918740950524807,0.0,0.01359857339411974,0.0,0,1,0.9076923131942749,0.2094469155167731,13,1.661538461366525,0.004209367845984983,0.0033497569878301833,0.01359857339411974,-0.007660136092454195,0.01359857339411974,0.007660136092454195,0.0025218797381967306,0.008002214133739471,0.0025218797381967306,1
3003,14,2,4,0.01560632698237896,0.03600000077858567,0.004002484958618879,-0.007896121591329575,0.002076923242411932,0.01560632698237896,0.03600000077858567,1,4,0.9076921939849854,0.20944694064039504,13,1.661538353333106,0.00919106616850583,0.005984172373531337,0.020393673796206713,0.0019255617162069472,0.020393673796206713,0.0019255617162069472,0.008223706856369972,0.008801354095339775,0.008223706856369972,1
3003,14,2,5,0.012839172035455704,0.029999999329447746,-0.0014802628429606557,0.0006072238902561367,-6.447617743529643e-11,0.012839172035455704,0.029999999329447746,1,3,0.007692307233810425,0.20944694064039504,13,1.661538353333106,0.004337006680197622,0.0032344567534353962,0.017160827293992043,-0.0014802627784844783,0.017160827293992043,0.0014802627784844783,0.007413547486066818,0.006378973834216595,0.007413547486066818,1
3003,15,0,1,0.024681048467755318,0.035999998450279236,-0.002514682011678815,-0.04938766360282898,0.0,0.024681048467755318,0.035999998450279236,1,3,0.007692307233810425,0.20944694064039504,13,1.661538353333106,0.006410671550271413,0.005047308821120911,0.011318949982523918,-0.002514682011678815,0.011318949982523918,0.002514682011678815,0.005687381606549025,0.009146136231720448,0.005687381606549025,1
3003,15,0,2,0.02211349457502365,0.029999999329447746,-0.0010715312091633677,0.008298320695757866,-0.002076923081221487,0.02211349457502365,0.029999999329447746,1,4,0.9076921939849854,0.20944694064039504,13,1.6615383533331063,0.006075423239902717,0.004647556557347612,0.007886504754424095,0.0010053918720581193,0.007886504754424095,0.0010053918720581193,0.006422156933695078,0.008269485086202621,0.006422156933695078,1
3003,15,0,3,0.02269999124109745,0.0,-0.009463702328503132,0.004322465043514967,0.0,0.02269999124109745,0.0,0,1,0.9076923131942749,0.2094469155167731,13,1.661538461366525,0.00609695511062732,0.004676061074839101,0.02269999124109745,-0.009463702328503132,0.02269999124109745,0.009463702328503132,0.005630112253129482,0.0086600286886096,0.005630112253129482,1
3003,15,0,4,0.020264102146029472,0.03599999938160181,-0.0057841031812131405,0.008813091553747654,-0.008307692066981238,0.020264102146029472,0.03599999938160181,1,4,0.9076921939849854,0.20944694064039504,13,1.661538353333106,0.012115735185668414,0.010191762048376381,0.015735897235572338,0.002523588885768098,0.015735897235572338,0.002523588885768098,0.007829124107956886,0.007123344112187624,0.007829124107956886,1
3003,15,0,5,0.025810977444052696,0.029999999329447746,-0.003472217358648777,-0.0884503722190857,0.0,0.025810977444052696,0.029999999329447746,1,3,0.007692307233810425,0.20944694064039504,13,1.661538353333106,0.006195919543240934,0.0046758480568432955,0.00418902188539505,-0.003472217358648777,0.00418902188539505,0.003472217358648777,0.0055138347670435905,0.008457866497337818,0.0055138347670435905,1
3003,15,1,0,0.02987416461110115,0.017999999225139618,-0.001981564098969102,-0.01625748537480831,0.0,0.02987416461110115,0.017999999225139618,1,3,0.9076921939849854,0.20944694064039504,13,1.661538353333106,0.005756065897837673,0.004596587777490447,0.011874165385961533,-0.001981564098969102,0.011874165385961533,0.001981564098969102,0.004259070847183466,0.00931806955486536,0.004259070847183466,1
3003,15,1,2,0.024604162201285362,0.030000001192092896,-0.007781907916069031,-0.016303101554512978,-0.0020769241773165165,0.024604162201285362,0.030000001192092896,1,4,0.9076921939849854,0.20944694064039504,13,1.6615383533331063,0.00504107075882045,0.004299709011288084,0.005395838990807533,-0.005704983738752514,0.005395838990807533,0.005704983738752514,0.00671911658719182,0.0054073212668299675,0.00671911658719182,1
3003,15,1,3,0.023650866001844406,0.0,-0.012151227332651615,-0.023088986054062843,0.0,0.023650866001844406,0.0,0,1,0.9076923131942749,0.2094469155167731,13,1.661538461366525,0.006675081461577133,0.00539615402031227,0.023650866001844406,-0.012151227332651615,0.023650866001844406,0.012151227332651615,0.007786423433572054,0.011547714471817017,0.007786423433572054,1
3003,15,1,4,0.02825072593986988,0.012000001966953278,-0.004639210179448128,-0.015949709340929985,0.0,0.02825072593986988,0.012000001966953278,1,3,0.9076921939849854,0.20944694064039504,13,1.661538353333106,0.005894951983818466,0.004599127345360243,0.016250723972916603,-0.004639210179448128,0.016250723972916603,0.004639210179448128,0.004772130399942398,0.009587994776666164,0.004772130399942398,1
3003,15,1,5,0.03507756441831589,0.044999998062849045,-0.010831459425389767,0.16848419606685638,-0.006230768663378856,0.03507756441831589,0.044999998062849045,1,4,0.007692307233810425,0.20944694064039504,13,1.661538353333106,0.011210182138728325,0.009048575193747969,0.009922433644533157,-0.00460069076201091,0.009922433644533157,0.00460069076201091,0.005424548406153917,0.008315837942063808,0.005424548406153917,1
3003,15,2,0,0.020108545199036598,0.038999998942017555,0.008188297040760517,0.0026440517976880074,0.002076923016745308,0.020108545199036598,0.038999998942017555,1,4,0.9076921939849854,0.20944694064039504,13,1.661538353333106,0.01026969932984491,0.007679816440144586,0.018891453742980957,0.006111374024015209,0.018891453742980957,0.006111374024015209,0.004805349744856358,0.006316228769719601,0.004805349744856358,1
3003,15,2,1,0.021106749773025513,0.035999998450279236,0.005505765322595835,-0.051744695752859116,0.0,0.021106749773025513,0.035999998450279236,1,3,0.007692307233810425,0.20944694064039504,13,1.661538353333106,0.0077998485927723476,0.006491947445202862,0.014893248677253723,0.005505765322595835,0.014893248677253723,0.005505765322595835,0.007244213949888945,0.0040850513614714146,0.007244213949888945,1
3003,15,2,3,0.019666511565446854,0.0,0.0006000596913509071,-0.0016801864840090275,-3.469446951953614e-18,0.019666511565446854,0.0,0,1,0.9076923131942749,0.2094469155167731,13,1.661538461366525,0.005404873019409052,0.004388794578479592,0.019666511565446854,0.0006000596913509106,0.019666511565446854,0.0006000596913509106,0.008240790106356144,0.006849273573607206,0.008240790106356144,1
3003,15,2,4,0.017369359731674194,0.036000000312924385,0.003049771999940276,0.003049684688448906,0.00207692295226913,0.017369359731674194,0.036000000312924385,1,4,0.9076921939849854,0.20944694064039504,13,1.661538353333106,0.008975073073383206,0.0072896378610790135,0.01863064058125019,0.0009728490476711461,0.01863064058125019,0.0009728490476711461,0.003916916437447071,0.008058367297053337,0.003916916437447071,1
3003,15,2,5,0.02129450812935829,0.03000000026077032,0.00529412692412734,-0.018514158204197884,-6.44761778689773e-11,0.02129450812935829,0.03000000026077032,1,3,0.007692307233810425,0.20944694064039504,13,1.661538353333106,0.007082375090409624,0.006067535655363601,0.00870549213141203,0.005294126988603518,0.00870549213141203,0.005294126988603518,0.007004078011959791,0.006001453846693039,0.007004078011959791,1
3003,16,0,1,0.02611737698316574,0.03600000077858567,-0.0033345657866448164,0.029361417517066002,-9.671426853818943e-11,0.02611737698316574,0.03600000077858567,1,3,0.9076921939849854,0.20944694064039504,13,1.661538353333106,0.006439620915788333,0.005057866660293919,0.009882623795419931,-0.003334565689930548,0.009882623795419931,0.003334565689930548,0.005252289120107889,0.00969189964234829,0.005252289120107889,1
3003,16,0,2,0.02806476131081581,0.029999999329447746,-0.002577638952061534,-0.13886453211307526,-0.002076923081221487,0.02806476131081581,0.029999999329447746,1,4,0.007692307233810425,0.20944694064039504,13,1.6615383533331063,0.00599371066556806,0.004283451420095193,0.0019352380186319351,-0.0005007158708400469,0.0019352380186319351,0.0005007158708400469,0.00517229875549674,0.010456052608788013,0.00517229875549674,1
3003,16,0,3,0.02465210109949112,0.0,-0.01045286376029253,0.020816175267100334,0.0,0.02465210109949112,0.0,0,1,0.9076923131942749,0.2094469155167731,13,1.661538461366525,0.006079811423115315,0.004416335409936996,0.02465210109949112,-0.01045286376029253,0.02465210109949112,0.01045286376029253,0.004341028165072203,0.0057469517923891544,0.004341028165072203,1
3003,16,0,4,0.02017192542552948,0.036000000312924385,-0.006409690249711275,0.025884592905640602,-0.008307691938028883,0.02017192542552948,0.036000000312924385,1,4,0.9076921939849854,0.20944694064039504,13,1.661538353333106,0.011811686480302383,0.009965855024821129,0.015828074887394905,0.0018980016883176076,0.015828074887394905,0.0018980016883176076,0.007097812835127115,0.008749307133257389,0.007097812835127115,1
3003,16,0,5,0.026654232293367386,0.02999999886378646,-0.003466632217168808,-0.2230076938867569,9.671426853818943e-11,0.026654232293367386,0.02999999886378646,1,3,0.007692307233810425,0.20944694064039504,13,1.661538353333106,0.006263775548443272,0.004691155387650756,0.003345766570419073,-0.0034666323138830765,0.003345766570419073,0.0034666323138830765,0.004824344534426928,0.010651718825101852,0.004824344534426928,1
3003,16,1,0,0.022086510434746742,0.017999999225139618,-0.0016034288564696908,0.011183039285242558,0.0,0.022086510434746742,0.017999999225139618,1,3,0.9076921939849854,0.20944694064039504,13,1.661538353333106,0.0036105310975593115,0.0028090223273229318,0.004086511209607124,-0.0016034288564696908,0.004086511209607124,0.0016034288564696908,0.0026198860723525286,0.010707872919738293,0.0026198860723525286,1
3003,16,1,2,0.01745949685573578,0.030000001192092896,-0.0024291856680065393,-0.037144213914871216,-0.0020769241773165095,0.01745949685573578,0.030000001192092896,1,4,0.007692307233810425,0.20944694064039504,13,1.6615383533331063,0.004605145455459219,0.0037175633410024924,0.012540504336357117,-0.0003522614906900298,0.012540504336357117,0.0003522614906900298,0.004613384138792753,0.00717144412919879,0.004613384138792753,1
3003,16,1,3,0.021015606820583344,0.0,-0.010478357784450054,0.003500434337183833,0.0,0.021015606820583344,0.0,0,1,0.9076923131942749,0.2094469155167731,13,1.661538461366525,0.005146240452351409,0.0038082994212060286,0.021015606820583344,-0.010478357784450054,0.021015606820583344,0.010478357784450054,0.008453190326690674,0.005389092955738306,0.008453190326690674,1
3003,16,1,4,0.02101483941078186,0.012000000104308128,-0.00113618653267622,0.011320085264742374,1.289523557379546e-10,0.02101483941078186,0.012000000104308128,1,3,0.9076921939849854,0.20944694064039504,13,1.661538353333106,0.003623757355373702,0.002851106843652104,0.009014839306473732,-0.0011361866616285757,0.009014839306473732,0.0011361866616285757,0.003980119712650776,0.011857087723910809,0.003980119712650776,1
3003,16,1,5,0.0237595047801733,0.044999998062849045,-0.0024907568003982306,-0.05769357085227966,-0.006230768534426506,0.0237595047801733,0.044999998062849045,1,4,0.007692307233810425,0.20944694064039504,13,1.661538353333106,0.011453086071541671,0.009434108660947642,0.021240493282675743,0.0037400117340282753,0.021240493282675743,0.0037400117340282753,0.007495416793972254,0.00980930682271719,0.007495416793972254,1
3003,16,2,0,0.01855718158185482,0.03899999801069498,0.004473686683923006,0.002601906657218933,0.002076922903911998,0.01855718158185482,0.03899999801069498,1,4,0.9076921939849854,0.20944694064039504,13,1.661538353333106,0.00830408968557859,0.005070288157222804,0.02044281642884016,0.002396763780011008,0.02044281642884016,0.002396763780011008,0.006474949419498444,0.011645353399217129,0.006474949419498444,1
3003,16,2,1,0.02034149505198002,0.035999998450279236,0.000529091979842633,0.004565175157040358,9.671426669504574e-11,0.02034149505198002,0.035999998450279236,1,3,0.9076921939849854,0.20944694064039504,13,1.661538353333106,0.0049817876053096346,0.00440200881690845,0.015658503398299217,0.0005290918831283663,0.015658503398299217,0.0005290918831283663,0.007765886373817921,0.006030952092260122,0.007765886373817921,1
3003,16,2,3,0.015241554006934166,0.0,-0.005572086665779352,-0.0007797787548042834,0.0,0.015241554006934166,0.0,0,1,0.9076923131942749,0.2094469155167731,13,1.661538461366525,0.0044356616724472095,0.003650213245952711,0.015241554006934166,-0.005572086665779352,0.015241554006934166,0.005572086665779352,0.005620378535240889,0.00762799521908164,0.005620378535240889,1
3003,16,2,4,0.015801843255758286,0.035999998450279236,-0.0038124097045511007,0.0027459010016173124,0.002076922903911998,0.015801843255758286,0.035999998450279236,1,4,0.9076921939849854,0.20944694064039504,13,1.661538353333106,0.007322738958624944,0.005060550908299063,0.02019815519452095,-0.005889332608463098,0.02019815519452095,0.005889332608463098,0.0068544019013643265,0.015472130849957466,0.0068544019013643265,1
3003,16,2,5,0.019765857607126236,0.029999999329447746,0.0006261920207180083,-0.06047627702355385,-3.223808893448865e-11,0.019765857607126236,0.029999999329447746,1,3,0.007692307233810425,0.20944694064039504,13,1.661538353333106,0.004454844817525845,0.003964236160700992,0.01023414172232151,0.0006261920529560972,0.01023414172232151,0.0006261920529560972,0.007565616630017757,0.005257160868495703,0.007565616630017757,1
3003,17,0,1,0.06032960116863251,0.03599999099969864,-0.018855996429920197,-0.026173653081059456,-5.158094229518184e-10,0.06032960116863251,0.03599999099969864,1,3,0.9076921939849854,0.20944694064039504,13,1.661538353333106,0.018743318196077618,0.01680982633102575,0.02432961016893387,-0.018855995914110774,0.02432961016893387,0.018855995914110774,0.010159935802221298,0.014989955350756645,0.010159935802221298,1
3003,17,0,2,0.049607034772634506,0.030000001192092896,-0.01821201667189598,-0.0366644524037838,-0.0020769210824599788,0.049607034772634506,0.030000001192092896,1,4,0.9076921939849854,0.20944694064039504,13,1.6615383533331063,0.01430971762354569,0.01224835216999054,0.01960703358054161,-0.016135095589436002,0.01960703358054161,0.016135095589436002,0.009116055443882942,0.01725313998758793,0.009116055443882942,1
3003,17,0,3,0.07181930541992188,0.0,-0.03348187729716301,-0.043712761253118515,0.0,0.07181930541992188,0.0,0,1,0.9076923131942749,0.2094469155167731,13,1.661538461366525,0.01936711083929473,0.015535460399276406,0.07181930541992188,-0.03348187729716301,0.07181930541992188,0.03348187729716301,0.015019284561276436,0.012116661295294762,0.015019284561276436,1
3003,17,0,4,0.05023821443319321,0.035999998450279236,-0.023889392614364624,-0.03600401058793068,-0.008307692582790668,0.05023821443319321,0.035999998450279236,1,4,0.9076921939849854,0.20944694064039504,13,1.661538353333106,0.0166991618713024,0.013703316317860186,0.014238215982913971,-0.015581700031573956,0.014238215982913971,0.015581700031573956,0.006841268856078386,0.01716156117618084,0.006841268856078386,1
3003,17,0,5,0.06102650240063667,0.030000001192092896,-0.019859161227941513,-0.026656821370124817,0.0,0.06102650240063667,0.030000001192092896,1,3,0.9076921939849854,0.20944694064039504,13,1.661538353333106,0.019118994315948244,0.01722574472074678,0.031026501208543777,-0.019859161227941513,0.031026501208543777,0.019859161227941513,0.01047807838767767,0.014444902539253235,0.01047807838767767,1
3003,17,1,0,0.025894280523061752,0.017999999225139618,-0.0049522132612764835,-0.005824454594403505,6.938893903907228e-18,0.025894280523061752,0.017999999225139618,1,3,0.9076921939849854,0.20944694064039504,13,1.661538353333106,0.0037978425552011663,0.0029137693125115345,0.007894281297922134,-0.0049522132612764905,0.007894281297922134,0.0049522132612764905,0.0036401499528437853,0.012444442138075829,0.0036401499528437853,1
3003,17,1,2,0.01976635865867138,0.030000001192092896,-0.0020347004756331444,-0.00625596335157752,-0.0020769241773165095,0.01976635865867138,0.030000001192092896,1,4,0.9076921939849854,0.20944694064039504,13,1.6615383533331063,0.003977702848689878,0.0032422075477930214,0.010233642533421516,4.2223701683365145e-05,0.010233642533421516,4.2223701683365145e-05,0.0054642921313643456,0.006853227969259024,0.0054642921313643456,1
3003,17,1,3,0.018191242590546608,0.0,-0.008971994742751122,-0.013127214275300503,0.0,0.018191242590546608,0.0,0,1,0.9076923131942749,0.2094469155167731,13,1.661538461366525,0.004855453338989616,0.003583767688309652,0.018191242590546608,-0.008971994742751122,0.018191242590546608,0.008971994742751122,0.007472480181604624,0.007993802428245544,0.007472480181604624,1
3003,17,1,4,0.025516463443636894,0.012000001966953278,0.00030231941491365433,-0.006218662951141596,0.0,0.025516463443636894,0.012000001966953278,1,3,0.9076921939849854,0.20944694064039504,13,1.661538353333106,0.004385381789031778,0.003291769912080652,0.013516461476683617,0.00030231941491365433,0.013516461476683617,0.00030231941491365433,0.0041376450099051,0.010267374105751514,0.0041376450099051,1
3003,17,1,5,0.028505854308605194,0.04500000085681677,-0.004136593546718359,-0.009180877357721329,-0.006230769243664471,0.028505854308605194,0.04500000085681677,1,4,0.9076921939849854,0.20944694064039504,13,1.661538353333106,0.011436726831890717,0.00926091350041903,0.016494146548211575,0.002094175696946112,0.016494146548211575,0.002094175696946112,0.004660052713006735,0.0076607572846114635,0.004660052713006735,1
3003,17,2,0,0.01611929014325142,0.038999998942017555,0.002177063375711441,0.0049051460810005665,0.002076923016745308,0.01611929014325142,0.038999998942017555,1,4,0.9076921939849854,0.20944694064039504,13,1.661538353333106,0.009110776404114021,0.007258177112192797,0.022880708798766136,0.00010014035896613316,0.022880708798766136,0.00010014035896613316,0.0036152859684079885,0.007155971135944128,0.0036152859684079885,1
3003,17,2,1,0.017537100240588188,0.035999998450279236,0.00464653829112649,0.0058354041539132595,0.0,0.017537100240588188,0.035999998450279236,1,3,0.9076921939849854,0.20944694064039504,13,1.661538353333106,0.006903782807447515,0.005709474096240024,0.018462898209691048,0.00464653829112649,0.018462898209691048,0.00464653829112649,0.007588549982756376,0.004291487857699394,0.007588549982756376,1
3003,17,2,3,0.01839105784893036,0.0,-0.0016889487160369754,0.0009382066200487316,-3.469446951953614e-18,0.01839105784893036,0.0,0,1,0.9076923131942749,0.2094469155167731,13,1.661538461366525,0.0052682439688534035,0.00435826228656007,0.01839105784893036,-0.001688948716036972,0.01839105784893036,0.001688948716036972,0.006490811239928007,0.006189590319991112,0.006490811239928007,1
3003,17,2,4,0.017694547772407532,0.036000000312924385,0.007549946662038565,0.004337011370807886,0.0020769229522691335,0.017694547772407532,0.036000000312924385,1,4,0.9076921939849854,0.20944694064039504,13,1.661538353333106,0.010000150283356149,0.007105011118234262,0.018305452540516853,0.005473023709769431,0.018305452540516853,0.005473023709769431,0.004201000090688467,0.006462967488914728,0.004201000090688467,1
3003,17,2,5,0.018270770087838173,0.03000000026077032,0.004470654297620058,0.00576687091961503,-6.44761778689773e-11,0.018270770087838173,0.03000000026077032,1,3,0.9076921939849854,0.20944694064039504,13,1.661538353333106,0.0061826012286111546,0.005221014048838051,0.011729230172932148,0.004470654362096236,0.011729230172932148,0.004470654362096236,0.00720163993537426,0.004315664060413837,0.00720163993537426,1
3003,18,0,1,0.026915941387414932,0.035999998450279236,-0.003818769007921219,-0.12597256898880005,6.44761778689773e-11,0.026915941387414932,0.035999998450279236,1,3,0.007692307233810425,0.20944694064039504,13,1.661538353333106,0.006291988982403162,0.005054123389683442,0.009084057062864304,-0.0038187690723973967,0.009084057062864304,0.0038187690723973967,0.0045562325976789,0.007661172188818455,0.0045562325976789,1
3003,18,0,2,0.02303171530365944,0.029999999329447746,-0.000277750106761232,0.011993798427283764,0.002076923016745309,0.02303171530365944,0.029999999329447746,1,4,0.9076921939849854,0.20944694064039504,13,1.6615383533331063,0.005206232435096588,0.004245897735739072,0.006968284025788307,-0.002354673123506541,0.006968284025788307,0.002354673123506541,0.006059382576495409,0.008715053088963032,0.006059382576495409,1
3003,18,0,3,0.021159790456295013,0.0,-0.0078086331486701965,0.006448512431234121,-4.336808689942018e-19,0.021159790456295013,0.0,0,1,0.9076923131942749,0.2094469155167731,13,1.661538461366525,0.005277318343106772,0.00409498959559308,0.021159790456295013,-0.0078086331486701965,0.021159790456295013,0.0078086331486701965,0.008138379082083702,0.008435648865997791,0.008138379082083702,1
3003,18,0,4,0.021591026335954666,0.03599999891594052,-0.007578764110803604,0.011377107352018356,-0.00830769197026697,0.021591026335954666,0.03599999891594052,1,4,0.9076921939849854,0.20944694064039504,13,1.661538353333106,0.012699463192188714,0.010415950998079758,0.014408972579985857,0.0007289278594633658,0.014408972579985857,0.0007289278594633658,0.00809271540492773,0.014805714599788189,0.00809271540492773,1
3003,18,0,5,0.024856213480234146,0.029999999329447746,-0.0045870826579630375,0.01496097818017006,-6.447617743529643e-11,0.024856213480234146,0.029999999329447746,1,3,0.9076921939849854,0.20944694064039504,13,1.661538353333106,0.005968178733015162,0.004760054573857573,0.0051437858492136,-0.00458708259348686,0.0051437858492136,0.00458708259348686,0.00400763563811779,0.0077894628047943115,0.00400763563811779,1
3003,18,1,0,0.026997637003660202,0.017999999225139618,-0.002858528168871999,-0.009119641967117786,6.938893903907228e-18,0.026997637003660202,0.017999999225139618,1,3,0.9076921939849854,0.20944694064039504,13,1.661538353333106,0.005317090106675898,0.004529584772311724,0.008997637778520584,-0.0028585281688720057,0.008997637778520584,0.0028585281688720057,0.00495156180113554,0.014407479204237461,0.00495156180113554,1
3003,18,1,2,0.026473920792341232,0.030000001192092896,-0.0047272853553295135,-0.010187705047428608,0.0020769241773165165,0.026473920792341232,0.030000001192092896,1,4,0.9076921939849854,0.20944694064039504,13,1.6615383533331063,0.005536872272615173,0.0043964069226437065,0.003526080399751663,-0.00680420953264603,0.003526080399751663,0.00680420953264603,0.003416176652535796,0.01209282036870718,0.003416176652535796,1
3003,18,1,3,0.028927039355039597,0.0,-0.01311030238866806,-0.01558375358581543,6.938893903907228e-18,0.028927039355039597,0.0,0,1,0.9076923131942749,0.2094469155167731,13,1.661538461366525,0.00706462585016008,0.005526047155878247,0.028927039355039597,-0.013110302388668067,0.028927039355039597,0.013110302388668067,0.008675258606672287,0.020604528486728668,0.008675258606672287,1
3003,18,1,4,0.025977913290262222,0.012000001966953278,-0.0014532444765791297,-0.00890516396611929,6.938893903907228e-18,0.025977913290262222,0.012000001966953278,1,3,0.9076921939849854,0.20944694064039504,13,1.661538353333106,0.005521255655248382,0.004704924641981633,0.013977911323308945,-0.0014532444765791366,0.013977911323308945,0.0014532444765791366,0.009372901171445847,0.015854137018322945,0.009372901171445847,1
3003,18,1,5,0.028524504974484444,0.044999996200203896,-0.006809299811720848,-0.011884714476764202,-0.006230768276521796,0.028524504974484444,0.044999996200203896,1,4,0.9076921939849854,0.20944694064039504,13,1.661538353333106,0.012210170832687649,0.009726166592899864,0.016475491225719452,-0.0005785315351990519,0.016475491225719452,0.0005785315351990519,0.0037367173936218023,0.014258270151913166,0.0037367173936218023,1
3003,18,2,0,0.021549785509705544,0.03899999661371112,0.00890094693750143,0.005660479422658682,0.002076923113459573,0.021549785509705544,0.03899999661371112,1,4,0.9076921939849854,0.20944694064039504,13,1.661538353333106,0.009487307212186805,0.007018495246371221,0.017450211104005575,0.0068240238240418576,0.017450211104005575,0.0068240238240418576,0.004022735171020031,0.006520616821944714,0.004022735171020031,1
3003,18,2,1,0.0205282773822546,0.036000000312924385,0.005999044049531221,-0.0431559793651104,-1.2895235226850765e-10,0.0205282773822546,0.036000000312924385,1,3,0.007692307233810425,0.20944694064039504,13,1.661538353333106,0.007965685395995523,0.006459216256598397,0.015471722930669785,0.005999044178483574,0.015471722930669785,0.005999044178483574,0.005006066057831049,0.0038856419268995523,0.005006066057831049,1
3003,18,2,3,0.025226013734936714,0.0,0.0016759955324232578,0.0025064561050385237,0.0,0.025226013734936714,0.0,0,1,0.9076923131942749,0.2094469155167731,13,1.661538461366525,0.006477089143049768,0.0050411009554855914,0.025226013734936714,0.0016759955324232578,0.025226013734936714,0.0016759955324232578,0.006227714009582996,0.00574804050847888,0.006227714009582996,1
3003,18,2,4,0.018113166093826294,0.03599999798461795,0.0026617019902914762,0.0050933766178786755,0.002076922984507217,0.018113166093826294,0.03599999798461795,1,4,0.9076921939849854,0.20944694064039504,13,1.661538353333106,0.008620134997553803,0.007418830338975734,0.017886831890791655,0.000584779005784259,0.017886831890791655,0.000584779005784259,0.003758906153962016,0.011461182497441769,0.003758906153962016,1
3003,18,2,5,0.020787924528121948,0.02999999839812517,0.005479864776134491,0.005807682406157255,6.44761778689773e-11,0.020787924528121948,0.02999999839812517,1,3,0.9076921939849854,0.20944694064039504,13,1.661538353333106,0.007261033612626853,0.006164928082619193,0.009212073870003223,0.005479864711658313,0.009212073870003223,0.005479864711658313,0.004331457428634167,0.004383272025734186,0.004331457428634167,1
3003,19,0,1,0.06508220732212067,0.03599999099969864,-0.020505690947175026,-0.0217750146985054,-5.158094229518184e-10,0.06508220732212067,0.03599999099969864,1,3,0.9076921939849854,0.20944694064039504,13,1.661538353333106,0.019783953264988236,0.01775181081873425,0.029082216322422028,-0.020505690431365603,0.029082216322422028,0.020505690431365603,0.011542124673724174,0.012871067970991135,0.011542124673724174,1
3003,19,0,2,0.053388409316539764,0.030000001192092896,-0.022685572504997253,-0.031130895018577576,-0.0020769210824599788,0.053388409316539764,0.030000001192092896,1,4,0.9076921939849854,0.20944694064039504,13,1.6615383533331063,0.015614155119263118,0.013433707359979844,0.02338840812444687,-0.020608651422537275,0.02338840812444687,0.020608651422537275,0.009573650546371937,0.01790439523756504,0.009573650546371937,1
3003,19,0,3,0.07473219186067581,0.0,-0.03562314063310623,-0.038723334670066833,0.0,0.07473219186067581,0.0,0,1,0.9076923131942749,0.2094469155167731,13,1.661538461366525,0.020957247703050866,0.017105720143699082,0.07473219186067581,-0.03562314063310623,0.07473219186067581,0.03562314063310623,0.01733003370463848,0.014430271461606026,0.01733003370463848,1
3003,19,0,4,0.05316893011331558,0.035999998450279236,-0.026639366522431374,-0.03129070624709129,-0.008307692582790668,0.05316893011331558,0.035999998450279236,1,4,0.9076921939849854,0.20944694064039504,13,1.661538353333106,0.01724337625629308,0.014196626268900357,0.017168931663036346,-0.018331673939640705,0.017168931663036346,0.018331673939640705,0.006131602916866541,0.018084272742271423,0.006131602916866541,1
3003,19,0,5,0.06592963635921478,0.030000001192092896,-0.02129998803138733,-0.022278914228081703,0.0,0.06592963635921478,0.030000001192092896,1,3,0.9076921939849854,0.20944694064039504,13,1.661538353333106,0.02013906124161785,0.01812507203344763,0.03592963516712189,-0.02129998803138733,0.03592963516712189,0.02129998803138733,0.011728779412806034,0.013040654361248016,0.011728779412806034,1
3003,19,1,0,0.023390749469399452,0.017999999225139618,-0.0019578731153160334,-0.003411957062780857,6.938893903907228e-18,0.023390749469399452,0.017999999225139618,1,3,0.9076921939849854,0.20944694064039504,13,1.661538353333106,0.0036249676711250295,0.002920213403433738,0.005390750244259834,-0.0019578731153160403,0.005390750244259834,0.0019578731153160403,0.0036553279496729374,0.011213889345526695,0.0036553279496729374,1
3003,19,1,2,0.01845269836485386,0.030000001192092896,-0.002151553751900792,-0.0042306846007704735,-0.0020769241773165095,0.01845269836485386,0.030000001192092896,1,4,0.9076921939849854,0.20944694064039504,13,1.6615383533331063,0.004538015594191514,0.0035913979866095545,0.011547302827239037,-7.46295745842826e-05,0.011547302827239037,7.46295745842826e-05,0.004362762905657291,0.007361102383583784,0.004362762905657291,1
3003,19,1,3,0.02187790721654892,0.0,-0.01153251901268959,-0.011524274945259094,0.0,0.02187790721654892,0.0,0,1,0.9076923131942749,0.2094469155167731,13,1.661538461366525,0.005173857535989871,0.0036835719627388835,0.02187790721654892,-0.01153251901268959,0.02187790721654892,0.01153251901268959,0.008343209512531757,0.0059818001464009285,0.008343209512531757,1
3003,19,1,4,0.022357741370797157,0.012000001966953278,-0.0012194681912660599,-0.003620187984779477,0.0,0.022357741370797157,0.012000001966953278,1,3,0.9076921939849854,0.20944694064039504,13,1.661538353333106,0.004001852148965534,0.0031361630153373854,0.01035773940384388,-0.0012194681912660599,0.01035773940384388,0.0012194681912660599,0.0024413038045167923,0.010547391138970852,0.0024413038045167923,1
3003,19,1,5,0.024026034399867058,0.04500000085681677,-0.0019279886037111282,-0.007018389645963907,-0.006230769243664471,0.024026034399867058,0.04500000085681677,1,4,0.9076921939849854,0.20944694064039504,13,1.661538353333106,0.01140761969803141,0.009393447888849753,0.02097396645694971,0.004302780639953343,0.02097396645694971,0.004302780639953343,0.007042702287435532,0.008711330592632294,0.007042702287435532,1
3003,19,2,0,0.016155531629920006,0.038999998942017555,0.0021521335002034903,0.004971472080796957,0.002076923016745308,0.016155531629920006,0.038999998942017555,1,4,0.9076921939849854,0.20944694064039504,13,1.661538353333106,0.009106047181182934,0.00724997282160457,0.02284446731209755,7.521048345818238e-05,0.02284446731209755,7.521048345818238e-05,0.0036005915608257055,0.007178429514169693,0.0036005915608257055,1
3003,19,2,1,0.017561236396431923,0.035999998450279236,0.004640085157006979,0.005899239797145128,0.0,0.017561236396431923,0.035999998450279236,1,3,0.9076921939849854,0.20944694064039504,13,1.661538353333106,0.00689437119267586,0.00570501121499482,0.018438762053847313,0.004640085157006979,0.018438762053847313,0.004640085157006979,0.007584411650896072,0.004309618379920721,0.007584411650896072,1
3003,19,2,3,0.018399469554424286,0.0,-0.001719196792691946,0.0009926027851179242,-3.469446951953614e-18,0.018399469554424286,0.0,0,1,0.9076923131942749,0.2094469155167731,13,1.661538461366525,0.00527102105383096,0.004367804694810563,0.018399469554424286,-0.0017191967926919426,0.018399469554424286,0.0017191967926919426,0.006488521117717028,0.00621584290638566,0.006488521117717028,1
3003,19,2,4,0.017732523381710052,0.036000000312924385,0.007561674807220697,0.004395056050270796,0.0020769229522691335,0.017732523381710052,0.036000000312924385,1,4,0.9076921939849854,0.20944694064039504,13,1.661538353333106,0.009997712067565102,0.007098830927758528,0.018267476931214333,0.005484751854951564,0.018267476931214333,0.005484751854951564,0.0042206342332065105,0.006420018617063761,0.0042206342332065105,1
3003,19,2,5,0.01828686334192753,0.03000000026077032,0.004476477392017841,0.005827687680721283,-6.44761778689773e-11,0.01828686334192753,0.03000000026077032,1,3,0.9076921939849854,0.20944694064039504,13,1.661538353333106,0.006173828353123678,0.0052169366469661865,0.011713136918842793,0.004476477456494019,0.011713136918842793,0.004476477456494019,0.007198544219136238,0.004321534652262926,0.007198544219136238,1
3003,20,0,1,0.06570571660995483,0.03599999099969864,-0.020415203645825386,-0.020280100405216217,-5.158094229518184e-10,0.06570571660995483,0.03599999099969864,1,3,0.9076921939849854,0.20944694064039504,13,1.661538353333106,0.019992491775802337,0.017760551540103888,0.029705725610256195,-0.020415203130015963,0.029705725610256195,0.020415203130015963,0.008607248775660992,0.015607822686433792,0.008607248775660992,1
3003,20,0,2,0.05608170107007027,0.030000001192092896,-0.026929931715130806,-0.0291383545845747,-0.0020769210824599788,0.05608170107007027,0.030000001192092896,1,4,0.9076921939849854,0.20944694064039504,13,1.6615383533331063,0.01667156416505041,0.01408578503943054,0.02608169987797737,-0.024853010632670827,0.02608169987797737,0.024853010632670827,0.00971826259046793,0.019965216517448425,0.00971826259046793,1
3003,20,0,3,0.07376547157764435,0.0,-0.03491668775677681,-0.03659697249531746,0.0,0.07376547157764435,0.0,0,1,0.9076923131942749,0.2094469155167731,13,1.661538461366525,0.020985345086360404,0.017128665242674788,0.07376547157764435,-0.03491668775677681,0.07376547157764435,0.03491668775677681,0.014686249196529388,0.01986030861735344,0.014686249196529388,1
3003,20,0,4,0.0540272518992424,0.035999998450279236,-0.02478083036839962,-0.030232293531298637,-0.008307692582790668,0.0540272518992424,0.035999998450279236,1,4,0.9076921939849854,0.20944694064039504,13,1.661538353333106,0.017368578195145805,0.014237821895695295,0.018027253448963165,-0.01647313778560895,0.018027253448963165,0.01647313778560895,0.007512843701988459,0.021766815334558487,0.007512843701988459,1
3003,20,0,5,0.06594722718000412,0.030000001192092896,-0.02121053636074066,-0.02063807286322117,0.0,0.06594722718000412,0.030000001192092896,1,3,0.9076921939849854,0.20944694064039504,13,1.661538353333106,0.020541731225651894,0.01828450176137439,0.035947225987911224,-0.02121053636074066,0.035947225987911224,0.02121053636074066,0.008752835914492607,0.015881141647696495,0.008752835914492607,1
3003,20,1,0,0.023380670696496964,0.017999999225139618,-0.0019580377265810966,-0.003423725487664342,6.938893903907228e-18,0.023380670696496964,0.017999999225139618,1,3,0.9076921939849854,0.20944694064039504,13,1.661538353333106,0.0036248991271922034,0.002922898940962447,0.005380671471357346,-0.0019580377265811036,0.005380671471357346,0.0019580377265811036,0.0036338812205940485,0.011285850778222084,0.0036338812205940485,1
3003,20,1,2,0.01840059645473957,0.030000001192092896,-0.002167069585993886,-0.004249119199812412,-0.0020769241773165095,0.01840059645473957,0.030000001192092896,1,4,0.9076921939849854,0.20944694064039504,13,1.6615383533331063,0.00454173187200186,0.0035986786146135733,0.011599404737353325,-9.014540867737647e-05,0.011599404737353325,9.014540867737647e-05,0.004361359868198633,0.0074643781408667564,0.004361359868198633,1
3003,20,1,3,0.021870777010917664,0.0,-0.011516418308019638,-0.011528651230037212,0.0,0.021870777010917664,0.0,0,1,0.9076923131942749,0.2094469155167731,13,1.661538461366525,0.00517031709195224,0.003677524207435416,0.021870777010917664,-0.011516418308019638,0.021870777010917664,0.011516418308019638,0.008382094092667103,0.006030508782714605,0.008382094092667103,1
3003,20,1,4,0.02233266830444336,0.012000001966953278,-0.001216163276694715,-0.003630120074376464,0.0,0.02233266830444336,0.012000001966953278,1,3,0.9076921939849854,0.20944694064039504,13,1.661538353333106,0.0039975115260438236,0.0031303316795614346,0.010332666337490082,-0.001216163276694715,0.010332666337490082,0.001216163276694715,0.002447586739435792,0.01059099193662405,0.002447586739435792,1
3003,20,1,5,0.02402002364397049,0.04500000085681677,-0.0019209583988413215,-0.0070407516323029995,-0.006230769243664471,0.02402002364397049,0.04500000085681677,1,4,0.9076921939849854,0.20944694064039504,13,1.661538353333106,0.01140505853183913,0.009392411133946753,0.02097997721284628,0.00430981084482315,0.02097997721284628,0.00430981084482315,0.007061529438942671,0.008749302476644516,0.007061529438942671,1
3003,20,2,0,0.016616079956293106,0.038999998942017555,0.002573727397248149,0.004016734194010496,0.002076923016745308,0.016616079956293106,0.038999998942017555,1,4,0.9076921939849854,0.20944694064039504,13,1.661538353333106,0.009355809263759144,0.007370214832164126,0.02238391898572445,0.000496804380502841,0.02238391898572445,0.000496804380502841,0.0032864422537386417,0.003923100419342518,0.0032864422537386417,1
3003,20,2,1,0.01824919506907463,0.035999998450279236,0.003653781721368432,0.005264338571578264,0.0,0.01824919506907463,0.035999998450279236,1,3,0.9076921939849854,0.20944694064039504,13,1.661538353333106,0.007131671906285973,0.0060509056040256685,0.017750803381204605,0.003653781721368432,0.017750803381204605,0.003653781721368432,0.006249832455068827,0.006968741305172443,0.006249832455068827,1
3003,20,2,3,0.018293527886271477,0.0,-0.0016935745952650905,0.0001619229296920821,-3.469446951953614e-18,0.018293527886271477,0.0,0,1,0.9076923131942749,0.2094469155167731,13,1.661538461366525,0.005438145782509602,0.004327740972123202,0.018293527886271477,-0.001693574595265087,0.018293527886271477,0.001693574595265087,0.007509542629122734,0.006787406280636787,0.007509542629122734,1
3003,20,2,4,0.017778076231479645,0.036000000312924385,0.0065878815948963165,0.003380339592695236,0.0020769229522691335,0.017778076231479645,0.036000000312924385,1,4,0.9076921939849854,0.20944694064039504,13,1.661538353333106,0.0102901461795051,0.007411524851822995,0.01822192408144474,0.004510958642627183,0.01822192408144474,0.004510958642627183,0.005016990937292576,0.009035767056047916,0.005016990937292576,1
3003,20,2,5,0.019032815471291542,0.03000000026077032,0.003530113724991679,0.0051764859817922115,-6.44761778689773e-11,0.019032815471291542,0.03000000026077032,1,3,0.9076921939849854,0.20944694064039504,13,1.661538353333106,0.006563390397484075,0.005633966683151101,0.010967184789478779,0.003530113789467857,0.010967184789478779,0.003530113789467857,0.005997164640575647,0.007264282088726759,0.005997164640575647,1
3003,21,0,1,0.025188539177179337,0.035999998450279236,-0.004500771407037973,0.01769777201116085,6.44761778689773e-11,0.025188539177179337,0.035999998450279236,1,3,0.9076921939849854,0.20944694064039504,13,1.661538353333106,0.006408781774959724,0.005260945691798742,0.0108114592730999,-0.004500771471514151,0.0108114592730999,0.004500771471514151,0.005873791873455048,0.005907056853175163,0.005873791873455048,1
3003,21,0,2,0.02517569065093994,0.029999999329447746,-0.000987276085652411,0.012847445905208588,0.002076923016745309,0.02517569065093994,0.029999999329447746,1,4,0.9076921939849854,0.20944694064039504,13,1.6615383533331063,0.006058661119132484,0.004747636704402563,0.004824308678507805,-0.00306419910239772,0.004824308678507805,0.00306419910239772,0.005133896134793758,0.01130686141550541,0.005133896134793758,1
3003,21,0,3,0.0208103209733963,0.0,-0.007829724811017513,0.008433248847723007,-4.336808689942018e-19,0.0208103209733963,0.0,0,1,0.9076923131942749,0.2094469155167731,13,1.661538461366525,0.005241228848463526,0.004217846065066678,0.0208103209733963,-0.007829724811017513,0.0208103209733963,0.007829724811017513,0.006108857225626707,0.011127842590212822,0.006108857225626707,1
3003,21,0,4,0.02170036919414997,0.03599999891594052,-0.008134727366268635,0.01309117954224348,-0.00830769197026697,0.02170036919414997,0.03599999891594052,1,4,0.9076921939849854,0.20944694064039504,13,1.661538353333106,0.01265373906610194,0.010510478722559806,0.014299629721790552,0.00017296460399833513,0.014299629721790552,0.00017296460399833513,0.007522983476519585,0.014402625150978565,0.007522983476519585,1
3003,21,0,5,0.02542697824537754,0.029999999329447746,-0.004871880169957876,0.017461569979786873,-6.447617743529643e-11,0.02542697824537754,0.029999999329447746,1,3,0.9076921939849854,0.20944694064039504,13,1.661538353333106,0.006228404973907789,0.005033129352260624,0.004573021084070206,-0.004871880105481698,0.004573021084070206,0.004871880105481698,0.0055992999114096165,0.005966005381196737,0.0055992999114096165,1
3003,21,1,0,0.021699950098991394,0.017999999225139618,0.0012195311719551682,4.475959576666355e-05,0.0,0.021699950098991394,0.017999999225139618,1,3,0.9076921939849854,0.20944694064039504,13,1.661538353333106,0.0031540941497041055,0.0025724553718016697,0.003699950873851776,0.0012195311719551682,0.003699950873851776,0.0012195311719551682,0.004582539666444063,0.011683369986712933,0.004582539666444063,1
3003,21,1,2,0.017409713938832283,0.030000001192092896,-0.0032510198652744293,-0.0006790350307710469,0.0020769241773165165,0.017409713938832283,0.030000001192092896,1,4,0.9076921939849854,0.20944694064039504,13,1.6615383533331063,0.004022235551156011,0.003186895076692456,0.012590287253260612,-0.005327944042590946,0.012590287253260612,0.005327944042590946,0.0032568785827606916,0.00637449137866497,0.0032568785827606916,1
3003,21,1,3,0.02220027521252632,0.0,-0.011160779744386673,-0.007501509040594101,0.0,0.02220027521252632,0.0,0,1,0.9076923131942749,0.2094469155167731,13,1.661538461366525,0.005375992223705109,0.004111317752381049,0.02220027521252632,-0.011160779744386673,0.02220027521252632,0.011160779744386673,0.006379242520779371,0.007924926467239857,0.006379242520779371,1
3003,21,1,4,0.019867945462465286,0.012000001966953278,-0.002137711038812995,0.00044498732313513756,0.0,0.019867945462465286,0.012000001966953278,1,3,0.9076921939849854,0.20944694064039504,13,1.661538353333106,0.003323291602916332,0.002718858993970431,0.007867943495512009,-0.002137711038812995,0.007867943495512009,0.002137711038812995,0.00655535701662302,0.011416538618505001,0.00655535701662302,1
3003,21,1,5,0.022595908492803574,0.04499999945983291,-0.003694644896313548,-0.003264319384470582,-0.006230768953521659,0.022595908492803574,0.04499999945983291,1,4,0.9076921939849854,0.20944694064039504,13,1.661538353333106,0.011820605769437149,0.00976284217508234,0.022404090967029333,0.0025361240572081105,0.022404090967029333,0.0025361240572081105,0.006728655658662319,0.011982358992099762,0.006728655658662319,1
3003,21,2,0,0.021788127720355988,0.03899999661371112,0.008570288307964802,0.00461278622969985,0.002076923113459573,0.021788127720355988,0.03899999661371112,1,4,0.9076921939849854,0.20944694064039504,13,1.661538353333106,0.009872641421646303,0.007346425106275011,0.01721186889335513,0.006493365194505229,0.01721186889335513,0.006493365194505229,0.005829229950904846,0.005342891905456781,0.005829229950904846,1
3003,21,2,1,0.020486893132328987,0.036000000312924385,0.005280433688312769,0.00563967227935791,-1.2895235226850765e-10,0.020486893132328987,0.036000000312924385,1,3,0.9076921939849854,0.20944694064039504,13,1.661538353333106,0.007992350236030848,0.0066757478734709805,0.015513107180595398,0.005280433817265121,0.015513107180595398,0.005280433817265121,0.005065786186605692,0.004294982645660639,0.005065786186605692,1
3003,21,2,3,0.023839224129915237,0.0,0.0020409859716892242,0.0022932991851121187,0.0,0.023839224129915237,0.0,0,1,0.9076923131942749,0.2094469155167731,13,1.661538461366525,0.006348040031008589,0.00479304891344182,0.023839224129915237,0.0020409859716892242,0.023839224129915237,0.0020409859716892242,0.00684434175491333,0.004858661908656359,0.00684434175491333,1
3003,21,2,4,0.017346631735563278,0.03599999798461795,0.0023346475791186094,0.004778378643095493,0.002076922984507217,0.017346631735563278,0.03599999798461795,1,4,0.9076921939849854,0.20944694064039504,13,1.661538353333106,0.008613579346701674,0.007321010123299072,0.01865336624905467,0.0002577245946113922,0.01865336624905467,0.0002577245946113922,0.004344008397310972,0.007465159520506859,0.004344008397310972,1
3003,21,2,5,0.020749760791659355,0.02999999839812517,0.005011103581637144,0.005532412324100733,6.44761778689773e-11,0.020749760791659355,0.02999999839812517,1,3,0.9076921939849854,0.20944694064039504,13,1.661538353333106,0.007346984054932064,0.006317870933893165,0.009250237606465816,0.005011103517160966,0.009250237606465816,0.005011103517160966,0.0047872657887637615,0.004632859490811825,0.0047872657887637615,1
3003,22,0,1,0.037109777331352234,0.035999998450279236,-0.004483387805521488,0.043974656611680984,6.44761778689773e-11,0.037109777331352234,0.035999998450279236,1,3,0.9076921939849854,0.20944694064039504,13,1.661538353333106,0.008062145240757164,0.005586430028125027,0.001109778881072998,-0.004483387869997666,0.001109778881072998,0.004483387869997666,0.008836571127176285,0.010196209885179996,0.008836571127176285,1
3003,22,0,2,0.03321278840303421,0.029999999329447746,-0.011001179926097393,-0.2677774727344513,-0.002076923081221487,0.03321278840303421,0.029999999329447746,1,4,0.007692307233810425,0.20944694064039504,13,1.6615383533331063,0.007338012196527144,0.005840110427220545,0.003212789073586464,-0.008924256844875906,0.003212789073586464,0.008924256844875906,0.006988116540014744,0.014214284718036652,0.006988116540014744,1
3003,22,0,3,0.03513474762439728,0.0,-0.017134930938482285,0.030559254810214043,-4.336808689942018e-19,0.03513474762439728,0.0,0,1,0.9076923131942749,0.2094469155167731,13,1.661538461366525,0.010156771061276184,0.008629594681531015,0.03513474762439728,-0.017134930938482285,0.03513474762439728,0.017134930938482285,0.011779073625802994,0.012672248296439648,0.011779073625802994,1
3003,22,0,4,0.024145329371094704,0.036000000312924385,-0.010109917260706425,0.03634732961654663,0.002076923016745309,0.024145329371094704,0.036000000312924385,1,4,0.9076921939849854,0.20944694064039504,13,1.661538353333106,0.012918991049711384,0.008911432213419992,0.011854670941829681,-0.012186840277451734,0.011854670941829681,0.012186840277451734,0.0065408810041844845,0.015164745040237904,0.0065408810041844845,1
3003,22,0,5,0.037334710359573364,0.029999999329447746,-0.005291163455694914,0.04400547221302986,-6.447617743529643e-11,0.037334710359573364,0.029999999329447746,1,3,0.9076921939849854,0.20944694064039504,13,1.661538353333106,0.008441100000493928,0.00608968885185627,0.007334711030125618,-0.005291163391218736,0.007334711030125618,0.005291163391218736,0.008604535833001137,0.010042175650596619,0.008604535833001137,1
3003,22,1,0,0.02287958562374115,0.017999999225139618,-0.0012943189358338714,0.0008740276098251343,0.0,0.02287958562374115,0.017999999225139618,1,3,0.007692307233810425,0.20944694064039504,13,1.661538353333106,0.00332350115462255,0.0026209032350390624,0.004879586398601532,-0.0012943189358338714,0.004879586398601532,0.0012943189358338714,0.0033587459474802017,0.011310181580483913,0.0033587459474802017,1
3003,22,1,2,0.018947940319776535,0.030000001192092896,-0.0014214763650670648,0.021696746349334717,-0.0020769241773165095,0.018947940319776535,0.030000001192092896,1,4,0.007692307233810425,0.20944694064039504,13,1.6615383533331063,0.0047408553309778905,0.0038219111029213003,0.01105206087231636,0.0006554478122494448,0.01105206087231636,0.0006554478122494448,0.0046546063385903835,0.007686896249651909,0.0046546063385903835,1
3003,22,1,3,0.02098766714334488,0.0,-0.011202751658856869,-0.01105628814548254,0.0,0.02098766714334488,0.0,0,1,0.9076923131942749,0.2094469155167731,13,1.661538461366525,0.005060069211640713,0.0036710988752235323,0.02098766714334488,-0.011202751658856869,0.02098766714334488,0.011202751658856869,0.009013387374579906,0.00595833221450448,0.009013387374579906,1
3003,22,1,4,0.02179999090731144,0.012000001966953278,-0.0015138353919610381,-0.0033540353178977966,0.0,0.02179999090731144,0.012000001966953278,1,3,0.9076921939849854,0.20944694064039504,13,1.661538353333106,0.0037325653410149417,0.0027915561163919214,0.009799988940358162,-0.0015138353919610381,0.009799988940358162,0.0015138353919610381,0.002627042820677161,0.01158817671239376,0.002627042820677161,1
3003,22,1,5,0.023942749947309494,0.04499999945983291,-0.0017147645121440291,-0.0069032455794513226,-0.006230768953521659,0.023942749947309494,0.04499999945983291,1,4,0.9076921939849854,0.20944694064039504,13,1.661538353333106,0.011358203445967571,0.00934068246926429,0.021057249512523413,0.0045160044413776294,0.021057249512523413,0.0045160044413776294,0.007146516814827919,0.008962211199104786,0.007146516814827919,1
3003,22,2,0,0.01993579976260662,0.03899999521672726,-0.005740937311202288,0.04074382036924362,0.0020769227588406,0.01993579976260662,0.03899999521672726,1,4,0.007692307233810425,0.20944694064039504,13,1.661538353333106,0.00808207152243171,0.006126175292894332,0.019064195454120636,-0.007817860070042888,0.019064195454120636,0.007817860070042888,0.008653199300169945,0.013452254235744476,0.008653199300169945,1
3003,22,2,1,0.023136479780077934,0.03599999658763409,-0.005450813099741936,-0.0007622012053616345,-1.289523557379546e-10,0.023136479780077934,0.03599999658763409,1,3,0.9076921939849854,0.20944694064039504,13,1.661538353333106,0.005683298285258454,0.005026546739504711,0.012863516807556152,-0.00545081297078958,0.012863516807556152,0.00545081297078958,0.005835163872689009,0.01227897871285677,0.005835163872689009,1
3003,22,2,3,0.017051737755537033,0.0,-0.004827966447919607,-0.007664106786251068,0.0,0.017051737755537033,0.0,0,1,0.9076923131942749,0.2094469155167731,13,1.661538461366525,0.005364775826311863,0.004747214120917419,0.017051737755537033,-0.004827966447919607,0.017051737755537033,0.004827966447919607,0.007283802609890699,0.014768765307962894,0.007283802609890699,1
3003,22,2,4,0.021648364141583443,0.03599999565631151,-0.0027203212957829237,-0.003865811275318265,0.0020769226943644185,0.021648364141583443,0.03599999565631151,1,4,0.9076921939849854,0.20944694064039504,13,1.661538353333106,0.010009513132495543,0.007624756017170803,0.01435163151472807,-0.004797243990147342,0.01435163151472807,0.004797243990147342,0.006932221353054047,0.015262676402926445,0.006932221353054047,1
3003,22,2,5,0.02208130434155464,0.02999999839812517,-0.005411072168499231,-0.0007654083892703056,-6.44761778689773e-11,0.02208130434155464,0.02999999839812517,1,3,0.9076921939849854,0.20944694064039504,13,1.661538353333106,0.005274544944883718,0.004633126628844167,0.00791869405657053,-0.0054110721040230535,0.00791869405657053,0.0054110721040230535,0.006197115872055292,0.011248319409787655,0.006197115872055292,1
3003,23,0,1,0.06504166126251221,0.03599999099969864,-0.023123959079384804,-0.01654929108917713,-5.158094229518184e-10,0.06504166126251221,0.03599999099969864,1,3,0.9076921939849854,0.20944694064039504,13,1.661538353333106,0.02096784414684517,0.018600347038556838,0.029041670262813568,-0.02312395856357538,0.029041670262813568,0.02312395856357538,0.009291991591453552,0.0192117802798748,0.009291991591453552,1
3003,23,0,2,0.0603521429002285,0.030000001192092896,-0.025980139151215553,-0.021877827122807503,0.0020769210824599788,0.0603521429002285,0.030000001192092896,1,4,0.9076921939849854,0.20944694064039504,13,1.6615383533331063,0.017977782286116253,0.015299039215025817,0.030352141708135605,-0.028057060233675532,0.030352141708135605,0.028057060233675532,0.010591326281428337,0.023836703971028328,0.010591326281428337,1
3003,23,0,3,0.07572086155414581,0.0,-0.034326616674661636,-0.03021138906478882,0.0,0.07572086155414581,0.0,0,1,0.9076923131942749,0.2094469155167731,13,1.661538461366525,0.02169325361357358,0.018065544715999853,0.07572086155414581,-0.034326616674661636,0.07572086155414581,0.034326616674661636,0.015189277939498425,0.029166122898459435,0.015189277939498425,1
3003,23,0,4,0.06034926697611809,0.035999998450279236,-0.025514891371130943,-0.02382463961839676,-0.008307692582790654,0.06034926697611809,0.035999998450279236,1,4,0.9076921939849854,0.20944694064039504,13,1.661538353333106,0.01867016977563148,0.014992350745483262,0.024349268525838852,-0.01720719878834029,0.024349268525838852,0.01720719878834029,0.010235766880214214,0.024373160675168037,0.010235766880214214,1
3003,23,0,5,0.06588944792747498,0.030000001192092896,-0.02394137531518936,-0.01677034981548786,0.0,0.06588944792747498,0.030000001192092896,1,3,0.9076921939849854,0.20944694064039504,13,1.661538353333106,0.021368685562538677,0.01900346295015346,0.03588944673538208,-0.02394137531518936,0.03588944673538208,0.02394137531518936,0.009218885563313961,0.018740380182862282,0.009218885563313961,1
3003,23,1,0,0.022737499326467514,0.017999999225139618,-0.001810339861549437,0.00023862160742282867,0.0,0.022737499326467514,0.017999999225139618,1,3,0.9076921939849854,0.20944694064039504,13,1.661538353333106,0.0031264377534847214,0.0025953905734084765,0.004737500101327896,-0.001810339861549437,0.004737500101327896,0.001810339861549437,0.004936696961522102,0.012780369259417057,0.004936696961522102,1
3003,23,1,2,0.019797859713435173,0.030000001192092896,-0.00306642591021955,-0.001331216306425631,0.0020769241773165165,0.019797859713435173,0.030000001192092896,1,4,0.9076921939849854,0.20944694064039504,13,1.6615383533331063,0.004110476219501328,0.0035716287086348555,0.010202141478657722,-0.005143350087536067,0.010202141478657722,0.005143350087536067,0.0031846710480749607,0.009482288733124733,0.0031846710480749607,1
3003,23,1,3,0.022356703877449036,0.0,-0.012278218753635883,-0.007533557713031769,0.0,0.022356703877449036,0.0,0,1,0.9076923131942749,0.2094469155167731,13,1.661538461366525,0.005329456442965011,0.003845292523767821,0.022356703877449036,-0.012278218753635883,0.022356703877449036,0.012278218753635883,0.006626765709370375,0.00624694162979722,0.006626765709370375,1
3003,23,1,4,0.022666651755571365,0.012000001966953278,0.0019202703842893243,2.089173904096242e-05,0.0,0.022666651755571365,0.012000001966953278,1,3,0.9076921939849854,0.20944694064039504,13,1.661538353333106,0.0035609789675143,0.0028482173850550457,0.010666649788618088,0.0019202703842893243,0.010666649788618088,0.0019202703842893243,0.003924030344933271,0.011671463958919048,0.003924030344933271,1
3003,23,1,5,0.027299843728542328,0.04499999945983291,-0.00425781449303031,-0.002953765681013465,-0.006230768953521659,0.027299843728542328,0.04499999945983291,1,4,0.9076921939849854,0.20944694064039504,13,1.661538353333106,0.012276316848930921,0.010130300147998967,0.01770015573129058,0.001972954460491349,0.01770015573129058,0.001972954460491349,0.007367642130702734,0.010933115147054195,0.007367642130702734,1
3003,23,2,0,0.017151938751339912,0.03899999661371112,0.0020737675949931145,0.007115672808140516,0.0020769231134595764,0.017151938751339912,0.03899999661371112,1,4,0.9076921939849854,0.20944694064039504,13,1.661538353333106,0.008975564131092767,0.0073307291687240254,0.021848057862371206,-3.1555184664619484e-06,0.021848057862371206,3.1555184664619484e-06,0.0029421434737741947,0.009192224591970444,0.0029421434737741947,1
3003,23,2,1,0.01762949861586094,0.036000000312924385,0.005285169463604689,0.007177285850048065,-1.2895235226850765e-10,0.01762949861586094,0.036000000312924385,1,3,0.9076921939849854,0.20944694064039504,13,1.661538353333106,0.007487092757232837,0.006292666209387708,0.018370501697063446,0.005285169592557041,0.018370501697063446,0.005285169592557041,0.00487603060901165,0.005309334956109524,0.00487603060901165,1
3003,23,2,3,0.022301342338323593,0.0,0.0004986457643099129,0.0036653559654951096,0.0,0.022301342338323593,0.0,0,1,0.9076923131942749,0.2094469155167731,13,1.661538461366525,0.005974629152329343,0.004753971141735478,0.022301342338323593,0.0004986457643099129,0.022301342338323593,0.0004986457643099129,0.006189389154314995,0.004933370277285576,0.006189389154314995,1
3003,23,2,4,0.017723018303513527,0.03599999798461795,0.006586804520338774,0.006833970081061125,0.0020769229845072207,0.017723018303513527,0.03599999798461795,1,4,0.9076921939849854,0.20944694064039504,13,1.661538353333106,0.00955341545217365,0.006899699805712206,0.01827697968110442,0.004509881535831553,0.01827697968110442,0.004509881535831553,0.004596923943608999,0.006054142024368048,0.004596923943608999,1
3003,23,2,5,0.018282165750861168,0.02999999839812517,0.005120000336319208,0.0070624202489852905,6.44761778689773e-11,0.018282165750861168,0.02999999839812517,1,3,0.9076921939849854,0.20944694064039504,13,1.661538353333106,0.00679341816795522,0.005883980520378204,0.011717832647264004,0.00512000027184303,0.011717832647264004,0.00512000027184303,0.004400218371301889,0.006639473605901003,0.004400218371301889,1
