seed,state_idx,ego_id,neighbor_id,learned_score,oracle_score,learned_signed,learned_direction_row_aipw,oracle_signed,learned_range,oracle_range,oracle_q_nonconstant,oracle_q_distinct_levels,observed_action_probability,policy_support_entropy,valid_action_count,target_policy_l1_to_uniform,q_centered_rmse,q_centered_mae,abs_error,signed_error,capacity_abs_error,direction_abs_error,proxy_sigma,capacity_sigma,direction_sigma,dr_applied
3003,0,0,1,0.01598694920539856,0.017999999225139618,-0.0007419092580676079,-0.0007419092580676079,0.0,0.01598694920539856,0.017999999225139618,1,3,0.9076921939849854,0.20944694064039504,13,1.661538353333106,0.0017709409388737627,0.0015379060420031851,0.0020130500197410583,-0.0007419092580676079,0.0020130500197410583,0.0007419092580676079,0.0017402672674506903,0.006753535475581884,0.0017402672674506903,0
3003,0,0,2,0.0163116492331028,0.012000000104308128,0.0026919033844023943,0.0026919033844023943,0.0,0.0163116492331028,0.012000000104308128,1,3,0.9076921939849854,0.20944694064039504,13,1.661538353333106,0.002147532673974007,0.0019231592330836399,0.00431164912879467,0.0026919033844023943,0.00431164912879467,0.0026919033844023943,0.004993352107703686,0.004341135732829571,0.004993352107703686,0
3003,0,0,3,0.012922350317239761,0.0,-0.005012294743210077,-0.005012294743210077,0.0,0.012922350317239761,0.0,0,1,0.007692308165132999,0.2094469155167731,13,1.661538461366525,0.0029825639353262766,0.002162876142155842,0.012922350317239761,-0.005012294743210077,0.012922350317239761,0.005012294743210077,0.0033634062856435776,0.010114260017871857,0.0033634062856435776,0
3003,0,0,4,0.012671403586864471,0.0,-0.00047318427823483944,-0.00047318427823483944,0.0,0.012671403586864471,0.0,0,1,0.9076921939849854,0.20944694064039504,13,1.661538353333106,0.0031319718525201472,0.002503983672128263,0.012671403586864471,-0.00047318427823483944,0.012671403586864471,0.00047318427823483944,0.005503052845597267,0.007705850061029196,0.005503052845597267,0
3003,0,0,5,0.01662587560713291,0.035999998450279236,0.002035201992839575,0.002035201992839575,0.0,0.01662587560713291,0.035999998450279236,1,3,0.9076921939849854,0.20944694064039504,13,1.661538353333106,0.004457153026740578,0.003293296163102623,0.019374122843146324,0.002035201992839575,0.019374122843146324,0.002035201992839575,0.004523091018199921,0.008211467415094376,0.004523091018199921,0
3003,0,1,0,0.014454115182161331,0.012000000104308128,0.0004668775654863566,0.0004668775654863566,0.0,0.014454115182161331,0.012000000104308128,1,3,0.9076921939849854,0.20944694064039504,13,1.661538353333106,0.0029849857286099505,0.0022189815263656525,0.002454115077853203,0.0004668775654863566,0.002454115077853203,0.0004668775654863566,0.0016550212167203426,0.005138025153428316,0.0016550212167203426,0
3003,0,1,2,0.013327667489647865,0.035999998450279236,-0.0003152979479636997,-0.0003152979479636997,0.018692307150707785,0.013327667489647865,0.035999998450279236,1,4,0.9076921939849854,0.20944694064039504,13,1.661538353333106,0.015084764335483527,0.013767925822127823,0.02267233096063137,-0.019007605098671485,0.02267233096063137,0.019007605098671485,0.00166973692830652,0.0047247326001524925,0.00166973692830652,0
3003,0,1,3,0.01126428134739399,0.0,-0.0026754802092909813,-0.0026754802092909813,0.0,0.01126428134739399,0.0,0,1,0.007692308165132999,0.2094469155167731,13,1.661538461366525,0.0034321980153289113,0.0029678702793227364,0.01126428134739399,-0.0026754802092909813,0.01126428134739399,0.0026754802092909813,0.002087958389893174,0.007234071847051382,0.002087958389893174,0
3003,0,1,4,0.011416606605052948,0.0,-0.005486284848302603,-0.005486284848302603,0.0,0.011416606605052948,0.0,0,1,0.9076921939849854,0.20944694064039504,13,1.661538353333106,0.0035748539948611178,0.0029704027424136605,0.011416606605052948,-0.005486284848302603,0.011416606605052948,0.005486284848302603,0.0048131197690963745,0.005966533441096544,0.0048131197690963745,0
3003,0,1,5,0.015839718282222748,0.035999998450279236,-0.0006877014529891312,-0.0006877014529891312,0.0,0.015839718282222748,0.035999998450279236,1,3,0.9076921939849854,0.20944694064039504,13,1.661538353333106,0.005169071551097276,0.003423062523071979,0.020160280168056488,-0.0006877014529891312,0.020160280168056488,0.0006877014529891312,0.005761038977652788,0.005379333160817623,0.005761038977652788,0
3003,0,2,0,0.011137205176055431,0.012000000104308128,0.0018441801657900214,0.0018441801657900214,0.0,0.011137205176055431,0.012000000104308128,1,3,0.9076921939849854,0.20944694064039504,13,1.661538353333106,0.002502090411960723,0.0020437566219063024,0.000862794928252697,0.0018441801657900214,0.000862794928252697,0.0018441801657900214,0.0033573030959814787,0.003908422309905291,0.0033573030959814787,0
3003,0,2,1,0.014971783384680748,0.017999999225139618,-0.0021060749422758818,-0.0021060749422758818,0.0,0.014971783384680748,0.017999999225139618,1,3,0.9076921939849854,0.20944694064039504,13,1.661538353333106,0.0033710882166394247,0.0027888276295312104,0.00302821584045887,-0.0021060749422758818,0.00302821584045887,0.0021060749422758818,0.0015961675671860576,0.005041937809437513,0.0015961675671860576,0
3003,0,2,3,0.010698389261960983,0.0,-0.0019046120578423142,-0.0019046120578423142,0.0,0.010698389261960983,0.0,0,1,0.007692308165132999,0.2094469155167731,13,1.661538461366525,0.003227525856643281,0.0025821022883769865,0.010698389261960983,-0.0019046120578423142,0.010698389261960983,0.0019046120578423142,0.003660329384729266,0.00496900686994195,0.003660329384729266,0
3003,0,2,4,0.008377847261726856,0.0,-0.00316946511156857,-0.00316946511156857,0.0,0.008377847261726856,0.0,0,1,0.9076921939849854,0.20944694064039504,13,1.661538353333106,0.0028384857849675857,0.002394458152265591,0.008377847261726856,-0.00316946511156857,0.008377847261726856,0.00316946511156857,0.002958600642159581,0.003406316041946411,0.002958600642159581,0
3003,0,2,5,0.013626709580421448,0.035999998450279236,0.0013628253946080804,0.0013628253946080804,0.0,0.013626709580421448,0.035999998450279236,1,3,0.9076921939849854,0.20944694064039504,13,1.661538353333106,0.005007273563798386,0.00326999463950361,0.022373288869857788,0.0013628253946080804,0.022373288869857788,0.0013628253946080804,0.0028472826816141605,0.004993868991732597,0.0028472826816141605,0
3003,1,0,1,0.012117930687963963,0.017999999225139618,0.0018894122913479805,0.0018894122913479805,0.0,0.012117930687963963,0.017999999225139618,1,3,0.9076921939849854,0.20944694064039504,13,1.661538353333106,0.0018870512578175677,0.001496348087124791,0.005882068537175655,0.0018894122913479805,0.005882068537175655,0.0018894122913479805,0.0016741743311285973,0.002393074333667755,0.0016741743311285973,0
3003,1,0,2,0.011501913890242577,0.012000000104308128,-0.0011163990711793303,-0.0011163990711793303,0.0,0.011501913890242577,0.012000000104308128,1,3,0.9076921939849854,0.20944694064039504,13,1.6615383533331063,0.0013044375332709917,0.0008648906396316178,0.0004980862140655518,-0.0011163990711793303,0.0004980862140655518,0.0011163990711793303,0.0033789128065109253,0.0017368894768878818,0.0033789128065109253,0
3003,1,0,3,0.009956590831279755,0.0,-0.0012150023831054568,-0.0012150023831054568,0.0,0.009956590831279755,0.0,0,1,0.9076923131942749,0.2094469155167731,13,1.661538461366525,0.0026658046368907393,0.002128834459729515,0.009956590831279755,-0.0012150023831054568,0.009956590831279755,0.0012150023831054568,0.005359148606657982,0.0026839624624699354,0.005359148606657982,0
3003,1,0,4,0.007083501201122999,0.0,-0.0015303533291444182,-0.0015303533291444182,0.0,0.007083501201122999,0.0,0,1,0.9076921939849854,0.20944694064039504,13,1.661538353333106,0.0020515510951250545,0.0016961597986298906,0.007083501201122999,-0.0015303533291444182,0.007083501201122999,0.0015303533291444182,0.0033560150768607855,0.0015462379669770598,0.0033560150768607855,0
3003,1,0,5,0.014011568389832973,0.035999998450279236,0.0034760774578899145,0.0034760774578899145,0.0,0.014011568389832973,0.035999998450279236,1,3,0.9076921939849854,0.20944694064039504,13,1.661538353333106,0.004847427263052796,0.0032862487301428818,0.021988430060446262,0.0034760774578899145,0.021988430060446262,0.0034760774578899145,0.0031381601002067327,0.004657801706343889,0.0031381601002067327,0
3003,1,1,0,0.010227581486105919,0.012000000104308128,-0.0021374698262661695,-0.0021374698262661695,0.0,0.010227581486105919,0.012000000104308128,1,3,0.9076921939849854,0.20944694064039504,13,1.661538353333106,0.0020221076302369945,0.0016362920951803587,0.0017724186182022095,-0.0021374698262661695,0.0017724186182022095,0.0021374698262661695,0.0038099379744380713,0.0009168822434730828,0.0038099379744380713,0
3003,1,1,2,0.009879200719296932,0.012000000104308128,0.0008070405456237495,0.0008070405456237495,0.0,0.009879200719296932,0.012000000104308128,1,3,0.9076921939849854,0.20944694064039504,13,1.6615383533331063,0.002524916852095457,0.002074080085920545,0.002120799385011196,0.0008070405456237495,0.002120799385011196,0.0008070405456237495,0.0051270537078380585,0.003177313134074211,0.0051270537078380585,0
3003,1,1,3,0.010164971463382244,0.0,-0.0014297837624326348,-0.0014297837624326348,0.0,0.010164971463382244,0.0,0,1,0.9076923131942749,0.2094469155167731,13,1.661538461366525,0.0025763801523645976,0.0019658091918912514,0.010164971463382244,-0.0014297837624326348,0.010164971463382244,0.0014297837624326348,0.0026343774516135454,0.003818515222519636,0.0026343774516135454,0
3003,1,1,4,0.0077459621243178844,0.0,-0.0009303730330429971,-0.0009303730330429971,0.0,0.0077459621243178844,0.0,0,1,0.9076921939849854,0.20944694064039504,13,1.661538353333106,0.002111466915970901,0.0017347631162478857,0.0077459621243178844,-0.0009303730330429971,0.0077459621243178844,0.0009303730330429971,0.0018081606831401587,0.0035229320637881756,0.0018081606831401587,0
3003,1,1,5,0.014450772665441036,0.035999998450279236,0.000700745265930891,0.000700745265930891,0.0,0.014450772665441036,0.035999998450279236,1,3,0.9076921939849854,0.20944694064039504,13,1.661538353333106,0.005329981007778388,0.0033540677240658442,0.0215492257848382,0.000700745265930891,0.0215492257848382,0.000700745265930891,0.0032870033755898476,0.0033805398270487785,0.0032870033755898476,0
3003,1,2,0,0.016104640439152718,0.012000001035630703,-0.0019301356514915824,-0.0019301356514915824,-6.44761778689773e-11,0.016104640439152718,0.012000001035630703,1,3,0.9076921939849854,0.20944694064039504,13,1.661538353333106,0.0034157077803161464,0.0025542666749841358,0.004104639403522015,-0.0019301355870154045,0.004104639403522015,0.0019301355870154045,0.003213984426110983,0.009401232935488224,0.003213984426110983,0
3003,1,2,1,0.013507596217095852,0.038999998942017555,-0.0004826554504688829,-0.0004826554504688829,0.0020769230167453114,0.013507596217095852,0.038999998942017555,1,4,0.9076921939849854,0.20944694064039504,13,1.661538353333106,0.008524252343107466,0.004790318611810898,0.025492402724921703,-0.0025595784672141943,0.025492402724921703,0.0025595784672141943,0.003410596866160631,0.008191038854420185,0.003410596866160631,0
3003,1,2,3,0.016045961529016495,0.0,-0.0007418746245093644,-0.0007418746245093644,-3.469446951953614e-18,0.016045961529016495,0.0,0,1,0.9076923131942749,0.2094469155167731,13,1.661538461366525,0.0038345203306472163,0.0029650944114260423,0.016045961529016495,-0.0007418746245093609,0.016045961529016495,0.0007418746245093609,0.004031868651509285,0.009972977451980114,0.004031868651509285,0
3003,1,2,4,0.013574564829468727,0.0,0.003379164496436715,0.003379164496436715,0.0,0.013574564829468727,0.0,0,1,0.9076921939849854,0.20944694064039504,13,1.661538353333106,0.00350703374883221,0.0028313776180588987,0.013574564829468727,0.003379164496436715,0.013574564829468727,0.003379164496436715,0.001061165239661932,0.009285121224820614,0.001061165239661932,0
3003,1,2,5,0.01376250758767128,0.035999998450279236,-0.0005828237044624984,-0.0005828237044624984,0.0,0.01376250758767128,0.035999998450279236,1,3,0.9076921939849854,0.20944694064039504,13,1.661538353333106,0.005258385218136535,0.0037285415400591113,0.022237490862607956,-0.0005828237044624984,0.022237490862607956,0.0005828237044624984,0.0035531374160200357,0.007218655198812485,0.0035531374160200357,0
3003,2,0,1,0.012496230192482471,0.01799999736249447,0.0008225038181990385,0.0008225038181990385,1.289523557379546e-10,0.012496230192482471,0.01799999736249447,1,3,0.9076921939849854,0.20944694064039504,13,1.661538353333106,0.004233911000093077,0.002955012365117582,0.005503767170011997,0.0008225036892466828,0.005503767170011997,0.0008225036892466828,0.0034817210398614407,0.0048809964209795,0.0034817210398614407,0
3003,2,0,2,0.010286055505275726,0.011999998241662979,0.0019469177350401878,0.0019469177350401878,0.0,0.010286055505275726,0.011999998241662979,1,3,0.9076921939849854,0.20944694064039504,13,1.6615383533331063,0.0031825726409630307,0.002423183761052127,0.0017139427363872528,0.0019469177350401878,0.0017139427363872528,0.0019469177350401878,0.001359280082397163,0.006558281369507313,0.001359280082397163,0
3003,2,0,3,0.011279413476586342,0.0,0.0021390048786997795,0.0021390048786997795,0.0,0.011279413476586342,0.0,0,1,0.9076923131942749,0.2094469155167731,13,1.661538461366525,0.0028147937185680674,0.001992933297827399,0.011279413476586342,0.0021390048786997795,0.011279413476586342,0.0021390048786997795,0.004074119031429291,0.003410548670217395,0.004074119031429291,0
3003,2,0,4,0.011008952744305134,0.0,-0.00046211775043047965,-0.00046211775043047965,0.0,0.011008952744305134,0.0,0,1,0.9076921939849854,0.20944694064039504,13,1.661538353333106,0.0027955716218038933,0.0020291857509570715,0.011008952744305134,-0.00046211775043047965,0.011008952744305134,0.00046211775043047965,0.003137079067528248,0.00405704602599144,0.003137079067528248,0
3003,2,0,5,0.01525555644184351,0.036000000312924385,0.005709411576390266,0.005709411576390266,-1.289523557379546e-10,0.01525555644184351,0.036000000312924385,1,3,0.9076921939849854,0.20944694064039504,13,1.661538353333106,0.006897496799965687,0.00435852348672215,0.020744443871080875,0.005709411705342622,0.020744443871080875,0.005709411705342622,0.007606301456689835,0.005334364715963602,0.007606301456689835,0
3003,2,1,0,0.008932577446103096,0.012000000104308128,0.0007980925147421658,0.0007980925147421658,0.0,0.008932577446103096,0.012000000104308128,1,3,0.9076921939849854,0.20944694064039504,13,1.661538353333106,0.0017997825603652555,0.0015425348389871728,0.0030674226582050323,0.0007980925147421658,0.0030674226582050323,0.0007980925147421658,0.0019134123576804996,0.005220174789428711,0.0019134123576804996,0
3003,2,1,2,0.010800134390592575,0.012000000104308128,0.000513763225171715,0.000513763225171715,0.0,0.010800134390592575,0.012000000104308128,1,3,0.9076921939849854,0.20944694064039504,13,1.6615383533331063,0.0023193435575997695,0.002031141035148555,0.0011998657137155533,0.000513763225171715,0.0011998657137155533,0.000513763225171715,0.002221842994913459,0.0022226611617952585,0.002221842994913459,0
3003,2,1,3,0.00939648412168026,0.0,-0.0021564483176916838,-0.0021564483176916838,8.673617379884035e-19,0.00939648412168026,0.0,0,1,0.9076923131942749,0.2094469155167731,13,1.661538461366525,0.0026218078673248667,0.0019940892670141015,0.00939648412168026,-0.0021564483176916846,0.00939648412168026,0.0021564483176916846,0.002574124140664935,0.0033070819918066263,0.002574124140664935,0
3003,2,1,4,0.006499535404145718,0.0,-0.000901919964235276,-0.000901919964235276,0.0,0.006499535404145718,0.0,0,1,0.9076921939849854,0.20944694064039504,13,1.661538353333106,0.0019028211163660059,0.0015561940071321804,0.006499535404145718,-0.000901919964235276,0.006499535404145718,0.000901919964235276,0.0007777928258292377,0.0036589927040040493,0.0007777928258292377,0
3003,2,1,5,0.013497072272002697,0.03599999751895666,-0.0012782252160832286,-0.0012782252160832286,-6.447617873633904e-11,0.013497072272002697,0.03599999751895666,1,3,0.9076921939849854,0.20944694064039504,13,1.661538353333106,0.004964175391148399,0.0032527480583042787,0.022502925246953964,-0.0012782251516070499,0.022502925246953964,0.0012782251516070499,0.002193299587816,0.005182042717933655,0.002193299587816,0
3003,2,2,0,0.013502698391675949,0.012000001035630703,0.0050808037631213665,0.0050808037631213665,-6.44761778689773e-11,0.013502698391675949,0.012000001035630703,1,3,0.9076921939849854,0.20944694064039504,13,1.661538353333106,0.0036923015849062188,0.0030518481011926773,0.0015026973560452461,0.005080803827597544,0.0015026973560452461,0.005080803827597544,0.003551859175786376,0.011571544222533703,0.003551859175786376,0
3003,2,2,1,0.014325561001896858,0.017999999225139618,0.005883896257728338,0.005883896257728338,0.0,0.014325561001896858,0.017999999225139618,1,3,0.9076921939849854,0.20944694064039504,13,1.661538353333106,0.0036967415007888396,0.0029507965598938733,0.0036744382232427597,0.005883896257728338,0.0036744382232427597,0.005883896257728338,0.0051274788565933704,0.009549645707011223,0.0051274788565933704,0
3003,2,2,3,0.0125020332634449,0.0,0.0002052287309197709,0.0002052287309197709,-3.469446951953614e-18,0.0125020332634449,0.0,0,1,0.9076923131942749,0.2094469155167731,13,1.661538461366525,0.0032678712164632873,0.002582567264518794,0.0125020332634449,0.00020522873091977437,0.0125020332634449,0.00020522873091977437,0.005277372431010008,0.00891487393528223,0.005277372431010008,0
3003,2,2,4,0.012790657579898834,0.0,-0.0006419473211281002,-0.0006419473211281002,0.0,0.012790657579898834,0.0,0,1,0.9076921939849854,0.20944694064039504,13,1.661538353333106,0.0032377996287100605,0.0026416237846281403,0.012790657579898834,-0.0006419473211281002,0.012790657579898834,0.0006419473211281002,0.004074040334671736,0.00898470263928175,0.004074040334671736,0
3003,2,2,5,0.013478705659508705,0.035999998450279236,0.0017105722799897194,0.0017105722799897194,0.0,0.013478705659508705,0.035999998450279236,1,3,0.9076921939849854,0.20944694064039504,13,1.661538353333106,0.005841249489100519,0.004323820280429174,0.02252129279077053,0.0017105722799897194,0.02252129279077053,0.0017105722799897194,0.004962462931871414,0.008514001034200191,0.004962462931871414,0
3003,3,0,1,0.02225770242512226,0.018000006675720215,0.0026823647785931826,0.0026823647785931826,0.0,0.02225770242512226,0.018000006675720215,1,3,0.9076921939849854,0.20944694064039504,13,1.661538353333106,0.006355687665104225,0.0055426925602617,0.004257695749402046,0.0026823647785931826,0.004257695749402046,0.0026823647785931826,0.012115931138396263,0.011828994378447533,0.012115931138396263,0
3003,3,0,2,0.022685423493385315,0.01199999451637268,0.003537464886903763,0.003537464886903763,-0.0007615399997967787,0.022685423493385315,0.01199999451637268,1,4,0.9076921939849854,0.20944694064039504,13,1.6615383533331063,0.007697416654288424,0.007079282411292867,0.010685428977012634,0.0042990048867005415,0.010685428977012634,0.0042990048867005415,0.010953547433018684,0.005275518633425236,0.010953547433018684,0
3003,3,0,3,0.024314893409609795,0.0,-0.003018079325556755,-0.003018079325556755,-1.3877787807814457e-17,0.024314893409609795,0.0,0,1,0.007692308165132999,0.2094469155167731,13,1.661538461366525,0.006858317394580249,0.006042321820153728,0.024314893409609795,-0.003018079325556741,0.024314893409609795,0.003018079325556741,0.0027965649496763945,0.011778700165450573,0.0027965649496763945,0
3003,3,0,4,0.02621946856379509,0.0,0.009970379061996937,0.009970379061996937,0.0,0.02621946856379509,0.0,0,1,0.9076921939849854,0.20944694064039504,13,1.661538353333106,0.0073619609366584095,0.005973978989313979,0.02621946856379509,0.009970379061996937,0.02621946856379509,0.009970379061996937,0.0068441592156887054,0.007201877888292074,0.0068441592156887054,0
3003,3,0,5,0.03331778943538666,0.035999998450279236,0.004292661789804697,0.004292661789804697,0.0,0.03331778943538666,0.035999998450279236,1,3,0.9076921939849854,0.20944694064039504,13,1.661538353333106,0.008155622980818117,0.006892016188333848,0.002682209014892578,0.004292661789804697,0.002682209014892578,0.004292661789804697,0.009731452912092209,0.016614751890301704,0.009731452912092209,0
3003,3,1,0,0.007974373176693916,0.012000000104308128,-0.001135932863689959,-0.001135932863689959,0.0,0.007974373176693916,0.012000000104308128,1,3,0.9076921939849854,0.20944694064039504,13,1.661538353333106,0.0019018756626272865,0.0016326098730401878,0.004025626927614212,-0.001135932863689959,0.004025626927614212,0.001135932863689959,0.0026204283349215984,0.005901210941374302,0.0026204283349215984,0
3003,3,1,2,0.008915071375668049,0.012000000104308128,0.0008433668990619481,0.0008433668990619481,-0.0007615385813208708,0.008915071375668049,0.012000000104308128,1,4,0.9076921939849854,0.20944694064039504,13,1.6615383533331063,0.0018473363760455174,0.0014646390684433944,0.0030849287286400795,0.0016049054803828188,0.0030849287286400795,0.0016049054803828188,0.0027295781765133142,0.005465000867843628,0.0027295781765133142,0
3003,3,1,3,0.009264564141631126,0.0,-0.0005357724730856717,-0.0005357724730856717,8.673617379884035e-19,0.009264564141631126,0.0,0,1,0.007692308165132999,0.2094469155167731,13,1.661538461366525,0.0025406142240816643,0.0019775330455499814,0.009264564141631126,-0.0005357724730856725,0.009264564141631126,0.0005357724730856725,0.004060272593051195,0.006561407819390297,0.004060272593051195,0
3003,3,1,4,0.006886230781674385,0.0,0.0003888072678819299,0.0003888072678819299,0.0,0.006886230781674385,0.0,0,1,0.9076921939849854,0.20944694064039504,13,1.661538353333106,0.001963678640296425,0.0016382870060452344,0.006886230781674385,0.0003888072678819299,0.006886230781674385,0.0003888072678819299,0.0032571125775575638,0.006284461822360754,0.0032571125775575638,0
3003,3,1,5,0.013447526842355728,0.03599999751895666,-0.0021029578056186438,-0.0021029578056186438,-6.447617873633904e-11,0.013447526842355728,0.03599999751895666,1,3,0.9076921939849854,0.20944694064039504,13,1.661538353333106,0.00499941353133467,0.003365015633095651,0.022552470676600933,-0.002102957741142465,0.022552470676600933,0.002102957741142465,0.005041495896875858,0.006352593656629324,0.005041495896875858,0
3003,3,2,0,0.01593047007918358,0.012000001035630703,-0.0004132380709052086,-0.0004132380709052086,-6.44761778689773e-11,0.01593047007918358,0.012000001035630703,1,3,0.9076921939849854,0.20944694064039504,13,1.661538353333106,0.003290240630341475,0.0023159701818016155,0.0039304690435528755,-0.0004132380064290307,0.0039304690435528755,0.0004132380064290307,0.0020083824638277292,0.007848969660699368,0.0020083824638277292,0
3003,3,2,1,0.01625501736998558,0.017999999225139618,0.001585132791660726,0.001585132791660726,0.0,0.01625501736998558,0.017999999225139618,1,3,0.9076921939849854,0.20944694064039504,13,1.661538353333106,0.0034874980238384294,0.0023347780813832253,0.0017449818551540375,0.001585132791660726,0.0017449818551540375,0.001585132791660726,0.004742070101201534,0.0111123351380229,0.004742070101201534,0
3003,3,2,3,0.01714528165757656,0.0,-0.00039205700159072876,-0.00039205700159072876,-3.469446951953614e-18,0.01714528165757656,0.0,0,1,0.007692308165132999,0.2094469155167731,13,1.661538461366525,0.003980892156165501,0.002859791553408436,0.01714528165757656,-0.0003920570015907253,0.01714528165757656,0.0003920570015907253,0.003393591148778796,0.010441514663398266,0.003393591148778796,0
3003,3,2,4,0.014541387557983398,0.0,0.0006016430561430752,0.0006016430561430752,0.0,0.014541387557983398,0.0,0,1,0.9076921939849854,0.20944694064039504,13,1.661538353333106,0.0036141366952136566,0.002816944653113213,0.014541387557983398,0.0006016430561430752,0.014541387557983398,0.0006016430561430752,0.0023198311682790518,0.006656442768871784,0.0023198311682790518,0
3003,3,2,5,0.014182835817337036,0.047999998554587364,0.0008762230281718075,0.0008762230281718075,0.0020769230167453114,0.014182835817337036,0.047999998554587364,1,4,0.9076921939849854,0.20944694064039504,13,1.661538353333106,0.00956623427989283,0.005557757400020339,0.03381716273725033,-0.0012006999885735038,0.03381716273725033,0.0012006999885735038,0.0030439444817602634,0.009126724675297737,0.0030439444817602634,0
3003,4,0,1,0.01041540876030922,0.01799999736249447,0.0015249276766553521,0.0015249276766553521,1.289523557379546e-10,0.01041540876030922,0.01799999736249447,1,3,0.9076921939849854,0.20944694064039504,13,1.661538353333106,0.0023908499940619565,0.0019562157344888654,0.007584588602185249,0.0015249275477029964,0.007584588602185249,0.0015249275477029964,0.0016805793857201934,0.002703325357288122,0.0016805793857201934,0
3003,4,0,2,0.00782276876270771,0.012000001966953278,0.0031653670594096184,0.0031653670594096184,-0.0007615385813208725,0.00782276876270771,0.012000001966953278,1,4,0.9076921939849854,0.20944694064039504,13,1.6615383533331063,0.0023659670098884994,0.002114568082009547,0.004177233204245567,0.003926905640730491,0.004177233204245567,0.003926905640730491,0.001157453516498208,0.006784764118492603,0.001157453516498208,0
3003,4,0,3,0.006229925900697708,0.0,0.0014172600349411368,0.0014172600349411368,0.0,0.006229925900697708,0.0,0,1,0.9076923131942749,0.2094469155167731,13,1.661538461366525,0.0018832375218551622,0.0016179647539141617,0.006229925900697708,0.0014172600349411368,0.006229925900697708,0.0014172600349411368,0.004061796236783266,0.0051975129172205925,0.004061796236783266,0
3003,4,0,4,0.0065032485872507095,0.0,0.0004860249755438417,0.0004860249755438417,0.0,0.0065032485872507095,0.0,0,1,0.9076921939849854,0.20944694064039504,13,1.661538353333106,0.002048739052190969,0.0018032512588966529,0.0065032485872507095,0.0004860249755438417,0.0065032485872507095,0.0004860249755438417,0.0024781320244073868,0.006320002023130655,0.0024781320244073868,0
3003,4,0,5,0.010982908308506012,0.036000000312924385,0.0021799630485475063,0.0021799630485475063,-1.289523557379546e-10,0.010982908308506012,0.036000000312924385,1,3,0.9076921939849854,0.20944694064039504,13,1.661538353333106,0.005448705186922051,0.003501553727677587,0.025017092004418373,0.002179963177499862,0.025017092004418373,0.002179963177499862,0.008810511790215969,0.004279658198356628,0.008810511790215969,0
3003,4,1,0,0.013684233650565147,0.012000001966953278,-0.0012997351586818695,-0.0012997351586818695,0.0,0.013684233650565147,0.012000001966953278,1,3,0.9076921939849854,0.20944694064039504,13,1.661538353333106,0.0023578567231546015,0.0017373307481319948,0.0016842316836118698,-0.0012997351586818695,0.0016842316836118698,0.0012997351586818695,0.00214014807716012,0.004977013450115919,0.00214014807716012,0
3003,4,1,2,0.013223079964518547,0.012000001966953278,-0.0035517029464244843,-0.0035517029464244843,-0.0007615371628449594,0.013223079964518547,0.012000001966953278,1,4,0.9076921939849854,0.20944694064039504,13,1.6615383533331063,0.0017077370746129965,0.0011898461486813587,0.0012230779975652695,-0.002790165783579525,0.0012230779975652695,0.002790165783579525,0.005211641546338797,0.006790912710130215,0.005211641546338797,0
3003,4,1,3,0.01373029313981533,0.0,-0.00372961419634521,-0.00372961419634521,0.0,0.01373029313981533,0.0,0,1,0.9076923131942749,0.2094469155167731,13,1.661538461366525,0.004027524406069788,0.003462135284786393,0.01373029313981533,-0.00372961419634521,0.01373029313981533,0.00372961419634521,0.005443126428872347,0.004257040563970804,0.005443126428872347,0
3003,4,1,4,0.010231982916593552,0.0,-0.0012687770649790764,-0.0012687770649790764,0.0,0.010231982916593552,0.0,0,1,0.9076921939849854,0.20944694064039504,13,1.661538353333106,0.0034943168996694834,0.0030424911418610073,0.010231982916593552,-0.0012687770649790764,0.010231982916593552,0.0012687770649790764,0.002001880668103695,0.004926316440105438,0.002001880668103695,0
3003,4,1,5,0.015772342681884766,0.04799999948590994,0.0019194207852706313,0.0019194207852706313,-0.02492307703913402,0.015772342681884766,0.04799999948590994,1,4,0.9076921939849854,0.20944694064039504,13,1.661538353333106,0.00992893224994108,0.006384008999406938,0.03222765680402517,0.026842497824404652,0.03222765680402517,0.026842497824404652,0.004843651317059994,0.005217098165303469,0.004843651317059994,0
3003,4,2,0,0.01576799340546131,0.012000001035630703,0.0016385760391131043,0.0016385760391131043,-6.44761778689773e-11,0.01576799340546131,0.012000001035630703,1,3,0.9076921939849854,0.20944694064039504,13,1.661538353333106,0.0032217437714581448,0.0022531051475268146,0.0037679923698306084,0.0016385761035892822,0.0037679923698306084,0.0016385761035892822,0.0010044064838439226,0.008521824143826962,0.0010044064838439226,0
3003,4,2,1,0.016738036647439003,0.017999999225139618,0.0015858359402045608,0.0015858359402045608,0.0,0.016738036647439003,0.017999999225139618,1,3,0.9076921939849854,0.20944694064039504,13,1.661538353333106,0.003354926195735501,0.0021076945907618164,0.001261962577700615,0.0015858359402045608,0.001261962577700615,0.0015858359402045608,0.0044586737640202045,0.010991407558321953,0.0044586737640202045,0
3003,4,2,3,0.01579863764345646,0.0,-0.0006024390459060669,-0.0006024390459060669,-3.469446951953614e-18,0.01579863764345646,0.0,0,1,0.9076923131942749,0.2094469155167731,13,1.661538461366525,0.0036729687040750803,0.002577123006243677,0.01579863764345646,-0.0006024390459060634,0.01579863764345646,0.0006024390459060634,0.0034374897368252277,0.010637214407324791,0.0034374897368252277,0
3003,4,2,4,0.014234963804483414,0.0,0.0006716810166835785,0.0006716810166835785,0.0,0.014234963804483414,0.0,0,1,0.9076921939849854,0.20944694064039504,13,1.661538353333106,0.0034321616086674133,0.0025597358640481738,0.014234963804483414,0.0006716810166835785,0.014234963804483414,0.0006716810166835785,0.0024098893627524376,0.008411766961216927,0.0024098893627524376,0
3003,4,2,5,0.014651922509074211,0.047999998554587364,0.0013360138982534409,0.0013360138982534409,0.0020769230167453114,0.014651922509074211,0.047999998554587364,1,4,0.9076921939849854,0.20944694064039504,13,1.661538353333106,0.009794644620855145,0.005771306955073711,0.03334807604551315,-0.0007409091184918705,0.03334807604551315,0.0007409091184918705,0.00476353894919157,0.009179853834211826,0.00476353894919157,0
3003,5,0,1,0.01655486226081848,0.017999999225139618,0.001096005435101688,0.001096005435101688,-1.6119044467244326e-11,0.01655486226081848,0.017999999225139618,1,3,0.9076921939849854,0.20944694064039504,13,1.661538353333106,0.003644658168102547,0.0030479750171656435,0.0014451369643211365,0.0010960054512207324,0.0014451369643211365,0.0010960054512207324,0.005140409339219332,0.007691202685236931,0.005140409339219332,0
3003,5,0,2,0.016905196011066437,0.012000000104308128,0.0023914542980492115,0.0023914542980492115,0.0008307692647266837,0.016905196011066437,0.012000000104308128,1,4,0.9076921939849854,0.20944694064039504,13,1.6615383533331063,0.00453761282531984,0.003815597426091162,0.004905195906758308,0.001560685033322528,0.004905195906758308,0.001560685033322528,0.006362945772707462,0.004599116276949644,0.006362945772707462,0
3003,5,0,3,0.015009651891887188,0.0,-7.466576062142849e-05,-7.466576062142849e-05,0.0,0.015009651891887188,0.0,0,1,0.9076923131942749,0.2094469155167731,13,1.661538461366525,0.004164201186312734,0.0030091763624086904,0.015009651891887188,-7.466576062142849e-05,0.015009651891887188,7.466576062142849e-05,0.0033164031337946653,0.006954427342861891,0.0033164031337946653,0
3003,5,0,4,0.014720499515533447,0.0,-0.0013330895453691483,-0.0013330895453691483,0.0,0.014720499515533447,0.0,0,1,0.9076921939849854,0.20944694064039504,13,1.661538353333106,0.004465615054836515,0.003820991086409862,0.014720499515533447,-0.0013330895453691483,0.014720499515533447,0.0013330895453691483,0.008868830278515816,0.006000899244099855,0.008868830278515816,0
3003,5,0,5,0.019789831712841988,0.035999998450279236,0.0013280551647767425,0.0013280551647767425,-1.611904425040389e-11,0.019789831712841988,0.035999998450279236,1,3,0.9076921939849854,0.20944694064039504,13,1.661538353333106,0.005069517518402732,0.004258919587171466,0.016210166737437248,0.0013280551808957867,0.016210166737437248,0.0013280551808957867,0.005632936488837004,0.008993454277515411,0.005632936488837004,0
3003,5,1,0,0.011471843346953392,0.012000001966953278,0.0005866767023690045,0.0005866767023690045,0.0,0.011471843346953392,0.012000001966953278,1,3,0.007692307233810425,0.20944694064039504,13,1.661538353333106,0.002544733757435371,0.0018701681635788915,0.0005281586199998856,0.0005866767023690045,0.0005281586199998856,0.0005866767023690045,0.0034309157636016607,0.004772366490215063,0.0034309157636016607,0
3003,5,1,2,0.01217217929661274,0.012000001966953278,-0.0021065964829176664,-0.0021065964829176664,0.0008307678140126798,0.01217217929661274,0.012000001966953278,1,4,0.9076921939849854,0.20944694064039504,13,1.6615383533331063,0.0019323518237420142,0.001486151021789517,0.00017217732965946198,-0.0029373642969303462,0.00017217732965946198,0.0029373642969303462,0.004577617160975933,0.00808645784854889,0.004577617160975933,0
3003,5,1,3,0.013063261285424232,0.0,-0.003982136026024818,-0.003982136026024818,0.0,0.013063261285424232,0.0,0,1,0.9076923131942749,0.2094469155167731,13,1.661538461366525,0.004071856276889083,0.0034852004306908904,0.013063261285424232,-0.003982136026024818,0.013063261285424232,0.003982136026024818,0.005831384100019932,0.005973020102828741,0.005831384100019932,0
3003,5,1,4,0.010174451395869255,0.0,-0.0012547491351142526,-0.0012547491351142526,0.0,0.010174451395869255,0.0,0,1,0.9076921939849854,0.20944694064039504,13,1.661538353333106,0.003535881160206955,0.0030499019125509548,0.010174451395869255,-0.0012547491351142526,0.010174451395869255,0.0012547491351142526,0.0029010160360485315,0.0035821052733808756,0.0029010160360485315,0
3003,5,1,5,0.016611365601420403,0.04800000134855509,-0.0011562599102035165,-0.0011562599102035165,-0.006230769630521521,0.016611365601420403,0.04800000134855509,1,4,0.9076921939849854,0.20944694064039504,13,1.661538353333106,0.012408557898863116,0.01044491251941616,0.031388635747134686,0.0050745097203180045,0.031388635747134686,0.0050745097203180045,0.006002793554216623,0.006661518476903439,0.006002793554216623,0
3003,5,2,0,0.014296401292085648,0.011999999172985554,9.322849109594245e-06,9.322849109594245e-06,6.44761778689773e-11,0.014296401292085648,0.011999999172985554,1,3,0.007692307233810425,0.20944694064039504,13,1.661538353333106,0.003736151904457793,0.0028455047124236296,0.002296402119100094,9.322784633416376e-06,0.002296402119100094,9.322784633416376e-06,0.0038936070632189512,0.010476243682205677,0.0038936070632189512,0
3003,5,2,1,0.01488354243338108,0.017999999225139618,0.004625238012522459,0.004625238012522459,6.938893903907228e-18,0.01488354243338108,0.017999999225139618,1,3,0.9076921939849854,0.20944694064039504,13,1.661538353333106,0.003884932758001615,0.002975428884727715,0.0031164567917585373,0.004625238012522452,0.0031164567917585373,0.004625238012522452,0.005133261438459158,0.01069655455648899,0.005133261438459158,0
3003,5,2,3,0.0132585559040308,0.0,-0.0009718416258692741,-0.0009718416258692741,0.0,0.0132585559040308,0.0,0,1,0.9076923131942749,0.2094469155167731,13,1.661538461366525,0.0033800792890506717,0.0026176023633169704,0.0132585559040308,-0.0009718416258692741,0.0132585559040308,0.0009718416258692741,0.0053157201036810875,0.009594365023076534,0.0053157201036810875,0
3003,5,2,4,0.012761089950799942,0.0,-0.0009612615103833377,-0.0009612615103833377,3.469446951953614e-18,0.012761089950799942,0.0,0,1,0.9076921939849854,0.20944694064039504,13,1.661538353333106,0.00329878507228286,0.0026289000886784504,0.012761089950799942,-0.0009612615103833412,0.012761089950799942,0.0009612615103833412,0.005419912748038769,0.005552016198635101,0.005419912748038769,0
3003,5,2,5,0.01449667476117611,0.03599999658763409,0.004293767735362053,0.004293767735362053,1.289523557379546e-10,0.01449667476117611,0.03599999658763409,1,3,0.9076921939849854,0.20944694064039504,13,1.661538353333106,0.005589086218937065,0.004056173867198843,0.021503321826457977,0.004293767606409697,0.021503321826457977,0.004293767606409697,0.004338205326348543,0.008063612505793571,0.004338205326348543,0
3003,6,0,1,0.01225103996694088,0.017999999225139618,0.0009119136375375092,0.0009119136375375092,0.0,0.01225103996694088,0.017999999225139618,1,3,0.9076921939849854,0.20944694064039504,13,1.661538353333106,0.00221937723641351,0.0016496856713694376,0.005748959258198738,0.0009119136375375092,0.005748959258198738,0.0009119136375375092,0.0024419839028269053,0.004472975619137287,0.0024419839028269053,0
3003,6,0,2,0.008962427265942097,0.012000000104308128,-0.0002483046555425972,-0.0002483046555425972,-0.0007615385087851712,0.008962427265942097,0.012000000104308128,1,4,0.9076921939849854,0.20944694064039504,13,1.6615383533331063,0.0024163049160439267,0.001988887852994648,0.0030375728383660316,0.000513233853242574,0.0030375728383660316,0.000513233853242574,0.003797497134655714,0.003535752184689045,0.003797497134655714,0
3003,6,0,3,0.009350989013910294,0.0,0.0004175072244834155,0.0004175072244834155,0.0,0.009350989013910294,0.0,0,1,0.9076923131942749,0.2094469155167731,13,1.661538461366525,0.0027470089948779344,0.002274372861570797,0.009350989013910294,0.0004175072244834155,0.009350989013910294,0.0004175072244834155,0.0030558984726667404,0.00629354827105999,0.0030558984726667404,0
3003,6,0,4,0.00932260137051344,0.0,0.00034175580367445946,0.00034175580367445946,0.0,0.00932260137051344,0.0,0,1,0.007692307233810425,0.20944694064039504,13,1.661538353333106,0.0027493497419160445,0.0022855591540054013,0.00932260137051344,0.00034175580367445946,0.00932260137051344,0.00034175580367445946,0.0032206051982939243,0.006868049502372742,0.0032206051982939243,0
3003,6,0,5,0.016104117035865784,0.035999998450279236,0.0007772287353873253,0.0007772287353873253,0.0,0.016104117035865784,0.035999998450279236,1,3,0.9076921939849854,0.20944694064039504,13,1.661538353333106,0.004313649765982791,0.002753890437913023,0.019895881414413452,0.0007772287353873253,0.019895881414413452,0.0007772287353873253,0.002267395379021764,0.005437326151877642,0.002267395379021764,0
3003,6,1,0,0.012725559994578362,0.012000001966953278,0.0012106491485610604,0.0012106491485610604,6.938893903907228e-18,0.012725559994578362,0.012000001966953278,1,3,0.9076921939849854,0.20944694064039504,13,1.661538353333106,0.002121962933212477,0.001824530315469708,0.0007255580276250839,0.0012106491485610535,0.0007255580276250839,0.0012106491485610535,0.0027866452001035213,0.004797288682311773,0.0027866452001035213,0
3003,6,1,2,0.013593228533864021,0.012000001966953278,-0.0022203491535037756,-0.0022203491535037756,-0.0007615371628449594,0.013593228533864021,0.012000001966953278,1,4,0.9076921939849854,0.20944694064039504,13,1.6615383533331063,0.0013000733794308159,0.0010826772398497228,0.0015932265669107437,-0.0014588119906588162,0.0015932265669107437,0.0014588119906588162,0.0049243466928601265,0.0061964853666722775,0.0049243466928601265,0
3003,6,1,3,0.014944186434149742,0.0,-0.003713522106409073,-0.003713522106409073,0.0,0.014944186434149742,0.0,0,1,0.9076923131942749,0.2094469155167731,13,1.661538461366525,0.004185631929890596,0.003499611727232059,0.014944186434149742,-0.003713522106409073,0.014944186434149742,0.003713522106409073,0.004642036277800798,0.004879963118582964,0.004642036277800798,0
3003,6,1,4,0.011275777593255043,0.0,-0.0008829540456645191,-0.0008829540456645191,0.0,0.011275777593255043,0.0,0,1,0.007692307233810425,0.20944694064039504,13,1.661538353333106,0.0035943145121077615,0.0031670988840464295,0.011275777593255043,-0.0008829540456645191,0.011275777593255043,0.0008829540456645191,0.0015131656546145678,0.003261107485741377,0.0015131656546145678,0
3003,6,1,5,0.015704290941357613,0.04799999948590994,-0.0003003744932357222,-0.0003003744932357222,-0.006230769243664471,0.015704290941357613,0.04799999948590994,1,4,0.9076921939849854,0.20944694064039504,13,1.661538353333106,0.012994023254595616,0.010791712424017975,0.032295708544552326,0.005930394750428749,0.032295708544552326,0.005930394750428749,0.0042174928821623325,0.006302669178694487,0.0042174928821623325,0
3003,6,2,0,0.01713460683822632,0.012000001035630703,-0.0009257470373995602,-0.0009257470373995602,-6.44761778689773e-11,0.01713460683822632,0.012000001035630703,1,3,0.9076921939849854,0.20944694064039504,13,1.661538353333106,0.0039960121385825,0.002741014166079329,0.005134605802595615,-0.0009257469729233823,0.005134605802595615,0.0009257469729233823,0.004302832763642073,0.00886920653283596,0.004302832763642073,0
3003,6,2,1,0.01586153358221054,0.017999999225139618,0.005186778027564287,0.005186778027564287,0.0,0.01586153358221054,0.017999999225139618,1,3,0.9076921939849854,0.20944694064039504,13,1.661538353333106,0.0038328334638039214,0.002861613440795763,0.002138465642929077,0.005186778027564287,0.002138465642929077,0.005186778027564287,0.003978765103965998,0.008874956518411636,0.003978765103965998,0
3003,6,2,3,0.012699438259005547,0.0,0.0009680179064162076,0.0009680179064162076,-3.469446951953614e-18,0.012699438259005547,0.0,0,1,0.9076923131942749,0.2094469155167731,13,1.661538461366525,0.003365186592200677,0.00258870550690318,0.012699438259005547,0.000968017906416211,0.012699438259005547,0.000968017906416211,0.003968820907175541,0.007284820545464754,0.003968820907175541,0
3003,6,2,4,0.014403426088392735,0.0,0.0025444040074944496,0.0025444040074944496,0.0,0.014403426088392735,0.0,0,1,0.007692307233810425,0.20944694064039504,13,1.661538353333106,0.003521698506493301,0.0027668858222531143,0.014403426088392735,0.0025444040074944496,0.014403426088392735,0.0025444040074944496,0.0027549858205020428,0.006525893695652485,0.0027549858205020428,0
3003,6,2,5,0.01512882485985756,0.035999998450279236,0.005184018984436989,0.005184018984436989,0.0,0.01512882485985756,0.035999998450279236,1,3,0.9076921939849854,0.20944694064039504,13,1.661538353333106,0.005738671152543451,0.004188762966697738,0.020871173590421677,0.005184018984436989,0.020871173590421677,0.005184018984436989,0.0042906091548502445,0.006807507015764713,0.0042906091548502445,0
3003,7,0,1,0.022490791976451874,0.018000006675720215,0.003631267696619034,0.003631267696619034,-1.3877787807814457e-17,0.022490791976451874,0.018000006675720215,1,3,0.9076921939849854,0.20944694064039504,13,1.661538353333106,0.00696214287345041,0.005833919110470976,0.004490785300731659,0.0036312676966190477,0.004490785300731659,0.0036312676966190477,0.014410781674087048,0.011225208640098572,0.014410781674087048,0
3003,7,0,2,0.026784811168909073,0.01199999451637268,0.007650952786207199,0.007650952786207199,0.0008307709088692106,0.026784811168909073,0.01199999451637268,1,4,0.9076921939849854,0.20944694064039504,13,1.6615383533331063,0.008216789966890419,0.007350816100714563,0.014784816652536392,0.0068201818773379885,0.014784816652536392,0.0068201818773379885,0.015085658989846706,0.005971133708953857,0.015085658989846706,0
3003,7,0,3,0.025656023994088173,0.0,0.0012001377763226628,0.0012001377763226628,0.0,0.025656023994088173,0.0,0,1,0.9076923131942749,0.2094469155167731,13,1.661538461366525,0.006826436668878566,0.005306548099536393,0.025656023994088173,0.0012001377763226628,0.025656023994088173,0.0012001377763226628,0.004140252247452736,0.010359521955251694,0.004140252247452736,0
3003,7,0,4,0.027485765516757965,0.0,0.010245067067444324,0.010245067067444324,0.0,0.027485765516757965,0.0,0,1,0.9076921939849854,0.20944694064039504,13,1.661538353333106,0.00803906191169609,0.006560640242887583,0.027485765516757965,0.010245067067444324,0.027485765516757965,0.010245067067444324,0.009324216283857822,0.009393248707056046,0.009324216283857822,0
3003,7,0,5,0.026097286492586136,0.035999998450279236,0.0039770351722836494,0.0039770351722836494,0.0,0.026097286492586136,0.035999998450279236,1,3,0.9076921939849854,0.20944694064039504,13,1.661538353333106,0.008358426671302403,0.007006638567652223,0.0099027119576931,0.0039770351722836494,0.0099027119576931,0.0039770351722836494,0.015396230854094028,0.01338877622038126,0.015396230854094028,0
3003,7,1,0,0.010801255702972412,0.012000001966953278,0.0009408158366568387,0.0009408158366568387,0.0,0.010801255702972412,0.012000001966953278,1,3,0.9076921939849854,0.20944694064039504,13,1.661538353333106,0.002471218205056146,0.0018901566605596146,0.0011987462639808655,0.0009408158366568387,0.0011987462639808655,0.0009408158366568387,0.003318313742056489,0.0044994899071753025,0.003318313742056489,0
3003,7,1,2,0.012016994878649712,0.012000001966953278,-0.0025813179090619087,-0.0025813179090619087,0.0008307678140126798,0.012016994878649712,0.012000001966953278,1,4,0.9076921939849854,0.20944694064039504,13,1.6615383533331063,0.0019462476108593318,0.001423637476369474,1.699291169643402e-05,-0.0034120857230745885,1.699291169643402e-05,0.0034120857230745885,0.005016613285988569,0.006807978730648756,0.005016613285988569,0
3003,7,1,3,0.013058571144938469,0.0,-0.003536960808560252,-0.003536960808560252,0.0,0.013058571144938469,0.0,0,1,0.9076923131942749,0.2094469155167731,13,1.661538461366525,0.003977862757301388,0.0033817330716982403,0.013058571144938469,-0.003536960808560252,0.013058571144938469,0.003536960808560252,0.005607977509498596,0.005578920245170593,0.005607977509498596,0
3003,7,1,4,0.009805161505937576,0.0,-0.0009811846539378166,-0.0009811846539378166,6.938893903907228e-18,0.009805161505937576,0.0,0,1,0.9076921939849854,0.20944694064039504,13,1.661538353333106,0.003527321028612133,0.0030437328538598404,0.009805161505937576,-0.0009811846539378236,0.009805161505937576,0.0009811846539378236,0.0037461579777300358,0.0037380794528871775,0.0037461579777300358,0
3003,7,1,5,0.015831226482987404,0.04800000134855509,-0.0007828486268408597,-0.0007828486268408597,-0.006230769630521521,0.015831226482987404,0.04800000134855509,1,4,0.9076921939849854,0.20944694064039504,13,1.661538353333106,0.012592161936654961,0.010589861603090044,0.032168774865567684,0.005447921003680661,0.032168774865567684,0.005447921003680661,0.00491164717823267,0.006128212437033653,0.00491164717823267,0
3003,7,2,0,0.013174941763281822,0.011999999172985554,-0.0006392048671841621,-0.0006392048671841621,6.44761778689773e-11,0.013174941763281822,0.011999999172985554,1,3,0.9076921939849854,0.20944694064039504,13,1.661538353333106,0.0035113153480139715,0.002746315496648557,0.0011749425902962685,-0.00063920493166034,0.0011749425902962685,0.00063920493166034,0.0037516127340495586,0.008537123911082745,0.0037516127340495586,0
3003,7,2,1,0.014091311022639275,0.017999999225139618,0.0042051831260323524,0.0042051831260323524,6.938893903907228e-18,0.014091311022639275,0.017999999225139618,1,3,0.9076921939849854,0.20944694064039504,13,1.661538353333106,0.0036710676510303976,0.002802955129971871,0.003908688202500343,0.0042051831260323455,0.003908688202500343,0.0042051831260323455,0.005941373761743307,0.009597566910088062,0.005941373761743307,0
3003,7,2,3,0.013667551800608635,0.0,-0.0008824917604215443,-0.0008824917604215443,0.0,0.013667551800608635,0.0,0,1,0.9076923131942749,0.2094469155167731,13,1.661538461366525,0.00333513719575477,0.0025935259223337,0.013667551800608635,-0.0008824917604215443,0.013667551800608635,0.0008824917604215443,0.005038423929363489,0.011776627972722054,0.005038423929363489,0
3003,7,2,4,0.0130084827542305,0.0,0.0015904655447229743,0.0015904655447229743,0.0,0.0130084827542305,0.0,0,1,0.9076921939849854,0.20944694064039504,13,1.661538353333106,0.0034623700571222984,0.002767101591508064,0.0130084827542305,0.0015904655447229743,0.0130084827542305,0.0015904655447229743,0.0027468984480947256,0.0067461044527590275,0.0027468984480947256,0
3003,7,2,5,0.014005018398165703,0.03599999658763409,0.004058117978274822,0.004058117978274822,1.289523557379546e-10,0.014005018398165703,0.03599999658763409,1,3,0.9076921939849854,0.20944694064039504,13,1.661538353333106,0.0054657031384423,0.00399624362323411,0.021994978189468384,0.0040581178493224665,0.021994978189468384,0.0040581178493224665,0.005363978445529938,0.008596553467214108,0.005363978445529938,0
3003,8,0,1,0.021596617996692657,0.018000006675720215,0.0010572569444775581,0.0010572569444775581,-1.3877787807814457e-17,0.021596617996692657,0.018000006675720215,1,3,0.9076921939849854,0.20944694064039504,13,1.661538353333106,0.006307994882048621,0.004950460961319991,0.0035966113209724426,0.001057256944477572,0.0035966113209724426,0.001057256944477572,0.013249380514025688,0.008211850188672543,0.013249380514025688,0
3003,8,0,2,0.026534855365753174,0.01199999451637268,0.006318236235529184,0.006318236235529184,0.0008307709088692106,0.026534855365753174,0.01199999451637268,1,4,0.9076921939849854,0.20944694064039504,13,1.6615383533331063,0.007673862039572349,0.006586825439276604,0.014534860849380493,0.005487465326659974,0.014534860849380493,0.005487465326659974,0.014687460847198963,0.00465615326538682,0.014687460847198963,0
3003,8,0,3,0.026839524507522583,0.0,0.000334406882757321,0.000334406882757321,0.0,0.026839524507522583,0.0,0,1,0.9076923131942749,0.2094469155167731,13,1.661538461366525,0.0070291362114419135,0.0056766191464380404,0.026839524507522583,0.000334406882757321,0.026839524507522583,0.000334406882757321,0.005108111537992954,0.009896661154925823,0.005108111537992954,0
3003,8,0,4,0.028543636202812195,0.0,0.009138164110481739,0.009138164110481739,0.0,0.028543636202812195,0.0,0,1,0.9076921939849854,0.20944694064039504,13,1.661538353333106,0.007735827536053837,0.00608023995059658,0.028543636202812195,0.009138164110481739,0.028543636202812195,0.009138164110481739,0.009008671157062054,0.007992331869900227,0.009008671157062054,0
3003,8,0,5,0.025209704414010048,0.035999998450279236,0.0017868609866127372,0.0017868609866127372,0.0,0.025209704414010048,0.035999998450279236,1,3,0.9076921939849854,0.20944694064039504,13,1.661538353333106,0.007924277511225158,0.006383651073955925,0.010790294036269188,0.0017868609866127372,0.010790294036269188,0.0017868609866127372,0.014899276196956635,0.011453693732619286,0.014899276196956635,0
3003,8,1,0,0.010947117581963539,0.012000001966953278,0.0007481177453882992,0.0007481177453882992,0.0,0.010947117581963539,0.012000001966953278,1,3,0.9076921939849854,0.20944694064039504,13,1.661538353333106,0.0023326398867586236,0.001751673292126176,0.0010528843849897385,0.0007481177453882992,0.0010528843849897385,0.0007481177453882992,0.0030134241096675396,0.003713963320478797,0.0030134241096675396,0
3003,8,1,2,0.012075405567884445,0.012000001966953278,-0.002408689586445689,-0.002408689586445689,0.0008307678140126798,0.012075405567884445,0.012000001966953278,1,4,0.9076921939849854,0.20944694064039504,13,1.6615383533331063,0.0019123635339724126,0.0014299001522670835,7.54036009311676e-05,-0.003239457400458369,7.54036009311676e-05,0.003239457400458369,0.004886236507445574,0.005967898294329643,0.004886236507445574,0
3003,8,1,3,0.013009050861001015,0.0,-0.0034696217626333237,-0.0034696217626333237,0.0,0.013009050861001015,0.0,0,1,0.9076923131942749,0.2094469155167731,13,1.661538461366525,0.0038850863744895638,0.0032870860098029027,0.013009050861001015,-0.0034696217626333237,0.013009050861001015,0.0034696217626333237,0.005393912550061941,0.005251313094049692,0.005393912550061941,0
3003,8,1,4,0.009614253416657448,0.0,-0.0009755209903232753,-0.0009755209903232753,6.938893903907228e-18,0.009614253416657448,0.0,0,1,0.9076921939849854,0.20944694064039504,13,1.661538353333106,0.003455412056617341,0.0029489440766311964,0.009614253416657448,-0.0009755209903232823,0.009614253416657448,0.0009755209903232823,0.0038756951689720154,0.0048005590215325356,0.0038756951689720154,0
3003,8,1,5,0.015947315841913223,0.04800000134855509,-0.0009660084615461528,-0.0009660084615461528,-0.006230769630521521,0.015947315841913223,0.04800000134855509,1,4,0.9076921939849854,0.20944694064039504,13,1.661538353333106,0.012513905127135922,0.010473555879744552,0.032052685506641865,0.005264761168975368,0.032052685506641865,0.005264761168975368,0.004498231690376997,0.005349479150027037,0.004498231690376997,0
3003,8,2,0,0.013139549642801285,0.011999999172985554,-0.0006804469157941639,-0.0006804469157941639,6.44761778689773e-11,0.013139549642801285,0.011999999172985554,1,3,0.9076921939849854,0.20944694064039504,13,1.661538353333106,0.0035736753478504135,0.0028165079454874854,0.001139550469815731,-0.0006804469802703418,0.001139550469815731,0.0006804469802703418,0.004566313698887825,0.007983701303601265,0.004566313698887825,0
3003,8,2,1,0.013299228623509407,0.017999999225139618,0.0037205403205007315,0.0037205403205007315,6.938893903907228e-18,0.013299228623509407,0.017999999225139618,1,3,0.9076921939849854,0.20944694064039504,13,1.661538353333106,0.0036287875682232363,0.002727039929854093,0.004700770601630211,0.0037205403205007245,0.004700770601630211,0.0037205403205007245,0.005363808013498783,0.00941515900194645,0.005363808013498783,0
3003,8,2,3,0.013074563816189766,0.0,-0.0011576665565371513,-0.0011576665565371513,0.0,0.013074563816189766,0.0,0,1,0.9076923131942749,0.2094469155167731,13,1.661538461366525,0.003218449938735734,0.002560544847207662,0.013074563816189766,-0.0011576665565371513,0.013074563816189766,0.0011576665565371513,0.0051274592988193035,0.012031261809170246,0.0051274592988193035,0
3003,8,2,4,0.012437602505087852,0.0,0.0008657428552396595,0.0008657428552396595,0.0,0.012437602505087852,0.0,0,1,0.9076921939849854,0.20944694064039504,13,1.661538353333106,0.003381760839870869,0.002718449674943495,0.012437602505087852,0.0008657428552396595,0.012437602505087852,0.0008657428552396595,0.003207719186320901,0.006038279738277197,0.003207719186320901,0
3003,8,2,5,0.01379278115928173,0.03599999658763409,0.0033872073981910944,0.0033872073981910944,1.289523557379546e-10,0.01379278115928173,0.03599999658763409,1,3,0.9076921939849854,0.20944694064039504,13,1.661538353333106,0.005523314272573246,0.003998206829178262,0.022207215428352356,0.0033872072692387387,0.022207215428352356,0.0033872072692387387,0.005150881130248308,0.00850007589906454,0.005150881130248308,0
3003,9,0,1,0.010469445958733559,0.01799999736249447,0.002483485033735633,0.002483485033735633,1.289523557379546e-10,0.010469445958733559,0.01799999736249447,1,3,0.9076921939849854,0.20944694064039504,13,1.661538353333106,0.0024345774507233253,0.0019604777090648224,0.00753055140376091,0.002483484904783277,0.00753055140376091,0.002483484904783277,0.0014679518062621355,0.005845919251441956,0.0014679518062621355,0
3003,9,0,2,0.008895209059119225,0.012000001966953278,0.001714126206934452,0.001714126206934452,-0.0008307693614409521,0.008895209059119225,0.012000001966953278,1,4,0.9076921939849854,0.20944694064039504,13,1.6615383533331063,0.0022856864332133978,0.0020328492763832477,0.003104792907834053,0.002544895568375404,0.003104792907834053,0.002544895568375404,0.0010857360903173685,0.008473255671560764,0.0010857360903173685,0
3003,9,0,3,0.00743471272289753,0.0,0.0008272454142570496,0.0008272454142570496,0.0,0.00743471272289753,0.0,0,1,0.9076923131942749,0.2094469155167731,13,1.661538461366525,0.0020705609107483833,0.0016523069707599617,0.00743471272289753,0.0008272454142570496,0.00743471272289753,0.0008272454142570496,0.004233180545270443,0.006227561738342047,0.004233180545270443,0
3003,9,0,4,0.006009513512253761,0.0,-0.00031591145670972764,-0.00031591145670972764,0.0,0.006009513512253761,0.0,0,1,0.007692307233810425,0.20944694064039504,13,1.661538353333106,0.002011644676812729,0.0017657745078470581,0.006009513512253761,-0.00031591145670972764,0.006009513512253761,0.00031591145670972764,0.0037721325643360615,0.005660227034240961,0.0037721325643360615,0
3003,9,0,5,0.01213984377682209,0.036000000312924385,0.0025962681975215673,0.0025962681975215673,-1.289523557379546e-10,0.01213984377682209,0.036000000312924385,1,3,0.9076921939849854,0.20944694064039504,13,1.661538353333106,0.0053704745503948175,0.003483089447550519,0.023860156536102295,0.002596268326473923,0.023860156536102295,0.002596268326473923,0.0015194189036265016,0.005769065115600824,0.0015194189036265016,0
3003,9,1,0,0.013096481561660767,0.012000001966953278,-0.0017778705805540085,-0.0017778705805540085,0.0,0.013096481561660767,0.012000001966953278,1,3,0.9076921939849854,0.20944694064039504,13,1.661538353333106,0.0022630420139323117,0.0018361526260361866,0.001096479594707489,-0.0017778705805540085,0.001096479594707489,0.0017778705805540085,0.002255107043311,0.0026869941502809525,0.002255107043311,0
3003,9,1,2,0.013639906421303749,0.012000001966953278,-0.0029210445936769247,-0.0029210445936769247,-0.0008307678140126867,0.013639906421303749,0.012000001966953278,1,4,0.9076921939849854,0.20944694064039504,13,1.6615383533331063,0.0016112621918641155,0.0012026876211166382,0.0016399044543504715,-0.002090276779664238,0.0016399044543504715,0.002090276779664238,0.0044656251557171345,0.005252533126622438,0.0044656251557171345,0
3003,9,1,3,0.012107642367482185,0.0,-0.0036598099395632744,-0.0036598099395632744,0.0,0.012107642367482185,0.0,0,1,0.9076923131942749,0.2094469155167731,13,1.661538461366525,0.0036963099256918453,0.003192148309134872,0.012107642367482185,-0.0036598099395632744,0.012107642367482185,0.0036598099395632744,0.004578161984682083,0.004156049806624651,0.004578161984682083,0
3003,9,1,4,0.009990466758608818,0.0,-0.0009061070159077644,-0.0009061070159077644,0.0,0.009990466758608818,0.0,0,1,0.007692307233810425,0.20944694064039504,13,1.661538353333106,0.0034610841495879637,0.002968196950015232,0.009990466758608818,-0.0009061070159077644,0.009990466758608818,0.0009061070159077644,0.0026459968648850918,0.005002833902835846,0.0026459968648850918,0
3003,9,1,5,0.015488417819142342,0.04799999948590994,-0.0001752593816490844,-0.0001752593816490844,-0.006230769243664471,0.015488417819142342,0.04799999948590994,1,4,0.9076921939849854,0.20944694064039504,13,1.661538353333106,0.012361606474362654,0.010243809445810742,0.0325115816667676,0.006055509862015387,0.0325115816667676,0.006055509862015387,0.002999938325956464,0.0026092305779457092,0.002999938325956464,0
3003,9,2,0,0.014090249314904213,0.012000001035630703,0.0019642470870167017,0.0019642470870167017,-6.44761778689773e-11,0.014090249314904213,0.012000001035630703,1,3,0.9076921939849854,0.20944694064039504,13,1.661538353333106,0.0036140889755009236,0.0027983748304420677,0.00209024827927351,0.0019642471514928796,0.00209024827927351,0.0019642471514928796,0.002915658988058567,0.007500436156988144,0.002915658988058567,0
3003,9,2,1,0.015377115458250046,0.017999999225139618,0.0037156830076128244,0.0037156830076128244,0.0,0.015377115458250046,0.017999999225139618,1,3,0.9076921939849854,0.20944694064039504,13,1.661538353333106,0.0037055948228032214,0.0026676535562298,0.002622883766889572,0.0037156830076128244,0.002622883766889572,0.0037156830076128244,0.005455857142806053,0.007646673824638128,0.005455857142806053,0
3003,9,2,3,0.01320209726691246,0.0,-0.0012051298981532454,-0.0012051298981532454,-3.469446951953614e-18,0.01320209726691246,0.0,0,1,0.9076923131942749,0.2094469155167731,13,1.661538461366525,0.003167803071802761,0.0025905511567931206,0.01320209726691246,-0.001205129898153242,0.01320209726691246,0.001205129898153242,0.0040024202316999435,0.0110321631655097,0.0040024202316999435,0
3003,9,2,4,0.01161913201212883,0.0,-0.0008410949376411736,-0.0008410949376411736,0.0,0.01161913201212883,0.0,0,1,0.007692307233810425,0.20944694064039504,13,1.661538353333106,0.0032780385346499845,0.002679169178009033,0.01161913201212883,-0.0008410949376411736,0.01161913201212883,0.0008410949376411736,0.005229022819548845,0.00618708785623312,0.005229022819548845,0
3003,9,2,5,0.014632312580943108,0.035999998450279236,0.0032058097422122955,0.0032058097422122955,0.0,0.014632312580943108,0.035999998450279236,1,3,0.9076921939849854,0.20944694064039504,13,1.661538353333106,0.005343659837789094,0.0038193764065849707,0.021367685869336128,0.0032058097422122955,0.021367685869336128,0.0032058097422122955,0.004650039132684469,0.005988745018839836,0.004650039132684469,0
3003,10,0,1,0.022688180208206177,0.018000006675720215,-0.002999543445184827,-0.002999543445184827,-1.3877787807814457e-17,0.022688180208206177,0.018000006675720215,1,3,0.9076921939849854,0.20944694064039504,13,1.661538353333106,0.0053629590874268405,0.0038459081197234654,0.004688173532485962,-0.002999543445184813,0.004688173532485962,0.002999543445184813,0.011304040439426899,0.007291571237146854,0.011304040439426899,0
3003,10,0,2,0.026967978104948997,0.01199999451637268,0.0028294904623180628,0.0028294904623180628,0.0008307709088692106,0.026967978104948997,0.01199999451637268,1,4,0.9076921939849854,0.20944694064039504,13,1.6615383533331063,0.006942751330482333,0.005502570908208041,0.014967983588576317,0.001998719553448852,0.014967983588576317,0.001998719553448852,0.012107065878808498,0.008124643005430698,0.012107065878808498,0
3003,10,0,3,0.029511800035834312,0.0,-0.0032438302878290415,-0.0032438302878290415,0.0,0.029511800035834312,0.0,0,1,0.9076923131942749,0.2094469155167731,13,1.661538461366525,0.007434611229191024,0.0062683586281939195,0.029511800035834312,-0.0032438302878290415,0.029511800035834312,0.0032438302878290415,0.006989450193941593,0.01429611723870039,0.006989450193941593,0
3003,10,0,4,0.02810261771082878,0.0,-0.009193328209221363,-0.009193328209221363,0.0,0.02810261771082878,0.0,0,1,0.9076921939849854,0.20944694064039504,13,1.661538353333106,0.00730833577339014,0.00545833201682162,0.02810261771082878,-0.009193328209221363,0.02810261771082878,0.009193328209221363,0.010116810910403728,0.008011124096810818,0.010116810910403728,0
3003,10,0,5,0.028120003640651703,0.035999998450279236,-0.001594914705492556,-0.001594914705492556,0.0,0.028120003640651703,0.035999998450279236,1,3,0.9076921939849854,0.20944694064039504,13,1.661538353333106,0.006851560204977324,0.00511182298692296,0.007879994809627533,-0.001594914705492556,0.007879994809627533,0.001594914705492556,0.012505442835390568,0.00924846064299345,0.012505442835390568,0
3003,10,1,0,0.010527564212679863,0.012000001966953278,0.0003372278588358313,0.0003372278588358313,0.0,0.010527564212679863,0.012000001966953278,1,3,0.9076921939849854,0.20944694064039504,13,1.661538353333106,0.002299710483655738,0.0016963943486382972,0.0014724377542734146,0.0003372278588358313,0.0014724377542734146,0.0003372278588358313,0.003072943538427353,0.0033220844343304634,0.003072943538427353,0
3003,10,1,2,0.01204591803252697,0.012000001966953278,-0.0017544446745887399,-0.0017544446745887399,0.0008307678140126798,0.01204591803252697,0.012000001966953278,1,4,0.9076921939849854,0.20944694064039504,13,1.6615383533331063,0.0018914745318239262,0.0014098420871432717,4.591606557369232e-05,-0.0025852124886014197,4.591606557369232e-05,0.0025852124886014197,0.004430708475410938,0.0057095917873084545,0.004430708475410938,0
3003,10,1,3,0.01327868178486824,0.0,-0.003349132603034377,-0.003349132603034377,0.0,0.01327868178486824,0.0,0,1,0.9076923131942749,0.2094469155167731,13,1.661538461366525,0.003799161864902232,0.003151738630420357,0.01327868178486824,-0.003349132603034377,0.01327868178486824,0.003349132603034377,0.005243231076747179,0.005370659288018942,0.005243231076747179,0
3003,10,1,4,0.010041395202279091,0.0,-0.0008852065657265484,-0.0008852065657265484,0.0,0.010041395202279091,0.0,0,1,0.9076921939849854,0.20944694064039504,13,1.661538353333106,0.0034565501101289334,0.0029301732866721737,0.010041395202279091,-0.0008852065657265484,0.010041395202279091,0.0008852065657265484,0.00510874530300498,0.005866792984306812,0.00510874530300498,0
3003,10,1,5,0.015464609488844872,0.04800000134855509,-0.0008492206106893718,-0.0008492206106893718,-0.006230769630521521,0.015464609488844872,0.04800000134855509,1,4,0.9076921939849854,0.20944694064039504,13,1.661538353333106,0.012575469872877191,0.010488435174145641,0.032535391859710217,0.005381549019832149,0.032535391859710217,0.005381549019832149,0.0035519723314791918,0.0044249859638512135,0.0035519723314791918,0
3003,10,2,0,0.013503892347216606,0.011999999172985554,-0.0005398662760853767,-0.0005398662760853767,6.44761778689773e-11,0.013503892347216606,0.011999999172985554,1,3,0.9076921939849854,0.20944694064039504,13,1.661538353333106,0.0036553143960379635,0.0028748088488741034,0.0015038931742310524,-0.0005398663405615546,0.0015038931742310524,0.0005398663405615546,0.005200516432523727,0.007918211631476879,0.005200516432523727,0
3003,10,2,1,0.0134346392005682,0.017999999225139618,0.003795321099460125,0.003795321099460125,6.938893903907228e-18,0.0134346392005682,0.017999999225139618,1,3,0.9076921939849854,0.20944694064039504,13,1.661538353333106,0.003706170798484013,0.0027562538106765976,0.004565360024571419,0.003795321099460118,0.004565360024571419,0.003795321099460118,0.004168365150690079,0.009458346292376518,0.004168365150690079,0
3003,10,2,3,0.012513017281889915,0.0,-0.0010095154866576195,-0.0010095154866576195,0.0,0.012513017281889915,0.0,0,1,0.9076923131942749,0.2094469155167731,13,1.661538461366525,0.003161273602022083,0.002578270395655604,0.012513017281889915,-0.0010095154866576195,0.012513017281889915,0.0010095154866576195,0.005058702081441879,0.011126167140901089,0.005058702081441879,0
3003,10,2,4,0.011963017284870148,0.0,-0.0010566137498244643,-0.0010566137498244643,3.469446951953614e-18,0.011963017284870148,0.0,0,1,0.9076921939849854,0.20944694064039504,13,1.661538353333106,0.00331482287817808,0.0026600654484957636,0.011963017284870148,-0.0010566137498244678,0.011963017284870148,0.0010566137498244678,0.0036915538366883993,0.005507051013410091,0.0036915538366883993,0
3003,10,2,5,0.013201814144849777,0.03599999658763409,0.003413383848965168,0.003413383848965168,1.289523557379546e-10,0.013201814144849777,0.03599999658763409,1,3,0.9076921939849854,0.20944694064039504,13,1.661538353333106,0.005579557766936308,0.003963271938484802,0.02279818244278431,0.0034133837200128123,0.02279818244278431,0.0034133837200128123,0.00434332899749279,0.007781824097037315,0.00434332899749279,0
3003,11,0,1,0.011287784203886986,0.01799999736249447,0.002346847904846072,0.002346847904846072,1.289523557379546e-10,0.011287784203886986,0.01799999736249447,1,3,0.007692307233810425,0.20944694064039504,13,1.661538353333106,0.002241061757493498,0.0017578710730259235,0.006712213158607483,0.0023468477758937165,0.006712213158607483,0.0023468477758937165,0.0014850390143692493,0.004024440888315439,0.0014850390143692493,0
3003,11,0,2,0.009517664089798927,0.012000001966953278,0.0013261809945106506,0.0013261809945106506,-0.0008307693614409521,0.009517664089798927,0.012000001966953278,1,4,0.9076921939849854,0.20944694064039504,13,1.6615383533331063,0.002018566194532897,0.001868107262447741,0.0024823378771543503,0.0021569503559516028,0.0024823378771543503,0.0021569503559516028,0.0016984173562377691,0.006572620943188667,0.0016984173562377691,0
3003,11,0,3,0.00835082121193409,0.0,0.0009837927063927054,0.0009837927063927054,0.0,0.00835082121193409,0.0,0,1,0.9076923131942749,0.2094469155167731,13,1.661538461366525,0.001975034746291466,0.001493974748624147,0.00835082121193409,0.0009837927063927054,0.00835082121193409,0.0009837927063927054,0.004090876784175634,0.006218641065061092,0.004090876784175634,0
3003,11,0,4,0.00576828233897686,0.0,-0.00013025042426306754,-0.00013025042426306754,0.0,0.00576828233897686,0.0,0,1,0.9076921939849854,0.20944694064039504,13,1.661538353333106,0.0018581933688552692,0.0015600000965524709,0.00576828233897686,-0.00013025042426306754,0.00576828233897686,0.00013025042426306754,0.003806534456089139,0.005791313014924526,0.003806534456089139,0
3003,11,0,5,0.012574909254908562,0.036000000312924385,0.002710031345486641,0.002710031345486641,-1.289523557379546e-10,0.012574909254908562,0.036000000312924385,1,3,0.9076921939849854,0.20944694064039504,13,1.661538353333106,0.005194577011573362,0.0033449305320632527,0.023425091058015823,0.0027100314744389967,0.023425091058015823,0.0027100314744389967,0.0014240165473893285,0.004931265488266945,0.0014240165473893285,0
3003,11,1,0,0.013562275096774101,0.012000001966953278,-0.0028179616201668978,-0.0028179616201668978,0.0,0.013562275096774101,0.012000001966953278,1,3,0.9076921939849854,0.20944694064039504,13,1.661538353333106,0.0029819264043400534,0.002509417265829955,0.0015622731298208237,-0.0028179616201668978,0.0015622731298208237,0.0028179616201668978,0.005172006785869598,0.0028612844180315733,0.005172006785869598,0
3003,11,1,2,0.01546291820704937,0.012000001966953278,-0.0024624273646622896,-0.0024624273646622896,-0.0008307678140126798,0.01546291820704937,0.012000001966953278,1,4,0.9076921939849854,0.20944694064039504,13,1.6615383533331063,0.0027820050693628546,0.002183868345865131,0.0034629162400960922,-0.0016316595506496098,0.0034629162400960922,0.0016316595506496098,0.005542786791920662,0.00451177591457963,0.005542786791920662,0
3003,11,1,3,0.011240110732614994,0.0,-0.004145348910242319,-0.004145348910242319,0.0,0.011240110732614994,0.0,0,1,0.9076923131942749,0.2094469155167731,13,1.661538461366525,0.0036926972039485863,0.0032378717066620932,0.011240110732614994,-0.004145348910242319,0.011240110732614994,0.004145348910242319,0.006286106538027525,0.0021132512483745813,0.006286106538027525,0
3003,11,1,4,0.011210020631551743,0.0,-0.005940122064203024,-0.005940122064203024,0.0,0.011210020631551743,0.0,0,1,0.9076921939849854,0.20944694064039504,13,1.661538353333106,0.003565980728291589,0.0030529080675198482,0.011210020631551743,-0.005940122064203024,0.011210020631551743,0.005940122064203024,0.004916268866509199,0.0038218277040868998,0.004916268866509199,0
3003,11,1,5,0.01739734224975109,0.047999996691942215,-0.001961334142833948,-0.001961334142833948,-0.006230768663378863,0.01739734224975109,0.047999996691942215,1,4,0.9076921939849854,0.20944694064039504,13,1.661538353333106,0.012109528152212425,0.010123472429327006,0.030602654442191124,0.004269434520544915,0.030602654442191124,0.004269434520544915,0.0038530079182237387,0.006776970811188221,0.0038530079182237387,0
3003,11,2,0,0.014902984723448753,0.012000001035630703,0.0013062870129942894,0.0013062870129942894,-6.44761778689773e-11,0.014902984723448753,0.012000001035630703,1,3,0.9076921939849854,0.20944694064039504,13,1.661538353333106,0.003693570629166278,0.002745485627615946,0.0029029836878180504,0.0013062870774704673,0.0029029836878180504,0.0013062870774704673,0.00300653837621212,0.007484917063266039,0.00300653837621212,0
3003,11,2,1,0.01585373654961586,0.017999999225139618,0.003151031443849206,0.003151031443849206,0.0,0.01585373654961586,0.017999999225139618,1,3,0.007692307233810425,0.20944694064039504,13,1.661538353333106,0.003772002852854621,0.002681097930528708,0.002146262675523758,0.003151031443849206,0.002146262675523758,0.003151031443849206,0.005448731128126383,0.007572018075734377,0.005448731128126383,0
3003,11,2,3,0.014131562784314156,0.0,-0.0011525129666551948,-0.0011525129666551948,-3.469446951953614e-18,0.014131562784314156,0.0,0,1,0.9076923131942749,0.2094469155167731,13,1.661538461366525,0.003316526061069496,0.002648487576895212,0.014131562784314156,-0.0011525129666551913,0.014131562784314156,0.0011525129666551913,0.003966123331338167,0.011607520282268524,0.003966123331338167,0
3003,11,2,4,0.011667460203170776,0.0,-0.0010984452674165368,-0.0010984452674165368,0.0,0.011667460203170776,0.0,0,1,0.9076921939849854,0.20944694064039504,13,1.661538353333106,0.003278070726193273,0.0026588732894708422,0.011667460203170776,-0.0010984452674165368,0.011667460203170776,0.0010984452674165368,0.005366531200706959,0.0062530734576284885,0.005366531200706959,0
3003,11,2,5,0.01520458422601223,0.035999998450279236,0.0026748303789645433,0.0026748303789645433,0.0,0.01520458422601223,0.035999998450279236,1,3,0.9076921939849854,0.20944694064039504,13,1.661538353333106,0.00529168762341819,0.003768590251369589,0.020795414224267006,0.0026748303789645433,0.020795414224267006,0.0026748303789645433,0.005341134499758482,0.0057270401157438755,0.005341134499758482,0
3003,12,0,1,0.011287784203886986,0.01799999736249447,0.002346847904846072,0.002346847904846072,1.289523557379546e-10,0.011287784203886986,0.01799999736249447,1,3,0.9076921939849854,0.20944694064039504,13,1.661538353333106,0.002241061757493498,0.0017578710730259235,0.006712213158607483,0.0023468477758937165,0.006712213158607483,0.0023468477758937165,0.0014850390143692493,0.004024440888315439,0.0014850390143692493,0
3003,12,0,2,0.009692998602986336,0.012000001966953278,0.0014985079178586602,0.0014985079178586602,-0.0008307693614409521,0.009692998602986336,0.012000001966953278,1,4,0.9076921939849854,0.20944694064039504,13,1.6615383533331063,0.002060785756965723,0.001893339667623565,0.002307003363966942,0.0023292772792996123,0.002307003363966942,0.0023292772792996123,0.0016734683886170387,0.006978476885706186,0.0016734683886170387,0
3003,12,0,3,0.008201424032449722,0.0,0.0005666647921316326,0.0005666647921316326,0.0,0.008201424032449722,0.0,0,1,0.9076923131942749,0.2094469155167731,13,1.661538461366525,0.002034359301085454,0.001605735088770206,0.008201424032449722,0.0005666647921316326,0.008201424032449722,0.0005666647921316326,0.004286650102585554,0.006195258814841509,0.004286650102585554,0
3003,12,0,4,0.006009513512253761,0.0,-0.00031591145670972764,-0.00031591145670972764,0.0,0.006009513512253761,0.0,0,1,0.9076921939849854,0.20944694064039504,13,1.661538353333106,0.002011644676812729,0.0017657745078470581,0.006009513512253761,-0.00031591145670972764,0.006009513512253761,0.00031591145670972764,0.0037721325643360615,0.005660227034240961,0.0037721325643360615,0
3003,12,0,5,0.012205122038722038,0.036000000312924385,0.0027588249649852514,0.0027588249649852514,-1.289523557379546e-10,0.012205122038722038,0.036000000312924385,1,3,0.9076921939849854,0.20944694064039504,13,1.661538353333106,0.005246292861775301,0.003383455390231849,0.023794878274202347,0.002758825093937607,0.023794878274202347,0.002758825093937607,0.0015620033955201507,0.005132413934916258,0.0015620033955201507,0
3003,12,1,0,0.01315993070602417,0.012000001966953278,-0.0017455630004405975,-0.0017455630004405975,0.0,0.01315993070602417,0.012000001966953278,1,3,0.9076921939849854,0.20944694064039504,13,1.661538353333106,0.00243667079375585,0.001956822097125138,0.0011599287390708923,-0.0017455630004405975,0.0011599287390708923,0.0017455630004405975,0.00229598768055439,0.0025754980742931366,0.00229598768055439,0
3003,12,1,2,0.01378103531897068,0.012000001966953278,-0.0035845376551151276,-0.0035845376551151276,-0.0008307678140126867,0.01378103531897068,0.012000001966953278,1,4,0.9076921939849854,0.20944694064039504,13,1.6615383533331063,0.0018641439747243095,0.0013633584438343719,0.0017810333520174026,-0.002753769841102441,0.0017810333520174026,0.002753769841102441,0.004267256706953049,0.0050119967199862,0.004267256706953049,0
3003,12,1,3,0.012216506525874138,0.0,-0.0036355729680508375,-0.0036355729680508375,0.0,0.012216506525874138,0.0,0,1,0.9076923131942749,0.2094469155167731,13,1.661538461366525,0.0037526423846266405,0.0032532228785153686,0.012216506525874138,-0.0036355729680508375,0.012216506525874138,0.0036355729680508375,0.004384877160191536,0.004934950731694698,0.004384877160191536,0
3003,12,1,4,0.010049520060420036,0.0,-0.0009265057742595673,-0.0009265057742595673,0.0,0.010049520060420036,0.0,0,1,0.9076921939849854,0.20944694064039504,13,1.661538353333106,0.00345009089900796,0.0029519623553259126,0.010049520060420036,-0.0009265057742595673,0.010049520060420036,0.0009265057742595673,0.002665215404704213,0.005324225872755051,0.002665215404704213,0
3003,12,1,5,0.016394583508372307,0.04799999948590994,-0.0002339469938306138,-0.0002339469938306138,-0.006230769243664471,0.016394583508372307,0.04799999948590994,1,4,0.9076921939849854,0.20944694064039504,13,1.661538353333106,0.012174678690137981,0.010150277303785262,0.03160541597753763,0.005996822249833857,0.03160541597753763,0.005996822249833857,0.003137388965114951,0.0036249675322324038,0.003137388965114951,0
3003,12,2,0,0.014924604445695877,0.012000001035630703,0.0016936665633693337,0.0016936665633693337,-6.44761778689773e-11,0.014924604445695877,0.012000001035630703,1,3,0.9076921939849854,0.20944694064039504,13,1.661538353333106,0.0037561996074615567,0.0028749517876015614,0.002924603410065174,0.0016936666278455116,0.002924603410065174,0.0016936666278455116,0.0029509621672332287,0.007391524966806173,0.0029509621672332287,0
3003,12,2,1,0.015795698389410973,0.017999999225139618,0.0031554196029901505,0.0031554196029901505,0.0,0.015795698389410973,0.017999999225139618,1,3,0.9076921939849854,0.20944694064039504,13,1.661538353333106,0.0037691153247435714,0.00268699283871425,0.0022043008357286453,0.0031554196029901505,0.0022043008357286453,0.0031554196029901505,0.00550669152289629,0.007519461214542389,0.00550669152289629,0
3003,12,2,3,0.013736201450228691,0.0,-0.0015731767052784562,-0.0015731767052784562,-3.469446951953614e-18,0.013736201450228691,0.0,0,1,0.9076923131942749,0.2094469155167731,13,1.661538461366525,0.00329719846240579,0.0026992815353813963,0.013736201450228691,-0.0015731767052784527,0.013736201450228691,0.0015731767052784527,0.0041489629074931145,0.01163913868367672,0.0041489629074931145,0
3003,12,2,4,0.01155686192214489,0.0,-0.0008840342052280903,-0.0008840342052280903,0.0,0.01155686192214489,0.0,0,1,0.9076921939849854,0.20944694064039504,13,1.661538353333106,0.003285203955960554,0.0026918828002447212,0.01155686192214489,-0.0008840342052280903,0.01155686192214489,0.0008840342052280903,0.005376290995627642,0.006048379000276327,0.005376290995627642,0
3003,12,2,5,0.015546301379799843,0.035999998450279236,0.0026429854333400726,0.0026429854333400726,0.0,0.015546301379799843,0.035999998450279236,1,3,0.9076921939849854,0.20944694064039504,13,1.661538353333106,0.005282586871068556,0.0038510980029430606,0.020453697070479393,0.0026429854333400726,0.020453697070479393,0.0026429854333400726,0.004721648525446653,0.0058396607637405396,0.004721648525446653,0
3003,13,0,1,0.021364064887166023,0.018000006675720215,-0.0014387081610038877,-0.0014387081610038877,-1.3877787807814457e-17,0.021364064887166023,0.018000006675720215,1,3,0.9076921939849854,0.20944694064039504,13,1.661538353333106,0.005752273465486517,0.004249578173762771,0.0033640582114458084,-0.0014387081610038738,0.0033640582114458084,0.0014387081610038738,0.012662083841860294,0.005141151137650013,0.012662083841860294,0
3003,13,0,2,0.025970160961151123,0.01199999451637268,0.004501712508499622,0.004501712508499622,0.0008307709088692106,0.025970160961151123,0.01199999451637268,1,4,0.9076921939849854,0.20944694064039504,13,1.6615383533331063,0.007116492797627368,0.005791084132757942,0.013970166444778442,0.0036709415996304118,0.013970166444778442,0.0036709415996304118,0.013652273453772068,0.004559181164950132,0.013652273453772068,0
3003,13,0,3,0.0274675153195858,0.0,-0.0008810865692794323,-0.0008810865692794323,0.0,0.0274675153195858,0.0,0,1,0.9076923131942749,0.2094469155167731,13,1.661538461366525,0.007211319507473792,0.006044638524322423,0.0274675153195858,-0.0008810865692794323,0.0274675153195858,0.0008810865692794323,0.006357812788337469,0.010340601205825806,0.006357812788337469,0
3003,13,0,4,0.02810261771082878,0.0,0.008039072155952454,0.008039072155952454,0.0,0.02810261771082878,0.0,0,1,0.9076921939849854,0.20944694064039504,13,1.661538353333106,0.00730833577339014,0.00545833201682162,0.02810261771082878,0.008039072155952454,0.02810261771082878,0.008039072155952454,0.008661595173180103,0.008011124096810818,0.008661595173180103,0
3003,13,0,5,0.02587990090250969,0.035999998450279236,-0.00025846748030744493,-0.00025846748030744493,0.0,0.02587990090250969,0.035999998450279236,1,3,0.9076921939849854,0.20944694064039504,13,1.661538353333106,0.00751777800783193,0.005783395520025677,0.010120097547769547,-0.00025846748030744493,0.010120097547769547,0.00025846748030744493,0.014419985935091972,0.009272950701415539,0.014419985935091972,0
3003,13,1,0,0.011310761794447899,0.012000001966953278,0.00040569560951553285,0.00040569560951553285,0.0,0.011310761794447899,0.012000001966953278,1,3,0.9076921939849854,0.20944694064039504,13,1.661538353333106,0.0021959519583378477,0.0015646594648177808,0.0006892401725053787,0.00040569560951553285,0.0006892401725053787,0.00040569560951553285,0.002599707106128335,0.002742893062531948,0.002599707106128335,0
3003,13,1,2,0.012253319844603539,0.012000001966953278,-0.0023871457669883966,-0.0023871457669883966,0.0008307678140126798,0.012253319844603539,0.012000001966953278,1,4,0.9076921939849854,0.20944694064039504,13,1.6615383533331063,0.001969700227508304,0.0014562755602703999,0.0002533178776502609,-0.0032179135810010764,0.0002533178776502609,0.0032179135810010764,0.004852918907999992,0.004937916062772274,0.004852918907999992,0
3003,13,1,3,0.013008752837777138,0.0,-0.003353577107191086,-0.003353577107191086,0.0,0.013008752837777138,0.0,0,1,0.9076923131942749,0.2094469155167731,13,1.661538461366525,0.003815952749085255,0.0031955249872080683,0.013008752837777138,-0.003353577107191086,0.013008752837777138,0.003353577107191086,0.005164243746548891,0.0051158880814909935,0.005164243746548891,0
3003,13,1,4,0.010176720097661018,0.0,-0.001030024723149836,-0.001030024723149836,6.938893903907228e-18,0.010176720097661018,0.0,0,1,0.9076921939849854,0.20944694064039504,13,1.661538353333106,0.003451366782305753,0.0029278774056914294,0.010176720097661018,-0.001030024723149843,0.010176720097661018,0.001030024723149843,0.003958348650485277,0.006071757525205612,0.003958348650485277,0
3003,13,1,5,0.016275940462946892,0.04800000134855509,-0.000946852087508887,-0.000946852087508887,-0.006230769630521521,0.016275940462946892,0.04800000134855509,1,4,0.9076921939849854,0.20944694064039504,13,1.661538353333106,0.012419490401865966,0.010368320308405267,0.031724060885608196,0.005283917543012634,0.031724060885608196,0.005283917543012634,0.004019925836473703,0.004669950809329748,0.004019925836473703,0
3003,13,2,0,0.013102708384394646,0.011999999172985554,-0.0007887764950282872,-0.0007887764950282872,6.44761778689773e-11,0.013102708384394646,0.011999999172985554,1,3,0.9076921939849854,0.20944694064039504,13,1.661538353333106,0.003655014437566433,0.002938138210826372,0.001102709211409092,-0.000788776559504465,0.001102709211409092,0.000788776559504465,0.0055479444563388824,0.007427934557199478,0.0055479444563388824,0
3003,13,2,1,0.013458875939249992,0.017999999225139618,0.0032753583509474993,0.0032753583509474993,6.938893903907228e-18,0.013458875939249992,0.017999999225139618,1,3,0.9076921939849854,0.20944694064039504,13,1.661538353333106,0.0037443185964892867,0.00276750317339361,0.0045411232858896255,0.0032753583509474923,0.0045411232858896255,0.0032753583509474923,0.005259152036160231,0.008762936107814312,0.005259152036160231,0
3003,13,2,3,0.012465385720133781,0.0,-0.00132010318338871,-0.00132010318338871,0.0,0.012465385720133781,0.0,0,1,0.9076923131942749,0.2094469155167731,13,1.661538461366525,0.0030933785822622574,0.0024999240799063053,0.012465385720133781,-0.00132010318338871,0.012465385720133781,0.00132010318338871,0.005352028179913759,0.011930770240724087,0.005352028179913759,0
3003,13,2,4,0.011966314166784286,0.0,0.0003618188202381134,0.0003618188202381134,0.0,0.011966314166784286,0.0,0,1,0.9076921939849854,0.20944694064039504,13,1.661538353333106,0.0033179358442320794,0.002657522596198426,0.011966314166784286,0.0003618188202381134,0.011966314166784286,0.0003618188202381134,0.003943014889955521,0.005294729024171829,0.003943014889955521,0
3003,13,2,5,0.014614352956414223,0.03599999658763409,0.0029670235235244036,0.0029670235235244036,1.289523557379546e-10,0.014614352956414223,0.03599999658763409,1,3,0.9076921939849854,0.20944694064039504,13,1.661538353333106,0.005634086744676085,0.004036986506020529,0.021385643631219864,0.002967023394572048,0.021385643631219864,0.002967023394572048,0.00533623993396759,0.008091844618320465,0.00533623993396759,0
3003,14,0,1,0.011469978839159012,0.01799999736249447,0.0025233321357518435,0.0025233321357518435,1.289523557379546e-10,0.011469978839159012,0.01799999736249447,1,3,0.9076921939849854,0.20944694064039504,13,1.661538353333106,0.002404693339040845,0.001973338623547695,0.006530018523335457,0.0025233320067994877,0.006530018523335457,0.0025233320067994877,0.0015781534602865577,0.0043877954594790936,0.0015781534602865577,0
3003,14,0,2,0.010208377614617348,0.012000001966953278,0.00187605619430542,0.00187605619430542,-0.0008307693614409521,0.010208377614617348,0.012000001966953278,1,4,0.9076921939849854,0.20944694064039504,13,1.6615383533331063,0.0021753591617460276,0.0018823489590862096,0.0017916243523359299,0.002706825555746372,0.0017916243523359299,0.002706825555746372,0.0013022181810811162,0.0064089251682162285,0.0013022181810811162,0
3003,14,0,3,0.00827622227370739,0.0,0.00041138907545246184,0.00041138907545246184,0.0,0.00827622227370739,0.0,0,1,0.9076923131942749,0.2094469155167731,13,1.661538461366525,0.0021297991189172596,0.0016328095067182234,0.00827622227370739,0.00041138907545246184,0.00827622227370739,0.00041138907545246184,0.003767095971852541,0.005698257125914097,0.003767095971852541,0
3003,14,0,4,0.005829576402902603,0.0,-0.0007594202761538327,-0.0007594202761538327,0.0,0.005829576402902603,0.0,0,1,0.007692307233810425,0.20944694064039504,13,1.661538353333106,0.0020514374510426404,0.0018300217019735709,0.005829576402902603,-0.0007594202761538327,0.005829576402902603,0.0007594202761538327,0.0036097567062824965,0.005800699815154076,0.0036097567062824965,0
3003,14,0,5,0.012722669169306755,0.036000000312924385,0.0027920929715037346,0.0027920929715037346,-1.289523557379546e-10,0.012722669169306755,0.036000000312924385,1,3,0.007692307233810425,0.20944694064039504,13,1.661538353333106,0.005238428418892877,0.0033976930529760886,0.02327733114361763,0.0027920931004560903,0.02327733114361763,0.0027920931004560903,0.001889753621071577,0.004987570457160473,0.001889753621071577,0
3003,14,1,0,0.013813773170113564,0.012000001966953278,-0.0016942486399784684,-0.0016942486399784684,0.0,0.013813773170113564,0.012000001966953278,1,3,0.9076921939849854,0.20944694064039504,13,1.661538353333106,0.0023646915557078364,0.0019381507437610064,0.001813771203160286,-0.0016942486399784684,0.001813771203160286,0.0016942486399784684,0.002452061977237463,0.003681805683299899,0.002452061977237463,0
3003,14,1,2,0.014085259288549423,0.012000001966953278,-0.0031576408073306084,-0.0031576408073306084,-0.0008307678140126867,0.014085259288549423,0.012000001966953278,1,4,0.9076921939849854,0.20944694064039504,13,1.6615383533331063,0.001696495845739679,0.0012405390834667274,0.0020852573215961456,-0.0023268729933179216,0.0020852573215961456,0.0023268729933179216,0.004859512206166983,0.005976102314889431,0.004859512206166983,0
3003,14,1,3,0.012122439220547676,0.0,-0.003872763132676482,-0.003872763132676482,0.0,0.012122439220547676,0.0,0,1,0.9076923131942749,0.2094469155167731,13,1.661538461366525,0.003742346162586667,0.003225803044597073,0.012122439220547676,-0.003872763132676482,0.012122439220547676,0.003872763132676482,0.004836312960833311,0.005174281075596809,0.004836312960833311,0
3003,14,1,4,0.010088099166750908,0.0,-0.0012895036488771439,-0.0012895036488771439,0.0,0.010088099166750908,0.0,0,1,0.007692307233810425,0.20944694064039504,13,1.661538353333106,0.003491718841137322,0.003023422813627142,0.010088099166750908,-0.0012895036488771439,0.010088099166750908,0.0012895036488771439,0.0027784728445112705,0.004990083165466785,0.0027784728445112705,0
3003,14,1,5,0.016033967956900597,0.04799999948590994,-0.00033956518745981157,-0.00033956518745981157,-0.006230769243664471,0.016033967956900597,0.04799999948590994,1,4,0.007692307233810425,0.20944694064039504,13,1.661538353333106,0.012193300382317118,0.01020000373514799,0.03196603152900934,0.0058912040562046596,0.03196603152900934,0.0058912040562046596,0.0030792756006121635,0.0034136450849473476,0.0030792756006121635,0
3003,14,2,0,0.014344045892357826,0.012000001035630703,0.001484574400819838,0.001484574400819838,-6.44761778689773e-11,0.014344045892357826,0.012000001035630703,1,3,0.9076921939849854,0.20944694064039504,13,1.661538353333106,0.0036768313571729134,0.0028429830105170697,0.0023440448567271233,0.001484574465296016,0.0023440448567271233,0.001484574465296016,0.0031178270000964403,0.0061750407330691814,0.0031178270000964403,0
3003,14,2,1,0.015040179714560509,0.017999999225139618,0.0033533507958054543,0.0033533507958054543,0.0,0.015040179714560509,0.017999999225139618,1,3,0.9076921939849854,0.20944694064039504,13,1.661538353333106,0.0037441541640392244,0.002647684236779015,0.002959819510579109,0.0033533507958054543,0.002959819510579109,0.0033533507958054543,0.005505508743226528,0.006860768422484398,0.005505508743226528,0
3003,14,2,3,0.012894118204712868,0.0,-0.0012489646906033158,-0.0012489646906033158,-3.469446951953614e-18,0.012894118204712868,0.0,0,1,0.9076923131942749,0.2094469155167731,13,1.661538461366525,0.0031754640828024383,0.0026063301198228574,0.012894118204712868,-0.0012489646906033124,0.012894118204712868,0.0012489646906033124,0.004166332073509693,0.010141320526599884,0.004166332073509693,0
3003,14,2,4,0.011495783925056458,0.0,-0.0011412650346755981,-0.0011412650346755981,0.0,0.011495783925056458,0.0,0,1,0.007692307233810425,0.20944694064039504,13,1.661538353333106,0.0032457498458749786,0.002653229717143188,0.011495783925056458,-0.0011412650346755981,0.011495783925056458,0.0011412650346755981,0.005525611340999603,0.005703102331608534,0.005525611340999603,0
3003,14,2,5,0.01570856384932995,0.035999998450279236,0.0031029952224344015,0.0031029952224344015,0.0,0.01570856384932995,0.035999998450279236,1,3,0.007692307233810425,0.20944694064039504,13,1.661538353333106,0.005245987515835212,0.00380985458662524,0.020291434600949287,0.0031029952224344015,0.020291434600949287,0.0031029952224344015,0.004441695287823677,0.005521191284060478,0.004441695287823677,0
3003,15,0,1,0.02191196009516716,0.018000006675720215,-0.0017580246785655618,-0.0017580246785655618,-1.3877787807814457e-17,0.02191196009516716,0.018000006675720215,1,3,0.9076921939849854,0.20944694064039504,13,1.661538353333106,0.0056941862145539505,0.004157063194423826,0.003911953419446945,-0.001758024678565548,0.003911953419446945,0.001758024678565548,0.012445606291294098,0.006733672693371773,0.012445606291294098,0
3003,15,0,2,0.026270851492881775,0.01199999451637268,0.0038498856592923403,0.0038498856592923403,0.0008307709088692106,0.026270851492881775,0.01199999451637268,1,4,0.9076921939849854,0.20944694064039504,13,1.6615383533331063,0.007105187806424319,0.005611975770994756,0.014270856976509094,0.0030191147504231297,0.014270856976509094,0.0030191147504231297,0.012662013992667198,0.006992605049163103,0.012662013992667198,0
3003,15,0,3,0.028413236141204834,0.0,-0.0022119292989373207,-0.0022119292989373207,0.0,0.028413236141204834,0.0,0,1,0.9076923131942749,0.2094469155167731,13,1.661538461366525,0.007199254733711778,0.006013126996312753,0.028413236141204834,-0.0022119292989373207,0.028413236141204834,0.0022119292989373207,0.006937903352081776,0.008813932538032532,0.006937903352081776,0
3003,15,0,4,0.02810261771082878,0.0,-0.00021669796842616051,-0.00021669796842616051,0.0,0.02810261771082878,0.0,0,1,0.9076921939849854,0.20944694064039504,13,1.661538353333106,0.00730833577339014,0.00545833201682162,0.02810261771082878,-0.00021669796842616051,0.02810261771082878,0.00021669796842616051,0.00736062228679657,0.008011124096810818,0.00736062228679657,0
3003,15,0,5,0.028459366410970688,0.035999998450279236,-0.00040103448554873466,-0.00040103448554873466,0.0,0.028459366410970688,0.035999998450279236,1,3,0.9076921939849854,0.20944694064039504,13,1.661538353333106,0.0073841064322297135,0.005425436038884869,0.007540632039308548,-0.00040103448554873466,0.007540632039308548,0.00040103448554873466,0.014097320847213268,0.008005302399396896,0.014097320847213268,0
3003,15,1,0,0.011986253783106804,0.012000001966953278,-0.001291917054913938,-0.001291917054913938,0.0,0.011986253783106804,0.012000001966953278,1,3,0.9076921939849854,0.20944694064039504,13,1.661538353333106,0.002304302280541471,0.0016680698643421986,1.3748183846473694e-05,-0.001291917054913938,1.3748183846473694e-05,0.001291917054913938,0.002026613336056471,0.004405726678669453,0.002026613336056471,0
3003,15,1,2,0.010697955265641212,0.012000001966953278,-0.0019193874904885888,-0.0019193874904885888,0.0008307678140126798,0.010697955265641212,0.012000001966953278,1,4,0.9076921939849854,0.20944694064039504,13,1.6615383533331063,0.0018799736233543792,0.0013545612479455374,0.0013020467013120651,-0.0027501553045012686,0.0013020467013120651,0.0027501553045012686,0.00551201356574893,0.005711345933377743,0.00551201356574893,0
3003,15,1,3,0.01343698613345623,0.0,-0.0037163717206567526,-0.0037163717206567526,0.0,0.01343698613345623,0.0,0,1,0.9076923131942749,0.2094469155167731,13,1.661538461366525,0.004049598977150636,0.0033785162284176726,0.01343698613345623,-0.0037163717206567526,0.01343698613345623,0.0037163717206567526,0.005461602006107569,0.00790871400386095,0.005461602006107569,0
3003,15,1,4,0.0103768240660429,0.0,-8.920704567572102e-05,-8.920704567572102e-05,0.0,0.0103768240660429,0.0,0,1,0.9076921939849854,0.20944694064039504,13,1.661538353333106,0.003502070762393501,0.002914602454950119,0.0103768240660429,-8.920704567572102e-05,0.0103768240660429,8.920704567572102e-05,0.004802741575986147,0.004933534190058708,0.004802741575986147,0
3003,15,1,5,0.01638616807758808,0.04800000134855509,-0.0002959292905870825,-0.0002959292905870825,-0.006230769630521521,0.01638616807758808,0.04800000134855509,1,4,0.9076921939849854,0.20944694064039504,13,1.661538353333106,0.012062765668615208,0.010264349329841911,0.03161383327096701,0.0059348403399344385,0.03161383327096701,0.0059348403399344385,0.004972358234226704,0.0062594967894256115,0.004972358234226704,0
3003,15,2,0,0.01471756212413311,0.011999999172985554,-0.0012606760719791055,-0.0012606760719791055,6.44761778689773e-11,0.01471756212413311,0.011999999172985554,1,3,0.9076921939849854,0.20944694064039504,13,1.661538353333106,0.004012524407813105,0.0032336308494122076,0.0027175629511475563,-0.0012606761364552833,0.0027175629511475563,0.0012606761364552833,0.004998441785573959,0.008919840678572655,0.004998441785573959,0
3003,15,2,1,0.015012139454483986,0.017999999225139618,0.004114117007702589,0.004114117007702589,6.938893903907228e-18,0.015012139454483986,0.017999999225139618,1,3,0.9076921939849854,0.20944694064039504,13,1.661538353333106,0.004024927147113363,0.003122968522049266,0.002987859770655632,0.004114117007702582,0.002987859770655632,0.004114117007702582,0.004575408063828945,0.00959437433630228,0.004575408063828945,0
3003,15,2,3,0.01225241832435131,0.0,-0.0014805840328335762,-0.0014805840328335762,0.0,0.01225241832435131,0.0,0,1,0.9076923131942749,0.2094469155167731,13,1.661538461366525,0.0033575568684809567,0.0026383031402113875,0.01225241832435131,-0.0014805840328335762,0.01225241832435131,0.0014805840328335762,0.004287084098905325,0.009855851531028748,0.004287084098905325,0
3003,15,2,4,0.013098342344164848,0.0,0.00022521242499351501,0.00022521242499351501,3.469446951953614e-18,0.013098342344164848,0.0,0,1,0.9076921939849854,0.20944694064039504,13,1.661538353333106,0.0034347417305024635,0.0026613158675340507,0.013098342344164848,0.00022521242499351155,0.013098342344164848,0.00022521242499351155,0.006629423703998327,0.00582491559907794,0.006629423703998327,0
3003,15,2,5,0.015463164076209068,0.03599999658763409,0.003808244364336133,0.003808244364336133,1.289523557379546e-10,0.015463164076209068,0.03599999658763409,1,3,0.9076921939849854,0.20944694064039504,13,1.661538353333106,0.005349531493089774,0.0037480614109504863,0.02053683251142502,0.0038082442353837773,0.02053683251142502,0.0038082442353837773,0.005073580890893936,0.0059664323925971985,0.005073580890893936,0
3003,16,0,1,0.023826543241739273,0.018000006675720215,-0.003282587043941021,-0.003282587043941021,-1.3877787807814457e-17,0.023826543241739273,0.018000006675720215,1,3,0.9076921939849854,0.20944694064039504,13,1.661538353333106,0.005493111667611618,0.0040565618853217,0.005826536566019058,-0.003282587043941007,0.005826536566019058,0.003282587043941007,0.012427537702023983,0.011220156215131283,0.012427537702023983,0
3003,16,0,2,0.026149753481149673,0.01199999451637268,-0.007527077104896307,-0.007527077104896307,0.0,0.026149753481149673,0.01199999451637268,1,3,0.9076921939849854,0.20944694064039504,13,1.661538353333106,0.007057206511392079,0.005684951667469988,0.014149758964776993,-0.007527077104896307,0.014149758964776993,0.007527077104896307,0.010980658233165741,0.0056274691596627235,0.010980658233165741,0
3003,16,0,3,0.030321015045046806,0.0,0.004434675443917513,0.004434675443917513,-1.3877787807814457e-17,0.030321015045046806,0.0,0,1,0.9076921939849854,0.20944694064039504,13,1.661538353333106,0.008339489833453843,0.007329673169128399,0.030321015045046806,0.004434675443917527,0.030321015045046806,0.004434675443917527,0.010352710261940956,0.016659922897815704,0.010352710261940956,0
3003,16,0,4,0.029512202367186546,0.0,0.006898625288158655,0.006898625288158655,0.0,0.029512202367186546,0.0,0,1,0.9076921939849854,0.20944694064039504,13,1.661538353333106,0.007491919280709948,0.005710442476084775,0.029512202367186546,0.006898625288158655,0.029512202367186546,0.006898625288158655,0.004775474779307842,0.012804064899682999,0.004775474779307842,0
3003,16,0,5,0.02837519720196724,0.035999998450279236,-0.0007127472199499607,-0.0007127472199499607,0.0,0.02837519720196724,0.035999998450279236,1,3,0.9076921939849854,0.20944694064039504,13,1.661538353333106,0.006084274625857937,0.004785080233688009,0.0076248012483119965,-0.0007127472199499607,0.0076248012483119965,0.0007127472199499607,0.01539751049131155,0.017722390592098236,0.01539751049131155,0
3003,16,1,0,0.014106221497058868,0.012000001966953278,-0.0007656415109522641,-0.0007656415109522641,0.0,0.014106221497058868,0.012000001966953278,1,3,0.9076921939849854,0.20944694064039504,13,1.661538353333106,0.002146960366351857,0.0018786088557991053,0.002106219530105591,-0.0007656415109522641,0.002106219530105591,0.0007656415109522641,0.0031044380739331245,0.0036180787719786167,0.0031044380739331245,0
3003,16,1,2,0.013918232172727585,0.012000001966953278,-0.002085261745378375,-0.002085261745378375,6.938893903907228e-18,0.013918232172727585,0.012000001966953278,1,3,0.9076921939849854,0.20944694064039504,13,1.661538353333106,0.001580769931627189,0.0012667968031570048,0.0019182302057743073,-0.002085261745378382,0.0019182302057743073,0.002085261745378382,0.0033687797840684652,0.004005603492259979,0.0033687797840684652,0
3003,16,1,3,0.014012409374117851,0.0,0.0032598411198705435,0.0032598411198705435,6.938893903907228e-18,0.014012409374117851,0.0,0,1,0.9076921939849854,0.20944694064039504,13,1.661538353333106,0.003923678742320819,0.003379022206604129,0.014012409374117851,0.0032598411198705365,0.014012409374117851,0.0032598411198705365,0.0029486618004739285,0.004612536169588566,0.0029486618004739285,0
3003,16,1,4,0.01238887570798397,0.0,-0.0016408847877755761,-0.0016408847877755761,6.938893903907228e-18,0.01238887570798397,0.0,0,1,0.9076921939849854,0.20944694064039504,13,1.661538353333106,0.003742918070524974,0.0032295846551127693,0.01238887570798397,-0.001640884787775583,0.01238887570798397,0.001640884787775583,0.0024867067113518715,0.003640030976384878,0.0024867067113518715,0
3003,16,1,5,0.017506340518593788,0.04800000134855509,-0.0002481288684066385,-0.0002481288684066385,-0.006230769630521521,0.017506340518593788,0.04800000134855509,1,4,0.9076921939849854,0.20944694064039504,13,1.661538353333106,0.012628485350844994,0.010430145931578953,0.0304936608299613,0.0059826407621148825,0.0304936608299613,0.0059826407621148825,0.004019506741315126,0.004398411139845848,0.004019506741315126,0
3003,16,2,0,0.014670698903501034,0.012000000104308128,-0.003332644933834672,-0.003332644933834672,-1.611904425040389e-11,0.014670698903501034,0.012000000104308128,1,3,0.9076921939849854,0.20944694064039504,13,1.661538353333106,0.0028968194783677843,0.002475348856443396,0.0026706987991929054,-0.0033326449177156275,0.0026706987991929054,0.0033326449177156275,0.0022656882647424936,0.005354920402169228,0.0022656882647424936,0
3003,16,2,1,0.014020364731550217,0.017999999225139618,0.000682793848682195,0.000682793848682195,-1.6119044467244326e-11,0.014020364731550217,0.017999999225139618,1,3,0.9076921939849854,0.20944694064039504,13,1.661538353333106,0.0025332376655457854,0.002127547812449729,0.003979634493589401,0.0006827938648012394,0.003979634493589401,0.0006827938648012394,0.0030829033348709345,0.004451605025678873,0.0030829033348709345,0
3003,16,2,3,0.013108620420098305,0.0,0.0025049427058547735,0.0025049427058547735,0.0,0.013108620420098305,0.0,0,1,0.9076921939849854,0.20944694064039504,13,1.661538353333106,0.003562288114451029,0.002781635235730537,0.013108620420098305,0.0025049427058547735,0.013108620420098305,0.0025049427058547735,0.0038581853732466698,0.006816777866333723,0.0038581853732466698,0
3003,16,2,4,0.012780595570802689,0.0,4.378036828711629e-05,4.378036828711629e-05,0.0,0.012780595570802689,0.0,0,1,0.9076921939849854,0.20944694064039504,13,1.661538353333106,0.0033721505305799536,0.0027764599616005576,0.012780595570802689,4.378036828711629e-05,0.012780595570802689,4.378036828711629e-05,0.00516912154853344,0.007336982060223818,0.00516912154853344,0
3003,16,2,5,0.016001297160983086,0.035999998450279236,0.0005205077468417585,0.0005205077468417585,-1.611904425040389e-11,0.016001297160983086,0.035999998450279236,1,3,0.9076921939849854,0.20944694064039504,13,1.661538353333106,0.004528725440867286,0.0033090360346939088,0.01999870128929615,0.0005205077629608027,0.01999870128929615,0.0005205077629608027,0.0031686974689364433,0.005173089448362589,0.0031686974689364433,0
3003,17,0,1,0.011287784203886986,0.01799999736249447,0.002346847904846072,0.002346847904846072,1.289523557379546e-10,0.011287784203886986,0.01799999736249447,1,3,0.9076921939849854,0.20944694064039504,13,1.661538353333106,0.002241061757493498,0.0017578710730259235,0.006712213158607483,0.0023468477758937165,0.006712213158607483,0.0023468477758937165,0.0014850390143692493,0.004024440888315439,0.0014850390143692493,0
3003,17,0,2,0.009692998602986336,0.012000001966953278,0.0014985079178586602,0.0014985079178586602,-0.0008307693614409521,0.009692998602986336,0.012000001966953278,1,4,0.9076921939849854,0.20944694064039504,13,1.6615383533331063,0.002060785756965723,0.001893339667623565,0.002307003363966942,0.0023292772792996123,0.002307003363966942,0.0023292772792996123,0.0016734683886170387,0.006978476885706186,0.0016734683886170387,0
3003,17,0,3,0.008201424032449722,0.0,0.0005666647921316326,0.0005666647921316326,0.0,0.008201424032449722,0.0,0,1,0.9076923131942749,0.2094469155167731,13,1.661538461366525,0.002034359301085454,0.001605735088770206,0.008201424032449722,0.0005666647921316326,0.008201424032449722,0.0005666647921316326,0.004286650102585554,0.006195258814841509,0.004286650102585554,0
3003,17,0,4,0.006009513512253761,0.0,-0.00031591145670972764,-0.00031591145670972764,0.0,0.006009513512253761,0.0,0,1,0.9076921939849854,0.20944694064039504,13,1.661538353333106,0.002011644676812729,0.0017657745078470581,0.006009513512253761,-0.00031591145670972764,0.006009513512253761,0.00031591145670972764,0.0037721325643360615,0.005660227034240961,0.0037721325643360615,0
3003,17,0,5,0.012205122038722038,0.036000000312924385,0.0027588249649852514,0.0027588249649852514,-1.289523557379546e-10,0.012205122038722038,0.036000000312924385,1,3,0.9076921939849854,0.20944694064039504,13,1.661538353333106,0.005246292861775301,0.003383455390231849,0.023794878274202347,0.002758825093937607,0.023794878274202347,0.002758825093937607,0.0015620033955201507,0.005132413934916258,0.0015620033955201507,0
3003,17,1,0,0.013459473848342896,0.012000001966953278,-0.0016817422583699226,-0.0016817422583699226,0.0,0.013459473848342896,0.012000001966953278,1,3,0.9076921939849854,0.20944694064039504,13,1.661538353333106,0.0024114826658511025,0.0018664596260652032,0.001459471881389618,-0.0016817422583699226,0.001459471881389618,0.0016817422583699226,0.0021689950954169035,0.002831971039995551,0.0021689950954169035,0
3003,17,1,2,0.012681182473897934,0.012000001966953278,-0.0029633038211613894,-0.0029633038211613894,-0.0008307678140126867,0.012681182473897934,0.012000001966953278,1,4,0.9076921939849854,0.20944694064039504,13,1.6615383533331063,0.0019195662415637065,0.0014007349867792515,0.0006811805069446564,-0.0021325360071487026,0.0006811805069446564,0.0021325360071487026,0.004232948180288076,0.006299664732068777,0.004232948180288076,0
3003,17,1,3,0.012120889499783516,0.0,-0.004289343487471342,-0.004289343487471342,0.0,0.012120889499783516,0.0,0,1,0.9076923131942749,0.2094469155167731,13,1.661538461366525,0.0037791445482788025,0.0032939120421748183,0.012120889499783516,-0.004289343487471342,0.012120889499783516,0.004289343487471342,0.0046478924341499805,0.004204080440104008,0.0046478924341499805,0
3003,17,1,4,0.010362092405557632,0.0,-0.0011065428843721747,-0.0011065428843721747,0.0,0.010362092405557632,0.0,0,1,0.9076921939849854,0.20944694064039504,13,1.661538353333106,0.003532191778362593,0.0030347737290802794,0.010362092405557632,-0.0011065428843721747,0.010362092405557632,0.0011065428843721747,0.0028855218552052975,0.004641572013497353,0.0028855218552052975,0
3003,17,1,5,0.017064543440937996,0.04799999948590994,-0.00019873522978741676,-0.00019873522978741676,-0.006230769243664471,0.017064543440937996,0.04799999948590994,1,4,0.9076921939849854,0.20944694064039504,13,1.661538353333106,0.012088239347405078,0.010096194443000842,0.030935456044971943,0.006032034013877054,0.030935456044971943,0.006032034013877054,0.003004319965839386,0.003673751838505268,0.003004319965839386,0
3003,17,2,0,0.015017898753285408,0.012000001035630703,0.0016897892346605659,0.0016897892346605659,-6.44761778689773e-11,0.015017898753285408,0.012000001035630703,1,3,0.9076921939849854,0.20944694064039504,13,1.661538353333106,0.0037657402052673965,0.002865934468938049,0.003017897717654705,0.0016897892991367437,0.003017897717654705,0.0016897892991367437,0.0028332415968179703,0.0075535583309829235,0.0028332415968179703,0
3003,17,2,1,0.015994416549801826,0.017999999225139618,0.0031990420538932085,0.0031990420538932085,0.0,0.015994416549801826,0.017999999225139618,1,3,0.9076921939849854,0.20944694064039504,13,1.661538353333106,0.0037983112816881675,0.002694478886719991,0.0020055826753377914,0.0031990420538932085,0.0020055826753377914,0.0031990420538932085,0.005413928534835577,0.007699923124164343,0.005413928534835577,0
3003,17,2,3,0.013823438435792923,0.0,-0.001469722599722445,-0.001469722599722445,-3.469446951953614e-18,0.013823438435792923,0.0,0,1,0.9076923131942749,0.2094469155167731,13,1.661538461366525,0.003295878472850086,0.002684080433210678,0.013823438435792923,-0.0014697225997224415,0.013823438435792923,0.0014697225997224415,0.004080957733094692,0.011669810861349106,0.004080957733094692,0
3003,17,2,4,0.011698449030518532,0.0,-0.0008119717240333557,-0.0008119717240333557,0.0,0.011698449030518532,0.0,0,1,0.9076921939849854,0.20944694064039504,13,1.661538353333106,0.003284115073543654,0.0026860619570023914,0.011698449030518532,-0.0008119717240333557,0.011698449030518532,0.0008119717240333557,0.005247629247605801,0.006237855646759272,0.005247629247605801,0
3003,17,2,5,0.015460582450032234,0.035999998450279236,0.0026673413813114166,0.0026673413813114166,0.0,0.015460582450032234,0.035999998450279236,1,3,0.9076921939849854,0.20944694064039504,13,1.661538353333106,0.005307154907429894,0.0038542381140607342,0.020539416000247,0.0026673413813114166,0.020539416000247,0.0026673413813114166,0.004577151034027338,0.00594728859141469,0.004577151034027338,0
3003,18,0,1,0.021364064887166023,0.018000006675720215,-0.0014387081610038877,-0.0014387081610038877,-1.3877787807814457e-17,0.021364064887166023,0.018000006675720215,1,3,0.9076921939849854,0.20944694064039504,13,1.661538353333106,0.005752273465486517,0.004249578173762771,0.0033640582114458084,-0.0014387081610038738,0.0033640582114458084,0.0014387081610038738,0.012662083841860294,0.005141151137650013,0.012662083841860294,0
3003,18,0,2,0.025970160961151123,0.01199999451637268,0.004501712508499622,0.004501712508499622,0.0008307709088692106,0.025970160961151123,0.01199999451637268,1,4,0.9076921939849854,0.20944694064039504,13,1.6615383533331063,0.007116492797627368,0.005791084132757942,0.013970166444778442,0.0036709415996304118,0.013970166444778442,0.0036709415996304118,0.013652273453772068,0.004559181164950132,0.013652273453772068,0
3003,18,0,3,0.0274675153195858,0.0,-0.0008810865692794323,-0.0008810865692794323,0.0,0.0274675153195858,0.0,0,1,0.9076923131942749,0.2094469155167731,13,1.661538461366525,0.007211319507473792,0.006044638524322423,0.0274675153195858,-0.0008810865692794323,0.0274675153195858,0.0008810865692794323,0.006357812788337469,0.010340601205825806,0.006357812788337469,0
3003,18,0,4,0.02810261771082878,0.0,0.008039072155952454,0.008039072155952454,0.0,0.02810261771082878,0.0,0,1,0.9076921939849854,0.20944694064039504,13,1.661538353333106,0.00730833577339014,0.00545833201682162,0.02810261771082878,0.008039072155952454,0.02810261771082878,0.008039072155952454,0.008661595173180103,0.008011124096810818,0.008661595173180103,0
3003,18,0,5,0.02587990090250969,0.035999998450279236,-0.00025846748030744493,-0.00025846748030744493,0.0,0.02587990090250969,0.035999998450279236,1,3,0.9076921939849854,0.20944694064039504,13,1.661538353333106,0.00751777800783193,0.005783395520025677,0.010120097547769547,-0.00025846748030744493,0.010120097547769547,0.00025846748030744493,0.014419985935091972,0.009272950701415539,0.014419985935091972,0
3003,18,1,0,0.011273568496108055,0.012000001966953278,0.0004546192067209631,0.0004546192067209631,0.0,0.011273568496108055,0.012000001966953278,1,3,0.9076921939849854,0.20944694064039504,13,1.661538353333106,0.0021850456946865926,0.0015538668359172413,0.0007264334708452225,0.0004546192067209631,0.0007264334708452225,0.0004546192067209631,0.0026128930039703846,0.0027679584454745054,0.0026128930039703846,0
3003,18,1,2,0.012172630056738853,0.012000001966953278,-0.002369738183915615,-0.002369738183915615,0.0008307678140126798,0.012172630056738853,0.012000001966953278,1,4,0.9076921939849854,0.20944694064039504,13,1.6615383533331063,0.0019401552527390994,0.0014260707742716435,0.00017262808978557587,-0.003200505997928295,0.00017262808978557587,0.003200505997928295,0.004724395461380482,0.004833873361349106,0.004724395461380482,0
3003,18,1,3,0.012976113706827164,0.0,-0.003483070060610771,-0.003483070060610771,0.0,0.012976113706827164,0.0,0,1,0.9076923131942749,0.2094469155167731,13,1.661538461366525,0.0038138681171875377,0.0032084667118343377,0.012976113706827164,-0.003483070060610771,0.012976113706827164,0.003483070060610771,0.005171637516468763,0.005175112746655941,0.005171637516468763,0
3003,18,1,4,0.010259279981255531,0.0,-0.0010100366780534387,-0.0010100366780534387,6.938893903907228e-18,0.010259279981255531,0.0,0,1,0.9076921939849854,0.20944694064039504,13,1.661538353333106,0.003474128264048581,0.002935214375955819,0.010259279981255531,-0.0010100366780534456,0.010259279981255531,0.0010100366780534456,0.003949487116187811,0.006258261855691671,0.003949487116187811,0
3003,18,1,5,0.01619924232363701,0.04800000134855509,-0.0008307052776217461,-0.0008307052776217461,-0.006230769630521521,0.01619924232363701,0.04800000134855509,1,4,0.9076921939849854,0.20944694064039504,13,1.661538353333106,0.012420362714564651,0.010374594931683597,0.03180075902491808,0.005400064352899775,0.03180075902491808,0.005400064352899775,0.003989783115684986,0.004748302046209574,0.003989783115684986,0
3003,18,2,0,0.013190625235438347,0.011999999172985554,-0.0006848896737210453,-0.0006848896737210453,6.44761778689773e-11,0.013190625235438347,0.011999999172985554,1,3,0.9076921939849854,0.20944694064039504,13,1.661538353333106,0.00364599679698163,0.00291781007317749,0.0011906260624527931,-0.0006848897381972231,0.0011906260624527931,0.0006848897381972231,0.005492199677973986,0.0074689011089503765,0.005492199677973986,0
3003,18,2,1,0.013515656813979149,0.017999999225139618,0.003347436198964715,0.003347436198964715,6.938893903907228e-18,0.013515656813979149,0.017999999225139618,1,3,0.9076921939849854,0.20944694064039504,13,1.661538353333106,0.0037464338809338306,0.0027647707060243962,0.004484342411160469,0.003347436198964708,0.004484342411160469,0.003347436198964708,0.005228902213275433,0.00885933730751276,0.005228902213275433,0
3003,18,2,3,0.012535583227872849,0.0,-0.0012117732549086213,-0.0012117732549086213,0.0,0.012535583227872849,0.0,0,1,0.9076923131942749,0.2094469155167731,13,1.661538461366525,0.0031021390082245546,0.002496545506123255,0.012535583227872849,-0.0012117732549086213,0.012535583227872849,0.0012117732549086213,0.005314525682479143,0.011992844752967358,0.005314525682479143,0
3003,18,2,4,0.01203899271786213,0.0,0.000386909581720829,0.000386909581720829,0.0,0.01203899271786213,0.0,0,1,0.9076921939849854,0.20944694064039504,13,1.661538353333106,0.0033275953163253427,0.0026734330906317784,0.01203899271786213,0.000386909581720829,0.01203899271786213,0.000386909581720829,0.003762682667002082,0.005561309866607189,0.003762682667002082,0
3003,18,2,5,0.014514757320284843,0.03599999658763409,0.0030472639482468367,0.0030472639482468367,1.289523557379546e-10,0.014514757320284843,0.03599999658763409,1,3,0.9076921939849854,0.20944694064039504,13,1.661538353333106,0.005619544978391714,0.004033631231834198,0.021485239267349243,0.003047263819294481,0.021485239267349243,0.003047263819294481,0.0052784220315515995,0.008077162317931652,0.0052784220315515995,0
3003,19,0,1,0.011287784203886986,0.01799999736249447,0.002346847904846072,0.002346847904846072,1.289523557379546e-10,0.011287784203886986,0.01799999736249447,1,3,0.9076921939849854,0.20944694064039504,13,1.661538353333106,0.002241061757493498,0.0017578710730259235,0.006712213158607483,0.0023468477758937165,0.006712213158607483,0.0023468477758937165,0.0014850390143692493,0.004024440888315439,0.0014850390143692493,0
3003,19,0,2,0.009692998602986336,0.012000001966953278,0.0014985079178586602,0.0014985079178586602,-0.0008307693614409521,0.009692998602986336,0.012000001966953278,1,4,0.9076921939849854,0.20944694064039504,13,1.6615383533331063,0.002060785756965723,0.001893339667623565,0.002307003363966942,0.0023292772792996123,0.002307003363966942,0.0023292772792996123,0.0016734683886170387,0.006978476885706186,0.0016734683886170387,0
3003,19,0,3,0.008201424032449722,0.0,0.0005666647921316326,0.0005666647921316326,0.0,0.008201424032449722,0.0,0,1,0.9076923131942749,0.2094469155167731,13,1.661538461366525,0.002034359301085454,0.001605735088770206,0.008201424032449722,0.0005666647921316326,0.008201424032449722,0.0005666647921316326,0.004286650102585554,0.006195258814841509,0.004286650102585554,0
3003,19,0,4,0.006009513512253761,0.0,-0.00031591145670972764,-0.00031591145670972764,0.0,0.006009513512253761,0.0,0,1,0.9076921939849854,0.20944694064039504,13,1.661538353333106,0.002011644676812729,0.0017657745078470581,0.006009513512253761,-0.00031591145670972764,0.006009513512253761,0.00031591145670972764,0.0037721325643360615,0.005660227034240961,0.0037721325643360615,0
3003,19,0,5,0.012205122038722038,0.036000000312924385,0.0027588249649852514,0.0027588249649852514,-1.289523557379546e-10,0.012205122038722038,0.036000000312924385,1,3,0.9076921939849854,0.20944694064039504,13,1.661538353333106,0.005246292861775301,0.003383455390231849,0.023794878274202347,0.002758825093937607,0.023794878274202347,0.002758825093937607,0.0015620033955201507,0.005132413934916258,0.0015620033955201507,0
3003,19,1,0,0.013163035735487938,0.012000001966953278,-0.00173209048807621,-0.00173209048807621,0.0,0.013163035735487938,0.012000001966953278,1,3,0.9076921939849854,0.20944694064039504,13,1.661538353333106,0.0024357112769215414,0.0019556412241868017,0.0011630337685346603,-0.00173209048807621,0.0011630337685346603,0.00173209048807621,0.0022785495966672897,0.002647759160026908,0.0022785495966672897,0
3003,19,1,2,0.013618884608149529,0.012000001966953278,-0.0035877309273928404,-0.0035877309273928404,-0.0008307678140126867,0.013618884608149529,0.012000001966953278,1,4,0.9076921939849854,0.20944694064039504,13,1.6615383533331063,0.001844749797208671,0.0013317816929351647,0.001618882641196251,-0.0027569631133801537,0.001618882641196251,0.0027569631133801537,0.004163648933172226,0.0047905626706779,0.004163648933172226,0
3003,19,1,3,0.01217690296471119,0.0,-0.0037014756817370653,-0.0037014756817370653,0.0,0.01217690296471119,0.0,0,1,0.9076923131942749,0.2094469155167731,13,1.661538461366525,0.0037425220400702742,0.0032473396091066164,0.01217690296471119,-0.0037014756817370653,0.01217690296471119,0.0037014756817370653,0.004340904764831066,0.005008923355489969,0.004340904764831066,0
3003,19,1,4,0.010153314098715782,0.0,-0.0009189571137540042,-0.0009189571137540042,0.0,0.010153314098715782,0.0,0,1,0.9076921939849854,0.20944694064039504,13,1.661538353333106,0.003459348281028524,0.002950422377628687,0.010153314098715782,-0.0009189571137540042,0.010153314098715782,0.0009189571137540042,0.0025995818432420492,0.0054722558706998825,0.0025995818432420492,0
3003,19,1,5,0.016278717666864395,0.04799999948590994,-0.0001138333827839233,-0.0001138333827839233,-0.006230769243664471,0.016278717666864395,0.04799999948590994,1,4,0.9076921939849854,0.20944694064039504,13,1.661538353333106,0.0121646253263295,0.010151634279351968,0.031721281819045544,0.006116935860880548,0.031721281819045544,0.006116935860880548,0.0030671681743115187,0.0037641029339283705,0.0030671681743115187,0
3003,19,2,0,0.015000203624367714,0.012000001035630703,0.0016954867169260979,0.0016954867169260979,-6.44761778689773e-11,0.015000203624367714,0.012000001035630703,1,3,0.9076921939849854,0.20944694064039504,13,1.661538353333106,0.0037657154709922025,0.002871393804719462,0.003000202588737011,0.0016954867814022757,0.003000202588737011,0.0016954867814022757,0.0028754742816090584,0.007510281167924404,0.0028754742816090584,0
3003,19,2,1,0.015944665297865868,0.017999999225139618,0.003196277655661106,0.003196277655661106,0.0,0.015944665297865868,0.017999999225139618,1,3,0.9076921939849854,0.20944694064039504,13,1.661538353333106,0.003794250238437285,0.0026965769746247134,0.0020553339272737503,0.003196277655661106,0.0020553339272737503,0.003196277655661106,0.005455962382256985,0.007649278733879328,0.005455962382256985,0
3003,19,2,3,0.013807127252221107,0.0,-0.0015023760497570038,-0.0015023760497570038,-3.469446951953614e-18,0.013807127252221107,0.0,0,1,0.9076923131942749,0.2094469155167731,13,1.661538461366525,0.0032993680103500164,0.00269138718233306,0.013807127252221107,-0.0015023760497570003,0.013807127252221107,0.0015023760497570003,0.004111626651138067,0.011652911081910133,0.004111626651138067,0
3003,19,2,4,0.011669211089611053,0.0,-0.0008300116169266403,-0.0008300116169266403,0.0,0.011669211089611053,0.0,0,1,0.9076921939849854,0.20944694064039504,13,1.661538353333106,0.0032868885587808245,0.002691110408694081,0.011669211089611053,-0.0008300116169266403,0.011669211089611053,0.0008300116169266403,0.005294531583786011,0.006186401005834341,0.005294531583786011,0
3003,19,2,5,0.015483127906918526,0.035999998450279236,0.0026689746882766485,0.0026689746882766485,0.0,0.015483127906918526,0.035999998450279236,1,3,0.9076921939849854,0.20944694064039504,13,1.661538353333106,0.005303604665171178,0.0038580874190528016,0.02051687054336071,0.0026689746882766485,0.02051687054336071,0.0026689746882766485,0.004627208225429058,0.005926819518208504,0.004627208225429058,0
3003,20,0,1,0.009770411998033524,0.01799999736249447,0.0028335738461464643,0.0028335738461464643,1.289523557379546e-10,0.009770411998033524,0.01799999736249447,1,3,0.007692307233810425,0.20944694064039504,13,1.661538353333106,0.0026743297839955243,0.0021199945514724103,0.008229585364460945,0.0028335737171941086,0.008229585364460945,0.0028335737171941086,0.0017271110555157065,0.004965350031852722,0.0017271110555157065,0
3003,20,0,2,0.007555469870567322,0.012000001966953278,0.0016795682022348046,0.0016795682022348046,-0.0008307693614409487,0.007555469870567322,0.012000001966953278,1,4,0.9076921939849854,0.20944694064039504,13,1.6615383533331063,0.0020876278592148146,0.0018660378747085145,0.004444532096385956,0.0025103375636757533,0.004444532096385956,0.0025103375636757533,0.0008576306863687932,0.006708640139549971,0.0008576306863687932,0
3003,20,0,3,0.005412772297859192,0.0,0.001478267484344542,0.001478267484344542,0.0,0.005412772297859192,0.0,0,1,0.9076923131942749,0.2094469155167731,13,1.661538461366525,0.0018081543115381852,0.0016133034899389956,0.005412772297859192,0.001478267484344542,0.005412772297859192,0.001478267484344542,0.0032994882203638554,0.004918261896818876,0.0032994882203638554,0
3003,20,0,4,0.0047285910695791245,0.0,-0.0002215222193626687,-0.0002215222193626687,3.469446951953614e-18,0.0047285910695791245,0.0,0,1,0.007692307233810425,0.20944694064039504,13,1.661538353333106,0.0017223556954998422,0.0015054271727271335,0.0047285910695791245,-0.00022152221936267216,0.0047285910695791245,0.00022152221936267216,0.003938034176826477,0.0060869138687849045,0.003938034176826477,0
3003,20,0,5,0.010772492736577988,0.03599999658763409,0.002189055783674121,0.002189055783674121,1.289523557379546e-10,0.010772492736577988,0.03599999658763409,1,3,0.9076921939849854,0.20944694064039504,13,1.661538353333106,0.005586573921670321,0.003408300673820563,0.0252275038510561,0.002189055654721765,0.0252275038510561,0.002189055654721765,0.0022949636913836002,0.005330635700374842,0.0022949636913836002,0
3003,20,1,0,0.012620305642485619,0.012000001966953278,-0.0014838334172964096,-0.0014838334172964096,0.0,0.012620305642485619,0.012000001966953278,1,3,0.9076921939849854,0.20944694064039504,13,1.661538353333106,0.0021319458744741026,0.0016777368824510176,0.000620303675532341,-0.0014838334172964096,0.000620303675532341,0.0014838334172964096,0.0022260122932493687,0.0032320956233888865,0.0022260122932493687,0
3003,20,1,2,0.011496078222990036,0.011999998241662979,-0.0017075048526749015,-0.0017075048526749015,-0.0008307693614409521,0.011496078222990036,0.011999998241662979,1,4,0.9076921939849854,0.20944694064039504,13,1.6615383533331063,0.001760905413466052,0.00134011108935232,0.0005039200186729431,-0.0008767354912339494,0.0005039200186729431,0.0008767354912339494,0.004405633546411991,0.004671253729611635,0.004405633546411991,0
3003,20,1,3,0.012210306711494923,0.0,-0.003369509242475033,-0.003369509242475033,0.0,0.012210306711494923,0.0,0,1,0.9076923131942749,0.2094469155167731,13,1.661538461366525,0.003521315204692357,0.0030995246199284785,0.012210306711494923,-0.003369509242475033,0.012210306711494923,0.003369509242475033,0.0059609180316329,0.002964814892038703,0.0059609180316329,0
3003,20,1,4,0.010092141106724739,0.0,-0.0015537046128883958,-0.0015537046128883958,0.0,0.010092141106724739,0.0,0,1,0.007692307233810425,0.20944694064039504,13,1.661538353333106,0.003082449774987437,0.0026608539535801787,0.010092141106724739,-0.0015537046128883958,0.010092141106724739,0.0015537046128883958,0.002466480480507016,0.0054250480607151985,0.002466480480507016,0
3003,20,1,5,0.014272982254624367,0.04799999692477286,0.0002860352396965027,0.0002860352396965027,-0.006230768711735998,0.014272982254624367,0.04799999692477286,1,4,0.9076921939849854,0.20944694064039504,13,1.661538353333106,0.012667471205940218,0.010619424093382422,0.03372701467014849,0.0065168039514325,0.03372701467014849,0.0065168039514325,0.003754149656742811,0.0032860629726201296,0.003754149656742811,0
3003,20,2,0,0.013974709436297417,0.012000001035630703,0.0019940852653235197,0.0019940852653235197,-6.447617439953035e-11,0.013974709436297417,0.012000001035630703,1,3,0.9076921939849854,0.20944694064039504,13,1.661538353333106,0.003561404770148818,0.00271691793035826,0.0019747084006667137,0.001994085329799694,0.0019747084006667137,0.001994085329799694,0.0034204903058707714,0.00701357563957572,0.0034204903058707714,0
3003,20,2,1,0.015221316367387772,0.017999999225139618,0.0037014614790678024,0.0037014614790678024,0.0,0.015221316367387772,0.017999999225139618,1,3,0.007692307233810425,0.20944694064039504,13,1.661538353333106,0.0037839719176900816,0.0027216114765088234,0.0027786828577518463,0.0037014614790678024,0.0027786828577518463,0.0037014614790678024,0.005766307003796101,0.007451167795807123,0.005766307003796101,0
3003,20,2,3,0.013400372117757797,0.0,-0.0008808492566458881,-0.0008808492566458881,0.0,0.013400372117757797,0.0,0,1,0.9076923131942749,0.2094469155167731,13,1.661538461366525,0.003172866471033656,0.0025084189541593814,0.013400372117757797,-0.0008808492566458881,0.013400372117757797,0.0008808492566458881,0.004541265778243542,0.011507723480463028,0.004541265778243542,0
3003,20,2,4,0.011032721027731895,0.0,-0.001066820346750319,-0.001066820346750319,0.0,0.011032721027731895,0.0,0,1,0.007692307233810425,0.20944694064039504,13,1.661538353333106,0.0030981334236475856,0.002589100189286576,0.011032721027731895,-0.001066820346750319,0.011032721027731895,0.001066820346750319,0.005262815393507481,0.006293149199336767,0.005262815393507481,0
3003,20,2,5,0.013848367147147655,0.035999998450279236,0.0025876443833112717,0.0025876443833112717,0.0,0.013848367147147655,0.035999998450279236,1,3,0.9076921939849854,0.20944694064039504,13,1.661538353333106,0.005535581459337458,0.003868796162792212,0.02215163130313158,0.0025876443833112717,0.02215163130313158,0.0025876443833112717,0.004627551883459091,0.0054243141785264015,0.004627551883459091,0
3003,21,0,1,0.02199067547917366,0.018000006675720215,-0.0008067165617831051,-0.0008067165617831051,0.0,0.02199067547917366,0.018000006675720215,1,3,0.9076921939849854,0.20944694064039504,13,1.661538353333106,0.00575885183867866,0.004282007148191774,0.0039906688034534454,-0.0008067165617831051,0.0039906688034534454,0.0008067165617831051,0.013334434479475021,0.008446051739156246,0.013334434479475021,0
3003,21,0,2,0.026084039360284805,0.01199999451637268,0.0035490859299898148,0.0035490859299898148,0.0008307709088692106,0.026084039360284805,0.01199999451637268,1,4,0.007692307233810425,0.20944694064039504,13,1.6615383533331063,0.006825003703443507,0.0054151779653769,0.014084044843912125,0.002718315021120604,0.014084044843912125,0.002718315021120604,0.012569475919008255,0.004128247033804655,0.012569475919008255,0
3003,21,0,3,0.029676299542188644,0.0,-0.0020977496169507504,-0.0020977496169507504,-1.3877787807814457e-17,0.029676299542188644,0.0,0,1,0.9076923131942749,0.2094469155167731,13,1.661538461366525,0.007372557700968716,0.006118038069930744,0.029676299542188644,-0.0020977496169507365,0.029676299542188644,0.0020977496169507365,0.006868857890367508,0.010558182373642921,0.006868857890367508,0
3003,21,0,4,0.03181225061416626,0.0,0.0030883101280778646,0.0030883101280778646,0.0,0.03181225061416626,0.0,0,1,0.9076921939849854,0.20944694064039504,13,1.661538353333106,0.008035329236545263,0.005876821264646638,0.03181225061416626,0.0030883101280778646,0.03181225061416626,0.0030883101280778646,0.01302266400307417,0.00788427796214819,0.01302266400307417,0
3003,21,0,5,0.02900848351418972,0.035999998450279236,0.0008023803238756955,0.0008023803238756955,0.0,0.02900848351418972,0.035999998450279236,1,3,0.9076921939849854,0.20944694064039504,13,1.661538353333106,0.007527676948725741,0.0058093359638776996,0.006991514936089516,0.0008023803238756955,0.006991514936089516,0.0008023803238756955,0.014988274313509464,0.010465342551469803,0.014988274313509464,0
3003,21,1,0,0.011586841195821762,0.012000001966953278,0.0007986823911778629,0.0007986823911778629,6.938893903907228e-18,0.011586841195821762,0.012000001966953278,1,3,0.9076921939849854,0.20944694064039504,13,1.661538353333106,0.0023786983995328173,0.0017600311903205846,0.0004131607711315155,0.0007986823911778559,0.0004131607711315155,0.0007986823911778559,0.0032253414392471313,0.002694899681955576,0.0032253414392471313,0
3003,21,1,2,0.012230314314365387,0.012000001966953278,-0.0026195046957582235,-0.0026195046957582235,0.0008307678140126798,0.012230314314365387,0.012000001966953278,1,4,0.007692307233810425,0.20944694064039504,13,1.6615383533331063,0.0020175005931911353,0.00152602419257164,0.00023031234741210938,-0.0034502725097709033,0.00023031234741210938,0.0034502725097709033,0.004403622820973396,0.005406602751463652,0.004403622820973396,0
3003,21,1,3,0.011803226545453072,0.0,-0.0034308212343603373,-0.0034308212343603373,0.0,0.011803226545453072,0.0,0,1,0.9076923131942749,0.2094469155167731,13,1.661538461366525,0.0038248851954603893,0.0032483448202793416,0.011803226545453072,-0.0034308212343603373,0.011803226545453072,0.0034308212343603373,0.005110787693411112,0.005577443167567253,0.005110787693411112,0
3003,21,1,4,0.010321250185370445,0.0,-0.0009348830208182335,-0.0009348830208182335,0.0,0.010321250185370445,0.0,0,1,0.9076921939849854,0.20944694064039504,13,1.661538353333106,0.0035070009984807717,0.002976899669015196,0.010321250185370445,-0.0009348830208182335,0.010321250185370445,0.0009348830208182335,0.003073633648455143,0.005757416132837534,0.003073633648455143,0
3003,21,1,5,0.01664901338517666,0.04799999948590994,-0.0007977529312483966,-0.0007977529312483966,-0.006230769243664471,0.01664901338517666,0.04799999948590994,1,4,0.9076921939849854,0.20944694064039504,13,1.661538353333106,0.012420808070645715,0.010413418011464311,0.03135098610073328,0.0054330163124160745,0.03135098610073328,0.0054330163124160745,0.003942771814763546,0.004661540035158396,0.003942771814763546,0
3003,21,2,0,0.01145235262811184,0.012000001035630703,-0.0026964994613081217,-0.0026964994613081217,6.447617439953035e-11,0.01145235262811184,0.012000001035630703,1,3,0.9076921939849854,0.20944694064039504,13,1.661538353333106,0.0025148959618679716,0.0023639623362284442,0.0005476484075188637,-0.002696499525784296,0.0005476484075188637,0.002696499525784296,0.0026042626705020666,0.009778083302080631,0.0026042626705020666,0
3003,21,2,1,0.014300304464995861,0.017999999225139618,0.0009011005167849362,0.0009011005167849362,-3.469446951953614e-18,0.014300304464995861,0.017999999225139618,1,3,0.9076921939849854,0.20944694064039504,13,1.661538353333106,0.0026469088480398383,0.0022477401756631904,0.003699694760143757,0.0009011005167849397,0.003699694760143757,0.0009011005167849397,0.004606276284903288,0.012170999310910702,0.004606276284903288,0
3003,21,2,3,0.017568670213222504,0.0,-0.0010326477931812406,-0.0010326477931812406,3.469446951953614e-18,0.017568670213222504,0.0,0,1,0.9076923131942749,0.2094469155167731,13,1.661538461366525,0.004165044736685553,0.003012550545624904,0.017568670213222504,-0.001032647793181244,0.017568670213222504,0.001032647793181244,0.007021895609796047,0.01250461209565401,0.007021895609796047,0
3003,21,2,4,0.013653389178216457,0.0,-0.005033036228269339,-0.005033036228269339,0.0,0.013653389178216457,0.0,0,1,0.9076921939849854,0.20944694064039504,13,1.661538353333106,0.0032462594866072667,0.0024546368279047973,0.013653389178216457,-0.005033036228269339,0.013653389178216457,0.005033036228269339,0.002590353600680828,0.010808191262185574,0.002590353600680828,0
3003,21,2,5,0.01486965175718069,0.035999998450279236,0.0007792243850417435,0.0007792243850417435,0.0,0.01486965175718069,0.035999998450279236,1,3,0.9076921939849854,0.20944694064039504,13,1.661538353333106,0.0049245135097178705,0.00360949578854812,0.021130346693098545,0.0007792243850417435,0.021130346693098545,0.0007792243850417435,0.0023952529300004244,0.01031593419611454,0.0023952529300004244,0
3003,22,0,1,0.009637238457798958,0.017999999225139618,0.0031693673226982355,0.0031693673226982355,0.0,0.009637238457798958,0.017999999225139618,1,3,0.9076921939849854,0.20944694064039504,13,1.661538353333106,0.0026488474063145035,0.002041397076210326,0.00836276076734066,0.0031693673226982355,0.00836276076734066,0.0031693673226982355,0.0031611889135092497,0.0047483681701123714,0.0031611889135092497,0
3003,22,0,2,0.007913025096058846,0.011999998241662979,0.002420238219201565,0.002420238219201565,0.0008307693614409487,0.007913025096058846,0.011999998241662979,1,4,0.9076921939849854,0.20944694064039504,13,1.6615383533331063,0.0025185208835915717,0.002249440123167264,0.004086973145604134,0.0015894688577606161,0.004086973145604134,0.0015894688577606161,0.0020746819209307432,0.006153746508061886,0.0020746819209307432,0
3003,22,0,3,0.008640015497803688,0.0,0.0007905044476501644,0.0007905044476501644,3.469446951953614e-18,0.008640015497803688,0.0,0,1,0.9076923131942749,0.2094469155167731,13,1.661538461366525,0.0022630179013435315,0.001790215123510925,0.008640015497803688,0.0007905044476501609,0.008640015497803688,0.0007905044476501609,0.005241600330919027,0.003875476075336337,0.005241600330919027,0
3003,22,0,4,0.007334144786000252,0.0,0.0003927756624761969,0.0003927756624761969,3.469446951953614e-18,0.007334144786000252,0.0,0,1,0.9076921939849854,0.20944694064039504,13,1.661538353333106,0.002323424545774078,0.0019303708827707188,0.007334144786000252,0.0003927756624761934,0.007334144786000252,0.0003927756624761934,0.002420542761683464,0.004514643456786871,0.002420542761683464,0
3003,22,0,5,0.012515433132648468,0.035999998450279236,0.0037509985268115997,0.0037509985268115997,0.0,0.012515433132648468,0.035999998450279236,1,3,0.9076921939849854,0.20944694064039504,13,1.661538353333106,0.005680211255752354,0.0036390469183583225,0.023484565317630768,0.0037509985268115997,0.023484565317630768,0.0037509985268115997,0.00222590914927423,0.005697134882211685,0.00222590914927423,0
3003,22,1,0,0.011569252237677574,0.012000001966953278,-0.0007600545068271458,-0.0007600545068271458,6.938893903907228e-18,0.011569252237677574,0.012000001966953278,1,3,0.9076921939849854,0.20944694064039504,13,1.661538353333106,0.0021876842760568268,0.0015260645535570634,0.00043074972927570343,-0.0007600545068271528,0.00043074972927570343,0.0007600545068271528,0.0031675512436777353,0.002714489819481969,0.0031675512436777353,0
3003,22,1,2,0.011534767225384712,0.012000001966953278,-0.0021494796965271235,-0.0021494796965271235,0.0008307678140126798,0.011534767225384712,0.012000001966953278,1,4,0.9076921939849854,0.20944694064039504,13,1.6615383533331063,0.0019156067100023777,0.0014179548656446696,0.00046523474156856537,-0.0029802475105398032,0.00046523474156856537,0.0029802475105398032,0.00434183981269598,0.005087256897240877,0.00434183981269598,0
3003,22,1,3,0.012667974457144737,0.0,-0.0034269157331436872,-0.0034269157331436872,0.0,0.012667974457144737,0.0,0,1,0.9076923131942749,0.2094469155167731,13,1.661538461366525,0.003762231009084253,0.00316705715638646,0.012667974457144737,-0.0034269157331436872,0.012667974457144737,0.0034269157331436872,0.004989095032215118,0.004506386816501617,0.004989095032215118,0
3003,22,1,4,0.010397499427199364,0.0,-0.0010503735393285751,-0.0010503735393285751,6.938893903907228e-18,0.010397499427199364,0.0,0,1,0.9076921939849854,0.20944694064039504,13,1.661538353333106,0.0033896569403516373,0.00282213109484791,0.010397499427199364,-0.001050373539328582,0.010397499427199364,0.001050373539328582,0.003911827225238085,0.00650160014629364,0.003911827225238085,0
3003,22,1,5,0.015778494998812675,0.04800000134855509,-0.0005892527406103909,-0.0005892527406103909,-0.006230769630521521,0.015778494998812675,0.04800000134855509,1,4,0.9076921939849854,0.20944694064039504,13,1.661538353333106,0.012439637349956118,0.010434867571708719,0.03222150634974241,0.00564151688991113,0.03222150634974241,0.00564151688991113,0.0036865316797047853,0.005320586729794741,0.0036865316797047853,0
3003,22,2,0,0.013178283348679543,0.011999999172985554,0.0023634040262550116,0.0023634040262550116,6.44761778689773e-11,0.013178283348679543,0.011999999172985554,1,3,0.9076921939849854,0.20944694064039504,13,1.661538353333106,0.003656135657843759,0.0029381272994731308,0.0011782841756939888,0.0023634039617788337,0.0011782841756939888,0.0023634039617788337,0.0034503007773309946,0.007335125468671322,0.0034503007773309946,0
3003,22,2,1,0.013863839209079742,0.017999999225139618,0.003733366960659623,0.003733366960659623,6.938893903907228e-18,0.013863839209079742,0.017999999225139618,1,3,0.9076921939849854,0.20944694064039504,13,1.661538353333106,0.003808417862062516,0.0027864518514751687,0.0041361600160598755,0.003733366960659616,0.0041361600160598755,0.003733366960659616,0.005107634235173464,0.009495713748037815,0.005107634235173464,0
3003,22,2,3,0.012308532372117043,0.0,-0.001148007228039205,-0.001148007228039205,0.0,0.012308532372117043,0.0,0,1,0.9076923131942749,0.2094469155167731,13,1.661538461366525,0.003043361888405858,0.0024604611539629086,0.012308532372117043,-0.001148007228039205,0.012308532372117043,0.001148007228039205,0.005321625620126724,0.01181380171328783,0.005321625620126724,0
3003,22,2,4,0.012539727613329887,0.0,0.0005292454734444618,0.0005292454734444618,0.0,0.012539727613329887,0.0,0,1,0.9076921939849854,0.20944694064039504,13,1.661538353333106,0.003271784471147661,0.00261643729530848,0.012539727613329887,0.0005292454734444618,0.012539727613329887,0.0005292454734444618,0.004161314107477665,0.005584120284765959,0.004161314107477665,0
3003,22,2,5,0.014677202329039574,0.03599999658763409,0.0033205461222678423,0.0033205461222678423,1.289523557379546e-10,0.014677202329039574,0.03599999658763409,1,3,0.9076921939849854,0.20944694064039504,13,1.661538353333106,0.005633923298316149,0.0040126776201485186,0.021322794258594513,0.0033205459933154866,0.021322794258594513,0.0033205459933154866,0.005219058133661747,0.008515797555446625,0.005219058133661747,0
3003,23,0,1,0.012811072170734406,0.017999999225139618,0.0012692561140283942,0.0012692561140283942,0.0,0.012811072170734406,0.017999999225139618,1,3,0.9076921939849854,0.20944694064039504,13,1.661538353333106,0.0020789430172050974,0.0015602041884551392,0.005188927054405212,0.0012692561140283942,0.005188927054405212,0.0012692561140283942,0.0034705030266195536,0.005256469827145338,0.0034705030266195536,0
3003,23,0,2,0.013652689754962921,0.012000000104308128,0.0004979174118489027,0.0004979174118489027,0.0008307692647266837,0.013652689754962921,0.012000000104308128,1,4,0.007692307233810425,0.20944694064039504,13,1.6615383533331063,0.002410906302790903,0.001601706533114145,0.0016526896506547928,-0.000332851852877781,0.0016526896506547928,0.000332851852877781,0.00274827447719872,0.00468445336446166,0.00274827447719872,0
3003,23,0,3,0.014017801731824875,0.0,-0.0013135188492015004,-0.0013135188492015004,0.0,0.014017801731824875,0.0,0,1,0.9076923131942749,0.2094469155167731,13,1.661538461366525,0.0032266360676948638,0.002266632227678976,0.014017801731824875,-0.0013135188492015004,0.014017801731824875,0.0013135188492015004,0.00428470503538847,0.007446956820785999,0.00428470503538847,0
3003,23,0,4,0.014105284586548805,0.0,-0.0015410437481477857,-0.0015410437481477857,0.0,0.014105284586548805,0.0,0,1,0.9076921939849854,0.20944694064039504,13,1.661538353333106,0.0033522831855253934,0.002527829441489905,0.014105284586548805,-0.0015410437481477857,0.014105284586548805,0.0015410437481477857,0.00583634153008461,0.006308502051979303,0.00583634153008461,0
3003,23,0,5,0.015596559271216393,0.035999998450279236,0.0007900425116531551,0.0007900425116531551,0.0,0.015596559271216393,0.035999998450279236,1,3,0.9076921939849854,0.20944694064039504,13,1.661538353333106,0.0043379169774729175,0.002541320147709205,0.020403439179062843,0.0007900425116531551,0.020403439179062843,0.0007900425116531551,0.003175634890794754,0.006211906671524048,0.003175634890794754,0
3003,23,1,0,0.011612296104431152,0.012000001966953278,-0.0006557904998771846,-0.0006557904998771846,0.0,0.011612296104431152,0.012000001966953278,1,3,0.007692307233810425,0.20944694064039504,13,1.661538353333106,0.002378686513168706,0.0017588060327182855,0.00038770586252212524,-0.0006557904998771846,0.00038770586252212524,0.0006557904998771846,0.0030151361133903265,0.002648827387019992,0.0030151361133903265,0
3003,23,1,2,0.012011175975203514,0.012000001966953278,-0.002603968372568488,-0.002603968372568488,0.0008307678140126798,0.012011175975203514,0.012000001966953278,1,4,0.007692307233810425,0.20944694064039504,13,1.6615383533331063,0.0019874785002735825,0.0015083167415398818,1.1174008250236511e-05,-0.003434736186581168,1.1174008250236511e-05,0.003434736186581168,0.004427401348948479,0.00607835641130805,0.004427401348948479,0
3003,23,1,3,0.011889534071087837,0.0,-0.003332669148221612,-0.003332669148221612,0.0,0.011889534071087837,0.0,0,1,0.9076923131942749,0.2094469155167731,13,1.661538461366525,0.0037874207539677473,0.0031995555970090375,0.011889534071087837,-0.003332669148221612,0.011889534071087837,0.003332669148221612,0.005006246268749237,0.00525671849027276,0.005006246268749237,0
3003,23,1,4,0.010250795632600784,0.0,-0.0009617197210900486,-0.0009617197210900486,0.0,0.010250795632600784,0.0,0,1,0.9076921939849854,0.20944694064039504,13,1.661538353333106,0.0034453170998526056,0.0029378259146707305,0.010250795632600784,-0.0009617197210900486,0.010250795632600784,0.0009617197210900486,0.0029793556313961744,0.005267594009637833,0.0029793556313961744,0
3003,23,1,5,0.015739286318421364,0.04799999948590994,-0.0008702150662429631,-0.0008702150662429631,-0.006230769243664471,0.015739286318421364,0.04799999948590994,1,4,0.9076921939849854,0.20944694064039504,13,1.661538353333106,0.012522111917617044,0.010496766708747171,0.032260713167488575,0.005360554177421508,0.032260713167488575,0.005360554177421508,0.00415849732235074,0.004620166029781103,0.00415849732235074,0
3003,23,2,0,0.014381345361471176,0.012000001035630703,0.0009023887105286121,0.0009023887105286121,6.447617439953035e-11,0.014381345361471176,0.012000001035630703,1,3,0.007692307233810425,0.20944694064039504,13,1.661538353333106,0.002907709850911257,0.0025551797513513877,0.002381344325840473,0.0009023886460524377,0.002381344325840473,0.0009023886460524377,0.0033534225076436996,0.008778255432844162,0.0033534225076436996,0
3003,23,2,1,0.014757120050489902,0.017999999225139618,0.0004564729752019048,0.0004564729752019048,-3.469446951953614e-18,0.014757120050489902,0.017999999225139618,1,3,0.9076921939849854,0.20944694064039504,13,1.661538353333106,0.003151523136561068,0.002648395046002105,0.0032428791746497154,0.00045647297520190824,0.0032428791746497154,0.00045647297520190824,0.001556737581267953,0.007563082035630941,0.001556737581267953,0
3003,23,2,3,0.018212534487247467,0.0,-0.0009918294381350279,-0.0009918294381350279,3.469446951953614e-18,0.018212534487247467,0.0,0,1,0.9076923131942749,0.2094469155167731,13,1.661538461366525,0.004644973664376736,0.003572250495956847,0.018212534487247467,-0.0009918294381350314,0.018212534487247467,0.0009918294381350314,0.005483489017933607,0.010580417700111866,0.005483489017933607,0
3003,23,2,4,0.013285931199789047,0.0,-0.004101149272173643,-0.004101149272173643,0.0,0.013285931199789047,0.0,0,1,0.9076921939849854,0.20944694064039504,13,1.661538353333106,0.0036231542545689947,0.0029425427934827186,0.013285931199789047,-0.004101149272173643,0.013285931199789047,0.004101149272173643,0.0021166058722883463,0.0083455890417099,0.0021166058722883463,0
3003,23,2,5,0.016551868990063667,0.035999998450279236,0.0005450278986245394,0.0005450278986245394,0.0,0.016551868990063667,0.035999998450279236,1,3,0.9076921939849854,0.20944694064039504,13,1.661538353333106,0.004811889943419001,0.00376284522618878,0.01944812946021557,0.0005450278986245394,0.01944812946021557,0.0005450278986245394,0.002099253237247467,0.006554286926984787,0.002099253237247467,0
