seed,state_idx,ego_id,neighbor_id,fixed_panel_step_index,fixed_panel_step_hash,fixed_panel_fingerprint,learned_score,oracle_score,learned_signed,learned_direction_row_aipw,oracle_signed,learned_range,oracle_range,oracle_q_nonconstant,oracle_q_distinct_levels,observed_action_probability,policy_support_entropy,valid_action_count,target_policy_l1_to_uniform,q_centered_rmse,q_centered_mae,abs_error,signed_error,capacity_abs_error,direction_abs_error,proxy_sigma,capacity_sigma,direction_sigma,dr_applied,learned_q_range,oracle_q_range_from_surface,capacity_head_q_range_consistency_abs,capacity_q_error_bound,capacity_q_error_bound_violation,direction_head_q_consistency_abs,oracle_direction_q_consistency_abs,oracle_argmax_action,oracle_argmin_action,learned_argmax_action,learned_argmin_action,oracle_argmax_count,oracle_argmin_count,oracle_extrema_unique,argmax_match,argmin_match,both_extrema_match,oracle_g_plus,oracle_g_minus,oracle_extrema_gap,extrema_gap_zero,q_raw_sup_error,q_gauge_shift_opt,q_gauge_sup_error,q_gauge_sup_error_check,lambda_C,lambda_C_raw,extrema_stability_certified,extrema_stability_violation,learned_direction_from_q,oracle_direction_from_q,direction_weight_l1,direction_q_error_bound,direction_sign_margin,lambda_D,direction_sign_match_from_q,direction_sign_certified,direction_sign_violation,oracle_capacity_rank,learned_capacity_rank,oracle_capacity_topk_member,learned_capacity_topk_member,oracle_capacity_margin_to_topk_boundary
3002,0,0,1,0,454323584c7802ac9fea4e835dde34456fcdf7e642be0f857290186cd4ba5b9d,0bc601d8605a9532d518cc9ec06d7054f26c5dc8b8d4b9e7a46288d2e669208a,0.009093166328966618,0.0,-0.0026058403309434652,-0.0026058403309434652,0.0,0.009093166328966618,0.0,0,1,0.007692307233810425,0.20944694064039504,13,1.661538353333106,0.002751486776380469,0.0023398925364293026,0.009093166328966618,-0.0026058403309434652,0.009093166328966618,0.0026058403309434652,0.007694785483181477,0.005437053274363279,0.007694785483181477,0,0.009093166212551296,0.0,1.1641532182693481e-10,0.009093166212551296,0,1.285239831227969e-10,8.673617379884035e-19,0,0,3,11,13,13,0,1,1,1,0.0,0.0,0.0,1,0.011540513834916055,0.006993930728640407,0.004546583106275648,0.004546583106275648,inf,inf,0,0,-0.002605840202419482,8.673617379884035e-19,1.6615384505345263,0.007554322649627693,8.673617379884035e-19,inf,0,0,0,3,4,0,0,0.041999999433755875
3002,0,0,2,0,454323584c7802ac9fea4e835dde34456fcdf7e642be0f857290186cd4ba5b9d,0bc601d8605a9532d518cc9ec06d7054f26c5dc8b8d4b9e7a46288d2e669208a,0.018328579142689705,0.035999998450279236,-0.0019950885325670242,-0.0019950885325670242,0.0,0.018328579142689705,0.035999998450279236,1,3,0.9076921939849854,0.20944694064039504,13,1.661538353333106,0.005538655124898455,0.003929247914334021,0.01767141930758953,-0.0019950885325670242,0.01767141930758953,0.0019950885325670242,0.004751270171254873,0.0075644743628799915,0.004751270171254873,0,0.018328579841181636,0.035999998450279236,6.984919309616089e-10,0.022868635831400752,0,3.470500883201444e-11,8.673617379884035e-19,10,11,8,11,1,1,1,0,1,0,0.017999999225139618,0.017999999225139618,0.017999999225139618,0,0.013021252816542983,0.001586934900842607,0.011434317915700376,0.011434317915700376,0.6352399115512565,0.7234029653932934,0,0,-0.0019950884978620154,8.673617379884035e-19,1.6615384505345263,0.01899855887257198,8.673617379884035e-19,inf,0,0,0,2,2,0,0,0.006000000983476639
3002,0,0,3,0,454323584c7802ac9fea4e835dde34456fcdf7e642be0f857290186cd4ba5b9d,0bc601d8605a9532d518cc9ec06d7054f26c5dc8b8d4b9e7a46288d2e669208a,0.004790560808032751,0.0,-0.0004128008440602571,-0.0004128008440602571,0.0,0.004790560808032751,0.0,0,1,0.9076921939849854,0.20944694064039504,13,1.661538353333106,0.001569723546541302,0.0013830616392371568,0.004790560808032751,-0.0004128008440602571,0.004790560808032751,0.0004128008440602571,0.005922864656895399,0.007779045030474663,0.005922864656895399,0,0.004790560691617429,0.0,1.1641532182693481e-10,0.004790560691617429,0,3.1651275827701553e-10,8.673617379884035e-19,0,0,3,9,13,13,0,1,1,1,0.0,0.0,0.0,1,0.008432270376943052,0.006036990031134337,0.0023952803458087146,0.0023952803458087146,inf,inf,0,0,-0.00041280116057301535,8.673617379884035e-19,1.6615384505345263,0.0039798503943708164,8.673617379884035e-19,inf,0,0,0,4,5,0,0,0.041999999433755875
3002,0,0,4,0,454323584c7802ac9fea4e835dde34456fcdf7e642be0f857290186cd4ba5b9d,0bc601d8605a9532d518cc9ec06d7054f26c5dc8b8d4b9e7a46288d2e669208a,0.011989453807473183,0.0,0.003661439521238208,0.003661439521238208,0.0,0.011989453807473183,0.0,0,1,0.9076921939849854,0.20944694064039504,13,1.661538353333106,0.003466716918129069,0.0029843305706007952,0.011989453807473183,0.003661439521238208,0.011989453807473183,0.003661439521238208,0.00551979336887598,0.006394925061613321,0.00551979336887598,0,0.011989453341811895,0.0,4.656612873077393e-10,0.011989453341811895,0,5.2457086417712073e-11,8.673617379884035e-19,0,0,8,4,13,13,0,1,1,1,0.0,0.0,0.0,1,0.010357333812862635,0.004362607141956687,0.005994726670905948,0.005994726670905948,inf,inf,0,0,0.0036614394687811214,8.673617379884035e-19,1.6615384505345263,0.009960468864155067,8.673617379884035e-19,inf,0,0,0,5,3,0,0,0.041999999433755875
3002,0,0,5,0,454323584c7802ac9fea4e835dde34456fcdf7e642be0f857290186cd4ba5b9d,0bc601d8605a9532d518cc9ec06d7054f26c5dc8b8d4b9e7a46288d2e669208a,0.020159153267741203,0.041999999433755875,-0.0011946633458137512,-0.0011946633458137512,0.0020769230167453096,0.020159153267741203,0.041999999433755875,1,4,0.9076921939849854,0.20944694064039504,13,1.661538353333106,0.009498433166236855,0.005436546535688568,0.02184084616601467,-0.003271586362559061,0.02184084616601467,0.003271586362559061,0.006011479534208775,0.008027433417737484,0.006011479534208775,0,0.020159153500571847,0.041999999433755875,2.3283064365386963e-10,0.04021054902113974,0,5.365535585277748e-10,0.0,10,1,10,11,1,1,1,1,0,0,0.012000000104308128,0.017999999225139618,0.012000000104308128,0,0.03708731313236058,0.016982038621790707,0.02010527451056987,0.02010527451056987,1.6754395279839924,3.090609400832075,0,0,-0.0011946638823673097,0.0020769230167453096,1.6615384505345263,0.033405686657863566,0.0020769230167453096,16.084219967966227,0,0,0,1,1,1,1,0.006000000983476639
3002,0,1,0,0,454323584c7802ac9fea4e835dde34456fcdf7e642be0f857290186cd4ba5b9d,0bc601d8605a9532d518cc9ec06d7054f26c5dc8b8d4b9e7a46288d2e669208a,0.016677094623446465,0.0,0.0010982673848047853,0.0010982673848047853,0.0,0.016677094623446465,0.0,0,1,0.007692307233810425,0.20944694064039504,13,1.661538353333106,0.004771879291047536,0.003949056787295102,0.016677094623446465,0.0010982673848047853,0.016677094623446465,0.0010982673848047853,0.003097323002293706,0.006482443772256374,0.003097323002293706,0,0.016677095089107752,0.0,4.656612873077393e-10,0.016677095089107752,0,1.0299373584890525e-09,1.734723475976807e-18,0,0,8,9,13,13,0,1,1,1,0.0,0.0,0.0,1,0.015913885552436113,0.0075753380078822374,0.008338547544553876,0.008338547544553876,inf,inf,0,0,0.0010982663548674268,1.734723475976807e-18,1.6615384505345263,0.013854817366886527,1.734723475976807e-18,inf,0,0,0,3,4,0,0,0.03000000026077032
3002,0,1,2,0,454323584c7802ac9fea4e835dde34456fcdf7e642be0f857290186cd4ba5b9d,0bc601d8605a9532d518cc9ec06d7054f26c5dc8b8d4b9e7a46288d2e669208a,0.016824552789330482,0.0,-0.002255816711112857,-0.002255816711112857,0.0,0.016824552789330482,0.0,0,1,0.9076921939849854,0.20944694064039504,13,1.661538353333106,0.005264538097387895,0.0047541280007044944,0.016824552789330482,-0.002255816711112857,0.016824552789330482,0.002255816711112857,0.008515307679772377,0.005120465531945229,0.008515307679772377,0,0.016824552323669195,0.0,4.656612873077393e-10,0.016824552323669195,0,6.190760612478918e-10,1.734723475976807e-18,0,0,8,9,13,13,0,1,1,1,0.0,0.0,0.0,1,0.014161584433168173,0.005749308271333575,0.008412276161834598,0.008412276161834598,inf,inf,0,0,-0.002255817330188918,1.734723475976807e-18,1.6615384505345263,0.01397732029940319,1.734723475976807e-18,inf,0,0,0,4,3,0,0,0.03000000026077032
3002,0,1,3,0,454323584c7802ac9fea4e835dde34456fcdf7e642be0f857290186cd4ba5b9d,0bc601d8605a9532d518cc9ec06d7054f26c5dc8b8d4b9e7a46288d2e669208a,0.018047384917736053,0.03000000026077032,-0.0009926523780450225,-0.0009926523780450225,6.44761778689773e-11,0.018047384917736053,0.03000000026077032,1,3,0.9076921939849854,0.20944694064039504,13,1.661538353333106,0.005977177292722896,0.004897082429420555,0.011952615343034267,-0.0009926524425212004,0.011952615343034267,0.0009926524425212004,0.007954788394272327,0.003901343559846282,0.007954788394272327,0,0.018047385528916493,0.03000000026077032,6.111804395914078e-10,0.022142517525935546,0,6.681265254590563e-10,3.469446951953614e-18,10,11,12,11,1,1,1,0,1,0,0.014999999664723873,0.015000000596046448,0.014999999664723873,0,0.020460447907680646,0.009389189144712873,0.011071258762967773,0.011071258762967773,0.7380839340286464,1.3640298910004869,0,0,-0.000992651709918497,6.447618133842425e-11,1.6615384505345263,0.018395322130488268,6.447618133842425e-11,285304150.28666824,0,0,0,1,2,1,0,0.012000001035630703
3002,0,1,4,0,454323584c7802ac9fea4e835dde34456fcdf7e642be0f857290186cd4ba5b9d,0bc601d8605a9532d518cc9ec06d7054f26c5dc8b8d4b9e7a46288d2e669208a,0.01377149298787117,0.017999999225139618,0.002374285599216819,0.002374285599216819,0.0,0.01377149298787117,0.017999999225139618,1,3,0.9076921939849854,0.20944694064039504,13,1.661538353333106,0.004571828423681512,0.0041279874207485,0.004228506237268448,0.002374285599216819,0.004228506237268448,0.002374285599216819,0.008799316361546516,0.00793859176337719,0.008799316361546516,0,0.01377149298787117,0.017999999225139618,0.0,0.01377149298787117,0,8.198854919636012e-10,1.734723475976807e-18,10,11,12,2,1,1,1,0,0,0,0.008999999612569809,0.008999999612569809,0.008999999612569809,0,0.016710009425878525,0.00982426293194294,0.006885746493935585,0.006885746493935585,0.7650829767057588,1.8566677939119647,0,0,0.002374284779331327,1.734723475976807e-18,1.6615384505345263,0.011440932560307279,1.734723475976807e-18,inf,0,0,0,2,5,0,0,0.012000001035630703
3002,0,1,5,0,454323584c7802ac9fea4e835dde34456fcdf7e642be0f857290186cd4ba5b9d,0bc601d8605a9532d518cc9ec06d7054f26c5dc8b8d4b9e7a46288d2e669208a,0.0200581643730402,0.0,0.0021013834048062563,0.0021013834048062563,0.0,0.0200581643730402,0.0,0,1,0.9076921939849854,0.20944694064039504,13,1.661538353333106,0.005607002417293629,0.004678883793703198,0.0200581643730402,0.0021013834048062563,0.0200581643730402,0.0021013834048062563,0.004886631853878498,0.008874528110027313,0.004886631853878498,0,0.020058163907378912,0.0,4.656612873077393e-10,0.020058163907378912,0,2.2965975995936638e-10,1.734723475976807e-18,0,0,10,9,13,13,0,1,1,1,0.0,0.0,0.0,1,0.014577572699636221,0.004548490745946765,0.010029081953689456,0.010029081953689456,inf,inf,0,0,0.0021013836344660163,1.734723475976807e-18,1.6615384505345263,0.01666370528961696,1.734723475976807e-18,inf,0,0,0,5,1,0,1,0.03000000026077032
3002,0,2,0,0,454323584c7802ac9fea4e835dde34456fcdf7e642be0f857290186cd4ba5b9d,0bc601d8605a9532d518cc9ec06d7054f26c5dc8b8d4b9e7a46288d2e669208a,0.014229414984583855,0.012000000104308128,0.0047175269573926926,0.0047175269573926926,0.0,0.014229414984583855,0.012000000104308128,1,3,0.007692307233810425,0.20944694064039504,13,1.661538353333106,0.00483923652728717,0.003840070787525168,0.0022294148802757263,0.0047175269573926926,0.0022294148802757263,0.0047175269573926926,0.004557885229587555,0.0077295005321502686,0.004557885229587555,0,0.014229414518922567,0.012000000104308128,4.656612873077393e-10,0.016646587289869785,0,1.024131312740706e-09,0.0,10,11,8,5,1,1,1,0,0,0,0.006000000052154064,0.006000000052154064,0.006000000052154064,0,0.011990216560661793,0.0036669229157269,0.008323293644934893,0.008323293644934893,1.3872155954309935,1.998369409406451,0,0,0.00471752593326138,0.0,1.6615384505345263,0.013829472426148992,0.0,inf,0,0,0,2,3,0,0,0.012000000104308128
3002,0,2,1,0,454323584c7802ac9fea4e835dde34456fcdf7e642be0f857290186cd4ba5b9d,0bc601d8605a9532d518cc9ec06d7054f26c5dc8b8d4b9e7a46288d2e669208a,0.011254205368459225,0.0,-0.0026908107101917267,-0.0026908107101917267,0.0,0.011254205368459225,0.0,0,1,0.007692307233810425,0.20944694064039504,13,1.661538353333106,0.0031641316306511725,0.002623116605304293,0.011254205368459225,-0.0026908107101917267,0.011254205368459225,0.0026908107101917267,0.004993129055947065,0.0053024557419121265,0.004993129055947065,0,0.011254205057412037,0.0,3.1104718800634146e-10,0.011254205057412037,0,5.694080818831326e-10,0.0,0,0,12,0,13,13,0,1,1,1,0.0,0.0,0.0,1,0.01127877738326788,0.005651674854561861,0.005627102528706018,0.005627102528706018,inf,inf,0,0,-0.002690810140783645,0.0,1.6615384505345263,0.009349647216545113,0.0,inf,0,0,0,3,5,0,0,0.024000000208616257
3002,0,2,3,0,454323584c7802ac9fea4e835dde34456fcdf7e642be0f857290186cd4ba5b9d,0bc601d8605a9532d518cc9ec06d7054f26c5dc8b8d4b9e7a46288d2e669208a,0.01533067412674427,0.0,0.0007874562870711088,0.0007874562870711088,0.0,0.01533067412674427,0.0,0,1,0.9076921939849854,0.20944694064039504,13,1.661538353333106,0.00397617333402394,0.0032443751459775945,0.01533067412674427,0.0007874562870711088,0.01533067412674427,0.0007874562870711088,0.005518398713320494,0.009002924896776676,0.005518398713320494,0,0.015330674592405558,0.0,4.656612873077393e-10,0.015330674592405558,0,2.1060097762926056e-10,0.0,0,0,12,10,13,13,0,1,1,1,0.0,0.0,0.0,1,0.01066546980291605,0.003000132506713271,0.007665337296202779,0.007665337296202779,inf,inf,0,0,0.0007874564976720864,0.0,1.6615384505345263,0.01273625265395728,0.0,inf,0,0,0,4,2,0,0,0.024000000208616257
3002,0,2,4,0,454323584c7802ac9fea4e835dde34456fcdf7e642be0f857290186cd4ba5b9d,0bc601d8605a9532d518cc9ec06d7054f26c5dc8b8d4b9e7a46288d2e669208a,0.012479176744818687,0.0,0.002927345922216773,0.002927345922216773,0.0,0.012479176744818687,0.0,0,1,0.9076921939849854,0.20944694064039504,13,1.661538353333106,0.0037591542729898775,0.003240835921805815,0.012479176744818687,0.002927345922216773,0.012479176744818687,0.002927345922216773,0.004114245530217886,0.013116706162691116,0.004114245530217886,0,0.012479176511988044,0.0,2.3283064365386963e-10,0.012479176511988044,0,6.863968421422229e-11,0.0,0,0,12,10,13,13,0,1,1,1,0.0,0.0,0.0,1,0.009525840170681477,0.0032862519146874547,0.006239588255994022,0.006239588255994022,inf,inf,0,0,0.002927345853577089,0.0,1.6615384505345263,0.010367315802837734,0.0,inf,0,0,0,5,4,0,0,0.024000000208616257
3002,0,2,5,0,454323584c7802ac9fea4e835dde34456fcdf7e642be0f857290186cd4ba5b9d,0bc601d8605a9532d518cc9ec06d7054f26c5dc8b8d4b9e7a46288d2e669208a,0.017037885263562202,0.024000000208616257,0.0031012222170829773,0.0031012222170829773,0.0,0.017037885263562202,0.024000000208616257,1,3,0.9076921939849854,0.20944694064039504,13,1.661538353333106,0.0052218564887135995,0.004357378331933325,0.006962114945054054,0.0031012222170829773,0.006962114945054054,0.0031012222170829773,0.00575387803837657,0.0076752519235014915,0.00575387803837657,0,0.017037884797900915,0.024000000208616257,4.656612873077393e-10,0.017037884797900915,0,7.785074364677347e-11,0.0,10,11,12,5,1,1,1,0,0,0,0.012000000104308128,0.012000000104308128,0.012000000104308128,0,0.01128868106752634,0.002769738668575883,0.008518942398950458,0.008518942398950458,0.7099118604084067,0.9407234141167702,0,0,0.0031012221392322336,0.0,1.6615384505345263,0.014154550353745023,0.0,inf,0,0,0,1,1,1,1,0.012000000104308128
3002,1,0,1,1,311f58b987cecd488c314f4e3ca4cb33e2cf4927fd590398c718efe02ac9808d,0bc601d8605a9532d518cc9ec06d7054f26c5dc8b8d4b9e7a46288d2e669208a,0.014288768172264099,0.0,-0.0038662173319607973,-0.0038662173319607973,0.0,0.014288768172264099,0.0,0,1,0.007692307233810425,0.20944694064039504,13,1.661538353333106,0.003850058071944606,0.003101404457519757,0.014288768172264099,-0.0038662173319607973,0.014288768172264099,0.0038662173319607973,0.0056342449970543385,0.01183495856821537,0.0056342449970543385,0,0.014288768477854319,0.0,3.055902197957039e-10,0.014288768477854319,0,5.095697145490741e-10,0.0,0,0,3,11,13,13,0,1,1,1,0.0,0.0,0.0,1,0.014448377303779125,-0.007303993064851966,0.0071443842389271595,0.0071443842389271595,inf,inf,0,0,-0.003866217841530512,0.0,1.6615384505345263,0.011870669118370324,0.0,inf,0,0,0,3,4,0,0,0.035999998450279236
3002,1,0,2,1,311f58b987cecd488c314f4e3ca4cb33e2cf4927fd590398c718efe02ac9808d,0bc601d8605a9532d518cc9ec06d7054f26c5dc8b8d4b9e7a46288d2e669208a,0.01801975816488266,0.035999998450279236,-0.0051535069942474365,-0.0051535069942474365,0.0,0.01801975816488266,0.035999998450279236,1,3,0.9076921939849854,0.20944694064039504,13,1.661538353333106,0.0058854880865653126,0.004811590757860234,0.017980240285396576,-0.0051535069942474365,0.017980240285396576,0.0051535069942474365,0.0040527344681322575,0.01107075810432434,0.0040527344681322575,0,0.01801975816488266,0.035999998450279236,0.0,0.021372366696596146,0,1.2983773440070068e-09,0.0,10,11,8,11,1,1,1,0,1,0,0.017999999225139618,0.017999999225139618,0.017999999225139618,0,0.02486427314579487,-0.014178089797496796,0.010686183348298073,0.010686183348298073,0.5936768782397092,1.3813485675637305,0,0,-0.0051535082926247805,0.0,1.6615384505345263,0.017755504522659036,0.0,inf,0,0,0,1,2,1,0,0.011999998241662979
3002,1,0,3,1,311f58b987cecd488c314f4e3ca4cb33e2cf4927fd590398c718efe02ac9808d,0bc601d8605a9532d518cc9ec06d7054f26c5dc8b8d4b9e7a46288d2e669208a,0.011303060688078403,0.0,-0.003847304731607437,-0.003847304731607437,0.0,0.011303060688078403,0.0,0,1,0.9076921939849854,0.20944694064039504,13,1.661538353333106,0.003068025931336282,0.0024231202988582255,0.011303060688078403,-0.003847304731607437,0.011303060688078403,0.003847304731607437,0.005410974379628897,0.013564909808337688,0.005410974379628897,0,0.011303061037324369,0.0,3.4924596548080444e-10,0.011303061037324369,0,1.1055399234960461e-09,0.0,0,0,3,4,13,13,0,1,1,1,0.0,0.0,0.0,1,0.013046063482761383,-0.007394532964099199,0.0056515305186621845,0.0056515305186621845,inf,inf,0,0,-0.0038473058371473606,0.0,1.6615384505345263,0.009390235261126555,0.0,inf,0,0,0,4,5,0,0,0.035999998450279236
3002,1,0,4,1,311f58b987cecd488c314f4e3ca4cb33e2cf4927fd590398c718efe02ac9808d,0bc601d8605a9532d518cc9ec06d7054f26c5dc8b8d4b9e7a46288d2e669208a,0.01595020294189453,0.0,0.0018589397659525275,0.0018589397659525275,0.0,0.01595020294189453,0.0,0,1,0.007692307233810425,0.20944694064039504,13,1.661538353333106,0.0040976223712888594,0.0033090227840126604,0.01595020294189453,0.0018589397659525275,0.01595020294189453,0.0018589397659525275,0.009501808322966099,0.011568792164325714,0.009501808322966099,0,0.0159502022434026,0.0,6.984919309616089e-10,0.0159502022434026,0,1.3573559819526904e-09,0.0,0,0,3,4,13,13,0,1,1,1,0.0,0.0,0.0,1,0.016630887985229492,-0.008655786863528192,0.0079751011217013,0.0079751011217013,inf,inf,0,0,0.0018589384085965456,0.0,1.6615384505345263,0.013250937160607741,0.0,inf,0,0,0,5,3,0,0,0.035999998450279236
3002,1,0,5,1,311f58b987cecd488c314f4e3ca4cb33e2cf4927fd590398c718efe02ac9808d,0bc601d8605a9532d518cc9ec06d7054f26c5dc8b8d4b9e7a46288d2e669208a,0.02029581181704998,0.024000000208616257,0.00010428484529256821,0.00010428484529256821,0.0,0.02029581181704998,0.024000000208616257,1,3,0.9076921939849854,0.20944694064039504,13,1.661538353333106,0.003917576409161774,0.0033059114350568086,0.0037041883915662766,0.00010428484529256821,0.0037041883915662766,0.00010428484529256821,0.004376098979264498,0.00941139180213213,0.004376098979264498,0,0.020295811933465302,0.024000000208616257,1.1641532182693481e-10,0.012495350441895425,0,7.721806440791346e-11,0.0,10,11,3,11,1,1,1,0,1,0,0.012000000104308128,0.012000000104308128,0.012000000104308128,0,0.014343358809128404,-0.008095683588180691,0.006247675220947713,0.006247675220947713,0.5206395972200643,1.1952798903709163,0,0,0.00010428492251063261,0.0,1.6615384505345263,0.010380752606056417,0.0,inf,0,0,0,2,1,0,1,0.011999998241662979
3002,1,1,0,1,311f58b987cecd488c314f4e3ca4cb33e2cf4927fd590398c718efe02ac9808d,0bc601d8605a9532d518cc9ec06d7054f26c5dc8b8d4b9e7a46288d2e669208a,0.019930919632315636,0.0,-0.002523108385503292,-0.002523108385503292,0.0,0.019930919632315636,0.0,0,1,0.9076921939849854,0.20944694064039504,13,1.661538353333106,0.005088348319650983,0.0037300660903152273,0.019930919632315636,-0.002523108385503292,0.019930919632315636,0.002523108385503292,0.005368222948163748,0.007223912514746189,0.005368222948163748,0,0.019930920097976923,0.0,4.656612873077393e-10,0.019930920097976923,0,9.7914427000384e-11,4.336808689942018e-19,0,0,12,7,13,13,0,1,1,1,0.0,0.0,0.0,1,0.011102198157459497,0.001136738108471036,0.009965460048988461,0.009965460048988461,inf,inf,0,0,-0.002523108483417719,4.336808689942018e-19,1.6615384505345263,0.016557995048660012,4.336808689942018e-19,inf,0,0,0,3,3,0,0,0.029999999329447746
3002,1,1,2,1,311f58b987cecd488c314f4e3ca4cb33e2cf4927fd590398c718efe02ac9808d,0bc601d8605a9532d518cc9ec06d7054f26c5dc8b8d4b9e7a46288d2e669208a,0.02161598764359951,0.0,-0.0033616721630096436,-0.0033616721630096436,0.0,0.02161598764359951,0.0,0,1,0.9076921939849854,0.20944694064039504,13,1.661538353333106,0.005417058624624717,0.003945886107855999,0.02161598764359951,-0.0033616721630096436,0.02161598764359951,0.0033616721630096436,0.008859113790094852,0.009591246955096722,0.008859113790094852,0,0.021615988109260798,0.0,4.656612873077393e-10,0.021615988109260798,0,5.18371845014548e-10,4.336808689942018e-19,0,0,12,7,13,13,0,1,1,1,0.0,0.0,0.0,1,0.01220433134585619,-0.001396337291225791,0.010807994054630399,0.010807994054630399,inf,inf,0,0,-0.0033616716446377985,4.336808689942018e-19,1.6615384505345263,0.017957897694916965,4.336808689942018e-19,inf,0,0,0,4,1,0,1,0.029999999329447746
3002,1,1,3,1,311f58b987cecd488c314f4e3ca4cb33e2cf4927fd590398c718efe02ac9808d,0bc601d8605a9532d518cc9ec06d7054f26c5dc8b8d4b9e7a46288d2e669208a,0.020451011136174202,0.029999999329447746,-0.0031121268402785063,-0.0031121268402785063,0.0,0.020451011136174202,0.029999999329447746,1,3,0.9076921939849854,0.20944694064039504,13,1.661538353333106,0.0063462116398146865,0.005201979345344448,0.009548988193273544,-0.0031121268402785063,0.009548988193273544,0.0031121268402785063,0.0086205517873168,0.00916198268532753,0.0086205517873168,0,0.020451011136174202,0.029999999329447746,0.0,0.020451011136174202,0,7.311635190528076e-10,8.673617379884035e-19,10,11,12,7,1,1,1,0,0,0,0.014999999664723873,0.014999999664723873,0.014999999664723873,0,0.012475899420678616,0.0022503938525915146,0.010225505568087101,0.010225505568087101,0.6817003864429978,0.8317266466357803,0,0,-0.0031121275714420253,8.673617379884035e-19,1.6615384505345263,0.016990070677531614,8.673617379884035e-19,inf,0,0,0,1,2,1,0,0.012000000104308128
3002,1,1,4,1,311f58b987cecd488c314f4e3ca4cb33e2cf4927fd590398c718efe02ac9808d,0bc601d8605a9532d518cc9ec06d7054f26c5dc8b8d4b9e7a46288d2e669208a,0.016766991466283798,0.017999999225139618,-0.0007262363214977086,-0.0007262363214977086,0.0,0.016766991466283798,0.017999999225139618,1,3,0.007692307233810425,0.20944694064039504,13,1.661538353333106,0.004844362597441023,0.003933736697643907,0.0012330077588558197,-0.0007262363214977086,0.0012330077588558197,0.0007262363214977086,0.007308473344892263,0.011176959611475468,0.007308473344892263,0,0.016766992397606373,0.017999999225139618,9.313225746154785e-10,0.016766992397606373,0,1.3197102395265392e-10,4.336808689942018e-19,10,11,12,7,1,1,1,0,0,0,0.008999999612569809,0.008999999612569809,0.008999999612569809,0,0.012242275290191174,0.003858779091387987,0.008383496198803186,0.008383496198803186,0.9314996177438069,1.3602528685771336,0,0,-0.0007262361895266846,4.336808689942018e-19,1.6615384505345263,0.013929501284221537,4.336808689942018e-19,inf,0,0,0,2,5,0,0,0.012000000104308128
3002,1,1,5,1,311f58b987cecd488c314f4e3ca4cb33e2cf4927fd590398c718efe02ac9808d,0bc601d8605a9532d518cc9ec06d7054f26c5dc8b8d4b9e7a46288d2e669208a,0.01835397258400917,0.0,0.0019182286923751235,0.0019182286923751235,0.0,0.01835397258400917,0.0,0,1,0.9076921939849854,0.20944694064039504,13,1.661538353333106,0.00517245184001423,0.004139371905145208,0.01835397258400917,0.0019182286923751235,0.01835397258400917,0.0019182286923751235,0.008781845681369305,0.009050251916050911,0.008781845681369305,0,0.018353973049670458,0.0,4.656612873077393e-10,0.018353973049670458,0,1.8788862479746093e-10,4.336808689942018e-19,0,0,12,7,13,13,0,1,1,1,0.0,0.0,0.0,1,0.009390444029122591,0.0002134575042873621,0.009176986524835229,0.009176986524835229,inf,inf,0,0,0.0019182288802637483,4.336808689942018e-19,1.6615384505345263,0.015247915971050954,4.336808689942018e-19,inf,0,0,0,5,4,0,0,0.029999999329447746
3002,1,2,0,1,311f58b987cecd488c314f4e3ca4cb33e2cf4927fd590398c718efe02ac9808d,0bc601d8605a9532d518cc9ec06d7054f26c5dc8b8d4b9e7a46288d2e669208a,0.014093593694269657,0.012000000104308128,0.0019047396490350366,0.0019047396490350366,0.0,0.014093593694269657,0.012000000104308128,1,3,0.9076921939849854,0.20944694064039504,13,1.661538353333106,0.004486063642807945,0.0038027710842034783,0.0020935935899615288,0.0019047396490350366,0.0020935935899615288,0.0019047396490350366,0.006724283564835787,0.005216905847191811,0.006724283564835787,0,0.014093593461439013,0.012000000104308128,2.3283064365386963e-10,0.014552378095686436,0,5.770737819890681e-10,0.0,10,11,8,5,1,1,1,0,0,0,0.006000000052154064,0.006000000052154064,0.006000000052154064,0,0.011241764761507511,0.003965575713664293,0.007276189047843218,0.007276189047843218,1.2126981640993466,1.8736274439650376,0,0,0.0019047402261088186,0.0,1.6615384505345263,0.01208966787634971,0.0,inf,0,0,0,2,5,0,0,0.012000000104308128
3002,1,2,1,1,311f58b987cecd488c314f4e3ca4cb33e2cf4927fd590398c718efe02ac9808d,0bc601d8605a9532d518cc9ec06d7054f26c5dc8b8d4b9e7a46288d2e669208a,0.018206581473350525,0.0,-0.0018569600069895387,-0.0018569600069895387,0.0,0.018206581473350525,0.0,0,1,0.007692307233810425,0.20944694064039504,13,1.661538353333106,0.004393803773562175,0.003383789541211514,0.018206581473350525,-0.0018569600069895387,0.018206581473350525,0.0018569600069895387,0.006487281061708927,0.005462075117975473,0.006487281061708927,0,0.01820658054202795,0.0,9.313225746154785e-10,0.01820658054202795,0,2.0052158718197877e-10,0.0,0,0,3,4,13,13,0,1,1,1,0.0,0.0,0.0,1,0.012503924779593945,0.0034006345085799694,0.009103290271013975,0.009103290271013975,inf,inf,0,0,-0.0018569598064679515,0.0,1.6615384505345263,0.015125466811666589,0.0,inf,0,0,0,3,1,0,1,0.024000000208616257
3002,1,2,3,1,311f58b987cecd488c314f4e3ca4cb33e2cf4927fd590398c718efe02ac9808d,0bc601d8605a9532d518cc9ec06d7054f26c5dc8b8d4b9e7a46288d2e669208a,0.016939915716648102,0.0,-0.007246267516165972,-0.007246267516165972,0.0,0.016939915716648102,0.0,0,1,0.9076921939849854,0.20944694064039504,13,1.661538353333106,0.0044576060939856485,0.00335226180968729,0.016939915716648102,-0.007246267516165972,0.016939915716648102,0.007246267516165972,0.004516081418842077,0.005903318524360657,0.004516081418842077,0,0.01693991618230939,0.0,4.656612873077393e-10,0.01693991618230939,0,7.172095382868005e-11,0.0,0,0,3,4,13,13,0,1,1,1,0.0,0.0,0.0,1,0.0098085543140769,0.001338596222922206,0.008469958091154695,0.008469958091154695,inf,inf,0,0,-0.007246267444445018,0.0,1.6615384505345263,0.014073161042869545,0.0,inf,0,0,0,4,3,0,0,0.024000000208616257
3002,1,2,4,1,311f58b987cecd488c314f4e3ca4cb33e2cf4927fd590398c718efe02ac9808d,0bc601d8605a9532d518cc9ec06d7054f26c5dc8b8d4b9e7a46288d2e669208a,0.01755463518202305,0.0,-0.0010414370335638523,-0.0010414370335638523,0.0,0.01755463518202305,0.0,0,1,0.007692307233810425,0.20944694064039504,13,1.661538353333106,0.004449033692161508,0.00364776255601477,0.01755463518202305,-0.0010414370335638523,0.01755463518202305,0.0010414370335638523,0.005064528901129961,0.007472856901586056,0.005064528901129961,0,0.01755463471636176,0.0,4.656612873077393e-10,0.01755463471636176,0,3.823975207664643e-11,0.0,0,0,3,4,13,13,0,1,1,1,0.0,0.0,0.0,1,0.0103122778236866,0.0015349604655057192,0.00877731735818088,0.00877731735818088,inf,inf,0,0,-0.0010414369953241002,0.0,1.6615384505345263,0.014583850283161661,0.0,inf,0,0,0,5,2,0,0,0.024000000208616257
3002,1,2,5,1,311f58b987cecd488c314f4e3ca4cb33e2cf4927fd590398c718efe02ac9808d,0bc601d8605a9532d518cc9ec06d7054f26c5dc8b8d4b9e7a46288d2e669208a,0.015476895496249199,0.024000000208616257,-0.004749951418489218,-0.004749951418489218,0.0,0.015476895496249199,0.024000000208616257,1,3,0.9076921939849854,0.20944694064039504,13,1.661538353333106,0.004952612764706425,0.004177789408066062,0.008523104712367058,-0.004749951418489218,0.008523104712367058,0.004749951418489218,0.003351451363414526,0.0048749870620667934,0.003351451363414526,0,0.015476895729079843,0.024000000208616257,2.3283064365386963e-10,0.015476895729079843,0,4.798805502276293e-10,0.0,10,11,3,5,1,1,1,0,0,0,0.012000000104308128,0.012000000104308128,0.012000000104308128,0,0.011679639108479023,0.003941191243939102,0.007738447864539921,0.007738447864539921,0.6448706497728892,0.9733032505796319,0,0,-0.0047499509386086675,0.0,1.6615384505345263,0.012857728674389874,0.0,inf,0,0,0,1,4,1,0,0.012000000104308128
3002,2,0,1,2,574a855f9a967349fe9e01d25659b3b77e2bf9b10b59c2d5c7e127b9ac117de8,0bc601d8605a9532d518cc9ec06d7054f26c5dc8b8d4b9e7a46288d2e669208a,0.01476252917200327,0.0,-0.004689483903348446,-0.004689483903348446,0.0,0.01476252917200327,0.0,0,1,0.9076921939849854,0.20944694064039504,13,1.661538353333106,0.004392505167729705,0.0036515285234799137,0.01476252917200327,-0.004689483903348446,0.01476252917200327,0.004689483903348446,0.005613110028207302,0.00435403548181057,0.005613110028207302,0,0.014762529492145404,0.0,3.2014213502407074e-10,0.014762529492145404,0,5.411641707669945e-11,0.0,0,0,12,4,13,13,0,1,1,1,0.0,0.0,0.0,1,0.015245884656906128,0.007864619910833426,0.007381264746072702,0.007381264746072702,inf,inf,0,0,-0.004689483849232029,0.0,1.6615384505345263,0.012264255189174761,0.0,inf,0,0,0,3,5,0,0,0.047999998554587364
3002,2,0,2,2,574a855f9a967349fe9e01d25659b3b77e2bf9b10b59c2d5c7e127b9ac117de8,0bc601d8605a9532d518cc9ec06d7054f26c5dc8b8d4b9e7a46288d2e669208a,0.01648169569671154,0.047999998554587364,-0.0017030010931193829,-0.0017030010931193829,0.0020769230167453096,0.01648169569671154,0.047999998554587364,1,4,0.9076921939849854,0.20944694064039504,13,1.661538353333106,0.00995081486648805,0.007577062961065931,0.031518302857875824,-0.0037799241098646925,0.031518302857875824,0.0037799241098646925,0.007073812186717987,0.00889100693166256,0.007073812186717987,0,0.01648169639520347,0.047999998554587364,6.984919309616089e-10,0.03991446678992361,0,6.713058286339502e-10,4.336808689942018e-19,10,2,12,5,1,1,1,0,0,0,0.017999999225139618,0.012000000104308128,0.012000000104308128,0,0.031480724341236055,0.01152349094627425,0.019957233394961804,0.019957233394961804,1.6631027684572222,2.623393672299564,0,0,-0.0017030004218135542,0.002076923016745309,1.6615384505345263,0.03315971065202074,0.002076923016745309,15.965787072832597,0,0,0,1,3,1,0,0.023999998345971107
3002,2,0,3,2,574a855f9a967349fe9e01d25659b3b77e2bf9b10b59c2d5c7e127b9ac117de8,0bc601d8605a9532d518cc9ec06d7054f26c5dc8b8d4b9e7a46288d2e669208a,0.015674754977226257,0.0,-0.003196698846295476,-0.003196698846295476,0.0,0.015674754977226257,0.0,0,1,0.9076921939849854,0.20944694064039504,13,1.661538353333106,0.004342120803202001,0.0034103399616550413,0.015674754977226257,-0.003196698846295476,0.015674754977226257,0.003196698846295476,0.007442375645041466,0.0036726566031575203,0.007442375645041466,0,0.0156747552100569,0.0,2.3283064365386963e-10,0.0156747552100569,0,1.124429944987515e-09,0.0,0,0,12,5,13,13,0,1,1,1,0.0,0.0,0.0,1,0.01793454773724079,0.01009717013221234,0.00783737760502845,0.00783737760502845,inf,inf,0,0,-0.003196697721865531,0.0,1.6615384505345263,0.013022104242112968,0.0,inf,0,0,0,4,4,0,0,0.047999998554587364
3002,2,0,4,2,574a855f9a967349fe9e01d25659b3b77e2bf9b10b59c2d5c7e127b9ac117de8,0bc601d8605a9532d518cc9ec06d7054f26c5dc8b8d4b9e7a46288d2e669208a,0.01821286417543888,0.0,-0.0005038235103711486,-0.0005038235103711486,0.0,0.01821286417543888,0.0,0,1,0.9076921939849854,0.20944694064039504,13,1.661538353333106,0.004659532915157743,0.003831441935769023,0.01821286417543888,-0.0005038235103711486,0.01821286417543888,0.0005038235103711486,0.006719681899994612,0.00938786007463932,0.006719681899994612,0,0.01821286347694695,0.0,6.984919309616089e-10,0.01821286347694695,0,7.170521604867724e-10,0.0,0,0,12,4,13,13,0,1,1,1,0.0,0.0,0.0,1,0.015416587702929974,0.006310155964456499,0.009106431738473475,0.009106431738473475,inf,inf,0,0,-0.0005038227933189881,0.0,1.6615384505345263,0.01513068648064165,0.0,inf,0,0,0,5,2,0,0,0.047999998554587364
3002,2,0,5,2,574a855f9a967349fe9e01d25659b3b77e2bf9b10b59c2d5c7e127b9ac117de8,0bc601d8605a9532d518cc9ec06d7054f26c5dc8b8d4b9e7a46288d2e669208a,0.018263984471559525,0.024000000208616257,0.0002674985153134912,0.0002674985153134912,0.0,0.018263984471559525,0.024000000208616257,1,3,0.9076921939849854,0.20944694064039504,13,1.661538353333106,0.004076982843828697,0.0034005806869868544,0.005736015737056732,0.0002674985153134912,0.005736015737056732,0.0002674985153134912,0.005875067785382271,0.00516813900321722,0.005875067785382271,0,0.018263984624354634,0.024000000208616257,1.5279510989785194e-10,0.01448169507784769,0,2.822317522917228e-10,0.0,10,11,10,11,1,1,1,1,1,1,0.012000000104308128,0.012000000104308128,0.012000000104308128,0,0.015374243259429932,0.008133395720506087,0.007240847538923845,0.007240847538923845,0.6034039563319923,1.2811869271493102,0,0,0.00026749823308173893,0.0,1.6615384505345263,0.012030946600380264,0.0,inf,0,0,0,2,1,0,1,0.023999998345971107
3002,2,1,0,2,574a855f9a967349fe9e01d25659b3b77e2bf9b10b59c2d5c7e127b9ac117de8,0bc601d8605a9532d518cc9ec06d7054f26c5dc8b8d4b9e7a46288d2e669208a,0.013966778293251991,0.0,0.0010612200712785125,0.0010612200712785125,0.0,0.013966778293251991,0.0,0,1,0.9076921939849854,0.20944694064039504,13,1.661538353333106,0.003944872064707595,0.003328464539189818,0.013966778293251991,0.0010612200712785125,0.013966778293251991,0.0010612200712785125,0.005123693961650133,0.00603218050673604,0.005123693961650133,0,0.013966778293251991,0.0,0.0,0.013966778293251991,0,3.7619907666472385e-10,0.0,0,0,12,7,13,13,0,1,1,1,0.0,0.0,0.0,1,0.009794376790523529,-0.0028109876438975334,0.006983389146625996,0.006983389146625996,inf,inf,0,0,0.0010612196950794358,0.0,1.6615384505345263,0.011603169582164586,0.0,inf,0,0,0,3,5,0,0,0.029999999329447746
3002,2,1,2,2,574a855f9a967349fe9e01d25659b3b77e2bf9b10b59c2d5c7e127b9ac117de8,0bc601d8605a9532d518cc9ec06d7054f26c5dc8b8d4b9e7a46288d2e669208a,0.015337232500314713,0.0,0.004439074080437422,0.004439074080437422,0.0,0.015337232500314713,0.0,0,1,0.9076921939849854,0.20944694064039504,13,1.661538353333106,0.004633590618419878,0.004054200164587981,0.015337232500314713,0.004439074080437422,0.015337232500314713,0.004439074080437422,0.005172634031623602,0.006476318929344416,0.005172634031623602,0,0.015337232500314713,0.0,0.0,0.015337232500314713,0,3.443918223516862e-10,0.0,0,0,0,7,13,13,0,1,1,1,0.0,0.0,0.0,1,0.01391652226448059,-0.0062479060143232346,0.007668616250157356,0.007668616250157356,inf,inf,0,0,0.0044390737360455994,0.0,1.6615384505345263,0.012741700762030343,0.0,inf,0,0,0,4,4,0,0,0.029999999329447746
3002,2,1,3,2,574a855f9a967349fe9e01d25659b3b77e2bf9b10b59c2d5c7e127b9ac117de8,0bc601d8605a9532d518cc9ec06d7054f26c5dc8b8d4b9e7a46288d2e669208a,0.020489506423473358,0.029999999329447746,-0.004758447874337435,-0.004758447874337435,0.0,0.020489506423473358,0.029999999329447746,1,3,0.9076921939849854,0.20944694064039504,13,1.661538353333106,0.006326226376074003,0.005361954359194407,0.009510492905974388,-0.004758447874337435,0.009510492905974388,0.004758447874337435,0.005213831551373005,0.006925803143531084,0.005213831551373005,0,0.020489505492150784,0.029999999329447746,9.313225746154785e-10,0.020077993161976337,0,9.279119304525518e-10,0.0,10,11,12,11,1,1,1,0,1,0,0.014999999664723873,0.014999999664723873,0.014999999664723873,0,0.010824409313499928,0.0007854127325117588,0.010038996580988169,0.010038996580988169,0.6692664536918156,0.721627303696289,0,0,-0.004758446946425504,0.0,1.6615384505345263,0.01668017882409649,0.0,inf,0,0,0,1,1,1,1,0.012000000104308128
3002,2,1,4,2,574a855f9a967349fe9e01d25659b3b77e2bf9b10b59c2d5c7e127b9ac117de8,0bc601d8605a9532d518cc9ec06d7054f26c5dc8b8d4b9e7a46288d2e669208a,0.016071081161499023,0.017999999225139618,-0.001565614715218544,-0.001565614715218544,0.0,0.016071081161499023,0.017999999225139618,1,3,0.9076921939849854,0.20944694064039504,13,1.661538353333106,0.004389917560934693,0.0034917386843872494,0.0019289180636405945,-0.001565614715218544,0.0019289180636405945,0.001565614715218544,0.003153380937874317,0.007599083241075277,0.003153380937874317,0,0.01607108023017645,0.017999999225139618,9.313225746154785e-10,0.01607108023017645,0,2.2905692100005925e-11,0.0,10,11,12,7,1,1,1,0,0,0,0.008999999612569809,0.008999999612569809,0.008999999612569809,0,0.009578117169439793,-0.0015425770543515682,0.008035540115088224,0.008035540115088224,0.8928378290000617,1.0642352868618525,0,0,-0.001565614692312852,0.0,1.6615384505345263,0.013351358872031718,0.0,inf,0,0,0,2,3,0,0,0.012000000104308128
3002,2,1,5,2,574a855f9a967349fe9e01d25659b3b77e2bf9b10b59c2d5c7e127b9ac117de8,0bc601d8605a9532d518cc9ec06d7054f26c5dc8b8d4b9e7a46288d2e669208a,0.017265966162085533,0.0,0.0004147142171859741,0.0004147142171859741,0.0,0.017265966162085533,0.0,0,1,0.9076921939849854,0.20944694064039504,13,1.661538353333106,0.0053601176727120165,0.004643450759522777,0.017265966162085533,0.0004147142171859741,0.017265966162085533,0.0004147142171859741,0.009524618275463581,0.008864135481417179,0.009524618275463581,0,0.017265966162085533,0.0,0.0,0.017265966162085533,0,6.261841698374654e-10,0.0,0,0,10,7,13,13,0,1,1,1,0.0,0.0,0.0,1,0.009903442114591599,-0.001270459033548832,0.008632983081042767,0.008632983081042767,inf,inf,0,0,0.0004147135910018043,0.0,1.6615384505345263,0.01434403333196658,0.0,inf,0,0,0,5,2,0,0,0.029999999329447746
3002,2,2,0,2,574a855f9a967349fe9e01d25659b3b77e2bf9b10b59c2d5c7e127b9ac117de8,0bc601d8605a9532d518cc9ec06d7054f26c5dc8b8d4b9e7a46288d2e669208a,0.019823826849460602,0.012000000104308128,-0.00030555794364772737,-0.00030555794364772737,0.0,0.019823826849460602,0.012000000104308128,1,3,0.9076921939849854,0.20944694064039504,13,1.661538353333106,0.004458729116901209,0.003151999579841745,0.007823826745152473,-0.00030555794364772737,0.007823826745152473,0.00030555794364772737,0.004239250440150499,0.003633346641436219,0.004239250440150499,0,0.019823827780783176,0.012000000104308128,9.313225746154785e-10,0.019823827780783176,0,1.3543599878748647e-10,0.0,10,11,8,2,1,1,1,0,0,0,0.006000000052154064,0.006000000052154064,0.006000000052154064,0,0.010983899235725403,0.0010719853453338146,0.009911913890391588,0.009911913890391588,1.6519856340389705,1.830649856708262,0,0,-0.00030555807908372616,0.0,1.6615384505345263,0.016469026047272888,0.0,inf,0,0,0,2,2,0,0,0.012000000104308128
3002,2,2,1,2,574a855f9a967349fe9e01d25659b3b77e2bf9b10b59c2d5c7e127b9ac117de8,0bc601d8605a9532d518cc9ec06d7054f26c5dc8b8d4b9e7a46288d2e669208a,0.015049159526824951,0.0,-0.006005793809890747,-0.006005793809890747,0.0,0.015049159526824951,0.0,0,1,0.9076921939849854,0.20944694064039504,13,1.661538353333106,0.004637690172382636,0.00384402532714623,0.015049159526824951,-0.006005793809890747,0.015049159526824951,0.006005793809890747,0.0068819718435406685,0.0053948997519910336,0.0068819718435406685,0,0.015049159759655595,0.0,2.3283064365386963e-10,0.015049159759655595,0,3.587237937252574e-10,0.0,0,0,10,2,13,13,0,1,1,1,0.0,0.0,0.0,1,0.011303376406431198,0.0037787965266034007,0.007524579879827797,0.007524579879827797,inf,inf,0,0,-0.006005794168614541,0.0,1.6615384505345263,0.012502378794452351,0.0,inf,0,0,0,3,3,0,0,0.024000000208616257
3002,2,2,3,2,574a855f9a967349fe9e01d25659b3b77e2bf9b10b59c2d5c7e127b9ac117de8,0bc601d8605a9532d518cc9ec06d7054f26c5dc8b8d4b9e7a46288d2e669208a,0.010863995179533958,0.0,-0.003572705900296569,-0.003572705900296569,0.0,0.010863995179533958,0.0,0,1,0.9076921939849854,0.20944694064039504,13,1.661538353333106,0.0035023647945427077,0.003299686111859046,0.010863995179533958,-0.003572705900296569,0.010863995179533958,0.003572705900296569,0.006136591080576181,0.005191998556256294,0.006136591080576181,0,0.010863994713872671,0.0,4.656612873077393e-10,0.010863994713872671,0,3.5981033864179723e-10,0.0,0,0,7,1,13,13,0,1,1,1,0.0,0.0,0.0,1,0.010596235282719135,0.0051642379257828,0.0054319973569363356,0.0054319973569363356,inf,inf,0,0,-0.0035727055404862302,0.0,1.6615384505345263,0.009025472471751641,0.0,inf,0,0,0,4,5,0,0,0.024000000208616257
3002,2,2,4,2,574a855f9a967349fe9e01d25659b3b77e2bf9b10b59c2d5c7e127b9ac117de8,0bc601d8605a9532d518cc9ec06d7054f26c5dc8b8d4b9e7a46288d2e669208a,0.013669312000274658,0.0,-0.00020787080575246364,-0.00020787080575246364,0.0,0.013669312000274658,0.0,0,1,0.9076921939849854,0.20944694064039504,13,1.661538353333106,0.004127775230240638,0.0035687307586077847,0.013669312000274658,-0.00020787080575246364,0.013669312000274658,0.00020787080575246364,0.005655812099575996,0.004083103500306606,0.005655812099575996,0,0.013669311534613371,0.0,4.656612873077393e-10,0.013669311534613371,0,2.0890937092211959e-10,0.0,0,0,6,2,13,13,0,1,1,1,0.0,0.0,0.0,1,0.0081773791462183,0.0013427233789116144,0.0068346557673066854,0.0068346557673066854,inf,inf,0,0,-0.00020787059684309272,0.0,1.6615384505345263,0.011356043353547614,0.0,inf,0,0,0,5,4,0,0,0.024000000208616257
3002,2,2,5,2,574a855f9a967349fe9e01d25659b3b77e2bf9b10b59c2d5c7e127b9ac117de8,0bc601d8605a9532d518cc9ec06d7054f26c5dc8b8d4b9e7a46288d2e669208a,0.022116754204034805,0.024000000208616257,-0.0006798212416470051,-0.0006798212416470051,0.0,0.022116754204034805,0.024000000208616257,1,3,0.9076921939849854,0.20944694064039504,13,1.661538353333106,0.004103177727908614,0.003006532171068812,0.0018832460045814514,-0.0006798212416470051,0.0018832460045814514,0.0006798212416470051,0.005344633478671312,0.004720708820968866,0.005344633478671312,0,0.022116754204034805,0.024000000208616257,0.0,0.017271969467401505,0,1.8718478221428636e-10,0.0,10,11,10,2,1,1,1,1,0,0,0.012000000104308128,0.012000000104308128,0.012000000104308128,0,0.010179474949836731,0.0015434902161359787,0.008635984733700752,0.008635984733700752,0.7196653882194836,0.8482895717794361,0,0,-0.0006798210544622229,0.0,1.6615384505345263,0.014349020693272973,0.0,inf,0,0,0,1,1,1,1,0.012000000104308128
3002,3,0,1,3,c78c588a960cfbb402c767c0686bc2ed82d6a9740445fc7df695e4afef8c0a3e,0bc601d8605a9532d518cc9ec06d7054f26c5dc8b8d4b9e7a46288d2e669208a,0.013862570747733116,0.0,-0.0016431360272690654,-0.0016431360272690654,0.0,0.013862570747733116,0.0,0,1,0.9076921939849854,0.20944694064039504,13,1.661538353333106,0.004164837597837694,0.003689194201442176,0.013862570747733116,-0.0016431360272690654,0.013862570747733116,0.0016431360272690654,0.0052916971035301685,0.017516957595944405,0.0052916971035301685,0,0.013862570282071829,0.0,4.656612873077393e-10,0.013862570282071829,0,2.804283047094791e-10,0.0,0,0,7,11,13,13,0,1,1,1,0.0,0.0,0.0,1,0.00942656397819519,0.002495278837159276,0.006931285141035914,0.006931285141035914,inf,inf,0,0,-0.0016431357468407607,0.0,1.6615384505345263,0.0115165967734498,0.0,inf,0,0,0,3,5,0,0,0.047999998554587364
3002,3,0,2,3,c78c588a960cfbb402c767c0686bc2ed82d6a9740445fc7df695e4afef8c0a3e,0bc601d8605a9532d518cc9ec06d7054f26c5dc8b8d4b9e7a46288d2e669208a,0.019864579662680626,0.047999998554587364,0.003927356097847223,0.003927356097847223,0.0020769230167453096,0.019864579662680626,0.047999998554587364,1,4,0.9076921939849854,0.20944694064039504,13,1.6615383533331063,0.012144972303871364,0.00856581887715226,0.02813541889190674,0.0018504330811019137,0.02813541889190674,0.0018504330811019137,0.006750035565346479,0.00814233347773552,0.006750035565346479,0,0.019864580128341913,0.047999998554587364,4.656612873077393e-10,0.055516260443255305,0,5.327836860927193e-10,4.336808689942018e-19,10,3,8,11,1,1,1,0,0,0,0.017999999225139618,0.012000000104308128,0.012000000104308128,0,0.03317279671318829,0.005414666491560638,0.027758130221627653,0.027758130221627653,2.3131774983620366,2.764399702069911,0,0,0.003927356630630909,0.002076923016745309,1.661538450534526,0.04612120067817881,0.002076923016745309,22.206504673656184,1,0,0,1,1,1,1,0.023999998345971107
3002,3,0,3,3,c78c588a960cfbb402c767c0686bc2ed82d6a9740445fc7df695e4afef8c0a3e,0bc601d8605a9532d518cc9ec06d7054f26c5dc8b8d4b9e7a46288d2e669208a,0.01833333820104599,0.0,-0.004059941042214632,-0.004059941042214632,0.0,0.01833333820104599,0.0,0,1,0.9076923131942749,0.2094469155167731,13,1.661538461366525,0.005224017582598399,0.004248330505294781,0.01833333820104599,-0.004059941042214632,0.01833333820104599,0.004059941042214632,0.007816038094460964,0.015553140081465244,0.007816038094460964,0,0.01833333820104599,0.0,0.0,0.01833333820104599,0,3.44395950993559e-10,0.0,0,0,8,10,13,13,0,1,1,1,0.0,0.0,0.0,1,0.011088237166404724,0.0019215680658817291,0.009166669100522995,0.009166669100522995,inf,inf,0,0,-0.004059940697818681,0.0,1.6615384522538923,0.015230773189606556,0.0,inf,0,0,0,4,2,0,0,0.047999998554587364
3002,3,0,4,3,c78c588a960cfbb402c767c0686bc2ed82d6a9740445fc7df695e4afef8c0a3e,0bc601d8605a9532d518cc9ec06d7054f26c5dc8b8d4b9e7a46288d2e669208a,0.01624937355518341,0.0,-0.0032379869371652603,-0.0032379869371652603,0.0,0.01624937355518341,0.0,0,1,0.9076921939849854,0.20944694064039504,13,1.661538353333106,0.00471242304482954,0.004108824506443346,0.01624937355518341,-0.0032379869371652603,0.01624937355518341,0.0032379869371652603,0.004805980250239372,0.014744969084858894,0.004805980250239372,0,0.016249372623860836,0.0,9.313225746154785e-10,0.016249372623860836,0,2.510122838750295e-10,0.0,0,0,3,10,13,13,0,1,1,1,0.0,0.0,0.0,1,0.008332519792020321,0.00020783348008990288,0.008124686311930418,0.008124686311930418,inf,inf,0,0,-0.003237987188177544,0.0,1.6615384505345263,0.013499478705803942,0.0,inf,0,0,0,5,3,0,0,0.047999998554587364
3002,3,0,5,3,c78c588a960cfbb402c767c0686bc2ed82d6a9740445fc7df695e4afef8c0a3e,0bc601d8605a9532d518cc9ec06d7054f26c5dc8b8d4b9e7a46288d2e669208a,0.016247419640421867,0.024000000208616257,-0.003238374600186944,-0.003238374600186944,0.0,0.016247419640421867,0.024000000208616257,1,3,0.9076921939849854,0.20944694064039504,13,1.661538353333106,0.00567667612073154,0.004472192374096643,0.007752580568194389,-0.003238374600186944,0.007752580568194389,0.003238374600186944,0.004181475378572941,0.014482947997748852,0.004181475378572941,0,0.016247420106083155,0.024000000208616257,4.656612873077393e-10,0.020913618034683168,0,1.5228056923083377e-10,0.0,10,11,8,11,1,1,1,0,1,0,0.012000000104308128,0.012000000104308128,0.012000000104308128,0,0.01082803902681917,-0.00037123000947758555,0.010456809017341584,0.010456809017341584,0.871400743870617,0.9023365777248442,0,0,-0.0032383747524675132,0.0,1.6615384505345263,0.017374390252209198,0.0,inf,0,0,0,2,4,0,0,0.023999998345971107
3002,3,1,0,3,c78c588a960cfbb402c767c0686bc2ed82d6a9740445fc7df695e4afef8c0a3e,0bc601d8605a9532d518cc9ec06d7054f26c5dc8b8d4b9e7a46288d2e669208a,0.0212120208889246,0.0,-0.010765441693365574,-0.010765441693365574,-1.734723475976807e-18,0.0212120208889246,0.0,0,1,0.9076921939849854,0.20944694064039504,13,1.661538353333106,0.0060104266013561326,0.005064664540823396,0.0212120208889246,-0.010765441693365572,0.0212120208889246,0.010765441693365572,0.011274565011262894,0.007353509776294231,0.011274565011262894,0,0.021212020772509277,0.0,1.1641532182693481e-10,0.021212020772509277,0,8.942634792397097e-10,1.734723475976807e-18,0,0,10,1,13,13,0,1,1,1,0.0,0.0,0.0,1,0.013928918982855976,0.003322908596601337,0.010606010386254638,0.010606010386254638,inf,inf,0,0,-0.010765440799102095,-3.469446951953614e-18,1.6615384505345263,0.017622294063530625,3.469446951953614e-18,inf,0,0,0,3,5,0,0,0.029999999329447746
3002,3,1,2,3,c78c588a960cfbb402c767c0686bc2ed82d6a9740445fc7df695e4afef8c0a3e,0bc601d8605a9532d518cc9ec06d7054f26c5dc8b8d4b9e7a46288d2e669208a,0.0257989801466465,0.0,-0.001463040360249579,-0.001463040360249579,0.0,0.0257989801466465,0.0,0,1,0.9076921939849854,0.20944694064039504,13,1.6615383533331063,0.006977771965363324,0.005537084916871063,0.0257989801466465,-0.001463040360249579,0.0257989801466465,0.001463040360249579,0.011449753306806087,0.009069464169442654,0.011449753306806087,0,0.0257989801466465,0.0,0.0,0.0257989801466465,0,4.461214219222964e-10,2.6020852139652106e-18,0,0,10,1,13,13,0,1,1,1,0.0,0.0,0.0,1,0.01716591138392687,0.004266421310603619,0.01289949007332325,0.01289949007332325,inf,inf,0,0,-0.0014630408063710009,-2.6020852139652106e-18,1.661538450534526,0.02143299874911501,2.6020852139652106e-18,inf,0,0,0,4,1,0,1,0.029999999329447746
3002,3,1,3,3,c78c588a960cfbb402c767c0686bc2ed82d6a9740445fc7df695e4afef8c0a3e,0bc601d8605a9532d518cc9ec06d7054f26c5dc8b8d4b9e7a46288d2e669208a,0.025759754702448845,0.029999999329447746,-0.010838880203664303,-0.010838880203664303,-0.01349999962281436,0.025759754702448845,0.029999999329447746,1,3,0.9076923131942749,0.2094469155167731,13,1.661538461366525,0.004776767433778287,0.0038030564278011495,0.004240244626998901,0.0026611194191500567,0.004240244626998901,0.0026611194191500567,0.005360892508178949,0.007848181761801243,0.005360892508178949,0,0.025759754236787558,0.029999999329447746,4.656612873077393e-10,0.017451637191697955,0,2.8014589311536886e-09,1.734723475976807e-18,10,11,10,11,1,1,1,1,1,1,0.014999999664723873,0.014999999664723873,0.014999999664723873,0,0.014150391332805157,-0.005424572736956179,0.008725818595848978,0.008725818595848978,0.5817212527257484,0.9433594432727371,0,0,-0.010838883005123234,-0.013499999622814358,1.6615384522538923,0.014498283124395142,0.013499999622814358,1.0739469281090743,1,0,0,1,2,1,0,0.011999999172985554
3002,3,1,4,3,c78c588a960cfbb402c767c0686bc2ed82d6a9740445fc7df695e4afef8c0a3e,0bc601d8605a9532d518cc9ec06d7054f26c5dc8b8d4b9e7a46288d2e669208a,0.021411284804344177,0.018000000156462193,-0.003256081836298108,-0.003256081836298108,6.44761778689773e-11,0.021411284804344177,0.018000000156462193,1,3,0.9076921939849854,0.20944694064039504,13,1.661538353333106,0.0049995082338302205,0.004107181352739547,0.0034112846478819847,-0.003256081900774286,0.0034112846478819847,0.003256081900774286,0.005876209586858749,0.01106326561421156,0.005876209586858749,0,0.021411284193163738,0.018000000156462193,6.111804395914078e-10,0.019344067899510264,0,1.1593797033526698e-09,0.0,10,11,10,1,1,1,1,1,0,0,0.008999999612569809,0.009000000543892384,0.008999999612569809,0,0.012578576570376754,0.0029065426206216216,0.009672033949755132,0.009672033949755132,1.0746704851238804,1.3976196790952014,0,0,-0.0032560829956778115,6.44761778689773e-11,1.6615384505345263,0.016070456302393475,6.44761778689773e-11,249246416.7936631,0,0,0,2,4,0,0,0.011999999172985554
3002,3,1,5,3,c78c588a960cfbb402c767c0686bc2ed82d6a9740445fc7df695e4afef8c0a3e,0bc601d8605a9532d518cc9ec06d7054f26c5dc8b8d4b9e7a46288d2e669208a,0.023607637733221054,0.0,0.000918098259717226,0.000918098259717226,-1.734723475976807e-18,0.023607637733221054,0.0,0,1,0.9076921939849854,0.20944694064039504,13,1.661538353333106,0.006237396440004328,0.00491341291623708,0.023607637733221054,0.0009180982597172278,0.023607637733221054,0.0009180982597172278,0.006297525018453598,0.006748394574970007,0.006297525018453598,0,0.02360763866454363,0.0,9.313225746154785e-10,0.02360763866454363,0,1.7085277810580113e-10,8.673617379884035e-19,0,0,10,11,13,13,0,1,1,1,0.0,0.0,0.0,1,0.02001122012734413,0.008207400795072317,0.011803819332271814,0.011803819332271814,inf,inf,0,0,0.0009180980888644479,-2.6020852139652106e-18,1.6615384505345263,0.0196124996837324,2.6020852139652106e-18,inf,0,0,0,5,3,0,0,0.029999999329447746
3002,3,2,0,3,c78c588a960cfbb402c767c0686bc2ed82d6a9740445fc7df695e4afef8c0a3e,0bc601d8605a9532d518cc9ec06d7054f26c5dc8b8d4b9e7a46288d2e669208a,0.02724193036556244,0.012000001035630703,-0.0040704659186303616,-0.0040704659186303616,-6.44761778689773e-11,0.02724193036556244,0.012000001035630703,1,3,0.9076921939849854,0.20944694064039504,13,1.661538353333106,0.007137379730718506,0.005747730948427726,0.015241929329931736,-0.004070465854154184,0.015241929329931736,0.004070465854154184,0.0068762945011258125,0.00951108243316412,0.0068762945011258125,0,0.02724193036556244,0.012000001035630703,0.0,0.02724193036556244,0,1.1875288339485701e-09,1.734723475976807e-18,10,11,8,9,1,1,1,0,0,0,0.006000000983476639,0.006000000052154064,0.006000000052154064,0,0.01699058711528778,0.0033696219325065613,0.01362096518278122,0.01362096518278122,2.270160844063851,2.831764494599959,0,0,-0.004070464731101528,-6.447617960370078e-11,1.6615384505345263,0.022631757384583038,6.447617960370078e-11,351009590.26555026,1,0,0,2,1,0,1,0.011999997310340405
3002,3,2,1,3,c78c588a960cfbb402c767c0686bc2ed82d6a9740445fc7df695e4afef8c0a3e,0bc601d8605a9532d518cc9ec06d7054f26c5dc8b8d4b9e7a46288d2e669208a,0.016166120767593384,0.0,-0.0021787916775792837,-0.0021787916775792837,0.0,0.016166120767593384,0.0,0,1,0.9076921939849854,0.20944694064039504,13,1.661538353333106,0.005262312660338636,0.004491845333188243,0.016166120767593384,-0.0021787916775792837,0.016166120767593384,0.0021787916775792837,0.002952318638563156,0.00810240674763918,0.002952318638563156,0,0.01616611983627081,0.0,9.313225746154785e-10,0.01616611983627081,0,1.0397981694415526e-10,1.734723475976807e-18,0,0,6,9,13,13,0,1,1,1,0.0,0.0,0.0,1,0.008572990074753761,0.0004899301566183567,0.008083059918135405,0.008083059918135405,inf,inf,0,0,-0.0021787915735994668,-1.734723475976807e-18,1.6615384505345263,0.013430314851956435,1.734723475976807e-18,inf,0,0,0,3,5,0,0,0.023999998345971107
3002,3,2,3,3,c78c588a960cfbb402c767c0686bc2ed82d6a9740445fc7df695e4afef8c0a3e,0bc601d8605a9532d518cc9ec06d7054f26c5dc8b8d4b9e7a46288d2e669208a,0.02060520462691784,0.0,-0.0032038118224591017,-0.0032038118224591017,-3.469446951953614e-18,0.02060520462691784,0.0,0,1,0.9076923131942749,0.2094469155167731,13,1.661538461366525,0.006320430082672458,0.005132484387540252,0.02060520462691784,-0.003203811822459098,0.02060520462691784,0.003203811822459098,0.009058233350515366,0.009054422378540039,0.009058233350515366,0,0.02060520462691784,0.0,0.0,0.02060520462691784,0,8.596087730516899e-11,3.469446951953614e-18,0,0,8,1,13,13,0,1,1,1,0.0,0.0,0.0,1,0.018439747393131256,0.008137145079672337,0.01030260231345892,0.01030260231345892,inf,inf,0,0,-0.0032038117364982244,-6.938893903907228e-18,1.6615384522538923,0.017118169902091904,6.938893903907228e-18,inf,0,0,0,4,3,0,0,0.023999998345971107
3002,3,2,4,3,c78c588a960cfbb402c767c0686bc2ed82d6a9740445fc7df695e4afef8c0a3e,0bc601d8605a9532d518cc9ec06d7054f26c5dc8b8d4b9e7a46288d2e669208a,0.02598915621638298,0.0,-0.006952434778213501,-0.006952434778213501,0.0,0.02598915621638298,0.0,0,1,0.9076921939849854,0.20944694064039504,13,1.661538353333106,0.006926751338073978,0.0057942044629147775,0.02598915621638298,-0.006952434778213501,0.02598915621638298,0.006952434778213501,0.007274962961673737,0.010108327493071556,0.007274962961673737,0,0.025989157147705555,0.0,9.313225746154785e-10,0.025989157147705555,0,3.3364888542969373e-10,1.734723475976807e-18,0,0,8,9,13,13,0,1,1,1,0.0,0.0,0.0,1,0.018684927374124527,0.0056903488002717495,0.012994578573852777,0.012994578573852777,inf,inf,0,0,-0.006952435111862386,-1.734723475976807e-18,1.6615384505345263,0.0215909919489485,1.734723475976807e-18,inf,0,0,0,5,2,0,0,0.023999998345971107
3002,3,2,5,3,c78c588a960cfbb402c767c0686bc2ed82d6a9740445fc7df695e4afef8c0a3e,0bc601d8605a9532d518cc9ec06d7054f26c5dc8b8d4b9e7a46288d2e669208a,0.01987650617957115,0.023999998345971107,-0.0014747865498065948,-0.0014747865498065948,1.289523557379546e-10,0.01987650617957115,0.023999998345971107,1,3,0.9076921939849854,0.20944694064039504,13,1.661538353333106,0.006005202391175578,0.0050401268912666644,0.004123492166399956,-0.0014747866787589506,0.004123492166399956,0.0014747866787589506,0.005584230180829763,0.006468075793236494,0.005584230180829763,0,0.019876505248248577,0.023999998345971107,9.313225746154785e-10,0.021238477900624275,0,2.0821266447090814e-09,0.0,10,11,8,2,1,1,1,0,0,0,0.011999998241662979,0.012000000104308128,0.011999998241662979,0,0.015254154801368713,0.004634915851056576,0.010619238950312138,0.010619238950312138,0.8849367088607595,1.271179753044261,0,0,-0.0014747886319332396,1.289523557379546e-10,1.6615384505345263,0.01764427383135752,1.289523557379546e-10,136827851.88672805,0,0,0,1,4,1,0,0.011999997310340405
3002,4,0,1,4,5901caf8d966088364839b36eb165350aa21b67a63089d86a46f5c0efc67ec2b,0bc601d8605a9532d518cc9ec06d7054f26c5dc8b8d4b9e7a46288d2e669208a,0.015080884099006653,0.0,-0.004811010789126158,-0.004811010789126158,0.0,0.015080884099006653,0.0,0,1,0.9076921939849854,0.20944694064039504,13,1.661538353333106,0.004550283366847692,0.003781114998356213,0.015080884099006653,-0.004811010789126158,0.015080884099006653,0.004811010789126158,0.009323068894445896,0.008102301508188248,0.009323068894445896,0,0.015080883633345366,0.0,4.656612873077393e-10,0.015080883633345366,0,1.7066495178880148e-10,0.0,0,0,10,12,13,13,0,1,1,1,0.0,0.0,0.0,1,0.008465570397675037,-0.0009251285810023546,0.007540441816672683,0.007540441816672683,inf,inf,0,0,-0.004811010618461206,0.0,1.6615384505345263,0.012528734012420079,0.0,inf,0,0,0,3,4,0,0,0.047999998554587364
3002,4,0,2,4,5901caf8d966088364839b36eb165350aa21b67a63089d86a46f5c0efc67ec2b,0bc601d8605a9532d518cc9ec06d7054f26c5dc8b8d4b9e7a46288d2e669208a,0.01603344827890396,0.047999998554587364,0.004541661590337753,0.004541661590337753,0.0020769230167453096,0.01603344827890396,0.047999998554587364,1,4,0.007692307233810425,0.20944694064039504,13,1.6615383533331063,0.008513122190204213,0.0065639340224883875,0.0319665502756834,0.0024647385735924437,0.0319665502756834,0.0024647385735924437,0.003657456487417221,0.00914850365370512,0.003657456487417221,0,0.01603344874456525,0.047999998554587364,4.656612873077393e-10,0.03273512749001384,0,1.1050555522723604e-10,4.336808689942018e-19,10,1,10,12,1,1,1,1,0,0,0.017999999225139618,0.012000000104308128,0.012000000104308128,0,0.021058770827949047,0.004691207082942128,0.01636756374500692,0.01636756374500692,1.3639636335612022,1.7548975537415807,0,0,0.004541661479832198,0.002076923016745309,1.661538450534526,0.02719533650390388,0.002076923016745309,13.09405128868039,1,0,0,1,3,1,0,0.023999998345971107
3002,4,0,3,4,5901caf8d966088364839b36eb165350aa21b67a63089d86a46f5c0efc67ec2b,0bc601d8605a9532d518cc9ec06d7054f26c5dc8b8d4b9e7a46288d2e669208a,0.01404573768377304,0.0,0.0015106304781511426,0.0015106304781511426,0.0,0.01404573768377304,0.0,0,1,0.9076923131942749,0.2094469155167731,13,1.661538461366525,0.004128892676877267,0.0033593759128063383,0.01404573768377304,0.0015106304781511426,0.01404573768377304,0.0015106304781511426,0.005637946538627148,0.009154398925602436,0.005637946538627148,0,0.014045738149434328,0.0,4.656612873077393e-10,0.014045738149434328,0,3.678936072882416e-10,0.0,0,0,0,12,13,13,0,1,1,1,0.0,0.0,0.0,1,0.008796454407274723,0.001773585332557559,0.007022869074717164,0.007022869074717164,inf,inf,0,0,0.0015106308460447499,0.0,1.6615384522538923,0.011668767012787282,0.0,inf,0,0,0,4,5,0,0,0.047999998554587364
3002,4,0,4,4,5901caf8d966088364839b36eb165350aa21b67a63089d86a46f5c0efc67ec2b,0bc601d8605a9532d518cc9ec06d7054f26c5dc8b8d4b9e7a46288d2e669208a,0.01807091385126114,0.0,0.0019103946397081017,0.0019103946397081017,0.0,0.01807091385126114,0.0,0,1,0.9076921939849854,0.20944694064039504,13,1.661538353333106,0.005296831999090739,0.004322337215358513,0.01807091385126114,0.0019103946397081017,0.01807091385126114,0.0019103946397081017,0.006935791578143835,0.0068911160342395306,0.006935791578143835,0,0.018070914316922426,0.0,4.656612873077393e-10,0.018070914316922426,0,2.6084582193872108e-11,0.0,0,0,3,1,13,13,0,1,1,1,0.0,0.0,0.0,1,0.010692112147808075,-0.0016566549893468618,0.009035457158461213,0.009035457158461213,inf,inf,0,0,0.0019103946136235196,0.0,1.6615384505345263,0.015012759486940738,0.0,inf,0,0,0,5,2,0,0,0.047999998554587364
3002,4,0,5,4,5901caf8d966088364839b36eb165350aa21b67a63089d86a46f5c0efc67ec2b,0bc601d8605a9532d518cc9ec06d7054f26c5dc8b8d4b9e7a46288d2e669208a,0.01921820640563965,0.024000000208616257,0.003912264946848154,0.003912264946848154,0.0,0.01921820640563965,0.024000000208616257,1,3,0.9076921939849854,0.20944694064039504,13,1.661538353333106,0.003673429155409294,0.00297724035136154,0.004781793802976608,0.003912264946848154,0.004781793802976608,0.003912264946848154,0.00431483332067728,0.009177182801067829,0.00431483332067728,0,0.01921820593997836,0.024000000208616257,4.656612873077393e-10,0.013319932390004396,0,5.370043420355186e-10,0.0,10,11,10,12,1,1,1,1,0,0,0.012000000104308128,0.012000000104308128,0.012000000104308128,0,0.007444056216627359,-0.0007840900216251612,0.006659966195002198,0.006659966195002198,0.5549971780926234,0.6203380126600885,0,0,0.003912265483852496,0.0,1.6615384505345263,0.011065789912256277,0.0,inf,0,0,0,2,1,0,1,0.023999998345971107
3002,4,1,0,4,5901caf8d966088364839b36eb165350aa21b67a63089d86a46f5c0efc67ec2b,0bc601d8605a9532d518cc9ec06d7054f26c5dc8b8d4b9e7a46288d2e669208a,0.019397299736738205,0.0,-0.0036264508962631226,-0.0036264508962631226,0.0,0.019397299736738205,0.0,0,1,0.9076921939849854,0.20944694064039504,13,1.661538353333106,0.005182162853356844,0.003947588305137832,0.019397299736738205,-0.0036264508962631226,0.019397299736738205,0.0036264508962631226,0.0077806394547224045,0.0031989712733775377,0.0077806394547224045,0,0.01939729880541563,0.0,9.313225746154785e-10,0.01939729880541563,0,2.72394279007826e-10,8.673617379884035e-19,0,0,3,2,13,13,0,1,1,1,0.0,0.0,0.0,1,0.018232575617730618,0.008533926215022802,0.009698649402707815,0.009698649402707815,inf,inf,0,0,-0.0036264511686574016,-8.673617379884035e-19,1.6615384505345263,0.016114678900852754,8.673617379884035e-19,inf,0,0,0,3,2,0,0,0.02999999839812517
3002,4,1,2,4,5901caf8d966088364839b36eb165350aa21b67a63089d86a46f5c0efc67ec2b,0bc601d8605a9532d518cc9ec06d7054f26c5dc8b8d4b9e7a46288d2e669208a,0.01596818119287491,0.0,-0.0007285753381438553,-0.0007285753381438553,0.0,0.01596818119287491,0.0,0,1,0.007692307233810425,0.20944694064039504,13,1.6615383533331063,0.004571602874148063,0.0034512431572946397,0.01596818119287491,-0.0007285753381438553,0.01596818119287491,0.0007285753381438553,0.008736757561564445,0.005340066738426685,0.008736757561564445,0,0.01596818189136684,0.0,6.984919309616089e-10,0.01596818189136684,0,1.88155617822372e-10,8.673617379884035e-19,0,0,12,1,13,13,0,1,1,1,0.0,0.0,0.0,1,0.015816408907994628,0.007832317962311208,0.00798409094568342,0.00798409094568342,inf,inf,0,0,-0.0007285755262994732,-8.673617379884035e-19,1.661538450534526,0.013265874098817569,8.673617379884035e-19,inf,0,0,0,4,4,0,0,0.02999999839812517
3002,4,1,3,4,5901caf8d966088364839b36eb165350aa21b67a63089d86a46f5c0efc67ec2b,0bc601d8605a9532d518cc9ec06d7054f26c5dc8b8d4b9e7a46288d2e669208a,0.018879249691963196,0.02999999839812517,-0.00938487146049738,-0.00938487146049738,-0.013499999381028692,0.018879249691963196,0.02999999839812517,1,3,0.9076923131942749,0.2094469155167731,13,1.661538461366525,0.005541986236163507,0.0045200074559970365,0.011120748706161976,0.004115127920531312,0.011120748706161976,0.004115127920531312,0.003960140980780125,0.005102192051708698,0.003960140980780125,0,0.018879249691963196,0.02999999839812517,0.0,0.02065799874253571,0,1.0589868322530283e-09,1.734723475976807e-18,10,11,12,11,1,1,1,0,1,0,0.014999998966231942,0.01499999943189323,0.014999998966231942,0,0.011482861125841737,0.0011538617545738816,0.010328999371267855,0.010328999371267855,0.6886000055413697,0.7655241278144085,0,0,-0.009384870401510547,-0.013499999381028693,1.6615384522538923,0.017162029628667818,0.013499999381028693,1.2712615122623865,1,0,0,1,3,1,0,0.011999998241662979
3002,4,1,4,4,5901caf8d966088364839b36eb165350aa21b67a63089d86a46f5c0efc67ec2b,0bc601d8605a9532d518cc9ec06d7054f26c5dc8b8d4b9e7a46288d2e669208a,0.020116422325372696,0.018000000156462193,-0.000436659756815061,-0.000436659756815061,6.44761778689773e-11,0.020116422325372696,0.018000000156462193,1,3,0.9076921939849854,0.20944694064039504,13,1.661538353333106,0.005222201378809132,0.003900487102656322,0.0021164221689105034,-0.00043665982129123884,0.0021164221689105034,0.00043665982129123884,0.008476892486214638,0.004786922596395016,0.008476892486214638,0,0.02011642139405012,0.018000000156462193,9.313225746154785e-10,0.02011642139405012,0,5.70697833608691e-11,1.734723475976807e-18,10,11,12,2,1,1,1,0,0,0,0.008999999612569809,0.009000000543892384,0.008999999612569809,0,0.018632317893207073,0.008574107196182013,0.01005821069702506,0.01005821069702506,1.1175790144454347,2.0702576328097093,0,0,-0.0004366596997452776,6.447617613425383e-11,1.6615384505345263,0.016712103816684816,6.447617613425383e-11,259198122.75911766,0,0,0,2,1,0,1,0.011999998241662979
3002,4,1,5,4,5901caf8d966088364839b36eb165350aa21b67a63089d86a46f5c0efc67ec2b,0bc601d8605a9532d518cc9ec06d7054f26c5dc8b8d4b9e7a46288d2e669208a,0.015166124328970909,0.0,-0.001630085869692266,-0.001630085869692266,0.0,0.015166124328970909,0.0,0,1,0.9076921939849854,0.20944694064039504,13,1.661538353333106,0.00465028543142455,0.003953738740132846,0.015166124328970909,-0.001630085869692266,0.015166124328970909,0.001630085869692266,0.0037269138265401125,0.0033666789531707764,0.0037269138265401125,0,0.015166123863309622,0.0,4.656612873077393e-10,0.015166123863309622,0,2.694966394142795e-10,0.0,0,0,3,2,13,13,0,1,1,1,0.0,0.0,0.0,1,0.017656114418059587,0.010073052486404777,0.007583061931654811,0.007583061931654811,inf,inf,0,0,-0.0016300861391889054,0.0,1.6615384505345263,0.012599548972229086,0.0,inf,0,0,0,5,5,0,0,0.02999999839812517
3002,4,2,0,4,5901caf8d966088364839b36eb165350aa21b67a63089d86a46f5c0efc67ec2b,0bc601d8605a9532d518cc9ec06d7054f26c5dc8b8d4b9e7a46288d2e669208a,0.02210293710231781,0.012000000104308128,1.5351959518739022e-05,1.5351959518739022e-05,8.673617379884035e-19,0.02210293710231781,0.012000000104308128,1,3,0.9076921939849854,0.20944694064039504,13,1.661538353333106,0.005860665139041093,0.0046885142264028005,0.010102936998009682,1.5351959518738155e-05,0.010102936998009682,1.5351959518738155e-05,0.007956687361001968,0.005982954520732164,0.007956687361001968,0,0.022102938033640385,0.012000000104308128,9.313225746154785e-10,0.022102938033640385,0,3.300393481729322e-11,0.0,10,11,8,2,1,1,1,0,0,0,0.006000000052154064,0.006000000052154064,0.006000000052154064,0,0.014582750387489796,0.0035312813706696033,0.011051469016820192,0.011051469016820192,1.841911486792837,2.4304583767885855,0,0,1.535199252267384e-05,8.673617379884035e-19,1.6615384505345263,0.018362440706337746,8.673617379884035e-19,inf,0,0,0,2,2,0,0,0.012000001035630703
3002,4,2,1,4,5901caf8d966088364839b36eb165350aa21b67a63089d86a46f5c0efc67ec2b,0bc601d8605a9532d518cc9ec06d7054f26c5dc8b8d4b9e7a46288d2e669208a,0.01784501224756241,0.0,0.0002688249514903873,0.0002688249514903873,0.0,0.01784501224756241,0.0,0,1,0.9076921939849854,0.20944694064039504,13,1.661538353333106,0.005193407920149919,0.003950922202991223,0.01784501224756241,0.0002688249514903873,0.01784501224756241,0.0002688249514903873,0.006613449193537235,0.010014665313065052,0.006613449193537235,0,0.017845011316239834,0.0,9.313225746154785e-10,0.017845011316239834,0,1.8200022955730533e-10,4.336808689942018e-19,0,0,7,2,13,13,0,1,1,1,0.0,0.0,0.0,1,0.015675142407417297,0.0067526367492973804,0.008922505658119917,0.008922505658119917,inf,inf,0,0,0.00026882476949015776,4.336808689942018e-19,1.6615384505345263,0.01482508622607811,4.336808689942018e-19,inf,0,0,0,3,4,0,0,0.02400000113993883
3002,4,2,3,4,5901caf8d966088364839b36eb165350aa21b67a63089d86a46f5c0efc67ec2b,0bc601d8605a9532d518cc9ec06d7054f26c5dc8b8d4b9e7a46288d2e669208a,0.017561335116624832,0.0,6.542812479892746e-05,6.542812479892746e-05,8.673617379884035e-19,0.017561335116624832,0.0,0,1,0.9076923131942749,0.2094469155167731,13,1.661538461366525,0.004954828767883848,0.0040443781597991665,0.017561335116624832,6.542812479892659e-05,0.017561335116624832,6.542812479892659e-05,0.008532099425792694,0.01062649954110384,0.008532099425792694,0,0.017561335349455476,0.0,2.3283064365386963e-10,0.017561335349455476,0,1.0122157452496783e-10,8.673617379884035e-19,0,0,7,12,13,13,0,1,1,1,0.0,0.0,0.0,1,0.01988109014928341,0.011100422474555671,0.008780667674727738,0.008780667674727738,inf,inf,0,0,6.542802357735293e-05,1.734723475976807e-18,1.6615384522538923,0.014589416978022908,1.734723475976807e-18,inf,0,0,0,4,5,0,0,0.02400000113993883
3002,4,2,4,4,5901caf8d966088364839b36eb165350aa21b67a63089d86a46f5c0efc67ec2b,0bc601d8605a9532d518cc9ec06d7054f26c5dc8b8d4b9e7a46288d2e669208a,0.02090250328183174,0.0,0.003631864907220006,0.003631864907220006,0.0,0.02090250328183174,0.0,0,1,0.9076921939849854,0.20944694064039504,13,1.661538353333106,0.006088015530449261,0.005044540514364927,0.02090250328183174,0.003631864907220006,0.02090250328183174,0.003631864907220006,0.002651217160746455,0.007848686538636684,0.002651217160746455,0,0.020902502350509167,0.0,9.313225746154785e-10,0.020902502350509167,0,1.5683860547094364e-10,4.336808689942018e-19,0,0,7,2,13,13,0,1,1,1,0.0,0.0,0.0,1,0.01524791494011879,0.004796663764864206,0.010451251175254583,0.010451251175254583,inf,inf,0,0,0.0036318650640586115,4.336808689942018e-19,1.6615384505345263,0.017365155683879648,4.336808689942018e-19,inf,0,0,0,5,3,0,0,0.02400000113993883
3002,4,2,5,4,5901caf8d966088364839b36eb165350aa21b67a63089d86a46f5c0efc67ec2b,0bc601d8605a9532d518cc9ec06d7054f26c5dc8b8d4b9e7a46288d2e669208a,0.022544439882040024,0.02400000113993883,-0.002758476184681058,-0.002758476184681058,6.44761778689773e-11,0.022544439882040024,0.02400000113993883,1,3,0.9076921939849854,0.20944694064039504,13,1.661538353333106,0.005172660944080948,0.00418847782079946,0.0014555612578988075,-0.002758476249157236,0.0014555612578988075,0.002758476249157236,0.005232315044850111,0.009174240753054619,0.005232315044850111,0,0.022544439882040024,0.02400000113993883,0.0,0.018024819903075695,0,3.0803004417989666e-10,0.0,10,11,10,2,1,1,1,1,0,0,0.012000000104308128,0.012000001035630703,0.012000000104308128,0,0.01424426306039095,0.005231853108853102,0.009012409951537848,0.009012409951537848,0.7510341560999066,1.187021911381243,0,0,-0.002758476492711102,6.44761778689773e-11,1.6615384505345263,0.01497446566646014,6.44761778689773e-11,232248035.80773512,0,0,0,1,1,1,1,0.012000001035630703
3002,5,0,1,5,02e112a6410c548233a08930e77122033297988cd6e859e8e4771142c2e3380c,0bc601d8605a9532d518cc9ec06d7054f26c5dc8b8d4b9e7a46288d2e669208a,0.019045289605855942,0.0,0.0012871479848399758,0.0012871479848399758,0.0,0.019045289605855942,0.0,0,1,0.9076921939849854,0.20944694064039504,13,1.661538353333106,0.004729091452373096,0.003565126801317437,0.019045289605855942,0.0012871479848399758,0.019045289605855942,0.0012871479848399758,0.0033751854207366705,0.007306657265871763,0.0033751854207366705,0,0.019045289751375094,0.0,1.4551915228366852e-10,0.019045289751375094,0,6.879869443240927e-10,1.734723475976807e-18,0,0,3,12,13,13,0,1,1,1,0.0,0.0,0.0,1,0.03032486155279912,-0.020802216677111574,0.009522644875687547,0.009522644875687547,inf,inf,0,0,0.0012871472968530315,1.734723475976807e-18,1.6615384505345263,0.015822240611740434,1.734723475976807e-18,inf,0,0,0,3,2,0,0,0.04800000041723251
3002,5,0,2,5,02e112a6410c548233a08930e77122033297988cd6e859e8e4771142c2e3380c,0bc601d8605a9532d518cc9ec06d7054f26c5dc8b8d4b9e7a46288d2e669208a,0.017842942848801613,0.04800000041723251,0.007309814915060997,0.007309814915060997,0.0020769228877929556,0.017842942848801613,0.04800000041723251,1,4,0.9076921939849854,0.20944694064039504,13,1.6615383533331063,0.010472073071487014,0.007911711704296255,0.0301570575684309,0.005232892027268041,0.0301570575684309,0.005232892027268041,0.005983125418424606,0.007361145224422216,0.005983125418424606,0,0.01784294319804758,0.04800000041723251,3.4924596548080444e-10,0.040883490815758705,0,2.2854691576756903e-10,3.469446951953614e-18,10,1,9,5,1,1,1,0,0,0,0.018000001087784767,0.012000000104308128,0.012000000104308128,0,0.03313478082418442,-0.012693035416305065,0.020441745407879353,0.020441745407879353,1.7034787691827225,2.7612317113471256,0,0,0.007309814686514081,0.002076922887792959,1.661538450534526,0.033964745991229124,0.002076922887792959,16.35339770718293,1,0,0,1,4,1,0,0.024000000208616257
3002,5,0,3,5,02e112a6410c548233a08930e77122033297988cd6e859e8e4771142c2e3380c,0bc601d8605a9532d518cc9ec06d7054f26c5dc8b8d4b9e7a46288d2e669208a,0.01567802019417286,0.0,0.00034505935036577284,0.00034505935036577284,0.0,0.01567802019417286,0.0,0,1,0.9076923131942749,0.2094469155167731,13,1.661538461366525,0.0036473034749479665,0.002656771972246424,0.01567802019417286,0.00034505935036577284,0.01567802019417286,0.00034505935036577284,0.004179375246167183,0.005786937661468983,0.004179375246167183,0,0.01567802019417286,0.0,0.0,0.01567802019417286,0,3.8385997505607783e-10,3.469446951953614e-18,0,0,0,12,13,13,0,1,1,1,0.0,0.0,0.0,1,0.024814052507281303,-0.016975042410194874,0.00783901009708643,0.00783901009708643,inf,inf,0,0,0.0003450589665057978,-3.469446951953614e-18,1.6615384522538923,0.01302481670391562,3.469446951953614e-18,inf,0,0,0,4,5,0,0,0.04800000041723251
3002,5,0,4,5,02e112a6410c548233a08930e77122033297988cd6e859e8e4771142c2e3380c,0bc601d8605a9532d518cc9ec06d7054f26c5dc8b8d4b9e7a46288d2e669208a,0.018856996670365334,0.0,0.002546692034229636,0.002546692034229636,0.0,0.018856996670365334,0.0,0,1,0.9076921939849854,0.20944694064039504,13,1.661538353333106,0.00483572795252076,0.003642615156810312,0.018856996670365334,0.002546692034229636,0.018856996670365334,0.002546692034229636,0.004290686920285225,0.00593775138258934,0.004290686920285225,0,0.01885699591366574,0.0,7.566995918750763e-10,0.01885699591366574,0,9.283367798443298e-10,5.204170427930421e-18,0,0,3,12,13,13,0,1,1,1,0.0,0.0,0.0,1,0.030899739998858422,-0.02147124204202555,0.00942849795683287,0.00942849795683287,inf,inf,0,0,0.002546692962566416,5.204170427930421e-18,1.6615384505345263,0.015665811886064036,5.204170427930421e-18,inf,0,0,0,5,3,0,0,0.04800000041723251
3002,5,0,5,5,02e112a6410c548233a08930e77122033297988cd6e859e8e4771142c2e3380c,0bc601d8605a9532d518cc9ec06d7054f26c5dc8b8d4b9e7a46288d2e669208a,0.02154979296028614,0.024000000208616257,0.0021436570677906275,0.0021436570677906275,0.0,0.02154979296028614,0.024000000208616257,1,3,0.9076921939849854,0.20944694064039504,13,1.661538353333106,0.005062678696847896,0.003995122735184678,0.0024502072483301163,0.0021436570677906275,0.0024502072483301163,0.0021436570677906275,0.0019718632102012634,0.006249744910746813,0.0019718632102012634,0,0.02154979296028614,0.024000000208616257,0.0,0.01972471922636032,0,2.759459171580714e-10,3.469446951953614e-18,10,11,10,12,1,1,1,1,0,0,0.012000000104308128,0.012000000104308128,0.012000000104308128,0,0.030630329623818398,-0.020767970010638237,0.00986235961318016,0.00986235961318016,0.8218632939544283,2.5525274464640866,0,0,0.0021436573437365446,3.469446951953614e-18,1.6615384505345263,0.016386689710297653,3.469446951953614e-18,inf,0,0,0,2,1,0,1,0.024000000208616257
3002,5,1,0,5,02e112a6410c548233a08930e77122033297988cd6e859e8e4771142c2e3380c,0bc601d8605a9532d518cc9ec06d7054f26c5dc8b8d4b9e7a46288d2e669208a,0.014148916117846966,0.0,-0.0003006677143275738,-0.0003006677143275738,1.734723475976807e-18,0.014148916117846966,0.0,0,1,0.9076921939849854,0.20944694064039504,13,1.661538353333106,0.004324700183556028,0.003630854588927778,0.014148916117846966,-0.0003006677143275755,0.014148916117846966,0.0003006677143275755,0.0048010400496423244,0.0048956978134810925,0.0048010400496423244,0,0.014148915885016322,0.0,2.3283064365386963e-10,0.014148915885016322,0,1.613906833695944e-10,2.6020852139652106e-18,0,0,12,7,13,13,0,1,1,1,0.0,0.0,0.0,1,0.015411118743941188,0.008336660801433027,0.007074457942508161,0.007074457942508161,inf,inf,0,0,-0.0003006675529368904,-8.673617379884035e-19,1.6615384505345263,0.011754483888166682,8.673617379884035e-19,inf,0,0,0,3,5,0,0,0.02999999839812517
3002,5,1,2,5,02e112a6410c548233a08930e77122033297988cd6e859e8e4771142c2e3380c,0bc601d8605a9532d518cc9ec06d7054f26c5dc8b8d4b9e7a46288d2e669208a,0.014436973258852959,0.0,-0.001749328221194446,-0.001749328221194446,0.0,0.014436973258852959,0.0,0,1,0.9076921939849854,0.20944694064039504,13,1.6615383533331063,0.004208246776622355,0.003572738553072221,0.014436973258852959,-0.001749328221194446,0.014436973258852959,0.001749328221194446,0.0075181107968091965,0.003016351955011487,0.0075181107968091965,0,0.014436973026022315,0.0,2.3283064365386963e-10,0.014436973026022315,0,1.2889616761088685e-10,8.673617379884035e-19,0,0,12,6,13,13,0,1,1,1,0.0,0.0,0.0,1,0.016855885973200202,0.009637399460189044,0.0072184865130111575,0.0072184865130111575,inf,inf,0,0,-0.0017493280922982785,-8.673617379884035e-19,1.661538450534526,0.011993792896032933,8.673617379884035e-19,inf,0,0,0,4,4,0,0,0.02999999839812517
3002,5,1,3,5,02e112a6410c548233a08930e77122033297988cd6e859e8e4771142c2e3380c,0bc601d8605a9532d518cc9ec06d7054f26c5dc8b8d4b9e7a46288d2e669208a,0.021060936152935028,0.02999999839812517,-0.008808541111648083,-0.008808541111648083,-0.013499999381028692,0.021060936152935028,0.02999999839812517,1,3,0.9076923131942749,0.2094469155167731,13,1.661538461366525,0.0050101161375169295,0.003781497377224443,0.008939062245190144,0.004691458269380609,0.008939062245190144,0.004691458269380609,0.004881127271801233,0.005665096919983625,0.004881127271801233,0,0.02106093568727374,0.02999999839812517,4.656612873077393e-10,0.020199317717924714,0,3.3085708478486353e-10,1.734723475976807e-18,10,11,12,11,1,1,1,0,1,0,0.014999998966231942,0.01499999943189323,0.014999998966231942,0,0.012907170923426747,0.0028075120644643903,0.010099658858962357,0.010099658858962357,0.6733106370006258,0.8604781208641029,0,0,-0.008808540780790998,-0.013499999381028693,1.6615384522538923,0.016780971548812626,0.013499999381028693,1.24303498653449,1,0,0,1,1,1,1,0.011999998241662979
3002,5,1,4,5,02e112a6410c548233a08930e77122033297988cd6e859e8e4771142c2e3380c,0bc601d8605a9532d518cc9ec06d7054f26c5dc8b8d4b9e7a46288d2e669208a,0.017944857478141785,0.018000000156462193,-0.0004434882721398026,-0.0004434882721398026,6.44761778689773e-11,0.017944857478141785,0.018000000156462193,1,3,0.9076921939849854,0.20944694064039504,13,1.661538353333106,0.004579387431762779,0.0034689405759432785,5.514267832040787e-05,-0.00044348833661598044,5.514267832040787e-05,0.00044348833661598044,0.0032763557974249125,0.005770101677626371,0.0032763557974249125,0,0.01794485654681921,0.018000000156462193,9.313225746154785e-10,0.01794485654681921,0,4.26008575638015e-10,8.673617379884035e-19,10,11,12,0,1,1,1,0,0,0,0.008999999612569809,0.009000000543892384,0.008999999612569809,0,0.01831520814448595,0.009342779871076345,0.008972428273409605,0.008972428273409605,0.9969365177392123,2.0350232147683758,0,0,-0.0004434886981483782,6.447617700161556e-11,1.6615384505345263,0.014908034570933171,6.447617700161556e-11,231217718.91902995,0,0,0,2,2,0,0,0.011999998241662979
3002,5,1,5,5,02e112a6410c548233a08930e77122033297988cd6e859e8e4771142c2e3380c,0bc601d8605a9532d518cc9ec06d7054f26c5dc8b8d4b9e7a46288d2e669208a,0.015968529507517815,0.0,-0.005747707094997168,-0.005747707094997168,0.0,0.015968529507517815,0.0,0,1,0.9076921939849854,0.20944694064039504,13,1.661538353333106,0.004924597302179887,0.004250732681041682,0.015968529507517815,-0.005747707094997168,0.015968529507517815,0.005747707094997168,0.0037122953217476606,0.0047591072507202625,0.0037122953217476606,0,0.015968529507517815,0.0,0.0,0.015968529507517815,0,1.1399679325507783e-09,0.0,0,0,12,0,13,13,0,1,1,1,0.0,0.0,0.0,1,0.016795797273516655,0.008811532519757748,0.007984264753758907,0.007984264753758907,inf,inf,0,0,-0.0057477082349651,0.0,1.6615384505345263,0.013266162887618007,0.0,inf,0,0,0,5,3,0,0,0.02999999839812517
3002,5,2,0,5,02e112a6410c548233a08930e77122033297988cd6e859e8e4771142c2e3380c,0bc601d8605a9532d518cc9ec06d7054f26c5dc8b8d4b9e7a46288d2e669208a,0.02827921137213707,0.036000000312924385,0.0015502189053222537,0.0015502189053222537,0.0020769229522691335,0.02827921137213707,0.036000000312924385,1,4,0.9076921939849854,0.20944694064039504,13,1.661538353333106,0.007567473319235352,0.0056184186302566325,0.007720788940787315,-0.0005267040469468798,0.007720788940787315,0.0005267040469468798,0.004125630483031273,0.006844591349363327,0.004125630483031273,0,0.028279212070629,0.036000000312924385,6.984919309616089e-10,0.03029950219206512,0,3.8279572393828953e-10,1.734723475976807e-18,10,2,8,9,1,1,1,0,0,0,0.006000000983476639,0.023999999277293682,0.006000000983476639,0,0.016734950942918658,-0.0015851998468860984,0.01514975109603256,0.01514975109603256,2.5249581021325422,2.789158033307815,0,0,0.0015502185225265298,0.0020769229522691317,1.6615384505345263,0.025171893962085683,0.0020769229522691317,12.119801523972884,1,0,0,1,1,1,1,0.012000001966953278
3002,5,2,1,5,02e112a6410c548233a08930e77122033297988cd6e859e8e4771142c2e3380c,0bc601d8605a9532d518cc9ec06d7054f26c5dc8b8d4b9e7a46288d2e669208a,0.023499421775341034,0.0,-0.005885556805878878,-0.005885556805878878,0.0,0.023499421775341034,0.0,0,1,0.9076921939849854,0.20944694064039504,13,1.661538353333106,0.006402309240943297,0.005062183899771884,0.023499421775341034,-0.005885556805878878,0.023499421775341034,0.005885556805878878,0.005874821916222572,0.006644872948527336,0.005874821916222572,0,0.023499421309679747,0.0,4.656612873077393e-10,0.023499421309679747,0,6.586662161869872e-10,1.734723475976807e-18,0,0,7,9,13,13,0,1,1,1,0.0,0.0,0.0,1,0.01328130578622222,-0.0015315951313823462,0.011749710654839873,0.011749710654839873,inf,inf,0,0,-0.0058855561472126615,-1.734723475976807e-18,1.6615384505345263,0.019522596035671656,1.734723475976807e-18,inf,0,0,0,3,4,0,0,0.036000000312924385
3002,5,2,3,5,02e112a6410c548233a08930e77122033297988cd6e859e8e4771142c2e3380c,0bc601d8605a9532d518cc9ec06d7054f26c5dc8b8d4b9e7a46288d2e669208a,0.024430885910987854,0.0,-0.0002479251998011023,-0.0002479251998011023,-3.469446951953614e-18,0.024430885910987854,0.0,0,1,0.9076923131942749,0.2094469155167731,13,1.661538461366525,0.006473356676556004,0.005206534319375394,0.024430885910987854,-0.0002479251998010988,0.024430885910987854,0.0002479251998010988,0.005181662738323212,0.00707283616065979,0.005181662738323212,0,0.02443088497966528,0.0,9.313225746154785e-10,0.02443088497966528,0,2.30327448606793e-09,3.469446951953614e-18,0,0,7,9,13,13,0,1,1,1,0.0,0.0,0.0,1,0.013173319399356842,0.0009578769095242023,0.01221544248983264,0.01221544248983264,inf,inf,0,0,-0.0002479228965266162,-6.938893903907228e-18,1.6615384522538923,0.020296427408152958,6.938893903907228e-18,inf,0,0,0,4,3,0,0,0.036000000312924385
3002,5,2,4,5,02e112a6410c548233a08930e77122033297988cd6e859e8e4771142c2e3380c,0bc601d8605a9532d518cc9ec06d7054f26c5dc8b8d4b9e7a46288d2e669208a,0.02527621202170849,0.0,0.003964526113122702,0.003964526113122702,0.0,0.02527621202170849,0.0,0,1,0.9076921939849854,0.20944694064039504,13,1.661538353333106,0.006879326211392108,0.005166205076070933,0.02527621202170849,0.003964526113122702,0.02527621202170849,0.003964526113122702,0.006112708244472742,0.0040732864290475845,0.006112708244472742,0,0.02527621272020042,0.0,6.984919309616089e-10,0.02527621272020042,0,1.4267134175460772e-10,1.734723475976807e-18,0,0,7,9,13,13,0,1,1,1,0.0,0.0,0.0,1,0.016429704381152987,-0.0037915980210527778,0.01263810636010021,0.01263810636010021,inf,inf,0,0,0.00396452597045136,-1.734723475976807e-18,1.6615384505345263,0.020998699659251444,1.734723475976807e-18,inf,0,0,0,5,2,0,0,0.036000000312924385
3002,5,2,5,5,02e112a6410c548233a08930e77122033297988cd6e859e8e4771142c2e3380c,0bc601d8605a9532d518cc9ec06d7054f26c5dc8b8d4b9e7a46288d2e669208a,0.02072509005665779,0.023999998345971107,2.5993678718805313e-05,2.5993678718805313e-05,1.289523557379546e-10,0.02072509005665779,0.023999998345971107,1,3,0.9076921939849854,0.20944694064039504,13,1.661538353333106,0.005987377497640872,0.0049664228603508356,0.0032749082893133163,2.5993549766449575e-05,0.0032749082893133163,2.5993549766449575e-05,0.005268909968435764,0.007345185149461031,0.005268909968435764,0,0.020725089590996504,0.023999998345971107,4.656612873077393e-10,0.019797909539192915,0,5.3557998314079924e-11,0.0,10,11,10,9,1,1,1,1,0,0,0.011999998241662979,0.012000000104308128,0.011999998241662979,0,0.012204525526612997,-0.0023055707570165396,0.009898954769596457,0.009898954769596457,0.8249130183392964,1.0170439429099178,0,0,2.5993732276803627e-05,1.289523557379546e-10,1.6615384505345263,0.016447493969786658,1.289523557379546e-10,127547060.89441109,1,0,0,2,5,0,0,0.012000001966953278
3002,6,0,1,6,34a6f77894a4e99f410a07a6d0ae0a918fc4a099e9464b68506e97ff3dfc2a81,0bc601d8605a9532d518cc9ec06d7054f26c5dc8b8d4b9e7a46288d2e669208a,0.03310123085975647,0.0,0.01008606981486082,0.01008606981486082,0.0,0.03310123085975647,0.0,0,1,0.9076921939849854,0.20944694064039504,13,1.661538353333106,0.011260971783516217,0.009771686818825424,0.03310123085975647,0.01008606981486082,0.03310123085975647,0.01008606981486082,0.006385888438671827,0.01967509835958481,0.006385888438671827,0,0.03310122899711132,0.0,1.862645149230957e-09,0.03310122899711132,0,5.779643708070381e-10,0.0,0,0,10,12,13,13,0,1,1,1,0.0,0.0,0.0,1,0.12434342876076698,-0.10779281426221132,0.01655061449855566,0.01655061449855566,inf,inf,0,0,0.010086070392825192,0.0,1.6615384505345263,0.027499482369324438,0.0,inf,0,0,0,3,3,0,0,0.04800000041723251
3002,6,0,2,6,34a6f77894a4e99f410a07a6d0ae0a918fc4a099e9464b68506e97ff3dfc2a81,0bc601d8605a9532d518cc9ec06d7054f26c5dc8b8d4b9e7a46288d2e669208a,0.03822663426399231,0.04800000041723251,0.003623681841418147,0.003623681841418147,0.004569229682592255,0.03822663426399231,0.04800000041723251,1,5,0.9076921939849854,0.20944694064039504,13,1.6615383533331063,0.012372479424846126,0.00927987073123808,0.009773366153240204,-0.0009455478411741075,0.009773366153240204,0.0009455478411741075,0.00842058751732111,0.014408377930521965,0.00842058751732111,0,0.038226633332669735,0.04800000041723251,9.313225746154785e-10,0.05131153017282486,0,1.2117947062462164e-09,6.938893903907228e-18,10,1,0,12,1,1,1,0,0,0,0.015000000596046448,0.012000001966953278,0.012000001966953278,0,0.13264941796660423,-0.1069936528801918,0.02565576508641243,0.02565576508641243,2.1379800734254597,11.054116351972821,0,0,0.0036236830532128533,0.004569229682592248,1.661538450534526,0.0426280401689555,0.004569229682592248,9.329371279224349,1,0,0,1,2,1,0,0.023999996483325958
3002,6,0,3,6,34a6f77894a4e99f410a07a6d0ae0a918fc4a099e9464b68506e97ff3dfc2a81,0bc601d8605a9532d518cc9ec06d7054f26c5dc8b8d4b9e7a46288d2e669208a,0.02623808942735195,0.0,0.004652389790862799,0.004652389790862799,0.0,0.02623808942735195,0.0,0,1,0.9076923131942749,0.2094469155167731,13,1.661538461366525,0.008713462193703692,0.00779473003462927,0.02623808942735195,0.004652389790862799,0.02623808942735195,0.004652389790862799,0.010509864427149296,0.011581094935536385,0.010509864427149296,0,0.02623808942735195,0.0,0.0,0.02623808942735195,0,1.101191247562805e-10,6.938893903907228e-18,0,0,0,12,13,13,0,1,1,1,0.0,0.0,0.0,1,0.12507200613617897,-0.111952961422503,0.013119044713675976,0.013119044713675976,inf,inf,0,0,0.0046523899009819234,-6.938893903907228e-18,1.6615384522538923,0.02179779724861079,6.938893903907228e-18,inf,0,0,0,4,5,0,0,0.04800000041723251
3002,6,0,4,6,34a6f77894a4e99f410a07a6d0ae0a918fc4a099e9464b68506e97ff3dfc2a81,0bc601d8605a9532d518cc9ec06d7054f26c5dc8b8d4b9e7a46288d2e669208a,0.03297539800405502,0.0,0.011844661086797714,0.011844661086797714,0.0,0.03297539800405502,0.0,0,1,0.9076921939849854,0.20944694064039504,13,1.661538353333106,0.011110640856122955,0.009989680975851928,0.03297539800405502,0.011844661086797714,0.03297539800405502,0.011844661086797714,0.01106045488268137,0.014541826210916042,0.01106045488268137,0,0.03297539986670017,0.0,1.862645149230957e-09,0.03297539986670017,0,3.073004357923015e-09,0.0,0,0,0,12,13,13,0,1,1,1,0.0,0.0,0.0,1,0.13295328989624977,-0.11646558996289968,0.016487699933350086,0.016487699933350086,inf,inf,0,0,0.011844658013793356,0.0,1.6615384505345263,0.027394947400136715,0.0,inf,0,0,0,5,4,0,0,0.04800000041723251
3002,6,0,5,6,34a6f77894a4e99f410a07a6d0ae0a918fc4a099e9464b68506e97ff3dfc2a81,0bc601d8605a9532d518cc9ec06d7054f26c5dc8b8d4b9e7a46288d2e669208a,0.04797372221946716,0.024000003933906555,0.009684977121651173,0.009684977121651173,0.0,0.04797372221946716,0.024000003933906555,1,3,0.9076921939849854,0.20944694064039504,13,1.661538353333106,0.010180944833089308,0.0077237276988622,0.023973718285560608,0.009684977121651173,0.023973718285560608,0.009684977121651173,0.0069181229919195175,0.023201962932944298,0.0069181229919195175,0,0.04797372221946716,0.024000003933906555,0.0,0.040951306000351906,0,1.5405993512157545e-09,6.938893903907228e-18,10,11,10,12,1,1,1,1,0,0,0.012000001966953278,0.012000001966953278,0.012000001966953278,0,0.13979072496294975,-0.1193150719627738,0.020475653000175953,0.020475653000175953,1.7063041369962866,11.64922517078901,0,0,0.009684978662250524,6.938893903907228e-18,1.6615384505345263,0.03402108475959498,6.938893903907228e-18,inf,0,0,0,2,1,0,1,0.023999996483325958
3002,6,1,0,6,34a6f77894a4e99f410a07a6d0ae0a918fc4a099e9464b68506e97ff3dfc2a81,0bc601d8605a9532d518cc9ec06d7054f26c5dc8b8d4b9e7a46288d2e669208a,0.012028682976961136,0.0,-0.0026449121069163084,-0.0026449121069163084,3.469446951953614e-18,0.012028682976961136,0.0,0,1,0.9076921939849854,0.20944694064039504,13,1.661538353333106,0.003262273277389253,0.0026989437463368184,0.012028682976961136,-0.002644912106916312,0.012028682976961136,0.002644912106916312,0.00582567322999239,0.006530405953526497,0.00582567322999239,0,0.012028683442622423,0.0,4.656612873077393e-10,0.012028683442622423,0,5.798921143621016e-10,3.469446951953614e-18,0,0,8,1,13,13,0,1,1,1,0.0,0.0,0.0,1,0.012655739206820726,0.006641397485509515,0.006014341721311212,0.006014341721311212,inf,inf,0,0,-0.002644911527024194,0.0,1.6615384505345263,0.009993060024612586,0.0,inf,0,0,0,3,4,0,0,0.029999999329447746
3002,6,1,2,6,34a6f77894a4e99f410a07a6d0ae0a918fc4a099e9464b68506e97ff3dfc2a81,0bc601d8605a9532d518cc9ec06d7054f26c5dc8b8d4b9e7a46288d2e669208a,0.012113822624087334,0.0,-0.0012007266050204635,-0.0012007266050204635,3.469446951953614e-18,0.012113822624087334,0.0,0,1,0.9076921939849854,0.20944694064039504,13,1.6615383533331063,0.003065713135101792,0.002394016512487767,0.012113822624087334,-0.001200726605020467,0.012113822624087334,0.001200726605020467,0.0044708517380058765,0.009864780120551586,0.0044708517380058765,0,0.012113822158426046,0.0,4.656612873077393e-10,0.012113822158426046,0,2.261251160276534e-09,2.6020852139652106e-18,0,0,3,1,13,13,0,1,1,1,0.0,0.0,0.0,1,0.012305330019444227,0.006248418940231204,0.006056911079213023,0.006056911079213023,inf,inf,0,0,-0.0012007288662716237,8.673617379884035e-19,1.661538450534526,0.01006379064958101,8.673617379884035e-19,inf,0,0,0,4,3,0,0,0.029999999329447746
3002,6,1,3,6,34a6f77894a4e99f410a07a6d0ae0a918fc4a099e9464b68506e97ff3dfc2a81,0bc601d8605a9532d518cc9ec06d7054f26c5dc8b8d4b9e7a46288d2e669208a,0.015294129028916359,0.029999999329447746,-0.008658215403556824,-0.008658215403556824,-0.01349999944550487,0.015294129028916359,0.029999999329447746,1,3,0.9076923131942749,0.2094469155167731,13,1.661538461366525,0.004824134747540798,0.003626285642302821,0.014705870300531387,0.004841784041948046,0.014705870300531387,0.004841784041948046,0.006783806718885899,0.0060876356437802315,0.006783806718885899,0,0.015294129261747003,0.029999999329447746,2.3283064365386963e-10,0.018296618305612355,0,2.20269191775202e-10,0.0,10,11,12,11,1,1,1,0,1,0,0.014999999897554517,0.01499999943189323,0.01499999943189323,0,0.012516934250015765,-0.0033686250972095877,0.009148309152806178,0.009148309152806178,0.6098872999524855,0.8344623149386304,0,0,-0.008658215623826016,-0.01349999944550487,1.6615384522538923,0.015200267430493693,0.01349999944550487,1.1259457818388996,1,0,0,1,1,1,1,0.011999998241662979
3002,6,1,4,6,34a6f77894a4e99f410a07a6d0ae0a918fc4a099e9464b68506e97ff3dfc2a81,0bc601d8605a9532d518cc9ec06d7054f26c5dc8b8d4b9e7a46288d2e669208a,0.011716119945049286,0.018000001087784767,-0.0010774979600682855,-0.0010774979600682855,1.2895235226850765e-10,0.011716119945049286,0.018000001087784767,1,3,0.9076921939849854,0.20944694064039504,13,1.661538353333106,0.0033846594544720814,0.002557227297096387,0.006283881142735481,-0.0010774980890206377,0.006283881142735481,0.0010774980890206377,0.0018706164555624127,0.00649059284478426,0.0018706164555624127,0,0.01171612017787993,0.018000001087784767,2.3283064365386963e-10,0.012214248767122626,0,1.0743226534076777e-10,5.204170427930421e-18,10,11,8,11,1,1,1,0,1,0,0.008999999612569809,0.009000001475214958,0.008999999612569809,0,0.014451074646785855,0.008343950263224542,0.006107124383561313,0.006107124383561313,0.6785694051621763,1.60567502987476,0,0,-0.0010774978526360201,1.2895235747267808e-10,1.6615384505345263,0.010147221985484088,1.2895235747267808e-10,78689697.37628908,0,0,0,2,5,0,0,0.011999998241662979
3002,6,1,5,6,34a6f77894a4e99f410a07a6d0ae0a918fc4a099e9464b68506e97ff3dfc2a81,0bc601d8605a9532d518cc9ec06d7054f26c5dc8b8d4b9e7a46288d2e669208a,0.012349111028015614,0.0,-0.0018702158704400063,-0.0018702158704400063,3.469446951953614e-18,0.012349111028015614,0.0,0,1,0.9076921939849854,0.20944694064039504,13,1.661538353333106,0.0030664575566885888,0.0024844787948759346,0.012349111028015614,-0.0018702158704400097,0.012349111028015614,0.0018702158704400097,0.0032230860088020563,0.00670238770544529,0.0032230860088020563,0,0.012349111028015614,0.0,0.0,0.012349111028015614,0,1.2701026775446822e-10,0.0,0,0,3,9,13,13,0,1,1,1,0.0,0.0,0.0,1,0.013541762717068195,0.0073672072030603886,0.006174555514007807,0.006174555514007807,inf,inf,0,0,-0.0018702157434297385,3.469446951953614e-18,1.6615384505345263,0.010259261401483947,3.469446951953614e-18,inf,0,0,0,5,2,0,0,0.029999999329447746
3002,6,2,0,6,34a6f77894a4e99f410a07a6d0ae0a918fc4a099e9464b68506e97ff3dfc2a81,0bc601d8605a9532d518cc9ec06d7054f26c5dc8b8d4b9e7a46288d2e669208a,0.0290991123765707,0.036000000312924385,0.0010187638690695167,0.0010187638690695167,0.004569231036591983,0.0290991123765707,0.036000000312924385,1,5,0.9076921939849854,0.20944694064039504,13,1.661538353333106,0.009259873542673809,0.007063063897589255,0.0069008879363536835,-0.0035504671675224662,0.0069008879363536835,0.0035504671675224662,0.008004684932529926,0.0068916925229132175,0.008004684932529926,0,0.029099111910909414,0.036000000312924385,4.656612873077393e-10,0.03368086600676179,0,2.0045515421174276e-09,0.0,10,2,7,9,1,1,1,0,0,0,0.0030000004917383194,0.023999999277293682,0.0030000004917383194,0,0.019511220045387745,0.0026707870420068502,0.016840433003380895,0.016840433003380895,5.613476747673091,6.5037389490833615,0,0,0.0010187658736210588,0.004569231036591983,1.6615384505345263,0.02798102695876799,0.004569231036591983,6.123793420530992,1,0,0,1,2,1,0,0.012000000104308128
3002,6,2,1,6,34a6f77894a4e99f410a07a6d0ae0a918fc4a099e9464b68506e97ff3dfc2a81,0bc601d8605a9532d518cc9ec06d7054f26c5dc8b8d4b9e7a46288d2e669208a,0.023435622453689575,0.0,-0.0004231684433761984,-0.0004231684433761984,0.0,0.023435622453689575,0.0,0,1,0.9076921939849854,0.20944694064039504,13,1.661538353333106,0.006237010998438409,0.004777862585684253,0.023435622453689575,-0.0004231684433761984,0.023435622453689575,0.0004231684433761984,0.004931766074150801,0.01022647600620985,0.004931766074150801,0,0.023435622453689575,0.0,0.0,0.023435622453689575,0,7.041966697263202e-10,1.734723475976807e-18,0,0,7,9,13,13,0,1,1,1,0.0,0.0,0.0,1,0.012350095435976982,-0.0006322842091321945,0.011717811226844788,0.011717811226844788,inf,inf,0,0,-0.00042316914757286814,1.734723475976807e-18,1.6615384505345263,0.019469593909507765,1.734723475976807e-18,inf,0,0,0,3,5,0,0,0.036000000312924385
3002,6,2,3,6,34a6f77894a4e99f410a07a6d0ae0a918fc4a099e9464b68506e97ff3dfc2a81,0bc601d8605a9532d518cc9ec06d7054f26c5dc8b8d4b9e7a46288d2e669208a,0.02687443420290947,0.0,0.0008319334010593593,0.0008319334010593593,0.0,0.02687443420290947,0.0,0,1,0.9076923131942749,0.2094469155167731,13,1.661538461366525,0.0071502806822925855,0.005577746381950096,0.02687443420290947,0.0008319334010593593,0.02687443420290947,0.0008319334010593593,0.004984622355550528,0.011975370347499847,0.004984622355550528,0,0.026874435134232044,0.0,9.313225746154785e-10,0.026874435134232044,0,7.878708900566078e-10,1.734723475976807e-18,0,0,8,9,13,13,0,1,1,1,0.0,0.0,0.0,1,0.01417833473533392,-0.0007411171682178974,0.013437217567116022,0.013437217567116022,inf,inf,0,0,0.0008319341889302494,-1.734723475976807e-18,1.6615384522538923,0.022326453679064766,1.734723475976807e-18,inf,0,0,0,4,4,0,0,0.036000000312924385
3002,6,2,4,6,34a6f77894a4e99f410a07a6d0ae0a918fc4a099e9464b68506e97ff3dfc2a81,0bc601d8605a9532d518cc9ec06d7054f26c5dc8b8d4b9e7a46288d2e669208a,0.029776569455862045,0.0,0.0019664429128170013,0.0019664429128170013,0.0,0.029776569455862045,0.0,0,1,0.9076921939849854,0.20944694064039504,13,1.661538353333106,0.007546181946323158,0.005520364963973063,0.029776569455862045,0.0019664429128170013,0.029776569455862045,0.0019664429128170013,0.002739638788625598,0.010184941813349724,0.002739638788625598,0,0.029776568990200758,0.0,4.656612873077393e-10,0.029776568990200758,0,5.242534358018691e-11,1.734723475976807e-18,0,0,8,9,13,13,0,1,1,1,0.0,0.0,0.0,1,0.017195542808622122,-0.002307258313521743,0.014888284495100379,0.014888284495100379,inf,inf,0,0,0.0019664428603916578,-1.734723475976807e-18,1.6615384505345263,0.024737457151106295,1.734723475976807e-18,inf,0,0,0,5,1,0,1,0.036000000312924385
3002,6,2,5,6,34a6f77894a4e99f410a07a6d0ae0a918fc4a099e9464b68506e97ff3dfc2a81,0bc601d8605a9532d518cc9ec06d7054f26c5dc8b8d4b9e7a46288d2e669208a,0.028568707406520844,0.024000000208616257,-0.0012410894269123673,-0.0012410894269123673,0.0,0.028568707406520844,0.024000000208616257,1,3,0.9076921939849854,0.20944694064039504,13,1.661538353333106,0.007923041883305372,0.006400303353042997,0.004568707197904587,-0.0012410894269123673,0.004568707197904587,0.0012410894269123673,0.0032999003306031227,0.009570199996232986,0.0032999003306031227,0,0.028568707406520844,0.024000000208616257,0.0,0.028568707406520844,0,1.2780419136187993e-09,1.734723475976807e-18,10,11,7,9,1,1,1,0,0,0,0.012000000104308128,0.012000000104308128,0.012000000104308128,0,0.015911800786852837,-0.0016274470835924149,0.014284353703260422,0.014284353703260422,1.1903627982579923,1.3259833873784992,0,0,-0.0012410881488704537,1.734723475976807e-18,1.6615384505345263,0.023734002919002444,1.734723475976807e-18,inf,0,0,0,2,3,0,0,0.012000000104308128
3002,7,0,1,7,fc398847779f694a5a36bf6468497adb3f000c295c1b3e1836fc4dc2da8f8d47,0bc601d8605a9532d518cc9ec06d7054f26c5dc8b8d4b9e7a46288d2e669208a,0.014512475579977036,0.0,0.0025569272693246603,0.0025569272693246603,3.469446951953614e-18,0.014512475579977036,0.0,0,1,0.9076921939849854,0.20944694064039504,13,1.661538353333106,0.004085404402479927,0.002992965369182226,0.014512475579977036,0.002556927269324657,0.014512475579977036,0.002556927269324657,0.0035302138421684504,0.008005218580365181,0.0035302138421684504,0,0.014512475579977036,0.0,0.0,0.014512475579977036,0,4.1811896913518387e-10,1.734723475976807e-18,0,0,10,12,13,13,0,1,1,1,0.0,0.0,0.0,1,0.0235649012029171,-0.01630866341292858,0.007256237789988518,0.007256237789988518,inf,inf,0,0,0.002556926851205691,5.204170427930421e-18,1.6615384505345263,0.012056518094287597,5.204170427930421e-18,inf,0,0,0,3,5,0,0,0.04799999902024865
3002,7,0,2,7,fc398847779f694a5a36bf6468497adb3f000c295c1b3e1836fc4dc2da8f8d47,0bc601d8605a9532d518cc9ec06d7054f26c5dc8b8d4b9e7a46288d2e669208a,0.017860574647784233,0.04799999902024865,0.0070165242068469524,0.0070165242068469524,-0.00041538503533945087,0.017860574647784233,0.04799999902024865,1,5,0.9076921939849854,0.20944694064039504,13,1.6615383533331063,0.010763307681355099,0.008419691754460952,0.03013942437246442,0.007431909242186403,0.03013942437246442,0.007431909242186403,0.0040690782479941845,0.007090887986123562,0.0040690782479941845,0,0.01786057453136891,0.04799999902024865,1.1641532182693481e-10,0.04125080117955804,0,4.917283750321966e-10,0.0,10,1,3,12,1,1,1,0,0,0,0.017999999225139618,0.012000000569969416,0.012000000569969416,0,0.033833377063274384,-0.013207976473495364,0.02062540058977902,0.02062540058977902,1.7187833008437587,2.8194479546896067,0,0,0.0070165246985753275,-0.00041538503533945087,1.661538450534526,0.03426989613759533,0.00041538503533945087,82.5015184034979,0,0,0,1,2,1,0,0.023999998811632395
3002,7,0,3,7,fc398847779f694a5a36bf6468497adb3f000c295c1b3e1836fc4dc2da8f8d47,0bc601d8605a9532d518cc9ec06d7054f26c5dc8b8d4b9e7a46288d2e669208a,0.017145628109574318,0.0,0.00246263830922544,0.00246263830922544,0.0,0.017145628109574318,0.0,0,1,0.007692308165132999,0.2094469155167731,13,1.661538461366525,0.004002130867474145,0.002879825244332559,0.017145628109574318,0.00246263830922544,0.017145628109574318,0.00246263830922544,0.0037116114981472492,0.008359480649232864,0.0037116114981472492,0,0.01714562764391303,0.0,4.656612873077393e-10,0.01714562764391303,0,5.80852574372237e-10,3.469446951953614e-18,0,0,0,12,13,13,0,1,1,1,0.0,0.0,0.0,1,0.024845281150192022,-0.016272467328235507,0.008572813821956515,0.008572813821956515,inf,inf,0,0,0.0024626388900780144,-3.469446951953614e-18,1.6615384522538923,0.014244059809194404,3.469446951953614e-18,inf,0,0,0,4,3,0,0,0.04799999902024865
3002,7,0,4,7,fc398847779f694a5a36bf6468497adb3f000c295c1b3e1836fc4dc2da8f8d47,0bc601d8605a9532d518cc9ec06d7054f26c5dc8b8d4b9e7a46288d2e669208a,0.016662316396832466,0.0,0.002323700115084648,0.002323700115084648,0.0,0.016662316396832466,0.0,0,1,0.9076921939849854,0.20944694064039504,13,1.661538353333106,0.00443543153882115,0.003535946089906629,0.016662316396832466,0.002323700115084648,0.016662316396832466,0.002323700115084648,0.004394900053739548,0.0055089229717850685,0.004394900053739548,0,0.016662315698340535,0.0,6.984919309616089e-10,0.016662315698340535,0,2.651417095426989e-09,5.204170427930421e-18,0,0,0,12,13,13,0,1,1,1,0.0,0.0,0.0,1,0.02674114448018372,-0.018409986631013453,0.008331157849170268,0.008331157849170268,inf,inf,0,0,0.0023237027665017436,5.204170427930421e-18,1.6615384505345263,0.013842539103868923,5.204170427930421e-18,inf,0,0,0,5,4,0,0,0.04799999902024865
3002,7,0,5,7,fc398847779f694a5a36bf6468497adb3f000c295c1b3e1836fc4dc2da8f8d47,0bc601d8605a9532d518cc9ec06d7054f26c5dc8b8d4b9e7a46288d2e669208a,0.02065366320312023,0.024000000208616257,0.002917104633525014,0.002917104633525014,0.0,0.02065366320312023,0.024000000208616257,1,3,0.9076921939849854,0.20944694064039504,13,1.661538353333106,0.004515006099600629,0.003564933292876334,0.003346337005496025,0.002917104633525014,0.003346337005496025,0.002917104633525014,0.004572282545268536,0.006489413790404797,0.004572282545268536,0,0.02065366320312023,0.024000000208616257,0.0,0.01691128872334957,0,7.508128996996932e-10,3.469446951953614e-18,10,11,10,12,1,1,1,1,0,0,0.012000000104308128,0.012000000104308128,0.012000000104308128,0,0.02555902488529682,-0.017103380523622036,0.008455644361674786,0.008455644361674786,0.704637024014618,2.1299187219274156,0,0,0.0029171053843379136,3.469446951953614e-18,1.6615384505345263,0.014049378230968128,3.469446951953614e-18,inf,0,0,0,2,1,0,1,0.023999998811632395
3002,7,1,0,7,fc398847779f694a5a36bf6468497adb3f000c295c1b3e1836fc4dc2da8f8d47,0bc601d8605a9532d518cc9ec06d7054f26c5dc8b8d4b9e7a46288d2e669208a,0.010852772742509842,0.0,0.000962475489359349,0.000962475489359349,-4.336808689942018e-19,0.010852772742509842,0.0,0,1,0.9076921939849854,0.20944694064039504,13,1.661538353333106,0.003362325918719208,0.0026801527262880253,0.010852772742509842,0.0009624754893593494,0.010852772742509842,0.0009624754893593494,0.003210666123777628,0.004780881572514772,0.003210666123777628,0,0.010852772975340486,0.0,2.3283064365386963e-10,0.010852772975340486,0,5.267308290923811e-12,4.336808689942018e-19,0,0,12,9,13,13,0,1,1,1,0.0,0.0,0.0,1,0.009839774807915092,-0.004413388320244849,0.005426386487670243,0.005426386487670243,inf,inf,0,0,0.0009624754946266573,0.0,1.6615384505345263,0.009016149796725105,0.0,inf,0,0,0,3,5,0,0,0.029999999329447746
3002,7,1,2,7,fc398847779f694a5a36bf6468497adb3f000c295c1b3e1836fc4dc2da8f8d47,0bc601d8605a9532d518cc9ec06d7054f26c5dc8b8d4b9e7a46288d2e669208a,0.01217107567936182,0.0,-0.0028327663894742727,-0.0028327663894742727,0.0,0.01217107567936182,0.0,0,1,0.9076921939849854,0.20944694064039504,13,1.6615383533331063,0.0033233382195219795,0.0028209239926420635,0.01217107567936182,-0.0028327663894742727,0.01217107567936182,0.0028327663894742727,0.003570232540369034,0.003985181916505098,0.003570232540369034,0,0.012171075970400125,0.0,2.9103830456733704e-10,0.012171075970400125,0,2.7442662899057613e-10,0.0,0,0,12,2,13,13,0,1,1,1,0.0,0.0,0.0,1,0.010053649311885238,-0.003968111326685175,0.006085537985200062,0.006085537985200062,inf,inf,0,0,-0.0028327661150476437,0.0,1.661538450534526,0.010111355354598313,0.0,inf,0,0,0,4,3,0,0,0.029999999329447746
3002,7,1,3,7,fc398847779f694a5a36bf6468497adb3f000c295c1b3e1836fc4dc2da8f8d47,0bc601d8605a9532d518cc9ec06d7054f26c5dc8b8d4b9e7a46288d2e669208a,0.018022114410996437,0.029999999329447746,-0.009605237282812595,-0.009605237282812595,-0.01349999944550487,0.018022114410996437,0.029999999329447746,1,3,0.007692308165132999,0.2094469155167731,13,1.661538461366525,0.0048466102940441895,0.003975527319360039,0.01197788491845131,0.003894762162692274,0.01197788491845131,0.003894762162692274,0.0049009607173502445,0.0042731668800115585,0.0049009607173502445,0,0.018022114178165793,0.029999999329447746,2.3283064365386963e-10,0.019117160845780745,0,7.464580099869611e-10,0.0,10,11,12,11,1,1,1,0,1,0,0.014999999897554517,0.01499999943189323,0.01499999943189323,0,0.012249674793565646,-0.0026910943706752732,0.009558580422890373,0.009558580422890373,0.6372387189940002,0.8166450171671473,0,0,-0.009605238029270605,-0.01349999944550487,1.6615384522538923,0.015881948921593624,0.01349999944550487,1.1764407091795754,1,0,0,1,1,1,1,0.012000000104308128
3002,7,1,4,7,fc398847779f694a5a36bf6468497adb3f000c295c1b3e1836fc4dc2da8f8d47,0bc601d8605a9532d518cc9ec06d7054f26c5dc8b8d4b9e7a46288d2e669208a,0.013980372808873653,0.017999999225139618,0.0005081978742964566,0.0005081978742964566,-3.223808936816952e-11,0.013980372808873653,0.017999999225139618,1,3,0.9076921939849854,0.20944694064039504,13,1.661538353333106,0.00392214282986379,0.0032686275521640463,0.0040196264162659645,0.0005081979065345459,0.0040196264162659645,0.0005081979065345459,0.003936284687370062,0.006504115182906389,0.003936284687370062,0,0.013980373158119619,0.017999999225139618,3.4924596548080444e-10,0.012972932658158243,0,4.962278335636505e-10,4.336808689942018e-19,10,11,12,11,1,1,1,0,1,0,0.008999999845400453,0.008999999379739165,0.008999999379739165,0,0.008043657755479217,-0.0015571914264000952,0.006486466329079121,0.006486466329079121,0.7207185306791777,0.8937398122034464,0,0,0.000508197378068623,-3.223808893448865e-11,1.6615384505345263,0.0107775132138625,3.223808893448865e-11,334309928.72324395,0,0,0,2,2,0,0,0.012000000104308128
3002,7,1,5,7,fc398847779f694a5a36bf6468497adb3f000c295c1b3e1836fc4dc2da8f8d47,0bc601d8605a9532d518cc9ec06d7054f26c5dc8b8d4b9e7a46288d2e669208a,0.012035008519887924,0.0,-0.002991297049447894,-0.002991297049447894,0.0,0.012035008519887924,0.0,0,1,0.9076921939849854,0.20944694064039504,13,1.661538353333106,0.003531599526744475,0.0032101379529732832,0.012035008519887924,-0.002991297049447894,0.012035008519887924,0.002991297049447894,0.003980665467679501,0.004046520683914423,0.003980665467679501,0,0.012035008345264941,0.0,1.7462298274040222e-10,0.012035008345264941,0,2.2891040755632086e-10,4.336808689942018e-19,0,0,12,9,13,13,0,1,1,1,0.0,0.0,0.0,1,0.0098481688182801,-0.00383066464564763,0.006017504172632471,0.006017504172632471,inf,inf,0,0,-0.0029912968205374865,-4.336808689942018e-19,1.6615384505345263,0.009998314559080802,4.336808689942018e-19,inf,0,0,0,5,4,0,0,0.029999999329447746
3002,7,2,0,7,fc398847779f694a5a36bf6468497adb3f000c295c1b3e1836fc4dc2da8f8d47,0bc601d8605a9532d518cc9ec06d7054f26c5dc8b8d4b9e7a46288d2e669208a,0.03246978670358658,0.036000000312924385,0.0014012381434440613,0.0014012381434440613,0.0020769229522691335,0.03246978670358658,0.036000000312924385,1,4,0.9076921939849854,0.20944694064039504,13,1.661538353333106,0.008057624314892297,0.005931847078516287,0.0035302136093378067,-0.0006756848088250722,0.0035302136093378067,0.0006756848088250722,0.003332324093207717,0.007385345175862312,0.003332324093207717,0,0.03246978763490915,0.036000000312924385,9.313225746154785e-10,0.03246978763490915,0,3.318407142821611e-09,1.734723475976807e-18,10,2,8,9,1,1,1,0,0,0,0.006000000983476639,0.023999999277293682,0.006000000983476639,0,0.016974568367004395,0.000739674549549818,0.016234893817454576,0.016234893817454576,2.705815192724758,2.8290942641093793,0,0,0.001401241461851204,0.0020769229522691317,1.6615384505345263,0.026974900318046037,0.0020769229522691317,12.987915747464173,1,0,0,1,1,1,1,0.012000001966953278
3002,7,2,1,7,fc398847779f694a5a36bf6468497adb3f000c295c1b3e1836fc4dc2da8f8d47,0bc601d8605a9532d518cc9ec06d7054f26c5dc8b8d4b9e7a46288d2e669208a,0.02570124715566635,0.0,0.0009244669345207512,0.0009244669345207512,0.0,0.02570124715566635,0.0,0,1,0.9076921939849854,0.20944694064039504,13,1.661538353333106,0.006899394734863558,0.005505134632601541,0.02570124715566635,0.0009244669345207512,0.02570124715566635,0.0009244669345207512,0.004197531379759312,0.005855771247297525,0.004197531379759312,0,0.025701246224343777,0.0,9.313225746154785e-10,0.025701246224343777,0,1.916521299299978e-09,1.734723475976807e-18,0,0,7,9,13,13,0,1,1,1,0.0,0.0,0.0,1,0.01432492583990097,0.001474302727729082,0.012850623112171888,0.012850623112171888,inf,inf,0,0,0.0009244688510420505,-1.734723475976807e-18,1.6615384505345263,0.02135180441420125,1.734723475976807e-18,inf,0,0,0,3,3,0,0,0.036000000312924385
3002,7,2,3,7,fc398847779f694a5a36bf6468497adb3f000c295c1b3e1836fc4dc2da8f8d47,0bc601d8605a9532d518cc9ec06d7054f26c5dc8b8d4b9e7a46288d2e669208a,0.025144824758172035,0.0,0.001748002483509481,0.001748002483509481,-3.469446951953614e-18,0.025144824758172035,0.0,0,1,0.007692308165132999,0.2094469155167731,13,1.661538461366525,0.007094548278484717,0.005790892685350229,0.025144824758172035,0.0017480024835094844,0.025144824758172035,0.0017480024835094844,0.0034755221568048,0.008867798373103142,0.0034755221568048,0,0.025144824292510748,0.0,4.656612873077393e-10,0.025144824292510748,0,1.729298071059815e-09,3.469446951953614e-18,0,0,7,9,13,13,0,1,1,1,0.0,0.0,0.0,1,0.012942237313836813,-0.000369825167581439,0.012572412146255374,0.012572412146255374,inf,inf,0,0,0.001748004212807552,-6.938893903907228e-18,1.6615384522538923,0.020889546218587192,6.938893903907228e-18,inf,0,0,0,4,4,0,0,0.036000000312924385
3002,7,2,4,7,fc398847779f694a5a36bf6468497adb3f000c295c1b3e1836fc4dc2da8f8d47,0bc601d8605a9532d518cc9ec06d7054f26c5dc8b8d4b9e7a46288d2e669208a,0.028870806097984314,0.0,0.0037349844351410866,0.0037349844351410866,0.0,0.028870806097984314,0.0,0,1,0.9076921939849854,0.20944694064039504,13,1.661538353333106,0.007804091021321558,0.006024018023714158,0.028870806097984314,0.0037349844351410866,0.028870806097984314,0.0037349844351410866,0.006557159591466188,0.004231766797602177,0.006557159591466188,0,0.0288708065636456,0.0,4.656612873077393e-10,0.0288708065636456,0,7.812163936582461e-10,1.734723475976807e-18,0,0,8,9,13,13,0,1,1,1,0.0,0.0,0.0,1,0.01527513237670064,-0.0008397290948778391,0.0144354032818228,0.0144354032818228,inf,inf,0,0,0.0037349852163574802,-1.734723475976807e-18,1.6615384505345263,0.023984977601720872,1.734723475976807e-18,inf,0,0,0,5,2,0,0,0.036000000312924385
3002,7,2,5,7,fc398847779f694a5a36bf6468497adb3f000c295c1b3e1836fc4dc2da8f8d47,0bc601d8605a9532d518cc9ec06d7054f26c5dc8b8d4b9e7a46288d2e669208a,0.02432532235980034,0.023999998345971107,-0.00026626544422470033,-0.00026626544422470033,1.289523557379546e-10,0.02432532235980034,0.023999998345971107,1,3,0.9076921939849854,0.20944694064039504,13,1.661538353333106,0.006906257338503524,0.005603512793162165,0.00032532401382923126,-0.00026626557317705607,0.00032532401382923126,0.00026626557317705607,0.005219180136919022,0.006362648215144873,0.005219180136919022,0,0.024325321428477764,0.023999998345971107,9.313225746154785e-10,0.02281863894313574,0,6.872705477639629e-10,0.0,10,11,10,9,1,1,1,1,0,0,0.011999998241662979,0.012000000104308128,0.011999998241662979,0,0.011972191743552685,-0.0005628722719848156,0.01140931947156787,0.01140931947156787,0.950776761946154,0.997682791484606,0,0,-0.00026626475695415257,1.289523557379546e-10,1.6615384505345263,0.018957022996442276,1.289523557379546e-10,147007961.87830052,0,0,0,2,5,0,0,0.012000001966953278
3002,8,0,1,8,07755dc640bc6482f97683d6e70f851c14f58b8fabc95367c00a815bbdacd439,0bc601d8605a9532d518cc9ec06d7054f26c5dc8b8d4b9e7a46288d2e669208a,0.016899878159165382,0.0,0.002870153868570924,0.002870153868570924,3.469446951953614e-18,0.016899878159165382,0.0,0,1,0.9076921939849854,0.20944694064039504,13,1.661538353333106,0.0044458598626159595,0.0033346201739544,0.016899878159165382,0.0028701538685709203,0.016899878159165382,0.0028701538685709203,0.005654544103890657,0.01165966596454382,0.005654544103890657,0,0.016899878159165382,0.0,0.0,0.016899878159165382,0,8.012719775879473e-10,1.734723475976807e-18,0,0,3,8,13,13,0,1,1,1,0.0,0.0,0.0,1,0.02411746419966221,-0.015667525120079517,0.008449939079582691,0.008449939079582691,inf,inf,0,0,0.0028701546698429014,5.204170427930421e-18,1.6615384505345263,0.014039898685400965,5.204170427930421e-18,inf,0,0,0,3,3,0,0,0.04799999902024865
3002,8,0,2,8,07755dc640bc6482f97683d6e70f851c14f58b8fabc95367c00a815bbdacd439,0bc601d8605a9532d518cc9ec06d7054f26c5dc8b8d4b9e7a46288d2e669208a,0.017229413613677025,0.04799999902024865,0.007563696708530188,0.007563696708530188,-0.00041538503533945087,0.017229413613677025,0.04799999902024865,1,5,0.9076921939849854,0.20944694064039504,13,1.6615383533331063,0.011548827970191827,0.009175999911182378,0.030770585406571627,0.007979081743869638,0.030770585406571627,0.007979081743869638,0.0037848700303584337,0.0049553848803043365,0.0037848700303584337,0,0.017229413613677025,0.04799999902024865,0.0,0.04575998382642865,0,7.056001997962635e-10,0.0,10,1,9,12,1,1,1,0,0,0,0.017999999225139618,0.012000000569969416,0.012000000569969416,0,0.03258267976343632,-0.009702687850221992,0.022879991913214326,0.022879991913214326,1.9066659022060897,2.715223184653512,0,0,0.007563696002929988,-0.00041538503533945087,1.661538450534526,0.03801598631172462,0.00041538503533945087,91.51987451993334,0,0,0,1,1,1,1,0.023999998811632395
3002,8,0,3,8,07755dc640bc6482f97683d6e70f851c14f58b8fabc95367c00a815bbdacd439,0bc601d8605a9532d518cc9ec06d7054f26c5dc8b8d4b9e7a46288d2e669208a,0.013909879140555859,0.0,0.0028685845900326967,0.0028685845900326967,0.0,0.013909879140555859,0.0,0,1,0.9076923131942749,0.2094469155167731,13,1.661538461366525,0.003653117150337808,0.00287403845222744,0.013909879140555859,0.0028685845900326967,0.013909879140555859,0.0028685845900326967,0.0045975628308951855,0.008763783611357212,0.0045975628308951855,0,0.013909879140555859,0.0,0.0,0.013909879140555859,0,2.337263715901372e-11,3.469446951953614e-18,0,0,0,12,13,13,0,1,1,1,0.0,0.0,0.0,1,0.017407323233783245,-0.010452383663505316,0.006954939570277929,0.006954939570277929,inf,inf,0,0,0.002868584613405334,-3.469446951953614e-18,1.6615384522538923,0.011555899529118941,3.469446951953614e-18,inf,0,0,0,4,5,0,0,0.04799999902024865
3002,8,0,4,8,07755dc640bc6482f97683d6e70f851c14f58b8fabc95367c00a815bbdacd439,0bc601d8605a9532d518cc9ec06d7054f26c5dc8b8d4b9e7a46288d2e669208a,0.01628061756491661,0.0,0.006072497460991144,0.006072497460991144,0.0,0.01628061756491661,0.0,0,1,0.007692307233810425,0.20944694064039504,13,1.661538353333106,0.004583897504787623,0.003803954084993467,0.01628061756491661,0.006072497460991144,0.01628061756491661,0.006072497460991144,0.00920608825981617,0.006539372727274895,0.00920608825981617,0,0.016280618030577898,0.0,4.656612873077393e-10,0.016280618030577898,0,3.817608072546885e-09,3.469446951953614e-18,0,0,3,12,13,13,0,1,1,1,0.0,0.0,0.0,1,0.023953203577548265,-0.015812894562259316,0.008140309015288949,0.008140309015288949,inf,inf,0,0,0.006072501278599217,3.469446951953614e-18,1.6615384505345263,0.013525436428135435,3.469446951953614e-18,inf,0,0,0,5,4,0,0,0.04799999902024865
3002,8,0,5,8,07755dc640bc6482f97683d6e70f851c14f58b8fabc95367c00a815bbdacd439,0bc601d8605a9532d518cc9ec06d7054f26c5dc8b8d4b9e7a46288d2e669208a,0.017225267365574837,0.024000000208616257,0.0033436184749007225,0.0033436184749007225,0.0,0.017225267365574837,0.024000000208616257,1,3,0.007692307233810425,0.20944694064039504,13,1.661538353333106,0.004894262823843208,0.00422158872587441,0.00677473284304142,0.0033436184749007225,0.00677473284304142,0.0033436184749007225,0.005739813204854727,0.006896600127220154,0.005739813204854727,0,0.017225267365574837,0.024000000208616257,0.0,0.01642610691487789,0,6.942580624974548e-10,3.469446951953614e-18,10,11,10,12,1,1,1,1,0,0,0.012000000104308128,0.012000000104308128,0.012000000104308128,0,0.021326346322894096,-0.01311329286545515,0.008213053457438946,0.008213053457438946,0.6844211155040217,1.7771955114598466,0,0,0.003343619169158785,3.469446951953614e-18,1.6615384505345263,0.01364630411583034,3.469446951953614e-18,inf,0,0,0,2,2,0,0,0.023999998811632395
3002,8,1,0,8,07755dc640bc6482f97683d6e70f851c14f58b8fabc95367c00a815bbdacd439,0bc601d8605a9532d518cc9ec06d7054f26c5dc8b8d4b9e7a46288d2e669208a,0.011145547963678837,0.0,0.0005797908524982631,0.0005797908524982631,0.0,0.011145547963678837,0.0,0,1,0.9076921939849854,0.20944694064039504,13,1.661538353333106,0.003263288350126669,0.002572661155515169,0.011145547963678837,0.0005797908524982631,0.011145547963678837,0.0005797908524982631,0.0023820505011826754,0.004280871711671352,0.0023820505011826754,0,0.011145547963678837,0.0,0.0,0.011145547963678837,0,4.412249255195122e-10,1.3010426069826053e-18,0,0,12,1,13,13,0,1,1,1,0.0,0.0,0.0,1,0.006040939129889011,-0.00046816514804959297,0.005572773981839418,0.005572773981839418,inf,inf,0,0,0.0005797912937231886,1.3010426069826053e-18,1.6615384505345263,0.00925937824696459,1.3010426069826053e-18,inf,0,0,0,3,4,0,0,0.029999999329447746
3002,8,1,2,8,07755dc640bc6482f97683d6e70f851c14f58b8fabc95367c00a815bbdacd439,0bc601d8605a9532d518cc9ec06d7054f26c5dc8b8d4b9e7a46288d2e669208a,0.011674485169351101,0.0,-0.003341963514685631,-0.003341963514685631,1.734723475976807e-18,0.011674485169351101,0.0,0,1,0.9076921939849854,0.20944694064039504,13,1.6615383533331063,0.0035091543573429365,0.002876877996894206,0.011674485169351101,-0.0033419635146856325,0.011674485169351101,0.0033419635146856325,0.0029907268472015858,0.005590333603322506,0.0029907268472015858,0,0.011674485402181745,0.0,2.3283064365386963e-10,0.011674485402181745,0,4.967492615165492e-10,1.3010426069826053e-18,0,0,12,2,13,13,0,1,1,1,0.0,0.0,0.0,1,0.005890503758564591,5.326105747371912e-05,0.005837242701090872,0.005837242701090872,inf,inf,0,0,-0.0033419630179363693,4.336808689942018e-19,1.661538450534526,0.0096988031929645,4.336808689942018e-19,inf,0,0,0,4,3,0,0,0.029999999329447746
3002,8,1,3,8,07755dc640bc6482f97683d6e70f851c14f58b8fabc95367c00a815bbdacd439,0bc601d8605a9532d518cc9ec06d7054f26c5dc8b8d4b9e7a46288d2e669208a,0.01858409307897091,0.029999999329447746,-0.009074721485376358,-0.009074721485376358,-0.013499999622814358,0.01858409307897091,0.029999999329447746,1,3,0.9076923131942749,0.2094469155167731,13,1.661538461366525,0.005105083844140104,0.004108427062123662,0.011415906250476837,0.004425278137438,0.011415906250476837,0.004425278137438,0.005201671738177538,0.004091423004865646,0.005201671738177538,0,0.018584093544632196,0.029999999329447746,4.656612873077393e-10,0.019686796935275197,0,1.0919521953312028e-09,3.469446951953614e-18,10,11,12,11,1,1,1,0,1,0,0.014999999664723873,0.014999999664723873,0.014999999664723873,0,0.018635460874065757,-0.008792062406428158,0.009843398467637599,0.009843398467637599,0.6562265791769802,1.2423640860400518,0,0,-0.009074722577328553,-0.013499999622814361,1.6615384522538923,0.01635518505483691,0.013499999622814361,1.2114952230959637,1,0,0,1,1,1,1,0.011999998241662979
3002,8,1,4,8,07755dc640bc6482f97683d6e70f851c14f58b8fabc95367c00a815bbdacd439,0bc601d8605a9532d518cc9ec06d7054f26c5dc8b8d4b9e7a46288d2e669208a,0.01517804991453886,0.018000001087784767,0.002411831170320511,0.002411831170320511,1.2895235226850765e-10,0.01517804991453886,0.018000001087784767,1,3,0.007692307233810425,0.20944694064039504,13,1.661538353333106,0.003864327584705438,0.0030034957067853604,0.002821951173245907,0.0024118310413681586,0.002821951173245907,0.0024118310413681586,0.004881505388766527,0.005230451934039593,0.004881505388766527,0,0.01517804991453886,0.018000001087784767,0.0,0.014598236419260502,0,4.780522024246114e-10,4.336808689942018e-18,10,11,12,11,1,1,1,0,1,0,0.008999999612569809,0.009000001475214958,0.008999999612569809,0,0.016333195380866528,0.009034077171236277,0.007299118209630251,0.007299118209630251,0.8110131693156931,1.8147995648860744,0,0,0.0024118306922683084,1.2895235660531634e-10,1.6615384505345263,0.012127765560297392,1.2895235660531634e-10,94048421.28955245,1,0,0,2,2,0,0,0.011999998241662979
3002,8,1,5,8,07755dc640bc6482f97683d6e70f851c14f58b8fabc95367c00a815bbdacd439,0bc601d8605a9532d518cc9ec06d7054f26c5dc8b8d4b9e7a46288d2e669208a,0.010875405743718147,0.0,-0.003803437575697899,-0.003803437575697899,1.734723475976807e-18,0.010875405743718147,0.0,0,1,0.007692307233810425,0.20944694064039504,13,1.661538353333106,0.0032665132734257265,0.0027741462807859894,0.010875405743718147,-0.0038034375756979006,0.010875405743718147,0.0038034375756979006,0.00415502954274416,0.00471258070319891,0.00415502954274416,0,0.010875405743718147,0.0,0.0,0.010875405743718147,0,1.2883725163115312e-10,0.0,0,0,12,9,13,13,0,1,1,1,0.0,0.0,0.0,1,0.006366042420268059,0.0009283395484089851,0.005437702871859074,0.005437702871859074,inf,inf,0,0,-0.0038034377045351505,1.734723475976807e-18,1.6615384505345263,0.009034952404175869,1.734723475976807e-18,inf,0,0,0,5,5,0,0,0.029999999329447746
3002,8,2,0,8,07755dc640bc6482f97683d6e70f851c14f58b8fabc95367c00a815bbdacd439,0bc601d8605a9532d518cc9ec06d7054f26c5dc8b8d4b9e7a46288d2e669208a,0.031052997335791588,0.036000000312924385,0.0025235910434275866,0.0025235910434275866,0.0020769229522691335,0.031052997335791588,0.036000000312924385,1,4,0.9076921939849854,0.20944694064039504,13,1.661538353333106,0.00795363762270611,0.005839514468945341,0.004947002977132797,0.0004466680911584531,0.004947002977132797,0.0004466680911584531,0.003749136347323656,0.006402500439435244,0.003749136347323656,0,0.031052997801452875,0.036000000312924385,4.656612873077393e-10,0.031619895715266466,0,3.880513662138374e-09,1.734723475976807e-18,10,2,8,9,1,1,1,0,0,0,0.006000000983476639,0.023999999277293682,0.006000000983476639,0,0.01776067726314068,0.0019507294055074453,0.015809947857633233,0.015809947857633233,2.634990877696877,2.960112391989882,0,0,0.0025235949239412487,0.0020769229522691317,1.6615384505345263,0.026268836266403577,0.0020769229522691317,12.647958961454824,1,0,0,1,1,1,1,0.012000001966953278
3002,8,2,1,8,07755dc640bc6482f97683d6e70f851c14f58b8fabc95367c00a815bbdacd439,0bc601d8605a9532d518cc9ec06d7054f26c5dc8b8d4b9e7a46288d2e669208a,0.027494557201862335,0.0,0.0008213262190110981,0.0008213262190110981,0.0,0.027494557201862335,0.0,0,1,0.9076921939849854,0.20944694064039504,13,1.661538353333106,0.006962680246734167,0.005472111543254739,0.027494557201862335,0.0008213262190110981,0.027494557201862335,0.0008213262190110981,0.005103273782879114,0.008165989071130753,0.005103273782879114,0,0.02749455813318491,0.0,9.313225746154785e-10,0.02749455813318491,0,9.285696465216597e-10,1.734723475976807e-18,0,0,7,9,13,13,0,1,1,1,0.0,0.0,0.0,1,0.01673809066414833,0.0029908115975558758,0.013747279066592455,0.013747279066592455,inf,inf,0,0,0.0008213271475807447,-1.734723475976807e-18,1.6615384505345263,0.022841632759371757,1.734723475976807e-18,inf,0,0,0,3,3,0,0,0.036000000312924385
3002,8,2,3,8,07755dc640bc6482f97683d6e70f851c14f58b8fabc95367c00a815bbdacd439,0bc601d8605a9532d518cc9ec06d7054f26c5dc8b8d4b9e7a46288d2e669208a,0.027155451476573944,0.0,0.0022398540750145912,0.0022398540750145912,-3.469446951953614e-18,0.027155451476573944,0.0,0,1,0.9076923131942749,0.2094469155167731,13,1.661538461366525,0.007195341502306909,0.005872799689776799,0.027155451476573944,0.0022398540750145947,0.027155451476573944,0.0022398540750145947,0.003000125288963318,0.010928581468760967,0.003000125288963318,0,0.02715545240789652,0.0,9.313225746154785e-10,0.02715545240789652,0,9.546265028470557e-10,3.469446951953614e-18,0,0,7,9,13,13,0,1,1,1,0.0,0.0,0.0,1,0.016362853348255157,0.002785127144306898,0.01357772620394826,0.01357772620394826,inf,inf,0,0,0.002239855029641094,-6.938893903907228e-18,1.6615384522538923,0.022559914182035307,6.938893903907228e-18,inf,0,0,0,4,4,0,0,0.036000000312924385
3002,8,2,4,8,07755dc640bc6482f97683d6e70f851c14f58b8fabc95367c00a815bbdacd439,0bc601d8605a9532d518cc9ec06d7054f26c5dc8b8d4b9e7a46288d2e669208a,0.02855713665485382,0.0,-0.0027496267575770617,-0.0027496267575770617,0.0,0.02855713665485382,0.0,0,1,0.007692307233810425,0.20944694064039504,13,1.661538353333106,0.007863296420388894,0.006236055480128915,0.02855713665485382,-0.0027496267575770617,0.02855713665485382,0.0027496267575770617,0.00492538046091795,0.005916350521147251,0.00492538046091795,0,0.028557137120515108,0.0,4.656612873077393e-10,0.028557137120515108,0,1.3077336175754128e-09,1.734723475976807e-18,0,0,7,9,13,13,0,1,1,1,0.0,0.0,0.0,1,0.01462139980867505,-0.0003428312484174967,0.014278568560257554,0.014278568560257554,inf,inf,0,0,-0.002749625449843444,-1.734723475976807e-18,1.6615384505345263,0.02372439068146134,1.734723475976807e-18,inf,0,0,0,5,2,0,0,0.036000000312924385
3002,8,2,5,8,07755dc640bc6482f97683d6e70f851c14f58b8fabc95367c00a815bbdacd439,0bc601d8605a9532d518cc9ec06d7054f26c5dc8b8d4b9e7a46288d2e669208a,0.024195563048124313,0.023999998345971107,-0.0008624025504104793,-0.0008624025504104793,1.289523557379546e-10,0.024195563048124313,0.023999998345971107,1,3,0.007692307233810425,0.20944694064039504,13,1.661538353333106,0.007206773134461459,0.005812453745296721,0.00019556470215320587,-0.000862402679362835,0.00019556470215320587,0.000862402679362835,0.006085632368922234,0.005314477253705263,0.006085632368922234,0,0.024195563979446888,0.023999998345971107,9.313225746154785e-10,0.024195563979446888,0,3.379428820116104e-10,0.0,10,11,7,9,1,1,1,0,0,0,0.011999998241662979,0.012000000104308128,0.011999998241662979,0,0.013487420976161957,0.0013896389864385128,0.012097781989723444,0.012097781989723444,1.008148646865711,1.1239519127040178,0,0,-0.0008624022124675973,1.289523557379546e-10,1.6615384505345263,0.02010092994210959,1.289523557379546e-10,155878733.8709569,0,0,0,2,5,0,0,0.012000001966953278
3002,9,0,1,9,b14341e333999c751723873b1a7625bd6077cc7c696f1be98945dde84ccf6832,0bc601d8605a9532d518cc9ec06d7054f26c5dc8b8d4b9e7a46288d2e669208a,0.03941041976213455,0.0,0.013201992027461529,0.013201992027461529,0.0,0.03941041976213455,0.0,0,1,0.007692307233810425,0.20944694064039504,13,1.661538353333106,0.012800894721316331,0.011240829174274566,0.03941041976213455,0.013201992027461529,0.03941041976213455,0.013201992027461529,0.007643792778253555,0.02016696147620678,0.007643792778253555,0,0.0394104178994894,0.0,1.862645149230957e-09,0.0394104178994894,0,2.4166352738386188e-09,0.0,0,0,3,8,13,13,0,1,1,1,0.0,0.0,0.0,1,0.11976510658860207,-0.10005989763885736,0.0197052089497447,0.0197052089497447,inf,inf,0,0,0.013201989610826255,0.0,1.6615384505345263,0.032740962345817894,0.0,inf,0,0,0,3,3,0,0,0.04800000041723251
3002,9,0,2,9,b14341e333999c751723873b1a7625bd6077cc7c696f1be98945dde84ccf6832,0bc601d8605a9532d518cc9ec06d7054f26c5dc8b8d4b9e7a46288d2e669208a,0.0389835387468338,0.04800000041723251,0.006509924307465553,0.006509924307465553,0.004569229682592255,0.0389835387468338,0.04800000041723251,1,5,0.9076921939849854,0.20944694064039504,13,1.6615383533331063,0.012620179413370685,0.01005662060012082,0.009016461670398712,0.0019406946248732987,0.009016461670398712,0.0019406946248732987,0.009125357493758202,0.012832287698984146,0.009125357493758202,0,0.03898354002740234,0.04800000041723251,1.280568540096283e-09,0.0467856340110302,0,1.8171039221914764e-09,6.938893903907228e-18,10,1,0,12,1,1,1,0,0,0,0.015000000596046448,0.012000001966953278,0.012000001966953278,0,0.11793598160147667,-0.09454316459596157,0.0233928170055151,0.0233928170055151,1.9494010975945184,9.827996855855503,0,0,0.006509922490361631,0.004569229682592248,1.661538450534526,0.03886806492098127,0.004569229682592248,8.506480877741819,1,0,0,1,4,1,0,0.023999996483325958
3002,9,0,3,9,b14341e333999c751723873b1a7625bd6077cc7c696f1be98945dde84ccf6832,0bc601d8605a9532d518cc9ec06d7054f26c5dc8b8d4b9e7a46288d2e669208a,0.03115200065076351,0.0,0.006745578721165657,0.006745578721165657,0.0,0.03115200065076351,0.0,0,1,0.9076923131942749,0.2094469155167731,13,1.661538461366525,0.010426082926366001,0.009224674339301488,0.03115200065076351,0.006745578721165657,0.03115200065076351,0.006745578721165657,0.007439058739691973,0.013406854122877121,0.007439058739691973,0,0.03115200065076351,0.0,0.0,0.03115200065076351,0,3.9589484381735707e-10,6.938893903907228e-18,0,0,3,7,13,13,0,1,1,1,0.0,0.0,0.0,1,0.11651816591620445,-0.1009421655908227,0.015576000325381756,0.015576000325381756,inf,inf,0,0,0.006745578325270813,-6.938893903907228e-18,1.6615384522538923,0.025880123472940924,6.938893903907228e-18,inf,0,0,0,4,5,0,0,0.04800000041723251
3002,9,0,4,9,b14341e333999c751723873b1a7625bd6077cc7c696f1be98945dde84ccf6832,0bc601d8605a9532d518cc9ec06d7054f26c5dc8b8d4b9e7a46288d2e669208a,0.04054956138134003,0.0,0.016096537932753563,0.016096537932753563,0.0,0.04054956138134003,0.0,0,1,0.9076921939849854,0.20944694064039504,13,1.661538353333106,0.013618353533311464,0.012116974434600426,0.04054956138134003,0.016096537932753563,0.04054956138134003,0.016096537932753563,0.014324981719255447,0.016916129738092422,0.014324981719255447,0,0.04054956091567874,0.0,4.656612873077393e-10,0.04054956091567874,0,4.987564979075376e-10,6.938893903907228e-18,0,0,0,4,13,13,0,1,1,1,0.0,0.0,0.0,1,0.11952856183052063,-0.09925378137268126,0.02027478045783937,0.02027478045783937,inf,inf,0,0,0.01609653843151006,-6.938893903907228e-18,1.6615384505345263,0.03368732730684612,6.938893903907228e-18,inf,0,0,0,5,2,0,0,0.04800000041723251
3002,9,0,5,9,b14341e333999c751723873b1a7625bd6077cc7c696f1be98945dde84ccf6832,0bc601d8605a9532d518cc9ec06d7054f26c5dc8b8d4b9e7a46288d2e669208a,0.042481254786252975,0.024000003933906555,0.014409071765840054,0.014409071765840054,0.0,0.042481254786252975,0.024000003933906555,1,3,0.9076921939849854,0.20944694064039504,13,1.661538353333106,0.011070214665839084,0.009294297973234094,0.01848125085234642,0.014409071765840054,0.01848125085234642,0.014409071765840054,0.009641730226576328,0.020443230867385864,0.009641730226576328,0,0.042481254786252975,0.024000003933906555,0.0,0.03836503135971725,0,7.81382413633791e-10,6.938893903907228e-18,10,11,10,12,1,1,1,1,0,0,0.012000001966953278,0.012000001966953278,0.012000001966953278,0,0.12347252294421196,-0.10429000726435333,0.019182515679858625,0.019182515679858625,1.5985427112999833,10.289375225457636,0,0,0.01440907098445764,6.938893903907228e-18,1.6615384505345263,0.03187248738006655,6.938893903907228e-18,inf,0,0,0,2,1,0,1,0.023999996483325958
3002,9,1,0,9,b14341e333999c751723873b1a7625bd6077cc7c696f1be98945dde84ccf6832,0bc601d8605a9532d518cc9ec06d7054f26c5dc8b8d4b9e7a46288d2e669208a,0.008708396926522255,0.0,-0.0012358925305306911,-0.0012358925305306911,0.0,0.008708396926522255,0.0,0,1,0.9076921939849854,0.20944694064039504,13,1.661538353333106,0.0025060277413739974,0.0021653392764783776,0.008708396926522255,-0.0012358925305306911,0.008708396926522255,0.0012358925305306911,0.008288729935884476,0.006117523647844791,0.008288729935884476,0,0.008708397159352899,0.0,2.3283064365386963e-10,0.008708397159352899,0,8.363107667323788e-11,3.469446951953614e-18,0,0,8,9,13,13,0,1,1,1,0.0,0.0,0.0,1,0.03792943060398102,0.03357523202430457,0.004354198579676449,0.004354198579676449,inf,inf,0,0,-0.0012358924468996145,-3.469446951953614e-18,1.6615384505345263,0.007234668361395242,3.469446951953614e-18,inf,0,0,0,3,5,0,0,0.03000000026077032
3002,9,1,2,9,b14341e333999c751723873b1a7625bd6077cc7c696f1be98945dde84ccf6832,0bc601d8605a9532d518cc9ec06d7054f26c5dc8b8d4b9e7a46288d2e669208a,0.009187286719679832,0.0,-0.003766248933970928,-0.003766248933970928,0.0,0.009187286719679832,0.0,0,1,0.9076921939849854,0.20944694064039504,13,1.6615383533331063,0.0027657479475543217,0.0023724275529894362,0.009187286719679832,-0.003766248933970928,0.009187286719679832,0.003766248933970928,0.0042459298856556416,0.005059503484517336,0.0042459298856556416,0,0.009187286254018545,0.0,4.656612873077393e-10,0.009187286254018545,0,1.6850312464788963e-10,3.469446951953614e-18,0,0,4,9,13,13,0,1,1,1,0.0,0.0,0.0,1,0.036914249416440725,0.03232060628943145,0.004593643127009273,0.004593643127009273,inf,inf,0,0,-0.0037662487654678035,-3.469446951953614e-18,1.661538450534526,0.007632514683559562,3.469446951953614e-18,inf,0,0,0,4,4,0,0,0.03000000026077032
3002,9,1,3,9,b14341e333999c751723873b1a7625bd6077cc7c696f1be98945dde84ccf6832,0bc601d8605a9532d518cc9ec06d7054f26c5dc8b8d4b9e7a46288d2e669208a,0.020696068182587624,0.03000000026077032,-0.010713363997638226,-0.010713363997638226,-0.013500000396528499,0.020696068182587624,0.03000000026077032,1,3,0.9076923131942749,0.2094469155167731,13,1.661538461366525,0.005842151282654889,0.004719680554740483,0.009303932078182697,0.0027866363988902736,0.009303932078182697,0.0027866363988902736,0.010265832766890526,0.011518079787492752,0.010265832766890526,0,0.02069606864824891,0.03000000026077032,4.656612873077393e-10,0.02052126917988062,0,5.176912232229824e-10,8.673617379884035e-18,10,11,1,11,1,1,1,0,1,0,0.014999999664723873,0.015000000596046448,0.014999999664723873,0,0.03399824909865856,0.023737614508718252,0.01026063458994031,0.01026063458994031,0.684042321285558,2.266549990571911,0,0,-0.010713363479947002,-0.01350000039652849,1.6615384522538923,0.017048438915712172,0.01350000039652849,1.2628472899968328,1,0,0,1,1,1,1,0.012000001035630703
3002,9,1,4,9,b14341e333999c751723873b1a7625bd6077cc7c696f1be98945dde84ccf6832,0bc601d8605a9532d518cc9ec06d7054f26c5dc8b8d4b9e7a46288d2e669208a,0.016245106235146523,0.017999999225139618,0.0007809620001353323,0.0007809620001353323,0.0,0.016245106235146523,0.017999999225139618,1,3,0.9076921939849854,0.20944694064039504,13,1.661538353333106,0.004589581032654178,0.003846443624176449,0.0017548929899930954,0.0007809620001353323,0.0017548929899930954,0.0007809620001353323,0.00781314354389906,0.010747386142611504,0.00781314354389906,0,0.016245106235146523,0.017999999225139618,0.0,0.016245106235146523,0,6.522845796483323e-10,3.469446951953614e-18,10,11,12,0,1,1,1,0,0,0,0.008999999612569809,0.008999999612569809,0.008999999612569809,0,0.04125528410077095,0.03313273098319769,0.008122553117573261,0.008122553117573261,0.9025059408034789,4.583920652968912,0,0,0.0007809613478507527,-3.469446951953614e-18,1.6615384505345263,0.013495934321357062,3.469446951953614e-18,inf,0,0,0,2,2,0,0,0.012000001035630703
3002,9,1,5,9,b14341e333999c751723873b1a7625bd6077cc7c696f1be98945dde84ccf6832,0bc601d8605a9532d518cc9ec06d7054f26c5dc8b8d4b9e7a46288d2e669208a,0.012856255285441875,0.0,-0.00648988364264369,-0.00648988364264369,0.0,0.012856255285441875,0.0,0,1,0.9076921939849854,0.20944694064039504,13,1.661538353333106,0.00393645962954139,0.003515467860532054,0.012856255285441875,-0.00648988364264369,0.012856255285441875,0.00648988364264369,0.004290586803108454,0.004035700112581253,0.004290586803108454,0,0.012856255285441875,0.0,0.0,0.012856255285441875,0,4.6118046014009817e-10,3.469446951953614e-18,0,0,7,0,13,13,0,1,1,1,0.0,0.0,0.0,1,0.038149414118379354,0.03172128647565842,0.006428127642720938,0.006428127642720938,inf,inf,0,0,-0.00648988318146323,-3.469446951953614e-18,1.6615384505345263,0.010680581243324704,3.469446951953614e-18,inf,0,0,0,5,3,0,0,0.03000000026077032
3002,9,2,0,9,b14341e333999c751723873b1a7625bd6077cc7c696f1be98945dde84ccf6832,0bc601d8605a9532d518cc9ec06d7054f26c5dc8b8d4b9e7a46288d2e669208a,0.03205035254359245,0.03599999891594052,0.001382028334774077,0.001382028334774077,0.0020769230489833986,0.03205035254359245,0.03599999891594052,1,4,0.9076921939849854,0.20944694064039504,13,1.661538353333106,0.009509096380364315,0.00741713394317225,0.00394964637234807,-0.0006948947142093216,0.00394964637234807,0.0006948947142093216,0.008852563798427582,0.007821557112038136,0.008852563798427582,0,0.032050353940576315,0.03599999891594052,1.3969838619232178e-09,0.036324446089565754,0,6.445639889884891e-10,0.0,10,2,7,9,1,1,1,0,0,0,0.0059999991208314896,0.024000000674277544,0.0059999991208314896,0,0.020916206296533346,0.002753983251750469,0.018162223044782877,0.018162223044782877,3.027037617676505,3.486034893557575,0,0,0.001382028979338066,0.0020769230489833986,1.6615384505345263,0.03017723193609101,0.0020769230489833986,14.529778535060316,1,0,0,1,2,1,0,0.011999998707324266
3002,9,2,1,9,b14341e333999c751723873b1a7625bd6077cc7c696f1be98945dde84ccf6832,0bc601d8605a9532d518cc9ec06d7054f26c5dc8b8d4b9e7a46288d2e669208a,0.028488602489233017,0.0,-0.002806294709444046,-0.002806294709444046,0.0,0.028488602489233017,0.0,0,1,0.007692307233810425,0.20944694064039504,13,1.661538353333106,0.007278794667689863,0.005764775948058924,0.028488602489233017,-0.002806294709444046,0.028488602489233017,0.002806294709444046,0.004984377883374691,0.011225683614611626,0.004984377883374691,0,0.028488601557910442,0.0,9.313225746154785e-10,0.028488601557910442,0,2.4042039348942668e-09,1.734723475976807e-18,0,0,7,9,13,13,0,1,1,1,0.0,0.0,0.0,1,0.01559380255639553,0.0013495017774403095,0.014244300778955221,0.014244300778955221,inf,inf,0,0,-0.002806292305240111,1.734723475976807e-18,1.6615384505345263,0.023667453445213003,1.734723475976807e-18,inf,0,0,0,3,5,0,0,0.03599999891594052
3002,9,2,3,9,b14341e333999c751723873b1a7625bd6077cc7c696f1be98945dde84ccf6832,0bc601d8605a9532d518cc9ec06d7054f26c5dc8b8d4b9e7a46288d2e669208a,0.030601609498262405,0.0,0.002133790636435151,0.002133790636435151,0.0,0.030601609498262405,0.0,0,1,0.9076923131942749,0.2094469155167731,13,1.661538461366525,0.007987125109021916,0.0062134588390765095,0.030601609498262405,0.002133790636435151,0.030601609498262405,0.002133790636435151,0.004421264864504337,0.012920662760734558,0.004421264864504337,0,0.03060161042958498,0.0,9.313225746154785e-10,0.03060161042958498,0,4.175446060086796e-09,1.734723475976807e-18,0,0,8,9,13,13,0,1,1,1,0.0,0.0,0.0,1,0.017215488478541374,0.0019146832637488842,0.01530080521479249,0.01530080521479249,inf,inf,0,0,0.002133794811881211,-1.734723475976807e-18,1.6615384522538923,0.0254228762148246,1.734723475976807e-18,inf,0,0,0,4,4,0,0,0.03599999891594052
3002,9,2,4,9,b14341e333999c751723873b1a7625bd6077cc7c696f1be98945dde84ccf6832,0bc601d8605a9532d518cc9ec06d7054f26c5dc8b8d4b9e7a46288d2e669208a,0.03196978196501732,0.0,-0.0025923962239176035,-0.0025923962239176035,0.0,0.03196978196501732,0.0,0,1,0.9076921939849854,0.20944694064039504,13,1.661538353333106,0.00834634129944705,0.0064566641957802175,0.03196978196501732,-0.0025923962239176035,0.03196978196501732,0.0025923962239176035,0.00608332734555006,0.009568383917212486,0.00608332734555006,0,0.03196978196501732,0.0,0.0,0.03196978196501732,0,2.413533373157861e-09,1.734723475976807e-18,0,0,8,9,13,13,0,1,1,1,0.0,0.0,0.0,1,0.016712499782443047,0.0007276087999343872,0.01598489098250866,0.01598489098250866,inf,inf,0,0,-0.0025923938103842303,-1.734723475976807e-18,1.6615384505345263,0.02655951099504076,1.734723475976807e-18,inf,0,0,0,5,3,0,0,0.03599999891594052
3002,9,2,5,9,b14341e333999c751723873b1a7625bd6077cc7c696f1be98945dde84ccf6832,0bc601d8605a9532d518cc9ec06d7054f26c5dc8b8d4b9e7a46288d2e669208a,0.03380454331636429,0.024000000208616257,-0.0029476676136255264,-0.0029476676136255264,0.0,0.03380454331636429,0.024000000208616257,1,3,0.9076921939849854,0.20944694064039504,13,1.661538353333106,0.008723473104979756,0.006819306062699775,0.009804543107748032,-0.0029476676136255264,0.009804543107748032,0.0029476676136255264,0.003328769700601697,0.011037798598408699,0.003328769700601697,0,0.03380454331636429,0.024000000208616257,0.0,0.03380454331636429,0,1.026425253819463e-09,1.734723475976807e-18,10,11,7,9,1,1,1,0,0,0,0.012000000104308128,0.012000000104308128,0.012000000104308128,0,0.019419563934206963,0.0025172922760248184,0.016902271658182144,0.016902271658182144,1.4085226259384822,1.6182969804504528,0,0,-0.0029476686400507802,1.734723475976807e-18,1.6615384505345263,0.028083774261449597,1.734723475976807e-18,inf,0,0,0,2,1,0,1,0.011999998707324266
3002,10,0,1,10,c19d377714654bffca1b66e342072d25227add13a90b58eb01e45cd5da8d5040,0bc601d8605a9532d518cc9ec06d7054f26c5dc8b8d4b9e7a46288d2e669208a,0.01560185756534338,0.0,0.002915160031989217,0.002915160031989217,-1.734723475976807e-18,0.01560185756534338,0.0,0,1,0.9076921939849854,0.20944694064039504,13,1.661538353333106,0.004295104249366583,0.0033503874320779327,0.01560185756534338,0.0029151600319892185,0.01560185756534338,0.0029151600319892185,0.005867825821042061,0.01150211039930582,0.005867825821042061,0,0.01560185756534338,0.0,0.0,0.01560185756534338,0,1.6347928028653813e-09,4.336808689942018e-18,0,0,3,8,13,13,0,1,1,1,0.0,0.0,0.0,1,0.010366166010499,0.0025652372278273106,0.00780092878267169,0.00780092878267169,inf,inf,0,0,0.002915158397196414,2.6020852139652106e-18,1.6615384505345263,0.012961543122290508,2.6020852139652106e-18,inf,0,0,0,3,3,0,0,0.04800000041723251
3002,10,0,2,10,c19d377714654bffca1b66e342072d25227add13a90b58eb01e45cd5da8d5040,0bc601d8605a9532d518cc9ec06d7054f26c5dc8b8d4b9e7a46288d2e669208a,0.015240066684782505,0.04800000041723251,0.007413499057292938,0.007413499057292938,-0.0004153863571011024,0.015240066684782505,0.04800000041723251,1,5,0.007692307233810425,0.20944694064039504,13,1.6615383533331063,0.01160670147806838,0.009011074129117311,0.03275993373245001,0.00782888541439404,0.03275993373245001,0.00782888541439404,0.002886250615119934,0.0062531582079827785,0.002886250615119934,0,0.015240066684782505,0.04800000041723251,0.0,0.046764953061938286,0,4.953678326910516e-10,0.0,10,1,9,12,1,1,1,0,0,0,0.017999999225139618,0.012000000104308128,0.012000000104308128,0,0.041814861819148064,-0.01843238528817892,0.023382476530969143,0.023382476530969143,1.948539693976718,3.484571787973242,0,0,0.007413499552660771,-0.0004153863571011024,1.661538450534526,0.038850883824926394,0.0004153863571011024,93.52951333322278,0,0,0,1,4,1,0,0.024000000208616257
3002,10,0,3,10,c19d377714654bffca1b66e342072d25227add13a90b58eb01e45cd5da8d5040,0bc601d8605a9532d518cc9ec06d7054f26c5dc8b8d4b9e7a46288d2e669208a,0.013097640126943588,0.0,0.0029096880462020636,0.0029096880462020636,0.0,0.013097640126943588,0.0,0,1,0.9076923131942749,0.2094469155167731,13,1.661538461366525,0.0034260306698998587,0.0026466950509675155,0.013097640126943588,0.0029096880462020636,0.013097640126943588,0.0029096880462020636,0.004496538545936346,0.010557281784713268,0.004496538545936346,0,0.013097640126943588,0.0,0.0,0.013097640126943588,0,1.8069838784995351e-09,1.734723475976807e-18,0,0,0,12,13,13,0,1,1,1,0.0,0.0,0.0,1,0.01640966907143593,0.009860849007964134,0.006548820063471794,0.006548820063471794,inf,inf,0,0,0.002909689853185942,-1.734723475976807e-18,1.6615384522538923,0.010881116352350161,1.734723475976807e-18,inf,0,0,0,4,5,0,0,0.04800000041723251
3002,10,0,4,10,c19d377714654bffca1b66e342072d25227add13a90b58eb01e45cd5da8d5040,0bc601d8605a9532d518cc9ec06d7054f26c5dc8b8d4b9e7a46288d2e669208a,0.015676582232117653,0.0,0.0033389339223504066,0.0033389339223504066,0.0,0.015676582232117653,0.0,0,1,0.9076921939849854,0.20944694064039504,13,1.661538353333106,0.004430356444079923,0.0038058610092958755,0.015676582232117653,0.0033389339223504066,0.015676582232117653,0.0033389339223504066,0.007883322425186634,0.00545103894546628,0.007883322425186634,0,0.015676582232117653,0.0,0.0,0.015676582232117653,0,3.760489541287937e-09,8.673617379884035e-19,0,0,0,12,13,13,0,1,1,1,0.0,0.0,0.0,1,0.01290380023419857,0.005065509118139744,0.007838291116058826,0.007838291116058826,inf,inf,0,0,0.003338937682839948,8.673617379884035e-19,1.6615384505345263,0.013023622075814926,8.673617379884035e-19,inf,0,0,0,5,1,0,1,0.04800000041723251
3002,10,0,5,10,c19d377714654bffca1b66e342072d25227add13a90b58eb01e45cd5da8d5040,0bc601d8605a9532d518cc9ec06d7054f26c5dc8b8d4b9e7a46288d2e669208a,0.015660274773836136,0.024000000208616257,0.003290529130026698,0.003290529130026698,-6.447617743529643e-11,0.015660274773836136,0.024000000208616257,1,3,0.007692307233810425,0.20944694064039504,13,1.661538353333106,0.004785096283570198,0.004071618529510569,0.00833972543478012,0.0032905291945028755,0.00833972543478012,0.0032905291945028755,0.006287899799644947,0.006964610889554024,0.006287899799644947,0,0.015660274773836136,0.024000000208616257,0.0,0.0156555506400764,0,3.578127610176507e-09,5.421010862427522e-19,10,11,10,12,1,1,1,1,0,0,0.012000000569969416,0.011999999638646841,0.011999999638646841,0,0.025410396978259087,0.017582621658220887,0.0078277753200382,0.0078277753200382,0.6523146296461793,2.1175331452863646,0,0,0.0032905327081543083,-6.447617797739752e-11,1.6615384505345263,0.013006149676388676,6.447617797739752e-11,201720233.49380377,0,0,0,2,2,0,0,0.024000000208616257
3002,10,1,0,10,c19d377714654bffca1b66e342072d25227add13a90b58eb01e45cd5da8d5040,0bc601d8605a9532d518cc9ec06d7054f26c5dc8b8d4b9e7a46288d2e669208a,0.01350460946559906,0.0,0.0009734768536873162,0.0009734768536873162,0.0,0.01350460946559906,0.0,0,1,0.9076921939849854,0.20944694064039504,13,1.661538353333106,0.0037030960504583197,0.0030865499518326752,0.01350460946559906,0.0009734768536873162,0.01350460946559906,0.0009734768536873162,0.003368116682395339,0.004952538292855024,0.003368116682395339,0,0.013504609931260347,0.0,4.656612873077393e-10,0.013504609931260347,0,3.7235046079428513e-10,2.6020852139652106e-18,0,0,12,9,13,13,0,1,1,1,0.0,0.0,0.0,1,0.01680269232019782,0.010050387354567647,0.006752304965630174,0.006752304965630174,inf,inf,0,0,0.000973477226037777,2.6020852139652106e-18,1.6615384505345263,0.011219214330129746,2.6020852139652106e-18,inf,0,0,0,3,4,0,0,0.029999999329447746
3002,10,1,2,10,c19d377714654bffca1b66e342072d25227add13a90b58eb01e45cd5da8d5040,0bc601d8605a9532d518cc9ec06d7054f26c5dc8b8d4b9e7a46288d2e669208a,0.013858882710337639,0.0,-0.004073606338351965,-0.004073606338351965,3.469446951953614e-18,0.013858882710337639,0.0,0,1,0.007692307233810425,0.20944694064039504,13,1.6615383533331063,0.0036643443777099453,0.0027512787736555526,0.013858882710337639,-0.004073606338351968,0.013858882710337639,0.004073606338351968,0.002411746187135577,0.005649362225085497,0.002411746187135577,0,0.013858883059583604,0.0,3.4924596548080444e-10,0.013858883059583604,0,1.3082157510058146e-09,2.6020852139652106e-18,0,0,12,2,13,13,0,1,1,1,0.0,0.0,0.0,1,0.016964474110864103,0.0100350325810723,0.006929441529791802,0.006929441529791802,inf,inf,0,0,-0.004073607646567716,8.673617379884035e-19,1.661538450534526,0.011513533542479868,8.673617379884035e-19,inf,0,0,0,4,3,0,0,0.029999999329447746
3002,10,1,3,10,c19d377714654bffca1b66e342072d25227add13a90b58eb01e45cd5da8d5040,0bc601d8605a9532d518cc9ec06d7054f26c5dc8b8d4b9e7a46288d2e669208a,0.018264105543494225,0.029999999329447746,-0.008042498491704464,-0.008042498491704464,-0.01349999944550487,0.018264105543494225,0.029999999329447746,1,3,0.9076923131942749,0.2094469155167731,13,1.661538461366525,0.005223681063405092,0.004267292574582588,0.011735893785953522,0.0054575009538004055,0.011735893785953522,0.0054575009538004055,0.005192304030060768,0.005195495672523975,0.005192304030060768,0,0.018264105543494225,0.029999999329447746,0.0,0.020105960546061397,0,9.413389356199842e-10,0.0,10,11,12,11,1,1,1,0,1,0,0.014999999897554517,0.01499999943189323,0.01499999943189323,0,0.01262997486628592,0.002576994593255222,0.010052980273030698,0.010052980273030698,0.6701987102516749,0.8419983563087258,0,0,-0.008042497550365528,-0.01349999944550487,1.6615384522538923,0.01670341328339034,0.01349999944550487,1.2372899236638206,1,0,0,1,1,1,1,0.011999998241662979
3002,10,1,4,10,c19d377714654bffca1b66e342072d25227add13a90b58eb01e45cd5da8d5040,0bc601d8605a9532d518cc9ec06d7054f26c5dc8b8d4b9e7a46288d2e669208a,0.016110919415950775,0.018000001087784767,0.0006109166424721479,0.0006109166424721479,1.2895235226850765e-10,0.016110919415950775,0.018000001087784767,1,3,0.9076921939849854,0.20944694064039504,13,1.661538353333106,0.004162025294435257,0.0032645116295643467,0.001889081671833992,0.0006109165135197957,0.001889081671833992,0.0006109165135197957,0.0029565368313342333,0.005225454922765493,0.0029565368313342333,0,0.01611091918312013,0.018000001087784767,2.3283064365386963e-10,0.01611091918312013,0,2.3594872063104066e-10,5.204170427930421e-18,10,11,12,0,1,1,1,0,0,0,0.008999999612569809,0.009000001475214958,0.008999999612569809,0,0.021619246108457446,0.01356378651689738,0.008055459591560066,0.008055459591560066,0.8950511042588762,2.4021385599020495,0,0,0.0006109168784208686,1.2895235747267808e-10,1.6615384505345263,0.0133844558481042,1.2895235747267808e-10,103793805.0177954,1,0,0,2,2,0,0,0.011999998241662979
3002,10,1,5,10,c19d377714654bffca1b66e342072d25227add13a90b58eb01e45cd5da8d5040,0bc601d8605a9532d518cc9ec06d7054f26c5dc8b8d4b9e7a46288d2e669208a,0.011421194300055504,0.0,-0.004303012043237686,-0.004303012043237686,3.469446951953614e-18,0.011421194300055504,0.0,0,1,0.007692307233810425,0.20944694064039504,13,1.661538353333106,0.003575777042709259,0.0030058633767553336,0.011421194300055504,-0.00430301204323769,0.011421194300055504,0.00430301204323769,0.0050682369619607925,0.004816120490431786,0.0050682369619607925,0,0.011421194532886147,0.0,2.3283064365386963e-10,0.011421194532886147,0,3.852244148672135e-10,0.0,0,0,12,9,13,13,0,1,1,1,0.0,0.0,0.0,1,0.015180221060290933,0.009469623793847859,0.005710597266443074,0.005710597266443074,inf,inf,0,0,-0.004303012428462101,3.469446951953614e-18,1.6615384505345263,0.009488376933712525,3.469446951953614e-18,inf,0,0,0,5,5,0,0,0.029999999329447746
3002,10,2,0,10,c19d377714654bffca1b66e342072d25227add13a90b58eb01e45cd5da8d5040,0bc601d8605a9532d518cc9ec06d7054f26c5dc8b8d4b9e7a46288d2e669208a,0.026244275271892548,0.035999998450279236,-0.000373748509446159,-0.000373748509446159,-0.008307692066981235,0.026244275271892548,0.035999998450279236,1,4,0.9076921939849854,0.20944694064039504,13,1.661538353333106,0.016682770353191646,0.013976015755011199,0.009755723178386688,0.007933943557535076,0.009755723178386688,0.007933943557535076,0.005259078461676836,0.013193001970648766,0.005259078461676836,0,0.02624427480623126,0.035999998450279236,4.656612873077393e-10,0.05624427413567901,0,5.564274696383265e-10,0.0,1,11,7,2,4,1,0,0,0,0,0.0,0.0059999991208314896,0.0,1,0.03482723608613014,0.006705099018290639,0.028122137067839503,0.028122137067839503,inf,inf,0,0,-0.00037374795301868937,-0.008307692066981235,1.6615384505345263,0.04672601204941761,0.008307692066981235,5.624427539283656,1,0,0,1,2,1,0,0.012000000104308128
3002,10,2,1,10,c19d377714654bffca1b66e342072d25227add13a90b58eb01e45cd5da8d5040,0bc601d8605a9532d518cc9ec06d7054f26c5dc8b8d4b9e7a46288d2e669208a,0.02551156096160412,0.0,-0.0019954286981374025,-0.0019954286981374025,3.469446951953614e-18,0.02551156096160412,0.0,0,1,0.9076921939849854,0.20944694064039504,13,1.661538353333106,0.006672680835451737,0.0050593603006460755,0.02551156096160412,-0.001995428698137406,0.02551156096160412,0.001995428698137406,0.0054427385330200195,0.012201589532196522,0.0054427385330200195,0,0.02551156065237592,0.0,3.092281986027956e-10,0.02551156065237592,0,2.5531269806644552e-12,2.6020852139652106e-18,0,0,7,2,13,13,0,1,1,1,0.0,0.0,0.0,1,0.040460485965013504,0.027704705638825544,0.01275578032618796,0.01275578032618796,inf,inf,0,0,-0.0019954286955842756,8.673617379884035e-19,1.6615384505345263,0.021194219478533137,8.673617379884035e-19,inf,0,0,0,3,4,0,0,0.035999998450279236
3002,10,2,3,10,c19d377714654bffca1b66e342072d25227add13a90b58eb01e45cd5da8d5040,0bc601d8605a9532d518cc9ec06d7054f26c5dc8b8d4b9e7a46288d2e669208a,0.022277355194091797,0.0,-0.0011531893396750093,-0.0011531893396750093,0.0,0.022277355194091797,0.0,0,1,0.9076923131942749,0.2094469155167731,13,1.661538461366525,0.005716549154283703,0.004548158659186412,0.022277355194091797,-0.0011531893396750093,0.022277355194091797,0.0011531893396750093,0.0063130962662398815,0.012335351668298244,0.0063130962662398815,0,0.022277355776168406,0.0,5.820766091346741e-10,0.022277355776168406,0,2.81363203569196e-10,1.734723475976807e-18,0,0,7,9,13,13,0,1,1,1,0.0,0.0,0.0,1,0.03922524303197861,0.028086565143894404,0.011138677888084203,0.011138677888084203,inf,inf,0,0,-0.0011531890583118057,1.734723475976807e-18,1.6615384522538923,0.01850734161832208,1.734723475976807e-18,inf,0,0,0,4,5,0,0,0.035999998450279236
3002,10,2,4,10,c19d377714654bffca1b66e342072d25227add13a90b58eb01e45cd5da8d5040,0bc601d8605a9532d518cc9ec06d7054f26c5dc8b8d4b9e7a46288d2e669208a,0.026273444294929504,0.0,0.0024629132822155952,0.0024629132822155952,1.734723475976807e-18,0.026273444294929504,0.0,0,1,0.9076921939849854,0.20944694064039504,13,1.661538353333106,0.007245773061942346,0.0058339225629774425,0.026273444294929504,0.0024629132822155935,0.026273444294929504,0.0024629132822155935,0.004986566491425037,0.012215214781463146,0.004986566491425037,0,0.026273444294929504,0.0,0.0,0.026273444294929504,0,6.123315023434661e-10,0.0,0,0,7,2,13,13,0,1,1,1,0.0,0.0,0.0,1,0.03945584408938885,0.026319121941924095,0.013136722147464752,0.013136722147464752,inf,inf,0,0,0.0024629138945470976,1.734723475976807e-18,1.6615384505345263,0.02182716896200118,1.734723475976807e-18,inf,0,0,0,5,1,0,1,0.035999998450279236
3002,10,2,5,10,c19d377714654bffca1b66e342072d25227add13a90b58eb01e45cd5da8d5040,0bc601d8605a9532d518cc9ec06d7054f26c5dc8b8d4b9e7a46288d2e669208a,0.025977127254009247,0.023999998345971107,-0.003308073850348592,-0.003308073850348592,-1.289523487990607e-10,0.025977127254009247,0.023999998345971107,1,3,0.007692307233810425,0.20944694064039504,13,1.661538353333106,0.006692979669604442,0.005425972015370983,0.0019771289080381393,-0.003308073721396243,0.0019771289080381393,0.003308073721396243,0.006302890833467245,0.01013326644897461,0.006302890833467245,0,0.025977127254009247,0.023999998345971107,0.0,0.025977127254009247,0,9.175770213087908e-11,5.204170427930421e-18,10,11,7,2,1,1,1,0,0,0,0.012000000104308128,0.011999998241662979,0.011999998241662979,0,0.04836711846292019,0.035378554835915565,0.012988563627004623,0.012988563627004623,1.0823804608495216,4.03059379583854,0,0,-0.0033080737585908897,-1.2895235400323113e-10,1.6615384505345263,0.021580997883482368,1.2895235400323113e-10,167356370.1128063,1,0,0,2,3,0,0,0.012000000104308128
3002,11,0,1,11,333640a44f36202688306bdb79431c6f5b3310520c85583ca9a8db482054f3b1,0bc601d8605a9532d518cc9ec06d7054f26c5dc8b8d4b9e7a46288d2e669208a,0.039730168879032135,0.0,0.008816026151180267,0.008816026151180267,0.0,0.039730168879032135,0.0,0,1,0.9076921939849854,0.20944694064039504,13,1.661538353333106,0.010729807099799045,0.008734866422904138,0.039730168879032135,0.008816026151180267,0.039730168879032135,0.008816026151180267,0.0074129472486674786,0.0171938668936491,0.0074129472486674786,0,0.03973017004318535,0.0,1.1641532182693481e-09,0.03973017004318535,0,8.195633408036862e-10,0.0,0,0,3,8,13,13,0,1,1,1,0.0,0.0,0.0,1,0.1251085177063942,-0.10524343268480152,0.019865085021592677,0.019865085021592677,inf,inf,0,0,0.008816025331616927,0.0,1.6615384505345263,0.03300660258651372,0.0,inf,0,0,0,3,1,0,1,0.04800000041723251
3002,11,0,2,11,333640a44f36202688306bdb79431c6f5b3310520c85583ca9a8db482054f3b1,0bc601d8605a9532d518cc9ec06d7054f26c5dc8b8d4b9e7a46288d2e669208a,0.03365721553564072,0.04800000041723251,-0.00047401399933733046,-0.00047401399933733046,0.018692308311278973,0.03365721553564072,0.04800000041723251,1,4,0.9076921939849854,0.20944694064039504,13,1.661538353333106,0.01359767195667443,0.010851125899680267,0.014342784881591797,-0.019166322310616303,0.014342784881591797,0.019166322310616303,0.0049478779546916485,0.01782943680882454,0.0049478779546916485,0,0.03365721553564072,0.04800000041723251,0.0,0.042059484869241714,0,3.641108033136664e-09,1.0408340855860843e-17,1,11,3,7,4,1,0,1,0,0,0.0,0.017999999225139618,0.0,1,0.11459782347083092,-0.09356808103621006,0.021029742434620857,0.021029742434620857,inf,inf,0,0,-0.0004740176404453636,0.018692308311278983,1.6615384505345263,0.034941725659960114,0.018692308311278983,1.8693103643532454,0,0,0,1,4,1,0,0.023999996483325958
3002,11,0,3,11,333640a44f36202688306bdb79431c6f5b3310520c85583ca9a8db482054f3b1,0bc601d8605a9532d518cc9ec06d7054f26c5dc8b8d4b9e7a46288d2e669208a,0.030595771968364716,0.0,0.0009876351105049253,0.0009876351105049253,0.0,0.030595771968364716,0.0,0,1,0.9076923131942749,0.2094469155167731,13,1.661538461366525,0.008056497998157237,0.006544972224348396,0.030595771968364716,0.0009876351105049253,0.030595771968364716,0.0009876351105049253,0.007970185950398445,0.014917772263288498,0.007970185950398445,0,0.030595771968364716,0.0,0.0,0.030595771968364716,0,3.3314150119090336e-09,6.938893903907228e-18,0,0,3,7,13,13,0,1,1,1,0.0,0.0,0.0,1,0.12407799065113068,-0.10878010466694832,0.015297885984182358,0.015297885984182358,inf,inf,0,0,0.0009876317790899133,-6.938893903907228e-18,1.6615384522538923,0.025418025800914866,6.938893903907228e-18,inf,0,0,0,4,5,0,0,0.04800000041723251
3002,11,0,4,11,333640a44f36202688306bdb79431c6f5b3310520c85583ca9a8db482054f3b1,0bc601d8605a9532d518cc9ec06d7054f26c5dc8b8d4b9e7a46288d2e669208a,0.03736354038119316,0.0,0.0016227931482717395,0.0016227931482717395,0.0,0.03736354038119316,0.0,0,1,0.9076921939849854,0.20944694064039504,13,1.661538353333106,0.01058480837724428,0.008902093004325085,0.03736354038119316,0.0016227931482717395,0.03736354038119316,0.0016227931482717395,0.003797267097979784,0.015134798362851143,0.003797267097979784,0,0.0373635389842093,0.0,1.3969838619232178e-09,0.0373635389842093,0,1.4166862127851232e-09,0.0,0,0,3,4,13,13,0,1,1,1,0.0,0.0,0.0,1,0.12811822816729546,-0.1094364586751908,0.01868176949210465,0.01868176949210465,inf,inf,0,0,0.0016227917315855267,0.0,1.6615384505345263,0.031040478335154744,0.0,inf,0,0,0,5,2,0,0,0.04800000041723251
3002,11,0,5,11,333640a44f36202688306bdb79431c6f5b3310520c85583ca9a8db482054f3b1,0bc601d8605a9532d518cc9ec06d7054f26c5dc8b8d4b9e7a46288d2e669208a,0.034465912729501724,0.024000003933906555,0.007211669813841581,0.007211669813841581,0.0,0.034465912729501724,0.024000003933906555,1,3,0.9076921939849854,0.20944694064039504,13,1.661538353333106,0.00819483909015001,0.006307929230732678,0.010465908795595169,0.007211669813841581,0.010465908795595169,0.007211669813841581,0.007487040013074875,0.017699148505926132,0.007487040013074875,0,0.03446591226384044,0.024000003933906555,4.656612873077393e-10,0.03096150793135166,0,3.7479772115739385e-09,6.938893903907228e-18,10,11,10,12,1,1,1,1,0,0,0.012000001966953278,0.012000001966953278,0.012000001966953278,0,0.1231340654194355,-0.10765331145375967,0.01548075396567583,0.01548075396567583,1.2900626190152444,10.26117043634939,0,0,0.00721166606586437,6.938893903907228e-18,1.6615384505345263,0.025721867957235245,6.938893903907228e-18,inf,0,0,0,2,3,0,0,0.023999996483325958
3002,11,1,0,11,333640a44f36202688306bdb79431c6f5b3310520c85583ca9a8db482054f3b1,0bc601d8605a9532d518cc9ec06d7054f26c5dc8b8d4b9e7a46288d2e669208a,0.01275167427957058,0.0,-0.0026997190434485674,-0.0026997190434485674,3.469446951953614e-18,0.01275167427957058,0.0,0,1,0.9076921939849854,0.20944694064039504,13,1.661538353333106,0.0036106711564666493,0.003027557119859394,0.01275167427957058,-0.002699719043448571,0.01275167427957058,0.002699719043448571,0.005299098789691925,0.0038173578213900328,0.005299098789691925,0,0.012751673813909292,0.0,4.656612873077393e-10,0.012751673813909292,0,5.408529778552773e-10,3.469446951953614e-18,0,0,12,2,13,13,0,1,1,1,0.0,0.0,0.0,1,0.015620718244463205,0.00924488133750856,0.006375836906954646,0.006375836906954646,inf,inf,0,0,-0.0026997185025955895,0.0,1.6615384505345263,0.010593698175242269,0.0,inf,0,0,0,3,4,0,0,0.029999999329447746
3002,11,1,2,11,333640a44f36202688306bdb79431c6f5b3310520c85583ca9a8db482054f3b1,0bc601d8605a9532d518cc9ec06d7054f26c5dc8b8d4b9e7a46288d2e669208a,0.013436539098620415,0.0,-0.0056199245154857635,-0.0056199245154857635,0.0,0.013436539098620415,0.0,0,1,0.9076921939849854,0.20944694064039504,13,1.661538353333106,0.003583700808690727,0.002863104614985765,0.013436539098620415,-0.0056199245154857635,0.013436539098620415,0.0056199245154857635,0.0060825287364423275,0.004831863567233086,0.0060825287364423275,0,0.013436539564281702,0.0,4.656612873077393e-10,0.013436539564281702,0,6.307698460772393e-11,3.469446951953614e-18,0,0,12,2,13,13,0,1,1,1,0.0,0.0,0.0,1,0.013657911214977503,0.006939641432836652,0.006718269782140851,0.006718269782140851,inf,inf,0,0,-0.005619924578562748,3.469446951953614e-18,1.6615384505345263,0.011162663564091239,3.469446951953614e-18,inf,0,0,0,4,3,0,0,0.029999999329447746
3002,11,1,3,11,333640a44f36202688306bdb79431c6f5b3310520c85583ca9a8db482054f3b1,0bc601d8605a9532d518cc9ec06d7054f26c5dc8b8d4b9e7a46288d2e669208a,0.019763873890042305,0.029999999329447746,-0.009071092121303082,-0.009071092121303082,-0.01349999944550487,0.019763873890042305,0.029999999329447746,1,3,0.9076923131942749,0.2094469155167731,13,1.661538461366525,0.005157835402983506,0.004184443875596192,0.010236125439405441,0.004428907324201788,0.010236125439405441,0.004428907324201788,0.005963439587503672,0.006004751194268465,0.005963439587503672,0,0.019763873890042305,0.029999999329447746,0.0,0.02015267824754119,0,5.844081503447729e-10,0.0,10,11,12,11,1,1,1,0,1,0,0.014999999897554517,0.01499999943189323,0.01499999943189323,0,0.011883741477504373,0.001807402353733778,0.010076339123770595,0.010076339123770595,0.6717559670266472,0.7922494618391104,0,0,-0.009071091536894931,-0.01349999944550487,1.6615384522538923,0.016742224912095136,0.01349999944550487,1.2401648592415193,1,0,0,1,1,1,1,0.011999998241662979
3002,11,1,4,11,333640a44f36202688306bdb79431c6f5b3310520c85583ca9a8db482054f3b1,0bc601d8605a9532d518cc9ec06d7054f26c5dc8b8d4b9e7a46288d2e669208a,0.01594567485153675,0.018000001087784767,-0.0016012798296287656,-0.0016012798296287656,1.289523557379546e-10,0.01594567485153675,0.018000001087784767,1,3,0.9076921939849854,0.20944694064039504,13,1.661538353333106,0.004145318403641229,0.0033368714451348994,0.0020543262362480164,-0.0016012799585811213,0.0020543262362480164,0.0016012799585811213,0.0029545649886131287,0.004914149641990662,0.0029545649886131287,0,0.015945675084367394,0.018000001087784767,2.3283064365386963e-10,0.015500755282118917,0,3.92371253543633e-10,0.0,10,11,12,11,1,1,1,0,1,0,0.008999999612569809,0.009000001475214958,0.008999999612569809,0,0.02044503134675324,0.012694653705693781,0.007750377641059458,0.007750377641059458,0.8611531082995746,2.271670247429653,0,0,-0.0016012802220000191,1.289523557379546e-10,1.6615384505345263,0.01287755045678337,1.289523557379546e-10,99862855.41732925,0,0,0,2,2,0,0,0.011999998241662979
3002,11,1,5,11,333640a44f36202688306bdb79431c6f5b3310520c85583ca9a8db482054f3b1,0bc601d8605a9532d518cc9ec06d7054f26c5dc8b8d4b9e7a46288d2e669208a,0.012542457319796085,0.0,-0.005034717731177807,-0.005034717731177807,3.469446951953614e-18,0.012542457319796085,0.0,0,1,0.9076921939849854,0.20944694064039504,13,1.661538353333106,0.003761399862150957,0.0032099302329078937,0.012542457319796085,-0.00503471773117781,0.012542457319796085,0.00503471773117781,0.004214758984744549,0.005611690226942301,0.004214758984744549,0,0.012542457319796085,0.0,0.0,0.012542457319796085,0,1.0054392422798042e-09,0.0,0,0,12,2,13,13,0,1,1,1,0.0,0.0,0.0,1,0.016429003328084946,0.010157774668186903,0.006271228659898043,0.006271228659898043,inf,inf,0,0,-0.005034718736617049,3.469446951953614e-18,1.6615384505345263,0.010419887550514708,3.469446951953614e-18,inf,0,0,0,5,5,0,0,0.029999999329447746
3002,11,2,0,11,333640a44f36202688306bdb79431c6f5b3310520c85583ca9a8db482054f3b1,0bc601d8605a9532d518cc9ec06d7054f26c5dc8b8d4b9e7a46288d2e669208a,0.020896712318062782,0.035999998450279236,-0.001358778215944767,-0.001358778215944767,0.0020769230167453087,0.020896712318062782,0.035999998450279236,1,4,0.9076921939849854,0.20944694064039504,13,1.661538353333106,0.007480623894582747,0.005590375778733715,0.015103286132216454,-0.0034357012326900757,0.015103286132216454,0.0034357012326900757,0.004663360305130482,0.009175443090498447,0.004663360305130482,0,0.020896712318062782,0.035999998450279236,0.0,0.02813633857294917,0,2.9130598736167024e-10,4.336808689942018e-19,10,2,1,11,1,1,1,0,0,0,0.005999999586492777,0.023999998811632395,0.005999999586492777,0,0.01586791966110468,0.0017997503746300936,0.014068169286474586,0.014068169286474586,2.344695042670487,2.6446534591146644,0,0,-0.0013587779246387796,0.002076923016745309,1.6615384505345263,0.023374804198106395,0.002076923016745309,11.254535680738147,0,0,0,1,2,1,0,0.011999998241662979
3002,11,2,1,11,333640a44f36202688306bdb79431c6f5b3310520c85583ca9a8db482054f3b1,0bc601d8605a9532d518cc9ec06d7054f26c5dc8b8d4b9e7a46288d2e669208a,0.02064600959420204,0.0,-0.007943970151245594,-0.007943970151245594,4.336808689942018e-19,0.02064600959420204,0.0,0,1,0.9076921939849854,0.20944694064039504,13,1.661538353333106,0.005495187185967115,0.0044697774505275765,0.02064600959420204,-0.007943970151245594,0.02064600959420204,0.007943970151245594,0.002876410959288478,0.015063981525599957,0.002876410959288478,0,0.020646008662879467,0.0,9.313225746154785e-10,0.020646008662879467,0,7.499840332103602e-11,4.336808689942018e-19,0,0,10,0,13,13,0,1,1,1,0.0,0.0,0.0,1,0.012019585352391005,-0.001696581020951271,0.010323004331439734,0.010323004331439734,inf,inf,0,0,-0.00794397007624719,0.0,1.6615384505345263,0.01715206862172158,0.0,inf,0,0,0,3,3,0,0,0.035999998450279236
3002,11,2,3,11,333640a44f36202688306bdb79431c6f5b3310520c85583ca9a8db482054f3b1,0bc601d8605a9532d518cc9ec06d7054f26c5dc8b8d4b9e7a46288d2e669208a,0.012681178748607635,0.0,-0.00225617503747344,-0.00225617503747344,0.0,0.012681178748607635,0.0,0,1,0.9076923131942749,0.2094469155167731,13,1.661538461366525,0.0032787185076148966,0.002528004487769777,0.012681178748607635,-0.00225617503747344,0.012681178748607635,0.00225617503747344,0.00627516582608223,0.008595144376158714,0.00627516582608223,0,0.012681178748607635,0.0,0.0,0.012681178748607635,0,3.7998724913140824e-10,6.505213034913027e-19,0,0,1,9,13,13,0,1,1,1,0.0,0.0,0.0,1,0.009626352693885565,-0.003285763319581747,0.006340589374303818,0.006340589374303818,inf,inf,0,0,-0.002256174657486191,-6.505213034913027e-19,1.6615384522538923,0.010535133055358241,6.505213034913027e-19,inf,0,0,0,4,5,0,0,0.035999998450279236
3002,11,2,4,11,333640a44f36202688306bdb79431c6f5b3310520c85583ca9a8db482054f3b1,0bc601d8605a9532d518cc9ec06d7054f26c5dc8b8d4b9e7a46288d2e669208a,0.015175844542682171,0.0,0.0028473890852183104,0.0028473890852183104,4.336808689942018e-19,0.015175844542682171,0.0,0,1,0.9076921939849854,0.20944694064039504,13,1.661538353333106,0.004648490743674927,0.00412117962700662,0.015175844542682171,0.00284738908521831,0.015175844542682171,0.00284738908521831,0.0066278837621212006,0.009454683400690556,0.0066278837621212006,0,0.015175844542682171,0.0,0.0,0.015175844542682171,0,6.535448900807372e-10,4.336808689942018e-19,0,0,1,0,13,13,0,1,1,1,0.0,0.0,0.0,1,0.01172257075086236,-0.004134648479521275,0.0075879222713410854,0.0075879222713410854,inf,inf,0,0,0.0028473884316734203,0.0,1.6615384505345263,0.012607624613500491,0.0,inf,0,0,0,5,4,0,0,0.035999998450279236
3002,11,2,5,11,333640a44f36202688306bdb79431c6f5b3310520c85583ca9a8db482054f3b1,0bc601d8605a9532d518cc9ec06d7054f26c5dc8b8d4b9e7a46288d2e669208a,0.02589615061879158,0.024000000208616257,-0.009729859419167042,-0.009729859419167042,-6.447617743529643e-11,0.02589615061879158,0.024000000208616257,1,3,0.9076921939849854,0.20944694064039504,13,1.661538353333106,0.00534859343697708,0.004011760400360197,0.0018961504101753235,-0.009729859354690864,0.0018961504101753235,0.009729859354690864,0.00458522466942668,0.013474191538989544,0.00458522466942668,0,0.025896151550114155,0.024000000208616257,9.313225746154785e-10,0.022718610242009163,0,1.3356040735185148e-09,5.421010862427522e-19,10,11,10,0,1,1,1,1,0,0,0.012000000569969416,0.011999999638646841,0.011999999638646841,0,0.013605526182800531,-0.00224622106179595,0.011359305121004581,0.011359305121004581,0.9466087885887214,1.1337938827083778,0,0,-0.009729858083562968,-6.447617797739752e-11,1.6615384505345263,0.018873922229902862,6.447617797739752e-11,292727063.26543146,1,0,0,2,1,0,1,0.011999998241662979
3002,12,0,1,12,470b04125216c2fe2703410126fdbc7e5a29495370db3e196deac359e5ddf741,0bc601d8605a9532d518cc9ec06d7054f26c5dc8b8d4b9e7a46288d2e669208a,0.04038107395172119,0.0,0.010943356901407242,0.010943356901407242,0.0,0.04038107395172119,0.0,0,1,0.9076921939849854,0.20944694064039504,13,1.661538353333106,0.012379332117213638,0.010958840263202874,0.04038107395172119,0.010943356901407242,0.04038107395172119,0.010943356901407242,0.007937279529869556,0.02007516659796238,0.007937279529869556,0,0.04038107208907604,0.0,1.862645149230957e-09,0.04038107208907604,0,8.334243364882532e-11,0.0,0,0,3,8,13,13,0,1,1,1,0.0,0.0,0.0,1,0.1210915632545948,-0.10090102721005678,0.02019053604453802,0.02019053604453802,inf,inf,0,0,0.010943356984749675,0.0,1.6615384505345263,0.03354735197490321,0.0,inf,0,0,0,3,2,0,0,0.04800000041723251
3002,12,0,2,12,470b04125216c2fe2703410126fdbc7e5a29495370db3e196deac359e5ddf741,0bc601d8605a9532d518cc9ec06d7054f26c5dc8b8d4b9e7a46288d2e669208a,0.03347218781709671,0.04800000041723251,0.004914456512778997,0.004914456512778997,0.004569229682592255,0.03347218781709671,0.04800000041723251,1,5,0.9076921939849854,0.20944694064039504,13,1.6615383533331063,0.011966540542116951,0.009551405934231169,0.014527812600135803,0.00034522683018674283,0.014527812600135803,0.00034522683018674283,0.00635890057310462,0.013246508315205574,0.00635890057310462,0,0.03347218595445156,0.04800000041723251,1.862645149230957e-09,0.04397151432931423,0,1.2898326295918139e-09,6.938893903907228e-18,10,1,0,12,1,1,1,0,0,0,0.015000000596046448,0.012000001966953278,0.012000001966953278,0,0.11845080927014351,-0.09646505210548639,0.021985757164657116,0.021985757164657116,1.83214613007594,9.870899154545505,0,0,0.004914455222946368,0.004569229682592248,1.661538450534526,0.03653018089319274,0.004569229682592248,7.99482263550126,1,0,0,1,4,1,0,0.023999996483325958
3002,12,0,3,12,470b04125216c2fe2703410126fdbc7e5a29495370db3e196deac359e5ddf741,0bc601d8605a9532d518cc9ec06d7054f26c5dc8b8d4b9e7a46288d2e669208a,0.03265109285712242,0.0,0.00691925548017025,0.00691925548017025,0.0,0.03265109285712242,0.0,0,1,0.007692308165132999,0.2094469155167731,13,1.661538461366525,0.010385594479015626,0.009235859165221629,0.03265109285712242,0.00691925548017025,0.03265109285712242,0.00691925548017025,0.0054758950136601925,0.016798343509435654,0.0054758950136601925,0,0.03265109402127564,0.0,1.1641532182693481e-09,0.03265109402127564,0,5.598467861175904e-10,6.938893903907228e-18,0,0,3,7,13,13,0,1,1,1,0.0,0.0,0.0,1,0.1177593357861042,-0.10143378877546638,0.01632554701063782,0.01632554701063782,inf,inf,0,0,0.006919254920323464,-6.938893903907228e-18,1.6615384522538923,0.027125524112253323,6.938893903907228e-18,inf,0,0,0,4,5,0,0,0.04800000041723251
3002,12,0,4,12,470b04125216c2fe2703410126fdbc7e5a29495370db3e196deac359e5ddf741,0bc601d8605a9532d518cc9ec06d7054f26c5dc8b8d4b9e7a46288d2e669208a,0.03675784543156624,0.0,0.00497419061139226,0.00497419061139226,0.0,0.03675784543156624,0.0,0,1,0.9076921939849854,0.20944694064039504,13,1.661538353333106,0.013009473662948337,0.011743205709702517,0.03675784543156624,0.00497419061139226,0.03675784543156624,0.00497419061139226,0.005798218306154013,0.01755739375948906,0.005798218306154013,0,0.036757847061380744,0.0,1.6298145055770874e-09,0.036757847061380744,0,2.2072227604669203e-09,0.0,0,0,3,4,13,13,0,1,1,1,0.0,0.0,0.0,1,0.1229243278503418,-0.10454540431965142,0.018378923530690372,0.018378923530690372,inf,inf,0,0,0.004974188404169499,0.0,1.6615384505345263,0.030537288125675827,0.0,inf,0,0,0,5,3,0,0,0.04800000041723251
3002,12,0,5,12,470b04125216c2fe2703410126fdbc7e5a29495370db3e196deac359e5ddf741,0bc601d8605a9532d518cc9ec06d7054f26c5dc8b8d4b9e7a46288d2e669208a,0.041909318417310715,0.024000003933906555,0.010402187705039978,0.010402187705039978,0.0,0.041909318417310715,0.024000003933906555,1,3,0.9076921939849854,0.20944694064039504,13,1.661538353333106,0.00998335945573089,0.008108469341074244,0.01790931448340416,0.010402187705039978,0.01790931448340416,0.010402187705039978,0.010042616166174412,0.022820135578513145,0.010042616166174412,0,0.041909319028491154,0.024000003933906555,6.111804395914078e-10,0.036091404501348734,0,1.905790414369335e-09,6.938893903907228e-18,10,11,10,12,1,1,1,1,0,0,0.012000001966953278,0.012000001966953278,0.012000001966953278,0,0.12520140036940575,-0.10715569811873138,0.018045702250674367,0.018045702250674367,1.503808274396146,10.433448320608365,0,0,0.010402185799249564,6.938893903907228e-18,1.6615384505345263,0.0299836281563929,6.938893903907228e-18,inf,0,0,0,2,1,0,1,0.023999996483325958
3002,12,1,0,12,470b04125216c2fe2703410126fdbc7e5a29495370db3e196deac359e5ddf741,0bc601d8605a9532d518cc9ec06d7054f26c5dc8b8d4b9e7a46288d2e669208a,0.0100858798250556,0.0,-0.003428398398682475,-0.003428398398682475,0.0,0.0100858798250556,0.0,0,1,0.9076921939849854,0.20944694064039504,13,1.661538353333106,0.003010491378981512,0.0025129028562919276,0.0100858798250556,-0.003428398398682475,0.0100858798250556,0.003428398398682475,0.006011330522596836,0.008617016486823559,0.006011330522596836,0,0.0100858798250556,0.0,0.0,0.0100858798250556,0,2.28670956302357e-10,4.336808689942018e-19,0,0,11,1,13,13,0,1,1,1,0.0,0.0,0.0,1,0.008358347928151488,-0.0033154080156236887,0.0050429399125278,0.0050429399125278,inf,inf,0,0,-0.003428398170011519,-4.336808689942018e-19,1.6615384505345263,0.00837903856840016,4.336808689942018e-19,inf,0,0,0,3,3,0,0,0.029999999329447746
3002,12,1,2,12,470b04125216c2fe2703410126fdbc7e5a29495370db3e196deac359e5ddf741,0bc601d8605a9532d518cc9ec06d7054f26c5dc8b8d4b9e7a46288d2e669208a,0.00796122569590807,0.0,-0.002125404542312026,-0.002125404542312026,0.0,0.00796122569590807,0.0,0,1,0.9076921939849854,0.20944694064039504,13,1.6615383533331063,0.0025984154657414404,0.002187143372008081,0.00796122569590807,-0.002125404542312026,0.00796122569590807,0.002125404542312026,0.0030015052761882544,0.010179220698773861,0.0030015052761882544,0,0.007961225463077426,0.0,2.3283064365386963e-10,0.007961225463077426,0,3.369609686762476e-10,0.0,0,0,4,1,13,13,0,1,1,1,0.0,0.0,0.0,1,0.008547270437702537,-0.004566657706163824,0.003980612731538713,0.003980612731538713,inf,inf,0,0,-0.0021254048792729947,0.0,1.661538450534526,0.006613941110138841,0.0,inf,0,0,0,4,5,0,0,0.029999999329447746
3002,12,1,3,12,470b04125216c2fe2703410126fdbc7e5a29495370db3e196deac359e5ddf741,0bc601d8605a9532d518cc9ec06d7054f26c5dc8b8d4b9e7a46288d2e669208a,0.01726486161351204,0.029999999329447746,-0.00835924968123436,-0.00835924968123436,-0.01349999944550487,0.01726486161351204,0.029999999329447746,1,3,0.007692308165132999,0.2094469155167731,13,1.661538461366525,0.005055579079508192,0.004197830265679276,0.012735137715935707,0.00514074976427051,0.012735137715935707,0.00514074976427051,0.007141310255974531,0.006790446117520332,0.007141310255974531,0,0.017264861147850752,0.029999999329447746,4.656612873077393e-10,0.018115194281563163,0,1.2774412777583066e-10,0.0,10,11,12,11,1,1,1,0,1,0,0.014999999897554517,0.01499999943189323,0.01499999943189323,0,0.00993019063025713,-0.0008725934894755483,0.009057597140781581,0.009057597140781581,0.6038398322551386,0.6620127337567364,0,0,-0.008359249808978488,-0.01349999944550487,1.6615384522538923,0.015049545934433509,0.01349999944550487,1.1147812261166126,1,0,0,1,1,1,1,0.012000000104308128
3002,12,1,4,12,470b04125216c2fe2703410126fdbc7e5a29495370db3e196deac359e5ddf741,0bc601d8605a9532d518cc9ec06d7054f26c5dc8b8d4b9e7a46288d2e669208a,0.013898208737373352,0.017999999225139618,-0.0007408538949675858,-0.0007408538949675858,-3.223808936816952e-11,0.013898208737373352,0.017999999225139618,1,3,0.9076921939849854,0.20944694064039504,13,1.661538353333106,0.003839099393530696,0.0029779712703304926,0.004101790487766266,-0.0007408538627294964,0.004101790487766266,0.0007408538627294964,0.004377587232738733,0.007236664183437824,0.004377587232738733,0,0.013898208737373352,0.017999999225139618,0.0,0.013898208737373352,0,4.848785262190347e-11,4.336808689942018e-19,10,11,12,0,1,1,1,0,0,0,0.008999999845400453,0.008999999379739165,0.008999999379739165,0,0.0069491618778556585,-5.75091689825058e-08,0.006949104368686676,0.006949104368686676,0.7721227608449094,0.7721291507530145,0,0,-0.0007408539434554384,-3.223808893448865e-11,1.6615384505345263,0.011546204105350368,3.223808893448865e-11,358154111.70350474,1,0,0,2,2,0,0,0.012000000104308128
3002,12,1,5,12,470b04125216c2fe2703410126fdbc7e5a29495370db3e196deac359e5ddf741,0bc601d8605a9532d518cc9ec06d7054f26c5dc8b8d4b9e7a46288d2e669208a,0.008875829167664051,0.0,-0.004667649045586586,-0.004667649045586586,0.0,0.008875829167664051,0.0,0,1,0.9076921939849854,0.20944694064039504,13,1.661538353333106,0.0029248537486105224,0.002438694048540656,0.008875829167664051,-0.004667649045586586,0.008875829167664051,0.004667649045586586,0.003314339555799961,0.004354843869805336,0.003314339555799961,0,0.008875829167664051,0.0,0.0,0.008875829167664051,0,5.234389787930893e-10,4.336808689942018e-19,0,0,12,0,13,13,0,1,1,1,0.0,0.0,0.0,1,0.008194533875212073,-0.003756619291380048,0.0044379145838320255,0.0044379145838320255,inf,inf,0,0,-0.004667648522147607,-4.336808689942018e-19,1.6615384505345263,0.007373765721224841,4.336808689942018e-19,inf,0,0,0,5,4,0,0,0.029999999329447746
3002,12,2,0,12,470b04125216c2fe2703410126fdbc7e5a29495370db3e196deac359e5ddf741,0bc601d8605a9532d518cc9ec06d7054f26c5dc8b8d4b9e7a46288d2e669208a,0.034452058374881744,0.03599999891594052,0.002955530071631074,0.002955530071631074,0.0020769230489833986,0.034452058374881744,0.03599999891594052,1,4,0.9076921939849854,0.20944694064039504,13,1.661538353333106,0.009945263047113432,0.007885741361984487,0.0015479405410587788,0.0008786070226476754,0.0015479405410587788,0.0008786070226476754,0.006495323497802019,0.007984111085534096,0.006495323497802019,0,0.034452059771865606,0.03599999891594052,1.3969838619232178e-09,0.038673448376357555,0,5.678759164295943e-10,0.0,10,2,7,9,1,1,1,0,0,0,0.0059999991208314896,0.024000000674277544,0.0059999991208314896,0,0.022431503515690565,0.0030947793275117874,0.019336724188178778,0.019336724188178778,3.2227878369253933,3.7385844670893835,0,0,0.0029555306395069904,0.0020769230489833986,1.6615384505345263,0.03212871074604006,0.0020769230489833986,15.469379456194227,1,0,0,1,2,1,0,0.011999998707324266
3002,12,2,1,12,470b04125216c2fe2703410126fdbc7e5a29495370db3e196deac359e5ddf741,0bc601d8605a9532d518cc9ec06d7054f26c5dc8b8d4b9e7a46288d2e669208a,0.03170083463191986,0.0,-0.002469839761033654,-0.002469839761033654,0.0,0.03170083463191986,0.0,0,1,0.9076921939849854,0.20944694064039504,13,1.661538353333106,0.00797347562182939,0.006278402089367252,0.03170083463191986,-0.002469839761033654,0.03170083463191986,0.002469839761033654,0.005194393917918205,0.012275147251784801,0.005194393917918205,0,0.031700833700597286,0.0,9.313225746154785e-10,0.031700833700597286,0,2.7207745622453983e-09,1.734723475976807e-18,0,0,7,9,13,13,0,1,1,1,0.0,0.0,0.0,1,0.01893560402095318,0.0030851871706545353,0.015850416850298643,0.015850416850298643,inf,inf,0,0,-0.002469837040259092,1.734723475976807e-18,1.6615384505345263,0.026336077053771556,1.734723475976807e-18,inf,0,0,0,3,5,0,0,0.03599999891594052
3002,12,2,3,12,470b04125216c2fe2703410126fdbc7e5a29495370db3e196deac359e5ddf741,0bc601d8605a9532d518cc9ec06d7054f26c5dc8b8d4b9e7a46288d2e669208a,0.03357623144984245,0.0,0.0028807148337364197,0.0028807148337364197,0.0,0.03357623144984245,0.0,0,1,0.007692308165132999,0.2094469155167731,13,1.661538461366525,0.008724599701685598,0.006854854766610106,0.03357623144984245,0.0028807148337364197,0.03357623144984245,0.0028807148337364197,0.004761082585901022,0.013559523038566113,0.004761082585901022,0,0.03357623144984245,0.0,0.0,0.03357623144984245,0,1.880337274773325e-10,1.734723475976807e-18,0,0,8,9,13,13,0,1,1,1,0.0,0.0,0.0,1,0.01886470429599285,0.0020765885710716248,0.016788115724921227,0.016788115724921227,inf,inf,0,0,0.002880714645702692,-1.734723475976807e-18,1.6615384522538923,0.027894099817844846,1.734723475976807e-18,inf,0,0,0,4,4,0,0,0.03599999891594052
3002,12,2,4,12,470b04125216c2fe2703410126fdbc7e5a29495370db3e196deac359e5ddf741,0bc601d8605a9532d518cc9ec06d7054f26c5dc8b8d4b9e7a46288d2e669208a,0.034030113369226456,0.0,0.003584953024983406,0.003584953024983406,0.0,0.034030113369226456,0.0,0,1,0.9076921939849854,0.20944694064039504,13,1.661538353333106,0.008914865749566644,0.006989668856358387,0.034030113369226456,0.003584953024983406,0.034030113369226456,0.003584953024983406,0.00897345319390297,0.00970803014934063,0.00897345319390297,0,0.03403011476621032,0.0,1.3969838619232178e-09,0.03403011476621032,0,4.1967837156875465e-09,1.734723475976807e-18,0,0,8,9,13,13,0,1,1,1,0.0,0.0,0.0,1,0.01830499805510044,0.0012899406719952822,0.01701505738310516,0.01701505738310516,inf,inf,0,0,0.0035849488281996904,1.734723475976807e-18,1.6615384505345263,0.0282711720800806,1.734723475976807e-18,inf,0,0,0,5,3,0,0,0.03599999891594052
3002,12,2,5,12,470b04125216c2fe2703410126fdbc7e5a29495370db3e196deac359e5ddf741,0bc601d8605a9532d518cc9ec06d7054f26c5dc8b8d4b9e7a46288d2e669208a,0.0372832790017128,0.024000000208616257,-0.00254714023321867,-0.00254714023321867,0.0,0.0372832790017128,0.024000000208616257,1,3,0.9076921939849854,0.20944694064039504,13,1.661538353333106,0.009583768420720293,0.007427943131980106,0.013283278793096542,-0.00254714023321867,0.013283278793096542,0.00254714023321867,0.0049744294956326485,0.01229789201170206,0.0049744294956326485,0,0.0372832790017128,0.024000000208616257,0.0,0.0372832790017128,0,4.5595625712546717e-10,1.734723475976807e-18,10,11,7,9,1,1,1,0,0,0,0.012000000104308128,0.012000000104308128,0.012000000104308128,0,0.02193397469818592,0.003292335197329521,0.0186416395008564,0.0186416395008564,1.5534699449014047,1.827831208960689,0,0,-0.002547140689174927,1.734723475976807e-18,1.6615384505345263,0.030973800811676163,1.734723475976807e-18,inf,0,0,0,2,1,0,1,0.011999998707324266
3002,13,0,1,13,238e9a599fa10f808020dc0136f2e63dad318e91a233f2768a5566207b79d67d,0bc601d8605a9532d518cc9ec06d7054f26c5dc8b8d4b9e7a46288d2e669208a,0.02004239894449711,0.0,0.0007324667531065643,0.0007324667531065643,0.0,0.02004239894449711,0.0,0,1,0.9076921939849854,0.20944694064039504,13,1.661538353333106,0.005098804445980244,0.003920614282015405,0.02004239894449711,0.0007324667531065643,0.02004239894449711,0.0007324667531065643,0.006451468449085951,0.011285153217613697,0.006451468449085951,0,0.02004239894449711,0.0,0.0,0.02004239894449711,0,1.3720340282744742e-10,2.168404344971009e-19,0,0,3,8,13,13,0,1,1,1,0.0,0.0,0.0,1,0.012642615241929889,0.0026214157696813345,0.010021199472248554,0.010021199472248554,inf,inf,0,0,0.0007324666159031615,-2.168404344971009e-19,1.6615384505345263,0.016650608243617276,2.168404344971009e-19,inf,0,0,0,3,2,0,0,0.047999996691942215
3002,13,0,2,13,238e9a599fa10f808020dc0136f2e63dad318e91a233f2768a5566207b79d67d,0bc601d8605a9532d518cc9ec06d7054f26c5dc8b8d4b9e7a46288d2e669208a,0.019204242154955864,0.047999996691942215,0.004714526701718569,0.004714526701718569,-0.0004153848580299637,0.019204242154955864,0.047999996691942215,1,5,0.9076921939849854,0.20944694064039504,13,1.6615383533331063,0.011406445527490452,0.008461746958927555,0.02879575453698635,0.005129911559748532,0.02879575453698635,0.005129911559748532,0.004836658015847206,0.014406930655241013,0.004836658015847206,0,0.01920424262061715,0.047999996691942215,4.656612873077393e-10,0.045432304264977574,0,4.2390091350291703e-10,2.168404344971009e-19,10,1,3,7,1,1,1,0,0,0,0.01799999945797026,0.011999998241662979,0.011999998241662979,0,0.03002170193940401,0.007305549806915224,0.022716152132488787,0.022716152132488787,1.8930129550869623,2.501808861535596,0,0,0.004714526277817655,-0.0004153848580299639,1.661538450534526,0.03774376021632199,0.0004153848580299639,90.86455484999729,0,0,0,1,4,1,0,0.023999996483325958
3002,13,0,3,13,238e9a599fa10f808020dc0136f2e63dad318e91a233f2768a5566207b79d67d,0bc601d8605a9532d518cc9ec06d7054f26c5dc8b8d4b9e7a46288d2e669208a,0.015099670737981796,0.0,0.0016802108148112893,0.0016802108148112893,0.0,0.015099670737981796,0.0,0,1,0.9076923131942749,0.2094469155167731,13,1.661538461366525,0.003683762043030535,0.002662931231729488,0.015099670737981796,0.0016802108148112893,0.015099670737981796,0.0016802108148112893,0.00321937445551157,0.007483670487999916,0.00321937445551157,0,0.015099671203643084,0.0,4.656612873077393e-10,0.015099671203643084,0,1.2747043654989798e-11,4.336808689942018e-19,0,0,3,7,13,13,0,1,1,1,0.0,0.0,0.0,1,0.012315713567659259,0.004765877965837717,0.007549835601821542,0.007549835601821542,inf,inf,0,0,0.0016802108020642457,4.336808689942018e-19,1.6615384522538923,0.012544342160621898,4.336808689942018e-19,inf,0,0,0,4,5,0,0,0.047999996691942215
3002,13,0,4,13,238e9a599fa10f808020dc0136f2e63dad318e91a233f2768a5566207b79d67d,0bc601d8605a9532d518cc9ec06d7054f26c5dc8b8d4b9e7a46288d2e669208a,0.020986517891287804,0.0,0.0059532723389565945,0.0059532723389565945,0.0,0.020986517891287804,0.0,0,1,0.9076921939849854,0.20944694064039504,13,1.661538353333106,0.005969990148619984,0.004758789595412835,0.020986517891287804,0.0059532723389565945,0.020986517891287804,0.0059532723389565945,0.007309792563319206,0.009394852444529533,0.007309792563319206,0,0.020986517891287804,0.0,0.0,0.020986517891287804,0,5.327928610451838e-10,1.0842021724855044e-19,0,0,3,4,13,13,0,1,1,1,0.0,0.0,0.0,1,0.012282584561035037,0.0017893256153911352,0.010493258945643902,0.010493258945643902,inf,inf,0,0,0.005953271806163733,-1.0842021724855044e-19,1.6615384505345263,0.017434953209602727,1.0842021724855044e-19,inf,0,0,0,5,1,0,1,0.047999996691942215
3002,13,0,5,13,238e9a599fa10f808020dc0136f2e63dad318e91a233f2768a5566207b79d67d,0bc601d8605a9532d518cc9ec06d7054f26c5dc8b8d4b9e7a46288d2e669208a,0.01921074092388153,0.024000000208616257,-0.00046937805018387735,-0.00046937805018387735,3.223808893448865e-11,0.01921074092388153,0.024000000208616257,1,3,0.9076921939849854,0.20944694064039504,13,1.661538353333106,0.005054895490075208,0.0038765629931882062,0.004789259284734726,-0.0004693780824219663,0.004789259284734726,0.0004693780824219663,0.006058183498680592,0.01403904240578413,0.006058183498680592,0,0.019210739992558956,0.024000000208616257,9.313225746154785e-10,0.019210739992558956,0,5.370753119581656e-10,0.0,10,11,3,7,1,1,1,0,0,0,0.011999999871477485,0.012000000337138772,0.011999999871477485,0,0.01254108059220016,0.002935710595920682,0.009605369996279478,0.009605369996279478,0.8004475082629171,1.045090060543147,0,0,-0.0004693785872591893,3.223808893448865e-11,1.6615384505345263,0.015959691580429033,3.223808893448865e-11,495056999.5901706,0,0,0,2,3,0,0,0.023999996483325958
3002,13,1,0,13,238e9a599fa10f808020dc0136f2e63dad318e91a233f2768a5566207b79d67d,0bc601d8605a9532d518cc9ec06d7054f26c5dc8b8d4b9e7a46288d2e669208a,0.01216483861207962,0.0,0.0004799503367394209,0.0004799503367394209,0.0,0.01216483861207962,0.0,0,1,0.007692307233810425,0.20944694064039504,13,1.661538353333106,0.0036755125987323173,0.0029693853837498545,0.01216483861207962,0.0004799503367394209,0.01216483861207962,0.0004799503367394209,0.003451467491686344,0.004498534370213747,0.003451467491686344,0,0.01216483861207962,0.0,0.0,0.01216483861207962,0,7.912207573151919e-10,2.6020852139652106e-18,0,0,12,2,13,13,0,1,1,1,0.0,0.0,0.0,1,0.014480488374829292,0.008398069068789482,0.00608241930603981,0.00608241930603981,inf,inf,0,0,0.0004799495455186636,2.6020852139652106e-18,1.6615384505345263,0.010106173549258675,2.6020852139652106e-18,inf,0,0,0,3,4,0,0,0.029999999329447746
3002,13,1,2,13,238e9a599fa10f808020dc0136f2e63dad318e91a233f2768a5566207b79d67d,0bc601d8605a9532d518cc9ec06d7054f26c5dc8b8d4b9e7a46288d2e669208a,0.013169115409255028,0.0,-0.0043247900903224945,-0.0043247900903224945,3.469446951953614e-18,0.013169115409255028,0.0,0,1,0.9076921939849854,0.20944694064039504,13,1.6615383533331063,0.003797317683552969,0.003046063673214094,0.013169115409255028,-0.004324790090322498,0.013169115409255028,0.004324790090322498,0.003587313462048769,0.004271810408681631,0.003587313462048769,0,0.013169115874916315,0.0,4.656612873077393e-10,0.013169115874916315,0,4.296999735198259e-11,2.6020852139652106e-18,0,0,12,2,13,13,0,1,1,1,0.0,0.0,0.0,1,0.011825932655483484,0.005241374718025327,0.0065845579374581575,0.0065845579374581575,inf,inf,0,0,-0.004324790047352497,8.673617379884035e-19,1.661538450534526,0.010940496192859042,8.673617379884035e-19,inf,0,0,0,4,3,0,0,0.029999999329447746
3002,13,1,3,13,238e9a599fa10f808020dc0136f2e63dad318e91a233f2768a5566207b79d67d,0bc601d8605a9532d518cc9ec06d7054f26c5dc8b8d4b9e7a46288d2e669208a,0.01821097545325756,0.029999999329447746,-0.009173458442091942,-0.009173458442091942,-0.01349999944550487,0.01821097545325756,0.029999999329447746,1,3,0.9076923131942749,0.2094469155167731,13,1.661538461366525,0.004980232630330924,0.004159845100418174,0.011789023876190186,0.004326541003412928,0.011789023876190186,0.004326541003412928,0.006030385382473469,0.0037191228475421667,0.006030385382473469,0,0.018210974987596273,0.029999999329447746,4.656612873077393e-10,0.0186735998140648,0,5.56337732826595e-10,0.0,10,11,12,11,1,1,1,0,1,0,0.014999999897554517,0.01499999943189323,0.01499999943189323,0,0.010454023606143892,-0.0011172236991114914,0.0093367999070324,0.0093367999070324,0.6224533507101575,0.6969349334718231,0,0,-0.009173458998429675,-0.01349999944550487,1.6615384522538923,0.0155134520665349,0.01349999944550487,1.1491446447207414,1,0,0,1,1,1,1,0.011999998241662979
3002,13,1,4,13,238e9a599fa10f808020dc0136f2e63dad318e91a233f2768a5566207b79d67d,0bc601d8605a9532d518cc9ec06d7054f26c5dc8b8d4b9e7a46288d2e669208a,0.014581386931240559,0.018000001087784767,0.0010507788974791765,0.0010507788974791765,1.2895235226850765e-10,0.014581386931240559,0.018000001087784767,1,3,0.9076921939849854,0.20944694064039504,13,1.661538353333106,0.003964144829554003,0.003236602611575254,0.0034186141565442085,0.0010507787685268243,0.0034186141565442085,0.0010507787685268243,0.0019531268626451492,0.005552144721150398,0.0019531268626451492,0,0.014581386698409915,0.018000001087784767,2.3283064365386963e-10,0.01344581856392324,0,5.693345859862642e-10,5.204170427930421e-18,10,11,12,11,1,1,1,0,1,0,0.008999999612569809,0.009000001475214958,0.008999999612569809,0,0.015834863064810634,0.009111953782849014,0.00672290928196162,0.00672290928196162,0.746989952374231,1.7594293051629628,0,0,0.0010507783281445905,1.2895235747267808e-10,1.6615384505345263,0.011170372271434695,1.2895235747267808e-10,86624025.26298466,1,0,0,2,2,0,0,0.011999998241662979
3002,13,1,5,13,238e9a599fa10f808020dc0136f2e63dad318e91a233f2768a5566207b79d67d,0bc601d8605a9532d518cc9ec06d7054f26c5dc8b8d4b9e7a46288d2e669208a,0.010865775868296623,0.0,-0.004853532183915377,-0.004853532183915377,3.469446951953614e-18,0.010865775868296623,0.0,0,1,0.9076921939849854,0.20944694064039504,13,1.661538353333106,0.003601995622298879,0.0031681159489165395,0.010865775868296623,-0.00485353218391538,0.010865775868296623,0.00485353218391538,0.0038487473502755165,0.0055916872806847095,0.0038487473502755165,0,0.010865775868296623,0.0,0.0,0.010865775868296623,0,7.592916833470964e-10,0.0,0,0,12,9,13,13,0,1,1,1,0.0,0.0,0.0,1,0.01226896047592163,0.006836072541773319,0.005432887934148312,0.005432887934148312,inf,inf,0,0,-0.004853531424623693,3.469446951953614e-18,1.6615384505345263,0.00902695220003251,3.469446951953614e-18,inf,0,0,0,5,5,0,0,0.029999999329447746
3002,13,2,0,13,238e9a599fa10f808020dc0136f2e63dad318e91a233f2768a5566207b79d67d,0bc601d8605a9532d518cc9ec06d7054f26c5dc8b8d4b9e7a46288d2e669208a,0.033770039677619934,0.036000000312924385,0.002618342638015747,0.002618342638015747,0.0020769229522691335,0.033770039677619934,0.036000000312924385,1,4,0.007692307233810425,0.20944694064039504,13,1.661538353333106,0.008425897061920559,0.0060885154294985306,0.002229960635304451,0.0005414196857466136,0.002229960635304451,0.0005414196857466136,0.00325680710375309,0.006314255762845278,0.00325680710375309,0,0.033770041074603796,0.036000000312924385,1.3969838619232178e-09,0.033770041074603796,0,1.0346314048559346e-09,1.734723475976807e-18,10,2,8,9,1,1,1,0,0,0,0.006000000983476639,0.023999999277293682,0.006000000983476639,0,0.018275469541549683,0.0013904490042477846,0.016885020537301898,0.016885020537301898,2.8141696282719684,3.045911090994547,0,0,0.002618341603384342,0.0020769229522691317,1.6615384505345263,0.02805511086079225,0.0020769229522691317,13.508017151113275,1,0,0,1,1,1,1,0.012000000104308128
3002,13,2,1,13,238e9a599fa10f808020dc0136f2e63dad318e91a233f2768a5566207b79d67d,0bc601d8605a9532d518cc9ec06d7054f26c5dc8b8d4b9e7a46288d2e669208a,0.0295347161591053,0.0,-0.0006475892732851207,-0.0006475892732851207,-3.469446951953614e-18,0.0295347161591053,0.0,0,1,0.9076921939849854,0.20944694064039504,13,1.661538353333106,0.007751969708913245,0.005827822204480863,0.0295347161591053,-0.0006475892732851173,0.0295347161591053,0.0006475892732851173,0.006326546426862478,0.011472872458398342,0.006326546426862478,0,0.029534715693444014,0.0,4.656612873077393e-10,0.029534715693444014,0,5.267441482992297e-10,8.673617379884035e-19,0,0,7,9,13,13,0,1,1,1,0.0,0.0,0.0,1,0.019788268022239208,0.005020910175517201,0.014767357846722007,0.014767357846722007,inf,inf,0,0,-0.000647589800029269,-2.6020852139652106e-18,1.6615384505345263,0.024536532875131363,2.6020852139652106e-18,inf,0,0,0,3,4,0,0,0.036000000312924385
3002,13,2,3,13,238e9a599fa10f808020dc0136f2e63dad318e91a233f2768a5566207b79d67d,0bc601d8605a9532d518cc9ec06d7054f26c5dc8b8d4b9e7a46288d2e669208a,0.029722554609179497,0.0,0.003199516562744975,0.003199516562744975,0.0,0.029722554609179497,0.0,0,1,0.9076923131942749,0.2094469155167731,13,1.661538461366525,0.008018393097311633,0.006530340832586472,0.029722554609179497,0.003199516562744975,0.029722554609179497,0.003199516562744975,0.0032545276917517185,0.011388232000172138,0.0032545276917517185,0,0.029722555074840784,0.0,4.656612873077393e-10,0.029722555074840784,0,4.4778258705135965e-10,2.6020852139652106e-18,0,0,7,9,13,13,0,1,1,1,0.0,0.0,0.0,1,0.019818603061139584,0.0049573255237191916,0.014861277537420392,0.014861277537420392,inf,inf,0,0,0.003199517010527562,-2.6020852139652106e-18,1.6615384522538923,0.024692584078041015,2.6020852139652106e-18,inf,0,0,0,4,3,0,0,0.036000000312924385
3002,13,2,4,13,238e9a599fa10f808020dc0136f2e63dad318e91a233f2768a5566207b79d67d,0bc601d8605a9532d518cc9ec06d7054f26c5dc8b8d4b9e7a46288d2e669208a,0.03116360306739807,0.0,0.005427738185971975,0.005427738185971975,-1.734723475976807e-18,0.03116360306739807,0.0,0,1,0.9076921939849854,0.20944694064039504,13,1.661538353333106,0.008853767028951439,0.0071076727995770216,0.03116360306739807,0.005427738185971977,0.03116360306739807,0.005427738185971977,0.003308821003884077,0.007580188103020191,0.003308821003884077,0,0.03116360231069848,0.0,7.566995918750763e-10,0.03116360231069848,0,9.074653563312385e-10,1.734723475976807e-18,0,0,7,9,13,13,0,1,1,1,0.0,0.0,0.0,1,0.018037929199635983,0.002456128044286743,0.01558180115534924,0.01558180115534924,inf,inf,0,0,0.005427739093437332,0.0,1.6615384505345263,0.02588976174819607,0.0,inf,0,0,0,5,2,0,0,0.036000000312924385
3002,13,2,5,13,238e9a599fa10f808020dc0136f2e63dad318e91a233f2768a5566207b79d67d,0bc601d8605a9532d518cc9ec06d7054f26c5dc8b8d4b9e7a46288d2e669208a,0.02710621990263462,0.024000000208616257,-0.002128500724211335,-0.002128500724211335,-1.2895235920740156e-10,0.02710621990263462,0.024000000208616257,1,3,0.9076921939849854,0.20944694064039504,13,1.661538353333106,0.008097715471429665,0.006529026681325845,0.003106219694018364,-0.002128500595258976,0.003106219694018364,0.002128500595258976,0.0073233358561992645,0.008364503271877766,0.0073233358561992645,0,0.027106219436973333,0.024000000208616257,4.656612873077393e-10,0.027106219436973333,0,1.1818317227629827e-09,1.734723475976807e-18,10,11,7,9,1,1,1,0,0,0,0.012000001035630703,0.011999999172985554,0.011999999172985554,0,0.01847227942198515,0.004919169703498483,0.013553109718486667,0.013553109718486667,1.129425887711516,1.5393567245879498,0,0,-0.0021284995423796124,-1.2895235747267808e-10,1.6615384505345263,0.022519012921578766,1.2895235747267808e-10,174630486.50622773,1,0,0,2,5,0,0,0.012000000104308128
3002,14,0,1,14,d1fc37297c26f9341bb06f54bf729f45d6e0c7b41a3a0809ba3b69844da9adfd,0bc601d8605a9532d518cc9ec06d7054f26c5dc8b8d4b9e7a46288d2e669208a,0.01806366816163063,0.0,0.0026320696342736483,0.0026320696342736483,0.0,0.01806366816163063,0.0,0,1,0.9076921939849854,0.20944694064039504,13,1.661538353333106,0.0051908824607124196,0.00393071263675859,0.01806366816163063,0.0026320696342736483,0.01806366816163063,0.0026320696342736483,0.008666866458952427,0.013308949768543243,0.008666866458952427,0,0.018063669092953205,0.0,9.313225746154785e-10,0.018063669092953205,0,1.977747991419032e-09,3.469446951953614e-18,0,0,3,8,13,13,0,1,1,1,0.0,0.0,0.0,1,0.024767753668129444,-0.01573591912165284,0.009031834546476603,0.009031834546476603,inf,inf,0,0,0.0026320716120216397,3.469446951953614e-18,1.6615384505345263,0.01500674037783694,3.469446951953614e-18,inf,0,0,0,3,4,0,0,0.04800000041723251
3002,14,0,2,14,d1fc37297c26f9341bb06f54bf729f45d6e0c7b41a3a0809ba3b69844da9adfd,0bc601d8605a9532d518cc9ec06d7054f26c5dc8b8d4b9e7a46288d2e669208a,0.01873888447880745,0.04800000041723251,0.00598914222791791,0.00598914222791791,0.0045692309721158085,0.01873888447880745,0.04800000041723251,1,5,0.9076921939849854,0.20944694064039504,13,1.6615383533331063,0.010505941493968728,0.007370469044651506,0.029261115938425064,0.0014199112558021011,0.029261115938425064,0.0014199112558021011,0.004051469266414642,0.006334101315587759,0.004051469266414642,0,0.01873888447880745,0.04800000041723251,0.0,0.041807765141129494,0,2.18240188074037e-10,0.0,10,1,9,12,1,1,1,0,0,0,0.015000000596046448,0.012000000104308128,0.012000000104308128,0,0.024267205968499184,-0.003363323397934437,0.020903882570564747,0.020903882570564747,1.7419901990717508,2.022267146463357,0,0,0.005989142446158098,0.0045692309721158085,1.661538450534526,0.03473260465645184,0.0045692309721158085,7.601411455978271,1,0,0,1,2,1,0,0.023999998345971107
3002,14,0,3,14,d1fc37297c26f9341bb06f54bf729f45d6e0c7b41a3a0809ba3b69844da9adfd,0bc601d8605a9532d518cc9ec06d7054f26c5dc8b8d4b9e7a46288d2e669208a,0.014173305593430996,0.0,0.0037928803358227015,0.0037928803358227015,0.0,0.014173305593430996,0.0,0,1,0.9076923131942749,0.2094469155167731,13,1.661538461366525,0.0037751593668677095,0.0031496371699155433,0.014173305593430996,0.0037928803358227015,0.014173305593430996,0.0037928803358227015,0.004830039106309414,0.007894725538790226,0.004830039106309414,0,0.014173305593430996,0.0,0.0,0.014173305593430996,0,5.047657083978585e-10,5.204170427930421e-18,0,0,0,12,13,13,0,1,1,1,0.0,0.0,0.0,1,0.01877922285348177,-0.011692570056766272,0.007086652796715498,0.007086652796715498,inf,inf,0,0,0.003792879831056993,-5.204170427930421e-18,1.6615384522538923,0.011774746119515386,5.204170427930421e-18,inf,0,0,0,4,5,0,0,0.04800000041723251
3002,14,0,4,14,d1fc37297c26f9341bb06f54bf729f45d6e0c7b41a3a0809ba3b69844da9adfd,0bc601d8605a9532d518cc9ec06d7054f26c5dc8b8d4b9e7a46288d2e669208a,0.01828291267156601,0.0,-0.00016421762120444328,-0.00016421762120444328,0.0,0.01828291267156601,0.0,0,1,0.9076921939849854,0.20944694064039504,13,1.661538353333106,0.00553656286608236,0.0047512916219834035,0.01828291267156601,-0.00016421762120444328,0.01828291267156601,0.00016421762120444328,0.004010987002402544,0.00481491070240736,0.004010987002402544,0,0.018282913602888584,0.0,9.313225746154785e-10,0.018282913602888584,0,1.6320214398651833e-09,3.469446951953614e-18,0,0,3,12,13,13,0,1,1,1,0.0,0.0,0.0,1,0.023887998424470425,-0.014746541623026133,0.009141456801444292,0.009141456801444292,inf,inf,0,0,-0.0001642159891830034,3.469446951953614e-18,1.6615384505345263,0.015188881969500056,3.469446951953614e-18,inf,0,0,0,5,3,0,0,0.04800000041723251
3002,14,0,5,14,d1fc37297c26f9341bb06f54bf729f45d6e0c7b41a3a0809ba3b69844da9adfd,0bc601d8605a9532d518cc9ec06d7054f26c5dc8b8d4b9e7a46288d2e669208a,0.019979123026132584,0.024000002071261406,0.00254828785546124,0.00254828785546124,-1.289523557379546e-10,0.019979123026132584,0.024000002071261406,1,3,0.9076921939849854,0.20944694064039504,13,1.661538353333106,0.004628461891000621,0.003364635135471468,0.004020879045128822,0.0025482879844135956,0.004020879045128822,0.0025482879844135956,0.007513466291129589,0.010537790134549141,0.007513466291129589,0,0.019979123957455158,0.024000002071261406,9.313225746154785e-10,0.019983998499810696,0,1.605773829876922e-09,1.734723475976807e-18,10,11,10,12,1,1,1,1,0,0,0.012000001966953278,0.012000000104308128,0.012000000104308128,0,0.024672689847648144,-0.014680690597742796,0.009991999249905348,0.009991999249905348,0.8326665969209545,2.0560574694320533,0,0,0.0025482894612350697,-1.2895235400323113e-10,1.6615384505345263,0.01660209095142988,1.2895235400323113e-10,128745931.62536517,0,0,0,2,1,0,1,0.023999998345971107
3002,14,1,0,14,d1fc37297c26f9341bb06f54bf729f45d6e0c7b41a3a0809ba3b69844da9adfd,0bc601d8605a9532d518cc9ec06d7054f26c5dc8b8d4b9e7a46288d2e669208a,0.01059520523995161,0.0,0.00045921417768113315,0.00045921417768113315,0.0,0.01059520523995161,0.0,0,1,0.9076921939849854,0.20944694064039504,13,1.661538353333106,0.0032629625703680595,0.0026942956972228,0.01059520523995161,0.00045921417768113315,0.01059520523995161,0.00045921417768113315,0.002451925305649638,0.008654418401420116,0.002451925305649638,0,0.01059520523995161,0.0,0.0,0.01059520523995161,0,9.769001913829956e-10,2.6020852139652106e-18,0,0,11,1,13,13,0,1,1,1,0.0,0.0,0.0,1,0.013079210184514523,0.007781607564538717,0.005297602619975805,0.005297602619975805,inf,inf,0,0,0.00045921320078094177,2.6020852139652106e-18,1.6615384505345263,0.008802170448742246,2.6020852139652106e-18,inf,0,0,0,3,3,0,0,0.029999999329447746
3002,14,1,2,14,d1fc37297c26f9341bb06f54bf729f45d6e0c7b41a3a0809ba3b69844da9adfd,0bc601d8605a9532d518cc9ec06d7054f26c5dc8b8d4b9e7a46288d2e669208a,0.009133918210864067,0.0,-0.002255107508972287,-0.002255107508972287,3.469446951953614e-18,0.009133918210864067,0.0,0,1,0.9076921939849854,0.20944694064039504,13,1.6615383533331063,0.002923677846326276,0.0024657923088976614,0.009133918210864067,-0.0022551075089722906,0.009133918210864067,0.0022551075089722906,0.0036799160297960043,0.008222871460020542,0.0036799160297960043,0,0.009133918210864067,0.0,0.0,0.009133918210864067,0,7.06262896256471e-10,2.6020852139652106e-18,0,0,4,1,13,13,0,1,1,1,0.0,0.0,0.0,1,0.011038234457373619,0.0064712753519415855,0.0045669591054320335,0.0045669591054320335,inf,inf,0,0,-0.002255106802709391,8.673617379884035e-19,1.661538450534526,0.007588178155694086,8.673617379884035e-19,inf,0,0,0,4,5,0,0,0.029999999329447746
3002,14,1,3,14,d1fc37297c26f9341bb06f54bf729f45d6e0c7b41a3a0809ba3b69844da9adfd,0bc601d8605a9532d518cc9ec06d7054f26c5dc8b8d4b9e7a46288d2e669208a,0.017040371894836426,0.029999999329447746,-0.008295928128063679,-0.008295928128063679,-0.01349999944550487,0.017040371894836426,0.029999999329447746,1,3,0.9076923131942749,0.2094469155167731,13,1.661538461366525,0.0049488506991216775,0.00415024339474914,0.01295962743461132,0.005204071317441191,0.01295962743461132,0.005204071317441191,0.0074332477524876595,0.00744056748226285,0.0074332477524876595,0,0.017040371894836426,0.029999999329447746,0.0,0.017561267130076885,0,2.5500918737764167e-10,0.0,10,11,12,11,1,1,1,0,1,0,0.014999999897554517,0.01499999943189323,0.01499999943189323,0,0.009533928474411368,-0.0007532949093729258,0.008780633565038443,0.008780633565038443,0.5853755931729521,0.6355952556998224,0,0,-0.008295927873054491,-0.01349999944550487,1.6615384522538923,0.014589360303462551,0.01349999944550487,1.0806934002001318,1,0,0,1,1,1,1,0.011999998241662979
3002,14,1,4,14,d1fc37297c26f9341bb06f54bf729f45d6e0c7b41a3a0809ba3b69844da9adfd,0bc601d8605a9532d518cc9ec06d7054f26c5dc8b8d4b9e7a46288d2e669208a,0.0137283094227314,0.018000001087784767,-0.0017915681237354875,-0.0017915681237354875,1.289523557379546e-10,0.0137283094227314,0.018000001087784767,1,3,0.9076921939849854,0.20944694064039504,13,1.661538353333106,0.003732899042404407,0.0030300840280795766,0.004271691665053368,-0.0017915682526878432,0.004271691665053368,0.0017915682526878432,0.0034741293638944626,0.006862176116555929,0.0034741293638944626,0,0.013728309306316078,0.018000001087784767,1.1641532182693481e-10,0.013728309306316078,0,6.660302821412389e-10,0.0,10,11,12,0,1,1,1,0,0,0,0.008999999612569809,0.009000001475214958,0.008999999612569809,0,0.01657055679243058,0.00970640213927254,0.006864154653158039,0.006864154653158039,0.7626838831827557,1.8411730561951787,0,0,-0.0017915687897657696,1.289523557379546e-10,1.6615384505345263,0.011405056886637567,1.289523557379546e-10,88443959.17678231,0,0,0,2,2,0,0,0.011999998241662979
3002,14,1,5,14,d1fc37297c26f9341bb06f54bf729f45d6e0c7b41a3a0809ba3b69844da9adfd,0bc601d8605a9532d518cc9ec06d7054f26c5dc8b8d4b9e7a46288d2e669208a,0.010541670024394989,0.0,-0.006029285490512848,-0.006029285490512848,3.469446951953614e-18,0.010541670024394989,0.0,0,1,0.9076921939849854,0.20944694064039504,13,1.661538353333106,0.003348200660989433,0.0028824074656741156,0.010541670024394989,-0.006029285490512851,0.010541670024394989,0.006029285490512851,0.0030522316228598356,0.004051093943417072,0.0030522316228598356,0,0.010541670490056276,0.0,4.656612873077393e-10,0.010541670490056276,0,8.878101717332831e-10,0.0,0,0,7,0,13,13,0,1,1,1,0.0,0.0,0.0,1,0.011579195503145456,0.006308360258117318,0.005270835245028138,0.005270835245028138,inf,inf,0,0,-0.00602928637832302,3.469446951953614e-18,1.6615384505345263,0.008757695426046822,3.469446951953614e-18,inf,0,0,0,5,4,0,0,0.029999999329447746
3002,14,2,0,14,d1fc37297c26f9341bb06f54bf729f45d6e0c7b41a3a0809ba3b69844da9adfd,0bc601d8605a9532d518cc9ec06d7054f26c5dc8b8d4b9e7a46288d2e669208a,0.03422565758228302,0.03599999891594052,0.004362557549029589,0.004362557549029589,0.0020769230489833986,0.03422565758228302,0.03599999891594052,1,4,0.9076921939849854,0.20944694064039504,13,1.661538353333106,0.009868359106796346,0.007239955094416994,0.0017743413336575031,0.00228563450004619,0.0017743413336575031,0.00228563450004619,0.004055016208440065,0.01363000925630331,0.004055016208440065,0,0.0342256564181298,0.03599999891594052,1.1641532182693481e-09,0.039803506108000875,0,1.434830958907396e-09,3.469446951953614e-18,10,2,7,9,1,1,1,0,0,0,0.0059999991208314896,0.024000000674277544,0.0059999991208314896,0,0.020163700450211763,0.0002619473962113261,0.019901753054000437,0.019901753054000437,3.3169593283611047,3.3606172341267686,0,0,0.00436255611419863,0.002076923048983395,1.6615384505345263,0.03306752793226466,0.002076923048983395,15.921402551938762,1,0,0,1,1,1,1,0.011999998707324266
3002,14,2,1,14,d1fc37297c26f9341bb06f54bf729f45d6e0c7b41a3a0809ba3b69844da9adfd,0bc601d8605a9532d518cc9ec06d7054f26c5dc8b8d4b9e7a46288d2e669208a,0.028732188045978546,0.0,-0.0036163886543363333,-0.0036163886543363333,0.0,0.028732188045978546,0.0,0,1,0.9076921939849854,0.20944694064039504,13,1.661538353333106,0.007294560981415801,0.005537846340582921,0.028732188045978546,-0.0036163886543363333,0.028732188045978546,0.0036163886543363333,0.0059214490465819836,0.012056123465299606,0.0059214490465819836,0,0.028732188045978546,0.0,0.0,0.028732188045978546,0,1.885260867556804e-09,1.734723475976807e-18,0,0,7,9,13,13,0,1,1,1,0.0,0.0,0.0,1,0.016689209267497063,-0.0023231152445077896,0.014366094022989273,0.014366094022989273,inf,inf,0,0,-0.003616390539597201,1.734723475976807e-18,1.6615384505345263,0.023869817603190915,1.734723475976807e-18,inf,0,0,0,3,5,0,0,0.03599999891594052
3002,14,2,3,14,d1fc37297c26f9341bb06f54bf729f45d6e0c7b41a3a0809ba3b69844da9adfd,0bc601d8605a9532d518cc9ec06d7054f26c5dc8b8d4b9e7a46288d2e669208a,0.030560344457626343,0.0,0.0018412073841318488,0.0018412073841318488,0.0,0.030560344457626343,0.0,0,1,0.9076923131942749,0.2094469155167731,13,1.661538461366525,0.0077984369127537595,0.005844495215139092,0.030560344457626343,0.0018412073841318488,0.030560344457626343,0.0018412073841318488,0.005669775884598494,0.011575994081795216,0.005669775884598494,0,0.030560343991965055,0.0,4.656612873077393e-10,0.030560343991965055,0,4.965658457339872e-10,1.734723475976807e-18,0,0,7,9,13,13,0,1,1,1,0.0,0.0,0.0,1,0.0166295706294477,-0.0013493986334651709,0.015280171995982528,0.015280171995982528,inf,inf,0,0,0.0018412078806976945,-1.734723475976807e-18,1.6615384522538923,0.025388593328378076,1.734723475976807e-18,inf,0,0,0,4,4,0,0,0.03599999891594052
3002,14,2,4,14,d1fc37297c26f9341bb06f54bf729f45d6e0c7b41a3a0809ba3b69844da9adfd,0bc601d8605a9532d518cc9ec06d7054f26c5dc8b8d4b9e7a46288d2e669208a,0.03136241063475609,0.0,0.004332756623625755,0.004332756623625755,0.0,0.03136241063475609,0.0,0,1,0.9076921939849854,0.20944694064039504,13,1.661538353333106,0.00826325436237934,0.006108959927361392,0.03136241063475609,0.004332756623625755,0.03136241063475609,0.004332756623625755,0.008026067167520523,0.007591393776237965,0.008026067167520523,0,0.03136241133324802,0.0,6.984919309616089e-10,0.03136241133324802,0,4.9614700542433e-10,1.734723475976807e-18,0,0,8,9,13,13,0,1,1,1,0.0,0.0,0.0,1,0.020183874992653728,-0.004502669326029718,0.01568120566662401,0.01568120566662401,inf,inf,0,0,0.00433275612747875,1.734723475976807e-18,1.6615384505345263,0.02605492616583569,1.734723475976807e-18,inf,0,0,0,5,3,0,0,0.03599999891594052
3002,14,2,5,14,d1fc37297c26f9341bb06f54bf729f45d6e0c7b41a3a0809ba3b69844da9adfd,0bc601d8605a9532d518cc9ec06d7054f26c5dc8b8d4b9e7a46288d2e669208a,0.03359077870845795,0.024000000208616257,-0.004437817260622978,-0.004437817260622978,0.0,0.03359077870845795,0.024000000208616257,1,3,0.9076921939849854,0.20944694064039504,13,1.661538353333106,0.008662360709135057,0.006790473528162263,0.00959077849984169,-0.004437817260622978,0.00959077849984169,0.004437817260622978,0.004008526913821697,0.010410014539957047,0.004008526913821697,0,0.033590779872611165,0.024000000208616257,1.1641532182693481e-09,0.033590779872611165,0,1.71472615446977e-09,1.734723475976807e-18,10,11,7,9,1,1,1,0,0,0,0.012000000104308128,0.012000000104308128,0.012000000104308128,0,0.019611331867054105,-0.0028159419307485223,0.016795389936305583,0.016795389936305583,1.399615815859523,1.6342776413821385,0,0,-0.004437815545896824,1.734723475976807e-18,1.6615384505345263,0.027906186170892355,1.734723475976807e-18,inf,0,0,0,2,2,0,0,0.011999998707324266
3002,15,0,1,15,4ef7d1c91e41365829762dff03a419ac84fd18be12e815030b10b25f4b2414ba,0bc601d8605a9532d518cc9ec06d7054f26c5dc8b8d4b9e7a46288d2e669208a,0.04243850335478783,0.0,0.010154652409255505,0.010154652409255505,0.0,0.04243850335478783,0.0,0,1,0.9076921939849854,0.20944694064039504,13,1.661538353333106,0.011816546007036834,0.009707080373904232,0.04243850335478783,0.010154652409255505,0.04243850335478783,0.010154652409255505,0.007364718709141016,0.023158198222517967,0.007364718709141016,0,0.04243850358761847,0.0,2.3283064365386963e-10,0.04243850358761847,0,2.0749681504256268e-09,6.938893903907228e-18,0,0,3,8,13,13,0,1,1,1,0.0,0.0,0.0,1,0.12583037093281746,-0.10461111913900822,0.021219251793809235,0.021219251793809235,inf,inf,0,0,0.010154650334287354,-6.938893903907228e-18,1.6615384505345263,0.03525660274698776,6.938893903907228e-18,inf,0,0,0,3,1,0,1,0.04800000041723251
3002,15,0,2,15,4ef7d1c91e41365829762dff03a419ac84fd18be12e815030b10b25f4b2414ba,0bc601d8605a9532d518cc9ec06d7054f26c5dc8b8d4b9e7a46288d2e669208a,0.032280273735523224,0.04800000041723251,0.006376449018716812,0.006376449018716812,-0.00041538339119692735,0.032280273735523224,0.04800000041723251,1,5,0.9076921939849854,0.20944694064039504,13,1.6615383533331063,0.012660090847561084,0.01043380717554036,0.01571972668170929,0.0067918324099137395,0.01571972668170929,0.0067918324099137395,0.004407568369060755,0.02098933979868889,0.004407568369060755,0,0.0322802746668458,0.04800000041723251,9.313225746154785e-10,0.0463784784078598,0,8.80419868953819e-10,1.3877787807814457e-17,10,1,3,7,1,1,1,0,0,0,0.017999999225139618,0.012000001966953278,0.012000001966953278,0,0.12943323701620102,-0.10624399781227112,0.0231892392039299,0.0231892392039299,1.9324362835765017,10.78610131670364,0,0,0.006376448138296943,-0.0004153833911969135,1.661538450534526,0.038529812575972176,0.0004153833911969135,92.75722956796562,0,0,0,1,5,1,0,0.023999996483325958
3002,15,0,3,15,4ef7d1c91e41365829762dff03a419ac84fd18be12e815030b10b25f4b2414ba,0bc601d8605a9532d518cc9ec06d7054f26c5dc8b8d4b9e7a46288d2e669208a,0.032504528760910034,0.0,0.00101196626201272,0.00101196626201272,-1.3877787807814457e-17,0.032504528760910034,0.0,0,1,0.9076923131942749,0.2094469155167731,13,1.661538461366525,0.008922548661500457,0.007289095159024882,0.032504528760910034,0.001011966262012734,0.032504528760910034,0.001011966262012734,0.008242444135248661,0.019217221066355705,0.008242444135248661,0,0.03250452969223261,0.0,9.313225746154785e-10,0.03250452969223261,0,1.7536756213853977e-09,1.3877787807814457e-17,0,0,3,7,13,13,0,1,1,1,0.0,0.0,0.0,1,0.12394868955016136,-0.10769642470404506,0.016252264846116304,0.016252264846116304,inf,inf,0,0,0.0010119645083370987,-2.7755575615628914e-17,1.6615384522538923,0.027003762978036427,2.7755575615628914e-17,inf,0,0,0,4,4,0,0,0.04800000041723251
3002,15,0,4,15,4ef7d1c91e41365829762dff03a419ac84fd18be12e815030b10b25f4b2414ba,0bc601d8605a9532d518cc9ec06d7054f26c5dc8b8d4b9e7a46288d2e669208a,0.0377822183072567,0.0,0.010457328520715237,0.010457328520715237,0.0,0.0377822183072567,0.0,0,1,0.9076921939849854,0.20944694064039504,13,1.661538353333106,0.011180470268133891,0.009640700971850982,0.0377822183072567,0.010457328520715237,0.0377822183072567,0.010457328520715237,0.008693061769008636,0.020121144130825996,0.008693061769008636,0,0.03778221923857927,0.0,9.313225746154785e-10,0.03778221923857927,0,1.6525045255788573e-09,6.938893903907228e-18,0,0,3,4,13,13,0,1,1,1,0.0,0.0,0.0,1,0.1302410028874874,-0.11134989326819777,0.018891109619289637,0.018891109619289637,inf,inf,0,0,0.010457326868210711,-6.938893903907228e-18,1.6615384505345263,0.03138830500571239,6.938893903907228e-18,inf,0,0,0,5,2,0,0,0.04800000041723251
3002,15,0,5,15,4ef7d1c91e41365829762dff03a419ac84fd18be12e815030b10b25f4b2414ba,0bc601d8605a9532d518cc9ec06d7054f26c5dc8b8d4b9e7a46288d2e669208a,0.036079708486795425,0.024000003933906555,0.009156580083072186,0.009156580083072186,0.0,0.036079708486795425,0.024000003933906555,1,3,0.9076921939849854,0.20944694064039504,13,1.661538353333106,0.009325980188783948,0.00730125143154133,0.01207970455288887,0.009156580083072186,0.01207970455288887,0.009156580083072186,0.007304423023015261,0.022807300090789795,0.007304423023015261,0,0.036079709418118,0.024000003933906555,9.313225746154785e-10,0.03458663448691368,0,2.71849297239779e-09,0.0,10,11,10,12,1,1,1,1,0,0,0.012000001966953278,0.012000001966953278,0.012000001966953278,0,0.1246233582496643,-0.10733004100620747,0.01729331724345684,0.01729331724345684,1.4411095340718099,10.38527815185895,0,0,0.009156577364579213,0.0,1.6615384505345263,0.028733511537295284,0.0,inf,0,0,0,2,3,0,0,0.023999996483325958
3002,15,1,0,15,4ef7d1c91e41365829762dff03a419ac84fd18be12e815030b10b25f4b2414ba,0bc601d8605a9532d518cc9ec06d7054f26c5dc8b8d4b9e7a46288d2e669208a,0.012015443295240402,0.0,-0.0028453844133764505,-0.0028453844133764505,3.469446951953614e-18,0.012015443295240402,0.0,0,1,0.9076921939849854,0.20944694064039504,13,1.661538353333106,0.0036789186480637565,0.00298336343343794,0.012015443295240402,-0.002845384413376454,0.012015443295240402,0.002845384413376454,0.004827782511711121,0.004546500742435455,0.004827782511711121,0,0.012015443295240402,0.0,0.0,0.012015443295240402,0,7.656159248248251e-10,3.469446951953614e-18,0,0,12,9,13,13,0,1,1,1,0.0,0.0,0.0,1,0.01447366178035736,0.00846594013273716,0.006007721647620201,0.006007721647620201,inf,inf,0,0,-0.0028453851789923754,0.0,1.6615384505345263,0.0099820605176296,0.0,inf,0,0,0,3,4,0,0,0.029999999329447746
3002,15,1,2,15,4ef7d1c91e41365829762dff03a419ac84fd18be12e815030b10b25f4b2414ba,0bc601d8605a9532d518cc9ec06d7054f26c5dc8b8d4b9e7a46288d2e669208a,0.013466989621520042,0.0,-0.0037585655227303505,-0.0037585655227303505,3.469446951953614e-18,0.013466989621520042,0.0,0,1,0.9076921939849854,0.20944694064039504,13,1.6615383533331063,0.0037060293693982407,0.002893058792550183,0.013466989621520042,-0.003758565522730354,0.013466989621520042,0.003758565522730354,0.0031842226162552834,0.004792078863829374,0.0031842226162552834,0,0.013466989621520042,0.0,0.0,0.013466989621520042,0,3.6876494739768173e-10,2.6020852139652106e-18,0,0,12,2,13,13,0,1,1,1,0.0,0.0,0.0,1,0.014282315969467163,0.007548821158707142,0.006733494810760021,0.006733494810760021,inf,inf,0,0,-0.003758565153965403,8.673617379884035e-19,1.661538450534526,0.011187960534552477,8.673617379884035e-19,inf,0,0,0,4,3,0,0,0.029999999329447746
3002,15,1,3,15,4ef7d1c91e41365829762dff03a419ac84fd18be12e815030b10b25f4b2414ba,0bc601d8605a9532d518cc9ec06d7054f26c5dc8b8d4b9e7a46288d2e669208a,0.01948513090610504,0.029999999329447746,-0.009542156010866165,-0.009542156010866165,-0.01349999944550487,0.01948513090610504,0.029999999329447746,1,3,0.9076923131942749,0.2094469155167731,13,1.661538461366525,0.0048793715922652295,0.004061894817140019,0.010514868423342705,0.003957843434638704,0.010514868423342705,0.003957843434638704,0.006023064721375704,0.005006072111427784,0.006023064721375704,0,0.019485129974782467,0.029999999329447746,9.313225746154785e-10,0.018448753748089075,0,2.3458309253432397e-10,0.0,10,11,12,11,1,1,1,0,1,0,0.014999999897554517,0.01499999943189323,0.01499999943189323,0,0.01021003839559853,0.0009856615215539932,0.009224376874044538,0.009224376874044538,0.614958481560441,0.6806692521527561,0,0,-0.009542156245449258,-0.01349999944550487,1.6615384522538923,0.015326656874306559,0.01349999944550487,1.1353079632466145,1,0,0,1,1,1,1,0.011999998241662979
3002,15,1,4,15,4ef7d1c91e41365829762dff03a419ac84fd18be12e815030b10b25f4b2414ba,0bc601d8605a9532d518cc9ec06d7054f26c5dc8b8d4b9e7a46288d2e669208a,0.0156260933727026,0.018000001087784767,0.0005740459891967475,0.0005740459891967475,1.2895235226850765e-10,0.0156260933727026,0.018000001087784767,1,3,0.9076921939849854,0.20944694064039504,13,1.661538353333106,0.0038010428241799774,0.0030595584499226755,0.0023739077150821686,0.0005740458602443953,0.0023739077150821686,0.0005740458602443953,0.0024867665488272905,0.00616045156493783,0.0024867665488272905,0,0.015626093991158996,0.018000001087784767,6.184563972055912e-10,0.014149167262075935,0,7.746614764589377e-10,5.204170427930421e-18,10,11,12,11,1,1,1,0,1,0,0.008999999612569809,0.009000001475214958,0.008999999612569809,0,0.01807970894878963,0.011005125317751663,0.007074583631037967,0.007074583631037967,0.7860648817314705,2.008856636342371,0,0,0.0005740452145352711,1.2895235747267808e-10,1.6615384505345263,0.011754692724491747,1.2895235747267808e-10,91155314.68265158,1,0,0,2,2,0,0,0.011999998241662979
3002,15,1,5,15,4ef7d1c91e41365829762dff03a419ac84fd18be12e815030b10b25f4b2414ba,0bc601d8605a9532d518cc9ec06d7054f26c5dc8b8d4b9e7a46288d2e669208a,0.011791729368269444,0.0,-0.0047298818826675415,-0.0047298818826675415,3.469446951953614e-18,0.011791729368269444,0.0,0,1,0.9076921939849854,0.20944694064039504,13,1.661538353333106,0.003650783645454498,0.0031596090749302914,0.011791729368269444,-0.004729881882667545,0.011791729368269444,0.004729881882667545,0.004033504519611597,0.005609399639070034,0.004033504519611597,0,0.0117917291354388,0.0,2.3283064365386963e-10,0.0117917291354388,0,1.7464079314633008e-10,0.0,0,0,12,9,13,13,0,1,1,1,0.0,0.0,0.0,1,0.01479473034851253,0.00889886578079313,0.0058958645677194,0.0058958645677194,inf,inf,0,0,-0.004729882057308335,3.469446951953614e-18,1.6615384505345263,0.009796205678409907,3.469446951953614e-18,inf,0,0,0,5,5,0,0,0.029999999329447746
3002,15,2,0,15,4ef7d1c91e41365829762dff03a419ac84fd18be12e815030b10b25f4b2414ba,0bc601d8605a9532d518cc9ec06d7054f26c5dc8b8d4b9e7a46288d2e669208a,0.030640410259366035,0.036000000312924385,0.002816137159243226,0.002816137159243226,0.00207692295226913,0.030640410259366035,0.036000000312924385,1,4,0.9076921939849854,0.20944694064039504,13,1.661538353333106,0.008456003511602698,0.006688163593720048,0.00535959005355835,0.000739214206974096,0.00535959005355835,0.000739214206974096,0.006825340911746025,0.005499853752553463,0.006825340911746025,0,0.030640409793704748,0.036000000312924385,4.656612873077393e-10,0.030916165094822645,0,1.0774444825917273e-09,0.0,10,2,8,9,1,1,1,0,0,0,0.006000000983476639,0.023999999277293682,0.006000000983476639,0,0.017889322713017464,0.002431240165606141,0.015458082547411323,0.015458082547411323,2.5763466689390935,2.9815532967882414,0,0,0.0028161382366877086,0.00207692295226913,1.6615384505345263,0.025684198524060613,0.00207692295226913,12.366466698246795,1,0,0,1,2,1,0,0.012000001966953278
3002,15,2,1,15,4ef7d1c91e41365829762dff03a419ac84fd18be12e815030b10b25f4b2414ba,0bc601d8605a9532d518cc9ec06d7054f26c5dc8b8d4b9e7a46288d2e669208a,0.028025154024362564,0.0,-0.001399464439600706,-0.001399464439600706,0.0,0.028025154024362564,0.0,0,1,0.9076921939849854,0.20944694064039504,13,1.661538353333106,0.007459869560636633,0.006089355300604945,0.028025154024362564,-0.001399464439600706,0.028025154024362564,0.001399464439600706,0.0048270635306835175,0.01069638878107071,0.0048270635306835175,0,0.02802515309303999,0.0,9.313225746154785e-10,0.02802515309303999,0,1.5095039003487631e-09,1.734723475976807e-18,0,0,7,9,13,13,0,1,1,1,0.0,0.0,0.0,1,0.018409214913845062,0.0043966383673250675,0.014012576546519995,0.014012576546519995,inf,inf,0,0,-0.0013994659491046064,-1.734723475976807e-18,1.6615384505345263,0.023282434723101274,1.734723475976807e-18,inf,0,0,0,3,4,0,0,0.036000000312924385
3002,15,2,3,15,4ef7d1c91e41365829762dff03a419ac84fd18be12e815030b10b25f4b2414ba,0bc601d8605a9532d518cc9ec06d7054f26c5dc8b8d4b9e7a46288d2e669208a,0.02888922393321991,0.0,0.0011010387679561973,0.0011010387679561973,-3.469446951953614e-18,0.02888922393321991,0.0,0,1,0.9076923131942749,0.2094469155167731,13,1.661538461366525,0.007925456701004512,0.006477953259937862,0.02888922393321991,0.0011010387679562007,0.02888922393321991,0.0011010387679562007,0.0044190650805830956,0.012381571345031261,0.0044190650805830956,0,0.028889224864542484,0.0,9.313225746154785e-10,0.028889224864542484,0,3.538394559993163e-10,3.469446951953614e-18,0,0,7,9,13,13,0,1,1,1,0.0,0.0,0.0,1,0.01835118979215622,0.003906577359884977,0.014444612432271242,0.014444612432271242,inf,inf,0,0,0.0011010391217956533,-6.938893903907228e-18,1.6615384522538923,0.02400027898412329,6.938893903907228e-18,inf,0,0,0,4,3,0,0,0.036000000312924385
3002,15,2,4,15,4ef7d1c91e41365829762dff03a419ac84fd18be12e815030b10b25f4b2414ba,0bc601d8605a9532d518cc9ec06d7054f26c5dc8b8d4b9e7a46288d2e669208a,0.03191213309764862,0.0,0.00425890414044261,0.00425890414044261,0.0,0.03191213309764862,0.0,0,1,0.9076921939849854,0.20944694064039504,13,1.661538353333106,0.008637292296467805,0.006953191739567637,0.03191213309764862,0.00425890414044261,0.03191213309764862,0.00425890414044261,0.002851403085514903,0.007460193242877722,0.002851403085514903,0,0.03191213449463248,0.0,1.3969838619232178e-09,0.03191213449463248,0,1.085799462494097e-09,1.734723475976807e-18,0,0,8,9,13,13,0,1,1,1,0.0,0.0,0.0,1,0.01831686869263649,0.0023608014453202486,0.01595606724731624,0.01595606724731624,inf,inf,0,0,0.004258905226242072,-1.734723475976807e-18,1.6615384505345263,0.02651161925073053,1.734723475976807e-18,inf,0,0,0,5,1,0,1,0.036000000312924385
3002,15,2,5,15,4ef7d1c91e41365829762dff03a419ac84fd18be12e815030b10b25f4b2414ba,0bc601d8605a9532d518cc9ec06d7054f26c5dc8b8d4b9e7a46288d2e669208a,0.02690676599740982,0.023999998345971107,-0.0022378668654710054,-0.0022378668654710054,1.289523557379546e-10,0.02690676599740982,0.023999998345971107,1,3,0.9076921939849854,0.20944694064039504,13,1.661538353333106,0.008038420925275543,0.006566963384490041,0.002906767651438713,-0.002237866994423361,0.002906767651438713,0.002237866994423361,0.005929121281951666,0.003172016004100442,0.005929121281951666,0,0.026906766928732395,0.023999998345971107,9.313225746154785e-10,0.026906766928732395,0,3.89093410269048e-11,0.0,10,11,7,9,1,1,1,0,0,0,0.011999998241662979,0.012000000104308128,0.011999998241662979,0,0.017472751438617706,0.004019367974251509,0.013453383464366198,0.013453383464366198,1.1211154529720837,1.4560628332389076,0,0,-0.0022378669043803465,1.289523557379546e-10,1.6615384505345263,0.02235331391582983,1.289523557379546e-10,173345525.85649714,0,0,0,2,5,0,0,0.012000001966953278
3002,16,0,1,16,f46f56f7f571ce58c70266b528bfa7e31b02176294ec6072000f3fe8d2911e77,0bc601d8605a9532d518cc9ec06d7054f26c5dc8b8d4b9e7a46288d2e669208a,0.04373563826084137,0.0,0.009365701116621494,0.009365701116621494,0.0,0.04373563826084137,0.0,0,1,0.9076921939849854,0.20944694064039504,13,1.661538353333106,0.011926044997171852,0.009667003320629251,0.04373563826084137,0.009365701116621494,0.04373563826084137,0.009365701116621494,0.008458398282527924,0.023239243775606155,0.008458398282527924,0,0.043735639890655875,0.0,1.6298145055770874e-09,0.043735639890655875,0,8.889166833170314e-11,0.0,0,0,3,8,13,13,0,1,1,1,0.0,0.0,0.0,1,0.13039880618453026,-0.10853098623920232,0.021867819945327938,0.021867819945327938,inf,inf,0,0,0.009365701027729826,0.0,1.6615384505345263,0.03633422366852819,0.0,inf,0,0,0,3,1,0,1,0.04800000041723251
3002,16,0,2,16,f46f56f7f571ce58c70266b528bfa7e31b02176294ec6072000f3fe8d2911e77,0bc601d8605a9532d518cc9ec06d7054f26c5dc8b8d4b9e7a46288d2e669208a,0.032492075115442276,0.04800000041723251,0.006215356756001711,0.006215356756001711,-0.00041538339119692735,0.032492075115442276,0.04800000041723251,1,5,0.007692307233810425,0.20944694064039504,13,1.6615383533331063,0.012652429631797786,0.010411211041480125,0.015507925301790237,0.006630740147198638,0.015507925301790237,0.006630740147198638,0.004365464206784964,0.021387752145528793,0.004365464206784964,0,0.0324920741841197,0.04800000041723251,9.313225746154785e-10,0.04651804454624653,0,1.7032152702101122e-09,1.3877787807814457e-17,10,1,3,7,1,1,1,0,0,0,0.017999999225139618,0.012000001966953278,0.012000001966953278,0,0.12971020489931107,-0.1064511826261878,0.023259022273123264,0.023259022273123264,1.9382515383894208,10.809181969846264,0,0,0.006215355052786441,-0.0004153833911969135,1.661538450534526,0.03864575982863326,0.0004153833911969135,93.03636266552878,0,0,0,1,4,1,0,0.023999996483325958
3002,16,0,3,16,f46f56f7f571ce58c70266b528bfa7e31b02176294ec6072000f3fe8d2911e77,0bc601d8605a9532d518cc9ec06d7054f26c5dc8b8d4b9e7a46288d2e669208a,0.03182978928089142,0.0,8.379077917197719e-05,8.379077917197719e-05,0.0,0.03182978928089142,0.0,0,1,0.9076923131942749,0.2094469155167731,13,1.661538461366525,0.008885752258033421,0.007179299545799487,0.03182978928089142,8.379077917197719e-05,0.03182978928089142,8.379077917197719e-05,0.009105753153562546,0.018976349383592606,0.009105753153562546,0,0.03182979021221399,0.0,9.313225746154785e-10,0.03182979021221399,0,2.049376675306025e-10,6.938893903907228e-18,0,0,3,7,13,13,0,1,1,1,0.0,0.0,0.0,1,0.12687021121382713,-0.11095531610772014,0.015914895106106997,0.015914895106106997,inf,inf,0,0,8.379098410964472e-05,-6.938893903907228e-18,1.6615384522538923,0.026443210182384064,6.938893903907228e-18,inf,0,0,0,4,5,0,0,0.04800000041723251
3002,16,0,4,16,f46f56f7f571ce58c70266b528bfa7e31b02176294ec6072000f3fe8d2911e77,0bc601d8605a9532d518cc9ec06d7054f26c5dc8b8d4b9e7a46288d2e669208a,0.039102546870708466,0.0,0.011018581688404083,0.011018581688404083,0.0,0.039102546870708466,0.0,0,1,0.9076921939849854,0.20944694064039504,13,1.661538353333106,0.011182057437610724,0.0095230972603757,0.039102546870708466,0.011018581688404083,0.039102546870708466,0.011018581688404083,0.00884713139384985,0.021553099155426025,0.00884713139384985,0,0.03910254593938589,0.0,9.313225746154785e-10,0.03910254593938589,0,2.329639413670148e-09,0.0,0,0,3,4,13,13,0,1,1,1,0.0,0.0,0.0,1,0.1348228119313717,-0.11527153896167874,0.019551272969692945,0.019551272969692945,inf,inf,0,0,0.01101857935876467,0.0,1.6615384505345263,0.03248519179604118,0.0,inf,0,0,0,5,2,0,0,0.04800000041723251
3002,16,0,5,16,f46f56f7f571ce58c70266b528bfa7e31b02176294ec6072000f3fe8d2911e77,0bc601d8605a9532d518cc9ec06d7054f26c5dc8b8d4b9e7a46288d2e669208a,0.036615513265132904,0.024000003933906555,0.008309577591717243,0.008309577591717243,0.0,0.036615513265132904,0.024000003933906555,1,3,0.9076921939849854,0.20944694064039504,13,1.661538353333106,0.009265092315411762,0.007461472651397688,0.012615509331226349,0.008309577591717243,0.012615509331226349,0.008309577591717243,0.008335426449775696,0.02245745249092579,0.008335426449775696,0,0.036615513265132904,0.024000003933906555,0.0,0.034752958454191685,0,3.389889254717948e-10,6.938893903907228e-18,10,11,10,12,1,1,1,1,0,0,0.012000001966953278,0.012000001966953278,0.012000001966953278,0,0.12836649641394615,-0.11099001718685031,0.017376479227095842,0.017376479227095842,1.4480396982391177,10.697206281086766,0,0,0.008309577930706169,6.938893903907228e-18,1.6615384505345263,0.02887168837073421,6.938893903907228e-18,inf,0,0,0,2,3,0,0,0.023999996483325958
3002,16,1,0,16,f46f56f7f571ce58c70266b528bfa7e31b02176294ec6072000f3fe8d2911e77,0bc601d8605a9532d518cc9ec06d7054f26c5dc8b8d4b9e7a46288d2e669208a,0.012989435344934464,0.0,-0.003457464277744293,-0.003457464277744293,3.469446951953614e-18,0.012989435344934464,0.0,0,1,0.9076921939849854,0.20944694064039504,13,1.661538353333106,0.003859374108528742,0.003201399023297447,0.012989435344934464,-0.0034574642777442967,0.012989435344934464,0.0034574642777442967,0.004005914553999901,0.004082086496055126,0.004005914553999901,0,0.012989435577765107,0.0,2.3283064365386963e-10,0.012989435577765107,0,4.3369299471129885e-11,3.469446951953614e-18,0,0,12,9,13,13,0,1,1,1,0.0,0.0,0.0,1,0.014784213388338685,0.008289495599456131,0.006494717788882554,0.006494717788882554,inf,inf,0,0,-0.0034574643211135927,0.0,1.6615384505345263,0.010791223331598944,0.0,inf,0,0,0,3,4,0,0,0.029999999329447746
3002,16,1,2,16,f46f56f7f571ce58c70266b528bfa7e31b02176294ec6072000f3fe8d2911e77,0bc601d8605a9532d518cc9ec06d7054f26c5dc8b8d4b9e7a46288d2e669208a,0.013292583636939526,0.0,-0.0038357253652065992,-0.0038357253652065992,3.469446951953614e-18,0.013292583636939526,0.0,0,1,0.007692307233810425,0.20944694064039504,13,1.6615383533331063,0.0037111792953380147,0.002901065254242286,0.013292583636939526,-0.0038357253652066027,0.013292583636939526,0.0038357253652066027,0.0031641551759094,0.004777290392667055,0.0031641551759094,0,0.01329258386977017,0.0,2.3283064365386963e-10,0.01329258386977017,0,5.215113757506273e-10,2.6020852139652106e-18,0,0,12,2,13,13,0,1,1,1,0.0,0.0,0.0,1,0.014318100409582257,0.007671808474697173,0.006646291934885085,0.006646291934885085,inf,inf,0,0,-0.0038357248436952235,8.673617379884035e-19,1.661538450534526,0.011043069603289081,8.673617379884035e-19,inf,0,0,0,4,3,0,0,0.029999999329447746
3002,16,1,3,16,f46f56f7f571ce58c70266b528bfa7e31b02176294ec6072000f3fe8d2911e77,0bc601d8605a9532d518cc9ec06d7054f26c5dc8b8d4b9e7a46288d2e669208a,0.01947864145040512,0.029999999329447746,-0.009456579573452473,-0.009456579573452473,-0.01349999944550487,0.01947864145040512,0.029999999329447746,1,3,0.9076923131942749,0.2094469155167731,13,1.661538461366525,0.004887974347779767,0.0040466939939527635,0.010521357879042625,0.004043419872052397,0.010521357879042625,0.004043419872052397,0.006672557909041643,0.005735280457884073,0.006672557909041643,0,0.019478641916066408,0.029999999329447746,4.656612873077393e-10,0.019044222310185432,0,9.672237837043962e-11,0.0,10,11,12,11,1,1,1,0,1,0,0.014999999897554517,0.01499999943189323,0.01499999943189323,0,0.010753275593742728,0.001231164438650012,0.009522111155092716,0.009522111155092716,0.6348074343820745,0.7168850667339992,0,0,-0.009456579476730094,-0.01349999944550487,1.6615384522538923,0.015821353830822275,0.01349999944550487,1.171952183752893,1,0,0,1,1,1,1,0.011999998241662979
3002,16,1,4,16,f46f56f7f571ce58c70266b528bfa7e31b02176294ec6072000f3fe8d2911e77,0bc601d8605a9532d518cc9ec06d7054f26c5dc8b8d4b9e7a46288d2e669208a,0.01550090592354536,0.018000001087784767,0.0010104384273290634,0.0010104384273290634,1.2895235226850765e-10,0.01550090592354536,0.018000001087784767,1,3,0.9076921939849854,0.20944694064039504,13,1.661538353333106,0.003931795428085198,0.003284024251018757,0.0024990951642394066,0.0010104382983767111,0.0024990951642394066,0.0010104382983767111,0.0027290356811136007,0.004617809318006039,0.0027290356811136007,0,0.01550090592354536,0.018000001087784767,0.0,0.013539348728954792,0,4.6076041940179557e-10,5.204170427930421e-18,10,11,12,11,1,1,1,0,1,0,0.008999999612569809,0.009000001475214958,0.008999999612569809,0,0.018710771575570107,0.01194109721109271,0.006769674364477396,0.006769674364477396,0.7521860728774433,2.078974709003075,0,0,0.0010104388880894828,1.2895235747267808e-10,1.6615384505345263,0.011248074254177077,1.2895235747267808e-10,87226588.75437988,1,0,0,2,2,0,0,0.011999998241662979
3002,16,1,5,16,f46f56f7f571ce58c70266b528bfa7e31b02176294ec6072000f3fe8d2911e77,0bc601d8605a9532d518cc9ec06d7054f26c5dc8b8d4b9e7a46288d2e669208a,0.011777770705521107,0.0,-0.0037245049607008696,-0.0037245049607008696,3.469446951953614e-18,0.011777770705521107,0.0,0,1,0.9076921939849854,0.20944694064039504,13,1.661538353333106,0.003699702987355693,0.00327042379477144,0.011777770705521107,-0.003724504960700873,0.011777770705521107,0.003724504960700873,0.004117304924875498,0.004259612876921892,0.004117304924875498,0,0.011777770705521107,0.0,0.0,0.011777770705521107,0,1.0428593015185394e-10,0.0,0,0,12,9,13,13,0,1,1,1,0.0,0.0,0.0,1,0.014778245240449905,0.008889359887689352,0.005888885352760553,0.005888885352760553,inf,inf,0,0,-0.0037245050649867997,3.469446951953614e-18,1.6615384505345263,0.009784609444401238,3.469446951953614e-18,inf,0,0,0,5,5,0,0,0.029999999329447746
3002,16,2,0,16,f46f56f7f571ce58c70266b528bfa7e31b02176294ec6072000f3fe8d2911e77,0bc601d8605a9532d518cc9ec06d7054f26c5dc8b8d4b9e7a46288d2e669208a,0.028989708051085472,0.03599999938160181,0.00237906607799232,0.00237906607799232,0.0020769229522691335,0.028989708051085472,0.03599999938160181,1,4,0.9076921939849854,0.20944694064039504,13,1.661538353333106,0.008249880324603139,0.006493047014782593,0.007010291330516338,0.0003021431257231866,0.007010291330516338,0.0003021431257231866,0.007804251275956631,0.010639500804245472,0.007804251275956631,0,0.028989707585424185,0.03599999938160181,4.656612873077393e-10,0.026661474257707596,0,3.5783787738496997e-10,1.734723475976807e-18,10,2,8,2,1,1,1,0,1,0,0.006000000052154064,0.024000000208616257,0.006000000052154064,0,0.02236962877213955,0.009038891643285751,0.013330737128853798,0.013330737128853798,2.2217895021630745,3.72827142961584,0,0,0.0023790657201544427,0.0020769229522691317,1.6615384505345263,0.02214953231355882,0.0020769229522691317,10.664590272527665,1,0,0,1,2,1,0,0.011999999172985554
3002,16,2,1,16,f46f56f7f571ce58c70266b528bfa7e31b02176294ec6072000f3fe8d2911e77,0bc601d8605a9532d518cc9ec06d7054f26c5dc8b8d4b9e7a46288d2e669208a,0.025967419147491455,0.0,-0.005960255395621061,-0.005960255395621061,0.0,0.025967419147491455,0.0,0,1,0.9076921939849854,0.20944694064039504,13,1.661538353333106,0.007589648837217554,0.006280634679677262,0.025967419147491455,-0.005960255395621061,0.025967419147491455,0.005960255395621061,0.00878035370260477,0.014922435395419598,0.00878035370260477,0,0.02596741821616888,0.0,9.313225746154785e-10,0.02596741821616888,0,3.8902471435203756e-10,1.734723475976807e-18,0,0,10,9,13,13,0,1,1,1,0.0,0.0,0.0,1,0.02568392362445593,0.012700214516371489,0.01298370910808444,0.01298370910808444,inf,inf,0,0,-0.005960255784645776,1.734723475976807e-18,1.6615384505345263,0.021572931913637638,1.734723475976807e-18,inf,0,0,0,3,4,0,0,0.03599999938160181
3002,16,2,3,16,f46f56f7f571ce58c70266b528bfa7e31b02176294ec6072000f3fe8d2911e77,0bc601d8605a9532d518cc9ec06d7054f26c5dc8b8d4b9e7a46288d2e669208a,0.023967547342181206,0.0,-0.0026381025090813637,-0.0026381025090813637,0.0,0.023967547342181206,0.0,0,1,0.9076923131942749,0.2094469155167731,13,1.661538461366525,0.0069187366352565964,0.005556180883066717,0.023967547342181206,-0.0026381025090813637,0.023967547342181206,0.0026381025090813637,0.00542664248496294,0.011289973743259907,0.00542664248496294,0,0.023967547342181206,0.0,0.0,0.023967547342181206,0,1.589859320583198e-10,2.6020852139652106e-18,0,0,8,9,13,13,0,1,1,1,0.0,0.0,0.0,1,0.022725582122802734,0.010741808451712132,0.011983773671090603,0.011983773671090603,inf,inf,0,0,-0.0026381026680672957,2.6020852139652106e-18,1.6615384522538923,0.019911500757624826,2.6020852139652106e-18,inf,0,0,0,4,5,0,0,0.03599999938160181
3002,16,2,4,16,f46f56f7f571ce58c70266b528bfa7e31b02176294ec6072000f3fe8d2911e77,0bc601d8605a9532d518cc9ec06d7054f26c5dc8b8d4b9e7a46288d2e669208a,0.02603933773934841,0.0,0.0028531935531646013,0.0028531935531646013,3.469446951953614e-18,0.02603933773934841,0.0,0,1,0.9076921939849854,0.20944694064039504,13,1.661538353333106,0.008469840640253374,0.00742966990736065,0.02603933773934841,0.002853193553164598,0.02603933773934841,0.002853193553164598,0.005266103893518448,0.010410460643470287,0.005266103893518448,0,0.0260393382050097,0.0,4.656612873077393e-10,0.0260393382050097,0,7.966398513081785e-10,1.734723475976807e-18,0,0,8,9,13,13,0,1,1,1,0.0,0.0,0.0,1,0.02302408078685403,0.01000441168434918,0.01301966910250485,0.01301966910250485,inf,inf,0,0,0.00285319275652475,1.734723475976807e-18,1.6615384505345263,0.021632680827048154,1.734723475976807e-18,inf,0,0,0,5,3,0,0,0.03599999938160181
3002,16,2,5,16,f46f56f7f571ce58c70266b528bfa7e31b02176294ec6072000f3fe8d2911e77,0bc601d8605a9532d518cc9ec06d7054f26c5dc8b8d4b9e7a46288d2e669208a,0.029585812240839005,0.024000000208616257,-0.007206095848232508,-0.007206095848232508,3.469446951953614e-18,0.029585812240839005,0.024000000208616257,1,3,0.9076921939849854,0.20944694064039504,13,1.661538353333106,0.007731262746920737,0.006828616259581018,0.005585812032222748,-0.007206095848232511,0.005585812032222748,0.007206095848232511,0.009250207804143429,0.014145385473966599,0.009250207804143429,0,0.029585812240839005,0.024000000208616257,0.0,0.023506721947342157,0,8.90314743803855e-10,1.734723475976807e-18,10,11,10,2,1,1,1,1,0,0,0.012000000104308128,0.012000000104308128,0.012000000104308128,0,0.02216248633340001,0.010409125359728932,0.011753360973671079,0.011753360973671079,0.9794467392922352,1.8468738450630047,0,0,-0.0072060967385472515,1.734723475976807e-18,1.6615384505345263,0.019528661180766415,1.734723475976807e-18,inf,0,0,0,2,1,0,1,0.011999999172985554
3002,17,0,1,17,a5025dd7e81e480e5da8f59059814fdfbedb05be7f2d005a6d6f02178cbf9ce2,0bc601d8605a9532d518cc9ec06d7054f26c5dc8b8d4b9e7a46288d2e669208a,0.018405364826321602,0.0,0.00291510415263474,0.00291510415263474,3.469446951953614e-18,0.018405364826321602,0.0,0,1,0.9076921939849854,0.20944694064039504,13,1.661538353333106,0.004724066427677302,0.003563162000001182,0.018405364826321602,0.0029151041526347364,0.018405364826321602,0.0029151041526347364,0.0059687294997274876,0.012985586188733578,0.0059687294997274876,0,0.01840536529198289,0.0,4.656612873077393e-10,0.01840536529198289,0,2.010903466312386e-09,1.734723475976807e-18,0,0,3,8,13,13,0,1,1,1,0.0,0.0,0.0,1,0.02493920037522912,-0.015736517729237676,0.009202682645991445,0.009202682645991445,inf,inf,0,0,0.0029151021417312736,5.204170427930421e-18,1.6615384505345263,0.0152906110643816,5.204170427930421e-18,inf,0,0,0,3,1,0,1,0.04799999902024865
3002,17,0,2,17,a5025dd7e81e480e5da8f59059814fdfbedb05be7f2d005a6d6f02178cbf9ce2,0bc601d8605a9532d518cc9ec06d7054f26c5dc8b8d4b9e7a46288d2e669208a,0.017075082287192345,0.04799999902024865,0.007741367444396019,0.007741367444396019,-0.00041538503533945087,0.017075082287192345,0.04799999902024865,1,5,0.9076921939849854,0.20944694064039504,13,1.6615383533331063,0.011299661065515072,0.00894021653410422,0.030924916733056307,0.00815675247973547,0.030924916733056307,0.00815675247973547,0.0019453809363767505,0.00617627426981926,0.0019453809363767505,0,0.017075081821531057,0.04799999902024865,4.656612873077393e-10,0.04430344933643937,0,3.069319312598573e-10,0.0,10,1,9,12,1,1,1,0,0,0,0.017999999225139618,0.012000000569969416,0.012000000569969416,0,0.031596435233950615,-0.00944471056573093,0.022151724668219686,0.022151724668219686,1.8459769680057727,2.6330361444333783,0,0,0.00774136775132795,-0.00041538503533945087,1.661538450534526,0.03680594228190118,0.00041538503533945087,88.60680850436395,0,0,0,1,4,1,0,0.023999998811632395
3002,17,0,3,17,a5025dd7e81e480e5da8f59059814fdfbedb05be7f2d005a6d6f02178cbf9ce2,0bc601d8605a9532d518cc9ec06d7054f26c5dc8b8d4b9e7a46288d2e669208a,0.014472448267042637,0.0,0.0031128160189837217,0.0031128160189837217,0.0,0.014472448267042637,0.0,0,1,0.9076923131942749,0.2094469155167731,13,1.661538461366525,0.0037602428536147514,0.002908206682586106,0.014472448267042637,0.0031128160189837217,0.014472448267042637,0.0031128160189837217,0.0033534476533532143,0.008372784592211246,0.0033534476533532143,0,0.014472448267042637,0.0,0.0,0.014472448267042637,0,1.5837641996474527e-09,3.469446951953614e-18,0,0,0,12,13,13,0,1,1,1,0.0,0.0,0.0,1,0.017453675158321857,-0.010217451024800539,0.0072362241335213184,0.0072362241335213184,inf,inf,0,0,0.0031128176027479214,-3.469446951953614e-18,1.6615384522538923,0.012023264646973274,3.469446951953614e-18,inf,0,0,0,4,5,0,0,0.04799999902024865
3002,17,0,4,17,a5025dd7e81e480e5da8f59059814fdfbedb05be7f2d005a6d6f02178cbf9ce2,0bc601d8605a9532d518cc9ec06d7054f26c5dc8b8d4b9e7a46288d2e669208a,0.017214441671967506,0.0,0.0011475454084575176,0.0011475454084575176,0.0,0.017214441671967506,0.0,0,1,0.9076921939849854,0.20944694064039504,13,1.661538353333106,0.004992644742278877,0.004154963297604105,0.017214441671967506,0.0011475454084575176,0.017214441671967506,0.0011475454084575176,0.0032540238462388515,0.007290169596672058,0.0032540238462388515,0,0.017214441671967506,0.0,0.0,0.017214441671967506,0,5.878854954927126e-10,5.204170427930421e-18,0,0,3,12,13,13,0,1,1,1,0.0,0.0,0.0,1,0.023105869069695473,-0.01449864823371172,0.008607220835983753,0.008607220835983753,inf,inf,0,0,0.0011475448205720221,5.204170427930421e-18,1.6615384505345263,0.014301228371228936,5.204170427930421e-18,inf,0,0,0,5,3,0,0,0.04799999902024865
3002,17,0,5,17,a5025dd7e81e480e5da8f59059814fdfbedb05be7f2d005a6d6f02178cbf9ce2,0bc601d8605a9532d518cc9ec06d7054f26c5dc8b8d4b9e7a46288d2e669208a,0.01766788214445114,0.024000000208616257,0.0028572219889611006,0.0028572219889611006,0.0,0.01766788214445114,0.024000000208616257,1,3,0.9076921939849854,0.20944694064039504,13,1.661538353333106,0.004840964848791581,0.004141316446062375,0.006332118064165115,0.0028572219889611006,0.006332118064165115,0.0028572219889611006,0.0064034899696707726,0.008786315098404884,0.0064034899696707726,0,0.01766788214445114,0.024000000208616257,0.0,0.015938076190650463,0,2.014102142011698e-09,3.469446951953614e-18,10,11,10,12,1,1,1,1,0,0,0.012000000104308128,0.012000000104308128,0.012000000104308128,0,0.02053803950548172,-0.012569001410156488,0.007969038095325232,0.007969038095325232,0.6640865021713009,1.7115032772465013,0,0,0.0028572199748589586,3.469446951953614e-18,1.6615384505345263,0.013240863209157298,3.469446951953614e-18,inf,0,0,0,2,2,0,0,0.023999998811632395
3002,17,1,0,17,a5025dd7e81e480e5da8f59059814fdfbedb05be7f2d005a6d6f02178cbf9ce2,0bc601d8605a9532d518cc9ec06d7054f26c5dc8b8d4b9e7a46288d2e669208a,0.011535861529409885,0.0,0.0003897263668477535,0.0003897263668477535,0.0,0.011535861529409885,0.0,0,1,0.9076921939849854,0.20944694064039504,13,1.661538353333106,0.0036432093332827487,0.003041124020940101,0.011535861529409885,0.0003897263668477535,0.011535861529409885,0.0003897263668477535,0.0033989199437201023,0.005036234389990568,0.0033989199437201023,0,0.011535861296579242,0.0,2.3283064365386963e-10,0.011535861296579242,0,1.9063657423490366e-10,2.6020852139652106e-18,0,0,12,1,13,13,0,1,1,1,0.0,0.0,0.0,1,0.014114864869043231,0.00834693422075361,0.005767930648289621,0.005767930648289621,inf,inf,0,0,0.0003897261762111793,2.6020852139652106e-18,1.6615384505345263,0.009583638552149743,2.6020852139652106e-18,inf,0,0,0,3,5,0,0,0.029999999329447746
3002,17,1,2,17,a5025dd7e81e480e5da8f59059814fdfbedb05be7f2d005a6d6f02178cbf9ce2,0bc601d8605a9532d518cc9ec06d7054f26c5dc8b8d4b9e7a46288d2e669208a,0.01337123941630125,0.0,-0.0037284072022885084,-0.0037284072022885084,3.469446951953614e-18,0.01337123941630125,0.0,0,1,0.9076921939849854,0.20944694064039504,13,1.6615383533331063,0.003739245067749112,0.0029859523393610528,0.01337123941630125,-0.003728407202288512,0.01337123941630125,0.003728407202288512,0.0026487777940928936,0.0051523232832551,0.0026487777940928936,0,0.013371239183470607,0.0,2.3283064365386963e-10,0.013371239183470607,0,1.9436221599181125e-09,2.6020852139652106e-18,0,0,12,2,13,13,0,1,1,1,0.0,0.0,0.0,1,0.014791666297242045,0.008106046705506742,0.006685619591735303,0.006685619591735303,inf,inf,0,0,-0.0037284091459106683,8.673617379884035e-19,1.661538450534526,0.011108414017315146,8.673617379884035e-19,inf,0,0,0,4,3,0,0,0.029999999329447746
3002,17,1,3,17,a5025dd7e81e480e5da8f59059814fdfbedb05be7f2d005a6d6f02178cbf9ce2,0bc601d8605a9532d518cc9ec06d7054f26c5dc8b8d4b9e7a46288d2e669208a,0.019700413569808006,0.029999999329447746,-0.009529688395559788,-0.009529688395559788,-0.01349999944550487,0.019700413569808006,0.029999999329447746,1,3,0.9076923131942749,0.2094469155167731,13,1.661538461366525,0.004724028619860337,0.003923458824920628,0.01029958575963974,0.003970311049945082,0.01029958575963974,0.003970311049945082,0.006107875145971775,0.005474672187119722,0.006107875145971775,0,0.01970041310414672,0.029999999329447746,4.656612873077393e-10,0.017882838612422347,0,6.017465466884309e-10,0.0,10,11,12,11,1,1,1,0,1,0,0.014999999897554517,0.01499999943189323,0.01499999943189323,0,0.010794330155476928,0.0018529108492657542,0.008941419306211174,0.008941419306211174,0.5960946429904384,0.7196220376199386,0,0,-0.009529687793813241,-0.01349999944550487,1.6615384522538923,0.014856511994995185,0.01349999944550487,1.1004824152005426,1,0,0,1,1,1,1,0.011999998241662979
3002,17,1,4,17,a5025dd7e81e480e5da8f59059814fdfbedb05be7f2d005a6d6f02178cbf9ce2,0bc601d8605a9532d518cc9ec06d7054f26c5dc8b8d4b9e7a46288d2e669208a,0.01577996090054512,0.018000001087784767,-0.0018489576177671552,-0.0018489576177671552,1.289523557379546e-10,0.01577996090054512,0.018000001087784767,1,3,0.9076921939849854,0.20944694064039504,13,1.661538353333106,0.0037818027108305345,0.0030203656287941002,0.002220040187239647,-0.001848957746719511,0.002220040187239647,0.001848957746719511,0.002849117387086153,0.006056822370737791,0.002849117387086153,0,0.01577996090054512,0.018000001087784767,0.0,0.014089131727814674,0,1.8597264180020279e-10,0.0,10,11,12,11,1,1,1,0,1,0,0.008999999612569809,0.009000001475214958,0.008999999612569809,0,0.018544993363320827,0.01150042749941349,0.007044565863907337,0.007044565863907337,0.782729574128934,2.060554906849112,0,0,-0.0018489574317945134,1.289523557379546e-10,1.6615384505345263,0.011704817050205013,1.289523557379546e-10,90768539.92485791,0,0,0,2,2,0,0,0.011999998241662979
3002,17,1,5,17,a5025dd7e81e480e5da8f59059814fdfbedb05be7f2d005a6d6f02178cbf9ce2,0bc601d8605a9532d518cc9ec06d7054f26c5dc8b8d4b9e7a46288d2e669208a,0.011780464090406895,0.0,-0.0044641075655817986,-0.0044641075655817986,3.469446951953614e-18,0.011780464090406895,0.0,0,1,0.9076921939849854,0.20944694064039504,13,1.661538353333106,0.0036799529132376277,0.00317470334778876,0.011780464090406895,-0.004464107565581802,0.011780464090406895,0.004464107565581802,0.00438331812620163,0.005483700893819332,0.00438331812620163,0,0.011780464090406895,0.0,0.0,0.011780464090406895,0,6.402712257949639e-10,0.0,0,0,12,9,13,13,0,1,1,1,0.0,0.0,0.0,1,0.015314413234591484,0.009424181189388037,0.005890232045203447,0.005890232045203447,inf,inf,0,0,-0.004464108205853024,3.469446951953614e-18,1.6615384505345263,0.00978684702567615,3.469446951953614e-18,inf,0,0,0,5,4,0,0,0.029999999329447746
3002,17,2,0,17,a5025dd7e81e480e5da8f59059814fdfbedb05be7f2d005a6d6f02178cbf9ce2,0bc601d8605a9532d518cc9ec06d7054f26c5dc8b8d4b9e7a46288d2e669208a,0.034465234726667404,0.036000000312924385,0.0027126912027597427,0.0027126912027597427,0.0020769229522691335,0.034465234726667404,0.036000000312924385,1,4,0.9076921939849854,0.20944694064039504,13,1.661538353333106,0.008644821426738218,0.006290861259396435,0.001534765586256981,0.0006357682504906093,0.001534765586256981,0.0006357682504906093,0.0033733011223375797,0.0074483416974544525,0.0033733011223375797,0,0.034465235425159335,0.036000000312924385,6.984919309616089e-10,0.034465235425159335,0,1.140925541542881e-09,1.734723475976807e-18,10,2,8,9,1,1,1,0,0,0,0.006000000983476639,0.023999999277293682,0.006000000983476639,0,0.017954595386981964,0.0007219776744022965,0.017232617712579668,0.017232617712579668,2.872102481322329,2.9924320739991543,0,0,0.002712690061834201,0.0020769229522691317,1.6615384505345263,0.028632656932813454,0.0020769229522691317,13.786094906183683,1,0,0,1,1,1,1,0.012000001966953278
3002,17,2,1,17,a5025dd7e81e480e5da8f59059814fdfbedb05be7f2d005a6d6f02178cbf9ce2,0bc601d8605a9532d518cc9ec06d7054f26c5dc8b8d4b9e7a46288d2e669208a,0.02976238913834095,0.0,-0.0005013886839151382,-0.0005013886839151382,0.0,0.02976238913834095,0.0,0,1,0.9076921939849854,0.20944694064039504,13,1.661538353333106,0.007794573385364191,0.006062866067348501,0.02976238913834095,-0.0005013886839151382,0.02976238913834095,0.0005013886839151382,0.005864439066499472,0.010732251219451427,0.005864439066499472,0,0.029762389604002237,0.0,4.656612873077393e-10,0.029762389604002237,0,6.803204354033365e-10,1.734723475976807e-18,0,0,7,9,13,13,0,1,1,1,0.0,0.0,0.0,1,0.016262046992778778,0.0013808521907776594,0.014881194802001119,0.014881194802001119,inf,inf,0,0,-0.0005013880035947028,-1.734723475976807e-18,1.6615384505345263,0.024725677353419385,1.734723475976807e-18,inf,0,0,0,3,3,0,0,0.036000000312924385
3002,17,2,3,17,a5025dd7e81e480e5da8f59059814fdfbedb05be7f2d005a6d6f02178cbf9ce2,0bc601d8605a9532d518cc9ec06d7054f26c5dc8b8d4b9e7a46288d2e669208a,0.029649322852492332,0.0,0.002237097593024373,0.002237097593024373,-3.469446951953614e-18,0.029649322852492332,0.0,0,1,0.9076923131942749,0.2094469155167731,13,1.661538461366525,0.007996101967985808,0.006488641387832588,0.029649322852492332,0.0022370975930243765,0.029649322852492332,0.0022370975930243765,0.003978406544774771,0.011280016973614693,0.003978406544774771,0,0.02964932331815362,0.0,4.656612873077393e-10,0.02964932331815362,0,3.7070175054609855e-10,3.469446951953614e-18,0,0,7,9,13,13,0,1,1,1,0.0,0.0,0.0,1,0.01603350043296814,0.0012088387738913298,0.01482466165907681,0.01482466165907681,inf,inf,0,0,0.0022370972223226225,-6.938893903907228e-18,1.6615384522538923,0.024631745388210103,6.938893903907228e-18,inf,0,0,0,4,4,0,0,0.036000000312924385
3002,17,2,4,17,a5025dd7e81e480e5da8f59059814fdfbedb05be7f2d005a6d6f02178cbf9ce2,0bc601d8605a9532d518cc9ec06d7054f26c5dc8b8d4b9e7a46288d2e669208a,0.031183263286948204,0.0,0.003545330138877034,0.003545330138877034,0.0,0.031183263286948204,0.0,0,1,0.9076921939849854,0.20944694064039504,13,1.661538353333106,0.008671857096118615,0.006906984649466341,0.031183263286948204,0.003545330138877034,0.031183263286948204,0.003545330138877034,0.007123584393411875,0.006558053661137819,0.007123584393411875,0,0.03118326305411756,0.0,2.3283064365386963e-10,0.03118326305411756,0,1.90582598487421e-09,1.734723475976807e-18,0,0,8,9,13,13,0,1,1,1,0.0,0.0,0.0,1,0.01613012864254415,-0.0005384971154853702,0.01559163152705878,0.01559163152705878,inf,inf,0,0,0.0035453282330510493,-1.734723475976807e-18,1.6615384505345263,0.025906095288774515,1.734723475976807e-18,inf,0,0,0,5,2,0,0,0.036000000312924385
3002,17,2,5,17,a5025dd7e81e480e5da8f59059814fdfbedb05be7f2d005a6d6f02178cbf9ce2,0bc601d8605a9532d518cc9ec06d7054f26c5dc8b8d4b9e7a46288d2e669208a,0.027981670573353767,0.023999998345971107,-0.0021025296300649643,-0.0021025296300649643,1.289523557379546e-10,0.027981670573353767,0.023999998345971107,1,3,0.9076921939849854,0.20944694064039504,13,1.661538353333106,0.00806856310457901,0.006400298343739919,0.00398167222738266,-0.00210252975901732,0.00398167222738266,0.00210252975901732,0.006987104192376137,0.007502088788896799,0.006987104192376137,0,0.02798167010769248,0.023999998345971107,4.656612873077393e-10,0.027713318821042776,0,4.553187896161326e-10,0.0,10,11,10,9,1,1,1,1,0,0,0.011999998241662979,0.012000000104308128,0.011999998241662979,0,0.014329962432384491,0.0004733030218631029,0.013856659410521388,0.013856659410521388,1.1547217867426212,1.1941637110105627,0,0,-0.002102530085383754,1.289523557379546e-10,1.6615384505345263,0.02302337240654237,1.289523557379546e-10,178541696.85219553,0,0,0,2,5,0,0,0.012000001966953278
3002,18,0,1,18,9d31edf9e59207e1e1baa9bceada24ce8fee915f7af2666ab93ea04168e77598,0bc601d8605a9532d518cc9ec06d7054f26c5dc8b8d4b9e7a46288d2e669208a,0.041928693652153015,0.0,0.01368395984172821,0.01368395984172821,0.0,0.041928693652153015,0.0,0,1,0.9076921939849854,0.20944694064039504,13,1.661538353333106,0.013037022906122558,0.011365508699249587,0.041928693652153015,0.01368395984172821,0.041928693652153015,0.01368395984172821,0.0068773385137319565,0.020467150956392288,0.0068773385137319565,0,0.041928691789507866,0.0,1.862645149230957e-09,0.041928691789507866,0,1.228633826622083e-10,0.0,0,0,3,8,13,13,0,1,1,1,0.0,0.0,0.0,1,0.11737864464521408,-0.09641429875046015,0.020964345894753933,0.020964345894753933,inf,inf,0,0,0.013683959718864828,0.0,1.6615384505345263,0.03483306679443931,0.0,inf,0,0,0,3,1,0,1,0.04800000041723251
3002,18,0,2,18,9d31edf9e59207e1e1baa9bceada24ce8fee915f7af2666ab93ea04168e77598,0bc601d8605a9532d518cc9ec06d7054f26c5dc8b8d4b9e7a46288d2e669208a,0.03816581889986992,0.04800000041723251,0.005905829835683107,0.005905829835683107,0.004569229682592255,0.03816581889986992,0.04800000041723251,1,5,0.9076921939849854,0.20944694064039504,13,1.6615383533331063,0.01282600090354491,0.01030664680492596,0.009834181517362595,0.0013366001530908528,0.009834181517362595,0.0013366001530908528,0.006892796605825424,0.014046815223991871,0.006892796605825424,0,0.03816581831779331,0.04800000041723251,5.820766091346741e-10,0.046556150540709496,0,1.0310126814794263e-09,6.938893903907228e-18,10,1,0,12,1,1,1,0,0,0,0.015000000596046448,0.012000001966953278,0.012000001966953278,0,0.11656234785914421,-0.09328427258878946,0.023278075270354748,0.023278075270354748,1.9398392878984585,9.713527396090806,0,0,0.005905830866695789,0.004569229682592248,1.661538450534526,0.0386774171161313,0.004569229682592248,8.464756600764389,1,0,0,1,4,1,0,0.023999996483325958
3002,18,0,3,18,9d31edf9e59207e1e1baa9bceada24ce8fee915f7af2666ab93ea04168e77598,0bc601d8605a9532d518cc9ec06d7054f26c5dc8b8d4b9e7a46288d2e669208a,0.03336441144347191,0.0,0.006641158368438482,0.006641158368438482,0.0,0.03336441144347191,0.0,0,1,0.9076923131942749,0.2094469155167731,13,1.661538461366525,0.010623152543606419,0.00929763836554698,0.03336441144347191,0.006641158368438482,0.03336441144347191,0.006641158368438482,0.005644585937261581,0.018146557733416557,0.005644585937261581,0,0.03336441237479448,0.0,9.313225746154785e-10,0.03336441237479448,0,1.711699980540271e-09,6.938893903907228e-18,0,0,3,7,13,13,0,1,1,1,0.0,0.0,0.0,1,0.11667787283658981,-0.09999566664919257,0.01668220618739724,0.01668220618739724,inf,inf,0,0,0.006641156656738502,-6.938893903907228e-18,1.6615384522538923,0.02771812704878832,6.938893903907228e-18,inf,0,0,0,4,5,0,0,0.04800000041723251
3002,18,0,4,18,9d31edf9e59207e1e1baa9bceada24ce8fee915f7af2666ab93ea04168e77598,0bc601d8605a9532d518cc9ec06d7054f26c5dc8b8d4b9e7a46288d2e669208a,0.038470447063446045,0.0,0.0147525230422616,0.0147525230422616,0.0,0.038470447063446045,0.0,0,1,0.9076921939849854,0.20944694064039504,13,1.661538353333106,0.013436595531516674,0.0120545635971147,0.038470447063446045,0.0147525230422616,0.038470447063446045,0.0147525230422616,0.008317328058183193,0.019219661131501198,0.008317328058183193,0,0.038470445841085166,0.0,1.2223608791828156e-09,0.038470445841085166,0,2.8530987815356124e-10,0.0,0,0,3,4,13,13,0,1,1,1,0.0,0.0,0.0,1,0.12200275808572769,-0.10276753516518511,0.019235222920542583,0.019235222920542583,inf,inf,0,0,0.014752522756951722,0.0,1.6615384505345263,0.03196006248708453,0.0,inf,0,0,0,5,3,0,0,0.04800000041723251
3002,18,0,5,18,9d31edf9e59207e1e1baa9bceada24ce8fee915f7af2666ab93ea04168e77598,0bc601d8605a9532d518cc9ec06d7054f26c5dc8b8d4b9e7a46288d2e669208a,0.041017334908246994,0.024000003933906555,0.013578382320702076,0.013578382320702076,0.0,0.041017334908246994,0.024000003933906555,1,3,0.9076921939849854,0.20944694064039504,13,1.661538353333106,0.01094878734681974,0.008904296380244526,0.01701733097434044,0.013578382320702076,0.01701733097434044,0.013578382320702076,0.009291027672588825,0.022788573056459427,0.009291027672588825,0,0.04101733525749296,0.024000003933906555,3.4924596548080444e-10,0.039073218271369115,0,9.754979810039366e-10,6.938893903907228e-18,10,11,10,12,1,1,1,1,0,0,0.012000001966953278,0.012000001966953278,0.012000001966953278,0,0.12248678132891655,-0.10295017219323199,0.019536609135684557,0.019536609135684557,1.628050494448775,10.20723010431432,0,0,0.013578383296200057,6.938893903907228e-18,1.6615384505345263,0.03246082727200399,6.938893903907228e-18,inf,0,0,0,2,2,0,0,0.023999996483325958
3002,18,1,0,18,9d31edf9e59207e1e1baa9bceada24ce8fee915f7af2666ab93ea04168e77598,0bc601d8605a9532d518cc9ec06d7054f26c5dc8b8d4b9e7a46288d2e669208a,0.010428739711642265,0.0,-0.004314815625548363,-0.004314815625548363,3.469446951953614e-18,0.010428739711642265,0.0,0,1,0.9076921939849854,0.20944694064039504,13,1.661538353333106,0.003189946163657598,0.002620909825937282,0.010428739711642265,-0.004314815625548366,0.010428739711642265,0.004314815625548366,0.0050025819800794125,0.009111749939620495,0.0050025819800794125,0,0.010428739245980978,0.0,4.656612873077393e-10,0.010428739245980978,0,1.053191083823235e-09,3.469446951953614e-18,0,0,11,1,13,13,0,1,1,1,0.0,0.0,0.0,1,0.013152713421732187,0.007938343798741698,0.005214369622990489,0.005214369622990489,inf,inf,0,0,-0.0043148166787394466,0.0,1.6615384505345263,0.00866387562389792,0.0,inf,0,0,0,3,3,0,0,0.029999999329447746
3002,18,1,2,18,9d31edf9e59207e1e1baa9bceada24ce8fee915f7af2666ab93ea04168e77598,0bc601d8605a9532d518cc9ec06d7054f26c5dc8b8d4b9e7a46288d2e669208a,0.00903327763080597,0.0,-0.0026367437094449997,-0.0026367437094449997,3.469446951953614e-18,0.00903327763080597,0.0,0,1,0.9076921939849854,0.20944694064039504,13,1.6615383533331063,0.002893990773521347,0.0023994200460656858,0.00903327763080597,-0.002636743709445003,0.00903327763080597,0.002636743709445003,0.004161600489169359,0.008534003980457783,0.004161600489169359,0,0.009033278096467257,0.0,4.656612873077393e-10,0.009033278096467257,0,1.3938494265036683e-09,2.6020852139652106e-18,0,0,4,6,13,13,0,1,1,1,0.0,0.0,0.0,1,0.01174731133505702,0.007230672286823392,0.004516639048233628,0.004516639048233628,inf,inf,0,0,-0.002636745103294426,8.673617379884035e-19,1.661538450534526,0.00750456944582584,8.673617379884035e-19,inf,0,0,0,4,5,0,0,0.029999999329447746
3002,18,1,3,18,9d31edf9e59207e1e1baa9bceada24ce8fee915f7af2666ab93ea04168e77598,0bc601d8605a9532d518cc9ec06d7054f26c5dc8b8d4b9e7a46288d2e669208a,0.017006564885377884,0.029999999329447746,-0.008258591406047344,-0.008258591406047344,-0.01349999944550487,0.017006564885377884,0.029999999329447746,1,3,0.9076923131942749,0.2094469155167731,13,1.661538461366525,0.005096865354099037,0.004295074951300431,0.012993434444069862,0.005241408039457525,0.012993434444069862,0.005241408039457525,0.007306976243853569,0.007626907434314489,0.007306976243853569,0,0.01700656535103917,0.029999999329447746,4.656612873077393e-10,0.017821348272264004,0,3.030974880802173e-10,0.0,10,11,12,11,1,1,1,0,1,0,0.014999999897554517,0.01499999943189323,0.01499999943189323,0,0.009520313004031777,-0.0006096388678997755,0.008910674136132002,0.008910674136132002,0.5940449649075312,0.6346875576401384,0,0,-0.008258591709144832,-0.01349999944550487,1.6615384522538923,0.014805427712687556,0.01349999944550487,1.0966983941334425,1,0,0,1,1,1,1,0.011999998241662979
3002,18,1,4,18,9d31edf9e59207e1e1baa9bceada24ce8fee915f7af2666ab93ea04168e77598,0bc601d8605a9532d518cc9ec06d7054f26c5dc8b8d4b9e7a46288d2e669208a,0.013672959059476852,0.018000001087784767,-0.00043265672866255045,-0.00043265672866255045,1.2895235226850765e-10,0.013672959059476852,0.018000001087784767,1,3,0.9076921939849854,0.20944694064039504,13,1.661538353333106,0.0037659355038492486,0.003059893211393931,0.004327042028307915,-0.0004326568576149027,0.004327042028307915,0.0004326568576149027,0.001957717351615429,0.00776145001873374,0.001957717351615429,0,0.013672958710230887,0.018000001087784767,3.4924596548080444e-10,0.013672958710230887,0,1.936073979087738e-10,5.204170427930421e-18,10,11,12,0,1,1,1,0,0,0,0.008999999612569809,0.009000001475214958,0.008999999612569809,0,0.016789808520115912,0.009953329165000468,0.0068364793551154435,0.0068364793551154435,0.7596088499345384,1.8655343603200274,0,0,-0.00043265653505515254,1.2895235747267808e-10,1.6615384505345263,0.011359073314809792,1.2895235747267808e-10,88087364.49208777,0,0,0,2,2,0,0,0.011999998241662979
3002,18,1,5,18,9d31edf9e59207e1e1baa9bceada24ce8fee915f7af2666ab93ea04168e77598,0bc601d8605a9532d518cc9ec06d7054f26c5dc8b8d4b9e7a46288d2e669208a,0.009837241843342781,0.0,-0.005806595087051392,-0.005806595087051392,3.469446951953614e-18,0.009837241843342781,0.0,0,1,0.9076921939849854,0.20944694064039504,13,1.661538353333106,0.0033286542163867843,0.0029045938673985775,0.009837241843342781,-0.005806595087051395,0.009837241843342781,0.005806595087051395,0.003083715448155999,0.00461922911927104,0.003083715448155999,0,0.009837241377681494,0.0,4.656612873077393e-10,0.009837241377681494,0,1.1009576150050604e-10,0.0,0,0,12,0,13,13,0,1,1,1,0.0,0.0,0.0,1,0.011469855438917875,0.006551234750077128,0.004918620688840747,0.004918620688840747,inf,inf,0,0,-0.00580659497695563,3.469446951953614e-18,1.6615384505345263,0.00817247739810352,3.469446951953614e-18,inf,0,0,0,5,4,0,0,0.029999999329447746
3002,18,2,0,18,9d31edf9e59207e1e1baa9bceada24ce8fee915f7af2666ab93ea04168e77598,0bc601d8605a9532d518cc9ec06d7054f26c5dc8b8d4b9e7a46288d2e669208a,0.03340453281998634,0.03599999891594052,0.0015465328469872475,0.0015465328469872475,0.0020769230489833986,0.03340453281998634,0.03599999891594052,1,4,0.9076921939849854,0.20944694064039504,13,1.661538353333106,0.009808808402614968,0.007834157746659933,0.0025954660959541798,-0.0005303902019961511,0.0025954660959541798,0.0005303902019961511,0.008345812559127808,0.00901098269969225,0.008345812559127808,0,0.03340453281998634,0.03599999891594052,0.0,0.03748121252283454,0,4.759035682894153e-10,0.0,10,2,7,9,1,1,1,0,0,0,0.0059999991208314896,0.024000000674277544,0.0059999991208314896,0,0.021226737182587385,0.0024861309211701155,0.01874060626141727,0.01874060626141727,3.1234348345738034,3.537790048816832,0,0,0.0015465323710836792,0.0020769230489833986,1.6615384505345263,0.031138237889672894,0.0020769230489833986,14.992485111527976,1,0,0,1,3,1,0,0.011999998707324266
3002,18,2,1,18,9d31edf9e59207e1e1baa9bceada24ce8fee915f7af2666ab93ea04168e77598,0bc601d8605a9532d518cc9ec06d7054f26c5dc8b8d4b9e7a46288d2e669208a,0.030680034309625626,0.0,-0.0031137799378484488,-0.0031137799378484488,0.0,0.030680034309625626,0.0,0,1,0.9076921939849854,0.20944694064039504,13,1.661538353333106,0.007771101012101606,0.006088742798954777,0.030680034309625626,-0.0031137799378484488,0.030680034309625626,0.0031137799378484488,0.0053182137198746204,0.013298626989126205,0.0053182137198746204,0,0.03068003337830305,0.0,9.313225746154785e-10,0.03068003337830305,0,2.91013105974125e-10,1.734723475976807e-18,0,0,7,9,13,13,0,1,1,1,0.0,0.0,0.0,1,0.017335662618279457,0.0019956459291279316,0.015340016689151525,0.015340016689151525,inf,inf,0,0,-0.0031137802288615547,1.734723475976807e-18,1.6615384505345263,0.0254880275608666,1.734723475976807e-18,inf,0,0,0,3,5,0,0,0.03599999891594052
3002,18,2,3,18,9d31edf9e59207e1e1baa9bceada24ce8fee915f7af2666ab93ea04168e77598,0bc601d8605a9532d518cc9ec06d7054f26c5dc8b8d4b9e7a46288d2e669208a,0.03323287516832352,0.0,0.002416392555460334,0.002416392555460334,0.0,0.03323287516832352,0.0,0,1,0.9076923131942749,0.2094469155167731,13,1.661538461366525,0.00855036693159946,0.006670444189796787,0.03323287516832352,0.002416392555460334,0.03323287516832352,0.002416392555460334,0.0045393952168524265,0.01412892434746027,0.0045393952168524265,0,0.03323287516832352,0.0,0.0,0.03323287516832352,0,9.920644167271675e-12,1.734723475976807e-18,0,0,8,9,13,13,0,1,1,1,0.0,0.0,0.0,1,0.018828021362423897,0.0022115837782621384,0.01661643758416176,0.01661643758416176,inf,inf,0,0,0.0024163925455396897,-1.734723475976807e-18,1.6615384522538923,0.027608849985561533,1.734723475976807e-18,inf,0,0,0,4,4,0,0,0.03599999891594052
3002,18,2,4,18,9d31edf9e59207e1e1baa9bceada24ce8fee915f7af2666ab93ea04168e77598,0bc601d8605a9532d518cc9ec06d7054f26c5dc8b8d4b9e7a46288d2e669208a,0.0347130112349987,0.0,0.004509685095399618,0.004509685095399618,0.0,0.0347130112349987,0.0,0,1,0.9076921939849854,0.20944694064039504,13,1.661538353333106,0.009003745080623961,0.007067146275699492,0.0347130112349987,0.004509685095399618,0.0347130112349987,0.004509685095399618,0.002933241194114089,0.011501966044306755,0.002933241194114089,0,0.03471300983801484,0.0,1.3969838619232178e-09,0.03471300983801484,0,7.402656543309405e-10,1.734723475976807e-18,0,0,8,9,13,13,0,1,1,1,0.0,0.0,0.0,1,0.017528386786580086,0.00017188186757266521,0.01735650491900742,0.01735650491900742,inf,inf,0,0,0.0045096858356652725,-1.734723475976807e-18,1.6615384505345263,0.028838500289822475,1.734723475976807e-18,inf,0,0,0,5,2,0,0,0.03599999891594052
3002,18,2,5,18,9d31edf9e59207e1e1baa9bceada24ce8fee915f7af2666ab93ea04168e77598,0bc601d8605a9532d518cc9ec06d7054f26c5dc8b8d4b9e7a46288d2e669208a,0.037143733352422714,0.024000000208616257,-0.003338184906169772,-0.003338184906169772,0.0,0.037143733352422714,0.024000000208616257,1,3,0.9076921939849854,0.20944694064039504,13,1.661538353333106,0.009607313082112016,0.007633843822900713,0.013143733143806458,-0.003338184906169772,0.013143733143806458,0.003338184906169772,0.004958894103765488,0.012594891712069511,0.004958894103765488,0,0.037143734749406576,0.024000000208616257,1.3969838619232178e-09,0.037143734749406576,0,2.0482937845844873e-09,1.734723475976807e-18,10,11,7,9,1,1,1,0,0,0,0.012000000104308128,0.012000000104308128,0.012000000104308128,0,0.021340100094676018,0.0027682327199727297,0.018571867374703288,0.018571867374703288,1.5476556011058524,1.7783416590983774,0,0,-0.0033381869544635567,1.734723475976807e-18,1.6615384505345263,0.030857871741297224,1.734723475976807e-18,inf,0,0,0,2,1,0,1,0.011999998707324266
3002,19,0,1,19,310749d3c19d36d5a7f0c71fa97d7c3ad239ee7cee1f5c03937a854e21029dbe,0bc601d8605a9532d518cc9ec06d7054f26c5dc8b8d4b9e7a46288d2e669208a,0.01845942810177803,0.0,0.0029752617701888084,0.0029752617701888084,3.469446951953614e-18,0.01845942810177803,0.0,0,1,0.9076921939849854,0.20944694064039504,13,1.661538353333106,0.0047616450542141,0.003613866755419229,0.01845942810177803,0.002975261770188805,0.01845942810177803,0.002975261770188805,0.006148948799818754,0.013186740688979626,0.006148948799818754,0,0.01845942810177803,0.0,0.0,0.01845942810177803,0,3.4032420978546973e-11,1.734723475976807e-18,0,0,3,8,13,13,0,1,1,1,0.0,0.0,0.0,1,0.025182101875543594,-0.01595238782465458,0.009229714050889015,0.009229714050889015,inf,inf,0,0,0.0029752617361563875,5.204170427930421e-18,1.6615384505345263,0.01533552478299088,5.204170427930421e-18,inf,0,0,0,3,1,0,1,0.04799999902024865
3002,19,0,2,19,310749d3c19d36d5a7f0c71fa97d7c3ad239ee7cee1f5c03937a854e21029dbe,0bc601d8605a9532d518cc9ec06d7054f26c5dc8b8d4b9e7a46288d2e669208a,0.017150728031992912,0.04799999902024865,0.007718188222497702,0.007718188222497702,-0.00041538503533945087,0.017150728031992912,0.04799999902024865,1,5,0.9076921939849854,0.20944694064039504,13,1.6615383533331063,0.011281199618629067,0.008959832667378632,0.03084927098825574,0.008133573257837153,0.03084927098825574,0.008133573257837153,0.0018835306400433183,0.006495288573205471,0.0018835306400433183,0,0.017150727566331625,0.04799999902024865,4.656612873077393e-10,0.04411043645814061,0,3.0185623965672814e-10,0.0,10,1,9,12,1,1,1,0,0,0,0.017999999225139618,0.012000000569969416,0.012000000569969416,0,0.03170747868716717,-0.009652260458096862,0.022055218229070306,0.022055218229070306,1.8379347651253084,2.6422897650952346,0,0,0.007718187920641462,-0.00041538503533945087,1.661538450534526,0.03664559312253031,0.00041538503533945087,88.22078314059554,0,0,0,1,4,1,0,0.023999998811632395
3002,19,0,3,19,310749d3c19d36d5a7f0c71fa97d7c3ad239ee7cee1f5c03937a854e21029dbe,0bc601d8605a9532d518cc9ec06d7054f26c5dc8b8d4b9e7a46288d2e669208a,0.014452443458139896,0.0,0.0031006529461592436,0.0031006529461592436,0.0,0.014452443458139896,0.0,0,1,0.9076923131942749,0.2094469155167731,13,1.661538461366525,0.003754929051681856,0.002844264940220929,0.014452443458139896,0.0031006529461592436,0.014452443458139896,0.0031006529461592436,0.0034406231716275215,0.008525499142706394,0.0034406231716275215,0,0.014452443458139896,0.0,0.0,0.014452443458139896,0,5.837986344348067e-13,3.469446951953614e-18,0,0,0,12,13,13,0,1,1,1,0.0,0.0,0.0,1,0.017538619227707386,-0.010312397498637438,0.007226221729069948,0.007226221729069948,inf,inf,0,0,0.0031006529467430422,-3.469446951953614e-18,1.6615384522538923,0.012006645267362327,3.469446951953614e-18,inf,0,0,0,4,5,0,0,0.04799999902024865
3002,19,0,4,19,310749d3c19d36d5a7f0c71fa97d7c3ad239ee7cee1f5c03937a854e21029dbe,0bc601d8605a9532d518cc9ec06d7054f26c5dc8b8d4b9e7a46288d2e669208a,0.01726197823882103,0.0,0.0010942030930891633,0.0010942030930891633,0.0,0.01726197823882103,0.0,0,1,0.9076921939849854,0.20944694064039504,13,1.661538353333106,0.004986397847061055,0.004143465613428305,0.01726197823882103,0.0010942030930891633,0.01726197823882103,0.0010942030930891633,0.003354362677782774,0.0069122398272156715,0.003354362677782774,0,0.017261978704482317,0.0,4.656612873077393e-10,0.017261978704482317,0,2.1652423690815548e-09,5.204170427930421e-18,0,0,3,12,13,13,0,1,1,1,0.0,0.0,0.0,1,0.023318142164498568,-0.014687152812257409,0.008630989352241158,0.008630989352241158,inf,inf,0,0,0.0010942052583315324,5.204170427930421e-18,1.6615384505345263,0.014340720674902769,5.204170427930421e-18,inf,0,0,0,5,3,0,0,0.04799999902024865
3002,19,0,5,19,310749d3c19d36d5a7f0c71fa97d7c3ad239ee7cee1f5c03937a854e21029dbe,0bc601d8605a9532d518cc9ec06d7054f26c5dc8b8d4b9e7a46288d2e669208a,0.017783325165510178,0.024000000208616257,0.00292912102304399,0.00292912102304399,0.0,0.017783325165510178,0.024000000208616257,1,3,0.9076921939849854,0.20944694064039504,13,1.661538353333106,0.004836353416262032,0.004134796692069466,0.006216675043106079,0.00292912102304399,0.006216675043106079,0.00292912102304399,0.0067010666243731976,0.009453251957893372,0.0067010666243731976,0,0.017783324234187603,0.024000000208616257,9.313225746154785e-10,0.015819965861737728,0,3.0954160415430643e-10,3.469446951953614e-18,10,11,10,12,1,1,1,1,0,0,0.012000000104308128,0.012000000104308128,0.012000000104308128,0,0.020585364662110806,-0.012675381731241941,0.007909982930868864,0.007909982930868864,0.659165238509381,1.7154470402646447,0,0,0.002929120713502386,3.469446951953614e-18,1.6615384505345263,0.013142740782710403,3.469446951953614e-18,inf,0,0,0,2,2,0,0,0.023999998811632395
3002,19,1,0,19,310749d3c19d36d5a7f0c71fa97d7c3ad239ee7cee1f5c03937a854e21029dbe,0bc601d8605a9532d518cc9ec06d7054f26c5dc8b8d4b9e7a46288d2e669208a,0.011532129719853401,0.0,0.00042842040420509875,0.00042842040420509875,0.0,0.011532129719853401,0.0,0,1,0.9076921939849854,0.20944694064039504,13,1.661538353333106,0.0036364105399073806,0.003041080904562445,0.011532129719853401,0.00042842040420509875,0.011532129719853401,0.00042842040420509875,0.0034505724906921387,0.005050634499639273,0.0034505724906921387,0,0.011532129952684045,0.0,2.3283064365386963e-10,0.011532129952684045,0,1.1850326796236654e-10,2.6020852139652106e-18,0,0,12,1,13,13,0,1,1,1,0.0,0.0,0.0,1,0.014095457503572106,0.008329392527230084,0.005766064976342022,0.005766064976342022,inf,inf,0,0,0.0004284205227083667,2.6020852139652106e-18,1.6615384505345263,0.009580538666472724,2.6020852139652106e-18,inf,0,0,0,3,5,0,0,0.029999999329447746
3002,19,1,2,19,310749d3c19d36d5a7f0c71fa97d7c3ad239ee7cee1f5c03937a854e21029dbe,0bc601d8605a9532d518cc9ec06d7054f26c5dc8b8d4b9e7a46288d2e669208a,0.013274883851408958,0.0,-0.003776542143896222,-0.003776542143896222,3.469446951953614e-18,0.013274883851408958,0.0,0,1,0.9076921939849854,0.20944694064039504,13,1.6615383533331063,0.0037466378189536125,0.002995529311251711,0.013274883851408958,-0.0037765421438962256,0.013274883851408958,0.0037765421438962256,0.002626169240102172,0.0051275817677378654,0.002626169240102172,0,0.013274884084239602,0.0,2.3283064365386963e-10,0.013274884084239602,0,8.86610462130788e-10,2.6020852139652106e-18,0,0,12,2,13,13,0,1,1,1,0.0,0.0,0.0,1,0.014813252026215196,0.008175809984095395,0.006637442042119801,0.006637442042119801,inf,inf,0,0,-0.0037765430305066842,8.673617379884035e-19,1.661538450534526,0.011028365166176455,8.673617379884035e-19,inf,0,0,0,4,3,0,0,0.029999999329447746
3002,19,1,3,19,310749d3c19d36d5a7f0c71fa97d7c3ad239ee7cee1f5c03937a854e21029dbe,0bc601d8605a9532d518cc9ec06d7054f26c5dc8b8d4b9e7a46288d2e669208a,0.019682353362441063,0.029999999329447746,-0.009527488611638546,-0.009527488611638546,-0.01349999944550487,0.019682353362441063,0.029999999329447746,1,3,0.9076923131942749,0.2094469155167731,13,1.661538461366525,0.004700215157241843,0.00392087961591163,0.010317645967006683,0.0039725108338663235,0.010317645967006683,0.0039725108338663235,0.00617556506767869,0.005563000682741404,0.00617556506767869,0,0.01968235382810235,0.029999999329447746,4.656612873077393e-10,0.01774528226815164,0,1.281955191306805e-09,0.0,10,11,12,11,1,1,1,0,1,0,0.014999999897554517,0.01499999943189323,0.01499999943189323,0,0.010795731795951724,0.0019230906618759036,0.00887264113407582,0.00887264113407582,0.5915094313410889,0.7197154803217974,0,0,-0.009527489893593737,-0.01349999944550487,1.6615384522538923,0.014742234417316558,0.01349999944550487,1.092017409098881,1,0,0,1,1,1,1,0.011999998241662979
3002,19,1,4,19,310749d3c19d36d5a7f0c71fa97d7c3ad239ee7cee1f5c03937a854e21029dbe,0bc601d8605a9532d518cc9ec06d7054f26c5dc8b8d4b9e7a46288d2e669208a,0.01574031263589859,0.018000001087784767,-0.001955543179064989,-0.001955543179064989,1.289523557379546e-10,0.01574031263589859,0.018000001087784767,1,3,0.9076921939849854,0.20944694064039504,13,1.661538353333106,0.0037590933841888537,0.0030211924310751567,0.002259688451886177,-0.001955543308017345,0.002259688451886177,0.001955543308017345,0.002825619885697961,0.006106200162321329,0.002825619885697961,0,0.015740313567221165,0.018000001087784767,9.313225746154785e-10,0.013975141569972038,0,1.7689547136129358e-10,0.0,10,11,12,11,1,1,1,0,1,0,0.008999999612569809,0.009000001475214958,0.008999999612569809,0,0.01852820161730051,0.011540630832314491,0.006987570784986019,0.006987570784986019,0.7763967873095083,2.0586891572109827,0,0,-0.0019555433559604605,1.289523557379546e-10,1.6615384505345263,0.011610117535085994,1.289523557379546e-10,90034163.92546587,0,0,0,2,2,0,0,0.011999998241662979
3002,19,1,5,19,310749d3c19d36d5a7f0c71fa97d7c3ad239ee7cee1f5c03937a854e21029dbe,0bc601d8605a9532d518cc9ec06d7054f26c5dc8b8d4b9e7a46288d2e669208a,0.011861979030072689,0.0,-0.004429194610565901,-0.004429194610565901,3.469446951953614e-18,0.011861979030072689,0.0,0,1,0.9076921939849854,0.20944694064039504,13,1.661538353333106,0.003689721884687707,0.0031830923764046126,0.011861979030072689,-0.004429194610565904,0.011861979030072689,0.004429194610565904,0.004412510897964239,0.005438746884465218,0.004412510897964239,0,0.011861978797242045,0.0,2.3283064365386963e-10,0.011861978797242045,0,1.1151187577496113e-09,0.0,0,0,12,9,13,13,0,1,1,1,0.0,0.0,0.0,1,0.01532544451765716,0.009394455119036138,0.005930989398621023,0.005930989398621023,inf,inf,0,0,-0.0044291957256846586,3.469446951953614e-18,1.6615384505345263,0.009854566935521477,3.469446951953614e-18,inf,0,0,0,5,4,0,0,0.029999999329447746
3002,19,2,0,19,310749d3c19d36d5a7f0c71fa97d7c3ad239ee7cee1f5c03937a854e21029dbe,0bc601d8605a9532d518cc9ec06d7054f26c5dc8b8d4b9e7a46288d2e669208a,0.034536466002464294,0.036000000312924385,0.002717633731663227,0.002717633731663227,0.0020769229522691335,0.034536466002464294,0.036000000312924385,1,4,0.9076921939849854,0.20944694064039504,13,1.661538353333106,0.008671375579392161,0.006308582451569258,0.0014635343104600906,0.0006407107793940936,0.0014635343104600906,0.0006407107793940936,0.0033430936746299267,0.007523334585130215,0.0033430936746299267,0,0.034536464139819145,0.036000000312924385,1.862645149230957e-09,0.034536464139819145,0,2.9086801526384543e-09,1.734723475976807e-18,10,2,8,9,1,1,1,0,0,0,0.006000000983476639,0.023999999277293682,0.006000000983476639,0,0.01796434447169304,0.0006961124017834663,0.017268232069909573,0.017268232069909573,2.8780382065710386,2.994056921184667,0,0,0.0027176308229830744,0.0020769229522691317,1.6615384505345263,0.028691831556908166,0.0020769229522691317,13.814586393568932,1,0,0,1,1,1,1,0.012000001966953278
3002,19,2,1,19,310749d3c19d36d5a7f0c71fa97d7c3ad239ee7cee1f5c03937a854e21029dbe,0bc601d8605a9532d518cc9ec06d7054f26c5dc8b8d4b9e7a46288d2e669208a,0.029782647266983986,0.0,-0.0004791229439433664,-0.0004791229439433664,0.0,0.029782647266983986,0.0,0,1,0.9076921939849854,0.20944694064039504,13,1.661538353333106,0.007812270452419753,0.006073551787030414,0.029782647266983986,-0.0004791229439433664,0.029782647266983986,0.0004791229439433664,0.005914842709898949,0.010717863216996193,0.005914842709898949,0,0.0297826468013227,0.0,4.656612873077393e-10,0.0297826468013227,0,9.19642190524983e-10,1.734723475976807e-18,0,0,7,9,13,13,0,1,1,1,0.0,0.0,0.0,1,0.01624777913093567,0.0013564557302743196,0.01489132340066135,0.01489132340066135,inf,inf,0,0,-0.00047912386358555693,-1.734723475976807e-18,1.6615384505345263,0.024742506409543393,1.734723475976807e-18,inf,0,0,0,3,3,0,0,0.036000000312924385
3002,19,2,3,19,310749d3c19d36d5a7f0c71fa97d7c3ad239ee7cee1f5c03937a854e21029dbe,0bc601d8605a9532d518cc9ec06d7054f26c5dc8b8d4b9e7a46288d2e669208a,0.029659612104296684,0.0,0.002252014121040702,0.002252014121040702,-3.469446951953614e-18,0.029659612104296684,0.0,0,1,0.9076923131942749,0.2094469155167731,13,1.661538461366525,0.008011031510788856,0.00649993806614502,0.029659612104296684,0.0022520141210407053,0.029659612104296684,0.0022520141210407053,0.003963190596550703,0.011188598349690437,0.003963190596550703,0,0.029659611638635397,0.0,4.656612873077393e-10,0.029659611638635397,0,7.611300235910168e-10,3.469446951953614e-18,0,0,7,9,13,13,0,1,1,1,0.0,0.0,0.0,1,0.015977300703525543,0.0011474948842078447,0.014829805819317698,0.014829805819317698,inf,inf,0,0,0.0022520148821707255,-6.938893903907228e-18,1.6615384522538923,0.024640292608254896,6.938893903907228e-18,inf,0,0,0,4,4,0,0,0.036000000312924385
3002,19,2,4,19,310749d3c19d36d5a7f0c71fa97d7c3ad239ee7cee1f5c03937a854e21029dbe,0bc601d8605a9532d518cc9ec06d7054f26c5dc8b8d4b9e7a46288d2e669208a,0.03127976506948471,0.0,0.0034749507904052734,0.0034749507904052734,0.0,0.03127976506948471,0.0,0,1,0.9076921939849854,0.20944694064039504,13,1.661538353333106,0.008698580683422937,0.006927008459553916,0.03127976506948471,0.0034749507904052734,0.03127976506948471,0.0034749507904052734,0.0070967827923595905,0.00659922743216157,0.0070967827923595905,0,0.031279764138162136,0.0,9.313225746154785e-10,0.031279764138162136,0,9.465388715879097e-11,1.734723475976807e-18,0,0,8,9,13,13,0,1,1,1,0.0,0.0,0.0,1,0.01621547993272543,-0.0005755978636443615,0.015639882069081068,0.015639882069081068,inf,inf,0,0,0.0034749506957513863,-1.734723475976807e-18,1.6615384505345263,0.02598626541960368,1.734723475976807e-18,inf,0,0,0,5,2,0,0,0.036000000312924385
3002,19,2,5,19,310749d3c19d36d5a7f0c71fa97d7c3ad239ee7cee1f5c03937a854e21029dbe,0bc601d8605a9532d518cc9ec06d7054f26c5dc8b8d4b9e7a46288d2e669208a,0.028066154569387436,0.023999998345971107,-0.0020925989374518394,-0.0020925989374518394,1.289523557379546e-10,0.028066154569387436,0.023999998345971107,1,3,0.9076921939849854,0.20944694064039504,13,1.661538353333106,0.008097771336857004,0.006421140075479387,0.004066156223416328,-0.002092599066404195,0.004066156223416328,0.002092599066404195,0.007031709421426058,0.00760682811960578,0.007031709421426058,0,0.02806615410372615,0.023999998345971107,4.656612873077393e-10,0.02776928571984172,0,8.269749798145432e-10,0.0,10,11,10,9,1,1,1,1,0,0,0.011999998241662979,0.012000000104308128,0.011999998241662979,0,0.014306902885437012,0.0004222600255161524,0.01388464285992086,0.01388464285992086,1.1570537412009407,1.1922420818167,0,0,-0.0020925981104768596,1.289523557379546e-10,1.6615384505345263,0.02306986798369818,1.289523557379546e-10,178902260.85189706,0,0,0,2,5,0,0,0.012000001966953278
3002,20,0,1,20,25e844798a9aed4e771369fa30520769329c3e08a5cb87c6150a8d2b99ef88d6,0bc601d8605a9532d518cc9ec06d7054f26c5dc8b8d4b9e7a46288d2e669208a,0.018490958958864212,0.0,0.003000412369146943,0.003000412369146943,3.469446951953614e-18,0.018490958958864212,0.0,0,1,0.9076921939849854,0.20944694064039504,13,1.661538353333106,0.004763359087468036,0.003617930055193647,0.018490958958864212,0.0030004123691469396,0.018490958958864212,0.0030004123691469396,0.0061462377198040485,0.013181693851947784,0.0061462377198040485,0,0.018490958027541637,0.0,9.313225746154785e-10,0.018490958027541637,0,2.34529583253984e-11,1.734723475976807e-18,0,0,3,8,13,13,0,1,1,1,0.0,0.0,0.0,1,0.02523940894752741,-0.01599392993375659,0.009245479013770819,0.009245479013770819,inf,inf,0,0,0.0030004123456939848,5.204170427930421e-18,1.6615384505345263,0.015361718874990247,5.204170427930421e-18,inf,0,0,0,3,1,0,1,0.04799999902024865
3002,20,0,2,20,25e844798a9aed4e771369fa30520769329c3e08a5cb87c6150a8d2b99ef88d6,0bc601d8605a9532d518cc9ec06d7054f26c5dc8b8d4b9e7a46288d2e669208a,0.017110588029026985,0.04799999902024865,0.00772443413734436,0.00772443413734436,-0.00041538503533945087,0.017110588029026985,0.04799999902024865,1,5,0.9076921939849854,0.20944694064039504,13,1.6615383533331063,0.01126730872051661,0.008960288772965676,0.030889410991221666,0.008139819172683811,0.030889410991221666,0.008139819172683811,0.001837278949096799,0.00656479736790061,0.001837278949096799,0,0.017110588494688272,0.04799999902024865,4.656612873077393e-10,0.044044030364602804,0,2.9988005655068317e-10,0.0,10,1,9,12,1,1,1,0,0,0,0.017999999225139618,0.012000000569969416,0.012000000569969416,0,0.03177274204790592,-0.00975072686560452,0.022022015182301402,0.022022015182301402,1.835167844692655,2.6477283782318106,0,0,0.007724434437224417,-0.00041538503533945087,1.661538450534526,0.03659042498364888,0.00041538503533945087,88.0879710886728,0,0,0,1,4,1,0,0.023999998811632395
3002,20,0,3,20,25e844798a9aed4e771369fa30520769329c3e08a5cb87c6150a8d2b99ef88d6,0bc601d8605a9532d518cc9ec06d7054f26c5dc8b8d4b9e7a46288d2e669208a,0.014385689981281757,0.0,0.0030441090930253267,0.0030441090930253267,0.0,0.014385689981281757,0.0,0,1,0.9076923131942749,0.2094469155167731,13,1.661538461366525,0.003752297298872423,0.0028485752113119388,0.014385689981281757,0.0030441090930253267,0.014385689981281757,0.0030441090930253267,0.0034796097315847874,0.008556018583476543,0.0034796097315847874,0,0.014385689981281757,0.0,0.0,0.014385689981281757,0,9.160947677527842e-10,3.469446951953614e-18,0,0,0,12,13,13,0,1,1,1,0.0,0.0,0.0,1,0.017546468414366245,-0.010353623423725367,0.007192844990640879,0.007192844990640879,inf,inf,0,0,0.003044108176930559,-3.469446951953614e-18,1.6615384522538923,0.011951188533051608,3.469446951953614e-18,inf,0,0,0,4,5,0,0,0.04799999902024865
3002,20,0,4,20,25e844798a9aed4e771369fa30520769329c3e08a5cb87c6150a8d2b99ef88d6,0bc601d8605a9532d518cc9ec06d7054f26c5dc8b8d4b9e7a46288d2e669208a,0.017241129651665688,0.0,0.0010460399789735675,0.0010460399789735675,0.0,0.017241129651665688,0.0,0,1,0.9076921939849854,0.20944694064039504,13,1.661538353333106,0.0049805017436079305,0.0041358281345762445,0.017241129651665688,0.0010460399789735675,0.017241129651665688,0.0010460399789735675,0.003291906090453267,0.006899668835103512,0.003291906090453267,0,0.017241129651665688,0.0,0.0,0.017241129651665688,0,7.788507790096322e-10,5.204170427930421e-18,0,0,3,12,13,13,0,1,1,1,0.0,0.0,0.0,1,0.023341210559010506,-0.014720645733177662,0.008620564825832844,0.008620564825832844,inf,inf,0,0,0.0010460392001227885,5.204170427930421e-18,1.6615384505345263,0.014323399923446741,5.204170427930421e-18,inf,0,0,0,5,3,0,0,0.04799999902024865
3002,20,0,5,20,25e844798a9aed4e771369fa30520769329c3e08a5cb87c6150a8d2b99ef88d6,0bc601d8605a9532d518cc9ec06d7054f26c5dc8b8d4b9e7a46288d2e669208a,0.01780686527490616,0.024000000208616257,0.0029553230851888657,0.0029553230851888657,0.0,0.01780686527490616,0.024000000208616257,1,3,0.9076921939849854,0.20944694064039504,13,1.661538353333106,0.004841516766286204,0.0041418242979155495,0.006193134933710098,0.0029553230851888657,0.006193134933710098,0.0029553230851888657,0.006701329257339239,0.009553814306855202,0.006701329257339239,0,0.017806864343583584,0.024000000208616257,9.313225746154785e-10,0.015728848055005074,0,4.245968888982876e-10,3.469446951953614e-18,10,11,10,12,1,1,1,1,0,0,0.012000000104308128,0.012000000104308128,0.012000000104308128,0,0.020638066343963146,-0.01277364231646061,0.007864424027502537,0.007864424027502537,0.6553686632618548,1.719838847047498,0,0,0.0029553235097857546,3.469446951953614e-18,1.6615384505345263,0.013067042913003065,3.469446951953614e-18,inf,0,0,0,2,2,0,0,0.023999998811632395
3002,20,1,0,20,25e844798a9aed4e771369fa30520769329c3e08a5cb87c6150a8d2b99ef88d6,0bc601d8605a9532d518cc9ec06d7054f26c5dc8b8d4b9e7a46288d2e669208a,0.011525137349963188,0.0,0.0004589599557220936,0.0004589599557220936,0.0,0.011525137349963188,0.0,0,1,0.9076921939849854,0.20944694064039504,13,1.661538353333106,0.0036327353006623503,0.003041996879602325,0.011525137349963188,0.0004589599557220936,0.011525137349963188,0.0004589599557220936,0.0034938575699925423,0.005070748273283243,0.0034938575699925423,0,0.011525137349963188,0.0,0.0,0.011525137349963188,0,1.2101769022651587e-09,2.6020852139652106e-18,0,0,12,1,13,13,0,1,1,1,0.0,0.0,0.0,1,0.01408415101468563,0.008321582339704037,0.005762568674981594,0.005762568674981594,inf,inf,0,0,0.0004589587455451913,2.6020852139652106e-18,1.6615384505345263,0.009574729427327715,2.6020852139652106e-18,inf,0,0,0,3,5,0,0,0.029999999329447746
3002,20,1,2,20,25e844798a9aed4e771369fa30520769329c3e08a5cb87c6150a8d2b99ef88d6,0bc601d8605a9532d518cc9ec06d7054f26c5dc8b8d4b9e7a46288d2e669208a,0.013183742761611938,0.0,-0.0038141708355396986,-0.0038141708355396986,3.469446951953614e-18,0.013183742761611938,0.0,0,1,0.9076921939849854,0.20944694064039504,13,1.6615383533331063,0.003750107427694039,0.0030003785205310616,0.013183742761611938,-0.003814170835539702,0.013183742761611938,0.003814170835539702,0.0026070959866046906,0.005107305012643337,0.0026070959866046906,0,0.013183742761611938,0.0,0.0,0.013183742761611938,0,2.9749300765880005e-10,2.6020852139652106e-18,0,0,12,2,13,13,0,1,1,1,0.0,0.0,0.0,1,0.014826593920588493,0.008234722539782524,0.006591871380805969,0.006591871380805969,inf,inf,0,0,-0.003814170538046691,8.673617379884035e-19,1.661538450534526,0.010952647760187237,8.673617379884035e-19,inf,0,0,0,4,3,0,0,0.029999999329447746
3002,20,1,3,20,25e844798a9aed4e771369fa30520769329c3e08a5cb87c6150a8d2b99ef88d6,0bc601d8605a9532d518cc9ec06d7054f26c5dc8b8d4b9e7a46288d2e669208a,0.01965697668492794,0.029999999329447746,-0.009522552601993084,-0.009522552601993084,-0.01349999944550487,0.01965697668492794,0.029999999329447746,1,3,0.9076923131942749,0.2094469155167731,13,1.661538461366525,0.004679802520881768,0.00391845558026045,0.010343022644519806,0.0039774468435117855,0.010343022644519806,0.0039774468435117855,0.006231531035155058,0.005641986150294542,0.006231531035155058,0,0.019656976219266653,0.029999999329447746,4.656612873077393e-10,0.017627299996092916,0,1.4111262679195047e-10,0.0,10,11,12,11,1,1,1,0,1,0,0.014999999897554517,0.01499999943189323,0.01499999943189323,0,0.010790901025757194,0.001977251027710736,0.008813649998046458,0.008813649998046458,0.5875766887901835,0.719393428963298,0,0,-0.00952255274310571,-0.01349999944550487,1.6615384522538923,0.014644218376461631,0.01349999944550487,1.0847569613299322,1,0,0,1,1,1,1,0.011999998241662979
3002,20,1,4,20,25e844798a9aed4e771369fa30520769329c3e08a5cb87c6150a8d2b99ef88d6,0bc601d8605a9532d518cc9ec06d7054f26c5dc8b8d4b9e7a46288d2e669208a,0.015706731006503105,0.018000001087784767,-0.002034611999988556,-0.002034611999988556,1.289523557379546e-10,0.015706731006503105,0.018000001087784767,1,3,0.9076921939849854,0.20944694064039504,13,1.661538353333106,0.0037405602746012024,0.003020640538410234,0.002293270081281662,-0.0020346121289409116,0.002293270081281662,0.0020346121289409116,0.0028090626001358032,0.006153949070721865,0.0028090626001358032,0,0.0157067307154648,0.018000001087784767,2.9103830456733704e-10,0.013871829665731639,0,1.7332189503060924e-10,0.0,10,11,12,11,1,1,1,0,1,0,0.008999999612569809,0.009000001475214958,0.008999999612569809,0,0.018510327383410186,0.011574412550544366,0.006935914832865819,0.006935914832865819,0.7706572368268555,2.0567031311376747,0,0,-0.002034611826666661,1.289523557379546e-10,1.6615384505345263,0.011524289184439311,1.289523557379546e-10,89368582.05101687,0,0,0,2,2,0,0,0.011999998241662979
3002,20,1,5,20,25e844798a9aed4e771369fa30520769329c3e08a5cb87c6150a8d2b99ef88d6,0bc601d8605a9532d518cc9ec06d7054f26c5dc8b8d4b9e7a46288d2e669208a,0.011919415555894375,0.0,-0.004391396418213844,-0.004391396418213844,3.469446951953614e-18,0.011919415555894375,0.0,0,1,0.9076921939849854,0.20944694064039504,13,1.661538353333106,0.0036955611850444763,0.0031876080785189155,0.011919415555894375,-0.004391396418213848,0.011919415555894375,0.004391396418213848,0.004437269177287817,0.005395963788032532,0.004437269177287817,0,0.011919415788725019,0.0,2.3283064365386963e-10,0.011919415788725019,0,6.317977495340354e-10,0.0,0,0,12,9,13,13,0,1,1,1,0.0,0.0,0.0,1,0.015325109707191586,0.009365401812829077,0.005959707894362509,0.005959707894362509,inf,inf,0,0,-0.004391397050011594,3.469446951953614e-18,1.6615384505345263,0.009902283820437468,3.469446951953614e-18,inf,0,0,0,5,4,0,0,0.029999999329447746
3002,20,2,0,20,25e844798a9aed4e771369fa30520769329c3e08a5cb87c6150a8d2b99ef88d6,0bc601d8605a9532d518cc9ec06d7054f26c5dc8b8d4b9e7a46288d2e669208a,0.03459600359201431,0.036000000312924385,0.0027201909106224775,0.0027201909106224775,0.0020769229522691335,0.03459600359201431,0.036000000312924385,1,4,0.9076921939849854,0.20944694064039504,13,1.661538353333106,0.008694102193658177,0.006324139230790929,0.0014039967209100723,0.000643267958353344,0.0014039967209100723,0.000643267958353344,0.003323607612401247,0.007584285456687212,0.003323607612401247,0,0.03459600266069174,0.036000000312924385,9.313225746154785e-10,0.03459600266069174,0,1.9690547976847217e-10,1.734723475976807e-18,10,2,8,9,1,1,1,0,0,0,0.006000000983476639,0.023999999277293682,0.006000000983476639,0,0.017972566187381744,0.0006745648570358753,0.01729800133034587,0.01729800133034587,2.8829997491638277,2.995427206908177,0,0,0.0027201911075279573,0.0020769229522691317,1.6615384505345263,0.02874129432776705,0.0020769229522691317,13.838401803189614,1,0,0,1,1,1,1,0.012000001966953278
3002,20,2,1,20,25e844798a9aed4e771369fa30520769329c3e08a5cb87c6150a8d2b99ef88d6,0bc601d8605a9532d518cc9ec06d7054f26c5dc8b8d4b9e7a46288d2e669208a,0.029801104217767715,0.0,-0.0004614324716385454,-0.0004614324716385454,0.0,0.029801104217767715,0.0,0,1,0.9076921939849854,0.20944694064039504,13,1.661538353333106,0.007827992510963062,0.006083147820724539,0.029801104217767715,-0.0004614324716385454,0.029801104217767715,0.0004614324716385454,0.005956829525530338,0.010705545544624329,0.005956829525530338,0,0.029801104217767715,0.0,0.0,0.029801104217767715,0,3.740435504731576e-09,1.734723475976807e-18,0,0,7,9,13,13,0,1,1,1,0.0,0.0,0.0,1,0.01623566821217537,0.0013351161032915115,0.014900552108883858,0.014900552108883858,inf,inf,0,0,-0.00046142873120304066,-1.734723475976807e-18,1.6615384505345263,0.024757840263103854,1.734723475976807e-18,inf,0,0,0,3,3,0,0,0.036000000312924385
3002,20,2,3,20,25e844798a9aed4e771369fa30520769329c3e08a5cb87c6150a8d2b99ef88d6,0bc601d8605a9532d518cc9ec06d7054f26c5dc8b8d4b9e7a46288d2e669208a,0.02966831810772419,0.0,0.002264621900394559,0.002264621900394559,-3.469446951953614e-18,0.02966831810772419,0.0,0,1,0.9076923131942749,0.2094469155167731,13,1.661538461366525,0.008023917873518971,0.006509497050835183,0.02966831810772419,0.0022646219003945624,0.02966831810772419,0.0022646219003945624,0.003950709477066994,0.011112125590443611,0.003950709477066994,0,0.029668317642062902,0.0,4.656612873077393e-10,0.029668317642062902,0,8.938289951937461e-10,3.469446951953614e-18,0,0,7,9,13,13,0,1,1,1,0.0,0.0,0.0,1,0.015929758548736572,0.001095599727705121,0.014834158821031451,0.014834158821031451,inf,inf,0,0,0.0022646210065655637,-6.938893903907228e-18,1.6615384522538923,0.02464752528798502,6.938893903907228e-18,inf,0,0,0,4,4,0,0,0.036000000312924385
3002,20,2,4,20,25e844798a9aed4e771369fa30520769329c3e08a5cb87c6150a8d2b99ef88d6,0bc601d8605a9532d518cc9ec06d7054f26c5dc8b8d4b9e7a46288d2e669208a,0.031373295933008194,0.0,0.003418506355956197,0.003418506355956197,0.0,0.031373295933008194,0.0,0,1,0.9076921939849854,0.20944694064039504,13,1.661538353333106,0.008721513650157465,0.006943827924820093,0.031373295933008194,0.003418506355956197,0.031373295933008194,0.003418506355956197,0.007081578020006418,0.006621021777391434,0.007081578020006418,0,0.03137329570017755,0.0,2.3283064365386963e-10,0.03137329570017755,0,1.8620019449910874e-09,1.734723475976807e-18,0,0,8,9,13,13,0,1,1,1,0.0,0.0,0.0,1,0.01629078364931047,-0.0006041357992216945,0.015686647850088775,0.015686647850088775,inf,inf,0,0,0.003418504493954252,-1.734723475976807e-18,1.6615384505345263,0.02606396856291726,1.734723475976807e-18,inf,0,0,0,5,2,0,0,0.036000000312924385
3002,20,2,5,20,25e844798a9aed4e771369fa30520769329c3e08a5cb87c6150a8d2b99ef88d6,0bc601d8605a9532d518cc9ec06d7054f26c5dc8b8d4b9e7a46288d2e669208a,0.028138743713498116,0.023999998345971107,-0.002083859406411648,-0.002083859406411648,1.289523557379546e-10,0.028138743713498116,0.023999998345971107,1,3,0.9076921939849854,0.20944694064039504,13,1.661538353333106,0.008122189545510082,0.006437815604566118,0.004138745367527008,-0.0020838595353640035,0.004138745367527008,0.0020838595353640035,0.007069943472743034,0.007698133587837219,0.007069943472743034,0,0.028138743713498116,0.023999998345971107,0.0,0.027817951515316963,0,4.937901840890158e-10,0.0,10,11,10,9,1,1,1,1,0,0,0.011999998241662979,0.012000000104308128,0.011999998241662979,0,0.014289215207099915,0.00038023944944143295,0.013908975757658482,0.013908975757658482,1.1590814829761968,1.1907681084059636,0,0,-0.0020838589126214637,1.289523557379546e-10,1.6615384505345263,0.023110298028902163,1.289523557379546e-10,179215787.8516375,0,0,0,2,5,0,0,0.012000001966953278
3002,21,0,1,21,a0a4c7983cd32f0be859a4023657cf6b9b61d9acf670f36044e2bebe9baa7ec7,0bc601d8605a9532d518cc9ec06d7054f26c5dc8b8d4b9e7a46288d2e669208a,0.041885461658239365,0.0,0.013512223958969116,0.013512223958969116,0.0,0.041885461658239365,0.0,0,1,0.9076921939849854,0.20944694064039504,13,1.661538353333106,0.012973081226267141,0.011286787451768414,0.041885461658239365,0.013512223958969116,0.041885461658239365,0.013512223958969116,0.006809818092733622,0.020748423412442207,0.006809818092733622,0,0.04188546305522323,0.0,1.3969838619232178e-09,0.04188546305522323,0,4.943796760858987e-10,0.0,0,0,3,8,13,13,0,1,1,1,0.0,0.0,0.0,1,0.11746569350361824,-0.09652296197600663,0.020942731527611613,0.020942731527611613,inf,inf,0,0,0.013512224453348792,0.0,1.6615384505345263,0.03479715369234837,0.0,inf,0,0,0,3,1,0,1,0.04800000041723251
3002,21,0,2,21,a0a4c7983cd32f0be859a4023657cf6b9b61d9acf670f36044e2bebe9baa7ec7,0bc601d8605a9532d518cc9ec06d7054f26c5dc8b8d4b9e7a46288d2e669208a,0.037864431738853455,0.04800000041723251,0.00567801296710968,0.00567801296710968,0.004569229682592255,0.037864431738853455,0.04800000041723251,1,5,0.9076921939849854,0.20944694064039504,13,1.6615383533331063,0.012800148185383223,0.010272571431285533,0.010135568678379059,0.0011087832845174256,0.010135568678379059,0.0011087832845174256,0.006817307323217392,0.01422228291630745,0.006817307323217392,0,0.03786443138960749,0.04800000041723251,3.4924596548080444e-10,0.04638882540166378,0,2.8746339857110836e-10,6.938893903907228e-18,10,1,0,12,1,1,1,0,0,0,0.015000000596046448,0.012000001966953278,0.012000001966953278,0,0.11664149165153503,-0.09344707895070314,0.02319441270083189,0.02319441270083189,1.9328674082476671,9.720122711042318,0,0,0.005678013254573079,0.004569229682592248,1.661538450534526,0.03853840853999855,0.004569229682592248,8.434333841177068,1,0,0,1,4,1,0,0.023999996483325958
3002,21,0,3,21,a0a4c7983cd32f0be859a4023657cf6b9b61d9acf670f36044e2bebe9baa7ec7,0bc601d8605a9532d518cc9ec06d7054f26c5dc8b8d4b9e7a46288d2e669208a,0.033476024866104126,0.0,0.006560983136296272,0.006560983136296272,0.0,0.033476024866104126,0.0,0,1,0.9076923131942749,0.2094469155167731,13,1.661538461366525,0.01057487481732751,0.009253915078309779,0.033476024866104126,0.006560983136296272,0.033476024866104126,0.006560983136296272,0.005676508881151676,0.01852470450103283,0.005676508881151676,0,0.033476024225819856,0.0,6.402842700481415e-10,0.033476024225819856,0,9.34403573613074e-10,6.938893903907228e-18,0,0,3,7,13,13,0,1,1,1,0.0,0.0,0.0,1,0.11698590591549873,-0.1002478938025888,0.016738012112909928,0.016738012112909928,inf,inf,0,0,0.006560982201892699,-6.938893903907228e-18,1.6615384522538923,0.027810850739891264,6.938893903907228e-18,inf,0,0,0,4,5,0,0,0.04800000041723251
3002,21,0,4,21,a0a4c7983cd32f0be859a4023657cf6b9b61d9acf670f36044e2bebe9baa7ec7,0bc601d8605a9532d518cc9ec06d7054f26c5dc8b8d4b9e7a46288d2e669208a,0.038424450904130936,0.0,0.01468393299728632,0.01468393299728632,0.0,0.038424450904130936,0.0,0,1,0.9076921939849854,0.20944694064039504,13,1.661538353333106,0.013364418060333113,0.011971592701304724,0.038424450904130936,0.01468393299728632,0.038424450904130936,0.01468393299728632,0.008358743041753769,0.019696727395057678,0.008358743041753769,0,0.038424451544415206,0.0,6.402842700481415e-10,0.038424451544415206,0,3.609733345566468e-10,0.0,0,0,3,4,13,13,0,1,1,1,0.0,0.0,0.0,1,0.12216704711318016,-0.10295482134097256,0.019212225772207603,0.019212225772207603,inf,inf,0,0,0.014683932636312985,0.0,1.6615384505345263,0.031921851840873317,0.0,inf,0,0,0,5,3,0,0,0.04800000041723251
3002,21,0,5,21,a0a4c7983cd32f0be859a4023657cf6b9b61d9acf670f36044e2bebe9baa7ec7,0bc601d8605a9532d518cc9ec06d7054f26c5dc8b8d4b9e7a46288d2e669208a,0.04088271036744118,0.024000003933906555,0.01340721920132637,0.01340721920132637,0.0,0.04088271036744118,0.024000003933906555,1,3,0.9076921939849854,0.20944694064039504,13,1.661538353333106,0.010893034630501734,0.008838693124308256,0.016882706433534622,0.01340721920132637,0.016882706433534622,0.01340721920132637,0.009285572916269302,0.0228678397834301,0.009285572916269302,0,0.04088271188084036,0.024000003933906555,1.5133991837501526e-09,0.03900921967579052,0,4.4565024934217767e-10,6.938893903907228e-18,10,11,10,12,1,1,1,1,0,0,0.012000001966953278,0.012000001966953278,0.012000001966953278,0,0.12254652008414268,-0.10304191024624743,0.01950460983789526,0.01950460983789526,1.625383886736758,10.212208333100502,0,0,0.013407218755676121,6.938893903907228e-18,1.6615384505345263,0.032407659208336964,6.938893903907228e-18,inf,0,0,0,2,2,0,0,0.023999996483325958
3002,21,1,0,21,a0a4c7983cd32f0be859a4023657cf6b9b61d9acf670f36044e2bebe9baa7ec7,0bc601d8605a9532d518cc9ec06d7054f26c5dc8b8d4b9e7a46288d2e669208a,0.010431954637169838,0.0,-0.004393224138766527,-0.004393224138766527,3.469446951953614e-18,0.010431954637169838,0.0,0,1,0.9076921939849854,0.20944694064039504,13,1.661538353333106,0.0031854271723957567,0.0026243381290393473,0.010431954637169838,-0.004393224138766531,0.010431954637169838,0.004393224138766531,0.004910531919449568,0.008926758542656898,0.004910531919449568,0,0.01043195417150855,0.0,4.656612873077393e-10,0.01043195417150855,0,8.552913845910615e-11,3.469446951953614e-18,0,0,11,1,13,13,0,1,1,1,0.0,0.0,0.0,1,0.013249540235847235,0.00803356315009296,0.005215977085754275,0.005215977085754275,inf,inf,0,0,-0.004393224224295666,0.0,1.6615384505345263,0.008666546485087752,0.0,inf,0,0,0,3,3,0,0,0.029999999329447746
3002,21,1,2,21,a0a4c7983cd32f0be859a4023657cf6b9b61d9acf670f36044e2bebe9baa7ec7,0bc601d8605a9532d518cc9ec06d7054f26c5dc8b8d4b9e7a46288d2e669208a,0.00920067448168993,0.0,-0.002694659633561969,-0.002694659633561969,3.469446951953614e-18,0.00920067448168993,0.0,0,1,0.9076921939849854,0.20944694064039504,13,1.6615383533331063,0.0029069078873898897,0.002404571362060203,0.00920067448168993,-0.0026946596335619723,0.00920067448168993,0.0026946596335619723,0.00413439841940999,0.008381608873605728,0.00413439841940999,0,0.00920067448168993,0.0,0.0,0.00920067448168993,0,3.260269207383537e-10,2.6020852139652106e-18,0,0,4,6,13,13,0,1,1,1,0.0,0.0,0.0,1,0.011775553226470947,0.007175215985625982,0.004600337240844965,0.004600337240844965,inf,inf,0,0,-0.0026946599595888895,8.673617379884035e-19,1.661538450534526,0.00764363721108982,8.673617379884035e-19,inf,0,0,0,4,5,0,0,0.029999999329447746
3002,21,1,3,21,a0a4c7983cd32f0be859a4023657cf6b9b61d9acf670f36044e2bebe9baa7ec7,0bc601d8605a9532d518cc9ec06d7054f26c5dc8b8d4b9e7a46288d2e669208a,0.016970818862318993,0.029999999329447746,-0.008253083564341068,-0.008253083564341068,-0.01349999944550487,0.016970818862318993,0.029999999329447746,1,3,0.9076923131942749,0.2094469155167731,13,1.661538461366525,0.005068514967184841,0.004291346317333494,0.013029180467128754,0.005246915881163801,0.013029180467128754,0.005246915881163801,0.007385236211121082,0.007716883905231953,0.007385236211121082,0,0.01697081932798028,0.029999999329447746,4.656612873077393e-10,0.01758792018517852,0,9.013225582554796e-10,0.0,10,11,12,11,1,1,1,0,1,0,0.014999999897554517,0.01499999943189323,0.01499999943189323,0,0.00930010317824781,-0.0005061430856585503,0.00879396009258926,0.00879396009258926,0.5862640283766548,0.6200069020318619,0,0,-0.00825308266301851,-0.01349999944550487,1.6615384522538923,0.014611502841423252,0.01349999944550487,1.0823335882645895,1,0,0,1,1,1,1,0.011999998241662979
3002,21,1,4,21,a0a4c7983cd32f0be859a4023657cf6b9b61d9acf670f36044e2bebe9baa7ec7,0bc601d8605a9532d518cc9ec06d7054f26c5dc8b8d4b9e7a46288d2e669208a,0.013450367376208305,0.018000001087784767,-0.0002983340818900615,-0.0002983340818900615,1.2895235226850765e-10,0.013450367376208305,0.018000001087784767,1,3,0.9076921939849854,0.20944694064039504,13,1.661538353333106,0.003736897169899395,0.0030322224811028093,0.004549633711576462,-0.00029833421084241377,0.004549633711576462,0.00029833421084241377,0.001917598769068718,0.007940050214529037,0.001917598769068718,0,0.013450367841869593,0.018000001087784767,4.656612873077393e-10,0.013450367841869593,0,5.078067393665675e-11,5.204170427930421e-18,10,11,12,0,1,1,1,0,0,0,0.008999999612569809,0.009000001475214958,0.008999999612569809,0,0.016737047117203474,0.010011863196268678,0.006725183920934796,0.006725183920934796,0.7472426900487972,1.8596719819662828,0,0,-0.00029833403110938756,1.2895235747267808e-10,1.6615384505345263,0.011174151671549712,1.2895235747267808e-10,86653333.76256612,0,0,0,2,2,0,0,0.011999998241662979
3002,21,1,5,21,a0a4c7983cd32f0be859a4023657cf6b9b61d9acf670f36044e2bebe9baa7ec7,0bc601d8605a9532d518cc9ec06d7054f26c5dc8b8d4b9e7a46288d2e669208a,0.009748946875333786,0.0,-0.005715334787964821,-0.005715334787964821,3.469446951953614e-18,0.009748946875333786,0.0,0,1,0.9076921939849854,0.20944694064039504,13,1.661538353333106,0.0033257593730638794,0.002902999735222413,0.009748946875333786,-0.005715334787964824,0.009748946875333786,0.005715334787964824,0.003224331187084317,0.004660024307668209,0.003224331187084317,0,0.009748947340995073,0.0,4.656612873077393e-10,0.009748947340995073,0,3.8124398603345266e-10,0.0,0,0,12,0,13,13,0,1,1,1,0.0,0.0,0.0,1,0.011571107897907495,0.006696634227409959,0.004874473670497537,0.004874473670497537,inf,inf,0,0,-0.005715335169208807,3.469446951953614e-18,1.6615384505345263,0.008099125429649823,3.469446951953614e-18,inf,0,0,0,5,4,0,0,0.029999999329447746
3002,21,2,0,21,a0a4c7983cd32f0be859a4023657cf6b9b61d9acf670f36044e2bebe9baa7ec7,0bc601d8605a9532d518cc9ec06d7054f26c5dc8b8d4b9e7a46288d2e669208a,0.033465106040239334,0.03599999891594052,0.0015488066710531712,0.0015488066710531712,0.0020769230489833986,0.033465106040239334,0.03599999891594052,1,4,0.9076921939849854,0.20944694064039504,13,1.661538353333106,0.009849333737223217,0.007876525225239041,0.002534892875701189,-0.0005281163779302274,0.002534892875701189,0.0005281163779302274,0.00834331102669239,0.009123627096414566,0.00834331102669239,0,0.03346510650590062,0.03599999891594052,4.656612873077393e-10,0.0375842172652483,0,5.807742863017662e-10,0.0,10,2,7,9,1,1,1,0,0,0,0.0059999991208314896,0.024000000674277544,0.0059999991208314896,0,0.021223619114607573,0.0024315104819834232,0.01879210863262415,0.01879210863262415,3.132018564366041,3.537270370744049,0,0,0.0015488072518274575,0.0020769230489833986,1.6615384505345263,0.031223811059726825,0.0020769230489833986,15.033687008774876,1,0,0,1,3,1,0,0.011999998707324266
3002,21,2,1,21,a0a4c7983cd32f0be859a4023657cf6b9b61d9acf670f36044e2bebe9baa7ec7,0bc601d8605a9532d518cc9ec06d7054f26c5dc8b8d4b9e7a46288d2e669208a,0.030724655836820602,0.0,-0.0031289253383874893,-0.0031289253383874893,0.0,0.030724655836820602,0.0,0,1,0.9076921939849854,0.20944694064039504,13,1.661538353333106,0.0077962132824437045,0.006104984976483519,0.030724655836820602,-0.0031289253383874893,0.030724655836820602,0.0031289253383874893,0.005430411547422409,0.013144081458449364,0.005430411547422409,0,0.030724655836820602,0.0,0.0,0.030724655836820602,0,1.0538809078891598e-09,1.734723475976807e-18,0,0,7,9,13,13,0,1,1,1,0.0,0.0,0.0,1,0.01727326028048992,0.0019109323620796204,0.015362327918410301,0.015362327918410301,inf,inf,0,0,-0.003128926392268397,1.734723475976807e-18,1.6615384505345263,0.025525098526158748,1.734723475976807e-18,inf,0,0,0,3,5,0,0,0.03599999891594052
3002,21,2,3,21,a0a4c7983cd32f0be859a4023657cf6b9b61d9acf670f36044e2bebe9baa7ec7,0bc601d8605a9532d518cc9ec06d7054f26c5dc8b8d4b9e7a46288d2e669208a,0.03341614454984665,0.0,0.002472277730703354,0.002472277730703354,0.0,0.03341614454984665,0.0,0,1,0.9076923131942749,0.2094469155167731,13,1.661538461366525,0.00859225622436848,0.00669847505949658,0.03341614454984665,0.002472277730703354,0.03341614454984665,0.002472277730703354,0.004540469031780958,0.01418362371623516,0.004540469031780958,0,0.033416145481169224,0.0,9.313225746154785e-10,0.033416145481169224,0,1.4118250023925638e-09,1.734723475976807e-18,0,0,8,9,13,13,0,1,1,1,0.0,0.0,0.0,1,0.018859760835766792,0.0021516880951821804,0.016708072740584612,0.016708072740584612,inf,inf,0,0,0.0024722791425283563,-1.734723475976807e-18,1.6615384522538923,0.027761105321536403,1.734723475976807e-18,inf,0,0,0,4,4,0,0,0.03599999891594052
3002,21,2,4,21,a0a4c7983cd32f0be859a4023657cf6b9b61d9acf670f36044e2bebe9baa7ec7,0bc601d8605a9532d518cc9ec06d7054f26c5dc8b8d4b9e7a46288d2e669208a,0.034911468625068665,0.0,0.004560713190585375,0.004560713190585375,0.0,0.034911468625068665,0.0,0,1,0.9076921939849854,0.20944694064039504,13,1.661538353333106,0.009039544206073202,0.00708943746499056,0.034911468625068665,0.004560713190585375,0.034911468625068665,0.004560713190585375,0.002856071572750807,0.01166587881743908,0.002856071572750807,0,0.0349114672280848,0.0,1.3969838619232178e-09,0.0349114672280848,0,9.077968307624751e-10,1.734723475976807e-18,0,0,8,9,13,13,0,1,1,1,0.0,0.0,0.0,1,0.017583569511771202,0.00012783589772880077,0.0174557336140424,0.0174557336140424,inf,inf,0,0,0.004560712282788544,-1.734723475976807e-18,1.6615384505345263,0.02900337258201946,1.734723475976807e-18,inf,0,0,0,5,2,0,0,0.03599999891594052
3002,21,2,5,21,a0a4c7983cd32f0be859a4023657cf6b9b61d9acf670f36044e2bebe9baa7ec7,0bc601d8605a9532d518cc9ec06d7054f26c5dc8b8d4b9e7a46288d2e669208a,0.03723324462771416,0.024000000208616257,-0.003298923373222351,-0.003298923373222351,0.0,0.03723324462771416,0.024000000208616257,1,3,0.9076921939849854,0.20944694064039504,13,1.661538353333106,0.009648093070478654,0.0076640913340114275,0.0132332444190979,-0.003298923373222351,0.0132332444190979,0.003298923373222351,0.005061965901404619,0.01264891866594553,0.005061965901404619,0,0.03723324462771416,0.024000000208616257,0.0,0.03723324462771416,0,1.2214418365630308e-10,1.734723475976807e-18,10,11,7,9,1,1,1,0,0,0,0.012000000104308128,0.012000000104308128,0.012000000104308128,0,0.021305961534380913,0.0026893392205238342,0.01861662231385708,0.01861662231385708,1.5513851793362494,1.7754967790985139,0,0,-0.0032989232510781674,1.734723475976807e-18,1.6615384505345263,0.030932233793552578,1.734723475976807e-18,inf,0,0,0,2,1,0,1,0.011999998707324266
3002,22,0,1,22,b4fb940e3fb20e65828b0bbb5d1f0b21464dc5296c4c2fa3a87eb8fa69041c56,0bc601d8605a9532d518cc9ec06d7054f26c5dc8b8d4b9e7a46288d2e669208a,0.01851724088191986,0.0,0.003021456068381667,0.003021456068381667,3.469446951953614e-18,0.01851724088191986,0.0,0,1,0.9076921939849854,0.20944694064039504,13,1.661538353333106,0.0047648106328872135,0.0036214629640064296,0.01851724088191986,0.0030214560683816637,0.01851724088191986,0.0030214560683816637,0.006144407670944929,0.013178243301808834,0.006144407670944929,0,0.018517241347581148,0.0,4.656612873077393e-10,0.018517241347581148,0,6.24751460634454e-10,1.734723475976807e-18,0,0,3,8,13,13,0,1,1,1,0.0,0.0,0.0,1,0.02528697671368718,-0.016028356039896607,0.009258620673790574,0.009258620673790574,inf,inf,0,0,0.0030214566931331278,5.204170427930421e-18,1.6615384505345263,0.015383554248416923,5.204170427930421e-18,inf,0,0,0,3,1,0,1,0.04799999902024865
3002,22,0,2,22,b4fb940e3fb20e65828b0bbb5d1f0b21464dc5296c4c2fa3a87eb8fa69041c56,0bc601d8605a9532d518cc9ec06d7054f26c5dc8b8d4b9e7a46288d2e669208a,0.01708666980266571,0.04799999902024865,0.007730839308351278,0.007730839308351278,-0.00041538503533945087,0.01708666980266571,0.04799999902024865,1,5,0.9076921939849854,0.20944694064039504,13,1.6615383533331063,0.011257867789375606,0.008962564269554687,0.03091332921758294,0.00814622434369073,0.03091332921758294,0.00814622434369073,0.0018004578305408359,0.006607833784073591,0.0018004578305408359,0,0.017086670268326998,0.04799999902024865,4.656612873077393e-10,0.043995334301143885,0,1.1272819205876417e-09,0.0,10,1,9,12,1,1,1,0,0,0,0.017999999225139618,0.012000000569969416,0.012000000569969416,0,0.03183627873659134,-0.009838611586019397,0.021997667150571942,0.021997667150571942,1.8331388421449057,2.6530231020374426,0,0,0.007730840435633199,-0.00041538503533945087,1.661538450534526,0.036549969792735545,0.00041538503533945087,87.99057906086354,0,0,0,1,4,1,0,0.023999998811632395
3002,22,0,3,22,b4fb940e3fb20e65828b0bbb5d1f0b21464dc5296c4c2fa3a87eb8fa69041c56,0bc601d8605a9532d518cc9ec06d7054f26c5dc8b8d4b9e7a46288d2e669208a,0.014343596063554287,0.0,0.002996854716911912,0.002996854716911912,0.0,0.014343596063554287,0.0,0,1,0.9076923131942749,0.2094469155167731,13,1.661538461366525,0.0037526564291795947,0.0028532907014062418,0.014343596063554287,0.002996854716911912,0.014343596063554287,0.002996854716911912,0.0035069684963673353,0.008582467213273048,0.0035069684963673353,0,0.014343596063554287,0.0,0.0,0.014343596063554287,0,1.0662751306900198e-09,3.469446951953614e-18,0,0,0,12,13,13,0,1,1,1,0.0,0.0,0.0,1,0.017558234743773937,-0.010386436711996794,0.0071717980317771435,0.0071717980317771435,inf,inf,0,0,0.0029968536506367813,-3.469446951953614e-18,1.6615384522538923,0.011916218201596506,3.469446951953614e-18,inf,0,0,0,4,5,0,0,0.04799999902024865
3002,22,0,4,22,b4fb940e3fb20e65828b0bbb5d1f0b21464dc5296c4c2fa3a87eb8fa69041c56,0bc601d8605a9532d518cc9ec06d7054f26c5dc8b8d4b9e7a46288d2e669208a,0.017224568873643875,0.0,0.0010049903066828847,0.0010049903066828847,0.0,0.017224568873643875,0.0,0,1,0.9076921939849854,0.20944694064039504,13,1.661538353333106,0.004975614674068926,0.004129206949084468,0.017224568873643875,0.0010049903066828847,0.017224568873643875,0.0010049903066828847,0.0032390898559242487,0.0068922219797968864,0.0032390898559242487,0,0.017224568873643875,0.0,0.0,0.017224568873643875,0,2.0691189386856657e-09,5.204170427930421e-18,0,0,3,12,13,13,0,1,1,1,0.0,0.0,0.0,1,0.023360976949334145,-0.014748692512512207,0.008612284436821938,0.008612284436821938,inf,inf,0,0,0.0010049923758018234,5.204170427930421e-18,1.6615384505345263,0.014309641738719738,5.204170427930421e-18,inf,0,0,0,5,3,0,0,0.04799999902024865
3002,22,0,5,22,b4fb940e3fb20e65828b0bbb5d1f0b21464dc5296c4c2fa3a87eb8fa69041c56,0bc601d8605a9532d518cc9ec06d7054f26c5dc8b8d4b9e7a46288d2e669208a,0.01782730221748352,0.024000000208616257,0.0029781393241137266,0.0029781393241137266,0.0,0.01782730221748352,0.024000000208616257,1,3,0.9076921939849854,0.20944694064039504,13,1.661538353333106,0.004846449493080995,0.004148609550482423,0.006172697991132736,0.0029781393241137266,0.006172697991132736,0.0029781393241137266,0.0067022074945271015,0.009640906937420368,0.0067022074945271015,0,0.017827303148806095,0.024000000208616257,9.313225746154785e-10,0.015649918466806412,0,2.305000973076843e-09,3.469446951953614e-18,10,11,10,12,1,1,1,1,0,0,0.012000000104308128,0.012000000104308128,0.012000000104308128,0,0.020679441280663013,-0.012854482047259808,0.007824959233403206,0.007824959233403206,0.6520799304488307,1.723286758409183,0,0,0.0029781416291146997,3.469446951953614e-18,1.6615384505345263,0.013001470640164598,3.469446951953614e-18,inf,0,0,0,2,2,0,0,0.023999998811632395
3002,22,1,0,22,b4fb940e3fb20e65828b0bbb5d1f0b21464dc5296c4c2fa3a87eb8fa69041c56,0bc601d8605a9532d518cc9ec06d7054f26c5dc8b8d4b9e7a46288d2e669208a,0.011512568220496178,0.0,0.00048384247929789126,0.00048384247929789126,0.0,0.011512568220496178,0.0,0,1,0.9076921939849854,0.20944694064039504,13,1.661538353333106,0.003630751217943084,0.0030431760331759085,0.011512568220496178,0.00048384247929789126,0.011512568220496178,0.00048384247929789126,0.0035314257256686687,0.005090986844152212,0.0035314257256686687,0,0.01151256775483489,0.0,4.656612873077393e-10,0.01151256775483489,0,5.5591256858250615e-11,2.6020852139652106e-18,0,0,12,1,13,13,0,1,1,1,0.0,0.0,0.0,1,0.01407210947945714,0.008315825602039695,0.005756283877417445,0.005756283877417445,inf,inf,0,0,0.0004838424237066344,2.6020852139652106e-18,1.6615384505345263,0.009564286994521057,2.6020852139652106e-18,inf,0,0,0,3,5,0,0,0.029999999329447746
3002,22,1,2,22,b4fb940e3fb20e65828b0bbb5d1f0b21464dc5296c4c2fa3a87eb8fa69041c56,0bc601d8605a9532d518cc9ec06d7054f26c5dc8b8d4b9e7a46288d2e669208a,0.01310741063207388,0.0,-0.0038434204179793596,-0.0038434204179793596,3.469446951953614e-18,0.01310741063207388,0.0,0,1,0.9076921939849854,0.20944694064039504,13,1.6615383533331063,0.003752413877082071,0.003004150002224911,0.01310741063207388,-0.003843420417979363,0.01310741063207388,0.003843420417979363,0.002589310985058546,0.005089468322694302,0.002589310985058546,0,0.01310741063207388,0.0,0.0,0.01310741063207388,0,6.164856004159391e-10,2.6020852139652106e-18,0,0,12,2,13,13,0,1,1,1,0.0,0.0,0.0,1,0.014834080822765827,0.008280375506728888,0.00655370531603694,0.00655370531603694,inf,inf,0,0,-0.003843419801493759,8.673617379884035e-19,1.661538450534526,0.010889233376067902,8.673617379884035e-19,inf,0,0,0,4,3,0,0,0.029999999329447746
3002,22,1,3,22,b4fb940e3fb20e65828b0bbb5d1f0b21464dc5296c4c2fa3a87eb8fa69041c56,0bc601d8605a9532d518cc9ec06d7054f26c5dc8b8d4b9e7a46288d2e669208a,0.019631054252386093,0.029999999329447746,-0.00951587688177824,-0.00951587688177824,-0.01349999944550487,0.019631054252386093,0.029999999329447746,1,3,0.9076923131942749,0.2094469155167731,13,1.661538461366525,0.0046641601930533,0.003917715227032995,0.010368945077061653,0.003984122563726629,0.010368945077061653,0.003984122563726629,0.0062790922820568085,0.005707739852368832,0.0062790922820568085,0,0.01963105471804738,0.029999999329447746,4.656612873077393e-10,0.017530449433252215,0,3.8898753142169173e-10,0.0,10,11,12,11,1,1,1,0,1,0,0.014999999897554517,0.01499999943189323,0.01499999943189323,0,0.010777850402519107,0.002012625685892999,0.008765224716626108,0.008765224716626108,0.5843483365732236,0.7185233873811405,0,0,-0.009515876492790709,-0.01349999944550487,1.6615384522538923,0.014563757909320504,0.01349999944550487,1.078796926482085,1,0,0,1,1,1,1,0.011999998241662979
3002,22,1,4,22,b4fb940e3fb20e65828b0bbb5d1f0b21464dc5296c4c2fa3a87eb8fa69041c56,0bc601d8605a9532d518cc9ec06d7054f26c5dc8b8d4b9e7a46288d2e669208a,0.01567748561501503,0.018000001087784767,-0.002101805293932557,-0.002101805293932557,1.289523557379546e-10,0.01567748561501503,0.018000001087784767,1,3,0.9076921939849854,0.20944694064039504,13,1.661538353333106,0.003726070582921192,0.0030202557079317656,0.0023225154727697372,-0.002101805422884913,0.0023225154727697372,0.002101805422884913,0.002788847079500556,0.006197577342391014,0.002788847079500556,0,0.015677486546337605,0.018000001087784767,9.313225746154785e-10,0.013781731016933918,0,9.174028611433349e-10,0.0,10,11,12,11,1,1,1,0,1,0,0.008999999612569809,0.009000001475214958,0.008999999612569809,0,0.018494771793484688,0.011603906285017729,0.006890865508466959,0.006890865508466959,0.7656517561226184,2.05497473218266,0,0,-0.0021018062113354182,1.289523557379546e-10,1.6615384505345263,0.011449437999780002,1.289523557379546e-10,88788125.92649738,0,0,0,2,2,0,0,0.011999998241662979
3002,22,1,5,22,b4fb940e3fb20e65828b0bbb5d1f0b21464dc5296c4c2fa3a87eb8fa69041c56,0bc601d8605a9532d518cc9ec06d7054f26c5dc8b8d4b9e7a46288d2e669208a,0.011957256123423576,0.0,-0.0043524038046598434,-0.0043524038046598434,3.469446951953614e-18,0.011957256123423576,0.0,0,1,0.9076921939849854,0.20944694064039504,13,1.661538353333106,0.003697434440303842,0.0031881259765321685,0.011957256123423576,-0.004352403804659847,0.011957256123423576,0.004352403804659847,0.004459452349692583,0.0053570568561553955,0.004459452349692583,0,0.011957256123423576,0.0,0.0,0.011957256123423576,0,1.3828245683938922e-09,0.0,0,0,12,9,13,13,0,1,1,1,0.0,0.0,0.0,1,0.015317381359636784,0.009338753297924995,0.005978628061711788,0.005978628061711788,inf,inf,0,0,-0.004352402421835275,3.469446951953614e-18,1.6615384505345263,0.009933720405978843,3.469446951953614e-18,inf,0,0,0,5,4,0,0,0.029999999329447746
3002,22,2,0,22,b4fb940e3fb20e65828b0bbb5d1f0b21464dc5296c4c2fa3a87eb8fa69041c56,0bc601d8605a9532d518cc9ec06d7054f26c5dc8b8d4b9e7a46288d2e669208a,0.03464720770716667,0.036000000312924385,0.0027228721883147955,0.0027228721883147955,0.0020769229522691335,0.03464720770716667,0.036000000312924385,1,4,0.9076921939849854,0.20944694064039504,13,1.661538353333106,0.008713428979803605,0.006336937776970618,0.0013527926057577133,0.000645949236045662,0.0013527926057577133,0.000645949236045662,0.0033097167033702135,0.007636937312781811,0.0033097167033702135,0,0.03464720933698118,0.036000000312924385,1.6298145055770874e-09,0.03464720933698118,0,3.3042812912914554e-09,1.734723475976807e-18,10,2,8,9,1,1,1,0,0,0,0.006000000983476639,0.023999999277293682,0.006000000983476639,0,0.017978642135858536,0.0006550374673679471,0.01732360466849059,0.01732360466849059,2.8872669714884953,2.996439864821655,0,0,0.002722875492596087,0.0020769229522691317,1.6615384505345263,0.028783835258556538,0.0020769229522691317,13.858884474799078,1,0,0,1,1,1,1,0.012000001966953278
3002,22,2,1,22,b4fb940e3fb20e65828b0bbb5d1f0b21464dc5296c4c2fa3a87eb8fa69041c56,0bc601d8605a9532d518cc9ec06d7054f26c5dc8b8d4b9e7a46288d2e669208a,0.029809588566422462,0.0,-0.0004451290296856314,-0.0004451290296856314,0.0,0.029809588566422462,0.0,0,1,0.9076921939849854,0.20944694064039504,13,1.661538353333106,0.007840765811395884,0.006090945994051604,0.029809588566422462,-0.0004451290296856314,0.029809588566422462,0.0004451290296856314,0.005992925725877285,0.010695235803723335,0.005992925725877285,0,0.029809588100761175,0.0,4.656612873077393e-10,0.029809588100761175,0,9.400913068835504e-10,1.734723475976807e-18,0,0,7,9,13,13,0,1,1,1,0.0,0.0,0.0,1,0.01622159779071808,0.001316803740337491,0.014904794050380588,0.014904794050380588,inf,inf,0,0,-0.0004451280895943245,-1.734723475976807e-18,1.6615384505345263,0.024764888412005588,1.734723475976807e-18,inf,0,0,0,3,3,0,0,0.036000000312924385
3002,22,2,3,22,b4fb940e3fb20e65828b0bbb5d1f0b21464dc5296c4c2fa3a87eb8fa69041c56,0bc601d8605a9532d518cc9ec06d7054f26c5dc8b8d4b9e7a46288d2e669208a,0.029674267396330833,0.0,0.002275886246934533,0.002275886246934533,-3.469446951953614e-18,0.029674267396330833,0.0,0,1,0.9076923131942749,0.2094469155167731,13,1.661538461366525,0.008035653198672693,0.006518462171348242,0.029674267396330833,0.0022758862469345366,0.029674267396330833,0.0022758862469345366,0.003939952701330185,0.011047137901186943,0.003939952701330185,0,0.029674266930669546,0.0,4.656612873077393e-10,0.029674266930669546,0,1.1980018279483806e-09,3.469446951953614e-18,0,0,7,9,13,13,0,1,1,1,0.0,0.0,0.0,1,0.015886876732110977,0.0010497432667762041,0.014837133465334773,0.014837133465334773,inf,inf,0,0,0.002275887444936361,-6.938893903907228e-18,1.6615384522538923,0.02465246777387677,6.938893903907228e-18,inf,0,0,0,4,4,0,0,0.036000000312924385
3002,22,2,4,22,b4fb940e3fb20e65828b0bbb5d1f0b21464dc5296c4c2fa3a87eb8fa69041c56,0bc601d8605a9532d518cc9ec06d7054f26c5dc8b8d4b9e7a46288d2e669208a,0.03145537152886391,0.0,0.003371128113940358,0.003371128113940358,0.0,0.03145537152886391,0.0,0,1,0.9076921939849854,0.20944694064039504,13,1.661538353333106,0.00874153236138557,0.006958354066109516,0.03145537152886391,0.003371128113940358,0.03145537152886391,0.003371128113940358,0.007068901788443327,0.00664555886760354,0.007068901788443327,0,0.03145537176169455,0.0,2.3283064365386963e-10,0.03145537176169455,0,1.508983122483487e-09,1.734723475976807e-18,0,0,8,9,13,13,0,1,1,1,0.0,0.0,0.0,1,0.01636230223812163,-0.0006346163572743535,0.015727685880847275,0.015727685880847275,inf,inf,0,0,0.0033711296229234806,-1.734723475976807e-18,1.6615384505345263,0.026132154828956727,1.734723475976807e-18,inf,0,0,0,5,2,0,0,0.036000000312924385
3002,22,2,5,22,b4fb940e3fb20e65828b0bbb5d1f0b21464dc5296c4c2fa3a87eb8fa69041c56,0bc601d8605a9532d518cc9ec06d7054f26c5dc8b8d4b9e7a46288d2e669208a,0.028203686699271202,0.023999998345971107,-0.0020745478104799986,-0.0020745478104799986,1.289523557379546e-10,0.028203686699271202,0.023999998345971107,1,3,0.9076921939849854,0.20944694064039504,13,1.661538353333106,0.008143060428221683,0.006450986528229079,0.004203688353300095,-0.0020745479394323543,0.004203688353300095,0.0020745479394323543,0.007103591226041317,0.00777594605460763,0.007103591226041317,0,0.02820368716493249,0.023999998345971107,4.656612873077393e-10,0.027865780983120203,0,9.665538161507392e-10,0.0,10,11,10,9,1,1,1,1,0,0,0.011999998241662979,0.012000000104308128,0.011999998241662979,0,0.014278106391429901,0.0003452158998697996,0.013932890491560102,0.013932890491560102,1.1610743777600137,1.1898423736311496,0,0,-0.0020745468439261824,1.289523557379546e-10,1.6615384505345263,0.023150033278814007,1.289523557379546e-10,179523926.85138243,0,0,0,2,5,0,0,0.012000001966953278
3002,23,0,1,23,3bb8a989b093f4f0435fe4445c2866ae560b92889e9f422647e66eb02092977e,0bc601d8605a9532d518cc9ec06d7054f26c5dc8b8d4b9e7a46288d2e669208a,0.02083296701312065,0.0,0.00015671334404032677,0.00015671334404032677,0.0,0.02083296701312065,0.0,0,1,0.9076921939849854,0.20944694064039504,13,1.661538353333106,0.005297746900929956,0.003915639483981584,0.02083296701312065,0.00015671334404032677,0.02083296701312065,0.00015671334404032677,0.006274168845266104,0.011333625763654709,0.006274168845266104,0,0.020832967944443226,0.0,9.313225746154785e-10,0.020832967944443226,0,4.960268619458308e-10,2.168404344971009e-19,0,0,3,8,13,13,0,1,1,1,0.0,0.0,0.0,1,0.012042426271364093,0.00162594229914248,0.010416483972221613,0.010416483972221613,inf,inf,0,0,0.00015671284801346483,-2.168404344971009e-19,1.6615384505345263,0.017307388639222827,2.168404344971009e-19,inf,0,0,0,3,2,0,0,0.047999996691942215
3002,23,0,2,23,3bb8a989b093f4f0435fe4445c2866ae560b92889e9f422647e66eb02092977e,0bc601d8605a9532d518cc9ec06d7054f26c5dc8b8d4b9e7a46288d2e669208a,0.020913828164339066,0.047999996691942215,0.004887547809630632,0.004887547809630632,-0.0004153848580299637,0.020913828164339066,0.047999996691942215,1,5,0.9076921939849854,0.20944694064039504,13,1.6615383533331063,0.011216430283808008,0.008406848571615944,0.02708616852760315,0.005302932667660596,0.02708616852760315,0.005302932667660596,0.004509856924414635,0.014961259439587593,0.004509856924414635,0,0.020913827698677778,0.047999996691942215,4.656612873077393e-10,0.043757811887189746,0,1.902012644605655e-10,2.168404344971009e-19,10,1,3,7,1,1,1,0,0,0,0.01799999945797026,0.011999998241662979,0.011999998241662979,0,0.02757900394499302,0.005700098001398146,0.021878905943594873,0.021878905943594873,1.8232424291224612,2.298250665507687,0,0,0.004887547619429368,-0.0004153848580299639,1.661538450534526,0.03635264348091126,0.0004153848580299639,87.51557207289667,0,0,0,1,1,1,1,0.023999996483325958
3002,23,0,3,23,3bb8a989b093f4f0435fe4445c2866ae560b92889e9f422647e66eb02092977e,0bc601d8605a9532d518cc9ec06d7054f26c5dc8b8d4b9e7a46288d2e669208a,0.015836913138628006,0.0,0.001682567992247641,0.001682567992247641,0.0,0.015836913138628006,0.0,0,1,0.9076923131942749,0.2094469155167731,13,1.661538461366525,0.003743233328401852,0.002569208740061783,0.015836913138628006,0.001682567992247641,0.015836913138628006,0.001682567992247641,0.00282317865639925,0.008285636082291603,0.00282317865639925,0,0.01583691220730543,0.0,9.313225746154785e-10,0.01583691220730543,0,8.028808802691689e-11,4.336808689942018e-19,0,0,3,7,13,13,0,1,1,1,0.0,0.0,0.0,1,0.011451189173385501,0.0035327330697327852,0.007918456103652716,0.007918456103652716,inf,inf,0,0,0.0016825680725357291,4.336808689942018e-19,1.6615384522538923,0.01315681929870352,4.336808689942018e-19,inf,0,0,0,4,5,0,0,0.047999996691942215
3002,23,0,4,23,3bb8a989b093f4f0435fe4445c2866ae560b92889e9f422647e66eb02092977e,0bc601d8605a9532d518cc9ec06d7054f26c5dc8b8d4b9e7a46288d2e669208a,0.020653145387768745,0.0,0.0022518073674291372,0.0022518073674291372,0.0,0.020653145387768745,0.0,0,1,0.9076921939849854,0.20944694064039504,13,1.661538353333106,0.005847931152050456,0.004590642222440279,0.020653145387768745,0.0022518073674291372,0.020653145387768745,0.0022518073674291372,0.006290482822805643,0.009930304251611233,0.006290482822805643,0,0.020653145387768745,0.0,0.0,0.020653145387768745,0,3.64051917951802e-11,0.0,0,0,3,12,13,13,0,1,1,1,0.0,0.0,0.0,1,0.011806958122178912,0.0014803854282945395,0.010326572693884373,0.010326572693884373,inf,inf,0,0,0.0022518073310239454,0.0,1.6615384505345263,0.01715799759312879,0.0,inf,0,0,0,5,3,0,0,0.047999996691942215
3002,23,0,5,23,3bb8a989b093f4f0435fe4445c2866ae560b92889e9f422647e66eb02092977e,0bc601d8605a9532d518cc9ec06d7054f26c5dc8b8d4b9e7a46288d2e669208a,0.020304769277572632,0.024000000208616257,-0.0009504070621915162,-0.0009504070621915162,3.223808893448865e-11,0.020304769277572632,0.024000000208616257,1,3,0.9076921939849854,0.20944694064039504,13,1.661538353333106,0.005199971226819356,0.003868162166327238,0.003695230931043625,-0.0009504070944296051,0.003695230931043625,0.0009504070944296051,0.005655661690980196,0.014016307890415192,0.005655661690980196,0,0.020304769277572632,0.024000000208616257,0.0,0.020304769277572632,0,7.647333278779089e-10,0.0,10,11,3,7,1,1,1,0,0,0,0.011999999871477485,0.012000000337138772,0.011999999871477485,0,0.01190687040798366,0.0017544857691973448,0.010152384638786316,0.010152384638786316,0.8460320622933737,0.992239211292395,0,0,-0.000950407826924844,3.223808893448865e-11,1.6615384505345263,0.01686857744195954,3.223808893448865e-11,523249919.5668313,0,0,0,2,4,0,0,0.023999996483325958
3002,23,1,0,23,3bb8a989b093f4f0435fe4445c2866ae560b92889e9f422647e66eb02092977e,0bc601d8605a9532d518cc9ec06d7054f26c5dc8b8d4b9e7a46288d2e669208a,0.011506594717502594,0.0,0.0005077600944787264,0.0005077600944787264,0.0,0.011506594717502594,0.0,0,1,0.007692307233810425,0.20944694064039504,13,1.661538353333106,0.0036289069108659633,0.003043627256207918,0.011506594717502594,0.0005077600944787264,0.011506594717502594,0.0005077600944787264,0.003565244609490037,0.005112155806273222,0.003565244609490037,0,0.011506595183163881,0.0,4.656612873077393e-10,0.011506595183163881,0,5.753140411984825e-11,2.6020852139652106e-18,0,0,12,1,13,13,0,1,1,1,0.0,0.0,0.0,1,0.014064231421798468,0.008310933830216527,0.005753297591581941,0.005753297591581941,inf,inf,0,0,0.0005077601520101305,2.6020852139652106e-18,1.6615384505345263,0.00955932516578108,2.6020852139652106e-18,inf,0,0,0,3,4,0,0,0.029999999329447746
3002,23,1,2,23,3bb8a989b093f4f0435fe4445c2866ae560b92889e9f422647e66eb02092977e,0bc601d8605a9532d518cc9ec06d7054f26c5dc8b8d4b9e7a46288d2e669208a,0.012061519548296928,0.0,-0.004223701078444719,-0.004223701078444719,3.469446951953614e-18,0.012061519548296928,0.0,0,1,0.9076921939849854,0.20944694064039504,13,1.6615383533331063,0.003660027291261102,0.002960476858993254,0.012061519548296928,-0.004223701078444723,0.012061519548296928,0.004223701078444723,0.0031680280808359385,0.004498559515923262,0.0031680280808359385,0,0.012061519548296928,0.0,0.0,0.012061519548296928,0,9.284241674067939e-10,2.6020852139652106e-18,0,0,12,2,13,13,0,1,1,1,0.0,0.0,0.0,1,0.011632177978754044,0.005601418204605579,0.006030759774148464,0.006030759774148464,inf,inf,0,0,-0.004223702006868887,8.673617379884035e-19,1.661538450534526,0.010020339250684587,8.673617379884035e-19,inf,0,0,0,4,3,0,0,0.029999999329447746
3002,23,1,3,23,3bb8a989b093f4f0435fe4445c2866ae560b92889e9f422647e66eb02092977e,0bc601d8605a9532d518cc9ec06d7054f26c5dc8b8d4b9e7a46288d2e669208a,0.018210394307971,0.029999999329447746,-0.009390936233103275,-0.009390936233103275,-0.01349999944550487,0.018210394307971,0.029999999329447746,1,3,0.9076923131942749,0.2094469155167731,13,1.661538461366525,0.004606500133098484,0.0038850812975747082,0.011789605021476746,0.004109063212401594,0.011789605021476746,0.004109063212401594,0.006532613653689623,0.004472346976399422,0.006532613653689623,0,0.018210393842309713,0.029999999329447746,4.656612873077393e-10,0.01707649859599769,0,1.1902118353390723e-09,0.0,10,11,12,11,1,1,1,0,1,0,0.014999999897554517,0.01499999943189323,0.01499999943189323,0,0.008899334818124771,-0.00036108552012592554,0.008538249297998846,0.008538249297998846,0.5692166414249782,0.593289010345085,0,0,-0.00939093504289144,-0.01349999944550487,1.6615384522538923,0.014186629523554884,0.01349999944550487,1.0508614893520343,1,0,0,1,1,1,1,0.011999998241662979
3002,23,1,4,23,3bb8a989b093f4f0435fe4445c2866ae560b92889e9f422647e66eb02092977e,0bc601d8605a9532d518cc9ec06d7054f26c5dc8b8d4b9e7a46288d2e669208a,0.014272398315370083,0.018000001087784767,-0.002045391360297799,-0.002045391360297799,1.289523557379546e-10,0.014272398315370083,0.018000001087784767,1,3,0.9076921939849854,0.20944694064039504,13,1.661538353333106,0.0037901863746635745,0.0032107553240903735,0.0037276027724146843,-0.002045391489250155,0.0037276027724146843,0.002045391489250155,0.0023038105573505163,0.005266963038593531,0.0023038105573505163,0,0.01427239808253944,0.018000001087784767,2.3283064365386963e-10,0.012566292425617576,0,8.550913015853423e-10,0.0,10,11,12,11,1,1,1,0,1,0,0.008999999612569809,0.009000001475214958,0.008999999612569809,0,0.015738726360723376,0.009455580147914588,0.006283146212808788,0.006283146212808788,0.6981273870316016,1.7487474486934371,0,0,-0.0020453922153891007,1.289523557379546e-10,1.6615384505345263,0.01043968902291219,1.289523557379546e-10,80957722.43297973,0,0,0,2,2,0,0,0.011999998241662979
3002,23,1,5,23,3bb8a989b093f4f0435fe4445c2866ae560b92889e9f422647e66eb02092977e,0bc601d8605a9532d518cc9ec06d7054f26c5dc8b8d4b9e7a46288d2e669208a,0.010844761505723,0.0,-0.004407327622175217,-0.004407327622175217,3.469446951953614e-18,0.010844761505723,0.0,0,1,0.9076921939849854,0.20944694064039504,13,1.661538353333106,0.0035971441567630813,0.003179794497038486,0.010844761505723,-0.00440732762217522,0.010844761505723,0.00440732762217522,0.0038004934322088957,0.005254300776869059,0.0038004934322088957,0,0.010844761505723,0.0,0.0,0.010844761505723,0,1.2125583349897884e-10,0.0,0,0,12,9,13,13,0,1,1,1,0.0,0.0,0.0,1,0.012469479814171791,0.007047099061310291,0.0054223807528615,0.0054223807528615,inf,inf,0,0,-0.00440732774343105,3.469446951953614e-18,1.6615384505345263,0.009009494114317734,3.469446951953614e-18,inf,0,0,0,5,5,0,0,0.029999999329447746
3002,23,2,0,23,3bb8a989b093f4f0435fe4445c2866ae560b92889e9f422647e66eb02092977e,0bc601d8605a9532d518cc9ec06d7054f26c5dc8b8d4b9e7a46288d2e669208a,0.034691598266363144,0.036000000312924385,0.00272519513964653,0.00272519513964653,0.0020769229522691335,0.034691598266363144,0.036000000312924385,1,4,0.007692307233810425,0.20944694064039504,13,1.661538353333106,0.008730238770774362,0.006348031592285316,0.0013084020465612411,0.0006482721873773967,0.0013084020465612411,0.0006482721873773967,0.0032994074281305075,0.007682898081839085,0.0032994074281305075,0,0.034691598964855075,0.036000000312924385,6.984919309616089e-10,0.034691598964855075,0,3.4941124316817396e-09,1.734723475976807e-18,10,2,8,9,1,1,1,0,0,0,0.006000000983476639,0.023999999277293682,0.006000000983476639,0,0.01798390969634056,0.0006381102139130235,0.017345799482427537,0.017345799482427537,2.890966106538318,2.9973177914247557,0,0,0.002725198633758962,0.0020769229522691317,1.6615384505345263,0.02882071279531524,0.0020769229522691317,13.876640326896727,1,0,0,1,1,1,1,0.012000000104308128
3002,23,2,1,23,3bb8a989b093f4f0435fe4445c2866ae560b92889e9f422647e66eb02092977e,0bc601d8605a9532d518cc9ec06d7054f26c5dc8b8d4b9e7a46288d2e669208a,0.03049013391137123,0.0,-0.0010930722346529365,-0.0010930722346529365,-3.469446951953614e-18,0.03049013391137123,0.0,0,1,0.9076921939849854,0.20944694064039504,13,1.661538353333106,0.00806822799394729,0.0061207913281120475,0.03049013391137123,-0.001093072234652933,0.03049013391137123,0.001093072234652933,0.006569759454578161,0.01137382909655571,0.006569759454578161,0,0.03049013391137123,0.0,0.0,0.03049013391137123,0,3.0633695753679024e-10,8.673617379884035e-19,0,0,7,9,13,13,0,1,1,1,0.0,0.0,0.0,1,0.019266839139163494,0.004021772183477879,0.015245066955685616,0.015245066955685616,inf,inf,0,0,-0.001093071928315979,-2.6020852139652106e-18,1.6615384505345263,0.025330264927844987,2.6020852139652106e-18,inf,0,0,0,3,3,0,0,0.036000000312924385
3002,23,2,3,23,3bb8a989b093f4f0435fe4445c2866ae560b92889e9f422647e66eb02092977e,0bc601d8605a9532d518cc9ec06d7054f26c5dc8b8d4b9e7a46288d2e669208a,0.030413392931222916,0.0,0.0030587504152208567,0.0030587504152208567,0.0,0.030413392931222916,0.0,0,1,0.9076923131942749,0.2094469155167731,13,1.661538461366525,0.00817299733059986,0.006588894116124635,0.030413392931222916,0.0030587504152208567,0.030413392931222916,0.0030587504152208567,0.0036750498693436384,0.010124082677066326,0.0036750498693436384,0,0.030413392232730985,0.0,6.984919309616089e-10,0.030413392232730985,0,1.8652540900720993e-09,2.6020852139652106e-18,0,0,7,9,13,13,0,1,1,1,0.0,0.0,0.0,1,0.019014532677829266,0.0038078365614637733,0.015206696116365492,0.015206696116365492,inf,inf,0,0,0.0030587522804749467,-2.6020852139652106e-18,1.6615384522538923,0.025266510329081195,2.6020852139652106e-18,inf,0,0,0,4,4,0,0,0.036000000312924385
3002,23,2,4,23,3bb8a989b093f4f0435fe4445c2866ae560b92889e9f422647e66eb02092977e,0bc601d8605a9532d518cc9ec06d7054f26c5dc8b8d4b9e7a46288d2e669208a,0.03177999332547188,0.0,0.003995086997747421,0.003995086997747421,0.0,0.03177999332547188,0.0,0,1,0.9076921939849854,0.20944694064039504,13,1.661538353333106,0.009014978795866524,0.00720098767616957,0.03177999332547188,0.003995086997747421,0.03177999332547188,0.003995086997747421,0.00684218667447567,0.00813022255897522,0.00684218667447567,0,0.031779993179952726,0.0,1.4551915228366852e-10,0.031779993179952726,0,2.8147470430839316e-09,2.6020852139652106e-18,0,0,7,9,13,13,0,1,1,1,0.0,0.0,0.0,1,0.018036465160548687,0.002146468570572324,0.015889996589976363,0.015889996589976363,inf,inf,0,0,0.003995089812494464,-2.6020852139652106e-18,1.6615384505345263,0.026401840313108233,2.6020852139652106e-18,inf,0,0,0,5,2,0,0,0.036000000312924385
3002,23,2,5,23,3bb8a989b093f4f0435fe4445c2866ae560b92889e9f422647e66eb02092977e,0bc601d8605a9532d518cc9ec06d7054f26c5dc8b8d4b9e7a46288d2e669208a,0.02861686237156391,0.024000000208616257,-0.0026944950222969055,-0.0026944950222969055,-1.2895235920740156e-10,0.02861686237156391,0.024000000208616257,1,3,0.9076921939849854,0.20944694064039504,13,1.661538353333106,0.008311369191392463,0.006640188181056426,0.004616862162947655,-0.0026944948933445463,0.004616862162947655,0.0026944948933445463,0.007506089750677347,0.009944163262844086,0.007506089750677347,0,0.02861686167307198,0.024000000208616257,6.984919309616089e-10,0.027753033908084035,0,7.503659568697252e-10,1.734723475976807e-18,10,11,10,9,1,1,1,1,0,0,0.012000001035630703,0.011999999172985554,0.011999999172985554,0,0.017602386884391308,0.0037258699303492904,0.013876516954042017,0.013876516954042017,1.1563764925318403,1.4668656747925344,0,0,-0.0026944942719309486,-1.2895235747267808e-10,1.6615384505345263,0.023056366478635057,1.2895235747267808e-10,178797556.9467208,1,0,0,2,5,0,0,0.012000000104308128
