seed,state_idx,ego_id,neighbor_id,fixed_panel_step_index,fixed_panel_step_hash,fixed_panel_fingerprint,learned_score,oracle_score,learned_signed,learned_direction_row_aipw,oracle_signed,learned_range,oracle_range,oracle_q_nonconstant,oracle_q_distinct_levels,observed_action_probability,policy_support_entropy,valid_action_count,target_policy_l1_to_uniform,q_centered_rmse,q_centered_mae,abs_error,signed_error,capacity_abs_error,direction_abs_error,proxy_sigma,capacity_sigma,direction_sigma,dr_applied,learned_q_range,oracle_q_range_from_surface,capacity_head_q_range_consistency_abs,capacity_q_error_bound,capacity_q_error_bound_violation,direction_head_q_consistency_abs,oracle_direction_q_consistency_abs,oracle_argmax_action,oracle_argmin_action,learned_argmax_action,learned_argmin_action,oracle_argmax_count,oracle_argmin_count,oracle_extrema_unique,argmax_match,argmin_match,both_extrema_match,oracle_g_plus,oracle_g_minus,oracle_extrema_gap,extrema_gap_zero,q_raw_sup_error,q_gauge_shift_opt,q_gauge_sup_error,q_gauge_sup_error_check,lambda_C,lambda_C_raw,extrema_stability_certified,extrema_stability_violation,learned_direction_from_q,oracle_direction_from_q,direction_weight_l1,direction_q_error_bound,direction_sign_margin,lambda_D,direction_sign_match_from_q,direction_sign_certified,direction_sign_violation,oracle_capacity_rank,learned_capacity_rank,oracle_capacity_topk_member,learned_capacity_topk_member,oracle_capacity_margin_to_topk_boundary
5008,0,0,1,0,6dd86aaa4e73397629db82d00606bb20dd546fd538ed8305501556f0fe59980f,77f3c52eeda1cb519264446fe54a3405a79407fe6e577ae6e846fa3bb7c32ea3,0.005650139879435301,0.0,0.0010395642602816224,0.0010395642602816224,0.0,0.005650139879435301,0.0,0,1,0.007692307233810425,0.20944694064039504,13,1.661538353333106,0.001375313689744529,0.001067989351525462,0.005650139879435301,0.0010395642602816224,0.005650139879435301,0.0010395642602816224,0.0025437644217163324,0.0021992409601807594,0.0025437644217163324,0,0.005650139995850623,0.0,1.1641532182693481e-10,0.005650139995850623,0,1.4535065664088298e-10,0.0,0,0,10,11,13,13,0,1,1,1,0.0,0.0,0.0,1,0.00391995906829834,0.0010948890703730285,0.0028250699979253113,0.0028250699979253113,inf,inf,0,0,0.001039564405632279,0.0,1.6615384505345263,0.004693962427004399,0.0,inf,0,0,0,2,3,0,0,0.035999998450279236
5008,0,0,2,0,6dd86aaa4e73397629db82d00606bb20dd546fd538ed8305501556f0fe59980f,77f3c52eeda1cb519264446fe54a3405a79407fe6e577ae6e846fa3bb7c32ea3,0.003752145916223526,0.0,0.0007418526802212,0.0007418526802212,0.0,0.003752145916223526,0.0,0,1,0.9076921939849854,0.20944694064039504,13,1.661538353333106,0.0011423094231918878,0.0009724935113738936,0.003752145916223526,0.0007418526802212,0.003752145916223526,0.0007418526802212,0.0029053064063191414,0.002668411238119006,0.0029053064063191414,0,0.003752146032638848,0.0,1.1641532182693481e-10,0.003752146032638848,0,6.021037401299223e-11,0.0,0,0,8,11,13,13,0,1,1,1,0.0,0.0,0.0,1,0.0020499376114457846,0.00017386459512636065,0.001876073016319424,0.001876073016319424,inf,inf,0,0,0.000741852620010826,0.0,1.6615384505345263,0.0031171674526250105,0.0,inf,0,0,0,3,5,0,0,0.035999998450279236
5008,0,0,3,0,6dd86aaa4e73397629db82d00606bb20dd546fd538ed8305501556f0fe59980f,77f3c52eeda1cb519264446fe54a3405a79407fe6e577ae6e846fa3bb7c32ea3,0.003966552671045065,0.0,-0.001625980599783361,-0.001625980599783361,0.0,0.003966552671045065,0.0,0,1,0.9076923131942749,0.2094469155167731,13,1.661538461366525,0.0011585383009727437,0.0009894892981499102,0.003966552671045065,-0.001625980599783361,0.003966552671045065,0.001625980599783361,0.0034122499637305737,0.002045268192887306,0.0034122499637305737,0,0.0039665525837335736,0.0,8.731149137020111e-11,0.0039665525837335736,0,1.4173217786038472e-10,0.0,0,0,8,11,13,13,0,1,1,1,0.0,0.0,0.0,1,0.0036971860099583864,0.0017139097180915996,0.0019832762918667868,0.0019832762918667868,inf,inf,0,0,-0.001625980458051183,0.0,1.6615384522538923,0.00329528982038018,0.0,inf,0,0,0,4,4,0,0,0.035999998450279236
5008,0,0,4,0,6dd86aaa4e73397629db82d00606bb20dd546fd538ed8305501556f0fe59980f,77f3c52eeda1cb519264446fe54a3405a79407fe6e577ae6e846fa3bb7c32ea3,0.017058487981557846,0.035999998450279236,-0.00048547019832767546,-0.00048547019832767546,0.0,0.017058487981557846,0.035999998450279236,1,3,0.9076921939849854,0.20944694064039504,13,1.661538353333106,0.004046872786328745,0.0023413750359557086,0.01894151046872139,-0.00048547019832767546,0.01894151046872139,0.00048547019832767546,0.0023768809624016285,0.005797348450869322,0.0023768809624016285,0,0.01705848705023527,0.035999998450279236,9.313225746154785e-10,0.018941511400043964,0,5.739304214172347e-11,0.0,10,11,10,11,1,1,1,1,1,1,0.017999999225139618,0.017999999225139618,0.017999999225139618,0,0.009687043726444244,-0.0002162880264222622,0.009470755700021982,0.009470755700021982,0.5261531170953994,0.5381691190805652,0,0,-0.0004854701409346333,0.0,1.6615384505345263,0.015736024751205557,0.0,inf,0,0,0,1,1,1,1,0.035999998450279236
5008,0,0,5,0,6dd86aaa4e73397629db82d00606bb20dd546fd538ed8305501556f0fe59980f,77f3c52eeda1cb519264446fe54a3405a79407fe6e577ae6e846fa3bb7c32ea3,0.007352340966463089,0.0,0.0014109479961916804,0.0014109479961916804,0.0,0.007352340966463089,0.0,0,1,0.9076921939849854,0.20944694064039504,13,1.661538353333106,0.0016821432317429207,0.001216150742071025,0.007352340966463089,0.0014109479961916804,0.007352340966463089,0.0014109479961916804,0.0024339291267096996,0.003070222679525614,0.0024339291267096996,0,0.007352341199293733,0.0,2.3283064365386963e-10,0.007352341199293733,0,3.126958019773751e-10,0.0,0,0,10,11,13,13,0,1,1,1,0.0,0.0,0.0,1,0.004760249052196741,0.0010840784525498748,0.0036761705996468663,0.0036761705996468663,inf,inf,0,0,0.0014109476834958785,0.0,1.6615384505345263,0.006108098802037835,0.0,inf,0,0,0,5,2,0,0,0.035999998450279236
5008,0,1,0,0,6dd86aaa4e73397629db82d00606bb20dd546fd538ed8305501556f0fe59980f,77f3c52eeda1cb519264446fe54a3405a79407fe6e577ae6e846fa3bb7c32ea3,0.011480849236249924,0.0,-0.0033553466200828552,-0.0033553466200828552,0.0,0.011480849236249924,0.0,0,1,0.9076921939849854,0.20944694064039504,13,1.661538353333106,0.0031227632183466573,0.0025574290449352183,0.011480849236249924,-0.0033553466200828552,0.011480849236249924,0.0033553466200828552,0.003410015720874071,0.007996014319360256,0.003410015720874071,0,0.011480849701911211,0.0,4.656612873077393e-10,0.011480849701911211,0,1.5781300745365545e-11,1.734723475976807e-18,0,0,10,3,13,13,0,1,1,1,0.0,0.0,0.0,1,0.016905443742871284,-0.011165018891915679,0.0057404248509556055,0.0057404248509556055,inf,inf,0,0,-0.003355346635864156,1.734723475976807e-18,1.6615384505345263,0.009537936612266667,1.734723475976807e-18,inf,0,0,0,4,5,0,0,0.035999998450279236
5008,0,1,2,0,6dd86aaa4e73397629db82d00606bb20dd546fd538ed8305501556f0fe59980f,77f3c52eeda1cb519264446fe54a3405a79407fe6e577ae6e846fa3bb7c32ea3,0.022808514535427094,0.030000001192092896,-0.000504193885717541,-0.000504193885717541,1.734723475976807e-18,0.022808514535427094,0.030000001192092896,1,3,0.9076921939849854,0.20944694064039504,13,1.661538353333106,0.0033685451200953283,0.0030441697454079986,0.007191486656665802,-0.0005041938857175427,0.007191486656665802,0.0005041938857175427,0.001105382340028882,0.006143123377114534,0.001105382340028882,0,0.02280851360410452,0.030000001192092896,9.313225746154785e-10,0.010571866296231747,0,1.7891059727465075e-11,1.734723475976807e-18,10,11,10,11,1,1,1,1,1,1,0.015000000596046448,0.015000000596046448,0.015000000596046448,0,0.015421119052916765,-0.010135185904800892,0.005285933148115873,0.005285933148115873,0.3523955292047847,1.0280745626757717,1,0,-0.0005041938678264813,0.0,1.6615384505345263,0.008782781172549539,0.0,inf,0,0,0,2,3,0,0,0.00599999725818634
5008,0,1,3,0,6dd86aaa4e73397629db82d00606bb20dd546fd538ed8305501556f0fe59980f,77f3c52eeda1cb519264446fe54a3405a79407fe6e577ae6e846fa3bb7c32ea3,0.025407232344150543,0.017999999225139618,-0.009872819297015667,-0.009872819297015667,-0.008099999606050554,0.025407232344150543,0.017999999225139618,1,3,0.9076923131942749,0.2094469155167731,13,1.661538461366525,0.003830065312652263,0.0035483288942400873,0.007407233119010925,-0.0017728196909651134,0.007407233119010925,0.0017728196909651134,0.0029599510598927736,0.00677568418905139,0.0029599510598927736,0,0.02540723269339651,0.017999999225139618,3.4924596548080444e-10,0.010892082937061787,0,1.240813946382091e-09,5.204170427930421e-18,10,11,10,11,1,1,1,1,1,1,0.008999999612569809,0.008999999612569809,0.008999999612569809,0,0.015657118521630764,-0.01021107705309987,0.005446041468530893,0.005446041468530893,0.6051157447745558,1.7396799106261427,0,0,-0.00987281805620172,-0.008099999606050559,1.6615384522538923,0.009048807312533335,0.008099999606050559,1.1171367595837947,1,0,0,3,1,0,1,0.017999999225139618
5008,0,1,4,0,6dd86aaa4e73397629db82d00606bb20dd546fd538ed8305501556f0fe59980f,77f3c52eeda1cb519264446fe54a3405a79407fe6e577ae6e846fa3bb7c32ea3,0.013649693690240383,0.0,-0.004323504865169525,-0.004323504865169525,0.0,0.013649693690240383,0.0,0,1,0.9076921939849854,0.20944694064039504,13,1.661538353333106,0.004241428714480468,0.00343078660390191,0.013649693690240383,-0.004323504865169525,0.013649693690240383,0.004323504865169525,0.004503515549004078,0.013452764600515366,0.004503515549004078,0,0.013649693573825061,0.0,1.1641532182693481e-10,0.013649693573825061,0,1.1554245320927192e-10,0.0,0,0,10,4,13,13,0,1,1,1,0.0,0.0,0.0,1,0.01226709398906678,-0.005442247202154249,0.006824846786912531,0.006824846786912531,inf,inf,0,0,-0.004323504980711978,0.0,1.6615384505345263,0.011339745355462187,0.0,inf,0,0,0,5,4,0,0,0.035999998450279236
5008,0,1,5,0,6dd86aaa4e73397629db82d00606bb20dd546fd538ed8305501556f0fe59980f,77f3c52eeda1cb519264446fe54a3405a79407fe6e577ae6e846fa3bb7c32ea3,0.024912413209676743,0.035999998450279236,-0.000863879919052124,-0.000863879919052124,1.734723475976807e-18,0.024912413209676743,0.035999998450279236,1,3,0.9076921939849854,0.20944694064039504,13,1.661538353333106,0.0034003412987294096,0.0029303020399515708,0.011087585240602493,-0.0008638799190521258,0.011087585240602493,0.0008638799190521258,0.0025147884152829647,0.006078341044485569,0.0025147884152829647,0,0.024912414140999317,0.035999998450279236,9.313225746154785e-10,0.011090694926679134,0,7.733660283351651e-11,2.6020852139652106e-18,10,11,10,11,1,1,1,1,1,1,0.017999999225139618,0.017999999225139618,0.017999999225139618,0,0.016048092395067215,-0.010502744931727648,0.005545347463339567,0.005545347463339567,0.3080748723363656,0.8915607269945722,1,0,-0.0008638799963887269,-8.673617379884035e-19,1.6615384505345263,0.00921380803191279,8.673617379884035e-19,inf,0,0,0,1,2,1,0,0.00599999725818634
5008,0,2,0,0,6dd86aaa4e73397629db82d00606bb20dd546fd538ed8305501556f0fe59980f,77f3c52eeda1cb519264446fe54a3405a79407fe6e577ae6e846fa3bb7c32ea3,0.003972738049924374,0.0,0.00048208399675786495,0.00048208399675786495,1.734723475976807e-18,0.003972738049924374,0.0,0,1,0.9076921939849854,0.20944694064039504,13,1.661538353333106,0.0009785767290466478,0.0007650405829827462,0.003972738049924374,0.0004820839967578632,0.003972738049924374,0.0004820839967578632,0.0018327790312469006,0.001671536359935999,0.0018327790312469006,0,0.003972738049924374,0.0,0.0,0.003972738049924374,0,2.582940042406001e-10,8.673617379884035e-19,0,0,10,3,13,13,0,1,1,1,0.0,0.0,0.0,1,0.0035341493785381317,-0.001547780353575945,0.001986369024962187,0.001986369024962187,inf,inf,0,0,0.0004820842550518692,8.673617379884035e-19,1.6615384505345263,0.0033004285119254497,8.673617379884035e-19,inf,0,0,0,4,5,0,0,0.047999996691942215
5008,0,2,1,0,6dd86aaa4e73397629db82d00606bb20dd546fd538ed8305501556f0fe59980f,77f3c52eeda1cb519264446fe54a3405a79407fe6e577ae6e846fa3bb7c32ea3,0.018122920766472816,0.03000000026077032,0.0008939204853959382,0.0008939204853959382,6.447617613425383e-11,0.018122920766472816,0.03000000026077032,1,3,0.007692307233810425,0.20944694064039504,13,1.661538353333106,0.0025046978411485694,0.0016134887184264396,0.011877079494297504,0.000893920420919762,0.011877079494297504,0.000893920420919762,0.002388644963502884,0.007521492429077625,0.002388644963502884,0,0.01812292099930346,0.03000000026077032,2.3283064365386963e-10,0.01187707926146686,0,4.3914452456383923e-10,2.6020852139652106e-18,10,11,10,11,1,1,1,1,1,1,0.014999999664723873,0.015000000596046448,0.014999999664723873,0,0.008221792755648494,-0.0022832531249150634,0.00593853963073343,0.00593853963073343,0.3959026508980092,0.5481195292946591,1,0,0.0008939209245404627,6.447617873633904e-11,1.6615384505345263,0.009867111936486702,6.447617873633904e-11,153034998.81461737,1,0,0,2,2,0,0,0.017999996431171894
5008,0,2,3,0,6dd86aaa4e73397629db82d00606bb20dd546fd538ed8305501556f0fe59980f,77f3c52eeda1cb519264446fe54a3405a79407fe6e577ae6e846fa3bb7c32ea3,0.016251128166913986,0.017999999225139618,-0.007008980959653854,-0.007008980959653854,-0.008099999606050554,0.016251128166913986,0.017999999225139618,1,3,0.9076923131942749,0.2094469155167731,13,1.661538461366525,0.0008412872307027433,0.0007412380362535723,0.0017488710582256317,0.0010910186463966992,0.0017488710582256317,0.0010910186463966992,0.003485537599772215,0.005929116625338793,0.003485537599772215,0,0.01625112909823656,0.017999999225139618,9.313225746154785e-10,0.0025555784814059734,0,2.9933419978811493e-10,0.0,10,11,10,11,1,1,1,1,1,1,0.008999999612569809,0.008999999612569809,0.008999999612569809,0,0.004775265697389841,-0.0034974764566868544,0.0012777892407029867,0.0012777892407029867,0.1419765884121115,0.5305851003282809,1,0,-0.007008981258988054,-0.008099999606050554,1.6615384522538923,0.0021230959573043167,0.008099999606050554,0.26211062476082125,1,1,0,3,3,0,0,0.029999997466802597
5008,0,2,4,0,6dd86aaa4e73397629db82d00606bb20dd546fd538ed8305501556f0fe59980f,77f3c52eeda1cb519264446fe54a3405a79407fe6e577ae6e846fa3bb7c32ea3,0.006070671137422323,0.0,0.0001812401897041127,0.0001812401897041127,1.734723475976807e-18,0.006070671137422323,0.0,0,1,0.9076921939849854,0.20944694064039504,13,1.661538353333106,0.00154398956554444,0.0011815314219724498,0.006070671137422323,0.00018124018970411097,0.006070671137422323,0.00018124018970411097,0.00235542468726635,0.004357293713837862,0.00235542468726635,0,0.006070671137422323,0.0,0.0,0.006070671137422323,0,2.6514965830587434e-10,4.336808689942018e-19,0,0,10,11,13,13,0,1,1,1,0.0,0.0,0.0,1,0.0037522753700613976,-0.0007169398013502359,0.0030353355687111616,0.0030353355687111616,inf,inf,0,0,0.0001812399245544544,1.3010426069826053e-18,1.6615384505345263,0.005043326757688679,1.3010426069826053e-18,inf,0,0,0,5,4,0,0,0.047999996691942215
5008,0,2,5,0,6dd86aaa4e73397629db82d00606bb20dd546fd538ed8305501556f0fe59980f,77f3c52eeda1cb519264446fe54a3405a79407fe6e577ae6e846fa3bb7c32ea3,0.022139132022857666,0.047999996691942215,0.0009390042978338897,0.0009390042978338897,0.002076922887792952,0.022139132022857666,0.047999996691942215,1,4,0.9076921939849854,0.20944694064039504,13,1.661538353333106,0.008598130540980988,0.004998844105215775,0.02586086466908455,-0.0011379185899590624,0.02586086466908455,0.0011379185899590624,0.0031057512387633324,0.006788424216210842,0.0031057512387633324,0,0.02213913173181936,0.047999996691942215,2.9103830456733704e-10,0.03785135439829901,0,1.3355921967342366e-09,2.6020852139652106e-18,10,3,10,11,1,1,1,1,0,0,0.017999999225139618,0.011999998241662979,0.011999998241662979,0,0.02807869017124176,0.009153012972092256,0.018925677199149504,0.018925677199149504,1.5771399976910958,2.3398911904632556,0,0,0.000939002962241693,0.0020769228877929547,1.6615384505345263,0.03144574036879148,0.0020769228877929547,15.140543037785744,1,0,0,1,1,1,1,0.017999996431171894
5008,1,0,1,1,4e7368d8b30ee34f025c4971ff318c8c7b3654691b431c67e0db4969449373c9,77f3c52eeda1cb519264446fe54a3405a79407fe6e577ae6e846fa3bb7c32ea3,0.006204240024089813,0.0,0.0018726922571659088,0.0018726922571659088,0.0,0.006204240024089813,0.0,0,1,0.007692307233810425,0.20944694064039504,13,1.661538353333106,0.0018456305762016827,0.0015955698185947521,0.006204240024089813,0.0018726922571659088,0.006204240024089813,0.0018726922571659088,0.0015893341042101383,0.0031338112894445658,0.0015893341042101383,0,0.006204240024089813,0.0,0.0,0.006204240024089813,0,1.2732698307163504e-09,1.734723475976807e-18,0,0,10,6,13,13,0,1,1,1,0.0,0.0,0.0,1,0.018175026401877403,-0.015072906389832497,0.0031021200120449066,0.0031021200120449066,inf,inf,0,0,0.001872690983896078,1.734723475976807e-18,1.6615384505345263,0.00515429167818524,1.734723475976807e-18,inf,0,0,0,2,3,0,0,0.036000000312924385
5008,1,0,2,1,4e7368d8b30ee34f025c4971ff318c8c7b3654691b431c67e0db4969449373c9,77f3c52eeda1cb519264446fe54a3405a79407fe6e577ae6e846fa3bb7c32ea3,0.006189546547830105,0.0,0.0017587392358109355,0.0017587392358109355,0.0,0.006189546547830105,0.0,0,1,0.9076921939849854,0.20944694064039504,13,1.661538353333106,0.0017469430791805362,0.0014718975541154306,0.006189546547830105,0.0017587392358109355,0.006189546547830105,0.0017587392358109355,0.0020682138856500387,0.0025485986843705177,0.0020682138856500387,0,0.006189546547830105,0.0,0.0,0.006189546547830105,0,1.5160795431568008e-09,1.734723475976807e-18,0,0,10,7,13,13,0,1,1,1,0.0,0.0,0.0,1,0.01840872596949339,-0.015313952695578337,0.0030947732739150524,0.0030947732739150524,inf,inf,0,0,0.0017587407518904787,1.734723475976807e-18,1.6615384505345263,0.005142084790296479,1.734723475976807e-18,inf,0,0,0,3,4,0,0,0.036000000312924385
5008,1,0,3,1,4e7368d8b30ee34f025c4971ff318c8c7b3654691b431c67e0db4969449373c9,77f3c52eeda1cb519264446fe54a3405a79407fe6e577ae6e846fa3bb7c32ea3,0.005788165144622326,0.0,-0.0008947571623139083,-0.0008947571623139083,0.0,0.005788165144622326,0.0,0,1,0.9076923131942749,0.2094469155167731,13,1.661538461366525,0.001682497329422759,0.0014326218736065914,0.005788165144622326,-0.0008947571623139083,0.005788165144622326,0.0008947571623139083,0.0013089951826259494,0.002070522867143154,0.0013089951826259494,0,0.005788165144622326,0.0,0.0,0.005788165144622326,0,1.582726036168658e-09,3.469446951953614e-18,0,0,10,7,13,13,0,1,1,1,0.0,0.0,0.0,1,0.016468803398311138,-0.013574720825999975,0.002894082572311163,0.002894082572311163,inf,inf,0,0,-0.0008947587450399445,-3.469446951953614e-18,1.6615384522538923,0.004808629477892853,3.469446951953614e-18,inf,0,0,0,4,5,0,0,0.036000000312924385
5008,1,0,4,1,4e7368d8b30ee34f025c4971ff318c8c7b3654691b431c67e0db4969449373c9,77f3c52eeda1cb519264446fe54a3405a79407fe6e577ae6e846fa3bb7c32ea3,0.0204535610973835,0.036000000312924385,0.0006782109849154949,0.0006782109849154949,-1.2895235226850765e-10,0.0204535610973835,0.036000000312924385,1,3,0.9076921939849854,0.20944694064039504,13,1.661538353333106,0.0038103719785865793,0.002863592774050651,0.015546439215540886,0.0006782111138678472,0.015546439215540886,0.0006782111138678472,0.00277541670948267,0.0028381969314068556,0.00277541670948267,0,0.020453560864552855,0.036000000312924385,2.3283064365386963e-10,0.01554643944837153,0,2.4445807184081403e-10,0.0,10,11,10,11,1,1,1,1,1,1,0.018000001087784767,0.017999999225139618,0.017999999225139618,0,0.024358095601201057,-0.016584875877015293,0.007773219724185765,0.007773219724185765,0.43184555882254333,1.3532275916535281,1,0,0.0006782112293735668,-1.2895235226850765e-10,1.6615384505345263,0.012915503456188034,1.2895235226850765e-10,100157176.11180186,0,0,0,1,1,1,1,0.036000000312924385
5008,1,0,5,1,4e7368d8b30ee34f025c4971ff318c8c7b3654691b431c67e0db4969449373c9,77f3c52eeda1cb519264446fe54a3405a79407fe6e577ae6e846fa3bb7c32ea3,0.0075217606499791145,0.0,0.0021257621701806784,0.0021257621701806784,0.0,0.0075217606499791145,0.0,0,1,0.9076921939849854,0.20944694064039504,13,1.661538353333106,0.002038924126436358,0.0016696878967905893,0.0075217606499791145,0.0021257621701806784,0.0075217606499791145,0.0021257621701806784,0.0012725922279059887,0.003184226108714938,0.0012725922279059887,0,0.0075217606499791145,0.0,0.0,0.0075217606499791145,0,4.475015635829749e-10,1.734723475976807e-18,0,0,10,11,13,13,0,1,1,1,0.0,0.0,0.0,1,0.019248741678893566,-0.015487861353904009,0.0037608803249895573,0.0037608803249895573,inf,inf,0,0,0.002125761722679115,1.734723475976807e-18,1.6615384505345263,0.0062488472678289345,1.734723475976807e-18,inf,0,0,0,5,2,0,0,0.036000000312924385
5008,1,1,0,1,4e7368d8b30ee34f025c4971ff318c8c7b3654691b431c67e0db4969449373c9,77f3c52eeda1cb519264446fe54a3405a79407fe6e577ae6e846fa3bb7c32ea3,0.04294043034315109,0.0,0.01727643609046936,0.01727643609046936,0.0,0.04294043034315109,0.0,0,1,0.9076921939849854,0.20944694064039504,13,1.661538353333106,0.014067091350788466,0.012432188038113553,0.04294043034315109,0.01727643609046936,0.04294043034315109,0.01727643609046936,0.00988183356821537,0.033568255603313446,0.00988183356821537,0,0.04294043080881238,0.0,4.656612873077393e-10,0.04294043080881238,0,3.499830637104795e-09,0.0,0,0,6,1,13,13,0,1,1,1,0.0,0.0,0.0,1,0.07773877680301666,0.05626856139861047,0.02147021540440619,0.02147021540440619,inf,inf,0,0,0.017276439590299997,0.0,1.6615384505345263,0.03567358843567958,0.0,inf,0,0,0,4,5,0,0,0.035999998450279236
5008,1,1,2,1,4e7368d8b30ee34f025c4971ff318c8c7b3654691b431c67e0db4969449373c9,77f3c52eeda1cb519264446fe54a3405a79407fe6e577ae6e846fa3bb7c32ea3,0.0655064508318901,0.03000000026077032,-0.007317518815398216,-0.007317518815398216,6.44761778689773e-11,0.0655064508318901,0.03000000026077032,1,3,0.9076921939849854,0.20944694064039504,13,1.661538353333106,0.02228965929483298,0.019383122802838774,0.035506450571119785,-0.007317518879874394,0.035506450571119785,0.007317518879874394,0.014870375394821167,0.03830963373184204,0.014870375394821167,0,0.06550645269453526,0.03000000026077032,1.862645149230957e-09,0.06984585803002119,0,5.962997630393208e-10,1.734723475976807e-18,10,11,6,11,1,1,1,0,1,0,0.014999999664723873,0.015000000596046448,0.014999999664723873,0,0.1189969927072525,0.08407406369224191,0.034922929015010595,0.034922929015010595,2.3281953197065937,7.933133024469508,0,0,-0.007317519411697979,6.447617613425383e-11,1.6615384505345263,0.05802578936372796,6.447617613425383e-11,899957051.4682087,0,0,0,2,1,0,1,0.005999998189508915
5008,1,1,3,1,4e7368d8b30ee34f025c4971ff318c8c7b3654691b431c67e0db4969449373c9,77f3c52eeda1cb519264446fe54a3405a79407fe6e577ae6e846fa3bb7c32ea3,0.06254106014966965,0.017999999225139618,-0.018714474514126778,-0.018714474514126778,-0.008099999606050554,0.06254106014966965,0.017999999225139618,1,3,0.9076923131942749,0.2094469155167731,13,1.661538461366525,0.020350957496813007,0.01751697566029588,0.04454106092453003,-0.010614474908076224,0.04454106092453003,0.010614474908076224,0.016698170453310013,0.03301664814352989,0.016698170453310013,0,0.06254106014966965,0.017999999225139618,0.0,0.06254106014966965,0,2.2394531576375165e-09,6.938893903907228e-18,10,11,6,1,1,1,1,0,0,0,0.008999999612569809,0.008999999612569809,0.008999999612569809,0,0.10990439727902412,0.0786338672041893,0.031270530074834824,0.031270530074834824,3.4745034912180417,12.211600223351859,0,0,-0.01871447227467362,-0.008099999606050547,1.6615384522538923,0.05195718814169984,0.008099999606050547,6.41446798378716,1,0,0,3,3,0,0,0.017999999225139618
5008,1,1,4,1,4e7368d8b30ee34f025c4971ff318c8c7b3654691b431c67e0db4969449373c9,77f3c52eeda1cb519264446fe54a3405a79407fe6e577ae6e846fa3bb7c32ea3,0.05061841756105423,0.0,-0.01967543736100197,-0.01967543736100197,0.0,0.05061841756105423,0.0,0,1,0.9076921939849854,0.20944694064039504,13,1.661538353333106,0.01829124884950439,0.016232101169563612,0.05061841756105423,-0.01967543736100197,0.05061841756105423,0.01967543736100197,0.019072560593485832,0.049278996884822845,0.019072560593485832,0,0.05061841569840908,0.0,1.862645149230957e-09,0.05061841569840908,0,3.2538179026153635e-09,5.204170427930421e-18,0,0,0,1,13,13,0,1,1,1,0.0,0.0,0.0,1,0.09977873414754868,0.07446952629834414,0.02530920784920454,0.02530920784920454,inf,inf,0,0,-0.019675434107184066,5.204170427930421e-18,1.6615384505345263,0.042052221994023586,5.204170427930421e-18,inf,0,0,0,5,4,0,0,0.035999998450279236
5008,1,1,5,1,4e7368d8b30ee34f025c4971ff318c8c7b3654691b431c67e0db4969449373c9,77f3c52eeda1cb519264446fe54a3405a79407fe6e577ae6e846fa3bb7c32ea3,0.06312297284603119,0.035999998450279236,-0.006121043115854263,-0.006121043115854263,0.0,0.06312297284603119,0.035999998450279236,1,3,0.9076921939849854,0.20944694064039504,13,1.661538353333106,0.017686704550662964,0.014540643910684528,0.027122974395751953,-0.006121043115854263,0.027122974395751953,0.006121043115854263,0.015700746327638626,0.04703320190310478,0.015700746327638626,0,0.06312297098338604,0.035999998450279236,1.862645149230957e-09,0.06292865052819252,0,2.0106435049890847e-09,1.734723475976807e-18,10,11,6,11,1,1,1,0,1,0,0.017999999225139618,0.017999999225139618,0.017999999225139618,0,0.09248525649309158,0.06102093122899532,0.03146432526409626,0.03146432526409626,1.7480181454759038,5.13807002635436,0,0,-0.006121041105210758,1.734723475976807e-18,1.6615384505345263,0.05227918624642085,1.734723475976807e-18,inf,0,0,0,1,2,1,0,0.005999998189508915
5008,1,2,0,1,4e7368d8b30ee34f025c4971ff318c8c7b3654691b431c67e0db4969449373c9,77f3c52eeda1cb519264446fe54a3405a79407fe6e577ae6e846fa3bb7c32ea3,0.004277467727661133,0.0,-0.0002908986934926361,-0.0002908986934926361,0.0,0.004277467727661133,0.0,0,1,0.9076921939849854,0.20944694064039504,13,1.661538353333106,0.001213612273781462,0.0010293318212208663,0.004277467727661133,-0.0002908986934926361,0.004277467727661133,0.0002908986934926361,0.0014669951051473618,0.0017325737280771136,0.0014669951051473618,0,0.004277467727661133,0.0,0.0,0.004277467727661133,0,9.92528946183735e-10,1.3010426069826053e-18,0,0,10,3,13,13,0,1,1,1,0.0,0.0,0.0,1,0.004286464303731918,-0.002147730439901352,0.0021387338638305664,0.0021387338638305664,inf,inf,0,0,-0.00029089968602158227,1.3010426069826053e-18,1.6615384505345263,0.00355358855021476,1.3010426069826053e-18,inf,0,0,0,4,5,0,0,0.047999996691942215
5008,1,2,1,1,4e7368d8b30ee34f025c4971ff318c8c7b3654691b431c67e0db4969449373c9,77f3c52eeda1cb519264446fe54a3405a79407fe6e577ae6e846fa3bb7c32ea3,0.016020270064473152,0.03000000026077032,0.0009610578999854624,0.0009610578999854624,6.447617613425383e-11,0.016020270064473152,0.03000000026077032,1,3,0.007692307233810425,0.20944694064039504,13,1.661538353333106,0.0029240294244261248,0.0019040803959560113,0.013979730196297169,0.0009610578355092863,0.013979730196297169,0.0009610578355092863,0.002867616480216384,0.00561107462272048,0.002867616480216384,0,0.01602027053013444,0.03000000026077032,4.656612873077393e-10,0.013979729730635881,0,4.6217559293570964e-10,2.6020852139652106e-18,10,11,10,11,1,1,1,1,1,1,0.014999999664723873,0.015000000596046448,0.014999999664723873,0,0.01021994510665536,-0.0032300802413374186,0.006989864865317941,0.006989864865317941,0.4659910014369066,0.6813296890059293,1,0,0.0009610574378098695,6.447617873633904e-11,1.6615384505345263,0.011613929237766097,6.447617873633904e-11,180127443.42772967,1,0,0,2,2,0,0,0.017999996431171894
5008,1,2,3,1,4e7368d8b30ee34f025c4971ff318c8c7b3654691b431c67e0db4969449373c9,77f3c52eeda1cb519264446fe54a3405a79407fe6e577ae6e846fa3bb7c32ea3,0.014950963668525219,0.017999999225139618,-0.006504453253000975,-0.006504453253000975,-0.008099999606050554,0.014950963668525219,0.017999999225139618,1,3,0.9076923131942749,0.2094469155167731,13,1.661538461366525,0.0012631849821708725,0.0011154815675856094,0.003049035556614399,0.001595546353049579,0.003049035556614399,0.001595546353049579,0.0034784215968102217,0.004222036339342594,0.0034784215968102217,0,0.014950963435694575,0.017999999225139618,2.3283064365386963e-10,0.004174807108938694,0,6.567724480585624e-10,0.0,10,11,10,11,1,1,1,1,1,1,0.008999999612569809,0.008999999612569809,0.008999999612569809,0,0.00808178260922432,-0.0059943790547549725,0.002087403554469347,0.002087403554469347,0.23193373825860883,0.8979758841252542,1,0,-0.006504453909773423,-0.008099999606050554,1.6615384522538923,0.0034683012711222722,0.008099999606050554,0.42818536293897025,1,1,0,3,3,0,0,0.029999997466802597
5008,1,2,4,1,4e7368d8b30ee34f025c4971ff318c8c7b3654691b431c67e0db4969449373c9,77f3c52eeda1cb519264446fe54a3405a79407fe6e577ae6e846fa3bb7c32ea3,0.007815641351044178,0.0,0.0008948605973273516,0.0008948605973273516,1.734723475976807e-18,0.007815641351044178,0.0,0,1,0.9076921939849854,0.20944694064039504,13,1.661538353333106,0.0018936155902482626,0.0014696855362526763,0.007815641351044178,0.0008948605973273498,0.007815641351044178,0.0008948605973273498,0.0011613829992711544,0.002971624257043004,0.0011613829992711544,0,0.007815641351044178,0.0,0.0,0.007815641351044178,0,4.0600470641721786e-10,4.336808689942018e-19,0,0,10,11,13,13,0,1,1,1,0.0,0.0,0.0,1,0.006952429190278053,-0.0030446085147559643,0.003907820675522089,0.003907820675522089,inf,inf,0,0,0.000894861003332058,1.3010426069826053e-18,1.6615384505345263,0.0064929943101737575,1.3010426069826053e-18,inf,0,0,0,5,4,0,0,0.047999996691942215
5008,1,2,5,1,4e7368d8b30ee34f025c4971ff318c8c7b3654691b431c67e0db4969449373c9,77f3c52eeda1cb519264446fe54a3405a79407fe6e577ae6e846fa3bb7c32ea3,0.019918937236070633,0.047999996691942215,0.0013765880139544606,0.0013765880139544606,0.002076922887792952,0.019918937236070633,0.047999996691942215,1,4,0.9076921939849854,0.20944694064039504,13,1.661538353333106,0.008516425139093634,0.004902296829086965,0.028081059455871582,-0.0007003348738384915,0.028081059455871582,0.0007003348738384915,0.003375404281541705,0.005734979175031185,0.003375404281541705,0,0.019918936537578702,0.047999996691942215,6.984919309616089e-10,0.03836136567406356,0,9.97427992630029e-10,2.6020852139652106e-18,10,3,10,11,1,1,1,1,0,0,0.017999999225139618,0.011999998241662979,0.011999998241662979,0,0.02674500271677971,0.007564319879747927,0.01918068283703178,0.01918068283703178,1.59839047062841,2.2287505529728597,0,0,0.0013765890113824533,0.0020769228877929547,1.6615384505345263,0.03186944204123597,0.0020769228877929547,15.34454756531769,1,0,0,1,1,1,1,0.017999996431171894
5008,2,0,1,2,37e320b7f2f97439e2e4c0d33b8e00ab31e289edd1151592e8ac8081066ffa2a,77f3c52eeda1cb519264446fe54a3405a79407fe6e577ae6e846fa3bb7c32ea3,0.0058091264218091965,0.0,3.547807500581257e-05,3.547807500581257e-05,0.0,0.0058091264218091965,0.0,0,1,0.9076921939849854,0.20944694064039504,13,1.661538353333106,0.001541013999839619,0.0011787650522572049,0.0058091264218091965,3.547807500581257e-05,0.0058091264218091965,3.547807500581257e-05,0.002440909156575799,0.0033368614967912436,0.002440909156575799,0,0.005809126188978553,0.0,2.3283064365386963e-10,0.005809126188978553,0,1.030276675605124e-10,0.0,0,0,12,11,13,13,0,1,1,1,0.0,0.0,0.0,1,0.008213582448661327,-0.005309019354172051,0.0029045630944892764,0.0029045630944892764,inf,inf,0,0,3.547817803348013e-05,0.0,1.6615384505345263,0.004826043263497481,0.0,inf,0,0,0,2,5,0,0,0.035999998450279236
5008,2,0,2,2,37e320b7f2f97439e2e4c0d33b8e00ab31e289edd1151592e8ac8081066ffa2a,77f3c52eeda1cb519264446fe54a3405a79407fe6e577ae6e846fa3bb7c32ea3,0.008044049143791199,0.0,-0.001683868933469057,-0.001683868933469057,0.0,0.008044049143791199,0.0,0,1,0.007692307233810425,0.20944694064039504,13,1.661538353333106,0.002099194433478556,0.0017217494156101397,0.008044049143791199,-0.001683868933469057,0.008044049143791199,0.001683868933469057,0.0039973184466362,0.0030427174642682076,0.0039973184466362,0,0.008044048910960555,0.0,2.3283064365386963e-10,0.008044048910960555,0,4.2048036623734686e-10,0.0,0,0,12,11,13,13,0,1,1,1,0.0,0.0,0.0,1,0.010584719479084015,-0.006562695023603737,0.0040220244554802775,0.0040220244554802775,inf,inf,0,0,-0.0016838693539494233,0.0,1.6615384505345263,0.006682748281770672,0.0,inf,0,0,0,3,2,0,0,0.035999998450279236
5008,2,0,3,2,37e320b7f2f97439e2e4c0d33b8e00ab31e289edd1151592e8ac8081066ffa2a,77f3c52eeda1cb519264446fe54a3405a79407fe6e577ae6e846fa3bb7c32ea3,0.006678231060504913,0.0,-0.0005765028763562441,-0.0005765028763562441,0.0,0.006678231060504913,0.0,0,1,0.9076923131942749,0.2094469155167731,13,1.661538461366525,0.0019116155811519377,0.0014729089139459224,0.006678231060504913,-0.0005765028763562441,0.006678231060504913,0.0005765028763562441,0.0035291535314172506,0.005690653342753649,0.0035291535314172506,0,0.006678231060504913,0.0,0.0,0.006678231060504913,0,2.9425976455846325e-10,0.0,0,0,12,7,13,13,0,1,1,1,0.0,0.0,0.0,1,0.006971453782171011,-0.0036323382519185543,0.0033391155302524567,0.0033391155302524567,inf,inf,0,0,-0.0005765025820964795,0.0,1.6615384522538923,0.005548068850032601,0.0,inf,0,0,0,4,4,0,0,0.035999998450279236
5008,2,0,4,2,37e320b7f2f97439e2e4c0d33b8e00ab31e289edd1151592e8ac8081066ffa2a,77f3c52eeda1cb519264446fe54a3405a79407fe6e577ae6e846fa3bb7c32ea3,0.01817360147833824,0.035999998450279236,0.001608149497769773,0.001608149497769773,0.0,0.01817360147833824,0.035999998450279236,1,3,0.9076921939849854,0.20944694064039504,13,1.661538353333106,0.004041630030387488,0.002579155489637037,0.017826396971940994,0.001608149497769773,0.017826396971940994,0.001608149497769773,0.004023061599582434,0.004793849773705006,0.004023061599582434,0,0.018173602409660816,0.035999998450279236,9.313225746154785e-10,0.01782639604061842,0,3.415729439744386e-11,0.0,10,11,10,11,1,1,1,1,1,1,0.017999999225139618,0.017999999225139618,0.017999999225139618,0,0.014431312680244446,-0.005518114659935236,0.00891319802030921,0.00891319802030921,0.49517768911126575,0.80173962786004,1,0,0.0016081494636124786,0.0,1.6615384505345263,0.014809621227971971,0.0,inf,0,0,0,1,1,1,1,0.035999998450279236
5008,2,0,5,2,37e320b7f2f97439e2e4c0d33b8e00ab31e289edd1151592e8ac8081066ffa2a,77f3c52eeda1cb519264446fe54a3405a79407fe6e577ae6e846fa3bb7c32ea3,0.007105891592800617,0.0,6.511939136544243e-05,6.511939136544243e-05,0.0,0.007105891592800617,0.0,0,1,0.9076921939849854,0.20944694064039504,13,1.661538353333106,0.0017248822067482254,0.0012719404536503307,0.007105891592800617,6.511939136544243e-05,0.007105891592800617,6.511939136544243e-05,0.0024263972882181406,0.004139789845794439,0.0024263972882181406,0,0.007105891592800617,0.0,0.0,0.007105891592800617,0,2.8934275288217126e-10,0.0,0,0,12,11,13,13,0,1,1,1,0.0,0.0,0.0,1,0.01000139769166708,-0.006448451895266771,0.0035529457964003086,0.0035529457964003086,inf,inf,0,0,6.511910202268954e-05,0.0,1.6615384505345263,0.005903356053384127,0.0,inf,0,0,0,5,3,0,0,0.035999998450279236
5008,2,1,0,2,37e320b7f2f97439e2e4c0d33b8e00ab31e289edd1151592e8ac8081066ffa2a,77f3c52eeda1cb519264446fe54a3405a79407fe6e577ae6e846fa3bb7c32ea3,0.010411184281110764,0.0,-0.0004273227823432535,-0.0004273227823432535,0.0,0.010411184281110764,0.0,0,1,0.9076921939849854,0.20944694064039504,13,1.661538353333106,0.002422021413715658,0.0018257116292708017,0.010411184281110764,-0.0004273227823432535,0.010411184281110764,0.0004273227823432535,0.0035349815152585506,0.0024056262336671352,0.0035349815152585506,0,0.010411184281110764,0.0,0.0,0.010411184281110764,0,3.2733657381878167e-09,1.734723475976807e-18,0,0,10,11,13,13,0,1,1,1,0.0,0.0,0.0,1,0.017405664548277855,-0.012200072407722473,0.005205592140555382,0.005205592140555382,inf,inf,0,0,-0.0004273260557089917,1.734723475976807e-18,1.6615384505345263,0.008649291499333097,1.734723475976807e-18,inf,0,0,0,4,5,0,0,0.035999998450279236
5008,2,1,2,2,37e320b7f2f97439e2e4c0d33b8e00ab31e289edd1151592e8ac8081066ffa2a,77f3c52eeda1cb519264446fe54a3405a79407fe6e577ae6e846fa3bb7c32ea3,0.02137232944369316,0.03000000026077032,0.0014460274251177907,0.0014460274251177907,6.44761778689773e-11,0.02137232944369316,0.03000000026077032,1,3,0.007692307233810425,0.20944694064039504,13,1.661538353333106,0.0022877556144222785,0.00169268415788927,0.00862767081707716,0.0014460273606416128,0.00862767081707716,0.0014460273606416128,0.004247082397341728,0.005364350043237209,0.004247082397341728,0,0.02137232944369316,0.03000000026077032,0.0,0.00862767081707716,0,7.050343069775478e-10,8.673617379884035e-19,10,11,10,11,1,1,1,1,1,1,0.014999999664723873,0.015000000596046448,0.014999999664723873,0,0.018359201960265636,-0.014045366551727057,0.00431383540853858,0.00431383540853858,0.28758903366402117,1.2239468247083858,1,0,0.0014460281301520977,6.447617873633904e-11,1.6615384505345263,0.007167603400564168,6.447617873633904e-11,111166690.41250853,1,0,0,2,3,0,0,0.005999998189508915
5008,2,1,3,2,37e320b7f2f97439e2e4c0d33b8e00ab31e289edd1151592e8ac8081066ffa2a,77f3c52eeda1cb519264446fe54a3405a79407fe6e577ae6e846fa3bb7c32ea3,0.021997375413775444,0.017999999225139618,-0.011724580079317093,-0.011724580079317093,-0.008099999606050554,0.021997375413775444,0.017999999225139618,1,3,0.9076923131942749,0.2094469155167731,13,1.661538461366525,0.002034247312580615,0.0016703718733152696,0.003997376188635826,-0.0036245804732665393,0.003997376188635826,0.0036245804732665393,0.0035405904054641724,0.006918029394000769,0.0035405904054641724,0,0.02199737587943673,0.017999999225139618,4.656612873077393e-10,0.007405256852507591,0,1.3586217671723855e-09,0.0,10,11,10,11,1,1,1,1,1,1,0.008999999612569809,0.008999999612569809,0.008999999612569809,0,0.019380545243620872,-0.015677916817367077,0.0037026284262537956,0.0037026284262537956,0.4114031761826452,2.1533940086567473,1,0,-0.011724578720695326,-0.008099999606050554,1.6615384522538923,0.006152059504628996,0.008099999606050554,0.7595135560294989,1,1,0,3,2,0,0,0.017999999225139618
5008,2,1,4,2,37e320b7f2f97439e2e4c0d33b8e00ab31e289edd1151592e8ac8081066ffa2a,77f3c52eeda1cb519264446fe54a3405a79407fe6e577ae6e846fa3bb7c32ea3,0.013476972468197346,0.0,0.0006592879071831703,0.0006592879071831703,0.0,0.013476972468197346,0.0,0,1,0.9076921939849854,0.20944694064039504,13,1.661538353333106,0.0028544756483529048,0.001948225736265352,0.013476972468197346,0.0006592879071831703,0.013476972468197346,0.0006592879071831703,0.002392055233940482,0.003384494921192527,0.002392055233940482,0,0.013476972468197346,0.0,0.0,0.013476972468197346,0,2.6765456630564732e-09,1.3010426069826053e-18,0,0,10,11,13,13,0,1,1,1,0.0,0.0,0.0,1,0.019519856199622154,-0.012781369965523481,0.006738486234098673,0.006738486234098673,inf,inf,0,0,0.0006592852306375073,1.3010426069826053e-18,1.6615384505345263,0.011196253976352544,1.3010426069826053e-18,inf,0,0,0,5,4,0,0,0.035999998450279236
5008,2,1,5,2,37e320b7f2f97439e2e4c0d33b8e00ab31e289edd1151592e8ac8081066ffa2a,77f3c52eeda1cb519264446fe54a3405a79407fe6e577ae6e846fa3bb7c32ea3,0.026060812175273895,0.035999998450279236,-0.00045986907207407057,-0.00045986907207407057,-1.734723475976807e-18,0.026060812175273895,0.035999998450279236,1,3,0.9076921939849854,0.20944694064039504,13,1.661538353333106,0.003312357265477843,0.002487528407891121,0.00993918627500534,-0.00045986907207406884,0.00993918627500534,0.00045986907207406884,0.0033598204609006643,0.009096484631299973,0.0033598204609006643,0,0.02606081124395132,0.035999998450279236,9.313225746154785e-10,0.013262306340038776,0,2.1725776577080635e-09,3.469446951953614e-18,10,11,10,11,1,1,1,1,1,1,0.017999999225139618,0.017999999225139618,0.017999999225139618,0,0.019122340716421604,-0.012491187546402216,0.006631153170019388,0.006631153170019388,0.3683974141931083,1.0623523077553512,1,0,-0.0004598712446517283,1.734723475976807e-18,1.6615384505345263,0.011017915963371127,1.734723475976807e-18,inf,0,0,0,1,1,1,1,0.005999998189508915
5008,2,2,0,2,37e320b7f2f97439e2e4c0d33b8e00ab31e289edd1151592e8ac8081066ffa2a,77f3c52eeda1cb519264446fe54a3405a79407fe6e577ae6e846fa3bb7c32ea3,0.0049180639907717705,0.0,0.00022519550111610442,0.00022519550111610442,3.469446951953614e-18,0.0049180639907717705,0.0,0,1,0.9076921939849854,0.20944694064039504,13,1.661538353333106,0.0013260296944769827,0.0010212531544753082,0.0049180639907717705,0.00022519550111610095,0.0049180639907717705,0.00022519550111610095,0.0018376046791672707,0.002210250124335289,0.0018376046791672707,0,0.0049180639907717705,0.0,0.0,0.0049180639907717705,0,1.8723573386170145e-10,2.6020852139652106e-18,0,0,1,11,13,13,0,1,1,1,0.0,0.0,0.0,1,0.005546797998249531,-0.0030877660028636456,0.0024590319953858852,0.0024590319953858852,inf,inf,0,0,0.00022519568835183829,8.673617379884035e-19,1.6615384505345263,0.004085776211428288,8.673617379884035e-19,inf,0,0,0,4,5,0,0,0.03599999751895666
5008,2,2,1,2,37e320b7f2f97439e2e4c0d33b8e00ab31e289edd1151592e8ac8081066ffa2a,77f3c52eeda1cb519264446fe54a3405a79407fe6e577ae6e846fa3bb7c32ea3,0.01765165477991104,0.029999999329447746,0.0005554075469262898,0.0005554075469262898,1.734723475976807e-18,0.01765165477991104,0.029999999329447746,1,3,0.9076921939849854,0.20944694064039504,13,1.661538353333106,0.002778533576904343,0.0018257457740913476,0.012348344549536705,0.0005554075469262881,0.012348344549536705,0.0005554075469262881,0.002787200966849923,0.005178539548069239,0.002787200966849923,0,0.017651655711233616,0.029999999329447746,9.313225746154785e-10,0.01234834361821413,0,2.4009384307077664e-09,3.469446951953614e-18,10,11,10,11,1,1,1,1,1,1,0.014999999664723873,0.014999999664723873,0.014999999664723873,0,0.01060506235808134,-0.004430890548974276,0.006174171809107065,0.006174171809107065,0.4116114631407042,0.7070041730081974,1,0,0.0005554051459878591,-1.734723475976807e-18,1.6615384505345263,0.010258623861037706,1.734723475976807e-18,inf,0,0,0,2,2,0,0,0.005999998189508915
5008,2,2,3,2,37e320b7f2f97439e2e4c0d33b8e00ab31e289edd1151592e8ac8081066ffa2a,77f3c52eeda1cb519264446fe54a3405a79407fe6e577ae6e846fa3bb7c32ea3,0.017512118443846703,0.017999999225139618,-0.008816526271402836,-0.008816526271402836,-0.008099999606050554,0.017512118443846703,0.017999999225139618,1,3,0.9076923131942749,0.2094469155167731,13,1.661538461366525,0.001411495666580413,0.001216974980115185,0.00048788078129291534,-0.0007165266653522823,0.00048788078129291534,0.0007165266653522823,0.0017894821939989924,0.00389733724296093,0.0017894821939989924,0,0.017512118443846703,0.017999999225139618,0.0,0.004707713611423969,0,6.438798209884578e-10,1.734723475976807e-18,10,11,10,11,1,1,1,1,1,1,0.008999999612569809,0.008999999612569809,0.008999999612569809,0,0.009471225552260876,-0.007117368746548891,0.0023538568057119846,0.0023538568057119846,0.26153965633781595,1.0523584399973676,1,0,-0.008816525627523015,-0.008099999606050552,1.6615384522538923,0.003911023593789982,0.008099999606050552,0.4828424424698143,1,1,0,3,3,0,0,0.017999998293817043
5008,2,2,4,2,37e320b7f2f97439e2e4c0d33b8e00ab31e289edd1151592e8ac8081066ffa2a,77f3c52eeda1cb519264446fe54a3405a79407fe6e577ae6e846fa3bb7c32ea3,0.0068103354424238205,0.0,-0.0006468037026934326,-0.0006468037026934326,1.734723475976807e-18,0.0068103354424238205,0.0,0,1,0.9076921939849854,0.20944694064039504,13,1.661538353333106,0.0016487506002212274,0.001180610118003992,0.0068103354424238205,-0.0006468037026934343,0.0068103354424238205,0.0006468037026934343,0.0020101331174373627,0.0033056563697755337,0.0020101331174373627,0,0.0068103354424238205,0.0,0.0,0.0068103354424238205,0,2.615061111231609e-09,1.734723475976807e-18,0,0,10,11,13,13,0,1,1,1,0.0,0.0,0.0,1,0.008515900932252407,-0.005110733211040497,0.0034051677212119102,0.0034051677212119102,inf,inf,0,0,-0.0006468063177545438,0.0,1.6615384505345263,0.005657817099312621,0.0,inf,0,0,0,5,4,0,0,0.03599999751895666
5008,2,2,5,2,37e320b7f2f97439e2e4c0d33b8e00ab31e289edd1151592e8ac8081066ffa2a,77f3c52eeda1cb519264446fe54a3405a79407fe6e577ae6e846fa3bb7c32ea3,0.020477119833230972,0.03599999751895666,0.0004616832884494215,0.0004616832884494215,-6.447617613425383e-11,0.020477119833230972,0.03599999751895666,1,3,0.9076921939849854,0.20944694064039504,13,1.661538353333106,0.003590192640977691,0.002399353365573657,0.015522877685725689,0.00046168335292559766,0.015522877685725689,0.00046168335292559766,0.003234060248360038,0.0035827220417559147,0.003234060248360038,0,0.020477119833230972,0.03599999751895666,0.0,0.015522877685725689,0,5.917981382719262e-11,3.469446951953614e-18,10,11,10,11,1,1,1,1,1,1,0.017999999225139618,0.017999998293817043,0.017999998293817043,0,0.01377513725310564,-0.006013698410242796,0.0077614388428628445,0.0077614388428628445,0.4311910876974294,0.7652854754901487,1,0,0.00046168334762923535,-6.447617960370078e-11,1.6615384505345263,0.012895929068888817,6.447617960370078e-11,200010750.45315838,0,0,0,1,1,1,1,0.005999998189508915
5008,3,0,1,3,2a5f7c513222a33e39a58ebb193cb39e80fe484b438b60d82bf4254d16b6f6d5,77f3c52eeda1cb519264446fe54a3405a79407fe6e577ae6e846fa3bb7c32ea3,0.007562523707747459,0.0,-0.0005684199859388173,-0.0005684199859388173,-3.469446951953614e-18,0.007562523707747459,0.0,0,1,0.9076921939849854,0.20944694064039504,13,1.661538353333106,0.0020995201193220263,0.0017396374633149986,0.007562523707747459,-0.0005684199859388138,0.007562523707747459,0.0005684199859388138,0.002099530538544059,0.003547887783497572,0.002099530538544059,0,0.007562523707747459,0.0,0.0,0.007562523707747459,0,8.371123204342634e-10,1.734723475976807e-18,0,0,9,11,13,13,0,1,1,1,0.0,0.0,0.0,1,0.01839405484497547,0.014612792991101742,0.0037812618538737297,0.0037812618538737297,inf,inf,0,0,-0.0005684208230511377,-5.204170427930421e-18,1.6615384505345263,0.006282711961750668,5.204170427930421e-18,inf,0,0,0,2,4,0,0,0.04800000041723251
5008,3,0,2,3,2a5f7c513222a33e39a58ebb193cb39e80fe484b438b60d82bf4254d16b6f6d5,77f3c52eeda1cb519264446fe54a3405a79407fe6e577ae6e846fa3bb7c32ea3,0.008550276048481464,0.0,0.00039425166323781013,0.00039425166323781013,-3.469446951953614e-18,0.008550276048481464,0.0,0,1,0.9076921939849854,0.20944694064039504,13,1.661538353333106,0.0021973495040392417,0.001603484682782867,0.008550276048481464,0.0003942516632378136,0.008550276048481464,0.0003942516632378136,0.002923572203144431,0.0035762672778218985,0.002923572203144431,0,0.008550276048481464,0.0,0.0,0.008550276048481464,0,9.19605557501979e-10,0.0,0,0,1,11,13,13,0,1,1,1,0.0,0.0,0.0,1,0.01632817927747965,0.012053041253238916,0.004275138024240732,0.004275138024240732,inf,inf,0,0,0.00039425074363225263,-3.469446951953614e-18,1.6615384505345263,0.007103306208618182,3.469446951953614e-18,inf,0,0,0,3,3,0,0,0.04800000041723251
5008,3,0,3,3,2a5f7c513222a33e39a58ebb193cb39e80fe484b438b60d82bf4254d16b6f6d5,77f3c52eeda1cb519264446fe54a3405a79407fe6e577ae6e846fa3bb7c32ea3,0.0058211274445056915,0.0,-0.0007650954648852348,-0.0007650954648852348,0.0,0.0058211274445056915,0.0,0,1,0.9076923131942749,0.2094469155167731,13,1.661538461366525,0.0013785304109444738,0.0009728157507068307,0.0058211274445056915,-0.0007650954648852348,0.0058211274445056915,0.0007650954648852348,0.0034375879913568497,0.005120068322867155,0.0034375879913568497,0,0.0058211274445056915,0.0,0.0,0.0058211274445056915,0,7.636614006087394e-10,3.469446951953614e-18,0,0,9,3,13,13,0,1,1,1,0.0,0.0,0.0,1,0.020940869115293026,0.01803030539304018,0.0029105637222528458,0.0029105637222528458,inf,inf,0,0,-0.0007650947012238342,3.469446951953614e-18,1.6615384522538923,0.004836013542258321,3.469446951953614e-18,inf,0,0,0,4,5,0,0,0.04800000041723251
5008,3,0,4,3,2a5f7c513222a33e39a58ebb193cb39e80fe484b438b60d82bf4254d16b6f6d5,77f3c52eeda1cb519264446fe54a3405a79407fe6e577ae6e846fa3bb7c32ea3,0.019891908392310143,0.04800000041723251,-0.0024130786769092083,-0.0024130786769092083,-0.00830769193802888,0.019891908392310143,0.04800000041723251,1,4,0.9076921939849854,0.20944694064039504,13,1.661538353333106,0.013481241096508261,0.01234993059739206,0.02810809202492237,0.005894613261119671,0.02810809202492237,0.005894613261119671,0.002482346724718809,0.009328862652182579,0.002482346724718809,0,0.019891908392310143,0.04800000041723251,0.0,0.0342243192717433,0,7.577329440983105e-10,3.469446951953614e-18,1,11,10,11,4,1,0,0,1,0,0.0,0.018000001087784767,0.0,1,0.020526105538010597,0.0034139459021389484,0.01711215963587165,0.01711215963587165,inf,inf,0,0,-0.0024130794346421524,-0.008307691938028883,1.6615384505345263,0.028432511206685645,0.008307691938028883,3.4224320567947855,1,0,0,1,1,1,1,0.04800000041723251
5008,3,0,5,3,2a5f7c513222a33e39a58ebb193cb39e80fe484b438b60d82bf4254d16b6f6d5,77f3c52eeda1cb519264446fe54a3405a79407fe6e577ae6e846fa3bb7c32ea3,0.008651685900986195,0.0,-0.00022733739751856774,-0.00022733739751856774,0.0,0.008651685900986195,0.0,0,1,0.9076921939849854,0.20944694064039504,13,1.661538353333106,0.0022438361524184528,0.001748378350008169,0.008651685900986195,-0.00022733739751856774,0.008651685900986195,0.00022733739751856774,0.0033031688071787357,0.003162933513522148,0.0033031688071787357,0,0.008651685900986195,0.0,0.0,0.008651685900986195,0,3.828888378229478e-10,1.734723475976807e-18,0,0,1,11,13,13,0,1,1,1,0.0,0.0,0.0,1,0.01867623347789049,0.014350390527397394,0.004325842950493097,0.004325842950493097,inf,inf,0,0,-0.00022733778040740556,-1.734723475976807e-18,1.6615384505345263,0.007187554393218005,1.734723475976807e-18,inf,0,0,0,5,2,0,0,0.04800000041723251
5008,3,1,0,3,2a5f7c513222a33e39a58ebb193cb39e80fe484b438b60d82bf4254d16b6f6d5,77f3c52eeda1cb519264446fe54a3405a79407fe6e577ae6e846fa3bb7c32ea3,0.006478745490312576,0.0,0.0010003516217693686,0.0010003516217693686,0.0,0.006478745490312576,0.0,0,1,0.9076921939849854,0.20944694064039504,13,1.661538353333106,0.001467034054498716,0.000977348888943181,0.006478745490312576,0.0010003516217693686,0.006478745490312576,0.0010003516217693686,0.002489100443199277,0.002338780090212822,0.002489100443199277,0,0.006478745490312576,0.0,0.0,0.006478745490312576,0,2.175532047912765e-09,1.734723475976807e-18,0,0,10,11,13,13,0,1,1,1,0.0,0.0,0.0,1,0.020566481165587902,-0.017327108420431614,0.003239372745156288,0.003239372745156288,inf,inf,0,0,0.0010003494462373207,1.734723475976807e-18,1.6615384505345263,0.005382342371690754,1.734723475976807e-18,inf,0,0,0,4,5,0,0,0.03599999751895666
5008,3,1,2,3,2a5f7c513222a33e39a58ebb193cb39e80fe484b438b60d82bf4254d16b6f6d5,77f3c52eeda1cb519264446fe54a3405a79407fe6e577ae6e846fa3bb7c32ea3,0.01945994235575199,0.029999999329447746,0.0015756158391013741,0.0015756158391013741,1.734723475976807e-18,0.01945994235575199,0.029999999329447746,1,3,0.9076921939849854,0.20944694064039504,13,1.661538353333106,0.0025244518779951805,0.0017521141659049603,0.010540056973695755,0.0015756158391013724,0.010540056973695755,0.0015756158391013724,0.0021704186219722033,0.004949389025568962,0.0021704186219722033,0,0.01945994235575199,0.029999999329447746,0.0,0.010540056973695755,0,1.5524901433860983e-09,1.734723475976807e-18,10,11,10,11,1,1,1,1,1,1,0.014999999664723873,0.014999999664723873,0.014999999664723873,0,0.02529841661453247,-0.020028388127684593,0.0052700284868478775,0.0052700284868478775,0.3513352403094797,1.6865611453330773,1,0,0.0015756142866112308,0.0,1.6615384505345263,0.008756354966310036,0.0,inf,0,0,0,2,2,0,0,0.005999998189508915
5008,3,1,3,3,2a5f7c513222a33e39a58ebb193cb39e80fe484b438b60d82bf4254d16b6f6d5,77f3c52eeda1cb519264446fe54a3405a79407fe6e577ae6e846fa3bb7c32ea3,0.019433822482824326,0.017999999225139618,-0.009733871556818485,-0.009733871556818485,-0.008099999606050554,0.019433822482824326,0.017999999225139618,1,3,0.9076923131942749,0.2094469155167731,13,1.661538461366525,0.0014061480714771732,0.0010811344516524198,0.0014338232576847076,-0.0016338719507679317,0.0014338232576847076,0.0016338719507679317,0.004497764632105827,0.007407117169350386,0.004497764632105827,0,0.0194338234141469,0.017999999225139618,9.313225746154785e-10,0.005705036222934723,0,2.339714554044914e-09,1.734723475976807e-18,10,11,10,11,1,1,1,1,1,1,0.008999999612569809,0.008999999612569809,0.008999999612569809,0,0.021414202637970448,-0.018561684526503086,0.0028525181114673615,0.0028525181114673615,0.3169464704735548,2.37935595108942,1,0,-0.009733869217103931,-0.008099999606050552,1.6615384522538923,0.004739568527953676,0.008099999606050552,0.5851319454896399,1,1,0,3,3,0,0,0.017999998293817043
5008,3,1,4,3,2a5f7c513222a33e39a58ebb193cb39e80fe484b438b60d82bf4254d16b6f6d5,77f3c52eeda1cb519264446fe54a3405a79407fe6e577ae6e846fa3bb7c32ea3,0.008608253672719002,0.0,0.0003730086609721184,0.0003730086609721184,1.734723475976807e-18,0.008608253672719002,0.0,0,1,0.9076921939849854,0.20944694064039504,13,1.661538353333106,0.0018531697183811935,0.0011497578368737148,0.008608253672719002,0.00037300866097211664,0.008608253672719002,0.00037300866097211664,0.0017738008173182607,0.0017433490138500929,0.0017738008173182607,0,0.008608253672719002,0.0,0.0,0.008608253672719002,0,1.1151167437356557e-09,1.734723475976807e-18,0,0,10,11,13,13,0,1,1,1,0.0,0.0,0.0,1,0.022040768526494503,-0.017736641690135002,0.004304126836359501,0.004304126836359501,inf,inf,0,0,0.0003730097760888621,0.0,1.6615384505345263,0.007151472234588838,0.0,inf,0,0,0,5,4,0,0,0.03599999751895666
5008,3,1,5,3,2a5f7c513222a33e39a58ebb193cb39e80fe484b438b60d82bf4254d16b6f6d5,77f3c52eeda1cb519264446fe54a3405a79407fe6e577ae6e846fa3bb7c32ea3,0.0239228755235672,0.03599999751895666,0.0004459414631128311,0.0004459414631128311,-6.447617613425383e-11,0.0239228755235672,0.03599999751895666,1,3,0.9076921939849854,0.20944694064039504,13,1.661538353333106,0.0034660002947578027,0.0026471073017317872,0.012077121995389462,0.00044594152758900725,0.012077121995389462,0.00044594152758900725,0.0025759811978787184,0.00634308997541666,0.0025759811978787184,0,0.0239228755235672,0.03599999751895666,0.0,0.013317516073584557,0,2.3220198680506954e-10,3.469446951953614e-18,10,11,10,11,1,1,1,1,1,1,0.017999999225139618,0.017999998293817043,0.017999998293817043,0,0.02474131714552641,-0.01808255910873413,0.006658758036792278,0.006658758036792278,0.36993103710901715,1.3745177494836205,1,0,0.0004459412309108443,-6.447617960370078e-11,1.6615384505345263,0.011063782510936166,6.447617960370078e-11,171594883.2412076,0,0,0,1,1,1,1,0.005999998189508915
5008,3,2,0,3,2a5f7c513222a33e39a58ebb193cb39e80fe484b438b60d82bf4254d16b6f6d5,77f3c52eeda1cb519264446fe54a3405a79407fe6e577ae6e846fa3bb7c32ea3,0.007470717187970877,0.0,-0.00048191132373176515,-0.00048191132373176515,1.734723475976807e-18,0.007470717187970877,0.0,0,1,0.9076921939849854,0.20944694064039504,13,1.661538353333106,0.0018176680615430388,0.0012414605252047965,0.007470717187970877,-0.0004819113237317669,0.007470717187970877,0.0004819113237317669,0.002394067356362939,0.001372388913296163,0.002394067356362939,0,0.007470717187970877,0.0,0.0,0.007470717187970877,0,4.128839509870419e-10,8.673617379884035e-19,0,0,10,11,13,13,0,1,1,1,0.0,0.0,0.0,1,0.006232486106455326,-0.0024971275124698877,0.0037353585939854383,0.0037353585939854383,inf,inf,0,0,-0.00048191091084781416,8.673617379884035e-19,1.6615384505345263,0.006206441930441392,8.673617379884035e-19,inf,0,0,0,4,5,0,0,0.035999998450279236
5008,3,2,1,3,2a5f7c513222a33e39a58ebb193cb39e80fe484b438b60d82bf4254d16b6f6d5,77f3c52eeda1cb519264446fe54a3405a79407fe6e577ae6e846fa3bb7c32ea3,0.021784523501992226,0.03000000026077032,0.00017264655616600066,0.00017264655616600066,6.44761778689773e-11,0.021784523501992226,0.03000000026077032,1,3,0.9076921939849854,0.20944694064039504,13,1.661538353333106,0.00203359933423766,0.0013538685533598333,0.008215476758778095,0.0001726464916898228,0.008215476758778095,0.0001726464916898228,0.0021603689529001713,0.005990056321024895,0.0021603689529001713,0,0.021784523269161582,0.03000000026077032,2.3283064365386963e-10,0.008215476991608739,0,9.35376343220995e-10,8.673617379884035e-19,10,11,10,11,1,1,1,1,1,1,0.014999999664723873,0.015000000596046448,0.014999999664723873,0,0.008484541671350598,-0.004376803175546229,0.0041077384958043694,0.0041077384958043694,0.2738492391746321,0.5656361240663258,1,0,0.00017264562078965744,6.447617873633904e-11,1.6615384505345263,0.006825165455519817,6.447617873633904e-11,105855613.4883522,1,0,0,2,2,0,0,0.005999998189508915
5008,3,2,3,3,2a5f7c513222a33e39a58ebb193cb39e80fe484b438b60d82bf4254d16b6f6d5,77f3c52eeda1cb519264446fe54a3405a79407fe6e577ae6e846fa3bb7c32ea3,0.02040078490972519,0.017999999225139618,-0.01023250725120306,-0.01023250725120306,-0.008099999606050554,0.02040078490972519,0.017999999225139618,1,3,0.9076923131942749,0.2094469155167731,13,1.661538461366525,0.001135974775697596,0.0008415964007730316,0.0024007856845855713,-0.0021325076451525066,0.0024007856845855713,0.0021325076451525066,0.005159839056432247,0.009256897494196892,0.005159839056432247,0,0.020400784211233258,0.017999999225139618,6.984919309616089e-10,0.0040061622858047485,0,4.640038474973407e-10,0.0,10,11,10,11,1,1,1,1,1,1,0.008999999612569809,0.008999999612569809,0.008999999612569809,0,0.008590083569288254,-0.0065870024263858795,0.0020030811429023743,0.0020030811429023743,0.22256458101451249,0.9544537710080512,1,0,-0.010232507715206908,-0.008099999606050554,1.6615384522538923,0.0033281963419169685,0.008099999606050554,0.41088845725756157,1,1,0,3,3,0,0,0.017999999225139618
5008,3,2,4,3,2a5f7c513222a33e39a58ebb193cb39e80fe484b438b60d82bf4254d16b6f6d5,77f3c52eeda1cb519264446fe54a3405a79407fe6e577ae6e846fa3bb7c32ea3,0.011062845587730408,0.0,3.664598989416845e-05,3.664598989416845e-05,0.0,0.011062845587730408,0.0,0,1,0.9076921939849854,0.20944694064039504,13,1.661538353333106,0.0024629798373417824,0.0015588679720135133,0.011062845587730408,3.664598989416845e-05,0.011062845587730408,3.664598989416845e-05,0.001862370758317411,0.0026140508707612753,0.001862370758317411,0,0.011062846053391695,0.0,4.656612873077393e-10,0.011062846053391695,0,4.5148084056034765e-11,1.3010426069826053e-18,0,0,10,11,13,13,0,1,1,1,0.0,0.0,0.0,1,0.008508911356329918,-0.0029774883296340704,0.0055314230266958475,0.0055314230266958475,inf,inf,0,0,3.664603504225251e-05,1.3010426069826053e-18,1.6615384505345263,0.009190672045027218,1.3010426069826053e-18,inf,0,0,0,5,4,0,0,0.035999998450279236
5008,3,2,5,3,2a5f7c513222a33e39a58ebb193cb39e80fe484b438b60d82bf4254d16b6f6d5,77f3c52eeda1cb519264446fe54a3405a79407fe6e577ae6e846fa3bb7c32ea3,0.023882389068603516,0.035999998450279236,0.00040071518742479384,0.00040071518742479384,-1.734723475976807e-18,0.023882389068603516,0.035999998450279236,1,3,0.9076921939849854,0.20944694064039504,13,1.661538353333106,0.0026129960925440404,0.0015454879967418652,0.01211760938167572,0.0004007151874247956,0.01211760938167572,0.0004007151874247956,0.002480033552274108,0.006230514030903578,0.002480033552274108,0,0.02388238988351077,0.035999998450279236,8.149072527885437e-10,0.012117608566768467,0,3.7652611410698977e-10,3.469446951953614e-18,10,11,10,11,1,1,1,1,1,1,0.017999999225139618,0.017999999225139618,0.017999999225139618,0,0.01014873490203172,-0.004089930618647486,0.006058804283384234,0.006058804283384234,0.33660025245569075,0.5638186299395799,1,0,0.00040071481089867973,1.734723475976807e-18,1.6615384505345263,0.01006693628110619,1.734723475976807e-18,inf,0,0,0,1,1,1,1,0.005999998189508915
5008,4,0,1,4,f46f4ee29851667c7c26e671de8172a95a526932f8aa5412e1ea142846eba551,77f3c52eeda1cb519264446fe54a3405a79407fe6e577ae6e846fa3bb7c32ea3,0.006096916273236275,0.0,0.0009897456038743258,0.0009897456038743258,0.0,0.006096916273236275,0.0,0,1,0.9076921939849854,0.20944694064039504,13,1.661538353333106,0.001884962974043153,0.0016311541772805727,0.006096916273236275,0.0009897456038743258,0.006096916273236275,0.0009897456038743258,0.0018195367883890867,0.0025343126617372036,0.0018195367883890867,0,0.006096916506066918,0.0,2.3283064365386963e-10,0.006096916506066918,0,6.22087907228841e-10,2.168404344971009e-19,0,0,10,6,13,13,0,1,1,1,0.0,0.0,0.0,1,0.007505313726142049,0.00445685547310859,0.003048458253033459,0.003048458253033459,inf,inf,0,0,0.000989746225962233,2.168404344971009e-19,1.6615384505345263,0.0050651306022644026,2.168404344971009e-19,inf,0,0,0,2,3,0,0,0.047999996691942215
5008,4,0,2,4,f46f4ee29851667c7c26e671de8172a95a526932f8aa5412e1ea142846eba551,77f3c52eeda1cb519264446fe54a3405a79407fe6e577ae6e846fa3bb7c32ea3,0.005299258977174759,0.0,0.0014519012765958905,0.0014519012765958905,0.0,0.005299258977174759,0.0,0,1,0.007692307233810425,0.20944694064039504,13,1.6615383533331063,0.0016481395468796582,0.0014203190335111149,0.005299258977174759,0.0014519012765958905,0.005299258977174759,0.0014519012765958905,0.0017677904106676579,0.0032665864564478397,0.0017677904106676579,0,0.005299258744344115,0.0,2.3283064365386963e-10,0.005299258744344115,0,9.200179116805596e-11,1.0842021724855044e-19,0,0,10,7,13,13,0,1,1,1,0.0,0.0,0.0,1,0.005405706120654941,0.002756076748482883,0.0026496293721720576,0.0026496293721720576,inf,inf,0,0,0.0014519011845940994,-1.0842021724855044e-19,1.661538450534526,0.0044024610815295295,1.0842021724855044e-19,inf,0,0,0,3,5,0,0,0.047999996691942215
5008,4,0,3,4,f46f4ee29851667c7c26e671de8172a95a526932f8aa5412e1ea142846eba551,77f3c52eeda1cb519264446fe54a3405a79407fe6e577ae6e846fa3bb7c32ea3,0.005555666051805019,0.0,0.000269231473794207,0.000269231473794207,0.0,0.005555666051805019,0.0,0,1,0.9076923131942749,0.2094469155167731,13,1.661538461366525,0.0017423885296605106,0.001391529138668402,0.005555666051805019,0.000269231473794207,0.005555666051805019,0.000269231473794207,0.0019101701909676194,0.003105736803263426,0.0019101701909676194,0,0.005555666051805019,0.0,0.0,0.005555666051805019,0,4.126654430496035e-10,4.336808689942018e-19,0,0,2,6,13,13,0,1,1,1,0.0,0.0,0.0,1,0.007542409235611558,0.004764576209709048,0.0027778330259025097,0.0027778330259025097,inf,inf,0,0,0.00026923188645965,-4.336808689942018e-19,1.6615384522538923,0.004615476386477802,4.336808689942018e-19,inf,0,0,0,4,4,0,0,0.047999996691942215
5008,4,0,4,4,f46f4ee29851667c7c26e671de8172a95a526932f8aa5412e1ea142846eba551,77f3c52eeda1cb519264446fe54a3405a79407fe6e577ae6e846fa3bb7c32ea3,0.01662280410528183,0.047999996691942215,-0.001661512185819447,-0.001661512185819447,-0.008307691647886082,0.01662280410528183,0.047999996691942215,1,4,0.9076921939849854,0.20944694064039504,13,1.661538353333106,0.01249796139545853,0.011249623454269574,0.031377192586660385,0.006646179462066635,0.031377192586660385,0.006646179462066635,0.0019510963466018438,0.005697065498679876,0.0019510963466018438,0,0.0166228034067899,0.047999996691942215,6.984919309616089e-10,0.038459665374830365,0,3.9786082848408677e-10,1.734723475976807e-18,1,11,3,11,4,1,0,1,1,1,0.0,0.017999998992308974,0.0,1,0.02459930768236518,-0.0053694749949499965,0.019229832687415183,0.019229832687415183,inf,inf,0,0,-0.0016615117879586186,-0.00830769164788608,1.6615384505345263,0.03195110640748601,0.00830769164788608,3.845966817463197,1,0,0,1,1,1,1,0.047999996691942215
5008,4,0,5,4,f46f4ee29851667c7c26e671de8172a95a526932f8aa5412e1ea142846eba551,77f3c52eeda1cb519264446fe54a3405a79407fe6e577ae6e846fa3bb7c32ea3,0.0068866172805428505,0.0,0.0008946677553467453,0.0008946677553467453,0.0,0.0068866172805428505,0.0,0,1,0.9076921939849854,0.20944694064039504,13,1.661538353333106,0.002008370469292116,0.0017279601496087728,0.0068866172805428505,0.0008946677553467453,0.0068866172805428505,0.0008946677553467453,0.0017691245302557945,0.002056346507743001,0.0017691245302557945,0,0.006886617047712207,0.0,2.3283064365386963e-10,0.006886617047712207,0,6.092850451597243e-10,2.168404344971009e-19,0,0,10,6,13,13,0,1,1,1,0.0,0.0,0.0,1,0.00803968240506947,0.004596373881213367,0.0034433085238561034,0.0034433085238561034,inf,inf,0,0,0.0008946683646317904,2.168404344971009e-19,1.6615384505345263,0.005721189509440197,2.168404344971009e-19,inf,0,0,0,5,2,0,0,0.047999996691942215
5008,4,1,0,4,f46f4ee29851667c7c26e671de8172a95a526932f8aa5412e1ea142846eba551,77f3c52eeda1cb519264446fe54a3405a79407fe6e577ae6e846fa3bb7c32ea3,0.0055914223194122314,0.0,-0.0005478262901306152,-0.0005478262901306152,-6.938893903907228e-18,0.0055914223194122314,0.0,0,1,0.9076921939849854,0.20944694064039504,13,1.661538353333106,0.0014451779380687956,0.0011412064881014396,0.0055914223194122314,-0.0005478262901306083,0.0055914223194122314,0.0005478262901306083,0.0019509681733325124,0.002772329840809107,0.0019509681733325124,0,0.0055914223194122314,0.0,0.0,0.0055914223194122314,0,7.127738642365156e-10,6.938893903907228e-18,0,0,4,11,13,13,0,1,1,1,0.0,0.0,0.0,1,0.005453404039144516,0.0026576928794384003,0.0027957111597061157,0.0027957111597061157,inf,inf,0,0,-0.0005478270029044795,0.0,1.6615384505345263,0.004645181588440183,0.0,inf,0,0,0,4,5,0,0,0.04799999948590994
5008,4,1,2,4,f46f4ee29851667c7c26e671de8172a95a526932f8aa5412e1ea142846eba551,77f3c52eeda1cb519264446fe54a3405a79407fe6e577ae6e846fa3bb7c32ea3,0.018094390630722046,0.030000001192092896,-0.0006773111526854336,-0.0006773111526854336,0.0,0.018094390630722046,0.030000001192092896,1,3,0.007692307233810425,0.20944694064039504,13,1.6615383533331063,0.002823320973739084,0.0020206241741688286,0.01190561056137085,-0.0006773111526854336,0.01190561056137085,0.0006773111526854336,0.001988846343010664,0.0031022531911730766,0.001988846343010664,0,0.018094390630722046,0.030000001192092896,0.0,0.01190561056137085,0,3.3581261174586707e-09,0.0,10,11,10,11,1,1,1,1,1,1,0.015000000596046448,0.015000000596046448,0.015000000596046448,0,0.0068374089896678925,-0.0008846037089824677,0.005952805280685425,0.005952805280685425,0.3968536696094803,0.455827247864912,1,0,-0.0006773145108115511,0.0,1.661538450534526,0.009890814862403806,0.0,inf,0,0,0,2,3,0,0,0.017999998293817043
5008,4,1,3,4,f46f4ee29851667c7c26e671de8172a95a526932f8aa5412e1ea142846eba551,77f3c52eeda1cb519264446fe54a3405a79407fe6e577ae6e846fa3bb7c32ea3,0.018994668498635292,0.017999999225139618,-0.009680325165390968,-0.009680325165390968,-0.008099999606050554,0.018994668498635292,0.017999999225139618,1,3,0.9076923131942749,0.2094469155167731,13,1.661538461366525,0.00143451950872858,0.0012419344581795868,0.0009946692734956741,-0.0015803255593404147,0.0009946692734956741,0.0015803255593404147,0.002772982930764556,0.004784622695297003,0.002772982930764556,0,0.018994668498635292,0.017999999225139618,0.0,0.005082990974187851,0,6.479808998399728e-10,5.204170427930421e-18,10,11,10,11,1,1,1,1,1,1,0.008999999612569809,0.008999999612569809,0.008999999612569809,0,0.003717288374900818,0.0011757928878068924,0.0025414954870939255,0.0025414954870939255,0.2823883996110797,0.4130320594357675,1,0,-0.009680325813371868,-0.008099999606050548,1.6615384522538923,0.004222792478036293,0.008099999606050548,0.5213324300512244,1,1,0,3,2,0,0,0.03000000026077032
5008,4,1,4,4,f46f4ee29851667c7c26e671de8172a95a526932f8aa5412e1ea142846eba551,77f3c52eeda1cb519264446fe54a3405a79407fe6e577ae6e846fa3bb7c32ea3,0.006325066089630127,0.0,6.489362567663193e-05,6.489362567663193e-05,-6.938893903907228e-18,0.006325066089630127,0.0,0,1,0.9076921939849854,0.20944694064039504,13,1.661538353333106,0.0016557594620597853,0.001198753582302635,0.006325066089630127,6.489362567663887e-05,0.006325066089630127,6.489362567663887e-05,0.0014081776607781649,0.002253140090033412,0.0014081776607781649,0,0.006325066089630127,0.0,0.0,0.006325066089630127,0,2.479180610803766e-09,6.938893903907228e-18,0,0,4,11,13,13,0,1,1,1,0.0,0.0,0.0,1,0.005602966994047165,0.0024404339492321014,0.0031625330448150635,0.0031625330448150635,inf,inf,0,0,6.489114649602112e-05,0.0,1.6615384505345263,0.005254670255046258,0.0,inf,0,0,0,5,4,0,0,0.04799999948590994
5008,4,1,5,4,f46f4ee29851667c7c26e671de8172a95a526932f8aa5412e1ea142846eba551,77f3c52eeda1cb519264446fe54a3405a79407fe6e577ae6e846fa3bb7c32ea3,0.022937240079045296,0.04799999948590994,-0.0033320437651127577,-0.0033320437651127577,-0.006230769243664454,0.022937240079045296,0.04799999948590994,1,4,0.9076921939849854,0.20944694064039504,13,1.661538353333106,0.01050048309962197,0.00883905145411308,0.025062759406864643,0.002898725478551696,0.025062759406864643,0.002898725478551696,0.0016645310679450631,0.005849922075867653,0.0016645310679450631,0,0.022937240079045296,0.04799999948590994,0.0,0.030361349694430828,0,1.0274616435435036e-09,6.938893903907228e-18,1,11,10,11,3,1,0,0,1,0,0.0,0.017999999225139618,0.0,1,0.017806588672101498,-0.0026259138248860836,0.015180674847215414,0.015180674847215414,inf,inf,0,0,-0.0033320447925744012,-0.006230769243664461,1.6615384505345263,0.025223274963710757,0.006230769243664461,4.048179924069273,1,0,0,1,1,1,1,0.017999998293817043
5008,4,2,0,4,f46f4ee29851667c7c26e671de8172a95a526932f8aa5412e1ea142846eba551,77f3c52eeda1cb519264446fe54a3405a79407fe6e577ae6e846fa3bb7c32ea3,0.00819664541631937,0.0,-0.0005024387501180172,-0.0005024387501180172,0.0,0.00819664541631937,0.0,0,1,0.9076921939849854,0.20944694064039504,13,1.661538353333106,0.0019525014915280378,0.0013997088125824225,0.00819664541631937,-0.0005024387501180172,0.00819664541631937,0.0005024387501180172,0.002969104330986738,0.002927310997620225,0.002969104330986738,0,0.00819664541631937,0.0,0.0,0.00819664541631937,0,2.0392007266806234e-10,1.3010426069826053e-18,0,0,10,11,13,13,0,1,1,1,0.0,0.0,0.0,1,0.010034512728452682,-0.005936190020292997,0.004098322708159685,0.004098322708159685,inf,inf,0,0,-0.0005024385461979445,1.3010426069826053e-18,1.6615384505345263,0.006809520762306107,1.3010426069826053e-18,inf,0,0,0,4,5,0,0,0.035999998450279236
5008,4,2,1,4,f46f4ee29851667c7c26e671de8172a95a526932f8aa5412e1ea142846eba551,77f3c52eeda1cb519264446fe54a3405a79407fe6e577ae6e846fa3bb7c32ea3,0.025207312777638435,0.03000000026077032,-0.0009861673461273313,-0.0009861673461273313,6.44761778689773e-11,0.025207312777638435,0.03000000026077032,1,3,0.9076921939849854,0.20944694064039504,13,1.661538353333106,0.0013239678882580586,0.0010019447709593546,0.0047926874831318855,-0.0009861674106035091,0.0047926874831318855,0.0009861674106035091,0.0015828820178285241,0.008477053605020046,0.0015828820178285241,0,0.025207313243299723,0.03000000026077032,4.656612873077393e-10,0.005102978553622961,0,7.259898897327144e-10,8.673617379884035e-19,10,11,10,11,1,1,1,1,1,1,0.014999999664723873,0.015000000596046448,0.014999999664723873,0,0.01069260248914361,-0.00814111321233213,0.0025514892768114805,0.0025514892768114805,0.17009928892278076,0.712840181876127,1,0,-0.000986168072117221,6.447617873633904e-11,1.6615384505345263,0.0042393975395488065,6.447617873633904e-11,65751377.06105192,0,0,0,2,2,0,0,0.005999998189508915
5008,4,2,3,4,f46f4ee29851667c7c26e671de8172a95a526932f8aa5412e1ea142846eba551,77f3c52eeda1cb519264446fe54a3405a79407fe6e577ae6e846fa3bb7c32ea3,0.021075330674648285,0.01899999938905239,-0.010074312798678875,-0.010074312798678875,-0.007407691933085715,0.021075330674648285,0.01899999938905239,1,4,0.9076923131942749,0.2094469155167731,13,1.661538461366525,0.0026346032525317387,0.0015505373962884826,0.002075331285595894,-0.0026666208655931603,0.002075331285595894,0.0026666208655931603,0.004914756864309311,0.009291233494877815,0.004914756864309311,0,0.02107533044181764,0.01899999938905239,2.3283064365386963e-10,0.011374477297067642,0,2.607132634779852e-10,8.673617379884035e-19,10,3,10,11,1,1,1,1,0,0,0.008999999612569809,0.0010000001639127731,0.0010000001639127731,0,0.011841783300042152,-0.006154544651508331,0.005687238648533821,0.005687238648533821,5.687237716322915,11.841781359022931,0,0,-0.010074313059392138,-0.007407691933085714,1.6615384522538923,0.009449565701683402,0.007407691933085714,1.2756423710707872,1,0,0,3,3,0,0,0.016999999061226845
5008,4,2,4,4,f46f4ee29851667c7c26e671de8172a95a526932f8aa5412e1ea142846eba551,77f3c52eeda1cb519264446fe54a3405a79407fe6e577ae6e846fa3bb7c32ea3,0.012841032817959785,0.0,-0.0005256510339677334,-0.0005256510339677334,0.0,0.012841032817959785,0.0,0,1,0.9076921939849854,0.20944694064039504,13,1.661538353333106,0.0027409909698036966,0.001765022561306784,0.012841032817959785,-0.0005256510339677334,0.012841032817959785,0.0005256510339677334,0.00306744035333395,0.004353727679699659,0.00306744035333395,0,0.012841032817959785,0.0,0.0,0.012841032817959785,0,1.7085179512474347e-09,1.3010426069826053e-18,0,0,10,11,13,13,0,1,1,1,0.0,0.0,0.0,1,0.013234620913863182,-0.006814104504883289,0.006420516408979893,0.006420516408979893,inf,inf,0,0,-0.0005256493254497821,1.3010426069826053e-18,1.6615384505345263,0.010667934885807952,1.3010426069826053e-18,inf,0,0,0,5,4,0,0,0.035999998450279236
5008,4,2,5,4,f46f4ee29851667c7c26e671de8172a95a526932f8aa5412e1ea142846eba551,77f3c52eeda1cb519264446fe54a3405a79407fe6e577ae6e846fa3bb7c32ea3,0.02639259584248066,0.035999998450279236,-0.0009849424241110682,-0.0009849424241110682,0.0,0.02639259584248066,0.035999998450279236,1,3,0.9076921939849854,0.20944694064039504,13,1.661538353333106,0.00210536775502348,0.0013369360536380987,0.009607402607798576,-0.0009849424241110682,0.009607402607798576,0.0009849424241110682,0.0017481587128713727,0.009025433100759983,0.0017481587128713727,0,0.02639259514398873,0.035999998450279236,6.984919309616089e-10,0.009607403306290507,0,3.181578767802451e-10,1.734723475976807e-18,10,11,10,11,1,1,1,1,1,1,0.017999999225139618,0.017999999225139618,0.017999999225139618,0,0.012817621929571033,-0.008013920276425779,0.004803701653145254,0.004803701653145254,0.26687232555189144,0.7120901378523038,1,0,-0.0009849421059531915,1.734723475976807e-18,1.6615384505345263,0.007981535001597108,1.734723475976807e-18,inf,0,0,0,1,1,1,1,0.005999998189508915
5008,5,0,1,5,efbf64800b7bb3ef925c21736dd9abf7f5f7afc13123112b989a7a3734fbcecf,77f3c52eeda1cb519264446fe54a3405a79407fe6e577ae6e846fa3bb7c32ea3,0.03490683063864708,0.0,0.003808444133028388,0.003808444133028388,0.0,0.03490683063864708,0.0,0,1,0.9076921939849854,0.20944694064039504,13,1.661538353333106,0.008219045478247113,0.0064396097727075835,0.03490683063864708,0.003808444133028388,0.03490683063864708,0.003808444133028388,0.006196847651153803,0.013674402609467506,0.006196847651153803,0,0.03490683063864708,0.0,0.0,0.03490683063864708,0,1.339523431412304e-09,6.938893903907228e-18,0,0,12,4,13,13,0,1,1,1,0.0,0.0,0.0,1,0.13720811158418655,0.11975469626486301,0.01745341531932354,0.01745341531932354,inf,inf,0,0,0.0038084454725518194,6.938893903907228e-18,1.6615384505345263,0.0289995206462044,6.938893903907228e-18,inf,0,0,0,2,3,0,0,0.04800000041723251
5008,5,0,2,5,efbf64800b7bb3ef925c21736dd9abf7f5f7afc13123112b989a7a3734fbcecf,77f3c52eeda1cb519264446fe54a3405a79407fe6e577ae6e846fa3bb7c32ea3,0.03571701422333717,0.0,0.006804258096963167,0.006804258096963167,0.0,0.03571701422333717,0.0,0,1,0.9076921939849854,0.20944694064039504,13,1.6615383533331063,0.009189359381090261,0.007673750262288653,0.03571701422333717,0.006804258096963167,0.03571701422333717,0.006804258096963167,0.002879498992115259,0.021277563646435738,0.002879498992115259,0,0.03571701515465975,0.0,9.313225746154785e-10,0.03571701515465975,0,2.086233050896391e-09,6.938893903907228e-18,0,0,12,4,13,13,0,1,1,1,0.0,0.0,0.0,1,0.13452661968767643,0.11666811211034656,0.017858507577329874,0.017858507577329874,inf,inf,0,0,0.006804260183196218,6.938893903907228e-18,1.661538450534526,0.02967259700889577,6.938893903907228e-18,inf,0,0,0,3,2,0,0,0.04800000041723251
5008,5,0,3,5,efbf64800b7bb3ef925c21736dd9abf7f5f7afc13123112b989a7a3734fbcecf,77f3c52eeda1cb519264446fe54a3405a79407fe6e577ae6e846fa3bb7c32ea3,0.029749169945716858,0.0,-0.0030954673420637846,-0.0030954673420637846,0.0,0.029749169945716858,0.0,0,1,0.9076923131942749,0.2094469155167731,13,1.661538461366525,0.008635527680967916,0.007492419701488413,0.029749169945716858,-0.0030954673420637846,0.029749169945716858,0.0030954673420637846,0.008820876479148865,0.01665716990828514,0.008820876479148865,0,0.02974916948005557,0.0,4.656612873077393e-10,0.02974916948005557,0,4.2385539088946045e-10,2.0816681711721685e-17,0,0,12,4,13,13,0,1,1,1,0.0,0.0,0.0,1,0.13252183236181736,0.11764724762178957,0.014874584740027785,0.014874584740027785,inf,inf,0,0,-0.0030954669182083937,2.0816681711721685e-17,1.6615384522538923,0.024714694506865132,2.0816681711721685e-17,inf,0,0,0,4,5,0,0,0.04800000041723251
5008,5,0,4,5,efbf64800b7bb3ef925c21736dd9abf7f5f7afc13123112b989a7a3734fbcecf,77f3c52eeda1cb519264446fe54a3405a79407fe6e577ae6e846fa3bb7c32ea3,0.032978832721710205,0.04800000041723251,0.005703065078705549,0.005703065078705549,-0.008307692582790654,0.032978832721710205,0.04800000041723251,1,4,0.9076921939849854,0.20944694064039504,13,1.661538353333106,0.01653350624116266,0.0139644883528969,0.015021167695522308,0.014010757661496204,0.015021167695522308,0.014010757661496204,0.010666142217814922,0.01268258411437273,0.010666142217814922,0,0.032978832721710205,0.04800000041723251,0.0,0.05300608277320862,0,3.7233404623360222e-09,0.0,1,11,3,4,4,1,0,1,0,0,0.0,0.017999999225139618,0.0,1,0.1475728675723076,0.12106982618570328,0.02650304138660431,0.02650304138660431,inf,inf,0,0,0.005703068802046012,-0.008307692582790654,1.6615384505345263,0.04403582231995095,0.008307692582790654,5.300608066693626,0,0,0,1,4,1,0,0.04800000041723251
5008,5,0,5,5,efbf64800b7bb3ef925c21736dd9abf7f5f7afc13123112b989a7a3734fbcecf,77f3c52eeda1cb519264446fe54a3405a79407fe6e577ae6e846fa3bb7c32ea3,0.03580380603671074,0.0,0.0018736490746960044,0.0018736490746960044,0.0,0.03580380603671074,0.0,0,1,0.9076921939849854,0.20944694064039504,13,1.661538353333106,0.008172066033030263,0.0060071616313701285,0.03580380603671074,0.0018736490746960044,0.03580380603671074,0.0018736490746960044,0.005197455175220966,0.012933480553328991,0.005197455175220966,0,0.035803805105388165,0.0,9.313225746154785e-10,0.035803805105388165,0,4.966516497107581e-10,6.938893903907228e-18,0,0,12,4,13,13,0,1,1,1,0.0,0.0,0.0,1,0.12885855324566364,0.11095665069296956,0.017901902552694082,0.017901902552694082,inf,inf,0,0,0.0018736485780443547,6.938893903907228e-18,1.6615384505345263,0.029744699429023407,6.938893903907228e-18,inf,0,0,0,5,1,0,1,0.04800000041723251
5008,5,1,0,5,efbf64800b7bb3ef925c21736dd9abf7f5f7afc13123112b989a7a3734fbcecf,77f3c52eeda1cb519264446fe54a3405a79407fe6e577ae6e846fa3bb7c32ea3,0.004984918981790543,0.0,0.00036280788481235504,0.00036280788481235504,0.0,0.004984918981790543,0.0,0,1,0.9076921939849854,0.20944694064039504,13,1.661538353333106,0.0013793680777737444,0.0010929521195281898,0.004984918981790543,0.00036280788481235504,0.004984918981790543,0.00036280788481235504,0.003298879833891988,0.0035427522379904985,0.003298879833891988,0,0.004984918981790543,0.0,0.0,0.004984918981790543,0,3.4147016464425306e-10,0.0,0,0,4,11,13,13,0,1,1,1,0.0,0.0,0.0,1,0.005539298057556152,0.003046838566660881,0.0024924594908952713,0.0024924594908952713,inf,inf,0,0,0.0003628082262825197,0.0,1.6615384505345263,0.004141317280522203,0.0,inf,0,0,0,4,5,0,0,0.04799999948590994
5008,5,1,2,5,efbf64800b7bb3ef925c21736dd9abf7f5f7afc13123112b989a7a3734fbcecf,77f3c52eeda1cb519264446fe54a3405a79407fe6e577ae6e846fa3bb7c32ea3,0.017955362796783447,0.030000001192092896,-0.0007644749130122364,-0.0007644749130122364,0.0,0.017955362796783447,0.030000001192092896,1,3,0.9076921939849854,0.20944694064039504,13,1.6615383533331063,0.0029206614374360684,0.002177983390156334,0.012044638395309448,-0.0007644749130122364,0.012044638395309448,0.0007644749130122364,0.0021106007043272257,0.003126755589619279,0.0021106007043272257,0,0.017955362796783447,0.030000001192092896,0.0,0.012044638395309448,0,1.2471248443668426e-09,0.0,10,11,10,11,1,1,1,1,1,1,0.015000000596046448,0.015000000596046448,0.015000000596046448,0,0.006094291806221008,7.197260856628418e-05,0.006022319197654724,0.006022319197654724,0.40148793055661797,0.4062861042703746,1,0,-0.000764473665887392,0.0,1.661538450534526,0.01000631490829556,0.0,inf,0,0,0,2,3,0,0,0.017999998293817043
5008,5,1,3,5,efbf64800b7bb3ef925c21736dd9abf7f5f7afc13123112b989a7a3734fbcecf,77f3c52eeda1cb519264446fe54a3405a79407fe6e577ae6e846fa3bb7c32ea3,0.018091320991516113,0.017999999225139618,-0.009084722958505154,-0.009084722958505154,-0.008099999606050554,0.018091320991516113,0.017999999225139618,1,3,0.9076923131942749,0.2094469155167731,13,1.661538461366525,0.001472337322550839,0.0012923446235924782,9.132176637649536e-05,-0.0009847233524546,9.132176637649536e-05,0.0009847233524546,0.0033114375546574593,0.005304618272930384,0.0033114375546574593,0,0.018091320991516113,0.017999999225139618,0.0,0.005036262795329094,0,2.8721552115806848e-09,5.204170427930421e-18,10,11,10,11,1,1,1,1,1,1,0.008999999612569809,0.008999999612569809,0.008999999612569809,0,0.00410805456340313,0.0015899231657385826,0.002518131397664547,0.002518131397664547,0.27979238956272956,0.4564505266939827,1,0,-0.009084725830660365,-0.008099999606050548,1.6615384522538923,0.004183972145047482,0.008099999606050548,0.5165397961158088,1,1,0,3,2,0,0,0.03000000026077032
5008,5,1,4,5,efbf64800b7bb3ef925c21736dd9abf7f5f7afc13123112b989a7a3734fbcecf,77f3c52eeda1cb519264446fe54a3405a79407fe6e577ae6e846fa3bb7c32ea3,0.00595569983124733,0.0,0.00039858557283878326,0.00039858557283878326,0.0,0.00595569983124733,0.0,0,1,0.9076921939849854,0.20944694064039504,13,1.661538353333106,0.0016111704634291166,0.0012050960984455765,0.00595569983124733,0.00039858557283878326,0.00595569983124733,0.00039858557283878326,0.0035034341271966696,0.0030833715572953224,0.0035034341271966696,0,0.00595569983124733,0.0,0.0,0.00595569983124733,0,3.1295806224296285e-11,0.0,0,0,10,11,13,13,0,1,1,1,0.0,0.0,0.0,1,0.005386367440223694,0.002408517524600029,0.002977849915623665,0.002977849915623665,inf,inf,0,0,0.00039858554154297704,0.0,1.6615384505345263,0.004947812134729714,0.0,inf,0,0,0,5,4,0,0,0.04799999948590994
5008,5,1,5,5,efbf64800b7bb3ef925c21736dd9abf7f5f7afc13123112b989a7a3734fbcecf,77f3c52eeda1cb519264446fe54a3405a79407fe6e577ae6e846fa3bb7c32ea3,0.022434357553720474,0.04799999948590994,-0.0033364209812134504,-0.0033364209812134504,-0.006230769243664454,0.022434357553720474,0.04799999948590994,1,4,0.9076921939849854,0.20944694064039504,13,1.661538353333106,0.01032532945366621,0.008686702577231902,0.025565641932189465,0.0028943482624510034,0.025565641932189465,0.0028943482624510034,0.0018174294382333755,0.005784209351986647,0.0018174294382333755,0,0.022434357553720474,0.04799999948590994,0.0,0.030181805603206158,0,1.222069553191707e-09,6.938893903907228e-18,1,11,10,11,3,1,0,0,1,0,0.0,0.017999999225139618,0.0,1,0.017157605849206448,-0.0020667030476033688,0.015090902801603079,0.015090902801603079,inf,inf,0,0,-0.0033364197591438972,-0.006230769243664461,1.6615384505345263,0.025074115258142723,0.006230769243664461,4.0242407121140715,1,0,0,1,1,1,1,0.017999998293817043
5008,5,2,0,5,efbf64800b7bb3ef925c21736dd9abf7f5f7afc13123112b989a7a3734fbcecf,77f3c52eeda1cb519264446fe54a3405a79407fe6e577ae6e846fa3bb7c32ea3,0.004118866287171841,0.0,-5.1605707994895056e-05,-5.1605707994895056e-05,0.0,0.004118866287171841,0.0,0,1,0.9076921939849854,0.20944694064039504,13,1.661538353333106,0.0010786018617170094,0.0008282816814556277,0.004118866287171841,-5.1605707994895056e-05,0.004118866287171841,5.1605707994895056e-05,0.002000737003982067,0.003634386695921421,0.002000737003982067,0,0.004118866520002484,0.0,2.3283064365386963e-10,0.004118866520002484,0,1.1375620228779026e-09,3.469446951953614e-18,0,0,10,3,13,13,0,1,1,1,0.0,0.0,0.0,1,0.037309737177565694,-0.03525030391756445,0.002059433260001242,0.002059433260001242,inf,inf,0,0,-5.1606845556917934e-05,3.469446951953614e-18,1.6615384505345263,0.003421827547801732,3.469446951953614e-18,inf,0,0,0,4,5,0,0,0.035999998450279236
5008,5,2,1,5,efbf64800b7bb3ef925c21736dd9abf7f5f7afc13123112b989a7a3734fbcecf,77f3c52eeda1cb519264446fe54a3405a79407fe6e577ae6e846fa3bb7c32ea3,0.020693905651569366,0.030000001192092896,-0.0008022958063520491,-0.0008022958063520491,6.938893903907228e-18,0.020693905651569366,0.030000001192092896,1,3,0.9076921939849854,0.20944694064039504,13,1.661538353333106,0.00216760451883736,0.001406964314164671,0.009306095540523529,-0.000802295806352056,0.009306095540523529,0.000802295806352056,0.0015433999942615628,0.004557424690574408,0.0015433999942615628,0,0.02069390518590808,0.030000001192092896,4.656612873077393e-10,0.009306096006184816,0,6.241056025929267e-10,6.938893903907228e-18,10,11,10,11,1,1,1,1,1,1,0.015000000596046448,0.015000000596046448,0.015000000596046448,0,0.042026582174003124,-0.037373534170910716,0.004653048003092408,0.004653048003092408,0.31020318787979334,2.801772033601124,1,0,-0.0008022951822464465,0.0,1.6615384505345263,0.007731218169320932,0.0,inf,0,0,0,2,2,0,0,0.00599999725818634
5008,5,2,3,5,efbf64800b7bb3ef925c21736dd9abf7f5f7afc13123112b989a7a3734fbcecf,77f3c52eeda1cb519264446fe54a3405a79407fe6e577ae6e846fa3bb7c32ea3,0.01994924806058407,0.01900000125169754,-0.00961852353066206,-0.00961852353066206,-0.007407691804133358,0.01994924806058407,0.01900000125169754,1,4,0.9076923131942749,0.2094469155167731,13,1.661538461366525,0.0023729430460974997,0.0014752946096918819,0.000949246808886528,-0.0022108317265287017,0.000949246808886528,0.0022108317265287017,0.0035401289351284504,0.0046027353964746,0.0035401289351284504,0,0.019949248642660677,0.01900000125169754,5.820766091346741e-10,0.009989203535951674,0,1.1319326621850312e-09,6.938893903907228e-18,10,3,10,11,1,1,1,1,0,0,0.008999999612569809,0.0010000020265579224,0.0010000020265579224,0,0.03914236894343048,-0.034147767175454646,0.004994601767975837,0.004994601767975837,4.994591646146567,39.14228961931335,0,0,-0.009618522398729398,-0.007407691804133365,1.6615384522538923,0.008298722891187126,0.007407691804133365,1.1202845785993123,1,0,0,3,3,0,0,0.016999997198581696
5008,5,2,4,5,efbf64800b7bb3ef925c21736dd9abf7f5f7afc13123112b989a7a3734fbcecf,77f3c52eeda1cb519264446fe54a3405a79407fe6e577ae6e846fa3bb7c32ea3,0.007697585038840771,0.0,1.5374660506495275e-05,1.5374660506495275e-05,0.0,0.007697585038840771,0.0,0,1,0.9076921939849854,0.20944694064039504,13,1.661538353333106,0.0017400624275047036,0.0012532471315439284,0.007697585038840771,1.5374660506495275e-05,0.007697585038840771,1.5374660506495275e-05,0.0018912116065621376,0.004027374088764191,0.0018912116065621376,0,0.007697585038840771,0.0,0.0,0.007697585038840771,0,2.0307305424911715e-10,3.469446951953614e-18,0,0,10,11,13,13,0,1,1,1,0.0,0.0,0.0,1,0.040380677208304405,-0.03653188468888402,0.0038487925194203854,0.0038487925194203854,inf,inf,0,0,1.5374457433441025e-05,3.469446951953614e-18,1.6615384505345263,0.006394916759146623,3.469446951953614e-18,inf,0,0,0,5,4,0,0,0.035999998450279236
5008,5,2,5,5,efbf64800b7bb3ef925c21736dd9abf7f5f7afc13123112b989a7a3734fbcecf,77f3c52eeda1cb519264446fe54a3405a79407fe6e577ae6e846fa3bb7c32ea3,0.021614978089928627,0.035999998450279236,-0.0007650340558029711,-0.0007650340558029711,0.0,0.021614978089928627,0.035999998450279236,1,3,0.9076921939849854,0.20944694064039504,13,1.661538353333106,0.003064242857055557,0.0017933458497626541,0.014385020360350609,-0.0007650340558029711,0.014385020360350609,0.0007650340558029711,0.0017067714361473918,0.004629130009561777,0.0017067714361473918,0,0.021614978089928627,0.035999998450279236,0.0,0.014385020360350609,0,2.2088271598059983e-10,0.0,10,11,10,11,1,1,1,1,1,1,0.017999999225139618,0.017999999225139618,0.017999999225139618,0,0.04379552975296974,-0.03660301957279444,0.007192510180175304,0.007192510180175304,0.3995839160998361,2.4330850910150548,1,0,-0.0007650338349202551,0.0,1.6615384505345263,0.011950632220222282,0.0,inf,0,0,0,1,1,1,1,0.00599999725818634
5008,6,0,1,6,381c03d818621f2702e16c807139f7129d00a6910e19b8be65552c95a591cc0c,77f3c52eeda1cb519264446fe54a3405a79407fe6e577ae6e846fa3bb7c32ea3,0.006656200625002384,0.0,-0.0006300166714936495,-0.0006300166714936495,0.0,0.006656200625002384,0.0,0,1,0.9076921939849854,0.20944694064039504,13,1.661538353333106,0.002063072917512782,0.0018224128544021994,0.006656200625002384,-0.0006300166714936495,0.006656200625002384,0.0006300166714936495,0.0020984115544706583,0.0033485039602965117,0.0020984115544706583,0,0.006656200857833028,0.0,2.3283064365386963e-10,0.006656200857833028,0,1.2775177703899798e-10,2.168404344971009e-19,0,0,10,11,13,13,0,1,1,1,0.0,0.0,0.0,1,0.006833764025941491,0.003505663597024977,0.003328100428916514,0.003328100428916514,inf,inf,0,0,-0.0006300165437418724,2.168404344971009e-19,1.6615384505345263,0.005529766829885237,2.168404344971009e-19,inf,0,0,0,2,4,0,0,0.047999996691942215
5008,6,0,2,6,381c03d818621f2702e16c807139f7129d00a6910e19b8be65552c95a591cc0c,77f3c52eeda1cb519264446fe54a3405a79407fe6e577ae6e846fa3bb7c32ea3,0.007501147221773863,0.0,0.0016866709338501096,0.0016866709338501096,0.0,0.007501147221773863,0.0,0,1,0.007692307233810425,0.20944694064039504,13,1.6615383533331063,0.0020046264189774454,0.0016443977730359728,0.007501147221773863,0.0016866709338501096,0.007501147221773863,0.0016866709338501096,0.001477008336223662,0.0028588336426764727,0.001477008336223662,0,0.007501147338189185,0.0,1.1641532182693481e-10,0.007501147338189185,0,3.694181674972208e-10,1.0842021724855044e-19,0,0,10,11,13,13,0,1,1,1,0.0,0.0,0.0,1,0.007246562512591481,0.003495988843496889,0.0037505736690945923,0.0037505736690945923,inf,inf,0,0,0.001686671303268277,-1.0842021724855044e-19,1.661538450534526,0.006231722362763021,1.0842021724855044e-19,inf,0,0,0,3,3,0,0,0.047999996691942215
5008,6,0,3,6,381c03d818621f2702e16c807139f7129d00a6910e19b8be65552c95a591cc0c,77f3c52eeda1cb519264446fe54a3405a79407fe6e577ae6e846fa3bb7c32ea3,0.006035071797668934,0.0,-0.0022701637353748083,-0.0022701637353748083,0.0,0.006035071797668934,0.0,0,1,0.9076923131942749,0.2094469155167731,13,1.661538461366525,0.0018202406194389787,0.0014956898948717753,0.006035071797668934,-0.0022701637353748083,0.006035071797668934,0.0022701637353748083,0.0033667401876300573,0.0038281430024653673,0.0033667401876300573,0,0.0060350720304995775,0.0,2.3283064365386963e-10,0.0060350720304995775,0,3.726775199205945e-10,4.336808689942018e-19,0,0,10,7,13,13,0,1,1,1,0.0,0.0,0.0,1,0.007799387210980058,0.004781851195730269,0.0030175360152497888,0.0030175360152497888,inf,inf,0,0,-0.0022701633626972884,-4.336808689942018e-19,1.6615384522538923,0.005013752120398511,4.336808689942018e-19,inf,0,0,0,4,5,0,0,0.047999996691942215
5008,6,0,4,6,381c03d818621f2702e16c807139f7129d00a6910e19b8be65552c95a591cc0c,77f3c52eeda1cb519264446fe54a3405a79407fe6e577ae6e846fa3bb7c32ea3,0.017175249755382538,0.047999996691942215,-0.0018951743841171265,-0.0018951743841171265,-0.008307691647886082,0.017175249755382538,0.047999996691942215,1,4,0.9076921939849854,0.20944694064039504,13,1.661538353333106,0.012367744497018102,0.011232571539981565,0.030824746936559677,0.006412517263768956,0.030824746936559677,0.006412517263768956,0.00292498292401433,0.00439614150673151,0.00292498292401433,0,0.017175250337459147,0.047999996691942215,5.820766091346741e-10,0.03681209997739643,0,5.006000908941433e-10,1.734723475976807e-18,1,11,10,11,4,1,0,0,1,0,0.0,0.017999998992308974,0.0,1,0.0224754698574543,-0.004069419868756086,0.018406049988698214,0.018406049988698214,inf,inf,0,0,-0.0018951738835170356,-0.00830769164788608,1.6615384505345263,0.030582359778682667,0.00830769164788608,3.6812102657257926,1,0,0,1,1,1,1,0.047999996691942215
5008,6,0,5,6,381c03d818621f2702e16c807139f7129d00a6910e19b8be65552c95a591cc0c,77f3c52eeda1cb519264446fe54a3405a79407fe6e577ae6e846fa3bb7c32ea3,0.007943750359117985,0.0,-0.0006051901145838201,-0.0006051901145838201,0.0,0.007943750359117985,0.0,0,1,0.9076921939849854,0.20944694064039504,13,1.661538353333106,0.0022422005739223135,0.0019172747156544197,0.007943750359117985,-0.0006051901145838201,0.007943750359117985,0.0006051901145838201,0.002240857109427452,0.003598114475607872,0.002240857109427452,0,0.007943750475533307,0.0,1.1641532182693481e-10,0.007943750475533307,0,3.4071694467521785e-10,2.168404344971009e-19,0,0,10,11,13,13,0,1,1,1,0.0,0.0,0.0,1,0.007186569506302476,0.0032146942685358226,0.003971875237766653,0.003971875237766653,inf,inf,0,0,-0.0006051897738668754,2.168404344971009e-19,1.6615384505345263,0.006599423428275258,2.168404344971009e-19,inf,0,0,0,5,2,0,0,0.047999996691942215
5008,6,1,0,6,381c03d818621f2702e16c807139f7129d00a6910e19b8be65552c95a591cc0c,77f3c52eeda1cb519264446fe54a3405a79407fe6e577ae6e846fa3bb7c32ea3,0.005063232034444809,0.0,-0.00015439589333254844,-0.00015439589333254844,-6.938893903907228e-18,0.005063232034444809,0.0,0,1,0.9076921939849854,0.20944694064039504,13,1.661538353333106,0.0013543585484159005,0.0010348970191718552,0.005063232034444809,-0.0001543958933325415,0.005063232034444809,0.0001543958933325415,0.0024739995133131742,0.005041440017521381,0.0024739995133131742,0,0.005063232034444809,0.0,0.0,0.005063232034444809,0,6.241301319515058e-09,6.938893903907228e-18,0,0,10,11,13,13,0,1,1,1,0.0,0.0,0.0,1,0.003212645649909973,0.0006810296326875687,0.0025316160172224045,0.0025316160172224045,inf,inf,0,0,-0.00015440213463386795,0.0,1.6615384505345263,0.004206377354604103,0.0,inf,0,0,0,4,5,0,0,0.04799999948590994
5008,6,1,2,6,381c03d818621f2702e16c807139f7129d00a6910e19b8be65552c95a591cc0c,77f3c52eeda1cb519264446fe54a3405a79407fe6e577ae6e846fa3bb7c32ea3,0.01902521774172783,0.030000001192092896,-0.0013234472135081887,-0.0013234472135081887,0.0,0.01902521774172783,0.030000001192092896,1,3,0.007692307233810425,0.20944694064039504,13,1.6615383533331063,0.0027806784586006375,0.0021337388006187757,0.010974783450365067,-0.0013234472135081887,0.010974783450365067,0.0013234472135081887,0.0018402832793071866,0.00493830069899559,0.0018402832793071866,0,0.01902521774172783,0.030000001192092896,0.0,0.010974783450365067,0,1.4505238225825945e-09,0.0,10,11,10,11,1,1,1,1,1,1,0.015000000596046448,0.015000000596046448,0.015000000596046448,0,0.0075413621962070465,-0.0020539704710245132,0.005487391725182533,0.005487391725182533,0.3658261004755457,0.5027574597693499,1,0,-0.0013234457629843661,0.0,1.661538450534526,0.009117512344535766,0.0,inf,0,0,0,2,3,0,0,0.017999998293817043
5008,6,1,3,6,381c03d818621f2702e16c807139f7129d00a6910e19b8be65552c95a591cc0c,77f3c52eeda1cb519264446fe54a3405a79407fe6e577ae6e846fa3bb7c32ea3,0.019666388630867004,0.017999999225139618,-0.00988942664116621,-0.00988942664116621,-0.008099999606050554,0.019666388630867004,0.017999999225139618,1,3,0.9076923131942749,0.2094469155167731,13,1.661538461366525,0.001668422399578689,0.0012933886968172514,0.0016663894057273865,-0.0017894270351156566,0.0016663894057273865,0.0017894270351156566,0.002931407652795315,0.004997362848371267,0.002931407652795315,0,0.019666388630867004,0.017999999225139618,0.0,0.0062393732368946075,0,1.9936481649579507e-09,5.204170427930421e-18,10,11,10,11,1,1,1,1,1,1,0.008999999612569809,0.008999999612569809,0.008999999612569809,0,0.004358287900686264,-0.0012386012822389603,0.0031196866184473038,0.0031196866184473038,0.34663186141588354,0.48425423203344153,1,0,-0.009889428634814375,-0.008099999606050548,1.6615384522538923,0.005183479275532112,0.008099999606050548,0.639935744152401,1,1,0,3,2,0,0,0.03000000026077032
5008,6,1,4,6,381c03d818621f2702e16c807139f7129d00a6910e19b8be65552c95a591cc0c,77f3c52eeda1cb519264446fe54a3405a79407fe6e577ae6e846fa3bb7c32ea3,0.007425639778375626,0.0,0.0004008828254882246,0.0004008828254882246,-6.938893903907228e-18,0.007425639778375626,0.0,0,1,0.9076921939849854,0.20944694064039504,13,1.661538353333106,0.0017206080591667477,0.001268188143975636,0.007425639778375626,0.00040088282548823156,0.007425639778375626,0.00040088282548823156,0.0019765289034694433,0.005159362219274044,0.0019765289034694433,0,0.007425639778375626,0.0,0.0,0.007425639778375626,0,1.9320150132506875e-09,6.938893903907228e-18,0,0,10,11,13,13,0,1,1,1,0.0,0.0,0.0,1,0.0047986991703510284,0.0010858792811632156,0.003712819889187813,0.003712819889187813,inf,inf,0,0,0.0004008808934732114,0.0,1.6615384505345263,0.00616899300579489,0.0,inf,0,0,0,5,4,0,0,0.04799999948590994
5008,6,1,5,6,381c03d818621f2702e16c807139f7129d00a6910e19b8be65552c95a591cc0c,77f3c52eeda1cb519264446fe54a3405a79407fe6e577ae6e846fa3bb7c32ea3,0.024479610845446587,0.04799999948590994,-0.004013606812804937,-0.004013606812804937,-0.006230769243664454,0.024479610845446587,0.04799999948590994,1,4,0.9076921939849854,0.20944694064039504,13,1.661538353333106,0.009886069640432921,0.008263363872142231,0.023520388640463352,0.0022171624308595164,0.023520388640463352,0.0022171624308595164,0.0017972878413274884,0.0060863490216434,0.0017972878413274884,0,0.024479610845446587,0.04799999948590994,0.0,0.02840771060436964,0,3.68739517392358e-09,6.938893903907228e-18,1,11,10,11,3,1,0,0,1,0,0.0,0.017999999225139618,0.0,1,0.01855193730443716,-0.00434808200225234,0.01420385530218482,0.01420385530218482,inf,inf,0,0,-0.0040136031254097634,-0.006230769243664461,1.6615384505345263,0.02360025173040878,0.006230769243664461,3.787694714325341,1,0,0,1,1,1,1,0.017999998293817043
5008,6,2,0,6,381c03d818621f2702e16c807139f7129d00a6910e19b8be65552c95a591cc0c,77f3c52eeda1cb519264446fe54a3405a79407fe6e577ae6e846fa3bb7c32ea3,0.00919361598789692,0.0,-0.0019408749649301171,-0.0019408749649301171,0.0,0.00919361598789692,0.0,0,1,0.9076921939849854,0.20944694064039504,13,1.661538353333106,0.0024330394364257477,0.0020968845036960916,0.00919361598789692,-0.0019408749649301171,0.00919361598789692,0.0019408749649301171,0.003076694905757904,0.005531790666282177,0.003076694905757904,0,0.00919361598789692,0.0,0.0,0.00919361598789692,0,1.8981483607127814e-09,0.0,0,0,12,11,13,13,0,1,1,1,0.0,0.0,0.0,1,0.0047018639743328094,-0.00010505598038434982,0.00459680799394846,0.00459680799394846,inf,inf,0,0,-0.0019408768630784778,0.0,1.6615384505345263,0.007637773231669848,0.0,inf,0,0,0,4,5,0,0,0.035999998450279236
5008,6,2,1,6,381c03d818621f2702e16c807139f7129d00a6910e19b8be65552c95a591cc0c,77f3c52eeda1cb519264446fe54a3405a79407fe6e577ae6e846fa3bb7c32ea3,0.023651722818613052,0.03000000026077032,-0.0033807961735874414,-0.0033807961735874414,6.44761778689773e-11,0.023651722818613052,0.03000000026077032,1,3,0.9076921939849854,0.20944694064039504,13,1.661538353333106,0.003227095314638998,0.002810417724078929,0.0063482774421572685,-0.0033807962380636193,0.0063482774421572685,0.0033807962380636193,0.0034049036912620068,0.007568022236227989,0.0034049036912620068,0,0.023651722818613052,0.03000000026077032,0.0,0.011029918678104877,0,2.982048913358071e-10,1.734723475976807e-18,10,11,10,11,1,1,1,1,1,1,0.014999999664723873,0.015000000596046448,0.014999999664723873,0,0.00767501350492239,-0.0021600541658699512,0.005514959339052439,0.005514959339052439,0.3676639641547592,0.5116675784314876,1,0,-0.00338079587538255,6.447617960370078e-11,1.6615384505345263,0.009163316994970104,6.447617960370078e-11,142119416.0586424,0,0,0,2,2,0,0,0.005999998189508915
5008,6,2,3,6,381c03d818621f2702e16c807139f7129d00a6910e19b8be65552c95a591cc0c,77f3c52eeda1cb519264446fe54a3405a79407fe6e577ae6e846fa3bb7c32ea3,0.022165141999721527,0.01899999938905239,-0.013600337319076061,-0.013600337319076061,-0.007407691933085714,0.022165141999721527,0.01899999938905239,1,4,0.9076923131942749,0.2094469155167731,13,1.661538461366525,0.0042764878383425645,0.0033800013627879014,0.003165142610669136,-0.006192645385990347,0.003165142610669136,0.006192645385990347,0.004007930867373943,0.004838387481868267,0.004007930867373943,0,0.022165141999721527,0.01899999938905239,0.0,0.01757499948143959,0,2.5173773447739745e-09,2.6020852139652106e-18,10,3,10,11,1,1,1,1,0,0,0.008999999612569809,0.0010000001639127731,0.0010000001639127731,0,0.010247673839330673,-0.001460174098610878,0.008787499740719795,0.008787499740719795,8.78749830033658,10.247672159606312,0,0,-0.013600339836453406,-0.007407691933085711,1.6615384522538923,0.014600768718377049,0.007407691933085711,1.9710280678876755,1,0,0,3,3,0,0,0.016999999061226845
5008,6,2,4,6,381c03d818621f2702e16c807139f7129d00a6910e19b8be65552c95a591cc0c,77f3c52eeda1cb519264446fe54a3405a79407fe6e577ae6e846fa3bb7c32ea3,0.011547265574336052,0.0,-0.0013561506057158113,-0.0013561506057158113,0.0,0.011547265574336052,0.0,0,1,0.9076921939849854,0.20944694064039504,13,1.661538353333106,0.002874721518500686,0.002211923011132246,0.011547265574336052,-0.0013561506057158113,0.011547265574336052,0.0013561506057158113,0.0029220827855169773,0.006159279961138964,0.0029220827855169773,0,0.011547265574336052,0.0,0.0,0.011547265574336052,0,2.1169414311794643e-09,0.0,0,0,10,11,13,13,0,1,1,1,0.0,0.0,0.0,1,0.005953710526227951,-0.00018007773905992508,0.005773632787168026,0.005773632787168026,inf,inf,0,0,-0.0013561527226572424,0.0,1.6615384505345263,0.009593112875146501,0.0,inf,0,0,0,5,4,0,0,0.035999998450279236
5008,6,2,5,6,381c03d818621f2702e16c807139f7129d00a6910e19b8be65552c95a591cc0c,77f3c52eeda1cb519264446fe54a3405a79407fe6e577ae6e846fa3bb7c32ea3,0.02407998777925968,0.035999998450279236,-0.003134281374514103,-0.003134281374514103,0.0,0.02407998777925968,0.035999998450279236,1,3,0.9076921939849854,0.20944694064039504,13,1.661538353333106,0.003692499378130829,0.0030128716232155905,0.011920010671019554,-0.003134281374514103,0.011920010671019554,0.003134281374514103,0.003899480914697051,0.0073363203555345535,0.003899480914697051,0,0.02407998777925968,0.035999998450279236,0.0,0.01383795402944088,0,7.51487542333118e-10,5.204170427930421e-18,10,11,10,11,1,1,1,1,1,1,0.017999999225139618,0.017999999225139618,0.017999999225139618,0,0.010321361944079399,-0.003402384929358959,0.00691897701472044,0.00691897701472044,0.3843876284759547,0.5734090215772962,1,0,-0.0031342806230265606,5.204170427930421e-18,1.6615384505345263,0.011496146348322602,5.204170427930421e-18,inf,0,0,0,1,1,1,1,0.005999998189508915
5008,7,0,1,7,e2b45404478073dc2bfa92657256172a0dd08f3dde03940d4070b17056a261b4,77f3c52eeda1cb519264446fe54a3405a79407fe6e577ae6e846fa3bb7c32ea3,0.034473106265068054,0.0,0.005145865958184004,0.005145865958184004,0.0,0.034473106265068054,0.0,0,1,0.9076921939849854,0.20944694064039504,13,1.661538353333106,0.008811948215900815,0.007311800784106261,0.034473106265068054,0.005145865958184004,0.034473106265068054,0.005145865958184004,0.007439928129315376,0.0177120603621006,0.007439928129315376,0,0.03447310719639063,0.0,9.313225746154785e-10,0.03447310719639063,0,2.144142589172171e-11,6.938893903907228e-18,0,0,12,4,13,13,0,1,1,1,0.0,0.0,0.0,1,0.12897022627294064,0.11173367267474532,0.017236553598195314,0.017236553598195314,inf,inf,0,0,0.00514586597962543,6.938893903907228e-18,1.6615384505345263,0.028639196558100755,6.938893903907228e-18,inf,0,0,0,2,2,0,0,0.04800000041723251
5008,7,0,2,7,e2b45404478073dc2bfa92657256172a0dd08f3dde03940d4070b17056a261b4,77f3c52eeda1cb519264446fe54a3405a79407fe6e577ae6e846fa3bb7c32ea3,0.03256595507264137,0.0,0.005026321858167648,0.005026321858167648,0.0,0.03256595507264137,0.0,0,1,0.9076921939849854,0.20944694064039504,13,1.6615383533331063,0.008784387674457411,0.0073274163365331,0.03256595507264137,0.005026321858167648,0.03256595507264137,0.005026321858167648,0.0054017119109630585,0.020823756232857704,0.0054017119109630585,0,0.03256595367565751,0.0,1.3969838619232178e-09,0.03256595367565751,0,2.2035382546414795e-09,6.938893903907228e-18,0,0,12,4,13,13,0,1,1,1,0.0,0.0,0.0,1,0.11497445637360215,0.0986914795357734,0.016282976837828755,0.016282976837828755,inf,inf,0,0,0.005026319654629394,6.938893903907228e-18,1.661538450534526,0.027054792105215567,6.938893903907228e-18,inf,0,0,0,3,4,0,0,0.04800000041723251
5008,7,0,3,7,e2b45404478073dc2bfa92657256172a0dd08f3dde03940d4070b17056a261b4,77f3c52eeda1cb519264446fe54a3405a79407fe6e577ae6e846fa3bb7c32ea3,0.03265175595879555,0.0,-0.003371053608134389,-0.003371053608134389,0.0,0.03265175595879555,0.0,0,1,0.9076923131942749,0.2094469155167731,13,1.661538461366525,0.008988484308058441,0.007563571280320368,0.03265175595879555,-0.003371053608134389,0.03265175595879555,0.003371053608134389,0.007938657887279987,0.019902028143405914,0.007938657887279987,0,0.03265175549313426,0.0,4.656612873077393e-10,0.03265175549313426,0,9.985169314649656e-10,2.0816681711721685e-17,0,0,12,4,13,13,0,1,1,1,0.0,0.0,0.0,1,0.13321826420724392,0.11689238646067679,0.01632587774656713,0.01632587774656713,inf,inf,0,0,-0.0033710526096174575,2.0816681711721685e-17,1.6615384522538923,0.02712607364271741,2.0816681711721685e-17,inf,0,0,0,4,3,0,0,0.04800000041723251
5008,7,0,4,7,e2b45404478073dc2bfa92657256172a0dd08f3dde03940d4070b17056a261b4,77f3c52eeda1cb519264446fe54a3405a79407fe6e577ae6e846fa3bb7c32ea3,0.025156555697321892,0.04800000041723251,0.0052504087798297405,0.0052504087798297405,-0.008307692582790654,0.025156555697321892,0.04800000041723251,1,4,0.9076921939849854,0.20944694064039504,13,1.661538353333106,0.015675649747683474,0.01350829621071558,0.02284344471991062,0.013558101362620395,0.02284344471991062,0.013558101362620395,0.010262712836265564,0.012432189658284187,0.010262712836265564,0,0.025156556395813823,0.04800000041723251,6.984919309616089e-10,0.048691753996536136,0,3.0910085949131805e-10,0.0,1,11,3,4,4,1,0,1,0,0,0.0,0.017999999225139618,0.0,1,0.1293260082602501,0.10498013126198202,0.024345876998268068,0.024345876998268068,inf,inf,0,0,0.0052504090889306,-0.008307692582790654,1.6615384505345263,0.04045161074460649,0.008307692582790654,4.869175206169978,0,0,0,1,5,1,0,0.04800000041723251
5008,7,0,5,7,e2b45404478073dc2bfa92657256172a0dd08f3dde03940d4070b17056a261b4,77f3c52eeda1cb519264446fe54a3405a79407fe6e577ae6e846fa3bb7c32ea3,0.03477134555578232,0.0,0.004018333274871111,0.004018333274871111,0.0,0.03477134555578232,0.0,0,1,0.9076921939849854,0.20944694064039504,13,1.661538353333106,0.008553817801383675,0.006812903554779449,0.03477134555578232,0.004018333274871111,0.03477134555578232,0.004018333274871111,0.005810336209833622,0.016559403389692307,0.005810336209833622,0,0.03477134741842747,0.0,1.862645149230957e-09,0.03477134741842747,0,1.0379161878917853e-09,6.938893903907228e-18,0,0,12,4,13,13,0,1,1,1,0.0,0.0,0.0,1,0.12268544733524323,0.10529977362602949,0.017385673709213734,0.017385673709213734,inf,inf,0,0,0.004018334312787299,6.938893903907228e-18,1.6615384505345263,0.028886965356305836,6.938893903907228e-18,inf,0,0,0,5,1,0,1,0.04800000041723251
5008,7,1,0,7,e2b45404478073dc2bfa92657256172a0dd08f3dde03940d4070b17056a261b4,77f3c52eeda1cb519264446fe54a3405a79407fe6e577ae6e846fa3bb7c32ea3,0.00478561595082283,0.0,0.00015287038695532829,0.00015287038695532829,0.0,0.00478561595082283,0.0,0,1,0.9076921939849854,0.20944694064039504,13,1.661538353333106,0.00143977877964807,0.001184891975490299,0.00478561595082283,0.00015287038695532829,0.00478561595082283,0.00015287038695532829,0.00337306153960526,0.004668401088565588,0.00337306153960526,0,0.00478561595082283,0.0,0.0,0.00478561595082283,0,1.341121904502307e-09,0.0,0,0,10,11,13,13,0,1,1,1,0.0,0.0,0.0,1,0.00443064421415329,0.0020378362387418747,0.002392807975411415,0.002392807975411415,inf,inf,0,0,0.0001528717280772328,0.0,1.6615384505345263,0.003975742455891739,0.0,inf,0,0,0,4,5,0,0,0.04799999948590994
5008,7,1,2,7,e2b45404478073dc2bfa92657256172a0dd08f3dde03940d4070b17056a261b4,77f3c52eeda1cb519264446fe54a3405a79407fe6e577ae6e846fa3bb7c32ea3,0.019283905625343323,0.030000001192092896,-0.0013564614346250892,-0.0013564614346250892,0.0,0.019283905625343323,0.030000001192092896,1,3,0.9076921939849854,0.20944694064039504,13,1.6615383533331063,0.0028425231551609735,0.002256200422902079,0.010716095566749573,-0.0013564614346250892,0.010716095566749573,0.0013564614346250892,0.0018038313137367368,0.004797857720404863,0.0018038313137367368,0,0.019283905625343323,0.030000001192092896,0.0,0.010716095566749573,0,5.157809596090246e-10,0.0,10,11,10,11,1,1,1,1,1,1,0.015000000596046448,0.015000000596046448,0.015000000596046448,0,0.005980696529150009,-0.0006226487457752228,0.005358047783374786,0.005358047783374786,0.3572031713643403,0.39871308609989936,1,0,-0.0013564619504060488,0.0,1.661538450534526,0.008902602411878494,0.0,inf,0,0,0,2,3,0,0,0.017999998293817043
5008,7,1,3,7,e2b45404478073dc2bfa92657256172a0dd08f3dde03940d4070b17056a261b4,77f3c52eeda1cb519264446fe54a3405a79407fe6e577ae6e846fa3bb7c32ea3,0.01944921724498272,0.017999999225139618,-0.009472805075347424,-0.009472805075347424,-0.008099999606050554,0.01944921724498272,0.017999999225139618,1,3,0.9076923131942749,0.2094469155167731,13,1.661538461366525,0.001791810662741575,0.001412867838461723,0.0014492180198431015,-0.00137280546929687,0.0014492180198431015,0.00137280546929687,0.0031947132665663958,0.004835242405533791,0.0031947132665663958,0,0.01944921724498272,0.017999999225139618,0.0,0.006673529744148254,0,4.827746154234536e-10,5.204170427930421e-18,10,11,10,11,1,1,1,1,1,1,0.008999999612569809,0.008999999612569809,0.008999999612569809,0,0.003754202276468277,0.0004174374043941498,0.003336764872074127,0.003336764872074127,0.3707516684127241,0.41713360423093654,1,0,-0.009472804592572808,-0.008099999606050548,1.6615384522538923,0.005544163141081202,0.008099999606050548,0.6844646186081066,1,1,0,3,2,0,0,0.03000000026077032
5008,7,1,4,7,e2b45404478073dc2bfa92657256172a0dd08f3dde03940d4070b17056a261b4,77f3c52eeda1cb519264446fe54a3405a79407fe6e577ae6e846fa3bb7c32ea3,0.007302429527044296,0.0,0.0003407845797482878,0.0003407845797482878,0.0,0.007302429527044296,0.0,0,1,0.9076921939849854,0.20944694064039504,13,1.661538353333106,0.0017505795942226086,0.0013500963883287104,0.007302429527044296,0.0003407845797482878,0.007302429527044296,0.0003407845797482878,0.0033306346740573645,0.005097720772027969,0.0033306346740573645,0,0.007302429527044296,0.0,0.0,0.007302429527044296,0,1.1579028603991848e-09,0.0,0,0,10,11,13,13,0,1,1,1,0.0,0.0,0.0,1,0.00544331967830658,0.0017921049147844315,0.003651214763522148,0.003651214763522148,inf,inf,0,0,0.0003407834218454274,0.0,1.6615384505345263,0.006066633720751377,0.0,inf,0,0,0,5,4,0,0,0.04799999948590994
5008,7,1,5,7,e2b45404478073dc2bfa92657256172a0dd08f3dde03940d4070b17056a261b4,77f3c52eeda1cb519264446fe54a3405a79407fe6e577ae6e846fa3bb7c32ea3,0.0237093735486269,0.04799999948590994,-0.003911125939339399,-0.003911125939339399,-0.006230769243664454,0.0237093735486269,0.04799999948590994,1,4,0.9076921939849854,0.20944694064039504,13,1.661538353333106,0.009761119006871256,0.008157206126130544,0.02429062593728304,0.0023196433043250544,0.02429062593728304,0.0023196433043250544,0.0018868398619815707,0.005918020848184824,0.0018868398619815707,0,0.0237093735486269,0.04799999948590994,0.0,0.02860074583441019,0,6.061879678775917e-10,6.938893903907228e-18,1,11,10,11,3,1,0,0,1,0,0.0,0.017999999225139618,0.0,1,0.01695109624415636,-0.0026507233269512653,0.014300372917205095,0.014300372917205095,inf,inf,0,0,-0.0039111253331514315,-0.006230769243664461,1.6615384505345263,0.023760619458918858,0.006230769243664461,3.813432744773691,1,0,0,1,1,1,1,0.017999998293817043
5008,7,2,0,7,e2b45404478073dc2bfa92657256172a0dd08f3dde03940d4070b17056a261b4,77f3c52eeda1cb519264446fe54a3405a79407fe6e577ae6e846fa3bb7c32ea3,0.00408770190551877,0.0,-5.2305909775896e-05,-5.2305909775896e-05,0.0,0.00408770190551877,0.0,0,1,0.9076921939849854,0.20944694064039504,13,1.661538353333106,0.0011573111519333982,0.0009278992036655105,0.00408770190551877,-5.2305909775896e-05,0.00408770190551877,5.2305909775896e-05,0.0017273471457883716,0.0034322217106819153,0.0017273471457883716,0,0.00408770190551877,0.0,0.0,0.00408770190551877,0,4.861912769084376e-10,3.469446951953614e-18,0,0,10,11,13,13,0,1,1,1,0.0,0.0,0.0,1,0.037643006071448326,-0.03559915511868894,0.002043850952759385,0.002043850952759385,inf,inf,0,0,-5.2306395967172906e-05,3.469446951953614e-18,1.6615384505345263,0.003395936945171344,3.469446951953614e-18,inf,0,0,0,4,5,0,0,0.035999998450279236
5008,7,2,1,7,e2b45404478073dc2bfa92657256172a0dd08f3dde03940d4070b17056a261b4,77f3c52eeda1cb519264446fe54a3405a79407fe6e577ae6e846fa3bb7c32ea3,0.02067789062857628,0.030000001192092896,-0.0006070654490031302,-0.0006070654490031302,6.938893903907228e-18,0.02067789062857628,0.030000001192092896,1,3,0.9076921939849854,0.20944694064039504,13,1.661538353333106,0.0021722873553803286,0.0013695648270686705,0.009322110563516617,-0.0006070654490031371,0.009322110563516617,0.0006070654490031371,0.0017396163893863559,0.004807517863810062,0.0017396163893863559,0,0.020677889697253704,0.030000001192092896,9.313225746154785e-10,0.009322111494839191,0,4.902782772863226e-10,6.938893903907228e-18,10,11,10,11,1,1,1,1,1,1,0.015000000596046448,0.015000000596046448,0.015000000596046448,0,0.04360781330615282,-0.038946757558733225,0.004661055747419596,0.004661055747419596,0.31073703748039255,2.9071874382222718,1,0,-0.0006070649587248529,0.0,1.6615384505345263,0.007744523344422604,0.0,inf,0,0,0,2,3,0,0,0.00599999725818634
5008,7,2,3,7,e2b45404478073dc2bfa92657256172a0dd08f3dde03940d4070b17056a261b4,77f3c52eeda1cb519264446fe54a3405a79407fe6e577ae6e846fa3bb7c32ea3,0.021348746493458748,0.01900000125169754,-0.010210897773504257,-0.010210897773504257,-0.007407691804133358,0.021348746493458748,0.01900000125169754,1,4,0.9076923131942749,0.2094469155167731,13,1.661538461366525,0.0025686988777032776,0.0015242299472791908,0.0023487452417612076,-0.002803205969370899,0.0023487452417612076,0.002803205969370899,0.002825771691277623,0.003256230615079403,0.002825771691277623,0,0.02134874719195068,0.01900000125169754,6.984919309616089e-10,0.01122305984608829,0,1.5543379673632618e-09,6.938893903907228e-18,10,3,10,11,1,1,1,1,0,0,0.008999999612569809,0.0010000020265579224,0.0010000020265579224,0,0.04090467537753284,-0.035293145454488695,0.005611529923044145,0.005611529923044145,5.611518550976769,40.90459248200688,0,0,-0.01021089621916629,-0.007407691804133365,1.6615384522538923,0.009323772743111173,0.007407691804133365,1.2586609958460566,1,0,0,3,2,0,0,0.016999997198581696
5008,7,2,4,7,e2b45404478073dc2bfa92657256172a0dd08f3dde03940d4070b17056a261b4,77f3c52eeda1cb519264446fe54a3405a79407fe6e577ae6e846fa3bb7c32ea3,0.008083692751824856,0.0,9.574368596076965e-05,9.574368596076965e-05,0.0,0.008083692751824856,0.0,0,1,0.9076921939849854,0.20944694064039504,13,1.661538353333106,0.0018395971905383502,0.001322346789756867,0.008083692751824856,9.574368596076965e-05,0.008083692751824856,9.574368596076965e-05,0.0016121506923809648,0.003640986979007721,0.0016121506923809648,0,0.008083693159278482,0.0,4.0745362639427185e-10,0.008083693159278482,0,3.377907654110446e-10,3.469446951953614e-18,0,0,10,11,13,13,0,1,1,1,0.0,0.0,0.0,1,0.0402560145012103,-0.03621416792157106,0.004041846579639241,0.004041846579639241,inf,inf,0,0,9.574334817000424e-05,3.469446951953614e-18,1.6615384505345263,0.006715683503232059,3.469446951953614e-18,inf,0,0,0,5,4,0,0,0.035999998450279236
5008,7,2,5,7,e2b45404478073dc2bfa92657256172a0dd08f3dde03940d4070b17056a261b4,77f3c52eeda1cb519264446fe54a3405a79407fe6e577ae6e846fa3bb7c32ea3,0.021632233634591103,0.035999998450279236,-0.000573113386053592,-0.000573113386053592,0.0,0.021632233634591103,0.035999998450279236,1,3,0.9076921939849854,0.20944694064039504,13,1.661538353333106,0.0030725235406811238,0.0017383319639859818,0.014367764815688133,-0.000573113386053592,0.014367764815688133,0.000573113386053592,0.001938086817972362,0.004567450378090143,0.001938086817972362,0,0.021632233634591103,0.035999998450279236,0.0,0.014367764815688133,0,3.1948081051329236e-10,0.0,10,11,10,11,1,1,1,1,1,1,0.017999999225139618,0.017999999225139618,0.017999999225139618,0,0.0454678563401103,-0.038283973932266235,0.007183882407844067,0.007183882407844067,0.3991045953941337,2.525992127633418,1,0,-0.0005731137055344025,0.0,1.6615384505345263,0.011936296844751473,0.0,inf,0,0,0,1,1,1,1,0.00599999725818634
5008,8,0,1,8,d05200258a68c8e5a789abed3a6e63a6e27f8c064f2a5c3f662ba6bccba42370,77f3c52eeda1cb519264446fe54a3405a79407fe6e577ae6e846fa3bb7c32ea3,0.007815293036401272,0.0,-0.0008500648546032608,-0.0008500648546032608,0.0,0.007815293036401272,0.0,0,1,0.9076921939849854,0.20944694064039504,13,1.661538353333106,0.0020509800837673403,0.0016818737567088305,0.007815293036401272,-0.0008500648546032608,0.007815293036401272,0.0008500648546032608,0.001923103234730661,0.00423220032826066,0.001923103234730661,0,0.007815293036401272,0.0,0.0,0.007815293036401272,0,7.068081914023139e-10,2.168404344971009e-19,0,0,10,11,13,13,0,1,1,1,0.0,0.0,0.0,1,0.008601791458204389,0.004694144940003753,0.003907646518200636,0.003907646518200636,inf,inf,0,0,-0.0008500641477950694,2.168404344971009e-19,1.6615384505345263,0.006492704941087721,2.168404344971009e-19,inf,0,0,0,2,4,0,0,0.047999996691942215
5008,8,0,2,8,d05200258a68c8e5a789abed3a6e63a6e27f8c064f2a5c3f662ba6bccba42370,77f3c52eeda1cb519264446fe54a3405a79407fe6e577ae6e846fa3bb7c32ea3,0.007825489155948162,0.0,0.001998917432501912,0.001998917432501912,0.0,0.007825489155948162,0.0,0,1,0.007692307233810425,0.20944694064039504,13,1.6615383533331063,0.0020060479901562746,0.0015005276279424773,0.007825489155948162,0.001998917432501912,0.007825489155948162,0.001998917432501912,0.001592443441040814,0.0036781984381377697,0.001592443441040814,0,0.007825489155948162,0.0,0.0,0.007825489155948162,0,4.667510154418575e-10,1.0842021724855044e-19,0,0,10,11,13,13,0,1,1,1,0.0,0.0,0.0,1,0.009231596486642957,0.005318851908668876,0.003912744577974081,0.003912744577974081,inf,inf,0,0,0.0019989178992529276,-1.0842021724855044e-19,1.661538450534526,0.006501175563424423,1.0842021724855044e-19,inf,0,0,0,3,3,0,0,0.047999996691942215
5008,8,0,3,8,d05200258a68c8e5a789abed3a6e63a6e27f8c064f2a5c3f662ba6bccba42370,77f3c52eeda1cb519264446fe54a3405a79407fe6e577ae6e846fa3bb7c32ea3,0.00568776298314333,0.0,-0.0023787692189216614,-0.0023787692189216614,0.0,0.00568776298314333,0.0,0,1,0.007692308165132999,0.2094469155167731,13,1.661538461366525,0.0017831016033929825,0.0014807621028119996,0.00568776298314333,-0.0023787692189216614,0.00568776298314333,0.0023787692189216614,0.0030469647608697414,0.0030968168284744024,0.0030469647608697414,0,0.00568776298314333,0.0,0.0,0.00568776298314333,0,2.962711881382418e-10,4.336808689942018e-19,0,0,10,11,13,13,0,1,1,1,0.0,0.0,0.0,1,0.008216484682634473,0.005372603191062808,0.002843881491571665,0.002843881491571665,inf,inf,0,0,-0.0023787689226504732,-4.336808689942018e-19,1.6615384522538923,0.004725218451899474,4.336808689942018e-19,inf,0,0,0,4,5,0,0,0.047999996691942215
5008,8,0,4,8,d05200258a68c8e5a789abed3a6e63a6e27f8c064f2a5c3f662ba6bccba42370,77f3c52eeda1cb519264446fe54a3405a79407fe6e577ae6e846fa3bb7c32ea3,0.020885609090328217,0.047999996691942215,-0.0031939297914505005,-0.0031939297914505005,-0.008307691647886082,0.020885609090328217,0.047999996691942215,1,4,0.9076921939849854,0.20944694064039504,13,1.661538353333106,0.011844337311251587,0.010576187630222571,0.027114387601614,0.005113761856435582,0.027114387601614,0.005113761856435582,0.00265261298045516,0.006655423436313868,0.00265261298045516,0,0.020885609555989504,0.047999996691942215,4.656612873077393e-10,0.03523056721314788,0,4.83231839092102e-10,0.0,1,11,10,11,4,1,0,0,1,0,0.0,0.017999998992308974,0.0,1,0.019260302186012268,-0.0016450185794383287,0.01761528360657394,0.01761528360657394,inf,inf,0,0,-0.0031939293082186614,-0.008307691647886082,1.6615384505345263,0.029268471029393107,0.008307691647886082,3.5230569777876335,1,0,0,1,1,1,1,0.047999996691942215
5008,8,0,5,8,d05200258a68c8e5a789abed3a6e63a6e27f8c064f2a5c3f662ba6bccba42370,77f3c52eeda1cb519264446fe54a3405a79407fe6e577ae6e846fa3bb7c32ea3,0.009393478743731976,0.0,-0.0009234821773134172,-0.0009234821773134172,0.0,0.009393478743731976,0.0,0,1,0.9076921939849854,0.20944694064039504,13,1.661538353333106,0.002291671444315936,0.0018119740316412856,0.009393478743731976,-0.0009234821773134172,0.009393478743731976,0.0009234821773134172,0.0019425485515967011,0.004529787227511406,0.0019425485515967011,0,0.00939347897656262,0.0,2.3283064365386963e-10,0.00939347897656262,0,4.2999372118490697e-10,2.168404344971009e-19,0,0,10,11,13,13,0,1,1,1,0.0,0.0,0.0,1,0.009361103409901261,0.004664363921619952,0.00469673948828131,0.00469673948828131,inf,inf,0,0,-0.0009234826073071384,2.168404344971009e-19,1.6615384505345263,0.007803813251923251,2.168404344971009e-19,inf,0,0,0,5,2,0,0,0.047999996691942215
5008,8,1,0,8,d05200258a68c8e5a789abed3a6e63a6e27f8c064f2a5c3f662ba6bccba42370,77f3c52eeda1cb519264446fe54a3405a79407fe6e577ae6e846fa3bb7c32ea3,0.004494834691286087,0.0,-0.00038835033774375916,-0.00038835033774375916,3.469446951953614e-18,0.004494834691286087,0.0,0,1,0.9076921939849854,0.20944694064039504,13,1.661538353333106,0.0011263573621636276,0.0009013188661202877,0.004494834691286087,-0.0003883503377437626,0.004494834691286087,0.0003883503377437626,0.0014412372838705778,0.001881773117929697,0.0014412372838705778,0,0.004494834691286087,0.0,0.0,0.004494834691286087,0,9.000945457721121e-10,3.469446951953614e-18,0,0,10,11,13,13,0,1,1,1,0.0,0.0,0.0,1,0.0038502495735883713,0.0016028322279453278,0.0022474173456430435,0.0022474173456430435,inf,inf,0,0,-0.00038835123783830493,0.0,1.6615384505345263,0.0037341703341841606,0.0,inf,0,0,0,4,5,0,0,0.04799999948590994
5008,8,1,2,8,d05200258a68c8e5a789abed3a6e63a6e27f8c064f2a5c3f662ba6bccba42370,77f3c52eeda1cb519264446fe54a3405a79407fe6e577ae6e846fa3bb7c32ea3,0.020803753286600113,0.030000001192092896,-0.000889522663783282,-0.000889522663783282,0.0,0.020803753286600113,0.030000001192092896,1,3,0.007692307233810425,0.20944694064039504,13,1.6615383533331063,0.002561964708390065,0.0018977875099379636,0.009196247905492783,-0.000889522663783282,0.009196247905492783,0.000889522663783282,0.0006729007000103593,0.004738475661724806,0.0006729007000103593,0,0.020803753286600113,0.030000001192092896,0.0,0.010232692584395409,0,3.5678742599243307e-10,1.734723475976807e-18,10,11,10,11,1,1,1,1,1,1,0.015000000596046448,0.015000000596046448,0.015000000596046448,0,0.005474954843521118,-0.00035860855132341385,0.005116346292197704,0.005116346292197704,0.34108973925949176,0.3649969750643978,1,0,-0.000889523020570708,-1.734723475976807e-18,1.661538450534526,0.008501006090736242,1.734723475976807e-18,inf,0,0,0,2,2,0,0,0.017999998293817043
5008,8,1,3,8,d05200258a68c8e5a789abed3a6e63a6e27f8c064f2a5c3f662ba6bccba42370,77f3c52eeda1cb519264446fe54a3405a79407fe6e577ae6e846fa3bb7c32ea3,0.018950369209051132,0.017999999225139618,-0.009288136847317219,-0.009288136847317219,-0.008099999606050554,0.018950369209051132,0.017999999225139618,1,3,0.007692308165132999,0.2094469155167731,13,1.661538461366525,0.001608693887602172,0.001262319599382975,0.0009503699839115143,-0.0011881372412666652,0.0009503699839115143,0.0011881372412666652,0.0030675979796797037,0.004923562053591013,0.0030675979796797037,0,0.018950369209051132,0.017999999225139618,0.0,0.006060045212507248,0,1.1373257665509007e-09,5.204170427930421e-18,10,11,10,11,1,1,1,1,1,1,0.008999999612569809,0.008999999612569809,0.008999999612569809,0,0.0032119303941726685,-0.0001819077879190445,0.003030022606253624,0.003030022606253624,0.33666919296549264,0.3568811702710232,1,0,-0.009288137984642985,-0.008099999606050548,1.6615384522538923,0.0050344990714889515,0.008099999606050548,0.6215431254747562,1,1,0,3,3,0,0,0.03000000026077032
5008,8,1,4,8,d05200258a68c8e5a789abed3a6e63a6e27f8c064f2a5c3f662ba6bccba42370,77f3c52eeda1cb519264446fe54a3405a79407fe6e577ae6e846fa3bb7c32ea3,0.007448432967066765,0.0,0.0006956469151191413,0.0006956469151191413,3.469446951953614e-18,0.007448432967066765,0.0,0,1,0.9076921939849854,0.20944694064039504,13,1.661538353333106,0.0016194869146662712,0.0010228220307262692,0.007448432967066765,0.0006956469151191379,0.007448432967066765,0.0006956469151191379,0.002004105830565095,0.002348867477849126,0.002004105830565095,0,0.007448432967066765,0.0,0.0,0.007448432967066765,0,6.663834137277114e-10,3.469446951953614e-18,0,0,10,11,13,13,0,1,1,1,0.0,0.0,0.0,1,0.004001878201961517,0.0002776617184281349,0.0037242164835333824,0.0037242164835333824,inf,inf,0,0,0.0006956462487357276,0.0,1.6615384505345263,0.006187928885505198,0.0,inf,0,0,0,5,4,0,0,0.04799999948590994
5008,8,1,5,8,d05200258a68c8e5a789abed3a6e63a6e27f8c064f2a5c3f662ba6bccba42370,77f3c52eeda1cb519264446fe54a3405a79407fe6e577ae6e846fa3bb7c32ea3,0.0255485437810421,0.04799999948590994,-0.004482624586671591,-0.004482624586671591,-0.006230769243664461,0.0255485437810421,0.04799999948590994,1,4,0.9076921939849854,0.20944694064039504,13,1.661538353333106,0.010207275325053729,0.008473654900341344,0.02245145570486784,0.00174814465699287,0.02245145570486784,0.00174814465699287,0.0013803764013573527,0.00846150889992714,0.0013803764013573527,0,0.025548544712364674,0.04799999948590994,9.313225746154785e-10,0.028706040233373642,0,1.080735813341338e-09,0.0,1,11,10,11,3,1,0,0,1,0,0.0,0.017999999225139618,0.0,1,0.019131969660520554,-0.004778949543833733,0.014353020116686821,0.014353020116686821,inf,inf,0,0,-0.004482625667407404,-0.006230769243664461,1.6615384505345263,0.023848094805170708,0.006230769243664461,3.827471997846784,1,0,0,1,1,1,1,0.017999998293817043
5008,8,2,0,8,d05200258a68c8e5a789abed3a6e63a6e27f8c064f2a5c3f662ba6bccba42370,77f3c52eeda1cb519264446fe54a3405a79407fe6e577ae6e846fa3bb7c32ea3,0.004975905176252127,0.0,-0.0005892398185096681,-0.0005892398185096681,0.0,0.004975905176252127,0.0,0,1,0.9076921939849854,0.20944694064039504,13,1.661538353333106,0.0012144311345217225,0.0008731090022232411,0.004975905176252127,-0.0005892398185096681,0.004975905176252127,0.0005892398185096681,0.002208725782111287,0.0025342823937535286,0.002208725782111287,0,0.004975905176252127,0.0,0.0,0.004975905176252127,0,6.582437915049477e-11,1.3010426069826053e-18,0,0,10,3,13,13,0,1,1,1,0.0,0.0,0.0,1,0.010994859272614121,-0.008506906684488058,0.0024879525881260633,0.0024879525881260633,inf,inf,0,0,-0.0005892398843340473,-1.3010426069826053e-18,1.6615384505345263,0.004133828888278344,1.3010426069826053e-18,inf,0,0,0,4,5,0,0,0.035999998450279236
5008,8,2,1,8,d05200258a68c8e5a789abed3a6e63a6e27f8c064f2a5c3f662ba6bccba42370,77f3c52eeda1cb519264446fe54a3405a79407fe6e577ae6e846fa3bb7c32ea3,0.02102329581975937,0.03000000026077032,-5.789469651062973e-05,-5.789469651062973e-05,-6.44761778689773e-11,0.02102329581975937,0.03000000026077032,1,3,0.9076921939849854,0.20944694064039504,13,1.661538353333106,0.001943101461415884,0.0013070469319175642,0.008976704441010952,-5.789463203445186e-05,0.008976704441010952,5.789463203445186e-05,0.0011131565552204847,0.0030479063279926777,0.0011131565552204847,0,0.02102329581975937,0.03000000026077032,0.0,0.008976704441010952,0,1.2884877865181055e-10,8.673617379884035e-19,10,11,10,11,1,1,1,1,1,1,0.015000000596046448,0.014999999664723873,0.014999999664723873,0,0.015115135349333286,-0.01062678312882781,0.004488352220505476,0.004488352220505476,0.2992234880551979,1.0076757124788598,1,0,-5.789482535940838e-05,-6.447617873633904e-11,1.6615384505345263,0.007457569793911869,6.447617873633904e-11,115663954.34828635,1,0,0,2,2,0,0,0.005999998189508915
5008,8,2,3,8,d05200258a68c8e5a789abed3a6e63a6e27f8c064f2a5c3f662ba6bccba42370,77f3c52eeda1cb519264446fe54a3405a79407fe6e577ae6e846fa3bb7c32ea3,0.01723746582865715,0.017999999225139618,-0.007922439835965633,-0.007922439835965633,-0.008099999606050554,0.01723746582865715,0.017999999225139618,1,3,0.007692308165132999,0.2094469155167731,13,1.661538461366525,0.0008980630884538833,0.0006075792793686,0.0007625333964824677,0.0001775597700849202,0.0007625333964824677,0.0001775597700849202,0.002600163919851184,0.004410984925925732,0.002600163919851184,0,0.017237465988728218,0.017999999225139618,1.6007106751203537e-10,0.003800760954618454,0,3.5008681717463297e-10,0.0,10,11,10,11,1,1,1,1,1,1,0.008999999612569809,0.008999999612569809,0.008999999612569809,0,0.009897325187921524,-0.007996944710612297,0.001900380477309227,0.001900380477309227,0.21115339545738082,1.0997028459977343,1,0,-0.00792244018605245,-0.008099999606050554,1.6615384522538923,0.003157555236961886,0.008099999606050554,0.3898216531520877,1,1,0,3,3,0,0,0.017999999225139618
5008,8,2,4,8,d05200258a68c8e5a789abed3a6e63a6e27f8c064f2a5c3f662ba6bccba42370,77f3c52eeda1cb519264446fe54a3405a79407fe6e577ae6e846fa3bb7c32ea3,0.00798055436462164,0.0,1.6821801182231866e-05,1.6821801182231866e-05,-1.734723475976807e-18,0.00798055436462164,0.0,0,1,0.9076921939849854,0.20944694064039504,13,1.661538353333106,0.0017975075974927166,0.0011967554922317591,0.00798055436462164,1.68218011822336e-05,0.00798055436462164,1.68218011822336e-05,0.0013941122451797128,0.004377470351755619,0.0013941122451797128,0,0.007980554597452283,0.0,2.3283064365386963e-10,0.007980554597452283,0,9.153767435883531e-11,1.734723475976807e-18,0,0,10,11,13,13,0,1,1,1,0.0,0.0,0.0,1,0.012526434613391757,-0.008536157314665616,0.0039902772987261415,0.0039902772987261415,inf,inf,0,0,1.6821892719906225e-05,0.0,1.6615384505345263,0.006629999160128529,0.0,inf,0,0,0,5,4,0,0,0.035999998450279236
5008,8,2,5,8,d05200258a68c8e5a789abed3a6e63a6e27f8c064f2a5c3f662ba6bccba42370,77f3c52eeda1cb519264446fe54a3405a79407fe6e577ae6e846fa3bb7c32ea3,0.022234614938497543,0.035999998450279236,-6.0447549913078547e-05,-6.0447549913078547e-05,0.0,0.022234614938497543,0.035999998450279236,1,3,0.9076921939849854,0.20944694064039504,13,1.661538353333106,0.0028253494395578177,0.001684171669619136,0.013765383511781693,-6.0447549913078547e-05,0.013765383511781693,6.0447549913078547e-05,0.0012997433077543974,0.0031651239842176437,0.0012997433077543974,0,0.022234615869820118,0.035999998450279236,9.313225746154785e-10,0.013765382580459118,0,1.331414772268863e-10,1.3010426069826053e-18,10,11,10,11,1,1,1,1,1,1,0.017999999225139618,0.017999999225139618,0.017999999225139618,0,0.017317045480012894,-0.010434354189783335,0.006882691290229559,0.006882691290229559,0.38237175480634905,0.9620581236374233,1,0,-6.0447683054555773e-05,-1.3010426069826053e-18,1.6615384505345263,0.011435856221875502,1.3010426069826053e-18,inf,0,0,0,1,1,1,1,0.005999998189508915
5008,9,0,1,9,ba2fb3343d732ac36766fcdeaa28b5ac2287a542711ee9196093d158c9bf1da8,77f3c52eeda1cb519264446fe54a3405a79407fe6e577ae6e846fa3bb7c32ea3,0.03196750208735466,0.0,0.00540536642074585,0.00540536642074585,0.0,0.03196750208735466,0.0,0,1,0.9076921939849854,0.20944694064039504,13,1.661538353333106,0.008642786562169937,0.007225469581386041,0.03196750208735466,0.00540536642074585,0.03196750208735466,0.00540536642074585,0.0076531595550477505,0.016224496066570282,0.0076531595550477505,0,0.031967503018677235,0.0,9.313225746154785e-10,0.031967503018677235,0,4.4414745839493897e-10,6.938893903907228e-18,0,0,12,4,13,13,0,1,1,1,0.0,0.0,0.0,1,0.09842176083475351,0.0824380093254149,0.015983751509338617,0.015983751509338617,inf,inf,0,0,0.005405365976598391,6.938893903907228e-18,1.6615384505345263,0.026557617716555383,6.938893903907228e-18,inf,0,0,0,2,3,0,0,0.04800000041723251
5008,9,0,2,9,ba2fb3343d732ac36766fcdeaa28b5ac2287a542711ee9196093d158c9bf1da8,77f3c52eeda1cb519264446fe54a3405a79407fe6e577ae6e846fa3bb7c32ea3,0.031564369797706604,0.0,0.003163115354254842,0.003163115354254842,0.0,0.031564369797706604,0.0,0,1,0.9076921939849854,0.20944694064039504,13,1.6615383533331063,0.00877700955259923,0.0075024811209306215,0.031564369797706604,0.003163115354254842,0.031564369797706604,0.003163115354254842,0.006788130383938551,0.02121538482606411,0.006788130383938551,0,0.03156437166035175,0.0,1.862645149230957e-09,0.03156437166035175,0,2.274032701726769e-09,6.938893903907228e-18,0,0,12,4,13,13,0,1,1,1,0.0,0.0,0.0,1,0.08826047740876675,0.07247829157859087,0.015782185830175877,0.015782185830175877,inf,inf,0,0,0.00316311308022214,6.938893903907228e-18,1.661538450534526,0.02622270859031838,6.938893903907228e-18,inf,0,0,0,3,4,0,0,0.04800000041723251
5008,9,0,3,9,ba2fb3343d732ac36766fcdeaa28b5ac2287a542711ee9196093d158c9bf1da8,77f3c52eeda1cb519264446fe54a3405a79407fe6e577ae6e846fa3bb7c32ea3,0.032202139496803284,0.0,-0.004078162368386984,-0.004078162368386984,0.0,0.032202139496803284,0.0,0,1,0.007692308165132999,0.2094469155167731,13,1.661538461366525,0.009205568698932576,0.007812726433656162,0.032202139496803284,-0.004078162368386984,0.032202139496803284,0.004078162368386984,0.008112659677863121,0.01781865954399109,0.008112659677863121,0,0.032202137634158134,0.0,1.862645149230957e-09,0.032202137634158134,0,2.523546250438047e-10,2.0816681711721685e-17,0,0,12,4,13,13,0,1,1,1,0.0,0.0,0.0,1,0.11639578267931938,0.10029471386224031,0.016101068817079067,0.016101068817079067,inf,inf,0,0,-0.004078162620741609,2.0816681711721685e-17,1.6615384522538923,0.02675254496196296,2.0816681711721685e-17,inf,0,0,0,4,2,0,0,0.04800000041723251
5008,9,0,4,9,ba2fb3343d732ac36766fcdeaa28b5ac2287a542711ee9196093d158c9bf1da8,77f3c52eeda1cb519264446fe54a3405a79407fe6e577ae6e846fa3bb7c32ea3,0.025395836681127548,0.04800000041723251,-0.005083009600639343,-0.005083009600639343,-0.008307692582790668,0.025395836681127548,0.04800000041723251,1,4,0.9076921939849854,0.20944694064039504,13,1.661538353333106,0.015205832049248393,0.013464759347806051,0.022604163736104965,0.003224682982151325,0.022604163736104965,0.003224682982151325,0.006764967460185289,0.01563645340502262,0.006764967460185289,0,0.025395836681127548,0.04800000041723251,0.0,0.048044924275018275,0,1.8134746048587003e-09,0.0,1,11,3,11,4,1,0,1,1,1,0.0,0.017999999225139618,0.0,1,0.10983272886369377,0.08581026672618464,0.024022462137509137,0.024022462137509137,inf,inf,0,0,-0.005083007787164738,-0.008307692582790668,1.6615384505345263,0.03991424451798126,0.008307692582790668,4.804492236588455,1,0,0,1,5,1,0,0.04800000041723251
5008,9,0,5,9,ba2fb3343d732ac36766fcdeaa28b5ac2287a542711ee9196093d158c9bf1da8,77f3c52eeda1cb519264446fe54a3405a79407fe6e577ae6e846fa3bb7c32ea3,0.032843396067619324,0.0,0.0044823698699474335,0.0044823698699474335,0.0,0.032843396067619324,0.0,0,1,0.9076921939849854,0.20944694064039504,13,1.661538353333106,0.008592034681537356,0.00717808652294458,0.032843396067619324,0.0044823698699474335,0.032843396067619324,0.0044823698699474335,0.005835990887135267,0.014434519223868847,0.005835990887135267,0,0.0328433969989419,0.0,9.313225746154785e-10,0.0328433969989419,0,3.5902033811152645e-09,6.938893903907228e-18,0,0,12,4,13,13,0,1,1,1,0.0,0.0,0.0,1,0.0956132085993886,0.07919151009991765,0.01642169849947095,0.01642169849947095,inf,inf,0,0,0.004482366279744052,6.938893903907228e-18,1.6615384505345263,0.027285283479956117,6.938893903907228e-18,inf,0,0,0,5,1,0,1,0.04800000041723251
5008,9,1,0,9,ba2fb3343d732ac36766fcdeaa28b5ac2287a542711ee9196093d158c9bf1da8,77f3c52eeda1cb519264446fe54a3405a79407fe6e577ae6e846fa3bb7c32ea3,0.0053434185683727264,0.0,0.0006424511666409671,0.0006424511666409671,0.0,0.0053434185683727264,0.0,0,1,0.9076921939849854,0.20944694064039504,13,1.661538353333106,0.0013549607183774089,0.0010367535363287616,0.0053434185683727264,0.0006424511666409671,0.0053434185683727264,0.0006424511666409671,0.00216646958142519,0.002425659913569689,0.00216646958142519,0,0.0053434185683727264,0.0,0.0,0.0053434185683727264,0,5.590162673041466e-10,3.469446951953614e-18,0,0,10,11,13,13,0,1,1,1,0.0,0.0,0.0,1,0.005615193396806717,0.0029434841126203537,0.0026717092841863632,0.0026717092841863632,inf,inf,0,0,0.0006424517256572344,-3.469446951953614e-18,1.6615384505345263,0.0044391477043257185,3.469446951953614e-18,inf,0,0,0,4,5,0,0,0.04799999948590994
5008,9,1,2,9,ba2fb3343d732ac36766fcdeaa28b5ac2287a542711ee9196093d158c9bf1da8,77f3c52eeda1cb519264446fe54a3405a79407fe6e577ae6e846fa3bb7c32ea3,0.020286502316594124,0.030000001192092896,-0.001318844617344439,-0.001318844617344439,0.0,0.020286502316594124,0.030000001192092896,1,3,0.9076921939849854,0.20944694064039504,13,1.6615383533331063,0.0026806798254585826,0.0020120137938733637,0.009713498875498772,-0.001318844617344439,0.009713498875498772,0.001318844617344439,0.001004071207717061,0.0037139058113098145,0.001004071207717061,0,0.020286502316594124,0.030000001192092896,0.0,0.010466411709785461,0,5.191707706103665e-10,1.734723475976807e-18,10,11,10,11,1,1,1,1,1,1,0.015000000596046448,0.015000000596046448,0.015000000596046448,0,0.006061634048819542,0.0008284281939268112,0.005233205854892731,0.005233205854892731,0.3488803764629214,0.4041089205301237,1,0,-0.0013188440981736684,-1.734723475976807e-18,1.661538450534526,0.008695172747466678,1.734723475976807e-18,inf,0,0,0,2,2,0,0,0.017999998293817043
5008,9,1,3,9,ba2fb3343d732ac36766fcdeaa28b5ac2287a542711ee9196093d158c9bf1da8,77f3c52eeda1cb519264446fe54a3405a79407fe6e577ae6e846fa3bb7c32ea3,0.01912028156220913,0.017999999225139618,-0.009329206310212612,-0.009329206310212612,-0.008099999606050554,0.01912028156220913,0.017999999225139618,1,3,0.007692308165132999,0.2094469155167731,13,1.661538461366525,0.0016747375373179212,0.0013504146912394178,0.0011202823370695114,-0.0012292067041620586,0.0011202823370695114,0.0012292067041620586,0.0029125120490789413,0.004664842039346695,0.0029125120490789413,0,0.01912028156220913,0.017999999225139618,0.0,0.006171856075525284,0,2.0294004619142436e-09,5.204170427930421e-18,10,11,10,11,1,1,1,1,1,1,0.008999999612569809,0.008999999612569809,0.008999999612569809,0,0.004301965236663818,-0.0012160371989011765,0.003085928037762642,0.003085928037762642,0.3428809078450064,0.4779961579837735,1,0,-0.00932920428081215,-0.008099999606050548,1.6615384522538923,0.005127388095631031,0.008099999606050548,0.6330109067907815,1,1,0,3,3,0,0,0.03000000026077032
5008,9,1,4,9,ba2fb3343d732ac36766fcdeaa28b5ac2287a542711ee9196093d158c9bf1da8,77f3c52eeda1cb519264446fe54a3405a79407fe6e577ae6e846fa3bb7c32ea3,0.007532140240073204,0.0,0.00020136528473813087,0.00020136528473813087,0.0,0.007532140240073204,0.0,0,1,0.9076921939849854,0.20944694064039504,13,1.661538353333106,0.001680401714568224,0.0011439579566554915,0.007532140240073204,0.00020136528473813087,0.007532140240073204,0.00020136528473813087,0.0012615307932719588,0.0028601819649338722,0.0012615307932719588,0,0.007532140240073204,0.0,0.0,0.007532140240073204,0,3.6023728947759404e-09,1.734723475976807e-18,0,0,10,11,13,13,0,1,1,1,0.0,0.0,0.0,1,0.0074106547981500626,0.0036445846781134605,0.003766070120036602,0.003766070120036602,inf,inf,0,0,0.0002013616823652361,-1.734723475976807e-18,1.6615384505345263,0.006257470311849993,1.734723475976807e-18,inf,0,0,0,5,4,0,0,0.04799999948590994
5008,9,1,5,9,ba2fb3343d732ac36766fcdeaa28b5ac2287a542711ee9196093d158c9bf1da8,77f3c52eeda1cb519264446fe54a3405a79407fe6e577ae6e846fa3bb7c32ea3,0.025297844782471657,0.04799999948590994,-0.0043157911859452724,-0.0043157911859452724,-0.006230769243664471,0.025297844782471657,0.04799999948590994,1,4,0.9076921939849854,0.20944694064039504,13,1.661538353333106,0.009934574233514236,0.008258052379686453,0.022702154703438282,0.0019149780577191987,0.022702154703438282,0.0019149780577191987,0.0016554222675040364,0.007339179050177336,0.0016554222675040364,0,0.025297844782471657,0.04799999948590994,0.0,0.028194504790008068,0,4.6558756156001024e-10,8.673617379884035e-18,1,11,10,11,3,1,0,0,1,0,0.0,0.017999999225139618,0.0,1,0.016790355555713177,-0.0026931031607091427,0.014097252395004034,0.014097252395004034,inf,inf,0,0,-0.004315790720357711,-0.0062307692436644625,1.6615384505345263,0.023423126901189143,0.0062307692436644625,3.759267272657565,1,0,0,1,1,1,1,0.017999998293817043
5008,9,2,0,9,ba2fb3343d732ac36766fcdeaa28b5ac2287a542711ee9196093d158c9bf1da8,77f3c52eeda1cb519264446fe54a3405a79407fe6e577ae6e846fa3bb7c32ea3,0.005403856746852398,0.0,0.0007889922708272934,0.0007889922708272934,-6.938893903907228e-18,0.005403856746852398,0.0,0,1,0.9076921939849854,0.20944694064039504,13,1.661538353333106,0.001336100659185347,0.0010334617904657444,0.005403856746852398,0.0007889922708273003,0.005403856746852398,0.0007889922708273003,0.0019619232043623924,0.0025146682746708393,0.0019619232043623924,0,0.005403856746852398,0.0,0.0,0.005403856746852398,0,3.132781395409623e-10,6.938893903907228e-18,0,0,10,9,13,13,0,1,1,1,0.0,0.0,0.0,1,0.03909400198608637,-0.03639207361266017,0.002701928373426199,0.002701928373426199,inf,inf,0,0,0.0007889919575491539,0.0,1.6615384505345263,0.004489357883037839,0.0,inf,0,0,0,4,5,0,0,0.036000002175569534
5008,9,2,1,9,ba2fb3343d732ac36766fcdeaa28b5ac2287a542711ee9196093d158c9bf1da8,77f3c52eeda1cb519264446fe54a3405a79407fe6e577ae6e846fa3bb7c32ea3,0.0197751522064209,0.029999997466802597,-0.0003397705440875143,-0.0003397705440875143,2.579047045370153e-10,0.0197751522064209,0.029999997466802597,1,3,0.9076921939849854,0.20944694064039504,13,1.661538353333106,0.002208702355597527,0.0014952587503829643,0.010224845260381699,-0.0003397708019922188,0.010224845260381699,0.0003397708019922188,0.001608016318641603,0.0061836945824325085,0.001608016318641603,0,0.0197751522064209,0.029999997466802597,0.0,0.010224845260381699,0,8.1670970854264e-10,6.938893903907228e-18,10,11,10,11,1,1,1,1,1,1,0.01499999687075615,0.015000000596046448,0.01499999687075615,0,0.042290762066841125,-0.037178339436650276,0.005112422630190849,0.005112422630190849,0.34082824644836957,2.819384725958896,1,0,-0.00033976972737780574,2.579047114759092e-10,1.6615384505345263,0.008494486775444952,2.579047114759092e-10,32936531.972733732,0,0,0,2,2,0,0,0.006000004708766937
5008,9,2,3,9,ba2fb3343d732ac36766fcdeaa28b5ac2287a542711ee9196093d158c9bf1da8,77f3c52eeda1cb519264446fe54a3405a79407fe6e577ae6e846fa3bb7c32ea3,0.017752710729837418,0.017999999225139618,-0.0073746428824961185,-0.0073746428824961185,-0.008099999606050554,0.017752710729837418,0.017999999225139618,1,3,0.007692308165132999,0.2094469155167731,13,1.661538461366525,0.000747916381064514,0.0006200652762409851,0.0002472884953022003,0.000725356723554435,0.0002472884953022003,0.000725356723554435,0.004304558504372835,0.006982105318456888,0.004304558504372835,0,0.01775271154474467,0.017999999225139618,8.149072527885437e-10,0.002527800388634205,0,1.2521121292574655e-11,6.938893903907228e-18,10,11,10,11,1,1,1,1,1,1,0.008999999612569809,0.008999999612569809,0.008999999612569809,0,0.04201855883002281,-0.04075465863570571,0.0012639001943171024,0.0012639001943171024,0.1404333609694696,4.668728959869929,1,0,-0.00737464289501724,-0.00809999960605056,1.6615384522538923,0.002100018772669032,0.00809999960605056,0.2592615894820975,1,1,0,3,3,0,0,0.018000002950429916
5008,9,2,4,9,ba2fb3343d732ac36766fcdeaa28b5ac2287a542711ee9196093d158c9bf1da8,77f3c52eeda1cb519264446fe54a3405a79407fe6e577ae6e846fa3bb7c32ea3,0.007030650973320007,0.0,-0.0002216673456132412,-0.0002216673456132412,0.0,0.007030650973320007,0.0,0,1,0.9076921939849854,0.20944694064039504,13,1.661538353333106,0.0017684119045405786,0.0013735642954266283,0.007030650973320007,-0.0002216673456132412,0.007030650973320007,0.0002216673456132412,0.0020539199467748404,0.003368064761161804,0.0020539199467748404,0,0.007030650973320007,0.0,0.0,0.007030650973320007,0,7.73361721884136e-11,0.0,0,0,10,11,13,13,0,1,1,1,0.0,0.0,0.0,1,0.039403583854436874,-0.03588825836777687,0.0035153254866600037,0.0035153254866600037,inf,inf,0,0,-0.00022166742294941338,0.0,1.6615384505345263,0.005840848462229592,0.0,inf,0,0,0,5,4,0,0,0.036000002175569534
5008,9,2,5,9,ba2fb3343d732ac36766fcdeaa28b5ac2287a542711ee9196093d158c9bf1da8,77f3c52eeda1cb519264446fe54a3405a79407fe6e577ae6e846fa3bb7c32ea3,0.020808855071663857,0.036000002175569534,-0.00029699457809329033,-0.00029699457809329033,-2.579047184148031e-10,0.020808855071663857,0.036000002175569534,1,3,0.9076921939849854,0.20944694064039504,13,1.661538353333106,0.0031248136635370085,0.0018692758573582895,0.015191147103905678,-0.0002969943201885719,0.015191147103905678,0.0002969943201885719,0.0017046835273504257,0.006282682530581951,0.0017046835273504257,0,0.020808855071663857,0.036000002175569534,0.0,0.015191147103905678,0,2.8136368755704577e-10,6.938893903907228e-18,10,11,10,11,1,1,1,1,1,1,0.018000002950429916,0.017999999225139618,0.017999999225139618,0,0.04427960515022278,-0.03668403159826994,0.007595573551952839,0.007595573551952839,0.4219763266069765,2.4599781697979113,1,0,-0.00029699429672960277,-2.579047114759092e-10,1.6615384505345263,0.012620337510432749,2.579047114759092e-10,48934109.959490255,1,0,0,1,1,1,1,0.006000004708766937
5008,10,0,1,10,95d55c814d9f1aea4561076e8b5a022325f395eff87d19e88e433dd8514fb596,77f3c52eeda1cb519264446fe54a3405a79407fe6e577ae6e846fa3bb7c32ea3,0.009128250181674957,0.0,0.00017703069897834212,0.00017703069897834212,0.0,0.009128250181674957,0.0,0,1,0.9076921939849854,0.20944694064039504,13,1.661538353333106,0.002204710321518552,0.0017334851078115976,0.009128250181674957,0.00017703069897834212,0.009128250181674957,0.00017703069897834212,0.0016149033326655626,0.003245482686907053,0.0016149033326655626,0,0.00912824971601367,0.0,4.656612873077393e-10,0.00912824971601367,0,1.2397404196978767e-10,2.168404344971009e-19,0,0,10,11,13,13,0,1,1,1,0.0,0.0,0.0,1,0.00793091137893498,0.0033667865209281445,0.004564124858006835,0.004564124858006835,inf,inf,0,0,0.00017703082295238409,2.168404344971009e-19,1.6615384505345263,0.0075834689446187915,2.168404344971009e-19,inf,0,0,0,2,4,0,0,0.047999996691942215
5008,10,0,2,10,95d55c814d9f1aea4561076e8b5a022325f395eff87d19e88e433dd8514fb596,77f3c52eeda1cb519264446fe54a3405a79407fe6e577ae6e846fa3bb7c32ea3,0.009286419488489628,0.0,0.0006485654157586396,0.0006485654157586396,0.0,0.009286419488489628,0.0,0,1,0.9076921939849854,0.20944694064039504,13,1.6615383533331063,0.002128094528541234,0.0015283671260078455,0.009286419488489628,0.0006485654157586396,0.009286419488489628,0.0006485654157586396,0.0019497586181387305,0.002161846961826086,0.0019497586181387305,0,0.00928641966311261,0.0,1.7462298274040222e-10,0.00928641966311261,0,2.7554924227762845e-10,1.0842021724855044e-19,0,0,10,11,13,13,0,1,1,1,0.0,0.0,0.0,1,0.008159579010680318,0.0035163691791240126,0.004643209831556305,0.004643209831556305,inf,inf,0,0,0.0006485656913078819,-1.0842021724855044e-19,1.661538450534526,0.007714871669030741,1.0842021724855044e-19,inf,0,0,0,3,3,0,0,0.047999996691942215
5008,10,0,3,10,95d55c814d9f1aea4561076e8b5a022325f395eff87d19e88e433dd8514fb596,77f3c52eeda1cb519264446fe54a3405a79407fe6e577ae6e846fa3bb7c32ea3,0.005869721062481403,0.0,-0.002042196923866868,-0.002042196923866868,0.0,0.005869721062481403,0.0,0,1,0.9076923131942749,0.2094469155167731,13,1.661538461366525,0.0017076711545203234,0.001416039460244969,0.005869721062481403,-0.002042196923866868,0.005869721062481403,0.002042196923866868,0.0032365175429731607,0.00394265353679657,0.0032365175429731607,0,0.005869721062481403,0.0,0.0,0.005869721062481403,0,5.164750567325516e-10,4.336808689942018e-19,0,0,10,7,13,13,0,1,1,1,0.0,0.0,0.0,1,0.008729993598535657,0.005795133067294955,0.0029348605312407017,0.0029348605312407017,inf,inf,0,0,-0.0020421964073918113,-4.336808689942018e-19,1.6615384522538923,0.004876383624658712,4.336808689942018e-19,inf,0,0,0,4,5,0,0,0.047999996691942215
5008,10,0,4,10,95d55c814d9f1aea4561076e8b5a022325f395eff87d19e88e433dd8514fb596,77f3c52eeda1cb519264446fe54a3405a79407fe6e577ae6e846fa3bb7c32ea3,0.019851312041282654,0.047999996691942215,-0.003418299136683345,-0.003418299136683345,-0.008307691647886082,0.019851312041282654,0.047999996691942215,1,4,0.9076921939849854,0.20944694064039504,13,1.661538353333106,0.0119829294566192,0.010606017076691402,0.02814868465065956,0.0048893925112027375,0.02814868465065956,0.0048893925112027375,0.002923478838056326,0.004570971708744764,0.002923478838056326,0,0.019851312041282654,0.047999996691942215,0.0,0.037269740365445614,0,1.4442683941157108e-10,0.0,1,11,10,11,4,1,0,0,1,0,0.0,0.017999998992308974,0.0,1,0.02387699205428362,-0.005242121871560812,0.018634870182722807,0.018634870182722807,inf,inf,0,0,-0.0034182989922565054,-0.008307691647886082,1.6615384505345263,0.0309625533293133,0.008307691647886082,3.7269743078622586,1,0,0,1,1,1,1,0.047999996691942215
5008,10,0,5,10,95d55c814d9f1aea4561076e8b5a022325f395eff87d19e88e433dd8514fb596,77f3c52eeda1cb519264446fe54a3405a79407fe6e577ae6e846fa3bb7c32ea3,0.0108692217618227,0.0,-0.00013810886594001204,-0.00013810886594001204,0.0,0.0108692217618227,0.0,0,1,0.9076921939849854,0.20944694064039504,13,1.661538353333106,0.002445836412887814,0.0017925197824824755,0.0108692217618227,-0.00013810886594001204,0.0108692217618227,0.00013810886594001204,0.0016568313585594296,0.003996754996478558,0.0016568313585594296,0,0.010869221907341853,0.0,1.4551915228366852e-10,0.010869221907341853,0,1.777763966853002e-10,2.168404344971009e-19,0,0,10,11,13,13,0,1,1,1,0.0,0.0,0.0,1,0.008563760900869966,0.003129149947199039,0.005434610953670926,0.005434610953670926,inf,inf,0,0,-0.00013810868816361535,2.168404344971009e-19,1.6615384505345263,0.009029815063220356,2.168404344971009e-19,inf,0,0,0,5,2,0,0,0.047999996691942215
5008,10,1,0,10,95d55c814d9f1aea4561076e8b5a022325f395eff87d19e88e433dd8514fb596,77f3c52eeda1cb519264446fe54a3405a79407fe6e577ae6e846fa3bb7c32ea3,0.005334202200174332,0.0,-0.00047626905143260956,-0.00047626905143260956,-6.938893903907228e-18,0.005334202200174332,0.0,0,1,0.9076921939849854,0.20944694064039504,13,1.661538353333106,0.0013542862347397462,0.0010498910260623728,0.005334202200174332,-0.0004762690514326026,0.005334202200174332,0.0004762690514326026,0.0020190535578876734,0.004296031314879656,0.0020190535578876734,0,0.005334202200174332,0.0,0.0,0.005334202200174332,0,1.7735226967574569e-09,6.938893903907228e-18,0,0,4,7,13,13,0,1,1,1,0.0,0.0,0.0,1,0.004901260137557983,0.0022341590374708176,0.002667101100087166,0.002667101100087166,inf,inf,0,0,-0.0004762708249553063,0.0,1.6615384505345263,0.00443149102925776,0.0,inf,0,0,0,4,5,0,0,0.04799999948590994
5008,10,1,2,10,95d55c814d9f1aea4561076e8b5a022325f395eff87d19e88e433dd8514fb596,77f3c52eeda1cb519264446fe54a3405a79407fe6e577ae6e846fa3bb7c32ea3,0.017683926969766617,0.030000001192092896,-0.0008366635884158313,-0.0008366635884158313,0.0,0.017683926969766617,0.030000001192092896,1,3,0.9076921939849854,0.20944694064039504,13,1.6615383533331063,0.0029458832197583867,0.0021565004125149285,0.012316074222326279,-0.0008366635884158313,0.012316074222326279,0.0008366635884158313,0.0019833126571029425,0.003714685793966055,0.0019833126571029425,0,0.017683926969766617,0.030000001192092896,0.0,0.012316074222326279,0,9.589151556133046e-10,0.0,10,11,10,11,1,1,1,1,1,1,0.015000000596046448,0.015000000596046448,0.015000000596046448,0,0.007516868412494659,-0.00135883130133152,0.006158037111163139,0.006158037111163139,0.4105357910976493,0.5011245409200771,1,0,-0.0008366645473309869,0.0,1.661538450534526,0.010231815440016112,0.0,inf,0,0,0,2,3,0,0,0.017999998293817043
5008,10,1,3,10,95d55c814d9f1aea4561076e8b5a022325f395eff87d19e88e433dd8514fb596,77f3c52eeda1cb519264446fe54a3405a79407fe6e577ae6e846fa3bb7c32ea3,0.01792004704475403,0.017999999225139618,-0.008772585541009903,-0.008772585541009903,-0.008099999606050554,0.01792004704475403,0.017999999225139618,1,3,0.9076923131942749,0.2094469155167731,13,1.661538461366525,0.0014047487465907557,0.001192363276636812,7.99521803855896e-05,-0.0006725859349593494,7.99521803855896e-05,0.0006725859349593494,0.0032771462574601173,0.0052077448926866055,0.0032771462574601173,0,0.01792004704475403,0.017999999225139618,0.0,0.004874773323535919,0,1.0633280714267279e-10,5.204170427930421e-18,10,11,10,11,1,1,1,1,1,1,0.008999999612569809,0.008999999612569809,0.008999999612569809,0,0.0024606212973594666,-2.3234635591506958e-05,0.0024373866617679596,0.0024373866617679596,0.27082075185467724,0.2734023781426447,1,0,-0.008772585434677096,-0.008099999606050548,1.6615384522538923,0.004049811661538217,0.008099999606050548,0.4999767726547892,1,1,0,3,2,0,0,0.03000000026077032
5008,10,1,4,10,95d55c814d9f1aea4561076e8b5a022325f395eff87d19e88e433dd8514fb596,77f3c52eeda1cb519264446fe54a3405a79407fe6e577ae6e846fa3bb7c32ea3,0.0054401010274887085,0.0,0.000515185936819762,0.000515185936819762,0.0,0.0054401010274887085,0.0,0,1,0.9076921939849854,0.20944694064039504,13,1.661538353333106,0.0015350995486430048,0.0011187980072738144,0.0054401010274887085,0.000515185936819762,0.0054401010274887085,0.000515185936819762,0.0039466810412704945,0.0036216434091329575,0.0039466810412704945,0,0.0054401010274887085,0.0,0.0,0.0054401010274887085,0,4.77017158759252e-09,0.0,0,0,4,11,13,13,0,1,1,1,0.0,0.0,0.0,1,0.004339534789323807,0.0016194842755794525,0.0027200505137443542,0.0027200505137443542,inf,inf,0,0,0.0005151811666481744,0.0,1.6615384505345263,0.004519468515982437,0.0,inf,0,0,0,5,4,0,0,0.04799999948590994
5008,10,1,5,10,95d55c814d9f1aea4561076e8b5a022325f395eff87d19e88e433dd8514fb596,77f3c52eeda1cb519264446fe54a3405a79407fe6e577ae6e846fa3bb7c32ea3,0.02211206778883934,0.04799999948590994,-0.0032149318140000105,-0.0032149318140000105,-0.006230769243664454,0.02211206778883934,0.04799999948590994,1,4,0.9076921939849854,0.20944694064039504,13,1.661538353333106,0.01037288911432764,0.008749834586970904,0.0258879316970706,0.0030158374296644433,0.0258879316970706,0.0030158374296644433,0.0017910064198076725,0.005489083472639322,0.0017910064198076725,0,0.02211206778883934,0.04799999948590994,0.0,0.030678237788379192,0,4.123093776120523e-09,6.938893903907228e-18,1,11,10,11,3,1,0,0,1,0,0.0,0.017999999225139618,0.0,1,0.019172600470483303,-0.003833481576293707,0.015339118894189596,0.015339118894189596,inf,inf,0,0,-0.0032149359370937866,-0.006230769243664461,1.6615384505345263,0.025486535840016658,0.006230769243664461,4.090431669561788,1,0,0,1,1,1,1,0.017999998293817043
5008,10,2,0,10,95d55c814d9f1aea4561076e8b5a022325f395eff87d19e88e433dd8514fb596,77f3c52eeda1cb519264446fe54a3405a79407fe6e577ae6e846fa3bb7c32ea3,0.006178183481097221,0.0,0.0012561720795929432,0.0012561720795929432,0.0,0.006178183481097221,0.0,0,1,0.9076921939849854,0.20944694064039504,13,1.661538353333106,0.0016412533431443101,0.0013680600467518235,0.006178183481097221,0.0012561720795929432,0.006178183481097221,0.0012561720795929432,0.002342200605198741,0.0023619048297405243,0.002342200605198741,0,0.006178183481097221,0.0,0.0,0.006178183481097221,0,4.6450600440714473e-10,0.0,0,0,10,9,13,13,0,1,1,1,0.0,0.0,0.0,1,0.03828370198607445,-0.03519461024552584,0.0030890917405486107,0.0030890917405486107,inf,inf,0,0,0.0012561725440989476,0.0,1.6615384505345263,0.005132644704150141,0.0,inf,0,0,0,4,5,0,0,0.035999998450279236
5008,10,2,1,10,95d55c814d9f1aea4561076e8b5a022325f395eff87d19e88e433dd8514fb596,77f3c52eeda1cb519264446fe54a3405a79407fe6e577ae6e846fa3bb7c32ea3,0.01585485227406025,0.030000001192092896,-0.0004464468511287123,-0.0004464468511287123,6.938893903907228e-18,0.01585485227406025,0.030000001192092896,1,3,0.9076921939849854,0.20944694064039504,13,1.661538353333106,0.0029552367724407676,0.0018365600362651535,0.014145148918032646,-0.00044644685112871924,0.014145148918032646,0.00044644685112871924,0.001070222002454102,0.0066739702597260475,0.001070222002454102,0,0.01585485163377598,0.030000001192092896,6.402842700481415e-10,0.014145149558316916,0,2.7608495350994744e-10,6.938893903907228e-18,10,11,10,11,1,1,1,1,1,1,0.015000000596046448,0.015000000596046448,0.015000000596046448,0,0.03932436741888523,-0.03225179263972677,0.007072574779158458,0.007072574779158458,0.4715049665413065,2.621624390418355,1,0,-0.0004464465750437588,0.0,1.6615384505345263,0.011751354939852514,0.0,inf,0,0,0,2,2,0,0,0.00599999725818634
5008,10,2,3,10,95d55c814d9f1aea4561076e8b5a022325f395eff87d19e88e433dd8514fb596,77f3c52eeda1cb519264446fe54a3405a79407fe6e577ae6e846fa3bb7c32ea3,0.01502962689846754,0.017999999225139618,-0.0056093852035701275,-0.0056093852035701275,-0.008099999606050554,0.01502962689846754,0.017999999225139618,1,3,0.9076923131942749,0.2094469155167731,13,1.661538461366525,0.0013602743240033277,0.0010227055327426751,0.002970372326672077,0.002490614402480426,0.002970372326672077,0.002490614402480426,0.004427602514624596,0.0077969348058104515,0.004427602514624596,0,0.01502962689846754,0.017999999225139618,0.0,0.0051380544900894165,0,4.916285625128358e-10,6.938893903907228e-18,10,11,10,11,1,1,1,1,1,1,0.008999999612569809,0.008999999612569809,0.008999999612569809,0,0.036472723819315434,-0.033903696574270725,0.0025690272450447083,0.0025690272450447083,0.2854474839595202,4.05252504326511,1,0,-0.00560938569519869,-0.00809999960605056,1.6615384522538923,0.0042685375525296654,0.00809999960605056,0.5269799703868061,1,1,0,3,3,0,0,0.017999999225139618
5008,10,2,4,10,95d55c814d9f1aea4561076e8b5a022325f395eff87d19e88e433dd8514fb596,77f3c52eeda1cb519264446fe54a3405a79407fe6e577ae6e846fa3bb7c32ea3,0.007490040734410286,0.0,0.00032178402761928737,0.00032178402761928737,0.0,0.007490040734410286,0.0,0,1,0.9076921939849854,0.20944694064039504,13,1.661538353333106,0.0018206913567023425,0.0013910215954191587,0.007490040734410286,0.00032178402761928737,0.007490040734410286,0.00032178402761928737,0.0028629230801016092,0.0022391665261238813,0.0028629230801016092,0,0.007490040501579642,0.0,2.3283064365386963e-10,0.007490040501579642,0,1.2347167602580478e-10,3.469446951953614e-18,0,0,10,9,13,13,0,1,1,1,0.0,0.0,0.0,1,0.03848340245895088,-0.034738382208161056,0.003745020250789821,0.003745020250789821,inf,inf,0,0,0.00032178390414761135,3.469446951953614e-18,1.6615384505345263,0.006222495144717743,3.469446951953614e-18,inf,0,0,0,5,4,0,0,0.035999998450279236
5008,10,2,5,10,95d55c814d9f1aea4561076e8b5a022325f395eff87d19e88e433dd8514fb596,77f3c52eeda1cb519264446fe54a3405a79407fe6e577ae6e846fa3bb7c32ea3,0.016616091132164,0.035999998450279236,-0.00042313229641877115,-0.00042313229641877115,0.0,0.016616091132164,0.035999998450279236,1,3,0.9076921939849854,0.20944694064039504,13,1.661538353333106,0.0039259308727929015,0.002231650633087172,0.019383907318115234,-0.00042313229641877115,0.019383907318115234,0.00042313229641877115,0.001172225340269506,0.006743244826793671,0.001172225340269506,0,0.01661609159782529,0.035999998450279236,4.656612873077393e-10,0.019383906852453947,0,7.706956639715046e-10,0.0,10,11,10,11,1,1,1,1,1,1,0.017999999225139618,0.017999999225139618,0.017999999225139618,0,0.04139411635696888,-0.031702162930741906,0.009691953426226974,0.009691953426226974,0.5384418801913474,2.2996732299385867,0,0,-0.0004231315257231072,0.0,1.6615384505345263,0.016103553278465958,0.0,inf,0,0,0,1,1,1,1,0.00599999725818634
5008,11,0,1,11,0ebd9a47833c0f99cd0decbbe33d929cc10ff5d68ac0e96fbb7d681715fdf1ec,77f3c52eeda1cb519264446fe54a3405a79407fe6e577ae6e846fa3bb7c32ea3,0.005466437432914972,0.0,-0.0006348767201416194,-0.0006348767201416194,0.0,0.005466437432914972,0.0,0,1,0.9076921939849854,0.20944694064039504,13,1.661538353333106,0.0016474282844270288,0.0013171009906738469,0.005466437432914972,-0.0006348767201416194,0.005466437432914972,0.0006348767201416194,0.0020113156642764807,0.0020211597438901663,0.0020113156642764807,0,0.005466437432914972,0.0,0.0,0.005466437432914972,0,2.1764948350544433e-11,2.168404344971009e-19,0,0,1,11,13,13,0,1,1,1,0.0,0.0,0.0,1,0.012908045900985599,-0.010174827184528112,0.002733218716457486,0.002733218716457486,inf,inf,0,0,-0.0006348767419065678,2.168404344971009e-19,1.6615384505345263,0.004541347991114738,2.168404344971009e-19,inf,0,0,0,2,5,0,0,0.047999998554587364
5008,11,0,2,11,0ebd9a47833c0f99cd0decbbe33d929cc10ff5d68ac0e96fbb7d681715fdf1ec,77f3c52eeda1cb519264446fe54a3405a79407fe6e577ae6e846fa3bb7c32ea3,0.008126860484480858,0.0,0.0023455240298062563,0.0023455240298062563,0.0,0.008126860484480858,0.0,0,1,0.9076921939849854,0.20944694064039504,13,1.6615383533331063,0.002173185934878594,0.0017105684885700074,0.008126860484480858,0.0023455240298062563,0.008126860484480858,0.0023455240298062563,0.0017801563953980803,0.002131073735654354,0.0017801563953980803,0,0.00812686001881957,0.0,4.656612873077393e-10,0.00812686001881957,0,1.9938679960557204e-10,1.0842021724855044e-19,0,0,1,11,13,13,0,1,1,1,0.0,0.0,0.0,1,0.01592257129959762,-0.011859141290187836,0.004063430009409785,0.004063430009409785,inf,inf,0,0,0.002345524229193056,-1.0842021724855044e-19,1.661538450534526,0.006751545201690229,1.0842021724855044e-19,inf,0,0,0,3,2,0,0,0.047999998554587364
5008,11,0,3,11,0ebd9a47833c0f99cd0decbbe33d929cc10ff5d68ac0e96fbb7d681715fdf1ec,77f3c52eeda1cb519264446fe54a3405a79407fe6e577ae6e846fa3bb7c32ea3,0.006024796981364489,0.0,0.0004470771236810833,0.0004470771236810833,0.0,0.006024796981364489,0.0,0,1,0.9076923131942749,0.2094469155167731,13,1.661538461366525,0.0014767543459778501,0.0011503163659008298,0.006024796981364489,0.0004470771236810833,0.006024796981364489,0.0004470771236810833,0.0019606759306043386,0.0032217693515121937,0.0019606759306043386,0,0.006024796981364489,0.0,0.0,0.006024796981364489,0,1.6755065434040373e-11,4.336808689942018e-19,0,0,8,3,13,13,0,1,1,1,0.0,0.0,0.0,1,0.010110761737450957,-0.007098363246768713,0.0030123984906822443,0.0030123984906822443,inf,inf,0,0,0.00044707714043614876,-4.336808689942018e-19,1.6615384522538923,0.005005215925780138,4.336808689942018e-19,inf,0,0,0,4,4,0,0,0.047999998554587364
5008,11,0,4,11,0ebd9a47833c0f99cd0decbbe33d929cc10ff5d68ac0e96fbb7d681715fdf1ec,77f3c52eeda1cb519264446fe54a3405a79407fe6e577ae6e846fa3bb7c32ea3,0.013321200385689735,0.047999998554587364,-0.001234956900589168,-0.001234956900589168,0.0020769229683881758,0.013321200385689735,0.047999998554587364,1,4,0.9076921939849854,0.20944694064039504,13,1.661538353333106,0.010274029317997398,0.00589031128201788,0.03467879816889763,-0.003311879868977344,0.03467879816889763,0.003311879868977344,0.0017163829179480672,0.005241191014647484,0.0017163829179480672,0,0.013321200385689735,0.047999998554587364,0.0,0.047739253961481154,0,5.571218113578635e-10,8.673617379884035e-19,10,1,10,11,1,1,1,1,0,0,0.01799999945797026,0.012000000104308128,0.012000000104308128,0,0.026145045296289027,0.0022754183155484498,0.023869626980740577,0.023869626980740577,1.9891355644381308,2.178753755752275,0,0,-0.0012349563434673567,0.0020769229683881766,1.6615384505345263,0.03966030302841682,0.0020769229683881766,19.09570245602114,0,0,0,1,1,1,1,0.047999998554587364
5008,11,0,5,11,0ebd9a47833c0f99cd0decbbe33d929cc10ff5d68ac0e96fbb7d681715fdf1ec,77f3c52eeda1cb519264446fe54a3405a79407fe6e577ae6e846fa3bb7c32ea3,0.006629178766161203,0.0,-0.0006270657759159803,-0.0006270657759159803,0.0,0.006629178766161203,0.0,0,1,0.9076921939849854,0.20944694064039504,13,1.661538353333106,0.0018376657444884779,0.001476742834205458,0.006629178766161203,-0.0006270657759159803,0.006629178766161203,0.0006270657759159803,0.0019123154925182462,0.0028547693509608507,0.0019123154925182462,0,0.006629178766161203,0.0,0.0,0.006629178766161203,0,2.5733382959247653e-10,2.168404344971009e-19,0,0,9,11,13,13,0,1,1,1,0.0,0.0,0.0,1,0.014433868927881122,-0.01111927954480052,0.0033145893830806017,0.0033145893830806017,inf,inf,0,0,-0.0006270660332498099,2.168404344971009e-19,1.6615384505345263,0.005507317707721934,2.168404344971009e-19,inf,0,0,0,5,3,0,0,0.047999998554587364
5008,11,1,0,11,0ebd9a47833c0f99cd0decbbe33d929cc10ff5d68ac0e96fbb7d681715fdf1ec,77f3c52eeda1cb519264446fe54a3405a79407fe6e577ae6e846fa3bb7c32ea3,0.0051094479858875275,0.0,0.00029166476451791823,0.00029166476451791823,0.0,0.0051094479858875275,0.0,0,1,0.007692307233810425,0.20944694064039504,13,1.661538353333106,0.001397571817426256,0.001133478031708644,0.0051094479858875275,0.00029166476451791823,0.0051094479858875275,0.00029166476451791823,0.0034925027284771204,0.004827512428164482,0.0034925027284771204,0,0.0051094479858875275,0.0,0.0,0.0051094479858875275,0,1.9945911346186396e-09,0.0,0,0,10,11,13,13,0,1,1,1,0.0,0.0,0.0,1,0.0031542181968688965,0.0005994942039251328,0.0025547239929437637,0.0025547239929437637,inf,inf,0,0,0.00029166675910905285,0.0,1.6615384505345263,0.004244772144779159,0.0,inf,0,0,0,4,5,0,0,0.04799999948590994
5008,11,1,2,11,0ebd9a47833c0f99cd0decbbe33d929cc10ff5d68ac0e96fbb7d681715fdf1ec,77f3c52eeda1cb519264446fe54a3405a79407fe6e577ae6e846fa3bb7c32ea3,0.019046686589717865,0.030000001192092896,-0.0014489690074697137,-0.0014489690074697137,0.0,0.019046686589717865,0.030000001192092896,1,3,0.9076921939849854,0.20944694064039504,13,1.6615383533331063,0.002772549746746464,0.0021696683658650644,0.01095331460237503,-0.0014489690074697137,0.01095331460237503,0.0014489690074697137,0.0017278875457122922,0.004980412311851978,0.0017278875457122922,0,0.019046686589717865,0.030000001192092896,0.0,0.01095331460237503,0,4.136580290109437e-09,0.0,10,11,10,11,1,1,1,1,1,1,0.015000000596046448,0.015000000596046448,0.015000000596046448,0,0.00732717290520668,-0.001850515604019165,0.005476657301187515,0.005476657301187515,0.3651104722376477,0.4884781742700666,1,0,-0.0014489731440500038,0.0,1.661538450534526,0.009099676686323704,0.0,inf,0,0,0,2,2,0,0,0.017999998293817043
5008,11,1,3,11,0ebd9a47833c0f99cd0decbbe33d929cc10ff5d68ac0e96fbb7d681715fdf1ec,77f3c52eeda1cb519264446fe54a3405a79407fe6e577ae6e846fa3bb7c32ea3,0.018880685791373253,0.017999999225139618,-0.009131712839007378,-0.009131712839007378,-0.008099999606050554,0.018880685791373253,0.017999999225139618,1,3,0.9076923131942749,0.2094469155167731,13,1.661538461366525,0.001593898925007032,0.00127825345954246,0.000880686566233635,-0.001031713232956824,0.000880686566233635,0.001031713232956824,0.0032550476025789976,0.0048156860284507275,0.0032550476025789976,0,0.018880685791373253,0.017999999225139618,0.0,0.0059237293899059296,0,1.9280006063882027e-09,5.204170427930421e-18,10,11,10,11,1,1,1,1,1,1,0.008999999612569809,0.008999999612569809,0.008999999612569809,0,0.0039496757090091705,-0.0009878110140562057,0.0029618646949529648,0.0029618646949529648,0.3290960913838585,0.4388528754482249,1,0,-0.009131710911006771,-0.008099999606050548,1.6615384522538923,0.004921252081037596,0.008099999606050548,0.6075620148625085,1,1,0,3,3,0,0,0.03000000026077032
5008,11,1,4,11,0ebd9a47833c0f99cd0decbbe33d929cc10ff5d68ac0e96fbb7d681715fdf1ec,77f3c52eeda1cb519264446fe54a3405a79407fe6e577ae6e846fa3bb7c32ea3,0.007338598370552063,0.0,0.0002304408699274063,0.0002304408699274063,-6.938893903907228e-18,0.007338598370552063,0.0,0,1,0.9076921939849854,0.20944694064039504,13,1.661538353333106,0.0017540564160040556,0.0013221052183202036,0.007338598370552063,0.00023044086992741325,0.007338598370552063,0.00023044086992741325,0.0019450002582743764,0.004927940666675568,0.0019450002582743764,0,0.007338598370552063,0.0,0.0,0.007338598370552063,0,4.210917468883135e-09,6.938893903907228e-18,0,0,10,11,13,13,0,1,1,1,0.0,0.0,0.0,1,0.005444902926683426,0.0017756037414073944,0.0036692991852760315,0.0036692991852760315,inf,inf,0,0,0.0002304450808448752,0.0,1.6615384505345263,0.006096681682851137,0.0,inf,0,0,0,5,4,0,0,0.04799999948590994
5008,11,1,5,11,0ebd9a47833c0f99cd0decbbe33d929cc10ff5d68ac0e96fbb7d681715fdf1ec,77f3c52eeda1cb519264446fe54a3405a79407fe6e577ae6e846fa3bb7c32ea3,0.02363310381770134,0.04799999948590994,-0.0037727095186710358,-0.0037727095186710358,-0.006230769243664454,0.02363310381770134,0.04799999948590994,1,4,0.9076921939849854,0.20944694064039504,13,1.661538353333106,0.009989959950054693,0.008344092918835446,0.0243668956682086,0.002458059724993418,0.0243668956682086,0.002458059724993418,0.0017179327551275492,0.005740114487707615,0.0017179327551275492,0,0.02363310381770134,0.04799999948590994,0.0,0.02909844648092985,0,2.7403259557357007e-09,6.938893903907228e-18,1,11,10,11,3,1,0,0,1,0,0.0,0.017999999225139618,0.0,1,0.018438725732266903,-0.003889502491801977,0.014549223240464926,0.014549223240464926,inf,inf,0,0,-0.0037727122589969915,-0.006230769243664461,1.6615384505345263,0.024174093839443012,0.006230769243664461,3.8797928303994875,1,0,0,1,1,1,1,0.017999998293817043
5008,11,2,0,11,0ebd9a47833c0f99cd0decbbe33d929cc10ff5d68ac0e96fbb7d681715fdf1ec,77f3c52eeda1cb519264446fe54a3405a79407fe6e577ae6e846fa3bb7c32ea3,0.00711684487760067,0.0,0.0003299331001471728,0.0003299331001471728,0.0,0.00711684487760067,0.0,0,1,0.007692307233810425,0.20944694064039504,13,1.661538353333106,0.0016891028070506505,0.0013019028312620325,0.00711684487760067,0.0003299331001471728,0.00711684487760067,0.0003299331001471728,0.002012292854487896,0.0012419167906045914,0.002012292854487896,0,0.0071168451104313135,0.0,2.3283064365386963e-10,0.0071168451104313135,0,3.576640242655693e-11,3.469446951953614e-18,0,0,10,9,13,13,0,1,1,1,0.0,0.0,0.0,1,0.037238092394545674,-0.03367966983933002,0.0035584225552156568,0.0035584225552156568,inf,inf,0,0,0.0003299330643807704,3.469446951953614e-18,1.6615384505345263,0.005912455898740132,3.469446951953614e-18,inf,0,0,0,4,5,0,0,0.035999998450279236
5008,11,2,1,11,0ebd9a47833c0f99cd0decbbe33d929cc10ff5d68ac0e96fbb7d681715fdf1ec,77f3c52eeda1cb519264446fe54a3405a79407fe6e577ae6e846fa3bb7c32ea3,0.016772732138633728,0.030000001192092896,-0.0007311042863875628,-0.0007311042863875628,6.938893903907228e-18,0.016772732138633728,0.030000001192092896,1,3,0.9076921939849854,0.20944694064039504,13,1.661538353333106,0.0027265090307306062,0.0016454522272009821,0.013227269053459167,-0.0007311042863875697,0.013227269053459167,0.0007311042863875697,0.0015807694289833307,0.00686724903061986,0.0015807694289833307,0,0.016772733069956303,0.030000001192092896,9.313225746154785e-10,0.013227268122136593,0,7.821380565778413e-10,6.938893903907228e-18,10,11,10,11,1,1,1,1,1,1,0.015000000596046448,0.015000000596046448,0.015000000596046448,0,0.0397794172167778,-0.033165783155709505,0.006613634061068296,0.006613634061068296,0.4409089198844067,2.651961042405723,1,0,-0.0007311035042495062,0.0,1.6615384505345263,0.010988807290229784,0.0,inf,0,0,0,2,2,0,0,0.00599999725818634
5008,11,2,3,11,0ebd9a47833c0f99cd0decbbe33d929cc10ff5d68ac0e96fbb7d681715fdf1ec,77f3c52eeda1cb519264446fe54a3405a79407fe6e577ae6e846fa3bb7c32ea3,0.015568492002785206,0.017999999225139618,-0.006109548266977072,-0.006109548266977072,-0.008099999606050554,0.015568492002785206,0.017999999225139618,1,3,0.9076923131942749,0.2094469155167731,13,1.661538461366525,0.0013139622619250811,0.0010091005852060205,0.002431507222354412,0.001990451339073482,0.002431507222354412,0.001990451339073482,0.0037563922815024853,0.006209307350218296,0.0037563922815024853,0,0.015568492002785206,0.017999999225139618,0.0,0.0046890657395124435,0,1.3236633152405308e-09,6.938893903907228e-18,10,11,10,11,1,1,1,1,1,1,0.008999999612569809,0.008999999612569809,0.008999999612569809,0,0.036134441383183,-0.03378990851342678,0.0023445328697562218,0.0023445328697562218,0.2605036634092451,4.014938104299026,1,0,-0.0061095469433137565,-0.00809999960605056,1.6615384522538923,0.003895531515673129,0.00809999960605056,0.48092984014014445,1,1,0,3,3,0,0,0.017999999225139618
5008,11,2,4,11,0ebd9a47833c0f99cd0decbbe33d929cc10ff5d68ac0e96fbb7d681715fdf1ec,77f3c52eeda1cb519264446fe54a3405a79407fe6e577ae6e846fa3bb7c32ea3,0.007851063273847103,0.0,0.0014891502214595675,0.0014891502214595675,0.0,0.007851063273847103,0.0,0,1,0.9076921939849854,0.20944694064039504,13,1.661538353333106,0.0019077291469186566,0.0013344261916519624,0.007851063273847103,0.0014891502214595675,0.007851063273847103,0.0014891502214595675,0.0019912433344870806,0.0019722722936421633,0.0019912433344870806,0,0.007851063273847103,0.0,0.0,0.007851063273847103,0,1.244631181972211e-10,0.0,0,0,10,9,13,13,0,1,1,1,0.0,0.0,0.0,1,0.03711519576609135,-0.033189664129167795,0.0039255316369235516,0.0039255316369235516,inf,inf,0,0,0.0014891503459226857,0.0,1.6615384505345263,0.006522421753538221,0.0,inf,0,0,0,5,4,0,0,0.035999998450279236
5008,11,2,5,11,0ebd9a47833c0f99cd0decbbe33d929cc10ff5d68ac0e96fbb7d681715fdf1ec,77f3c52eeda1cb519264446fe54a3405a79407fe6e577ae6e846fa3bb7c32ea3,0.01737368106842041,0.035999998450279236,-0.0007196462247520685,-0.0007196462247520685,0.0,0.01737368106842041,0.035999998450279236,1,3,0.9076921939849854,0.20944694064039504,13,1.661538353333106,0.003735538642890288,0.0020335710038480587,0.018626317381858826,-0.0007196462247520685,0.018626317381858826,0.0007196462247520685,0.001615240122191608,0.006967315450310707,0.001615240122191608,0,0.017373681243043393,0.035999998450279236,1.7462298274040222e-10,0.018626317207235843,0,8.491349940895065e-11,0.0,10,11,10,11,1,1,1,1,1,1,0.017999999225139618,0.017999999225139618,0.017999999225139618,0,0.0421236976981163,-0.03281053909449838,0.009313158603617921,0.009313158603617921,0.5173977224738288,2.3402055284138252,0,0,-0.0007196461398385691,0.0,1.6615384505345263,0.015474171115837614,0.0,inf,0,0,0,1,1,1,1,0.00599999725818634
5008,12,0,1,12,faad2c67bb6bacea79274890f413da9f873df5c8ab022f63a76d7da18d3db55d,77f3c52eeda1cb519264446fe54a3405a79407fe6e577ae6e846fa3bb7c32ea3,0.027442442253232002,0.0,-0.0007868708926253021,-0.0007868708926253021,0.0,0.027442442253232002,0.0,0,1,0.9076921939849854,0.20944694064039504,13,1.661538353333106,0.006900773627260639,0.005355890735587072,0.027442442253232002,-0.0007868708926253021,0.027442442253232002,0.0007868708926253021,0.00459598284214735,0.010944164358079433,0.00459598284214735,0,0.02744244271889329,0.0,4.656612873077393e-10,0.02744244271889329,0,1.0398401410760538e-09,6.938893903907228e-18,0,0,12,4,13,13,0,1,1,1,0.0,0.0,0.0,1,0.13433871418237686,0.12061749282293022,0.013721221359446645,0.013721221359446645,inf,inf,0,0,-0.0007868719324654432,6.938893903907228e-18,1.6615384505345263,0.022798336877016226,6.938893903907228e-18,inf,0,0,0,2,3,0,0,0.04800000041723251
5008,12,0,2,12,faad2c67bb6bacea79274890f413da9f873df5c8ab022f63a76d7da18d3db55d,77f3c52eeda1cb519264446fe54a3405a79407fe6e577ae6e846fa3bb7c32ea3,0.031538937240839005,0.0,0.003791622119024396,0.003791622119024396,0.0,0.031538937240839005,0.0,0,1,0.9076921939849854,0.20944694064039504,13,1.6615383533331063,0.008341443103169574,0.0064660742212108956,0.031538937240839005,0.003791622119024396,0.031538937240839005,0.003791622119024396,0.006405227351933718,0.01952972263097763,0.006405227351933718,0,0.03153893817216158,0.0,9.313225746154785e-10,0.03153893817216158,0,1.444184753122274e-09,6.938893903907228e-18,0,0,12,7,13,13,0,1,1,1,0.0,0.0,0.0,1,0.13654891215264797,0.12077944306656718,0.01576946908608079,0.01576946908608079,inf,inf,0,0,0.003791623563209149,6.938893903907228e-18,1.661538450534526,0.026201579231038784,6.938893903907228e-18,inf,0,0,0,3,1,0,1,0.04800000041723251
5008,12,0,3,12,faad2c67bb6bacea79274890f413da9f873df5c8ab022f63a76d7da18d3db55d,77f3c52eeda1cb519264446fe54a3405a79407fe6e577ae6e846fa3bb7c32ea3,0.026982594281435013,0.0,-0.0008243995835073292,-0.0008243995835073292,0.0,0.026982594281435013,0.0,0,1,0.9076923131942749,0.2094469155167731,13,1.661538461366525,0.007501965619553498,0.0057377283235449765,0.026982594281435013,-0.0008243995835073292,0.026982594281435013,0.0008243995835073292,0.007174285128712654,0.01725398562848568,0.007174285128712654,0,0.026982594281435013,0.0,0.0,0.026982594281435013,0,5.320576453374248e-10,2.0816681711721685e-17,0,0,12,7,13,13,0,1,1,1,0.0,0.0,0.0,1,0.13014653325080872,0.11665523611009121,0.013491297140717506,0.013491297140717506,inf,inf,0,0,-0.0008243990514496839,2.0816681711721685e-17,1.6615384522538923,0.02241630897008513,2.0816681711721685e-17,inf,0,0,0,4,4,0,0,0.04800000041723251
5008,12,0,4,12,faad2c67bb6bacea79274890f413da9f873df5c8ab022f63a76d7da18d3db55d,77f3c52eeda1cb519264446fe54a3405a79407fe6e577ae6e846fa3bb7c32ea3,0.020382732152938843,0.04800000041723251,0.0002252541744383052,0.0002252541744383052,-0.008307692582790654,0.020382732152938843,0.04800000041723251,1,4,0.9076921939849854,0.20944694064039504,13,1.661538353333106,0.015246605939623091,0.013658016468205397,0.02761726826429367,0.00853294675722896,0.02761726826429367,0.00853294675722896,0.009413625113666058,0.014594835229218006,0.009413625113666058,0,0.020382731221616268,0.04800000041723251,9.313225746154785e-10,0.04661622364073992,0,1.3478065469252343e-09,0.0,1,11,3,11,4,1,0,1,1,1,0.0,0.017999999225139618,0.0,1,0.13686678372323513,0.11355867190286517,0.02330811182036996,0.02330811182036996,inf,inf,0,0,0.00022525552224485212,-0.008307692582790654,1.6615384505345263,0.03872732399890298,0.008307692582790654,4.661622178837773,0,0,0,1,5,1,0,0.04800000041723251
5008,12,0,5,12,faad2c67bb6bacea79274890f413da9f873df5c8ab022f63a76d7da18d3db55d,77f3c52eeda1cb519264446fe54a3405a79407fe6e577ae6e846fa3bb7c32ea3,0.02854696661233902,0.0,-0.002651040442287922,-0.002651040442287922,0.0,0.02854696661233902,0.0,0,1,0.9076921939849854,0.20944694064039504,13,1.661538353333106,0.007241541375199229,0.005603226933617298,0.02854696661233902,-0.002651040442287922,0.02854696661233902,0.002651040442287922,0.005250237882137299,0.010717450641095638,0.005250237882137299,0,0.02854696719441563,0.0,5.820766091346741e-10,0.02854696719441563,0,1.724790770277207e-10,6.938893903907228e-18,0,0,12,4,13,13,0,1,1,1,0.0,0.0,0.0,1,0.1350470557808876,0.12077357218367979,0.014273483597207814,0.014273483597207814,inf,inf,0,0,-0.002651040269808845,6.938893903907228e-18,1.6615384505345263,0.02371594181983465,6.938893903907228e-18,inf,0,0,0,5,2,0,0,0.04800000041723251
5008,12,1,0,12,faad2c67bb6bacea79274890f413da9f873df5c8ab022f63a76d7da18d3db55d,77f3c52eeda1cb519264446fe54a3405a79407fe6e577ae6e846fa3bb7c32ea3,0.004540812224149704,0.0,7.88147281127749e-06,7.88147281127749e-06,0.0,0.004540812224149704,0.0,0,1,0.9076921939849854,0.20944694064039504,13,1.661538353333106,0.001314395699029698,0.001051213790679119,0.004540812224149704,7.88147281127749e-06,0.004540812224149704,7.88147281127749e-06,0.003418747102841735,0.003938788548111916,0.003418747102841735,0,0.004540812224149704,0.0,0.0,0.004540812224149704,0,1.4522633685898345e-09,0.0,0,0,4,11,13,13,0,1,1,1,0.0,0.0,0.0,1,0.004574023187160492,0.00230361707508564,0.002270406112074852,0.002270406112074852,inf,inf,0,0,7.8800205479089e-06,0.0,1.6615384505345263,0.0037723670535409677,0.0,inf,0,0,0,4,5,0,0,0.04799999948590994
5008,12,1,2,12,faad2c67bb6bacea79274890f413da9f873df5c8ab022f63a76d7da18d3db55d,77f3c52eeda1cb519264446fe54a3405a79407fe6e577ae6e846fa3bb7c32ea3,0.018851444125175476,0.030000001192092896,-0.001571542932651937,-0.001571542932651937,0.0,0.018851444125175476,0.030000001192092896,1,3,0.9076921939849854,0.20944694064039504,13,1.6615383533331063,0.0028891412913353716,0.002194093705634393,0.01114855706691742,-0.001571542932651937,0.01114855706691742,0.001571542932651937,0.0016230967594310641,0.004430282395333052,0.0016230967594310641,0,0.018851444125175476,0.030000001192092896,0.0,0.01114855706691742,0,5.876504838298047e-11,0.0,10,11,10,11,1,1,1,1,1,1,0.015000000596046448,0.015000000596046448,0.015000000596046448,0,0.005723211914300919,0.00014893338084220886,0.00557427853345871,0.00557427853345871,0.3716185541304527,0.38154744579206124,1,0,-0.0015715428738868886,0.0,1.661538450534526,0.009261878117330855,0.0,inf,0,0,0,2,3,0,0,0.017999998293817043
5008,12,1,3,12,faad2c67bb6bacea79274890f413da9f873df5c8ab022f63a76d7da18d3db55d,77f3c52eeda1cb519264446fe54a3405a79407fe6e577ae6e846fa3bb7c32ea3,0.01893332414329052,0.017999999225139618,-0.009364871308207512,-0.009364871308207512,-0.008099999606050554,0.01893332414329052,0.017999999225139618,1,3,0.9076923131942749,0.2094469155167731,13,1.661538461366525,0.001791727976215294,0.0014058668717477443,0.0009333249181509018,-0.0012648717021569583,0.0009333249181509018,0.0012648717021569583,0.002980814315378666,0.004309240262955427,0.002980814315378666,0,0.01893332414329052,0.017999999225139618,0.0,0.006751570850610733,0,1.6259029365917055e-10,5.204170427930421e-18,10,11,10,11,1,1,1,1,1,1,0.008999999612569809,0.008999999612569809,0.008999999612569809,0,0.004694569855928421,0.0013187844306230545,0.0033757854253053665,0.0033757854253053665,0.3750872856250561,0.521618895335481,1,0,-0.009364871470797806,-0.008099999606050548,1.6615384522538923,0.005608997290703127,0.008099999606050548,0.6924688350001043,1,1,0,3,2,0,0,0.03000000026077032
5008,12,1,4,12,faad2c67bb6bacea79274890f413da9f873df5c8ab022f63a76d7da18d3db55d,77f3c52eeda1cb519264446fe54a3405a79407fe6e577ae6e846fa3bb7c32ea3,0.007114686071872711,0.0,0.00013579677033703774,0.00013579677033703774,0.0,0.007114686071872711,0.0,0,1,0.9076921939849854,0.20944694064039504,13,1.661538353333106,0.001637603981880499,0.0011829929150773224,0.007114686071872711,0.00013579677033703774,0.007114686071872711,0.00013579677033703774,0.0032953163608908653,0.0035563090350478888,0.0032953163608908653,0,0.007114686071872711,0.0,0.0,0.007114686071872711,0,3.973830708936532e-10,0.0,0,0,10,11,13,13,0,1,1,1,0.0,0.0,0.0,1,0.005606796592473984,0.002049453556537628,0.0035573430359363556,0.0035573430359363556,inf,inf,0,0,0.00013579637295396685,0.0,1.6615384505345263,0.00591066223594948,0.0,inf,0,0,0,5,4,0,0,0.04799999948590994
5008,12,1,5,12,faad2c67bb6bacea79274890f413da9f873df5c8ab022f63a76d7da18d3db55d,77f3c52eeda1cb519264446fe54a3405a79407fe6e577ae6e846fa3bb7c32ea3,0.021785089746117592,0.04799999948590994,-0.003520037280395627,-0.003520037280395627,-0.006230769243664454,0.021785089746117592,0.04799999948590994,1,4,0.9076921939849854,0.20944694064039504,13,1.661538353333106,0.010040107597493228,0.008426700988729323,0.026214909739792347,0.0027107319632688268,0.026214909739792347,0.0027107319632688268,0.0016238330863416195,0.004696698393672705,0.0016238330863416195,0,0.021785089746117592,0.04799999948590994,0.0,0.030484615825116634,0,5.90739401840068e-11,6.938893903907228e-18,1,11,10,11,3,1,0,0,1,0,0.0,0.017999999225139618,0.0,1,0.017554777674376965,-0.0023124697618186474,0.015242307912558317,0.015242307912558317,inf,inf,0,0,-0.003520037339469567,-0.006230769243664461,1.6615384505345263,0.025325680671602298,0.006230769243664461,4.0646154080178505,1,0,0,1,1,1,1,0.017999998293817043
5008,12,2,0,12,faad2c67bb6bacea79274890f413da9f873df5c8ab022f63a76d7da18d3db55d,77f3c52eeda1cb519264446fe54a3405a79407fe6e577ae6e846fa3bb7c32ea3,0.006714347749948502,0.0,0.00035481833037920296,0.00035481833037920296,0.0,0.006714347749948502,0.0,0,1,0.9076921939849854,0.20944694064039504,13,1.661538353333106,0.0016460114420000394,0.0013049271001794637,0.006714347749948502,0.00035481833037920296,0.006714347749948502,0.00035481833037920296,0.0019112257286906242,0.001746328896842897,0.0019112257286906242,0,0.006714347749948502,0.0,0.0,0.006714347749948502,0,6.527101871142693e-10,3.469446951953614e-18,0,0,10,9,13,13,0,1,1,1,0.0,0.0,0.0,1,0.036879464983940125,-0.033522291108965874,0.003357173874974251,0.003357173874974251,inf,inf,0,0,0.0003548189830893901,3.469446951953614e-18,1.6615384505345263,0.005578073478399708,3.469446951953614e-18,inf,0,0,0,4,5,0,0,0.035999998450279236
5008,12,2,1,12,faad2c67bb6bacea79274890f413da9f873df5c8ab022f63a76d7da18d3db55d,77f3c52eeda1cb519264446fe54a3405a79407fe6e577ae6e846fa3bb7c32ea3,0.016953686252236366,0.030000001192092896,-0.0008499746327288449,-0.0008499746327288449,6.938893903907228e-18,0.016953686252236366,0.030000001192092896,1,3,0.9076921939849854,0.20944694064039504,13,1.661538353333106,0.002720452216843088,0.0016835385085546448,0.01304631493985653,-0.0008499746327288518,0.01304631493985653,0.0008499746327288518,0.001496494049206376,0.007199300453066826,0.001496494049206376,0,0.016953686863416806,0.030000001192092896,6.111804395914078e-10,0.01304631432867609,0,3.103238759710747e-10,6.938893903907228e-18,10,11,10,11,1,1,1,1,1,1,0.015000000596046448,0.015000000596046448,0.015000000596046448,0,0.03950788639485836,-0.032984729230520315,0.006523157164338045,0.006523157164338045,0.43487712700873854,2.633858988330404,1,0,-0.0008499743224049689,0.0,1.6615384505345263,0.01083847644742743,0.0,inf,0,0,0,2,2,0,0,0.00599999725818634
5008,12,2,3,12,faad2c67bb6bacea79274890f413da9f873df5c8ab022f63a76d7da18d3db55d,77f3c52eeda1cb519264446fe54a3405a79407fe6e577ae6e846fa3bb7c32ea3,0.016465548425912857,0.017999999225139618,-0.006527274381369352,-0.006527274381369352,-0.008099999606050554,0.016465548425912857,0.017999999225139618,1,3,0.9076923131942749,0.2094469155167731,13,1.661538461366525,0.0011626059203473003,0.0009018444186131631,0.0015344507992267609,0.0015727252246812012,0.0015344507992267609,0.0015727252246812012,0.0038825192023068666,0.006004002410918474,0.0038825192023068666,0,0.016465547494590282,0.017999999225139618,9.313225746154785e-10,0.003653254359960556,0,5.307913483743043e-10,6.938893903907228e-18,10,11,10,11,1,1,1,1,1,1,0.008999999612569809,0.008999999612569809,0.008999999612569809,0,0.03593333903700113,-0.034106711857020855,0.001826627179980278,0.001826627179980278,0.20295858429028457,3.9925933982058175,1,0,-0.006527273850578004,-0.00809999960605056,1.6615384522538923,0.0030350112974693233,0.00809999960605056,0.3746927709974482,1,1,0,3,3,0,0,0.017999999225139618
5008,12,2,4,12,faad2c67bb6bacea79274890f413da9f873df5c8ab022f63a76d7da18d3db55d,77f3c52eeda1cb519264446fe54a3405a79407fe6e577ae6e846fa3bb7c32ea3,0.007900899276137352,0.0,0.0002654515265021473,0.0002654515265021473,0.0,0.007900899276137352,0.0,0,1,0.9076921939849854,0.20944694064039504,13,1.661538353333106,0.0019690945521085306,0.0014032002362097508,0.007900899276137352,0.0002654515265021473,0.007900899276137352,0.0002654515265021473,0.002297161379829049,0.0027383656706660986,0.002297161379829049,0,0.007900899276137352,0.0,0.0,0.007900899276137352,0,9.273257960129566e-10,3.469446951953614e-18,0,0,10,9,13,13,0,1,1,1,0.0,0.0,0.0,1,0.036955131217837334,-0.03300468157976866,0.003950449638068676,0.003950449638068676,inf,inf,0,0,0.00026545245382794333,3.469446951953614e-18,1.6615384505345263,0.0065638239705513085,3.469446951953614e-18,inf,0,0,0,5,4,0,0,0.035999998450279236
5008,12,2,5,12,faad2c67bb6bacea79274890f413da9f873df5c8ab022f63a76d7da18d3db55d,77f3c52eeda1cb519264446fe54a3405a79407fe6e577ae6e846fa3bb7c32ea3,0.017553454264998436,0.035999998450279236,-0.0008588514756411314,-0.0008588514756411314,0.0,0.017553454264998436,0.035999998450279236,1,3,0.9076921939849854,0.20944694064039504,13,1.661538353333106,0.003728053646743304,0.0020933651961882174,0.0184465441852808,-0.0008588514756411314,0.0184465441852808,0.0008588514756411314,0.0015421102289110422,0.007461980916559696,0.0015421102289110422,0,0.0175534539448563,0.035999998450279236,3.2014213502407074e-10,0.018446544505422935,0,9.907824239860363e-10,0.0,10,11,10,11,1,1,1,1,1,1,0.017999999225139618,0.017999999225139618,0.017999999225139618,0,0.04169089533388615,-0.03246762308117468,0.009223272252711467,0.009223272252711467,0.5124040360973919,2.316160951588195,0,0,-0.0008588524664235554,0.0,1.6615384505345263,0.015324821487628301,0.0,inf,0,0,0,1,1,1,1,0.00599999725818634
5008,13,0,1,13,109903921a5a40a07b446c5efa069ab7b9d004b55bf6fac53ecba7af366e8df0,77f3c52eeda1cb519264446fe54a3405a79407fe6e577ae6e846fa3bb7c32ea3,0.008663207292556763,0.0,0.0002827302669174969,0.0002827302669174969,0.0,0.008663207292556763,0.0,0,1,0.9076921939849854,0.20944694064039504,13,1.661538353333106,0.002120548047096361,0.0015466498574737966,0.008663207292556763,0.0002827302669174969,0.008663207292556763,0.0002827302669174969,0.0014338145265355706,0.003336501307785511,0.0014338145265355706,0,0.008663206826895475,0.0,4.656612873077393e-10,0.008663206826895475,0,3.5006038866247646e-11,2.168404344971009e-19,0,0,10,11,13,13,0,1,1,1,0.0,0.0,0.0,1,0.011813525343313813,0.0074819219298660755,0.004331603413447738,0.004331603413447738,inf,inf,0,0,0.00028273023191145805,2.168404344971009e-19,1.6615384505345263,0.0071971256239100195,2.168404344971009e-19,inf,0,0,0,2,4,0,0,0.047999996691942215
5008,13,0,2,13,109903921a5a40a07b446c5efa069ab7b9d004b55bf6fac53ecba7af366e8df0,77f3c52eeda1cb519264446fe54a3405a79407fe6e577ae6e846fa3bb7c32ea3,0.009352194145321846,0.0,0.001417695078998804,0.001417695078998804,0.0,0.009352194145321846,0.0,0,1,0.007692307233810425,0.20944694064039504,13,1.6615383533331063,0.002197361100687975,0.001635186357655116,0.009352194145321846,0.001417695078998804,0.009352194145321846,0.001417695078998804,0.0018215785967186093,0.004154774826020002,0.0018215785967186093,0,0.00935219437815249,0.0,2.3283064365386963e-10,0.00935219437815249,0,3.0045482941887247e-10,1.0842021724855044e-19,0,0,10,11,13,13,0,1,1,1,0.0,0.0,0.0,1,0.010117971571162343,0.005441874382086098,0.004676097189076245,0.004676097189076245,inf,inf,0,0,0.0014176953794536335,-1.0842021724855044e-19,1.661538450534526,0.0077695152780865966,1.0842021724855044e-19,inf,0,0,0,3,2,0,0,0.047999996691942215
5008,13,0,3,13,109903921a5a40a07b446c5efa069ab7b9d004b55bf6fac53ecba7af366e8df0,77f3c52eeda1cb519264446fe54a3405a79407fe6e577ae6e846fa3bb7c32ea3,0.007188283838331699,0.0,-0.0020991440396755934,-0.0020991440396755934,0.0,0.007188283838331699,0.0,0,1,0.9076923131942749,0.2094469155167731,13,1.661538461366525,0.0020145284075076056,0.0016614036667629102,0.007188283838331699,-0.0020991440396755934,0.007188283838331699,0.0020991440396755934,0.0029052116442471743,0.0031091058626770973,0.0029052116442471743,0,0.007188283838331699,0.0,0.0,0.007188283838331699,0,1.0469307356805735e-09,4.336808689942018e-19,0,0,8,7,13,13,0,1,1,1,0.0,0.0,0.0,1,0.013891408452764153,0.010297266533598304,0.0035941419191658497,0.0035941419191658497,inf,inf,0,0,-0.0020991429927448577,-4.336808689942018e-19,1.6615384522538923,0.00597180500155166,4.336808689942018e-19,inf,0,0,0,4,5,0,0,0.047999996691942215
5008,13,0,4,13,109903921a5a40a07b446c5efa069ab7b9d004b55bf6fac53ecba7af366e8df0,77f3c52eeda1cb519264446fe54a3405a79407fe6e577ae6e846fa3bb7c32ea3,0.017643753439188004,0.047999996691942215,-0.0010153186740353703,-0.0010153186740353703,-0.008307691647886082,0.017643753439188004,0.047999996691942215,1,4,0.9076921939849854,0.20944694064039504,13,1.661538353333106,0.012123412277265039,0.01090115436336257,0.03035624325275421,0.007292372973850712,0.03035624325275421,0.007292372973850712,0.0025890616234391928,0.004559143912047148,0.0025890616234391928,0,0.017643754370510578,0.047999996691942215,9.313225746154785e-10,0.03555584140121937,0,3.094040249701502e-10,1.734723475976807e-18,1,11,10,11,4,1,0,0,1,0,0.0,0.017999998992308974,0.0,1,0.02006018627434969,-0.0022822655737400055,0.017777920700609684,0.017777920700609684,inf,inf,0,0,-0.0010153183646313454,-0.00830769164788608,1.6615384505345263,0.029538698814616696,0.00830769164788608,3.555584398962727,1,0,0,1,1,1,1,0.047999996691942215
5008,13,0,5,13,109903921a5a40a07b446c5efa069ab7b9d004b55bf6fac53ecba7af366e8df0,77f3c52eeda1cb519264446fe54a3405a79407fe6e577ae6e846fa3bb7c32ea3,0.00925444159656763,0.0,-0.00013260460400488228,-0.00013260460400488228,0.0,0.00925444159656763,0.0,0,1,0.007692307233810425,0.20944694064039504,13,1.661538353333106,0.002319120442787251,0.001758824265148689,0.00925444159656763,-0.00013260460400488228,0.00925444159656763,0.00013260460400488228,0.0016350497025996447,0.0035411224234849215,0.0016350497025996447,0,0.009254441363736987,0.0,2.3283064365386963e-10,0.009254441363736987,0,2.0837728677974843e-11,2.168404344971009e-19,0,0,10,11,13,13,0,1,1,1,0.0,0.0,0.0,1,0.009303954662755132,0.004676733980886638,0.0046272206818684936,0.0046272206818684936,inf,inf,0,0,-0.00013260462484261095,2.168404344971009e-19,1.6615384505345263,0.007688305082033091,2.168404344971009e-19,inf,0,0,0,5,3,0,0,0.047999996691942215
5008,13,1,0,13,109903921a5a40a07b446c5efa069ab7b9d004b55bf6fac53ecba7af366e8df0,77f3c52eeda1cb519264446fe54a3405a79407fe6e577ae6e846fa3bb7c32ea3,0.004376821219921112,0.0,0.0003503812476992607,0.0003503812476992607,3.469446951953614e-18,0.004376821219921112,0.0,0,1,0.9076921939849854,0.20944694064039504,13,1.661538353333106,0.0013552548161154315,0.0011785753159480688,0.004376821219921112,0.00035038124769925724,0.004376821219921112,0.00035038124769925724,0.0010690760100260377,0.002390971640124917,0.0010690760100260377,0,0.004376821219921112,0.0,0.0,0.004376821219921112,0,6.757383402833383e-10,3.469446951953614e-18,0,0,4,12,13,13,0,1,1,1,0.0,0.0,0.0,1,0.005165180191397667,0.002976769581437111,0.002188410609960556,0.002188410609960556,inf,inf,0,0,0.00035038057196092043,0.0,1.6615384505345263,0.00363612837400718,0.0,inf,0,0,0,4,5,0,0,0.04799999948590994
5008,13,1,2,13,109903921a5a40a07b446c5efa069ab7b9d004b55bf6fac53ecba7af366e8df0,77f3c52eeda1cb519264446fe54a3405a79407fe6e577ae6e846fa3bb7c32ea3,0.02030046470463276,0.030000001192092896,-0.001004567719064653,-0.001004567719064653,0.0,0.02030046470463276,0.030000001192092896,1,3,0.007692307233810425,0.20944694064039504,13,1.6615383533331063,0.002537519950641349,0.001942352011535295,0.009699536487460136,-0.001004567719064653,0.009699536487460136,0.001004567719064653,0.00124714698176831,0.004320627078413963,0.00124714698176831,0,0.02030046470463276,0.030000001192092896,0.0,0.009699536487460136,0,2.33777247733713e-09,1.734723475976807e-18,10,11,10,11,1,1,1,1,1,1,0.015000000596046448,0.015000000596046448,0.015000000596046448,0,0.005483223125338554,-0.0006334548816084862,0.004849768243730068,0.004849768243730068,0.32331787006784,0.36554819383032344,1,0,-0.0010045700568371303,-1.734723475976807e-18,1.661538450534526,0.008058076413138807,1.734723475976807e-18,inf,0,0,0,2,2,0,0,0.017999998293817043
5008,13,1,3,13,109903921a5a40a07b446c5efa069ab7b9d004b55bf6fac53ecba7af366e8df0,77f3c52eeda1cb519264446fe54a3405a79407fe6e577ae6e846fa3bb7c32ea3,0.019154943525791168,0.017999999225139618,-0.009372127242386341,-0.009372127242386341,-0.008099999606050554,0.019154943525791168,0.017999999225139618,1,3,0.9076923131942749,0.2094469155167731,13,1.661538461366525,0.0013756044787445825,0.0011610510764566398,0.0011549443006515503,-0.0012721276363357875,0.0011549443006515503,0.0012721276363357875,0.0032378179021179676,0.007382608484476805,0.0032378179021179676,0,0.019154943525791168,0.017999999225139618,0.0,0.004162268713116646,0,1.602517722687491e-09,5.204170427930421e-18,10,11,10,11,1,1,1,1,1,1,0.008999999612569809,0.008999999612569809,0.008999999612569809,0,0.0042228661477565765,0.0021417317911982536,0.002081134356558323,0.002081134356558323,0.23123716068295336,0.4692073699490753,1,0,-0.009372128844904064,-0.008099999606050548,1.6615384522538923,0.003457884757728316,0.008099999606050548,0.42689937356852964,1,1,0,3,3,0,0,0.03000000026077032
5008,13,1,4,13,109903921a5a40a07b446c5efa069ab7b9d004b55bf6fac53ecba7af366e8df0,77f3c52eeda1cb519264446fe54a3405a79407fe6e577ae6e846fa3bb7c32ea3,0.0069292038679122925,0.0,0.0005362977390177548,0.0005362977390177548,3.469446951953614e-18,0.0069292038679122925,0.0,0,1,0.9076921939849854,0.20944694064039504,13,1.661538353333106,0.0017761971990743754,0.0014288101190998706,0.0069292038679122925,0.0005362977390177513,0.0069292038679122925,0.0005362977390177513,0.0014365898678079247,0.0022187011782079935,0.0014365898678079247,0,0.0069292038679122925,0.0,0.0,0.0069292038679122925,0,2.7853151902956785e-10,3.469446951953614e-18,0,0,10,11,13,13,0,1,1,1,0.0,0.0,0.0,1,0.006264375522732735,0.0027997735887765884,0.0034646019339561462,0.0034646019339561462,inf,inf,0,0,0.0005362980175492738,0.0,1.6615384505345263,0.0057565693290644185,0.0,inf,0,0,0,5,4,0,0,0.04799999948590994
5008,13,1,5,13,109903921a5a40a07b446c5efa069ab7b9d004b55bf6fac53ecba7af366e8df0,77f3c52eeda1cb519264446fe54a3405a79407fe6e577ae6e846fa3bb7c32ea3,0.02270270697772503,0.04799999948590994,-0.003405566094443202,-0.003405566094443202,-0.006230769243664454,0.02270270697772503,0.04799999948590994,1,4,0.007692307233810425,0.20944694064039504,13,1.661538353333106,0.010485346987149239,0.008856678072958302,0.02529729250818491,0.0028252031492212518,0.02529729250818491,0.0028252031492212518,0.0016777856508269906,0.00536054652184248,0.0016777856508269906,0,0.02270270697772503,0.04799999948590994,0.0,0.03045377042144537,0,1.0998018468155735e-10,6.938893903907228e-18,1,11,10,11,3,1,0,0,1,0,0.0,0.017999999225139618,0.0,1,0.019897746853530407,-0.004670861642807722,0.015226885210722685,0.015226885210722685,inf,inf,0,0,-0.0034055662044233867,-0.006230769243664461,1.6615384505345263,0.025300055259491264,0.006230769243664461,4.060502687564098,1,0,0,1,1,1,1,0.017999998293817043
5008,13,2,0,13,109903921a5a40a07b446c5efa069ab7b9d004b55bf6fac53ecba7af366e8df0,77f3c52eeda1cb519264446fe54a3405a79407fe6e577ae6e846fa3bb7c32ea3,0.006342743989080191,0.0,0.0006141735939309001,0.0006141735939309001,0.0,0.006342743989080191,0.0,0,1,0.9076921939849854,0.20944694064039504,13,1.661538353333106,0.0014151859981987207,0.000990881998582396,0.006342743989080191,0.0006141735939309001,0.006342743989080191,0.0006141735939309001,0.002429445507004857,0.0019048007670789957,0.002429445507004857,0,0.006342744163703173,0.0,1.7462298274040222e-10,0.006342744163703173,0,4.065958709043721e-10,1.3010426069826053e-18,0,0,10,3,13,13,0,1,1,1,0.0,0.0,0.0,1,0.016068244352936745,-0.012896872271085158,0.0031713720818515867,0.0031713720818515867,inf,inf,0,0,0.0006141731873350292,-1.3010426069826053e-18,1.6615384505345263,0.00526935665494814,1.3010426069826053e-18,inf,0,0,0,4,5,0,0,0.035999998450279236
5008,13,2,1,13,109903921a5a40a07b446c5efa069ab7b9d004b55bf6fac53ecba7af366e8df0,77f3c52eeda1cb519264446fe54a3405a79407fe6e577ae6e846fa3bb7c32ea3,0.017915863543748856,0.030000001192092896,-0.0004146188439335674,-0.0004146188439335674,-1.734723475976807e-18,0.017915863543748856,0.030000001192092896,1,3,0.9076921939849854,0.20944694064039504,13,1.661538353333106,0.0026343847791747113,0.0017216890890525995,0.01208413764834404,-0.00041461884393356567,0.01208413764834404,0.00041461884393356567,0.002009587362408638,0.005023001227527857,0.002009587362408638,0,0.017915864009410143,0.030000001192092896,4.656612873077393e-10,0.012084137182682753,0,4.8658585841132584e-12,8.673617379884035e-19,10,11,10,11,1,1,1,1,1,1,0.015000000596046448,0.015000000596046448,0.015000000596046448,0,0.0190691533498466,-0.013027084758505225,0.006042068591341376,0.006042068591341376,0.40280455675007676,1.2712768394737706,1,0,-0.000414618848799426,-8.673617379884035e-19,1.6615384505345263,0.010039129285280678,8.673617379884035e-19,inf,0,0,0,2,2,0,0,0.00599999725818634
5008,13,2,3,13,109903921a5a40a07b446c5efa069ab7b9d004b55bf6fac53ecba7af366e8df0,77f3c52eeda1cb519264446fe54a3405a79407fe6e577ae6e846fa3bb7c32ea3,0.016299862414598465,0.017999999225139618,-0.006278430577367544,-0.006278430577367544,-0.008099999606050554,0.016299862414598465,0.017999999225139618,1,3,0.9076923131942749,0.2094469155167731,13,1.661538461366525,0.0010884784283942428,0.0008837514797050972,0.001700136810541153,0.0018215690286830094,0.001700136810541153,0.0018215690286830094,0.004133227281272411,0.006414595525711775,0.004133227281272411,0,0.016299862414598465,0.017999999225139618,0.0,0.00420557614415884,0,4.059754017335382e-10,3.469446951953614e-18,10,11,10,11,1,1,1,1,1,1,0.008999999612569809,0.008999999612569809,0.008999999612569809,0,0.01972040068358183,-0.01761761261150241,0.00210278807207942,0.00210278807207942,0.23364312917775804,2.1911557258335232,1,0,-0.0062784301713921424,-0.008099999606050557,1.6615384522538923,0.003493863238700786,0.008099999606050557,0.4313411615589378,1,1,0,3,3,0,0,0.017999999225139618
5008,13,2,4,13,109903921a5a40a07b446c5efa069ab7b9d004b55bf6fac53ecba7af366e8df0,77f3c52eeda1cb519264446fe54a3405a79407fe6e577ae6e846fa3bb7c32ea3,0.007087385281920433,0.0,0.000494914420414716,0.000494914420414716,0.0,0.007087385281920433,0.0,0,1,0.9076921939849854,0.20944694064039504,13,1.661538353333106,0.0015042910385162501,0.0008693104692508835,0.007087385281920433,0.000494914420414716,0.007087385281920433,0.000494914420414716,0.0022991879377514124,0.0017533499049022794,0.0022991879377514124,0,0.007087385252816603,0.0,2.9103830456733704e-11,0.007087385252816603,0,1.7694218312769294e-10,1.3010426069826053e-18,0,0,10,3,13,13,0,1,1,1,0.0,0.0,0.0,1,0.016336210072040558,-0.012792517445632257,0.0035436926264083013,0.0035436926264083013,inf,inf,0,0,0.0004949145973568991,-1.3010426069826053e-18,1.6615384505345263,0.005887981555653075,1.3010426069826053e-18,inf,0,0,0,5,4,0,0,0.035999998450279236
5008,13,2,5,13,109903921a5a40a07b446c5efa069ab7b9d004b55bf6fac53ecba7af366e8df0,77f3c52eeda1cb519264446fe54a3405a79407fe6e577ae6e846fa3bb7c32ea3,0.019964834675192833,0.035999998450279236,-0.00015911762602627277,-0.00015911762602627277,0.0,0.019964834675192833,0.035999998450279236,1,3,0.007692307233810425,0.20944694064039504,13,1.661538353333106,0.0033416468247214524,0.0020148797475969824,0.016035163775086403,-0.00015911762602627277,0.016035163775086403,0.00015911762602627277,0.0026167528703808784,0.006643255706876516,0.0026167528703808784,0,0.019964834093116224,0.035999998450279236,5.820766091346741e-10,0.016035164357163012,0,5.177587178439857e-10,1.734723475976807e-18,10,11,10,11,1,1,1,1,1,1,0.017999999225139618,0.017999999225139618,0.017999999225139618,0,0.010215221554972231,-0.0021976393763907254,0.008017582178581506,0.008017582178581506,0.4454212513178215,0.5675123330397253,1,0,-0.00015911710826755493,1.734723475976807e-18,1.6615384505345263,0.013321521070033548,1.734723475976807e-18,inf,0,0,0,1,1,1,1,0.00599999725818634
5008,14,0,1,14,6352c2eedc1ae94e2e08948f3b5ff6a950de29166928706d587f7279675831fb,77f3c52eeda1cb519264446fe54a3405a79407fe6e577ae6e846fa3bb7c32ea3,0.023315295577049255,0.0,-0.002671989379450679,-0.002671989379450679,0.0,0.023315295577049255,0.0,0,1,0.9076921939849854,0.20944694064039504,13,1.661538353333106,0.005776597674605846,0.004332728800708262,0.023315295577049255,-0.002671989379450679,0.023315295577049255,0.002671989379450679,0.006231680046766996,0.006648708134889603,0.006231680046766996,0,0.02331529650837183,0.0,9.313225746154785e-10,0.02331529650837183,0,7.983307370208748e-10,6.938893903907228e-18,0,0,12,11,13,13,0,1,1,1,0.0,0.0,0.0,1,0.12092836946249008,0.10927072120830417,0.011657648254185915,0.011657648254185915,inf,inf,0,0,-0.002671990177781416,6.938893903907228e-18,1.6615384505345263,0.01936963081713659,6.938893903907228e-18,inf,0,0,0,2,3,0,0,0.04800000041723251
5008,14,0,2,14,6352c2eedc1ae94e2e08948f3b5ff6a950de29166928706d587f7279675831fb,77f3c52eeda1cb519264446fe54a3405a79407fe6e577ae6e846fa3bb7c32ea3,0.027250833809375763,0.0,-0.008495763875544071,-0.008495763875544071,0.0,0.027250833809375763,0.0,0,1,0.007692307233810425,0.20944694064039504,13,1.661538353333106,0.006916833089635463,0.004819479073844188,0.027250833809375763,-0.008495763875544071,0.027250833809375763,0.008495763875544071,0.01048093568533659,0.010729337111115456,0.01048093568533659,0,0.027250834740698338,0.0,9.313225746154785e-10,0.027250834740698338,0,1.655165275671333e-10,0.0,0,0,12,4,13,13,0,1,1,1,0.0,0.0,0.0,1,0.1310258973389864,0.11740047996863723,0.013625417370349169,0.013625417370349169,inf,inf,0,0,-0.008495763710027544,0.0,1.6615384505345263,0.022639154865416178,0.0,inf,0,0,0,3,1,0,1,0.04800000041723251
5008,14,0,3,14,6352c2eedc1ae94e2e08948f3b5ff6a950de29166928706d587f7279675831fb,77f3c52eeda1cb519264446fe54a3405a79407fe6e577ae6e846fa3bb7c32ea3,0.0192722100764513,0.0,-0.001313389278948307,-0.001313389278948307,0.0,0.0192722100764513,0.0,0,1,0.9076923131942749,0.2094469155167731,13,1.661538461366525,0.005379300195034768,0.0039181690415113985,0.0192722100764513,-0.001313389278948307,0.0192722100764513,0.001313389278948307,0.00556834926828742,0.008646209724247456,0.00556834926828742,0,0.019272209465270862,0.0,6.111804395914078e-10,0.019272209465270862,0,8.368072207387556e-11,2.0816681711721685e-17,0,0,8,4,13,13,0,1,1,1,0.0,0.0,0.0,1,0.10762090919888578,0.09798480446625035,0.009636104732635431,0.009636104732635431,inf,inf,0,0,-0.001313389195267585,2.0816681711721685e-17,1.6615384522538923,0.01601075854321948,2.0816681711721685e-17,inf,0,0,0,4,5,0,0,0.04800000041723251
5008,14,0,4,14,6352c2eedc1ae94e2e08948f3b5ff6a950de29166928706d587f7279675831fb,77f3c52eeda1cb519264446fe54a3405a79407fe6e577ae6e846fa3bb7c32ea3,0.01975267566740513,0.04800000041723251,0.00011332371650496498,0.00011332371650496498,-0.008307692582790654,0.01975267566740513,0.04800000041723251,1,4,0.9076921939849854,0.20944694064039504,13,1.661538353333106,0.014219489489179301,0.01298446475787188,0.028247324749827385,0.00842101629929562,0.028247324749827385,0.00842101629929562,0.007423448376357555,0.008506828919053078,0.007423448376357555,0,0.01975267520174384,0.04800000041723251,4.656612873077393e-10,0.04320932237897068,0,7.168166763285577e-10,0.0,1,11,9,11,4,1,0,0,1,0,0.0,0.017999999225139618,0.0,1,0.12242948263883591,0.10082482144935057,0.02160466118948534,0.02160466118948534,inf,inf,0,0,0.00011332299968828865,-0.008307692582790654,1.6615384505345263,0.03589697527710089,0.008307692582790654,4.320932066198658,0,0,0,1,4,1,0,0.04800000041723251
5008,14,0,5,14,6352c2eedc1ae94e2e08948f3b5ff6a950de29166928706d587f7279675831fb,77f3c52eeda1cb519264446fe54a3405a79407fe6e577ae6e846fa3bb7c32ea3,0.02465072087943554,0.0,-0.0025827516801655293,-0.0025827516801655293,0.0,0.02465072087943554,0.0,0,1,0.007692307233810425,0.20944694064039504,13,1.661538353333106,0.00622614531124787,0.00460878306222782,0.02465072087943554,-0.0025827516801655293,0.02465072087943554,0.0025827516801655293,0.006573737598955631,0.006347763817757368,0.006573737598955631,0,0.02465072087943554,0.0,0.0,0.02465072087943554,0,6.124333453566555e-10,6.938893903907228e-18,0,0,12,4,13,13,0,1,1,1,0.0,0.0,0.0,1,0.12441468611359596,0.11208932567387819,0.01232536043971777,0.01232536043971777,inf,inf,0,0,-0.0025827522925988746,6.938893903907228e-18,1.6615384505345263,0.02047906028728821,6.938893903907228e-18,inf,0,0,0,5,2,0,0,0.04800000041723251
5008,14,1,0,14,6352c2eedc1ae94e2e08948f3b5ff6a950de29166928706d587f7279675831fb,77f3c52eeda1cb519264446fe54a3405a79407fe6e577ae6e846fa3bb7c32ea3,0.005875846371054649,0.0,0.00027366355061531067,0.00027366355061531067,3.469446951953614e-18,0.005875846371054649,0.0,0,1,0.9076921939849854,0.20944694064039504,13,1.661538353333106,0.0015091822918871082,0.0012071777642125912,0.005875846371054649,0.0002736635506153072,0.005875846371054649,0.0002736635506153072,0.0030950210057199,0.0020721398759633303,0.0030950210057199,0,0.005875846371054649,0.0,0.0,0.005875846371054649,0,2.1510183269984884e-09,3.469446951953614e-18,0,0,4,12,13,13,0,1,1,1,0.0,0.0,0.0,1,0.005349408835172653,0.0024114856496453285,0.0029379231855273247,0.0029379231855273247,inf,inf,0,0,0.00027366139959698367,0.0,1.6615384505345263,0.004881472337470531,0.0,inf,0,0,0,4,5,0,0,0.04799999948590994
5008,14,1,2,14,6352c2eedc1ae94e2e08948f3b5ff6a950de29166928706d587f7279675831fb,77f3c52eeda1cb519264446fe54a3405a79407fe6e577ae6e846fa3bb7c32ea3,0.01839129813015461,0.030000001192092896,0.0019789624493569136,0.0019789624493569136,3.469446951953614e-18,0.01839129813015461,0.030000001192092896,1,3,0.007692307233810425,0.20944694064039504,13,1.661538353333106,0.0029721069180032645,0.0021879102086879796,0.011608703061938286,0.00197896244935691,0.011608703061938286,0.00197896244935691,0.00405453983694315,0.002481035655364394,0.00405453983694315,0,0.01839129813015461,0.030000001192092896,0.0,0.011608703061938286,0,2.0870898724545395e-09,3.469446951953614e-18,10,11,10,11,1,1,1,1,1,1,0.015000000596046448,0.015000000596046448,0.015000000596046448,0,0.006516750901937485,0.0007123993709683418,0.005804351530969143,0.005804351530969143,0.3869567533549963,0.434450042865672,1,0,0.001978960362267041,0.0,1.6615384505345263,0.009644153249124175,0.0,inf,0,0,0,2,2,0,0,0.017999998293817043
5008,14,1,3,14,6352c2eedc1ae94e2e08948f3b5ff6a950de29166928706d587f7279675831fb,77f3c52eeda1cb519264446fe54a3405a79407fe6e577ae6e846fa3bb7c32ea3,0.017763283103704453,0.017999999225139618,-0.009393909014761448,-0.009393909014761448,-0.008099999606050554,0.017763283103704453,0.017999999225139618,1,3,0.9076923131942749,0.2094469155167731,13,1.661538461366525,0.0017049501665754813,0.0014089282447769798,0.0002367161214351654,-0.0012939094087108943,0.0002367161214351654,0.0012939094087108943,0.0033510688226670027,0.006131729111075401,0.0033510688226670027,0,0.01776328356936574,0.017999999225139618,4.656612873077393e-10,0.005732803605496883,0,1.4920682571417654e-10,5.204170427930421e-18,10,11,10,11,1,1,1,1,1,1,0.008999999612569809,0.008999999612569809,0.008999999612569809,0,0.005631343461573124,0.0027649416588246822,0.0028664018027484417,0.0028664018027484417,0.3184891029045262,0.6257048559988974,1,0,-0.009393908865554622,-0.008099999606050548,1.6615384522538923,0.004762636814876413,0.008099999606050548,0.5879798822852796,1,1,0,3,3,0,0,0.03000000026077032
5008,14,1,4,14,6352c2eedc1ae94e2e08948f3b5ff6a950de29166928706d587f7279675831fb,77f3c52eeda1cb519264446fe54a3405a79407fe6e577ae6e846fa3bb7c32ea3,0.005911685526371002,0.0,0.0004159570671617985,0.0004159570671617985,3.469446951953614e-18,0.005911685526371002,0.0,0,1,0.9076921939849854,0.20944694064039504,13,1.661538353333106,0.0017199050568313346,0.0014182313527228564,0.005911685526371002,0.000415957067161795,0.005911685526371002,0.000415957067161795,0.0026752499397844076,0.0014834426110610366,0.0026752499397844076,0,0.005911685526371002,0.0,0.0,0.005911685526371002,0,6.116964556407423e-10,3.469446951953614e-18,0,0,4,11,13,13,0,1,1,1,0.0,0.0,0.0,1,0.004778936505317688,0.0018230937421321869,0.002955842763185501,0.002955842763185501,inf,inf,0,0,0.00041595645546534284,0.0,1.6615384505345263,0.00491124640476693,0.0,inf,0,0,0,5,4,0,0,0.04799999948590994
5008,14,1,5,14,6352c2eedc1ae94e2e08948f3b5ff6a950de29166928706d587f7279675831fb,77f3c52eeda1cb519264446fe54a3405a79407fe6e577ae6e846fa3bb7c32ea3,0.01947608031332493,0.04799999948590994,-0.0027970047667622566,-0.0027970047667622566,-0.006230769243664454,0.01947608031332493,0.04799999948590994,1,4,0.007692307233810425,0.20944694064039504,13,1.661538353333106,0.010762928445763728,0.009166675592227095,0.02852391917258501,0.003433764476902197,0.02852391917258501,0.003433764476902197,0.0017132809152826667,0.003673416329547763,0.0017132809152826667,0,0.01947608031332493,0.04799999948590994,0.0,0.03301637154072523,0,3.936015072897314e-09,6.938893903907228e-18,1,11,10,11,3,1,0,0,1,0,0.0,0.017999999225139618,0.0,1,0.018671954981982708,-0.0021637692116200924,0.016508185770362616,0.016508185770362616,inf,inf,0,0,-0.0027970087027773295,-0.006230769243664461,1.6615384505345263,0.027428985406024415,0.006230769243664461,4.402182833831412,1,0,0,1,1,1,1,0.017999998293817043
5008,14,2,0,14,6352c2eedc1ae94e2e08948f3b5ff6a950de29166928706d587f7279675831fb,77f3c52eeda1cb519264446fe54a3405a79407fe6e577ae6e846fa3bb7c32ea3,0.005768105387687683,0.0,0.00048526597674936056,0.00048526597674936056,0.0,0.005768105387687683,0.0,0,1,0.9076921939849854,0.20944694064039504,13,1.661538353333106,0.0013727734232273862,0.0009571814016830286,0.005768105387687683,0.00048526597674936056,0.005768105387687683,0.00048526597674936056,0.0015008101472631097,0.003031850326806307,0.0015008101472631097,0,0.005768105387687683,0.0,0.0,0.005768105387687683,0,1.4342267365061168e-09,0.0,0,0,10,8,13,13,0,1,1,1,0.0,0.0,0.0,1,0.0035961242392659187,-0.0007120715454220772,0.0028840526938438416,0.0028840526938438416,inf,inf,0,0,0.00048526454252262406,0.0,1.6615384505345263,0.004791964444189223,0.0,inf,0,0,0,4,5,0,0,0.035999998450279236
5008,14,2,1,14,6352c2eedc1ae94e2e08948f3b5ff6a950de29166928706d587f7279675831fb,77f3c52eeda1cb519264446fe54a3405a79407fe6e577ae6e846fa3bb7c32ea3,0.020583761855959892,0.030000001192092896,-0.0007724773022346199,-0.0007724773022346199,0.0,0.020583761855959892,0.030000001192092896,1,3,0.9076921939849854,0.20944694064039504,13,1.661538353333106,0.00215726646669809,0.001547253927623732,0.009416239336133003,-0.0007724773022346199,0.009416239336133003,0.0007724773022346199,0.002059242455288768,0.010964791290462017,0.002059242455288768,0,0.020583761855959892,0.030000001192092896,0.0,0.009416239336133003,0,1.1456047594934904e-09,8.673617379884035e-19,10,11,10,11,1,1,1,1,1,1,0.015000000596046448,0.015000000596046448,0.015000000596046448,0,0.0075288377702236176,-0.002820718102157116,0.004708119668066502,0.004708119668066502,0.3138746320655095,0.5019224980702996,1,0,-0.0007724784478393793,-8.673617379884035e-19,1.6615384505345263,0.007822721858210344,8.673617379884035e-19,inf,0,0,0,2,1,0,1,0.00599999725818634
5008,14,2,3,14,6352c2eedc1ae94e2e08948f3b5ff6a950de29166928706d587f7279675831fb,77f3c52eeda1cb519264446fe54a3405a79407fe6e577ae6e846fa3bb7c32ea3,0.019576946273446083,0.017999999225139618,-0.009003465063869953,-0.009003465063869953,-0.008099999606050554,0.019576946273446083,0.017999999225139618,1,3,0.9076923131942749,0.2094469155167731,13,1.661538461366525,0.0008724538005599131,0.0007421897514861011,0.0015769470483064651,-0.0009034654578193996,0.0015769470483064651,0.0009034654578193996,0.0066383155062794685,0.008260534144937992,0.0066383155062794685,0,0.019576945574954152,0.017999999225139618,6.984919309616089e-10,0.002903686836361885,0,1.5422178985258217e-09,1.734723475976807e-18,10,11,10,11,1,1,1,1,1,1,0.008999999612569809,0.008999999612569809,0.008999999612569809,0,0.005384059622883797,-0.003932216204702854,0.0014518434181809425,0.0014518434181809425,0.16131594229773433,0.5982288727395247,1,0,-0.009003463521652055,-0.008099999606050552,1.6615384522538923,0.002412293665959364,0.008099999606050552,0.29781404731889427,1,1,0,3,2,0,0,0.017999999225139618
5008,14,2,4,14,6352c2eedc1ae94e2e08948f3b5ff6a950de29166928706d587f7279675831fb,77f3c52eeda1cb519264446fe54a3405a79407fe6e577ae6e846fa3bb7c32ea3,0.008308633230626583,0.0,0.00031452206894755363,0.00031452206894755363,0.0,0.008308633230626583,0.0,0,1,0.9076921939849854,0.20944694064039504,13,1.661538353333106,0.0017709831137520712,0.0011616424497591672,0.008308633230626583,0.00031452206894755363,0.008308633230626583,0.00031452206894755363,0.0014100237749516964,0.004875059239566326,0.0014100237749516964,0,0.008308633230626583,0.0,0.0,0.008308633230626583,0,1.4707070492003815e-09,0.0,0,0,10,11,13,13,0,1,1,1,0.0,0.0,0.0,1,0.0055780671536922455,-0.001423750538378954,0.0041543166153132915,0.0041543166153132915,inf,inf,0,0,0.00031452059824050443,0.0,1.6615384505345263,0.006902556792037484,0.0,inf,0,0,0,5,4,0,0,0.035999998450279236
5008,14,2,5,14,6352c2eedc1ae94e2e08948f3b5ff6a950de29166928706d587f7279675831fb,77f3c52eeda1cb519264446fe54a3405a79407fe6e577ae6e846fa3bb7c32ea3,0.019357901066541672,0.035999998450279236,-0.0005655850400216877,-0.0005655850400216877,0.0,0.019357901066541672,0.035999998450279236,1,3,0.007692307233810425,0.20944694064039504,13,1.661538353333106,0.00355790548329302,0.0022556558361596607,0.016642097383737564,-0.0005655850400216877,0.016642097383737564,0.0005655850400216877,0.0026668065693229437,0.010502838529646397,0.0026668065693229437,0,0.019357901997864246,0.035999998450279236,9.313225746154785e-10,0.01664209645241499,0,1.3457764989205367e-09,5.204170427930421e-18,10,11,10,11,1,1,1,1,1,1,0.017999999225139618,0.017999999225139618,0.017999999225139618,0,0.016049610450863838,0.0077285622246563435,0.008321048226207495,0.008321048226207495,0.46228047691168456,0.8916450634313485,1,0,-0.0005655863857981867,5.204170427930421e-18,1.6615384505345263,0.013825741576595869,5.204170427930421e-18,inf,0,0,0,1,3,1,0,0.00599999725818634
5008,15,0,1,15,843805bccb60ef099b3c678e246a798efdce87d8e0dd42384dfa04d9b3f4636d,77f3c52eeda1cb519264446fe54a3405a79407fe6e577ae6e846fa3bb7c32ea3,0.008150369860231876,0.0,0.0002613710530567914,0.0002613710530567914,0.0,0.008150369860231876,0.0,0,1,0.9076921939849854,0.20944694064039504,13,1.661538353333106,0.00206348435973042,0.001625082951546068,0.008150369860231876,0.0002613710530567914,0.008150369860231876,0.0002613710530567914,0.0017501376569271088,0.0032301282044500113,0.0017501376569271088,0,0.00815037009306252,0.0,2.3283064365386963e-10,0.00815037009306252,0,6.344034872082793e-10,2.168404344971009e-19,0,0,10,11,13,13,0,1,1,1,0.0,0.0,0.0,1,0.008163427235558629,0.004088242189027369,0.00407518504653126,0.00407518504653126,inf,inf,0,0,0.0002613704186533042,2.168404344971009e-19,1.6615384505345263,0.006771076647855021,2.168404344971009e-19,inf,0,0,0,2,4,0,0,0.047999996691942215
5008,15,0,2,15,843805bccb60ef099b3c678e246a798efdce87d8e0dd42384dfa04d9b3f4636d,77f3c52eeda1cb519264446fe54a3405a79407fe6e577ae6e846fa3bb7c32ea3,0.008442563936114311,0.0,0.00043512589763849974,0.00043512589763849974,0.0,0.008442563936114311,0.0,0,1,0.9076921939849854,0.20944694064039504,13,1.661538353333106,0.002101805244165328,0.0016121631322880468,0.008442563936114311,0.00043512589763849974,0.008442563936114311,0.00043512589763849974,0.0034969469998031855,0.0029687883798033,0.0034969469998031855,0,0.008442563470453024,0.0,4.656612873077393e-10,0.008442563470453024,0,2.491288859235441e-12,1.0842021724855044e-19,0,0,10,11,13,13,0,1,1,1,0.0,0.0,0.0,1,0.007239301921799779,0.003018020186573267,0.004221281735226512,0.004221281735226512,inf,inf,0,0,0.0004351259001297886,1.0842021724855044e-19,1.6615384505345263,0.0070138219136179555,1.0842021724855044e-19,inf,0,0,0,3,3,0,0,0.047999996691942215
5008,15,0,3,15,843805bccb60ef099b3c678e246a798efdce87d8e0dd42384dfa04d9b3f4636d,77f3c52eeda1cb519264446fe54a3405a79407fe6e577ae6e846fa3bb7c32ea3,0.00715869665145874,0.0,-0.002060553291812539,-0.002060553291812539,0.0,0.00715869665145874,0.0,0,1,0.9076923131942749,0.2094469155167731,13,1.661538461366525,0.0019349125967069675,0.0015740280023076125,0.00715869665145874,-0.002060553291812539,0.00715869665145874,0.002060553291812539,0.003595467424020171,0.004031332675367594,0.003595467424020171,0,0.00715869665145874,0.0,0.0,0.00715869665145874,0,3.553871866929237e-10,4.336808689942018e-19,0,0,8,7,13,13,0,1,1,1,0.0,0.0,0.0,1,0.009972078027203679,0.006392729701474309,0.00357934832572937,0.00357934832572937,inf,inf,0,0,-0.0020605529364253524,-4.336808689942018e-19,1.6615384522538923,0.0059472248772099385,4.336808689942018e-19,inf,0,0,0,4,5,0,0,0.047999996691942215
5008,15,0,4,15,843805bccb60ef099b3c678e246a798efdce87d8e0dd42384dfa04d9b3f4636d,77f3c52eeda1cb519264446fe54a3405a79407fe6e577ae6e846fa3bb7c32ea3,0.017480969429016113,0.047999996691942215,-0.0011887210421264172,-0.0011887210421264172,-0.008307691647886082,0.017480969429016113,0.047999996691942215,1,4,0.9076921939849854,0.20944694064039504,13,1.661538353333106,0.012136837555761434,0.010978753645435947,0.0305190272629261,0.007118970605759665,0.0305190272629261,0.007118970605759665,0.0026152189821004868,0.004902030806988478,0.0026152189821004868,0,0.01748096919618547,0.047999996691942215,2.3283064365386963e-10,0.03622594871558249,0,1.8376493989696874e-10,1.734723475976807e-18,1,11,10,11,4,1,0,0,1,0,0.0,0.017999998992308974,0.0,1,0.023606603033840656,-0.005493628676049411,0.018112974357791245,0.018112974357791245,inf,inf,0,0,-0.001188721225891357,-0.00830769164788608,1.6615384505345263,0.030095403349016073,0.00830769164788608,3.622595135277312,1,0,0,1,1,1,1,0.047999996691942215
5008,15,0,5,15,843805bccb60ef099b3c678e246a798efdce87d8e0dd42384dfa04d9b3f4636d,77f3c52eeda1cb519264446fe54a3405a79407fe6e577ae6e846fa3bb7c32ea3,0.00949336402118206,0.0,2.7959371436736546e-05,2.7959371436736546e-05,0.0,0.00949336402118206,0.0,0,1,0.9076921939849854,0.20944694064039504,13,1.661538353333106,0.002286545429546093,0.0017153774801443313,0.00949336402118206,2.7959371436736546e-05,0.00949336402118206,2.7959371436736546e-05,0.0016790409572422504,0.0036635026335716248,0.0016790409572422504,0,0.009493363730143756,0.0,2.9103830456733704e-10,0.009493363730143756,0,4.204336965379918e-11,2.168404344971009e-19,0,0,10,11,13,13,0,1,1,1,0.0,0.0,0.0,1,0.008441747399047017,0.0036950655339751393,0.004746681865071878,0.004746681865071878,inf,inf,0,0,2.79594134801062e-05,2.168404344971009e-19,1.6615384505345263,0.007886794431271863,2.168404344971009e-19,inf,0,0,0,5,2,0,0,0.047999996691942215
5008,15,1,0,15,843805bccb60ef099b3c678e246a798efdce87d8e0dd42384dfa04d9b3f4636d,77f3c52eeda1cb519264446fe54a3405a79407fe6e577ae6e846fa3bb7c32ea3,0.004881966859102249,0.0,-0.00051121786236763,-0.00051121786236763,-6.938893903907228e-18,0.004881966859102249,0.0,0,1,0.9076921939849854,0.20944694064039504,13,1.661538353333106,0.0012490938897076736,0.0009264102613432167,0.004881966859102249,-0.0005112178623676231,0.004881966859102249,0.0005112178623676231,0.001850996515713632,0.003037354676052928,0.001850996515713632,0,0.004881966859102249,0.0,0.0,0.004881966859102249,0,1.206940977716009e-09,6.938893903907228e-18,0,0,4,12,13,13,0,1,1,1,0.0,0.0,0.0,1,0.005878318101167679,0.0034373346716165543,0.0024409834295511246,0.0024409834295511246,inf,inf,0,0,-0.0005112166554266523,0.0,1.6615384505345263,0.00405578782531683,0.0,inf,0,0,0,4,5,0,0,0.04799999948590994
5008,15,1,2,15,843805bccb60ef099b3c678e246a798efdce87d8e0dd42384dfa04d9b3f4636d,77f3c52eeda1cb519264446fe54a3405a79407fe6e577ae6e846fa3bb7c32ea3,0.017249323427677155,0.030000001192092896,0.0025514482986181974,0.0025514482986181974,0.0,0.017249323427677155,0.030000001192092896,1,3,0.9076921939849854,0.20944694064039504,13,1.661538353333106,0.0029270171687108,0.0020316528850758565,0.012750677764415741,0.0025514482986181974,0.012750677764415741,0.0025514482986181974,0.003601361531764269,0.0031404185574501753,0.003601361531764269,0,0.017249323427677155,0.030000001192092896,0.0,0.012750677764415741,0,1.8902887380378708e-09,0.0,10,11,10,11,1,1,1,1,1,1,0.015000000596046448,0.015000000596046448,0.015000000596046448,0,0.007055800408124924,-0.0006804615259170532,0.0063753388822078705,0.0063753388822078705,0.4250225752583116,0.4703866751835078,1,0,0.0025514464083294594,0.0,1.6615384505345263,0.010592870687976184,0.0,inf,0,0,0,2,3,0,0,0.017999998293817043
5008,15,1,3,15,843805bccb60ef099b3c678e246a798efdce87d8e0dd42384dfa04d9b3f4636d,77f3c52eeda1cb519264446fe54a3405a79407fe6e577ae6e846fa3bb7c32ea3,0.018257632851600647,0.017999999225139618,-0.009448036551475525,-0.009448036551475525,-0.008099999606050554,0.018257632851600647,0.017999999225139618,1,3,0.9076923131942749,0.2094469155167731,13,1.661538461366525,0.0015417957294666137,0.0013634552793389948,0.00025763362646102905,-0.0013480369454249713,0.00025763362646102905,0.0013480369454249713,0.002637755125761032,0.003335114335641265,0.002637755125761032,0,0.018257632851600647,0.017999999225139618,0.0,0.00512290932238102,0,6.779349893959452e-10,5.204170427930421e-18,10,11,10,11,1,1,1,1,1,1,0.008999999612569809,0.008999999612569809,0.008999999612569809,0,0.0037953052669763565,0.0012338506057858467,0.00256145466119051,0.00256145466119051,0.28460608571727775,0.42170060337287796,1,0,-0.009448037229410514,-0.008099999606050548,1.6615384522538923,0.004255955413272998,0.008099999606050548,0.525426619785744,1,1,0,3,2,0,0,0.03000000026077032
5008,15,1,4,15,843805bccb60ef099b3c678e246a798efdce87d8e0dd42384dfa04d9b3f4636d,77f3c52eeda1cb519264446fe54a3405a79407fe6e577ae6e846fa3bb7c32ea3,0.005889996886253357,0.0,8.625599548395257e-06,8.625599548395257e-06,-6.938893903907228e-18,0.005889996886253357,0.0,0,1,0.9076921939849854,0.20944694064039504,13,1.661538353333106,0.001432472817613918,0.0010453904345190733,0.005889996886253357,8.625599548402196e-06,0.005889996886253357,8.625599548402196e-06,0.001351444167084992,0.002693522721529007,0.001351444167084992,0,0.005889996886253357,0.0,0.0,0.005889996886253357,0,2.344662176217982e-09,6.938893903907228e-18,0,0,4,11,13,13,0,1,1,1,0.0,0.0,0.0,1,0.0061736516654491425,0.003228653222322464,0.0029449984431266785,0.0029449984431266785,inf,inf,0,0,8.627944210571475e-06,0.0,1.6615384505345263,0.004893228150019293,0.0,inf,0,0,0,5,4,0,0,0.04799999948590994
5008,15,1,5,15,843805bccb60ef099b3c678e246a798efdce87d8e0dd42384dfa04d9b3f4636d,77f3c52eeda1cb519264446fe54a3405a79407fe6e577ae6e846fa3bb7c32ea3,0.020126912742853165,0.04799999948590994,-0.0026277899742126465,-0.0026277899742126465,-0.006230769243664454,0.020126912742853165,0.04799999948590994,1,4,0.9076921939849854,0.20944694064039504,13,1.661538353333106,0.010929172494747771,0.00930779514360357,0.027873086743056774,0.0036029792694518073,0.027873086743056774,0.0036029792694518073,0.001565420301631093,0.0028295160736888647,0.001565420301631093,0,0.020126912742853165,0.04799999948590994,0.0,0.032512067817151546,0,2.0949688962768054e-09,6.938893903907228e-18,1,11,10,11,3,1,0,0,1,0,0.0,0.017999999225139618,0.0,1,0.01956851314753294,-0.0033124792389571667,0.016256033908575773,0.016256033908575773,inf,inf,0,0,-0.00262778787924375,-0.006230769243664461,1.6615384505345263,0.02701002539229171,0.006230769243664461,4.334942337939397,1,0,0,1,1,1,1,0.017999998293817043
5008,15,2,0,15,843805bccb60ef099b3c678e246a798efdce87d8e0dd42384dfa04d9b3f4636d,77f3c52eeda1cb519264446fe54a3405a79407fe6e577ae6e846fa3bb7c32ea3,0.0031105289235711098,0.0,-0.00023871543817222118,-0.00023871543817222118,0.0,0.0031105289235711098,0.0,0,1,0.9076921939849854,0.20944694064039504,13,1.661538353333106,0.0008769635662030866,0.0007256365783468507,0.0031105289235711098,-0.00023871543817222118,0.0031105289235711098,0.00023871543817222118,0.0024623924400657415,0.000766943150665611,0.0024623924400657415,0,0.0031105289235711098,0.0,0.0,0.0031105289235711098,0,1.269512958299024e-10,1.3010426069826053e-18,0,0,10,3,13,13,0,1,1,1,0.0,0.0,0.0,1,0.00435294583439827,-0.0027976813726127148,0.0015552644617855549,0.0015552644617855549,inf,inf,0,0,-0.00023871531122092535,1.3010426069826053e-18,1.6615384505345263,0.0025841317040065847,1.3010426069826053e-18,inf,0,0,0,4,5,0,0,0.035999998450279236
5008,15,2,1,15,843805bccb60ef099b3c678e246a798efdce87d8e0dd42384dfa04d9b3f4636d,77f3c52eeda1cb519264446fe54a3405a79407fe6e577ae6e846fa3bb7c32ea3,0.020063310861587524,0.03000000026077032,0.0003815634117927402,0.0003815634117927402,6.44761778689773e-11,0.020063310861587524,0.03000000026077032,1,3,0.9076921939849854,0.20944694064039504,13,1.661538353333106,0.0020950986689746843,0.0012745283180351796,0.009936689399182796,0.00038156334731656236,0.009936689399182796,0.00038156334731656236,0.0015800802502781153,0.005537181161344051,0.0015800802502781153,0,0.020063310395926237,0.03000000026077032,4.656612873077393e-10,0.009936689864844084,0,5.160976611351398e-10,8.673617379884035e-19,10,11,10,11,1,1,1,1,1,1,0.014999999664723873,0.015000000596046448,0.014999999664723873,0,0.007160657551139593,-0.0021923126187175512,0.004968344932422042,0.004968344932422042,0.3312230028982138,0.47737718074618435,1,0,0.0003815628956950791,6.447617873633904e-11,1.6615384505345263,0.008255096140737585,6.447617873633904e-11,128033272.17164901,1,0,0,2,2,0,0,0.005999998189508915
5008,15,2,3,15,843805bccb60ef099b3c678e246a798efdce87d8e0dd42384dfa04d9b3f4636d,77f3c52eeda1cb519264446fe54a3405a79407fe6e577ae6e846fa3bb7c32ea3,0.017963288351893425,0.017999999225139618,-0.008241542614996433,-0.008241542614996433,-0.008099999606050554,0.017963288351893425,0.017999999225139618,1,3,0.9076923131942749,0.2094469155167731,13,1.661538461366525,0.0007032292120427509,0.0004585339638167584,3.671087324619293e-05,-0.00014154300894587968,3.671087324619293e-05,0.00014154300894587968,0.004577944986522198,0.008730851113796234,0.004577944986522198,0,0.017963288817554712,0.017999999225139618,4.656612873077393e-10,0.0028060704935342073,0,6.416926885688401e-10,0.0,10,11,10,11,1,1,1,1,1,1,0.008999999612569809,0.008999999612569809,0.008999999612569809,0,0.006084928754717112,-0.004681893507950008,0.0014030352467671037,0.0014030352467671037,0.1558928119071873,0.6761032240733237,1,0,-0.008241543256689122,-0.008099999606050554,1.6615384522538923,0.0023311970123710713,0.008099999606050554,0.287802114290192,1,1,0,3,3,0,0,0.017999999225139618
5008,15,2,4,15,843805bccb60ef099b3c678e246a798efdce87d8e0dd42384dfa04d9b3f4636d,77f3c52eeda1cb519264446fe54a3405a79407fe6e577ae6e846fa3bb7c32ea3,0.005524905398488045,0.0,-0.0003743804118130356,-0.0003743804118130356,0.0,0.005524905398488045,0.0,0,1,0.9076921939849854,0.20944694064039504,13,1.661538353333106,0.001283395032278554,0.0009342236279030523,0.005524905398488045,-0.0003743804118130356,0.005524905398488045,0.0003743804118130356,0.002442935947328806,0.001399124739691615,0.002442935947328806,0,0.005524905398488045,0.0,0.0,0.005524905398488045,0,8.393264815803603e-10,1.3010426069826053e-18,0,0,10,11,13,13,0,1,1,1,0.0,0.0,0.0,1,0.005213639698922634,-0.0024511869996786118,0.0027624526992440224,0.0027624526992440224,inf,inf,0,0,-0.000374379572486554,1.3010426069826053e-18,1.6615384505345263,0.004589921377576833,1.3010426069826053e-18,inf,0,0,0,5,4,0,0,0.035999998450279236
5008,15,2,5,15,843805bccb60ef099b3c678e246a798efdce87d8e0dd42384dfa04d9b3f4636d,77f3c52eeda1cb519264446fe54a3405a79407fe6e577ae6e846fa3bb7c32ea3,0.021002471446990967,0.035999998450279236,0.0002657902950886637,0.0002657902950886637,0.0,0.021002471446990967,0.035999998450279236,1,3,0.9076921939849854,0.20944694064039504,13,1.661538353333106,0.003042354774626335,0.0016718603479097317,0.014997527003288269,0.0002657902950886637,0.014997527003288269,0.0002657902950886637,0.0016532193403691053,0.005711869802325964,0.0016532193403691053,0,0.021002472058171406,0.035999998450279236,6.111804395914078e-10,0.01499752639210783,0,6.409251462891064e-10,1.734723475976807e-18,10,11,10,11,1,1,1,1,1,1,0.017999999225139618,0.017999999225139618,0.017999999225139618,0,0.009268653899198398,-0.0017698907031444833,0.007498763196053915,0.007498763196053915,0.4165979732699544,0.5149252387885314,1,0,0.0002657896541635174,1.734723475976807e-18,1.6615384505345263,0.012459483381696754,1.734723475976807e-18,inf,0,0,0,1,1,1,1,0.005999998189508915
5008,16,0,1,16,2e1f0d6ced02d97d70b618520720afc194485369fc09bd7a7bbc4770af448b04,77f3c52eeda1cb519264446fe54a3405a79407fe6e577ae6e846fa3bb7c32ea3,0.02028599940240383,0.0,0.0015788269229233265,0.0015788269229233265,1.3877787807814457e-17,0.02028599940240383,0.0,0,1,0.9076921939849854,0.20944694064039504,13,1.661538353333106,0.005125270129459454,0.0037202864786136077,0.02028599940240383,0.0015788269229233126,0.02028599940240383,0.0015788269229233126,0.006080822553485632,0.011966021731495857,0.006080822553485632,0,0.02028599940240383,0.0,0.0,0.02028599940240383,0,1.6784614991285918e-09,2.7755575615628914e-17,0,0,12,4,13,13,0,1,1,1,0.0,0.0,0.0,1,0.09580973535776138,0.08566673565655947,0.010142999701201916,0.010142999701201916,inf,inf,0,0,0.0015788286013848256,-1.3877787807814457e-17,1.6615384505345263,0.016852984007307194,1.3877787807814457e-17,inf,0,0,0,2,3,0,0,0.04800000041723251
5008,16,0,2,16,2e1f0d6ced02d97d70b618520720afc194485369fc09bd7a7bbc4770af448b04,77f3c52eeda1cb519264446fe54a3405a79407fe6e577ae6e846fa3bb7c32ea3,0.02121199294924736,0.0,0.002607958624139428,0.002607958624139428,0.0,0.02121199294924736,0.0,0,1,0.9076921939849854,0.20944694064039504,13,1.6615383533331063,0.005607190303460278,0.004468720603304414,0.02121199294924736,0.002607958624139428,0.02121199294924736,0.002607958624139428,0.005977202672511339,0.015839584171772003,0.005977202672511339,0,0.02121199225075543,0.0,6.984919309616089e-10,0.02121199225075543,0,1.4844858120532933e-09,0.0,0,0,12,7,13,13,0,1,1,1,0.0,0.0,0.0,1,0.09681877680122852,0.08621278067585081,0.010605996125377715,0.010605996125377715,inf,inf,0,0,0.00260796010862524,0.0,1.661538450534526,0.017622270368535274,0.0,inf,0,0,0,3,2,0,0,0.04800000041723251
5008,16,0,3,16,2e1f0d6ced02d97d70b618520720afc194485369fc09bd7a7bbc4770af448b04,77f3c52eeda1cb519264446fe54a3405a79407fe6e577ae6e846fa3bb7c32ea3,0.02204447239637375,0.0,-0.002435855334624648,-0.002435855334624648,0.0,0.02204447239637375,0.0,0,1,0.9076923131942749,0.2094469155167731,13,1.661538461366525,0.006217211390175151,0.005167413228770068,0.02204447239637375,-0.002435855334624648,0.02204447239637375,0.002435855334624648,0.0068910811096429825,0.01556409802287817,0.0068910811096429825,0,0.022044472745619714,0.0,3.4924596548080444e-10,0.022044472745619714,0,6.250630915638489e-11,6.938893903907228e-18,0,0,12,7,13,13,0,1,1,1,0.0,0.0,0.0,1,0.10167733021080494,0.09065509383799508,0.011022236372809857,0.011022236372809857,inf,inf,0,0,-0.0024358553971309573,6.938893903907228e-18,1.6615384522538923,0.018313869563255047,6.938893903907228e-18,inf,0,0,0,4,1,0,1,0.04800000041723251
5008,16,0,4,16,2e1f0d6ced02d97d70b618520720afc194485369fc09bd7a7bbc4770af448b04,77f3c52eeda1cb519264446fe54a3405a79407fe6e577ae6e846fa3bb7c32ea3,0.020075557753443718,0.04800000041723251,0.001368041499517858,0.001368041499517858,0.0020769231456976706,0.020075557753443718,0.04800000041723251,1,4,0.9076921939849854,0.20944694064039504,13,1.661538353333106,0.01085513363925355,0.007262592413324932,0.027924442663788795,-0.0007088816461798125,0.027924442663788795,0.0007088816461798125,0.003195592202246189,0.011331835761666298,0.003195592202246189,0,0.020075558219105005,0.04800000041723251,4.656612873077393e-10,0.04842772148549557,0,1.3073284468867463e-09,1.3877787807814457e-17,10,2,3,11,1,1,1,0,0,0,0.017999999225139618,0.012000001966953278,0.012000001966953278,0,0.12469262443482876,0.10047876369208097,0.024213860742747784,0.024213860742747784,2.0178213978156143,10.391050333009854,0,0,0.001368042806846305,0.0020769231456976567,1.6615384505345263,0.04023226065996394,0.0020769231456976567,19.371087824460435,1,0,0,1,4,1,0,0.04800000041723251
5008,16,0,5,16,2e1f0d6ced02d97d70b618520720afc194485369fc09bd7a7bbc4770af448b04,77f3c52eeda1cb519264446fe54a3405a79407fe6e577ae6e846fa3bb7c32ea3,0.019904080778360367,0.0,0.002493687439709902,0.002493687439709902,1.3877787807814457e-17,0.019904080778360367,0.0,0,1,0.007692307233810425,0.20944694064039504,13,1.661538353333106,0.0050892249774235005,0.0038699226993957215,0.019904080778360367,0.002493687439709888,0.019904080778360367,0.002493687439709888,0.007495264522731304,0.011741303838789463,0.007495264522731304,0,0.01990408170968294,0.0,9.313225746154785e-10,0.01990408170968294,0,1.7888179409952798e-09,2.7755575615628914e-17,0,0,12,7,13,13,0,1,1,1,0.0,0.0,0.0,1,0.10669314116239548,0.096741100307554,0.00995204085484147,0.00995204085484147,inf,inf,0,0,0.002493689228527843,-1.3877787807814457e-17,1.6615384505345263,0.0165356985416096,1.3877787807814457e-17,inf,0,0,0,5,5,0,0,0.04800000041723251
5008,16,1,0,16,2e1f0d6ced02d97d70b618520720afc194485369fc09bd7a7bbc4770af448b04,77f3c52eeda1cb519264446fe54a3405a79407fe6e577ae6e846fa3bb7c32ea3,0.0055968426167964935,0.0,6.29971400485374e-05,6.29971400485374e-05,6.938893903907228e-18,0.0055968426167964935,0.0,0,1,0.9076921939849854,0.20944694064039504,13,1.661538353333106,0.0015519908828915809,0.0012449250066068746,0.0055968426167964935,6.299714004853046e-05,0.0055968426167964935,6.299714004853046e-05,0.004802411887794733,0.005174651741981506,0.004802411887794733,0,0.0055968426167964935,0.0,0.0,0.0055968426167964935,0,3.3070092220199854e-09,1.0408340855860843e-17,0,0,4,7,13,13,0,1,1,1,0.0,0.0,0.0,1,0.013098545372486115,0.010300124064087868,0.0027984213083982468,0.0027984213083982468,inf,inf,0,0,6.300044705775942e-05,-3.469446951953614e-18,1.6615384505345263,0.004649684604698825,3.469446951953614e-18,inf,0,0,0,4,5,0,0,0.04799999948590994
5008,16,1,2,16,2e1f0d6ced02d97d70b618520720afc194485369fc09bd7a7bbc4770af448b04,77f3c52eeda1cb519264446fe54a3405a79407fe6e577ae6e846fa3bb7c32ea3,0.017692338675260544,0.030000001192092896,-0.0012355539947748184,-0.0012355539947748184,0.0,0.017692338675260544,0.030000001192092896,1,3,0.9076921939849854,0.20944694064039504,13,1.6615383533331063,0.002965245889568242,0.0022606268613296144,0.012307662516832352,-0.0012355539947748184,0.012307662516832352,0.0012355539947748184,0.002435149159282446,0.0036667799577116966,0.002435149159282446,0,0.017692338675260544,0.030000001192092896,0.0,0.012307662516832352,0,4.806038528953893e-09,3.469446951953614e-18,10,11,10,11,1,1,1,1,1,1,0.015000000596046448,0.015000000596046448,0.015000000596046448,0,0.013022013008594513,0.006868181750178337,0.006153831258416176,0.006153831258416176,0.4102554009256601,0.8681341660764151,1,0,-0.0012355588008133474,-3.469446951953614e-18,1.661538450534526,0.010224827253959746,3.469446951953614e-18,inf,0,0,0,2,3,0,0,0.017999998293817043
5008,16,1,3,16,2e1f0d6ced02d97d70b618520720afc194485369fc09bd7a7bbc4770af448b04,77f3c52eeda1cb519264446fe54a3405a79407fe6e577ae6e846fa3bb7c32ea3,0.017716556787490845,0.017999999225139618,-0.008999302051961422,-0.008999302051961422,-0.008099999606050554,0.017716556787490845,0.017999999225139618,1,3,0.9076923131942749,0.2094469155167731,13,1.661538461366525,0.0014888112875372774,0.0013641563392955169,0.0002834424376487732,-0.0008993024459108684,0.0002834424376487732,0.0008993024459108684,0.003108192468062043,0.0032899121288210154,0.003108192468062043,0,0.017716556787490845,0.017999999225139618,0.0,0.0038705021142959595,0,2.385757969652902e-09,1.0408340855860843e-17,10,11,10,11,1,1,1,1,1,1,0.008999999612569809,0.008999999612569809,0.008999999612569809,0,0.009983211755752563,0.008047960698604584,0.0019352510571479797,0.0019352510571479797,0.21502790449514242,1.109245798389764,1,0,-0.008999299666203452,-0.008099999606050543,1.6615384522538923,0.003215494046216363,0.008099999606050543,0.39697459291410964,1,1,0,3,2,0,0,0.03000000026077032
5008,16,1,4,16,2e1f0d6ced02d97d70b618520720afc194485369fc09bd7a7bbc4770af448b04,77f3c52eeda1cb519264446fe54a3405a79407fe6e577ae6e846fa3bb7c32ea3,0.006151143461465836,0.0,-6.631016731262207e-06,-6.631016731262207e-06,-6.938893903907228e-18,0.006151143461465836,0.0,0,1,0.9076921939849854,0.20944694064039504,13,1.661538353333106,0.001745109231454252,0.0013658972622374818,0.006151143461465836,-6.631016731255268e-06,0.006151143461465836,6.631016731255268e-06,0.0022590961307287216,0.0051697250455617905,0.0022590961307287216,0,0.006151143461465836,0.0,0.0,0.006151143461465836,0,3.3240612554163995e-09,1.0408340855860843e-17,0,0,4,11,13,13,0,1,1,1,0.0,0.0,0.0,1,0.014188122004270554,0.011112550273537636,0.003075571730732918,0.003075571730732918,inf,inf,0,0,-6.6343407925176234e-06,3.469446951953614e-18,1.6615384505345263,0.005110180687989764,3.469446951953614e-18,inf,0,0,0,5,4,0,0,0.04799999948590994
5008,16,1,5,16,2e1f0d6ced02d97d70b618520720afc194485369fc09bd7a7bbc4770af448b04,77f3c52eeda1cb519264446fe54a3405a79407fe6e577ae6e846fa3bb7c32ea3,0.02268165908753872,0.04799999948590994,-0.003145461203530431,-0.003145461203530431,-0.006230769243664454,0.02268165908753872,0.04799999948590994,1,4,0.007692307233810425,0.20944694064039504,13,1.661538353333106,0.010427599527377757,0.008779546267975715,0.02531834039837122,0.003085308040134023,0.02531834039837122,0.003085308040134023,0.001713831559754908,0.005507190711796284,0.001713831559754908,0,0.02268165908753872,0.04799999948590994,0.0,0.030415411107242107,0,3.7152047306643343e-09,6.938893903907228e-18,1,11,10,11,3,1,0,0,1,0,0.0,0.017999999225139618,0.0,1,0.01979426946491003,-0.004586563911288977,0.015207705553621054,0.015207705553621054,inf,inf,0,0,-0.0031454649187351615,-0.006230769243664461,1.6615384505345263,0.025268187521748836,0.006230769243664461,4.055388112381454,1,0,0,1,1,1,1,0.017999998293817043
5008,16,2,0,16,2e1f0d6ced02d97d70b618520720afc194485369fc09bd7a7bbc4770af448b04,77f3c52eeda1cb519264446fe54a3405a79407fe6e577ae6e846fa3bb7c32ea3,0.005785373505204916,0.0,-0.0009218045161105692,-0.0009218045161105692,0.0,0.005785373505204916,0.0,0,1,0.9076921939849854,0.20944694064039504,13,1.661538353333106,0.001476353484230882,0.0010218638981852304,0.005785373505204916,-0.0009218045161105692,0.005785373505204916,0.0009218045161105692,0.0030532083474099636,0.0039640869945287704,0.0030532083474099636,0,0.005785373505204916,0.0,0.0,0.005785373505204916,0,3.7269267316383803e-10,1.734723475976807e-18,0,0,10,12,13,13,0,1,1,1,0.0,0.0,0.0,1,0.029402302112430334,-0.026509615359827876,0.002892686752602458,0.002892686752602458,inf,inf,0,0,-0.0009218048888032424,1.734723475976807e-18,1.6615384505345263,0.004806310264800839,1.734723475976807e-18,inf,0,0,0,4,5,0,0,0.035999998450279236
5008,16,2,1,16,2e1f0d6ced02d97d70b618520720afc194485369fc09bd7a7bbc4770af448b04,77f3c52eeda1cb519264446fe54a3405a79407fe6e577ae6e846fa3bb7c32ea3,0.02328730747103691,0.030000001192092896,-0.0006414662930183113,-0.0006414662930183113,3.469446951953614e-18,0.02328730747103691,0.030000001192092896,1,3,0.9076921939849854,0.20944694064039504,13,1.661538353333106,0.001483503781464324,0.0010279076691915299,0.0067126937210559845,-0.0006414662930183147,0.0067126937210559845,0.0006414662930183147,0.0020301281474530697,0.009732520207762718,0.0020301281474530697,0,0.023287307005375624,0.030000001192092896,4.656612873077393e-10,0.006712694186717272,0,8.594531223857227e-10,0.0,10,11,10,11,1,1,1,1,1,1,0.015000000596046448,0.015000000596046448,0.015000000596046448,0,0.03185320505872369,-0.028496857965365052,0.003356347093358636,0.003356347093358636,0.2237564639992927,2.1235469195327394,1,0,-0.0006414654335651889,3.469446951953614e-18,1.6615384505345263,0.005576699748955169,3.469446951953614e-18,inf,0,0,0,2,2,0,0,0.00599999725818634
5008,16,2,3,16,2e1f0d6ced02d97d70b618520720afc194485369fc09bd7a7bbc4770af448b04,77f3c52eeda1cb519264446fe54a3405a79407fe6e577ae6e846fa3bb7c32ea3,0.019991643726825714,0.017999999225139618,-0.008456836454570293,-0.008456836454570293,-0.008099999606050554,0.019991643726825714,0.017999999225139618,1,3,0.9076923131942749,0.2094469155167731,13,1.661538461366525,0.0007673488634739182,0.0006169158629191346,0.001991644501686096,-0.00035683684851973985,0.001991644501686096,0.00035683684851973985,0.003678965847939253,0.009229368530213833,0.003678965847939253,0,0.01999164279550314,0.017999999225139618,9.313225746154785e-10,0.0026459305081516504,0,1.475525326921634e-10,5.204170427930421e-18,10,11,10,11,1,1,1,1,1,1,0.008999999612569809,0.008999999612569809,0.008999999612569809,0,0.02964211185462773,-0.028319146600551903,0.0013229652540758252,0.0013229652540758252,0.14699614566961888,3.293568125628384,1,0,-0.00845683630701776,-0.008099999606050559,1.6615384522538923,0.002198157640642824,0.008099999606050559,0.2713774996977578,1,1,0,3,3,0,0,0.017999999225139618
5008,16,2,4,16,2e1f0d6ced02d97d70b618520720afc194485369fc09bd7a7bbc4770af448b04,77f3c52eeda1cb519264446fe54a3405a79407fe6e577ae6e846fa3bb7c32ea3,0.008873425424098969,0.0,-8.957026147982106e-05,-8.957026147982106e-05,0.0,0.008873425424098969,0.0,0,1,0.9076921939849854,0.20944694064039504,13,1.661538353333106,0.002009444551976097,0.0013248407124877857,0.008873425424098969,-8.957026147982106e-05,0.008873425424098969,8.957026147982106e-05,0.002164522185921669,0.00562979094684124,0.002164522185921669,0,0.008873425264027901,0.0,1.6007106751203537e-10,0.008873425264027901,0,1.9485021322124263e-10,3.469446951953614e-18,0,0,10,11,13,13,0,1,1,1,0.0,0.0,0.0,1,0.03206385765224695,-0.027627145020233,0.0044367126320139505,0.0044367126320139505,inf,inf,0,0,-8.957045633003428e-05,3.469446951953614e-18,1.6615384505345263,0.00737176863206342,3.469446951953614e-18,inf,0,0,0,5,4,0,0,0.035999998450279236
5008,16,2,5,16,2e1f0d6ced02d97d70b618520720afc194485369fc09bd7a7bbc4770af448b04,77f3c52eeda1cb519264446fe54a3405a79407fe6e577ae6e846fa3bb7c32ea3,0.024095315486192703,0.035999998450279236,-0.0005787260015495121,-0.0005787260015495121,0.0,0.024095315486192703,0.035999998450279236,1,3,0.007692307233810425,0.20944694064039504,13,1.661538353333106,0.0024523527133986918,0.0014654106443979331,0.011904682964086533,-0.0005787260015495121,0.011904682964086533,0.0005787260015495121,0.0018044778844341636,0.00814883504062891,0.0018044778844341636,0,0.024095315020531416,0.035999998450279236,4.656612873077393e-10,0.01190468342974782,0,3.3914469540000103e-10,0.0,10,11,10,11,1,1,1,1,1,1,0.017999999225139618,0.017999999225139618,0.017999999225139618,0,0.03921124525368214,-0.03325890353880823,0.00595234171487391,0.00595234171487391,0.3306856650616184,2.1784026078688896,1,0,-0.0005787263406942075,0.0,1.6615384505345263,0.009890044629983621,0.0,inf,0,0,0,1,1,1,1,0.00599999725818634
5008,17,0,1,17,73b26a1a83283f75319567e3752aee858714192e3b6e8e13c99cb604c226fce3,77f3c52eeda1cb519264446fe54a3405a79407fe6e577ae6e846fa3bb7c32ea3,0.008744554594159126,0.0,-0.0013567352434620261,-0.0013567352434620261,6.938893903907228e-18,0.008744554594159126,0.0,0,1,0.9076921939849854,0.20944694064039504,13,1.661538353333106,0.0020759250248418397,0.0015288185129856923,0.008744554594159126,-0.001356735243462033,0.008744554594159126,0.001356735243462033,0.0009203103254549205,0.004380372818559408,0.0009203103254549205,0,0.008744554594159126,0.0,0.0,0.008744554594159126,0,1.2465091580454724e-09,1.734723475976807e-18,0,0,10,11,13,13,0,1,1,1,0.0,0.0,0.0,1,0.015507174655795097,0.011134897358715534,0.004372277297079563,0.004372277297079563,inf,inf,0,0,-0.0013567364899711842,5.204170427930421e-18,1.6615384505345263,0.0072647068454968645,5.204170427930421e-18,inf,0,0,0,2,3,0,0,0.04799999645911157
5008,17,0,2,17,73b26a1a83283f75319567e3752aee858714192e3b6e8e13c99cb604c226fce3,77f3c52eeda1cb519264446fe54a3405a79407fe6e577ae6e846fa3bb7c32ea3,0.008654884062707424,0.0,0.0004418027529027313,0.0004418027529027313,0.0,0.008654884062707424,0.0,0,1,0.9076921939849854,0.20944694064039504,13,1.6615383533331063,0.0021562871686141823,0.0015774586144283677,0.008654884062707424,0.0004418027529027313,0.008654884062707424,0.0004418027529027313,0.002395239658653736,0.0049536023288965225,0.002395239658653736,0,0.008654884062707424,0.0,0.0,0.008654884062707424,0,3.7679822630087845e-10,3.469446951953614e-18,0,0,7,11,13,13,0,1,1,1,0.0,0.0,0.0,1,0.01483077835291624,0.010503336321562529,0.004327442031353712,0.004327442031353712,inf,inf,0,0,0.000441802376104505,3.469446951953614e-18,1.661538450534526,0.007190211327553429,3.469446951953614e-18,inf,0,0,0,3,4,0,0,0.04799999645911157
5008,17,0,3,17,73b26a1a83283f75319567e3752aee858714192e3b6e8e13c99cb604c226fce3,77f3c52eeda1cb519264446fe54a3405a79407fe6e577ae6e846fa3bb7c32ea3,0.006382708437740803,0.0,-0.0031892836559563875,-0.0031892836559563875,0.0,0.006382708437740803,0.0,0,1,0.9076923131942749,0.2094469155167731,13,1.661538461366525,0.0019801902305378433,0.0016461401494473392,0.006382708437740803,-0.0031892836559563875,0.006382708437740803,0.0031892836559563875,0.004232463892549276,0.005722262430936098,0.004232463892549276,0,0.006382708437740803,0.0,0.0,0.006382708437740803,0,1.2752840554408618e-09,5.204170427930421e-18,0,0,10,11,13,13,0,1,1,1,0.0,0.0,0.0,1,0.01836203131824732,0.015170677099376917,0.0031913542188704014,0.0031913542188704014,inf,inf,0,0,-0.003189284931240443,5.204170427930421e-18,1.6615384522538923,0.005302557749415856,5.204170427930421e-18,inf,0,0,0,4,5,0,0,0.04799999645911157
5008,17,0,4,17,73b26a1a83283f75319567e3752aee858714192e3b6e8e13c99cb604c226fce3,77f3c52eeda1cb519264446fe54a3405a79407fe6e577ae6e846fa3bb7c32ea3,0.019677072763442993,0.04799999645911157,3.338768146932125e-05,3.338768146932125e-05,-0.00830769213145742,0.019677072763442993,0.04799999645911157,1,4,0.9076921939849854,0.20944694064039504,13,1.661538353333106,0.013933079763374425,0.012590910886695396,0.028322923695668578,0.008341079812926741,0.028322923695668578,0.008341079812926741,0.0019299908308312297,0.009188246913254261,0.0019299908308312297,0,0.019677072297781706,0.04799999645911157,4.656612873077393e-10,0.036605267552658916,0,5.948347587061975e-10,3.469446951953614e-18,1,11,10,11,4,1,0,0,1,0,0.0,0.01799999736249447,0.0,1,0.020093662664294243,0.001791028887964785,0.018302633776329458,0.018302633776329458,inf,inf,0,0,3.3387086634562545e-05,-0.008307692131457416,1.6615384505345263,0.030410529765423334,0.008307692131457416,3.660526808675615,0,0,0,1,1,1,1,0.04799999645911157
5008,17,0,5,17,73b26a1a83283f75319567e3752aee858714192e3b6e8e13c99cb604c226fce3,77f3c52eeda1cb519264446fe54a3405a79407fe6e577ae6e846fa3bb7c32ea3,0.010642140172421932,0.0,-0.0013589769368991256,-0.0013589769368991256,6.938893903907228e-18,0.010642140172421932,0.0,0,1,0.007692307233810425,0.20944694064039504,13,1.661538353333106,0.0023322457875738843,0.0016015423737334076,0.010642140172421932,-0.0013589769368991325,0.010642140172421932,0.0013589769368991325,0.0009205720270983875,0.005468654911965132,0.0009205720270983875,0,0.010642140172421932,0.0,0.0,0.010642140172421932,0,2.87012037400447e-11,1.734723475976807e-18,0,0,10,11,13,13,0,1,1,1,0.0,0.0,0.0,1,0.017188862897455692,0.011867792811244726,0.005321070086210966,0.005321070086210966,inf,inf,0,0,-0.0013589769081979218,5.204170427930421e-18,1.6615384505345263,0.008841162546228586,5.204170427930421e-18,inf,0,0,0,5,2,0,0,0.04799999645911157
5008,17,1,0,17,73b26a1a83283f75319567e3752aee858714192e3b6e8e13c99cb604c226fce3,77f3c52eeda1cb519264446fe54a3405a79407fe6e577ae6e846fa3bb7c32ea3,0.004230603575706482,0.0,0.0013154797488823533,0.0013154797488823533,0.0,0.004230603575706482,0.0,0,1,0.9076921939849854,0.20944694064039504,13,1.661538353333106,0.0011495117244315247,0.0009392546214295563,0.004230603575706482,0.0013154797488823533,0.004230603575706482,0.0013154797488823533,0.003495441284030676,0.0017057711957022548,0.003495441284030676,0,0.004230603575706482,0.0,0.0,0.004230603575706482,0,4.273094839774005e-09,0.0,0,0,4,11,13,13,0,1,1,1,0.0,0.0,0.0,1,0.010760143399238586,0.008644841611385345,0.002115301787853241,0.002115301787853241,inf,inf,0,0,0.0013154754757875135,0.0,1.6615384505345263,0.0035146552550025874,0.0,inf,0,0,0,4,5,0,0,0.04799999948590994
5008,17,1,2,17,73b26a1a83283f75319567e3752aee858714192e3b6e8e13c99cb604c226fce3,77f3c52eeda1cb519264446fe54a3405a79407fe6e577ae6e846fa3bb7c32ea3,0.01815154403448105,0.030000001192092896,-0.001722367131151259,-0.001722367131151259,0.0,0.01815154403448105,0.030000001192092896,1,3,0.9076921939849854,0.20944694064039504,13,1.6615383533331063,0.002873850536200365,0.0021188836214105057,0.011848457157611847,-0.001722367131151259,0.011848457157611847,0.001722367131151259,0.0017609011847525835,0.004593473859131336,0.0017609011847525835,0,0.01815154403448105,0.030000001192092896,0.0,0.011848457157611847,0,1.7706431286457214e-09,0.0,10,11,10,11,1,1,1,1,1,1,0.015000000596046448,0.015000000596046448,0.015000000596046448,0,0.013017937541007996,0.007093708962202072,0.0059242285788059235,0.0059242285788059235,0.3949485562265493,0.8678624682481103,1,0,-0.0017223689017943876,0.0,1.661538450534526,0.009843333573441552,0.0,inf,0,0,0,2,2,0,0,0.017999998293817043
5008,17,1,3,17,73b26a1a83283f75319567e3752aee858714192e3b6e8e13c99cb604c226fce3,77f3c52eeda1cb519264446fe54a3405a79407fe6e577ae6e846fa3bb7c32ea3,0.01764104701578617,0.017999999225139618,-0.0091246934607625,-0.0091246934607625,-0.008099999606050554,0.01764104701578617,0.017999999225139618,1,3,0.9076923131942749,0.2094469155167731,13,1.661538461366525,0.0016774428422613014,0.0014314754651143001,0.00035895220935344696,-0.0010246938547119472,0.00035895220935344696,0.0010246938547119472,0.004377958830446005,0.005036012269556522,0.004377958830446005,0,0.01764104701578617,0.017999999225139618,0.0,0.005934789776802063,0,2.1841859657728557e-09,5.204170427930421e-18,10,11,10,11,1,1,1,1,1,1,0.008999999612569809,0.008999999612569809,0.008999999612569809,0,0.011090200394392014,0.008122805505990982,0.0029673948884010315,0.0029673948884010315,0.32971055734898397,1.2322445413111947,1,0,-0.009124695644948467,-0.008099999606050548,1.6615384522538923,0.004930440710099961,0.008099999606050548,0.6086964135673555,1,1,0,3,3,0,0,0.03000000026077032
5008,17,1,4,17,73b26a1a83283f75319567e3752aee858714192e3b6e8e13c99cb604c226fce3,77f3c52eeda1cb519264446fe54a3405a79407fe6e577ae6e846fa3bb7c32ea3,0.006048101931810379,0.0,-0.00028505889349617064,-0.00028505889349617064,0.0,0.006048101931810379,0.0,0,1,0.9076921939849854,0.20944694064039504,13,1.661538353333106,0.0014226211033984974,0.0010795907596864644,0.006048101931810379,-0.00028505889349617064,0.006048101931810379,0.00028505889349617064,0.0021281361114233732,0.0020429932046681643,0.0021281361114233732,0,0.006048101931810379,0.0,0.0,0.006048101931810379,0,1.8943386095870984e-09,0.0,0,0,10,11,13,13,0,1,1,1,0.0,0.0,0.0,1,0.011697053909301758,0.008673002943396568,0.0030240509659051895,0.0030240509659051895,inf,inf,0,0,-0.0002850607878347802,0.0,1.6615384505345263,0.005024576956227546,0.0,inf,0,0,0,5,4,0,0,0.04799999948590994
5008,17,1,5,17,73b26a1a83283f75319567e3752aee858714192e3b6e8e13c99cb604c226fce3,77f3c52eeda1cb519264446fe54a3405a79407fe6e577ae6e846fa3bb7c32ea3,0.019778361544013023,0.04799999948590994,-0.0028887521475553513,-0.0028887521475553513,-0.006230769243664454,0.019778361544013023,0.04799999948590994,1,4,0.007692307233810425,0.20944694064039504,13,1.661538353333106,0.010760234173716016,0.009133236196178656,0.028221637941896915,0.0033420170961091025,0.028221637941896915,0.0033420170961091025,0.001676517422311008,0.004438267555087805,0.001676517422311008,0,0.019778361544013023,0.04799999948590994,0.0,0.03290082048624754,0,2.287682918100664e-09,6.938893903907228e-18,1,11,10,11,3,1,0,0,1,0,0.0,0.017999999225139618,0.0,1,0.018755651079118252,-0.002305240835994482,0.01645041024312377,0.01645041024312377,inf,inf,0,0,-0.0028887544352382694,-0.006230769243664461,1.6615384505345263,0.02733298914601717,0.006230769243664461,4.38677602670164,1,0,0,1,1,1,1,0.017999998293817043
5008,17,2,0,17,73b26a1a83283f75319567e3752aee858714192e3b6e8e13c99cb604c226fce3,77f3c52eeda1cb519264446fe54a3405a79407fe6e577ae6e846fa3bb7c32ea3,0.005665281787514687,0.0,-0.0006022884044796228,-0.0006022884044796228,0.0,0.005665281787514687,0.0,0,1,0.9076921939849854,0.20944694064039504,13,1.661538353333106,0.0013444286246912973,0.0009671690151888946,0.005665281787514687,-0.0006022884044796228,0.005665281787514687,0.0006022884044796228,0.0016406308859586716,0.0034300610423088074,0.0016406308859586716,0,0.005665281787514687,0.0,0.0,0.005665281787514687,0,6.953167052542453e-10,0.0,0,0,10,11,13,13,0,1,1,1,0.0,0.0,0.0,1,0.036167350597679615,-0.03333470970392227,0.0028326408937573433,0.0028326408937573433,inf,inf,0,0,-0.0006022877091629176,0.0,1.6615384505345263,0.004706541761534312,0.0,inf,0,0,0,4,5,0,0,0.035999998450279236
5008,17,2,1,17,73b26a1a83283f75319567e3752aee858714192e3b6e8e13c99cb604c226fce3,77f3c52eeda1cb519264446fe54a3405a79407fe6e577ae6e846fa3bb7c32ea3,0.023254675790667534,0.030000001192092896,-0.0007935580215416849,-0.0007935580215416849,6.938893903907228e-18,0.023254675790667534,0.030000001192092896,1,3,0.9076921939849854,0.20944694064039504,13,1.661538353333106,0.001625422150866878,0.0010948685912646838,0.006745325401425362,-0.0007935580215416918,0.006745325401425362,0.0007935580215416918,0.0015276068588718772,0.008751366287469864,0.0015276068588718772,0,0.023254675325006247,0.030000001192092896,4.656612873077393e-10,0.006745325867086649,0,3.607700083769691e-10,6.938893903907228e-18,10,11,10,11,1,1,1,1,1,1,0.015000000596046448,0.015000000596046448,0.015000000596046448,0,0.0400121696293354,-0.03663950669579208,0.0033726629335433245,0.0033726629335433245,0.2248441866350497,2.6674778692929797,1,0,-0.0007935576607716765,0.0,1.6615384505345263,0.005603809144774805,0.0,inf,0,0,0,2,2,0,0,0.00599999725818634
5008,17,2,3,17,73b26a1a83283f75319567e3752aee858714192e3b6e8e13c99cb604c226fce3,77f3c52eeda1cb519264446fe54a3405a79407fe6e577ae6e846fa3bb7c32ea3,0.020747635513544083,0.017999999225139618,-0.009327164851129055,-0.009327164851129055,-0.008099999606050554,0.020747635513544083,0.017999999225139618,1,3,0.9076923131942749,0.2094469155167731,13,1.661538461366525,0.0008529801004011373,0.0006969963715648687,0.0027476362884044647,-0.0012271652450785014,0.0027476362884044647,0.0012271652450785014,0.004336658399552107,0.006259528454393148,0.004336658399552107,0,0.020747636153828353,0.017999999225139618,6.402842700481415e-10,0.0028722798451781273,0,1.2913280514337266e-10,6.938893903907228e-18,10,11,10,11,1,1,1,1,1,1,0.008999999612569809,0.008999999612569809,0.008999999612569809,0,0.040165857411921024,-0.03872971748933196,0.0014361399225890636,0.0014361399225890636,0.159571109379081,4.462873237885873,1,0,-0.00932716472199625,-0.00809999960605056,1.6615384522538923,0.0023862017041986574,0.00809999960605056,0.29459281731522624,1,1,0,3,3,0,0,0.017999999225139618
5008,17,2,4,17,73b26a1a83283f75319567e3752aee858714192e3b6e8e13c99cb604c226fce3,77f3c52eeda1cb519264446fe54a3405a79407fe6e577ae6e846fa3bb7c32ea3,0.010577473789453506,0.0,5.248708839644678e-05,5.248708839644678e-05,0.0,0.010577473789453506,0.0,0,1,0.9076921939849854,0.20944694064039504,13,1.661538353333106,0.002274191482835827,0.0014534721539504606,0.010577473789453506,5.248708839644678e-05,0.010577473789453506,5.248708839644678e-05,0.0020799224730581045,0.004150348715484142,0.0020799224730581045,0,0.01057747396407649,0.0,1.7462298274040222e-10,0.01057747396407649,0,3.4208795084839094e-11,3.469446951953614e-18,0,0,10,11,13,13,0,1,1,1,0.0,0.0,0.0,1,0.04003668687073514,-0.034747949888696894,0.005288736982038245,0.005288736982038245,inf,inf,0,0,5.2487054187651695e-05,3.469446951953614e-18,1.6615384505345263,0.008787439850420471,3.469446951953614e-18,inf,0,0,0,5,4,0,0,0.035999998450279236
5008,17,2,5,17,73b26a1a83283f75319567e3752aee858714192e3b6e8e13c99cb604c226fce3,77f3c52eeda1cb519264446fe54a3405a79407fe6e577ae6e846fa3bb7c32ea3,0.024483658373355865,0.035999998450279236,-0.0006107243825681508,-0.0006107243825681508,0.0,0.024483658373355865,0.035999998450279236,1,3,0.007692307233810425,0.20944694064039504,13,1.661538353333106,0.0024555763643382186,0.0014598781639743133,0.01151634007692337,-0.0006107243825681508,0.01151634007692337,0.0006107243825681508,0.0015325283166021109,0.008210450410842896,0.0015325283166021109,0,0.024483657907694578,0.035999998450279236,4.656612873077393e-10,0.011516340542584658,0,1.9120468403022173e-10,0.0,10,11,10,11,1,1,1,1,1,1,0.017999999225139618,0.017999999225139618,0.017999999225139618,0,0.04017079807817936,-0.03441262780688703,0.005758170271292329,0.005758170271292329,0.3198983621760498,2.231711100413549,1,0,-0.0006107241913634667,0.0,1.6615384505345263,0.009567421310477029,0.0,inf,0,0,0,1,1,1,1,0.00599999725818634
5008,18,0,1,18,fbefb05d01d0c79bc4b07575d9f305181e6a6d9927182d4d0a8f22bf086f137b,77f3c52eeda1cb519264446fe54a3405a79407fe6e577ae6e846fa3bb7c32ea3,0.007547417655587196,0.0,0.0002208960213465616,0.0002208960213465616,0.0,0.007547417655587196,0.0,0,1,0.9076921939849854,0.20944694064039504,13,1.661538353333106,0.0019840171118129996,0.0015931259950942543,0.007547417655587196,0.0002208960213465616,0.007547417655587196,0.0002208960213465616,0.001928392332047224,0.00389658915810287,0.001928392332047224,0,0.00754741788841784,0.0,2.3283064365386963e-10,0.00754741788841784,0,1.3756382231250308e-10,2.168404344971009e-19,0,0,10,11,13,13,0,1,1,1,0.0,0.0,0.0,1,0.007552727358415723,0.003779018414206803,0.00377370894420892,0.00377370894420892,inf,inf,0,0,0.00022089615891038392,2.168404344971009e-19,1.6615384505345263,0.006270162511929172,2.168404344971009e-19,inf,0,0,0,2,4,0,0,0.047999996691942215
5008,18,0,2,18,fbefb05d01d0c79bc4b07575d9f305181e6a6d9927182d4d0a8f22bf086f137b,77f3c52eeda1cb519264446fe54a3405a79407fe6e577ae6e846fa3bb7c32ea3,0.007981065660715103,0.0,0.0014150473289191723,0.0014150473289191723,0.0,0.007981065660715103,0.0,0,1,0.007692307233810425,0.20944694064039504,13,1.6615383533331063,0.0020569832551507964,0.0016067999293862363,0.007981065660715103,0.0014150473289191723,0.007981065660715103,0.0014150473289191723,0.0017418573843315244,0.003111928701400757,0.0017418573843315244,0,0.00798106551519595,0.0,1.4551915228366852e-10,0.00798106551519595,0,5.219430530140068e-11,1.0842021724855044e-19,0,0,10,11,13,13,0,1,1,1,0.0,0.0,0.0,1,0.0064143643248826265,0.002423831567284651,0.003990532757597975,0.003990532757597975,inf,inf,0,0,0.0014150473811134776,-1.0842021724855044e-19,1.661538450534526,0.00663042361486661,1.0842021724855044e-19,inf,0,0,0,3,3,0,0,0.047999996691942215
5008,18,0,3,18,fbefb05d01d0c79bc4b07575d9f305181e6a6d9927182d4d0a8f22bf086f137b,77f3c52eeda1cb519264446fe54a3405a79407fe6e577ae6e846fa3bb7c32ea3,0.007111088838428259,0.0,-0.0018671884899958968,-0.0018671884899958968,0.0,0.007111088838428259,0.0,0,1,0.9076923131942749,0.2094469155167731,13,1.661538461366525,0.0019192824685827408,0.0015554028844251436,0.007111088838428259,-0.0018671884899958968,0.007111088838428259,0.0018671884899958968,0.002995704999193549,0.00530964694917202,0.002995704999193549,0,0.007111088838428259,0.0,0.0,0.007111088838428259,0,1.3105566371712785e-10,4.336808689942018e-19,0,0,8,7,13,13,0,1,1,1,0.0,0.0,0.0,1,0.009676276938989758,0.006120732519775629,0.0035555444192141294,0.0035555444192141294,inf,inf,0,0,-0.0018671886210515605,-4.336808689942018e-19,1.6615384522538923,0.005907673771221009,4.336808689942018e-19,inf,0,0,0,4,5,0,0,0.047999996691942215
5008,18,0,4,18,fbefb05d01d0c79bc4b07575d9f305181e6a6d9927182d4d0a8f22bf086f137b,77f3c52eeda1cb519264446fe54a3405a79407fe6e577ae6e846fa3bb7c32ea3,0.01660601608455181,0.047999996691942215,-0.001264104968868196,-0.001264104968868196,-0.008307691647886082,0.01660601608455181,0.047999996691942215,1,4,0.9076921939849854,0.20944694064039504,13,1.661538353333106,0.01211378485409131,0.010976053925903414,0.031393980607390404,0.007043586679017886,0.031393980607390404,0.007043586679017886,0.002412396017462015,0.004399310797452927,0.002412396017462015,0,0.01660601608455181,0.047999996691942215,0.0,0.03669267985969782,0,6.298505514888697e-10,1.734723475976807e-18,1,11,10,11,4,1,0,0,1,0,0.0,0.017999998992308974,0.0,1,0.02408819179981947,-0.00574185186997056,0.01834633992984891,0.01834633992984891,inf,inf,0,0,-0.0012641043390176445,-0.00830769164788608,1.6615384505345263,0.030483149220020867,0.00830769164788608,3.6692682530865723,1,0,0,1,1,1,1,0.047999996691942215
5008,18,0,5,18,fbefb05d01d0c79bc4b07575d9f305181e6a6d9927182d4d0a8f22bf086f137b,77f3c52eeda1cb519264446fe54a3405a79407fe6e577ae6e846fa3bb7c32ea3,0.008854353800415993,0.0,-5.2789557230426e-05,-5.2789557230426e-05,0.0,0.008854353800415993,0.0,0,1,0.9076921939849854,0.20944694064039504,13,1.661538353333106,0.002205800781608766,0.0016915498758781943,0.008854353800415993,-5.2789557230426e-05,0.008854353800415993,5.2789557230426e-05,0.0019059103215113282,0.004097093362361193,0.0019059103215113282,0,0.008854353800415993,0.0,0.0,0.008854353800415993,0,1.5409619153611276e-10,2.168404344971009e-19,0,0,10,11,13,13,0,1,1,1,0.0,0.0,0.0,1,0.008031458826735616,0.0036042819265276194,0.004427176900207996,0.004427176900207996,inf,inf,0,0,-5.278940313423446e-05,2.168404344971009e-19,1.6615384505345263,0.007355924647013842,2.168404344971009e-19,inf,0,0,0,5,2,0,0,0.047999996691942215
5008,18,1,0,18,fbefb05d01d0c79bc4b07575d9f305181e6a6d9927182d4d0a8f22bf086f137b,77f3c52eeda1cb519264446fe54a3405a79407fe6e577ae6e846fa3bb7c32ea3,0.004654094576835632,0.0,-0.00043463768088258803,-0.00043463768088258803,-6.938893903907228e-18,0.004654094576835632,0.0,0,1,0.9076921939849854,0.20944694064039504,13,1.661538353333106,0.0012710040594045183,0.0009679875430270771,0.004654094576835632,-0.0004346376808825811,0.004654094576835632,0.0004346376808825811,0.0021121727768331766,0.004500957205891609,0.0021121727768331766,0,0.004654094576835632,0.0,0.0,0.004654094576835632,0,3.4551042894792605e-09,6.938893903907228e-18,0,0,4,11,13,13,0,1,1,1,0.0,0.0,0.0,1,0.00363115593791008,0.0013041086494922638,0.002327047288417816,0.002327047288417816,inf,inf,0,0,-0.0004346411359868775,0.0,1.6615384505345263,0.0038664785459183093,0.0,inf,0,0,0,4,5,0,0,0.04799999948590994
5008,18,1,2,18,fbefb05d01d0c79bc4b07575d9f305181e6a6d9927182d4d0a8f22bf086f137b,77f3c52eeda1cb519264446fe54a3405a79407fe6e577ae6e846fa3bb7c32ea3,0.017964206635951996,0.030000001192092896,-0.0008117035031318665,-0.0008117035031318665,0.0,0.017964206635951996,0.030000001192092896,1,3,0.007692307233810425,0.20944694064039504,13,1.6615383533331063,0.0028175314126237683,0.0020223043021365744,0.0120357945561409,-0.0008117035031318665,0.0120357945561409,0.0008117035031318665,0.0018624395597726107,0.004045472946017981,0.0018624395597726107,0,0.017964206635951996,0.030000001192092896,0.0,0.0120357945561409,0,7.683384345424926e-10,0.0,10,11,10,11,1,1,1,1,1,1,0.015000000596046448,0.015000000596046448,0.015000000596046448,0,0.008549850434064865,-0.0025319531559944153,0.00601789727807045,0.00601789727807045,0.40119313592938044,0.5699900062882898,1,0,-0.000811704271470301,0.0,1.661538450534526,0.009998967718881117,0.0,inf,0,0,0,2,3,0,0,0.017999998293817043
5008,18,1,3,18,fbefb05d01d0c79bc4b07575d9f305181e6a6d9927182d4d0a8f22bf086f137b,77f3c52eeda1cb519264446fe54a3405a79407fe6e577ae6e846fa3bb7c32ea3,0.018511328846216202,0.017999999225139618,-0.009266254492104053,-0.009266254492104053,-0.008099999606050554,0.018511328846216202,0.017999999225139618,1,3,0.9076923131942749,0.2094469155167731,13,1.661538461366525,0.001277509593846456,0.0011009200084844282,0.0005113296210765839,-0.0011662548860535,0.0005113296210765839,0.0011662548860535,0.002803680021315813,0.004423852078616619,0.002803680021315813,0,0.018511328846216202,0.017999999225139618,0.0,0.004209332168102264,0,1.5672892272194927e-09,5.204170427930421e-18,10,11,10,11,1,1,1,1,1,1,0.008999999612569809,0.008999999612569809,0.008999999612569809,0,0.0034872442483901978,-0.0013825781643390656,0.002104666084051132,0.002104666084051132,0.23385179718359764,0.387471599834266,1,0,-0.00926625605939328,-0.008099999606050548,1.6615384522538923,0.0034969836278055787,0.008099999606050548,0.4317263948004883,1,1,0,3,2,0,0,0.03000000026077032
5008,18,1,4,18,fbefb05d01d0c79bc4b07575d9f305181e6a6d9927182d4d0a8f22bf086f137b,77f3c52eeda1cb519264446fe54a3405a79407fe6e577ae6e846fa3bb7c32ea3,0.00570041686296463,0.0,8.568478369852528e-05,8.568478369852528e-05,-6.938893903907228e-18,0.00570041686296463,0.0,0,1,0.9076921939849854,0.20944694064039504,13,1.661538353333106,0.001518403612293602,0.0011402320932354451,0.00570041686296463,8.568478369853222e-05,0.00570041686296463,8.568478369853222e-05,0.0016028439858928323,0.003789664711803198,0.0016028439858928323,0,0.00570041686296463,0.0,0.0,0.00570041686296463,0,1.8804774404301838e-10,6.938893903907228e-18,0,0,4,11,13,13,0,1,1,1,0.0,0.0,0.0,1,0.004164271056652069,0.001314062625169754,0.002850208431482315,0.002850208431482315,inf,inf,0,0,8.568497174626932e-05,0.0,1.6615384505345263,0.004735730900945569,0.0,inf,0,0,0,5,4,0,0,0.04799999948590994
5008,18,1,5,18,fbefb05d01d0c79bc4b07575d9f305181e6a6d9927182d4d0a8f22bf086f137b,77f3c52eeda1cb519264446fe54a3405a79407fe6e577ae6e846fa3bb7c32ea3,0.022328699007630348,0.04799999948590994,-0.003080009249970317,-0.003080009249970317,-0.006230769243664454,0.022328699007630348,0.04799999948590994,1,4,0.9076921939849854,0.20944694064039504,13,1.661538353333106,0.01061775256912172,0.008971403325362318,0.02567130047827959,0.003150759993694137,0.02567130047827959,0.003150759993694137,0.001656776643358171,0.004862741567194462,0.001656776643358171,0,0.022328699007630348,0.04799999948590994,0.0,0.030951215885579586,0,2.676855345024043e-09,6.938893903907228e-18,1,11,10,11,3,1,0,0,1,0,0.0,0.017999999225139618,0.0,1,0.020561966113746166,-0.005086358170956373,0.015475607942789793,0.015475607942789793,inf,inf,0,0,-0.003080011926825662,-0.006230769243664461,1.6615384505345263,0.025713317642342762,0.006230769243664461,4.126828748872131,1,0,0,1,1,1,1,0.017999998293817043
5008,18,2,0,18,fbefb05d01d0c79bc4b07575d9f305181e6a6d9927182d4d0a8f22bf086f137b,77f3c52eeda1cb519264446fe54a3405a79407fe6e577ae6e846fa3bb7c32ea3,0.005691614001989365,0.0,-0.0012180734192952514,-0.0012180734192952514,0.0,0.005691614001989365,0.0,0,1,0.9076921939849854,0.20944694064039504,13,1.661538353333106,0.0017695822926039847,0.0014307194736582285,0.005691614001989365,-0.0012180734192952514,0.005691614001989365,0.0012180734192952514,0.004155196249485016,0.003608433762565255,0.004155196249485016,0,0.005691614001989365,0.0,0.0,0.005691614001989365,0,1.4605719862725852e-09,0.0,0,0,10,0,13,13,0,1,1,1,0.0,0.0,0.0,1,0.0032544583082199097,0.00040865130722522736,0.0028458070009946823,0.0028458070009946823,inf,inf,0,0,-0.001218071958723265,0.0,1.6615384505345263,0.004728417754953012,0.0,inf,0,0,0,4,5,0,0,0.035999998450279236
5008,18,2,1,18,fbefb05d01d0c79bc4b07575d9f305181e6a6d9927182d4d0a8f22bf086f137b,77f3c52eeda1cb519264446fe54a3405a79407fe6e577ae6e846fa3bb7c32ea3,0.02472681552171707,0.03000000026077032,-0.0028426358476281166,-0.0028426358476281166,6.44761778689773e-11,0.02472681552171707,0.03000000026077032,1,3,0.9076921939849854,0.20944694064039504,13,1.661538353333106,0.002254767165141826,0.001759196780401574,0.005273184739053249,-0.0028426359121042945,0.005273184739053249,0.0028426359121042945,0.003008781000971794,0.006469191052019596,0.003008781000971794,0,0.02472681552171707,0.03000000026077032,0.0,0.008437049575150013,0,9.698086899517788e-10,1.734723475976807e-18,10,11,10,11,1,1,1,1,1,1,0.014999999664723873,0.015000000596046448,0.014999999664723873,0,0.005664843134582043,-0.0014463183470070362,0.0042185247875750065,0.0042185247875750065,0.2812349921244257,0.37765621741341043,1,0,-0.0028426368174368066,6.447617960370078e-11,1.6615384505345263,0.007009241139088868,6.447617960370078e-11,108710552.98516096,0,0,0,2,2,0,0,0.005999998189508915
5008,18,2,3,18,fbefb05d01d0c79bc4b07575d9f305181e6a6d9927182d4d0a8f22bf086f137b,77f3c52eeda1cb519264446fe54a3405a79407fe6e577ae6e846fa3bb7c32ea3,0.021788541227579117,0.017999999225139618,-0.011149972677230835,-0.011149972677230835,-0.008099999606050554,0.021788541227579117,0.017999999225139618,1,3,0.9076923131942749,0.2094469155167731,13,1.661538461366525,0.001919697441662278,0.0015513954805375558,0.003788542002439499,-0.0030499730711802814,0.003788542002439499,0.0030499730711802814,0.00526853371411562,0.009322240948677063,0.00526853371411562,0,0.021788540296256542,0.017999999225139618,9.313225746154785e-10,0.00614960677921772,0,3.7469987182459086e-10,6.938893903907228e-18,10,11,10,11,1,1,1,1,1,1,0.008999999612569809,0.008999999612569809,0.008999999612569809,0,0.005270760506391525,-0.0021959571167826653,0.00307480338960886,0.00307480338960886,0.34164483577470933,0.5856400814762416,1,0,-0.011149973051930707,-0.008099999606050547,1.6615384522538923,0.0051089040649557275,0.008099999606050547,0.6307289275840795,1,1,0,3,3,0,0,0.017999999225139618
5008,18,2,4,18,fbefb05d01d0c79bc4b07575d9f305181e6a6d9927182d4d0a8f22bf086f137b,77f3c52eeda1cb519264446fe54a3405a79407fe6e577ae6e846fa3bb7c32ea3,0.010275434702634811,0.0,-0.0008243834599852562,-0.0008243834599852562,0.0,0.010275434702634811,0.0,0,1,0.9076921939849854,0.20944694064039504,13,1.661538353333106,0.002491567086205189,0.0019188682003134104,0.010275434702634811,-0.0008243834599852562,0.010275434702634811,0.0008243834599852562,0.00430194241926074,0.003365095006301999,0.00430194241926074,0,0.010275434702634811,0.0,0.0,0.010275434702634811,0,1.728233103501231e-09,0.0,0,0,10,11,13,13,0,1,1,1,0.0,0.0,0.0,1,0.005365699529647827,0.00022798217833042145,0.005137717351317406,0.005137717351317406,inf,inf,0,0,-0.0008243851882183597,0.0,1.6615384505345263,0.008536514927192273,0.0,inf,0,0,0,5,4,0,0,0.035999998450279236
5008,18,2,5,18,fbefb05d01d0c79bc4b07575d9f305181e6a6d9927182d4d0a8f22bf086f137b,77f3c52eeda1cb519264446fe54a3405a79407fe6e577ae6e846fa3bb7c32ea3,0.026022758334875107,0.035999998450279236,-0.0029568879399448633,-0.0029568879399448633,0.0,0.026022758334875107,0.035999998450279236,1,3,0.9076921939849854,0.20944694064039504,13,1.661538353333106,0.002800101763412997,0.0021123511595486184,0.009977240115404129,-0.0029568879399448633,0.009977240115404129,0.0029568879399448633,0.0031562577933073044,0.006620380096137524,0.0031562577933073044,0,0.026022758334875107,0.035999998450279236,0.0,0.010893862694501877,0,1.9819413471511282e-11,5.204170427930421e-18,10,11,10,11,1,1,1,1,1,1,0.017999999225139618,0.017999999225139618,0.017999999225139618,0,0.008011233061552048,-0.0025643017143011093,0.005446931347250938,0.005446931347250938,0.3026073100960752,0.4450685225787785,1,0,-0.002956887959764277,5.204170427930421e-18,1.6615384505345263,0.009050285870879264,5.204170427930421e-18,inf,0,0,0,1,1,1,1,0.005999998189508915
5008,19,0,1,19,f532e7a381803269ef68de9201ba50f89682b53c0cacb988a35ec40f94a54b1b,77f3c52eeda1cb519264446fe54a3405a79407fe6e577ae6e846fa3bb7c32ea3,0.026006214320659637,0.0,-0.0016214222414419055,-0.0016214222414419055,0.0,0.026006214320659637,0.0,0,1,0.9076921939849854,0.20944694064039504,13,1.661538353333106,0.006415487036338359,0.004860768625674598,0.026006214320659637,-0.0016214222414419055,0.026006214320659637,0.0016214222414419055,0.007157997693866491,0.011361434124410152,0.007157997693866491,0,0.026006214320659637,0.0,0.0,0.026006214320659637,0,1.481014937423919e-10,6.938893903907228e-18,0,0,12,4,13,13,0,1,1,1,0.0,0.0,0.0,1,0.12638544291257858,0.11338233575224876,0.013003107160329819,0.013003107160329819,inf,inf,0,0,-0.0016214223895433992,6.938893903907228e-18,1.6615384505345263,0.02160516252330881,6.938893903907228e-18,inf,0,0,0,2,3,0,0,0.04800000041723251
5008,19,0,2,19,f532e7a381803269ef68de9201ba50f89682b53c0cacb988a35ec40f94a54b1b,77f3c52eeda1cb519264446fe54a3405a79407fe6e577ae6e846fa3bb7c32ea3,0.027107838541269302,0.0,0.004694392438977957,0.004694392438977957,0.0,0.027107838541269302,0.0,0,1,0.9076921939849854,0.20944694064039504,13,1.6615383533331063,0.00712330538814751,0.005577361667198101,0.027107838541269302,0.004694392438977957,0.027107838541269302,0.004694392438977957,0.003777732839807868,0.008401601575314999,0.003777732839807868,0,0.02710783900693059,0.0,4.656612873077393e-10,0.02710783900693059,0,2.2407420797315725e-09,6.938893903907228e-18,0,0,12,4,13,13,0,1,1,1,0.0,0.0,0.0,1,0.12790201231837273,0.11434809281490743,0.013553919503465295,0.013553919503465295,inf,inf,0,0,0.004694390198235877,6.938893903907228e-18,1.661538450534526,0.02252035841045742,6.938893903907228e-18,inf,0,0,0,3,1,0,1,0.04800000041723251
5008,19,0,3,19,f532e7a381803269ef68de9201ba50f89682b53c0cacb988a35ec40f94a54b1b,77f3c52eeda1cb519264446fe54a3405a79407fe6e577ae6e846fa3bb7c32ea3,0.0221036858856678,0.0,0.0013057958567515016,0.0013057958567515016,0.0,0.0221036858856678,0.0,0,1,0.9076923131942749,0.2094469155167731,13,1.661538461366525,0.006431010047574106,0.00519819164386201,0.0221036858856678,0.0013057958567515016,0.0221036858856678,0.0013057958567515016,0.006312158890068531,0.009133252315223217,0.006312158890068531,0,0.022103684954345226,0.0,9.313225746154785e-10,0.022103684954345226,0,2.5167889476044453e-09,2.0816681711721685e-17,0,0,8,4,13,13,0,1,1,1,0.0,0.0,0.0,1,0.12176998984068632,0.11071814736351371,0.011051842477172613,0.011051842477172613,inf,inf,0,0,0.0013057983735404492,2.0816681711721685e-17,1.6615384522538923,0.018363061244075208,2.0816681711721685e-17,inf,0,0,0,4,4,0,0,0.04800000041723251
5008,19,0,4,19,f532e7a381803269ef68de9201ba50f89682b53c0cacb988a35ec40f94a54b1b,77f3c52eeda1cb519264446fe54a3405a79407fe6e577ae6e846fa3bb7c32ea3,0.018583407625555992,0.04800000041723251,0.0015197059838101268,0.0015197059838101268,-0.008307692582790654,0.018583407625555992,0.04800000041723251,1,4,0.9076921939849854,0.20944694064039504,13,1.661538353333106,0.015583252930404828,0.014059859322461152,0.02941659279167652,0.009827398566600781,0.02941659279167652,0.009827398566600781,0.009360900148749352,0.011452354490756989,0.009360900148749352,0,0.018583407625555992,0.04800000041723251,0.0,0.04858340881764889,0,4.187452815052062e-11,0.0,1,11,9,4,4,1,0,0,0,0,0.0,0.017999999225139618,0.0,1,0.13646186888217926,0.11217016447335482,0.024291704408824444,0.024291704408824444,inf,inf,0,0,0.001519706025684655,-0.008307692582790654,1.6615384505345263,0.04036160090428089,0.008307692582790654,4.858340688711779,0,0,0,1,5,1,0,0.04800000041723251
5008,19,0,5,19,f532e7a381803269ef68de9201ba50f89682b53c0cacb988a35ec40f94a54b1b,77f3c52eeda1cb519264446fe54a3405a79407fe6e577ae6e846fa3bb7c32ea3,0.027059199288487434,0.0,-0.0022002330515533686,-0.0022002330515533686,0.0,0.027059199288487434,0.0,0,1,0.9076921939849854,0.20944694064039504,13,1.661538353333106,0.006757079879488733,0.00501772188981058,0.027059199288487434,-0.0022002330515533686,0.027059199288487434,0.0022002330515533686,0.007567846216261387,0.010895867832005024,0.007567846216261387,0,0.027059199288487434,0.0,0.0,0.027059199288487434,0,2.1744842176874e-09,6.938893903907228e-18,0,0,12,4,13,13,0,1,1,1,0.0,0.0,0.0,1,0.1294530238956213,0.11592342425137758,0.013529599644243717,0.013529599644243717,inf,inf,0,0,-0.0022002352260375863,6.938893903907228e-18,1.6615384505345263,0.022479950029249185,6.938893903907228e-18,inf,0,0,0,5,2,0,0,0.04800000041723251
5008,19,1,0,19,f532e7a381803269ef68de9201ba50f89682b53c0cacb988a35ec40f94a54b1b,77f3c52eeda1cb519264446fe54a3405a79407fe6e577ae6e846fa3bb7c32ea3,0.005437418818473816,0.0,0.0002719759941101074,0.0002719759941101074,0.0,0.005437418818473816,0.0,0,1,0.9076921939849854,0.20944694064039504,13,1.661538353333106,0.0013625966540077548,0.001045281673676869,0.005437418818473816,0.0002719759941101074,0.005437418818473816,0.0002719759941101074,0.003781393636018038,0.0044519007205963135,0.003781393636018038,0,0.005437418818473816,0.0,0.0,0.005437418818473816,0,1.2877223350138411e-09,0.0,0,0,4,7,13,13,0,1,1,1,0.0,0.0,0.0,1,0.0047522783279418945,0.0020335689187049866,0.002718709409236908,0.002718709409236908,inf,inf,0,0,0.00027197728183244244,0.0,1.6615384505345263,0.004517240219277129,0.0,inf,0,0,0,4,4,0,0,0.04799999948590994
5008,19,1,2,19,f532e7a381803269ef68de9201ba50f89682b53c0cacb988a35ec40f94a54b1b,77f3c52eeda1cb519264446fe54a3405a79407fe6e577ae6e846fa3bb7c32ea3,0.017751574516296387,0.030000001192092896,-0.0009329219465143979,-0.0009329219465143979,0.0,0.017751574516296387,0.030000001192092896,1,3,0.9076921939849854,0.20944694064039504,13,1.6615383533331063,0.002951906452609914,0.0021972317667402464,0.012248426675796509,-0.0009329219465143979,0.012248426675796509,0.0009329219465143979,0.001965578179806471,0.00393274612724781,0.001965578179806471,0,0.017751574516296387,0.030000001192092896,0.0,0.012248426675796509,0,1.923629325273346e-09,0.0,10,11,10,11,1,1,1,1,1,1,0.015000000596046448,0.015000000596046448,0.015000000596046448,0,0.007359664887189865,-0.0012354515492916107,0.006124213337898254,0.006124213337898254,0.4082808729695927,0.4906443063162046,1,0,-0.0009329238701437231,0.0,1.661538450534526,0.010175615940194343,0.0,inf,0,0,0,2,3,0,0,0.017999998293817043
5008,19,1,3,19,f532e7a381803269ef68de9201ba50f89682b53c0cacb988a35ec40f94a54b1b,77f3c52eeda1cb519264446fe54a3405a79407fe6e577ae6e846fa3bb7c32ea3,0.018085787072777748,0.017999999225139618,-0.008897826075553894,-0.008897826075553894,-0.008099999606050554,0.018085787072777748,0.017999999225139618,1,3,0.9076923131942749,0.2094469155167731,13,1.661538461366525,0.0013974987796947088,0.0011910004155522974,8.578784763813019e-05,-0.0007978264695033405,8.578784763813019e-05,0.0007978264695033405,0.0034759552218019962,0.005384093150496483,0.0034759552218019962,0,0.018085787072777748,0.017999999225139618,0.0,0.004831884056329727,0,4.3657755188775127e-10,5.204170427930421e-18,10,11,10,11,1,1,1,1,1,1,0.008999999612569809,0.008999999612569809,0.008999999612569809,0,0.002617783844470978,0.0002018418163061142,0.0024159420281648636,0.0024159420281648636,0.268438014685095,0.2908648841289795,1,0,-0.008897825638976342,-0.008099999606050548,1.6615384522538923,0.004014180578212177,0.008099999606050548,0.49557787326479114,1,1,0,3,2,0,0,0.03000000026077032
5008,19,1,4,19,f532e7a381803269ef68de9201ba50f89682b53c0cacb988a35ec40f94a54b1b,77f3c52eeda1cb519264446fe54a3405a79407fe6e577ae6e846fa3bb7c32ea3,0.005426138639450073,0.0,0.00048649372183717787,0.00048649372183717787,0.0,0.005426138639450073,0.0,0,1,0.9076921939849854,0.20944694064039504,13,1.661538353333106,0.0015503957184369852,0.0011678570385515335,0.005426138639450073,0.00048649372183717787,0.005426138639450073,0.00048649372183717787,0.003841784782707691,0.003749685361981392,0.003841784782707691,0,0.005426138639450073,0.0,0.0,0.005426138639450073,0,2.2512055483647764e-09,0.0,0,0,4,11,13,13,0,1,1,1,0.0,0.0,0.0,1,0.004520203918218613,0.001807134598493576,0.0027130693197250366,0.0027130693197250366,inf,inf,0,0,0.00048649597304272624,0.0,1.6615384505345263,0.004507868993688699,0.0,inf,0,0,0,5,5,0,0,0.04799999948590994
5008,19,1,5,19,f532e7a381803269ef68de9201ba50f89682b53c0cacb988a35ec40f94a54b1b,77f3c52eeda1cb519264446fe54a3405a79407fe6e577ae6e846fa3bb7c32ea3,0.022475648671388626,0.04799999948590994,-0.0031869690865278244,-0.0031869690865278244,-0.006230769243664454,0.022475648671388626,0.04799999948590994,1,4,0.9076921939849854,0.20944694064039504,13,1.661538353333106,0.010313258247873254,0.008672483805456809,0.025524350814521313,0.0030438001571366294,0.025524350814521313,0.0030438001571366294,0.0018564147176221013,0.005554073955863714,0.0018564147176221013,0,0.022475648671388626,0.04799999948590994,0.0,0.030356607399880886,0,1.46900964309582e-09,6.938893903907228e-18,1,11,10,11,3,1,0,0,1,0,0.0,0.017999999225139618,0.0,1,0.018864351324737072,-0.003686047624796629,0.015178303699940443,0.015178303699940443,inf,inf,0,0,-0.0031869705555374675,-0.006230769243664461,1.6615384505345263,0.025219335211341513,0.006230769243664461,4.047547618134777,1,0,0,1,1,1,1,0.017999998293817043
5008,19,2,0,19,f532e7a381803269ef68de9201ba50f89682b53c0cacb988a35ec40f94a54b1b,77f3c52eeda1cb519264446fe54a3405a79407fe6e577ae6e846fa3bb7c32ea3,0.00568280229344964,0.0,-0.0002787600678857416,-0.0002787600678857416,0.0,0.00568280229344964,0.0,0,1,0.9076921939849854,0.20944694064039504,13,1.661538353333106,0.0013905230808041878,0.0009838695467047438,0.00568280229344964,-0.0002787600678857416,0.00568280229344964,0.0002787600678857416,0.002747379243373871,0.003923323471099138,0.002747379243373871,0,0.00568280229344964,0.0,0.0,0.00568280229344964,0,2.0456716398956076e-10,3.469446951953614e-18,0,0,10,11,13,13,0,1,1,1,0.0,0.0,0.0,1,0.034860781859606504,-0.032019380712881684,0.00284140114672482,0.00284140114672482,inf,inf,0,0,-0.0002787602724529056,3.469446951953614e-18,1.6615384505345263,0.004721097258676184,3.469446951953614e-18,inf,0,0,0,4,5,0,0,0.035999998450279236
5008,19,2,1,19,f532e7a381803269ef68de9201ba50f89682b53c0cacb988a35ec40f94a54b1b,77f3c52eeda1cb519264446fe54a3405a79407fe6e577ae6e846fa3bb7c32ea3,0.024049444124102592,0.030000001192092896,-0.0007541482336819172,-0.0007541482336819172,6.938893903907228e-18,0.024049444124102592,0.030000001192092896,1,3,0.9076921939849854,0.20944694064039504,13,1.661538353333106,0.0014977440612864196,0.0010744643634592994,0.005950557067990303,-0.0007541482336819241,0.005950557067990303,0.0007541482336819241,0.0018017453840002418,0.00857437402009964,0.0018017453840002418,0,0.02404944458976388,0.030000001192092896,4.656612873077393e-10,0.005950556602329016,0,5.243859591344546e-10,6.938893903907228e-18,10,11,10,11,1,1,1,1,1,1,0.015000000596046448,0.015000000596046448,0.015000000596046448,0,0.03696919046342373,-0.03399391216225922,0.002975278301164508,0.002975278301164508,0.198351878862505,2.464612599626676,1,0,-0.0007541477092959581,0.0,1.6615384505345263,0.0049435392984258746,0.0,inf,0,0,0,2,2,0,0,0.00599999725818634
5008,19,2,3,19,f532e7a381803269ef68de9201ba50f89682b53c0cacb988a35ec40f94a54b1b,77f3c52eeda1cb519264446fe54a3405a79407fe6e577ae6e846fa3bb7c32ea3,0.020334789529442787,0.017999999225139618,-0.009190368466079235,-0.009190368466079235,-0.008099999606050554,0.020334789529442787,0.017999999225139618,1,3,0.9076923131942749,0.2094469155167731,13,1.661538461366525,0.0008787310869961584,0.0007778380380271102,0.0023347903043031693,-0.0010903688600286815,0.0023347903043031693,0.0010903688600286815,0.0043977708555758,0.006632019765675068,0.0043977708555758,0,0.020334790227934718,0.017999999225139618,6.984919309616089e-10,0.002772499807178974,0,2.232916577332711e-10,6.938893903907228e-18,10,11,10,11,1,1,1,1,1,1,0.008999999612569809,0.008999999612569809,0.008999999612569809,0,0.03807517606765032,-0.03668892616406083,0.001386249903589487,0.001386249903589487,0.15402777369605522,4.230575300744769,1,0,-0.009190368242787577,-0.00809999960605056,1.6615384522538923,0.002303307519247184,0.00809999960605056,0.2843589668234864,1,1,0,3,3,0,0,0.017999999225139618
5008,19,2,4,19,f532e7a381803269ef68de9201ba50f89682b53c0cacb988a35ec40f94a54b1b,77f3c52eeda1cb519264446fe54a3405a79407fe6e577ae6e846fa3bb7c32ea3,0.010455096140503883,0.0,-0.0004601445107255131,-0.0004601445107255131,0.0,0.010455096140503883,0.0,0,1,0.9076921939849854,0.20944694064039504,13,1.661538353333106,0.002248478623053933,0.0015055820919000185,0.010455096140503883,-0.0004601445107255131,0.010455096140503883,0.0004601445107255131,0.002659575315192342,0.004752320237457752,0.002659575315192342,0,0.010455095674842596,0.0,4.656612873077393e-10,0.010455095674842596,0,1.7739633026425672e-10,3.469446951953614e-18,0,0,10,11,13,13,0,1,1,1,0.0,0.0,0.0,1,0.0389051609672606,-0.0336776131298393,0.005227547837421298,0.005227547837421298,inf,inf,0,0,-0.00046014468812184336,3.469446951953614e-18,1.6615384505345263,0.008685771733884098,3.469446951953614e-18,inf,0,0,0,5,4,0,0,0.035999998450279236
5008,19,2,5,19,f532e7a381803269ef68de9201ba50f89682b53c0cacb988a35ec40f94a54b1b,77f3c52eeda1cb519264446fe54a3405a79407fe6e577ae6e846fa3bb7c32ea3,0.024646257981657982,0.035999998450279236,-0.0006782288546673954,-0.0006782288546673954,0.0,0.024646257981657982,0.035999998450279236,1,3,0.9076921939849854,0.20944694064039504,13,1.661538353333106,0.002423525906985889,0.0014904985623158647,0.011353740468621254,-0.0006782288546673954,0.011353740468621254,0.0006782288546673954,0.0019153183093294501,0.008533157408237457,0.0019153183093294501,0,0.024646257981657982,0.035999998450279236,0.0,0.011353740468621254,0,5.729793766187652e-11,0.0,10,11,10,11,1,1,1,1,1,1,0.017999999225139618,0.017999999225139618,0.017999999225139618,0,0.03919808566570282,-0.03352121543139219,0.005676870234310627,0.005676870234310627,0.3153816932604115,2.1776715196163448,1,0,-0.000678228911965333,0.0,1.6615384505345263,0.009432338173002052,0.0,inf,0,0,0,1,1,1,1,0.00599999725818634
5008,20,0,1,20,f319fea93f338d70843ab614f5553a383eebdb76bd2ab760354aa0575802bdcb,77f3c52eeda1cb519264446fe54a3405a79407fe6e577ae6e846fa3bb7c32ea3,0.025944426655769348,0.0,-0.0016724701272323728,-0.0016724701272323728,0.0,0.025944426655769348,0.0,0,1,0.007692307233810425,0.20944694064039504,13,1.661538353333106,0.006405176023942817,0.004859349180587096,0.025944426655769348,-0.0016724701272323728,0.025944426655769348,0.0016724701272323728,0.007160604931414127,0.011300653219223022,0.007160604931414127,0,0.025944427121430635,0.0,4.656612873077393e-10,0.025944427121430635,0,1.2865796789485878e-09,6.938893903907228e-18,0,0,12,4,13,13,0,1,1,1,0.0,0.0,0.0,1,0.12654886953532696,0.11357665597461164,0.012972213560715318,0.012972213560715318,inf,inf,0,0,-0.0016724688406526938,6.938893903907228e-18,1.6615384505345263,0.021553831619673898,6.938893903907228e-18,inf,0,0,0,2,3,0,0,0.04800000041723251
5008,20,0,2,20,f319fea93f338d70843ab614f5553a383eebdb76bd2ab760354aa0575802bdcb,77f3c52eeda1cb519264446fe54a3405a79407fe6e577ae6e846fa3bb7c32ea3,0.027033880352973938,0.0,0.004430793225765228,0.004430793225765228,0.0,0.027033880352973938,0.0,0,1,0.9076921939849854,0.20944694064039504,13,1.6615383533331063,0.007164505256040946,0.005641602885051074,0.027033880352973938,0.004430793225765228,0.027033880352973938,0.004430793225765228,0.0037280742544680834,0.007987739518284798,0.0037280742544680834,0,0.027033880993258208,0.0,6.402842700481415e-10,0.027033880993258208,0,1.0828354966158082e-10,6.938893903907228e-18,0,0,12,4,13,13,0,1,1,1,0.0,0.0,0.0,1,0.13439578004181385,0.12087883954518475,0.013516940496629104,0.013516940496629104,inf,inf,0,0,0.004430793334048778,6.938893903907228e-18,1.661538450534526,0.02245891636873651,6.938893903907228e-18,inf,0,0,0,3,1,0,1,0.04800000041723251
5008,20,0,3,20,f319fea93f338d70843ab614f5553a383eebdb76bd2ab760354aa0575802bdcb,77f3c52eeda1cb519264446fe54a3405a79407fe6e577ae6e846fa3bb7c32ea3,0.023035438731312752,0.0,0.001125294715166092,0.001125294715166092,0.0,0.023035438731312752,0.0,0,1,0.9076923131942749,0.2094469155167731,13,1.661538461366525,0.006556939666699283,0.005021330892396319,0.023035438731312752,0.001125294715166092,0.023035438731312752,0.001125294715166092,0.005974235013127327,0.00984366424381733,0.005974235013127327,0,0.02303543931338936,0.0,5.820766091346741e-10,0.02303543931338936,0,1.4880175824155684e-10,2.0816681711721685e-17,0,0,12,4,13,13,0,1,1,1,0.0,0.0,0.0,1,0.12949673645198345,0.11797901679528877,0.01151771965669468,0.01151771965669468,inf,inf,0,0,0.0011252948639678502,2.0816681711721685e-17,1.6615384522538923,0.01913713409187871,2.0816681711721685e-17,inf,0,0,0,4,4,0,0,0.04800000041723251
5008,20,0,4,20,f319fea93f338d70843ab614f5553a383eebdb76bd2ab760354aa0575802bdcb,77f3c52eeda1cb519264446fe54a3405a79407fe6e577ae6e846fa3bb7c32ea3,0.018844440579414368,0.04800000041723251,0.0004622886481229216,0.0004622886481229216,-0.008307692582790654,0.018844440579414368,0.04800000041723251,1,4,0.9076921939849854,0.20944694064039504,13,1.661538353333106,0.015510162090192329,0.013857017408990297,0.029155559837818146,0.008769981230913576,0.029155559837818146,0.008769981230913576,0.008191866800189018,0.00991284940391779,0.008191866800189018,0,0.018844440579414368,0.04800000041723251,0.0,0.04884444177150726,0,2.4482311126311496e-09,0.0,1,11,9,4,4,1,0,0,0,0,0.0,0.017999999225139618,0.0,1,0.14236381277441978,0.11794159188866615,0.02442222088575363,0.02442222088575363,inf,inf,0,0,0.00046228619989180895,-0.008307692582790654,1.6615384505345263,0.04057845904912703,0.008307692582790654,4.884443983060365,0,0,0,1,5,1,0,0.04800000041723251
5008,20,0,5,20,f319fea93f338d70843ab614f5553a383eebdb76bd2ab760354aa0575802bdcb,77f3c52eeda1cb519264446fe54a3405a79407fe6e577ae6e846fa3bb7c32ea3,0.02675640769302845,0.0,-0.0019632212352007627,-0.0019632212352007627,0.0,0.02675640769302845,0.0,0,1,0.9076921939849854,0.20944694064039504,13,1.661538353333106,0.006662523328723958,0.004934897329437838,0.02675640769302845,-0.0019632212352007627,0.02675640769302845,0.0019632212352007627,0.007259593345224857,0.011273982934653759,0.007259593345224857,0,0.02675640839152038,0.0,6.984919309616089e-10,0.02675640839152038,0,3.1347235128834083e-09,6.938893903907228e-18,0,0,12,4,13,13,0,1,1,1,0.0,0.0,0.0,1,0.1382132340222597,0.12483502982649952,0.01337820419576019,0.01337820419576019,inf,inf,0,0,-0.00196321810047725,6.938893903907228e-18,1.6615384505345263,0.022228400670357886,6.938893903907228e-18,inf,0,0,0,5,2,0,0,0.04800000041723251
5008,20,1,0,20,f319fea93f338d70843ab614f5553a383eebdb76bd2ab760354aa0575802bdcb,77f3c52eeda1cb519264446fe54a3405a79407fe6e577ae6e846fa3bb7c32ea3,0.0042071230709552765,0.0,0.0005291330744512379,0.0005291330744512379,0.0,0.0042071230709552765,0.0,0,1,0.9076921939849854,0.20944694064039504,13,1.661538353333106,0.0013243516310646793,0.0011671185493469238,0.0042071230709552765,0.0005291330744512379,0.0042071230709552765,0.0005291330744512379,0.001956838881596923,0.0023470197338610888,0.001956838881596923,0,0.0042071230709552765,0.0,0.0,0.0042071230709552765,0,1.9709232371156737e-09,1.734723475976807e-18,0,0,4,11,13,13,0,1,1,1,0.0,0.0,0.0,1,0.002131989225745201,2.8427690267562866e-05,0.0021035615354776382,0.0021035615354776382,inf,inf,0,0,0.0005291311035280008,-1.734723475976807e-18,1.6615384505345263,0.003495148374261544,1.734723475976807e-18,inf,0,0,0,4,5,0,0,0.047999998554587364
5008,20,1,2,20,f319fea93f338d70843ab614f5553a383eebdb76bd2ab760354aa0575802bdcb,77f3c52eeda1cb519264446fe54a3405a79407fe6e577ae6e846fa3bb7c32ea3,0.020255358889698982,0.03000000026077032,-0.0005455759237520397,-0.0005455759237520397,6.447618133842425e-11,0.020255358889698982,0.03000000026077032,1,3,0.9076921939849854,0.20944694064039504,13,1.6615383533331063,0.0023078289905052187,0.0016779705727770484,0.009744641371071339,-0.000545575988228221,0.009744641371071339,0.000545575988228221,0.002220525871962309,0.006984521169215441,0.002220525871962309,0,0.020255358889698982,0.03000000026077032,0.0,0.009744641371071339,0,1.7632131640160642e-09,6.938893903907228e-18,10,11,10,11,1,1,1,1,1,1,0.014999999664723873,0.015000000596046448,0.014999999664723873,0,0.005684674717485905,-0.0008123540319502354,0.004872320685535669,0.004872320685535669,0.324821386296035,0.37897832296988593,1,0,-0.0005455776869652037,6.447617439953035e-11,1.661538450534526,0.008095548162352256,6.447617439953035e-11,125558754.65234216,0,0,0,2,2,0,0,0.017999998293817043
5008,20,1,3,20,f319fea93f338d70843ab614f5553a383eebdb76bd2ab760354aa0575802bdcb,77f3c52eeda1cb519264446fe54a3405a79407fe6e577ae6e846fa3bb7c32ea3,0.019857127219438553,0.017999999225139618,-0.010050068609416485,-0.010050068609416485,-0.008099999606050554,0.019857127219438553,0.017999999225139618,1,3,0.9076923131942749,0.2094469155167731,13,1.661538461366525,0.0012730164816632003,0.0010186388713897333,0.001857127994298935,-0.0019500690033659313,0.001857127994298935,0.0019500690033659313,0.0037530208937823772,0.005661400500684977,0.0037530208937823772,0,0.019857126288115978,0.017999999225139618,9.313225746154785e-10,0.004517965950071812,0,1.777829923207963e-09,6.938893903907228e-18,10,11,10,11,1,1,1,1,1,1,0.008999999612569809,0.008999999612569809,0.008999999612569809,0,0.004414164461195469,0.002155181486159563,0.002258982975035906,0.002258982975035906,0.25099811914223946,0.49046273902394905,1,0,-0.010050070387246408,-0.008099999606050547,1.6615384522538923,0.003753387076009052,0.008099999606050547,0.46338114303182715,1,1,0,3,3,0,0,0.029999999329447746
5008,20,1,4,20,f319fea93f338d70843ab614f5553a383eebdb76bd2ab760354aa0575802bdcb,77f3c52eeda1cb519264446fe54a3405a79407fe6e577ae6e846fa3bb7c32ea3,0.008045917376875877,0.0,0.0006099545280449092,0.0006099545280449092,0.0,0.008045917376875877,0.0,0,1,0.9076921939849854,0.20944694064039504,13,1.661538353333106,0.0018874363978864674,0.0014174212012770615,0.008045917376875877,0.0006099545280449092,0.008045917376875877,0.0006099545280449092,0.001769681228324771,0.0023068778682500124,0.001769681228324771,0,0.008045917376875877,0.0,0.0,0.008045917376875877,0,4.723873618661667e-10,1.734723475976807e-18,0,0,10,11,13,13,0,1,1,1,0.0,0.0,0.0,1,0.004084382206201553,-6.142351776361465e-05,0.004022958688437939,0.004022958688437939,inf,inf,0,0,0.0006099540556575474,-1.734723475976807e-18,1.6615384505345263,0.006684300545751583,1.734723475976807e-18,inf,0,0,0,5,4,0,0,0.047999998554587364
5008,20,1,5,20,f319fea93f338d70843ab614f5553a383eebdb76bd2ab760354aa0575802bdcb,77f3c52eeda1cb519264446fe54a3405a79407fe6e577ae6e846fa3bb7c32ea3,0.025435294955968857,0.047999998554587364,-0.003365450771525502,-0.003365450771525502,-0.006230769050235927,0.025435294955968857,0.047999998554587364,1,4,0.9076921939849854,0.20944694064039504,13,1.661538353333106,0.011103898607993875,0.009199016336241416,0.022564703598618507,0.002865318278710425,0.022564703598618507,0.002865318278710425,0.0025061946362257004,0.007921446114778519,0.0025061946362257004,0,0.025435294024646282,0.047999998554587364,9.313225746154785e-10,0.03128032945096493,0,4.827748912444862e-10,6.938893903907228e-18,1,11,10,11,3,1,0,0,1,0,0.0,0.017999999225139618,0.0,1,0.021049773320555687,-0.005409608595073223,0.015640164725482464,0.015640164725482464,inf,inf,0,0,-0.0033654512543003934,-0.00623076905023592,1.6615384505345263,0.02598673506408289,0.00623076905023592,4.170710686684645,1,0,0,1,1,1,1,0.017999998293817043
5008,20,2,0,20,f319fea93f338d70843ab614f5553a383eebdb76bd2ab760354aa0575802bdcb,77f3c52eeda1cb519264446fe54a3405a79407fe6e577ae6e846fa3bb7c32ea3,0.00663172360509634,0.0,-0.0002181708550779149,-0.0002181708550779149,0.0,0.00663172360509634,0.0,0,1,0.9076921939849854,0.20944694064039504,13,1.661538353333106,0.0015634522688969645,0.001087625891234748,0.00663172360509634,-0.0002181708550779149,0.00663172360509634,0.0002181708550779149,0.002707313047721982,0.0038102464750409126,0.002707313047721982,0,0.00663172360509634,0.0,0.0,0.00663172360509634,0,1.6867997406841417e-10,3.469446951953614e-18,0,0,10,11,13,13,0,1,1,1,0.0,0.0,0.0,1,0.03451237641274929,-0.03119651461020112,0.00331586180254817,0.00331586180254817,inf,inf,0,0,-0.00021817068639794083,3.469446951953614e-18,1.6615384505345263,0.005509431881592508,3.469446951953614e-18,inf,0,0,0,4,5,0,0,0.035999998450279236
5008,20,2,1,20,f319fea93f338d70843ab614f5553a383eebdb76bd2ab760354aa0575802bdcb,77f3c52eeda1cb519264446fe54a3405a79407fe6e577ae6e846fa3bb7c32ea3,0.02412364073097706,0.030000001192092896,-0.0007648354512639344,-0.0007648354512639344,6.938893903907228e-18,0.02412364073097706,0.030000001192092896,1,3,0.007692307233810425,0.20944694064039504,13,1.661538353333106,0.0014824742469189466,0.0010710242452353414,0.005876360461115837,-0.0007648354512639413,0.005876360461115837,0.0007648354512639413,0.001810576650314033,0.00860759150236845,0.001810576650314033,0,0.02412364026531577,0.030000001192092896,4.656612873077393e-10,0.005876360926777124,0,7.401899579373428e-11,6.938893903907228e-18,10,11,10,11,1,1,1,1,1,1,0.015000000596046448,0.015000000596046448,0.015000000596046448,0,0.0369573924690485,-0.03401921200565994,0.002938180463388562,0.002938180463388562,0.19587868977571765,2.4638260666995815,1,0,-0.0007648353772449386,0.0,1.6615384505345263,0.0048818998145294485,0.0,inf,0,0,0,2,2,0,0,0.00599999725818634
5008,20,2,3,20,f319fea93f338d70843ab614f5553a383eebdb76bd2ab760354aa0575802bdcb,77f3c52eeda1cb519264446fe54a3405a79407fe6e577ae6e846fa3bb7c32ea3,0.020774709060788155,0.017999999225139618,-0.009216634556651115,-0.009216634556651115,-0.008099999606050554,0.020774709060788155,0.017999999225139618,1,3,0.9076923131942749,0.2094469155167731,13,1.661538461366525,0.0009703273075302575,0.0008453405985729933,0.0027747098356485367,-0.0011166349506005618,0.0027747098356485367,0.0011166349506005618,0.004434842616319656,0.006611069664359093,0.004434842616319656,0,0.020774708595126867,0.017999999225139618,4.656612873077393e-10,0.0032761571928858757,0,5.243272621635597e-10,6.938893903907228e-18,10,11,10,11,1,1,1,1,1,1,0.008999999612569809,0.008999999612569809,0.008999999612569809,0,0.03737814072519541,-0.03574006212875247,0.0016380785964429379,0.0016380785964429379,0.18200874077317988,4.153126926026907,1,0,-0.009216634032323853,-0.00809999960605056,1.6615384522538923,0.002721730575804027,0.00809999960605056,0.3360161368120242,1,1,0,3,3,0,0,0.017999999225139618
5008,20,2,4,20,f319fea93f338d70843ab614f5553a383eebdb76bd2ab760354aa0575802bdcb,77f3c52eeda1cb519264446fe54a3405a79407fe6e577ae6e846fa3bb7c32ea3,0.011344159953296185,0.0,-0.0002603845205157995,-0.0002603845205157995,0.0,0.011344159953296185,0.0,0,1,0.9076921939849854,0.20944694064039504,13,1.661538353333106,0.0024027938996823736,0.0015344688690890223,0.011344159953296185,-0.0002603845205157995,0.011344159953296185,0.0002603845205157995,0.0025741164572536945,0.00460458779707551,0.0025741164572536945,0,0.011344159720465541,0.0,2.3283064365386963e-10,0.011344159720465541,0,7.163354289081714e-10,3.469446951953614e-18,0,0,10,11,13,13,0,1,1,1,0.0,0.0,0.0,1,0.038061355939134955,-0.032389276078902185,0.0056720798602327704,0.0056720798602327704,inf,inf,0,0,-0.0002603838041803706,3.469446951953614e-18,1.6615384505345263,0.00942437878227925,3.469446951953614e-18,inf,0,0,0,5,4,0,0,0.035999998450279236
5008,20,2,5,20,f319fea93f338d70843ab614f5553a383eebdb76bd2ab760354aa0575802bdcb,77f3c52eeda1cb519264446fe54a3405a79407fe6e577ae6e846fa3bb7c32ea3,0.02481958642601967,0.035999998450279236,-0.000599612423684448,-0.000599612423684448,0.0,0.02481958642601967,0.035999998450279236,1,3,0.9076921939849854,0.20944694064039504,13,1.661538353333106,0.002369968907620168,0.0014683226641465927,0.011180412024259567,-0.000599612423684448,0.011180412024259567,0.000599612423684448,0.002211968647316098,0.008361376821994781,0.002211968647316098,0,0.02481958642601967,0.035999998450279236,0.0,0.011180412024259567,0,4.912417894339938e-10,0.0,10,11,10,11,1,1,1,1,1,1,0.017999999225139618,0.017999999225139618,0.017999999225139618,0,0.03832659684121609,-0.032736390829086304,0.005590206012129784,0.005590206012129784,0.3105670140431033,2.1292554717273218,1,0,-0.0005996129149262374,0.0,1.6615384505345263,0.009288342235562914,0.0,inf,0,0,0,1,1,1,1,0.00599999725818634
5008,21,0,1,21,b3a9107fbdf49d5bd425591066d97338c40c3142296b1c5bd1ccd073ff1c6a50,77f3c52eeda1cb519264446fe54a3405a79407fe6e577ae6e846fa3bb7c32ea3,0.0077934665605425835,0.0,-0.0002770998689811677,-0.0002770998689811677,0.0,0.0077934665605425835,0.0,0,1,0.9076921939849854,0.20944694064039504,13,1.661538353333106,0.002100752205695747,0.0017009891139773221,0.0077934665605425835,-0.0002770998689811677,0.0077934665605425835,0.0002770998689811677,0.0016783588798716664,0.003508318215608597,0.0016783588798716664,0,0.00779346632771194,0.0,2.3283064365386963e-10,0.00779346632771194,0,3.997976975519957e-10,2.168404344971009e-19,0,0,10,11,13,13,0,1,1,1,0.0,0.0,0.0,1,0.007794172735884786,0.0038974395720288157,0.00389673316385597,0.00389673316385597,inf,inf,0,0,-0.0002771002687788652,2.168404344971009e-19,1.6615384505345263,0.0064745719832197506,2.168404344971009e-19,inf,0,0,0,2,4,0,0,0.047999996691942215
5008,21,0,2,21,b3a9107fbdf49d5bd425591066d97338c40c3142296b1c5bd1ccd073ff1c6a50,77f3c52eeda1cb519264446fe54a3405a79407fe6e577ae6e846fa3bb7c32ea3,0.008724873885512352,0.0,0.0014315703883767128,0.0014315703883767128,0.0,0.008724873885512352,0.0,0,1,0.9076921939849854,0.20944694064039504,13,1.6615383533331063,0.002208323409912492,0.0018058515280573325,0.008724873885512352,0.0014315703883767128,0.008724873885512352,0.0014315703883767128,0.0019003176130354404,0.0036950029898434877,0.0019003176130354404,0,0.008724873885512352,0.0,0.0,0.008724873885512352,0,8.931855728123994e-10,1.0842021724855044e-19,0,0,10,11,13,13,0,1,1,1,0.0,0.0,0.0,1,0.006951399380341172,0.0025889624375849962,0.004362436942756176,0.004362436942756176,inf,inf,0,0,0.0014315712815622856,-1.0842021724855044e-19,1.661538450534526,0.007248356718421672,1.0842021724855044e-19,inf,0,0,0,3,3,0,0,0.047999996691942215
5008,21,0,3,21,b3a9107fbdf49d5bd425591066d97338c40c3142296b1c5bd1ccd073ff1c6a50,77f3c52eeda1cb519264446fe54a3405a79407fe6e577ae6e846fa3bb7c32ea3,0.007129153702408075,0.0,-0.002069600624963641,-0.002069600624963641,0.0,0.007129153702408075,0.0,0,1,0.9076923131942749,0.2094469155167731,13,1.661538461366525,0.0020735714731718435,0.0016335432180727026,0.007129153702408075,-0.002069600624963641,0.007129153702408075,0.002069600624963641,0.0023380788043141365,0.003600847441703081,0.0023380788043141365,0,0.007129153702408075,0.0,0.0,0.007129153702408075,0,4.234959292970242e-10,4.336808689942018e-19,0,0,8,7,13,13,0,1,1,1,0.0,0.0,0.0,1,0.010905232513323426,0.007340655662119389,0.0035645768512040377,0.0035645768512040377,inf,inf,0,0,-0.002069600201467712,-4.336808689942018e-19,1.6615384522538923,0.00592268150428961,4.336808689942018e-19,inf,0,0,0,4,5,0,0,0.047999996691942215
5008,21,0,4,21,b3a9107fbdf49d5bd425591066d97338c40c3142296b1c5bd1ccd073ff1c6a50,77f3c52eeda1cb519264446fe54a3405a79407fe6e577ae6e846fa3bb7c32ea3,0.018467674031853676,0.047999996691942215,-0.0013462171191349626,-0.0013462171191349626,-0.008307691647886082,0.018467674031853676,0.047999996691942215,1,4,0.9076921939849854,0.20944694064039504,13,1.661538353333106,0.012159479671607966,0.010978586696220574,0.02953232266008854,0.00696147452875112,0.02953232266008854,0.00696147452875112,0.0025863144546747208,0.005597253795713186,0.0025863144546747208,0,0.018467673333361745,0.047999996691942215,6.984919309616089e-10,0.03561157803051174,0,4.531636294512198e-10,1.734723475976807e-18,1,11,10,11,4,1,0,0,1,0,0.0,0.017999998992308974,0.0,1,0.022438894957304,-0.004633105942048132,0.01780578901525587,0.01780578901525587,inf,inf,0,0,-0.001346217572298592,-0.00830769164788608,1.6615384505345263,0.029585003090952924,0.00830769164788608,3.5611580622977175,1,0,0,1,1,1,1,0.047999996691942215
5008,21,0,5,21,b3a9107fbdf49d5bd425591066d97338c40c3142296b1c5bd1ccd073ff1c6a50,77f3c52eeda1cb519264446fe54a3405a79407fe6e577ae6e846fa3bb7c32ea3,0.009591540321707726,0.0,-0.00044320712913759053,-0.00044320712913759053,0.0,0.009591540321707726,0.0,0,1,0.9076921939849854,0.20944694064039504,13,1.661538353333106,0.0023981506321025326,0.001885887313931739,0.009591540321707726,-0.00044320712913759053,0.009591540321707726,0.00044320712913759053,0.0016726800240576267,0.0038693402893841267,0.0016726800240576267,0,0.009591540438123047,0.0,1.1641532182693481e-10,0.009591540438123047,0,3.5710647286468777e-10,2.168404344971009e-19,0,0,10,11,13,13,0,1,1,1,0.0,0.0,0.0,1,0.008651980431750417,0.003856210212688893,0.004795770219061524,0.004795770219061524,inf,inf,0,0,-0.00044320677203111766,2.168404344971009e-19,1.6615384505345263,0.00796835661889911,2.168404344971009e-19,inf,0,0,0,5,2,0,0,0.047999996691942215
5008,21,1,0,21,b3a9107fbdf49d5bd425591066d97338c40c3142296b1c5bd1ccd073ff1c6a50,77f3c52eeda1cb519264446fe54a3405a79407fe6e577ae6e846fa3bb7c32ea3,0.0050947703421115875,0.0,-0.00019769370555877686,-0.00019769370555877686,-6.938893903907228e-18,0.0050947703421115875,0.0,0,1,0.9076921939849854,0.20944694064039504,13,1.661538353333106,0.001404539808876925,0.0011305950537941157,0.0050947703421115875,-0.00019769370555876992,0.0050947703421115875,0.00019769370555876992,0.0024674287997186184,0.004930673632770777,0.0024674287997186184,0,0.0050947703421115875,0.0,0.0,0.0050947703421115875,0,2.019018285892571e-10,6.938893903907228e-18,0,0,10,11,13,13,0,1,1,1,0.0,0.0,0.0,1,0.0028760507702827454,0.0003286655992269516,0.0025473851710557938,0.0025473851710557938,inf,inf,0,0,-0.00019769350365694827,0.0,1.6615384505345263,0.0042325784100306725,0.0,inf,0,0,0,4,5,0,0,0.04799999948590994
5008,21,1,2,21,b3a9107fbdf49d5bd425591066d97338c40c3142296b1c5bd1ccd073ff1c6a50,77f3c52eeda1cb519264446fe54a3405a79407fe6e577ae6e846fa3bb7c32ea3,0.018971890211105347,0.030000001192092896,-0.0014038551598787308,-0.0014038551598787308,0.0,0.018971890211105347,0.030000001192092896,1,3,0.9076921939849854,0.20944694064039504,13,1.6615383533331063,0.002771914689971882,0.0021493691928993314,0.011028110980987549,-0.0014038551598787308,0.011028110980987549,0.0014038551598787308,0.0018358943052589893,0.005309000611305237,0.0018358943052589893,0,0.018971890211105347,0.030000001192092896,0.0,0.011028110980987549,0,6.497924559534241e-10,0.0,10,11,10,11,1,1,1,1,1,1,0.015000000596046448,0.015000000596046448,0.015000000596046448,0,0.00846126675605774,-0.002947211265563965,0.005514055490493774,0.005514055490493774,0.3676036847589936,0.5640844279891479,1,0,-0.0014038558096711867,0.0,1.661538450534526,0.009161815215836422,0.0,inf,0,0,0,2,3,0,0,0.017999998293817043
5008,21,1,3,21,b3a9107fbdf49d5bd425591066d97338c40c3142296b1c5bd1ccd073ff1c6a50,77f3c52eeda1cb519264446fe54a3405a79407fe6e577ae6e846fa3bb7c32ea3,0.019143035635352135,0.017999999225139618,-0.009430131874978542,-0.009430131874978542,-0.008099999606050554,0.019143035635352135,0.017999999225139618,1,3,0.9076923131942749,0.2094469155167731,13,1.661538461366525,0.001596628088162825,0.0012989710994373406,0.0011430364102125168,-0.0013301322689279887,0.0011430364102125168,0.0013301322689279887,0.0029566611628979445,0.004910483956336975,0.0029566611628979445,0,0.019143035635352135,0.017999999225139618,0.0,0.005802866071462631,0,4.4463094352187316e-09,5.204170427930421e-18,10,11,10,11,1,1,1,1,1,1,0.008999999612569809,0.008999999612569809,0.008999999612569809,0,0.004901964217424393,-0.002000531181693077,0.0029014330357313156,0.0029014330357313156,0.322381462292403,0.5446627142714636,1,0,-0.009430136321287978,-0.008099999606050548,1.6615384522538923,0.004820842555507322,0.008099999606050548,0.5951657765398214,1,1,0,3,2,0,0,0.03000000026077032
5008,21,1,4,21,b3a9107fbdf49d5bd425591066d97338c40c3142296b1c5bd1ccd073ff1c6a50,77f3c52eeda1cb519264446fe54a3405a79407fe6e577ae6e846fa3bb7c32ea3,0.007231667637825012,0.0,0.00033144280314445496,0.00033144280314445496,-6.938893903907228e-18,0.007231667637825012,0.0,0,1,0.9076921939849854,0.20944694064039504,13,1.661538353333106,0.0017267257459468313,0.0013156166884320728,0.007231667637825012,0.0003314428031444619,0.007231667637825012,0.0003314428031444619,0.0019140763906762004,0.005278973840177059,0.0019140763906762004,0,0.007231667637825012,0.0,0.0,0.007231667637825012,0,1.7215597974962193e-09,6.938893903907228e-18,0,0,10,11,13,13,0,1,1,1,0.0,0.0,0.0,1,0.0043080709874629974,0.0006922371685504913,0.003615833818912506,0.003615833818912506,inf,inf,0,0,0.00033144108158465746,0.0,1.6615384505345263,0.006007846920866224,0.0,inf,0,0,0,5,4,0,0,0.04799999948590994
5008,21,1,5,21,b3a9107fbdf49d5bd425591066d97338c40c3142296b1c5bd1ccd073ff1c6a50,77f3c52eeda1cb519264446fe54a3405a79407fe6e577ae6e846fa3bb7c32ea3,0.023754891008138657,0.04799999948590994,-0.0037705630529671907,-0.0037705630529671907,-0.006230769243664454,0.023754891008138657,0.04799999948590994,1,4,0.9076921939849854,0.20944694064039504,13,1.661538353333106,0.010046899799895601,0.008410784652864437,0.024245108477771282,0.002460206190697263,0.024245108477771282,0.002460206190697263,0.001679945271462202,0.005563318729400635,0.001679945271462202,0,0.023754891008138657,0.04799999948590994,0.0,0.02912516798824072,0,2.407213251648388e-09,6.938893903907228e-18,1,11,10,11,3,1,0,0,1,0,0.0,0.017999999225139618,0.0,1,0.019424776546657085,-0.004862192552536726,0.01456258399412036,0.01456258399412036,inf,inf,0,0,-0.0037705654601804424,-0.006230769243664461,1.6615384505345263,0.024196293245369635,0.006230769243664461,3.883355698009967,1,0,0,1,1,1,1,0.017999998293817043
5008,21,2,0,21,b3a9107fbdf49d5bd425591066d97338c40c3142296b1c5bd1ccd073ff1c6a50,77f3c52eeda1cb519264446fe54a3405a79407fe6e577ae6e846fa3bb7c32ea3,0.006331783253699541,0.0,-0.0005127561162225902,-0.0005127561162225902,0.0,0.006331783253699541,0.0,0,1,0.9076921939849854,0.20944694064039504,13,1.661538353333106,0.0014977409791580786,0.0010499918844396547,0.006331783253699541,-0.0005127561162225902,0.006331783253699541,0.0005127561162225902,0.002113203052431345,0.0030097891576588154,0.002113203052431345,0,0.006331783253699541,0.0,0.0,0.006331783253699541,0,2.2100295031524109e-10,0.0,0,0,10,11,13,13,0,1,1,1,0.0,0.0,0.0,1,0.034804543014615774,-0.031638651387766004,0.0031658916268497705,0.0031658916268497705,inf,inf,0,0,-0.0005127558952196399,0.0,1.6615384505345263,0.005260250668236198,0.0,inf,0,0,0,4,5,0,0,0.035999998450279236
5008,21,2,1,21,b3a9107fbdf49d5bd425591066d97338c40c3142296b1c5bd1ccd073ff1c6a50,77f3c52eeda1cb519264446fe54a3405a79407fe6e577ae6e846fa3bb7c32ea3,0.02369805984199047,0.030000001192092896,-0.0004075032193213701,-0.0004075032193213701,6.938893903907228e-18,0.02369805984199047,0.030000001192092896,1,3,0.9076921939849854,0.20944694064039504,13,1.661538353333106,0.0015225340341933778,0.001026504507740221,0.006301941350102425,-0.00040750321932137706,0.006301941350102425,0.00040750321932137706,0.001520009944215417,0.007346681784838438,0.001520009944215417,0,0.023698060307651758,0.030000001192092896,4.656612873077393e-10,0.006301940884441137,0,8.15815029897235e-10,6.938893903907228e-18,10,11,10,11,1,1,1,1,1,1,0.015000000596046448,0.015000000596046448,0.015000000596046448,0,0.037438707426190376,-0.03428773698396981,0.0031509704422205687,0.0031509704422205687,0.2100646878008172,2.495913729233991,1,0,-0.00040750240350634023,0.0,1.6615384505345263,0.005235458546247255,0.0,inf,0,0,0,2,2,0,0,0.00599999725818634
5008,21,2,3,21,b3a9107fbdf49d5bd425591066d97338c40c3142296b1c5bd1ccd073ff1c6a50,77f3c52eeda1cb519264446fe54a3405a79407fe6e577ae6e846fa3bb7c32ea3,0.021099094301462173,0.017999999225139618,-0.009351033717393875,-0.009351033717393875,-0.008099999606050554,0.021099094301462173,0.017999999225139618,1,3,0.9076923131942749,0.2094469155167731,13,1.661538461366525,0.0008608569949955854,0.0006663877704351611,0.0030990950763225555,-0.0012510341113433215,0.0030990950763225555,0.0012510341113433215,0.003761372296139598,0.00543963024392724,0.003761372296139598,0,0.021099094999954104,0.017999999225139618,6.984919309616089e-10,0.003260727971792221,0,3.173217019009078e-10,6.938893903907228e-18,10,11,10,11,1,1,1,1,1,1,0.008999999612569809,0.008999999612569809,0.008999999612569809,0,0.038254644721746445,-0.036624280735850334,0.0016303639858961105,0.0016303639858961105,0.18115156178663275,4.250516263169419,1,0,-0.009351033400072173,-0.00809999960605056,1.6615384522538923,0.00270891245373631,0.00809999960605056,0.3344336525291679,1,1,0,3,3,0,0,0.017999999225139618
5008,21,2,4,21,b3a9107fbdf49d5bd425591066d97338c40c3142296b1c5bd1ccd073ff1c6a50,77f3c52eeda1cb519264446fe54a3405a79407fe6e577ae6e846fa3bb7c32ea3,0.011096054688096046,0.0,-0.0004672291688621044,-0.0004672291688621044,0.0,0.011096054688096046,0.0,0,1,0.9076921939849854,0.20944694064039504,13,1.661538353333106,0.0023780432817292,0.0015400948647696238,0.011096054688096046,-0.0004672291688621044,0.011096054688096046,0.0004672291688621044,0.0020203678868710995,0.003777420846745372,0.0020203678868710995,0,0.01109605492092669,0.0,2.3283064365386963e-10,0.01109605492092669,0,1.1332098410685165e-10,0.0,0,0,10,11,13,13,0,1,1,1,0.0,0.0,0.0,1,0.03851959598250687,-0.032971568522043526,0.005548027460463345,0.005548027460463345,inf,inf,0,0,-0.0004672292821830885,0.0,1.6615384505345263,0.00921826095018127,0.0,inf,0,0,0,5,4,0,0,0.035999998450279236
5008,21,2,5,21,b3a9107fbdf49d5bd425591066d97338c40c3142296b1c5bd1ccd073ff1c6a50,77f3c52eeda1cb519264446fe54a3405a79407fe6e577ae6e846fa3bb7c32ea3,0.024764375761151314,0.035999998450279236,-0.0003768375318031758,-0.0003768375318031758,0.0,0.024764375761151314,0.035999998450279236,1,3,0.9076921939849854,0.20944694064039504,13,1.661538353333106,0.0023966808043406826,0.0014550372098500913,0.011235622689127922,-0.0003768375318031758,0.011235622689127922,0.0003768375318031758,0.0017112799687311053,0.007147705182433128,0.0017112799687311053,0,0.024764375761151314,0.035999998450279236,0.0,0.011235622689127922,0,1.5965638013037964e-10,0.0,10,11,10,11,1,1,1,1,1,1,0.017999999225139618,0.017999999225139618,0.017999999225139618,0,0.03914783336222172,-0.03353002201765776,0.005617811344563961,0.005617811344563961,0.3121006436887992,2.174879724858325,1,0,-0.0003768373721467957,0.0,1.6615384505345263,0.009334209556842088,0.0,inf,0,0,0,1,1,1,1,0.00599999725818634
5008,22,0,1,22,d40a081e055e1895ed2fe0cf66dc7e5b6d8b4150e51d0f899445337ce7baffdd,77f3c52eeda1cb519264446fe54a3405a79407fe6e577ae6e846fa3bb7c32ea3,0.022690175101161003,0.0,-0.0012816000962629914,-0.0012816000962629914,0.0,0.022690175101161003,0.0,0,1,0.9076921939849854,0.20944694064039504,13,1.661538353333106,0.005852135149144324,0.004629432971826231,0.022690175101161003,-0.0012816000962629914,0.022690175101161003,0.0012816000962629914,0.0054967375472188,0.013672644272446632,0.0054967375472188,0,0.022690175101161003,0.0,0.0,0.022690175101161003,0,1.7667340056204406e-09,6.938893903907228e-18,0,0,12,4,13,13,0,1,1,1,0.0,0.0,0.0,1,0.11641217116266489,0.10506708361208439,0.011345087550580502,0.011345087550580502,inf,inf,0,0,-0.001281601862996997,6.938893903907228e-18,1.6615384505345263,0.018850299189970072,6.938893903907228e-18,inf,0,0,0,2,3,0,0,0.04800000041723251
5008,22,0,2,22,d40a081e055e1895ed2fe0cf66dc7e5b6d8b4150e51d0f899445337ce7baffdd,77f3c52eeda1cb519264446fe54a3405a79407fe6e577ae6e846fa3bb7c32ea3,0.023472702130675316,0.0,0.003365863114595413,0.003365863114595413,0.0,0.023472702130675316,0.0,0,1,0.9076921939849854,0.20944694064039504,13,1.6615383533331063,0.006397845753261278,0.004824942858550786,0.023472702130675316,0.003365863114595413,0.023472702130675316,0.003365863114595413,0.004072178155183792,0.008605963550508022,0.004072178155183792,0,0.023472702596336603,0.0,4.656612873077393e-10,0.023472702596336603,0,3.4598415799003135e-10,6.938893903907228e-18,0,0,12,7,13,13,0,1,1,1,0.0,0.0,0.0,1,0.11420476110652089,0.10246840980835259,0.011736351298168302,0.011736351298168302,inf,inf,0,0,0.003365863460579571,6.938893903907228e-18,1.661538450534526,0.019500398950887433,6.938893903907228e-18,inf,0,0,0,3,2,0,0,0.04800000041723251
5008,22,0,3,22,d40a081e055e1895ed2fe0cf66dc7e5b6d8b4150e51d0f899445337ce7baffdd,77f3c52eeda1cb519264446fe54a3405a79407fe6e577ae6e846fa3bb7c32ea3,0.021919172257184982,0.0,0.001309614977799356,0.001309614977799356,0.0,0.021919172257184982,0.0,0,1,0.007692308165132999,0.2094469155167731,13,1.661538461366525,0.006394833925225391,0.005179038552357952,0.021919172257184982,0.001309614977799356,0.021919172257184982,0.001309614977799356,0.0063262926414608955,0.009168007411062717,0.0063262926414608955,0,0.02191917272284627,0.0,4.656612873077393e-10,0.02191917272284627,0,1.1622081816896335e-09,2.0816681711721685e-17,0,0,8,4,13,13,0,1,1,1,0.0,0.0,0.0,1,0.12217728700488806,0.11121770064346492,0.010959586361423135,0.010959586361423135,inf,inf,0,0,0.0013096161400075377,2.0816681711721685e-17,1.6615384522538923,0.018209774160301864,2.0816681711721685e-17,inf,0,0,0,4,4,0,0,0.04800000041723251
5008,22,0,4,22,d40a081e055e1895ed2fe0cf66dc7e5b6d8b4150e51d0f899445337ce7baffdd,77f3c52eeda1cb519264446fe54a3405a79407fe6e577ae6e846fa3bb7c32ea3,0.018524589017033577,0.04800000041723251,0.0010224725119769573,0.0010224725119769573,-0.008307692582790654,0.018524589017033577,0.04800000041723251,1,4,0.9076921939849854,0.20944694064039504,13,1.661538353333106,0.015141227667493012,0.013776901894463943,0.029475411400198936,0.009330165094767612,0.029475411400198936,0.009330165094767612,0.008629552088677883,0.0120646171271801,0.008629552088677883,0,0.018524589017033577,0.04800000041723251,0.0,0.04647969268262386,0,3.2277334104102717e-10,0.0,1,11,9,11,4,1,0,0,1,0,0.0,0.017999999225139618,0.0,1,0.12487498112022877,0.10163513477891684,0.02323984634131193,0.02323984634131193,inf,inf,0,0,0.0010224728347502984,-0.008307692582790654,1.6615384505345263,0.03861389828060391,0.008307692582790654,4.647969083568693,0,0,0,1,5,1,0,0.04800000041723251
5008,22,0,5,22,d40a081e055e1895ed2fe0cf66dc7e5b6d8b4150e51d0f899445337ce7baffdd,77f3c52eeda1cb519264446fe54a3405a79407fe6e577ae6e846fa3bb7c32ea3,0.023816844448447227,0.0,-0.0020587025210261345,-0.0020587025210261345,0.0,0.023816844448447227,0.0,0,1,0.9076921939849854,0.20944694064039504,13,1.661538353333106,0.006169077351117274,0.004801126659886371,0.023816844448447227,-0.0020587025210261345,0.023816844448447227,0.0020587025210261345,0.006218807306140661,0.013094637542963028,0.006218807306140661,0,0.023816844448447227,0.0,0.0,0.023816844448447227,0,1.2738746689444636e-11,6.938893903907228e-18,0,0,12,11,13,13,0,1,1,1,0.0,0.0,0.0,1,0.11763150803744793,0.10572308581322432,0.011908422224223614,0.011908422224223614,inf,inf,0,0,-0.002058702508287388,6.938893903907228e-18,1.6615384505345263,0.01978630141074742,6.938893903907228e-18,inf,0,0,0,5,1,0,1,0.04800000041723251
5008,22,1,0,22,d40a081e055e1895ed2fe0cf66dc7e5b6d8b4150e51d0f899445337ce7baffdd,77f3c52eeda1cb519264446fe54a3405a79407fe6e577ae6e846fa3bb7c32ea3,0.004473615437746048,0.0,0.0005522835999727249,0.0005522835999727249,0.0,0.004473615437746048,0.0,0,1,0.9076921939849854,0.20944694064039504,13,1.661538353333106,0.0013535516155784096,0.0010883924082891476,0.004473615437746048,0.0005522835999727249,0.004473615437746048,0.0005522835999727249,0.0028166791889816523,0.0024289730936288834,0.0028166791889816523,0,0.004473615437746048,0.0,0.0,0.004473615437746048,0,1.8089906118207155e-09,3.469446951953614e-18,0,0,4,7,13,13,0,1,1,1,0.0,0.0,0.0,1,0.00614595040678978,0.003909142687916756,0.002236807718873024,0.002236807718873024,inf,inf,0,0,0.0005522817909821131,-3.469446951953614e-18,1.6615384505345263,0.0037165420313599526,3.469446951953614e-18,inf,0,0,0,4,5,0,0,0.04799999948590994
5008,22,1,2,22,d40a081e055e1895ed2fe0cf66dc7e5b6d8b4150e51d0f899445337ce7baffdd,77f3c52eeda1cb519264446fe54a3405a79407fe6e577ae6e846fa3bb7c32ea3,0.01920335553586483,0.030000001192092896,-0.001047227531671524,-0.001047227531671524,0.0,0.01920335553586483,0.030000001192092896,1,3,0.9076921939849854,0.20944694064039504,13,1.6615383533331063,0.002793046304073251,0.0020898119188272036,0.010796645656228065,-0.001047227531671524,0.010796645656228065,0.001047227531671524,0.00145878572948277,0.003787417197600007,0.00145878572948277,0,0.01920335553586483,0.030000001192092896,0.0,0.011150192469358444,0,5.7672644073608614e-09,1.734723475976807e-18,10,11,10,11,1,1,1,1,1,1,0.015000000596046448,0.015000000596046448,0.015000000596046448,0,0.00712251104414463,0.0015474148094654083,0.005575096234679222,0.005575096234679222,0.37167306754298735,0.4748340507414321,1,0,-0.0010472332989359314,-1.734723475976807e-18,1.661538450534526,0.009263236759349786,1.734723475976807e-18,inf,0,0,0,2,2,0,0,0.017999998293817043
5008,22,1,3,22,d40a081e055e1895ed2fe0cf66dc7e5b6d8b4150e51d0f899445337ce7baffdd,77f3c52eeda1cb519264446fe54a3405a79407fe6e577ae6e846fa3bb7c32ea3,0.018094254657626152,0.017999999225139618,-0.008904346264898777,-0.008904346264898777,-0.008099999606050554,0.018094254657626152,0.017999999225139618,1,3,0.007692308165132999,0.2094469155167731,13,1.661538461366525,0.001416160022171938,0.0012036601864021913,9.425543248653412e-05,-0.0008043466588482234,9.425543248653412e-05,0.0008043466588482234,0.0034389295615255833,0.005273059941828251,0.0034389295615255833,0,0.018094254657626152,0.017999999225139618,0.0,0.004878677427768707,0,5.36910262777246e-10,5.204170427930421e-18,10,11,10,11,1,1,1,1,1,1,0.008999999612569809,0.008999999612569809,0.008999999612569809,0,0.002581067383289337,0.00014172866940498352,0.0024393387138843536,0.0024393387138843536,0.2710376465436134,0.2867852771554013,1,0,-0.008904345727988514,-0.008099999606050548,1.6615384522538923,0.004053055071190409,0.008099999606050548,0.500377193618979,1,1,0,3,3,0,0,0.03000000026077032
5008,22,1,4,22,d40a081e055e1895ed2fe0cf66dc7e5b6d8b4150e51d0f899445337ce7baffdd,77f3c52eeda1cb519264446fe54a3405a79407fe6e577ae6e846fa3bb7c32ea3,0.006855318322777748,0.0,0.0005957605317234993,0.0005957605317234993,0.0,0.006855318322777748,0.0,0,1,0.9076921939849854,0.20944694064039504,13,1.661538353333106,0.0016723461972622605,0.0012452454256588186,0.006855318322777748,0.0005957605317234993,0.006855318322777748,0.0005957605317234993,0.0030422117561101913,0.001978294225409627,0.0030422117561101913,0,0.006855318322777748,0.0,0.0,0.006855318322777748,0,6.487073395816667e-10,3.469446951953614e-18,0,0,10,11,13,13,0,1,1,1,0.0,0.0,0.0,1,0.007347291335463524,0.00391963217407465,0.003427659161388874,0.003427659161388874,inf,inf,0,0,0.0005957598830161597,-3.469446951953614e-18,1.6615384505345263,0.0056951874919745436,3.469446951953614e-18,inf,0,0,0,5,4,0,0,0.04799999948590994
5008,22,1,5,22,d40a081e055e1895ed2fe0cf66dc7e5b6d8b4150e51d0f899445337ce7baffdd,77f3c52eeda1cb519264446fe54a3405a79407fe6e577ae6e846fa3bb7c32ea3,0.023935813456773758,0.04799999948590994,-0.0037287361919879913,-0.0037287361919879913,-0.006230769243664471,0.023935813456773758,0.04799999948590994,1,4,0.9076921939849854,0.20944694064039504,13,1.661538353333106,0.010239845329942376,0.00858765744642746,0.02406418602913618,0.00250203305167648,0.02406418602913618,0.00250203305167648,0.0019515622407197952,0.007894636131823063,0.0019515622407197952,0,0.023935813456773758,0.04799999948590994,0.0,0.02933455351740122,0,3.184786398144346e-09,8.673617379884035e-18,1,11,10,11,3,1,0,0,1,0,0.0,0.017999999225139618,0.0,1,0.016516351141035557,-0.0018490743823349476,0.01466727675870061,0.01466727675870061,inf,inf,0,0,-0.0037287393767743895,-0.0062307692436644625,1.6615384505345263,0.02437024429921248,0.0062307692436644625,3.9112737683220256,1,0,0,1,1,1,1,0.017999998293817043
5008,22,2,0,22,d40a081e055e1895ed2fe0cf66dc7e5b6d8b4150e51d0f899445337ce7baffdd,77f3c52eeda1cb519264446fe54a3405a79407fe6e577ae6e846fa3bb7c32ea3,0.007392856292426586,0.0,-0.00019927741959691048,-0.00019927741959691048,-6.938893903907228e-18,0.007392856292426586,0.0,0,1,0.9076921939849854,0.20944694064039504,13,1.661538353333106,0.001710954994377206,0.0011291553062447433,0.007392856292426586,-0.00019927741959690354,0.007392856292426586,0.00019927741959690354,0.0022553978487849236,0.003807801753282547,0.0022553978487849236,0,0.007392856292426586,0.0,0.0,0.007392856292426586,0,2.520604549735572e-10,6.938893903907228e-18,0,0,10,11,13,13,0,1,1,1,0.0,0.0,0.0,1,0.03722778242081404,-0.033531354274600744,0.003696428146213293,0.003696428146213293,inf,inf,0,0,-0.0001992771675364555,0.0,1.6615384505345263,0.006141757494571447,0.0,inf,0,0,0,4,5,0,0,0.036000002175569534
5008,22,2,1,22,d40a081e055e1895ed2fe0cf66dc7e5b6d8b4150e51d0f899445337ce7baffdd,77f3c52eeda1cb519264446fe54a3405a79407fe6e577ae6e846fa3bb7c32ea3,0.022591782733798027,0.029999997466802597,-0.0005881039542146027,-0.0005881039542146027,2.579047045370153e-10,0.022591782733798027,0.029999997466802597,1,3,0.9076921939849854,0.20944694064039504,13,1.661538353333106,0.001728751807881252,0.0012631389593496128,0.00740821473300457,-0.0005881042121193072,0.00740821473300457,0.0005881042121193072,0.002393506234511733,0.006583139766007662,0.002393506234511733,0,0.022591782035306096,0.029999997466802597,6.984919309616089e-10,0.007408215431496501,0,3.337095703936921e-10,6.938893903907228e-18,10,11,10,11,1,1,1,1,1,1,0.01499999687075615,0.015000000596046448,0.01499999687075615,0,0.03856920450925827,-0.03486509679351002,0.0037041077157482505,0.0037041077157482505,0.24694056589903318,2.571280837028201,1,0,-0.0005881042879241731,2.579047114759092e-10,1.6615384505345263,0.0061545173946373315,2.579047114759092e-10,23863532.230244745,0,0,0,2,2,0,0,0.006000004708766937
5008,22,2,3,22,d40a081e055e1895ed2fe0cf66dc7e5b6d8b4150e51d0f899445337ce7baffdd,77f3c52eeda1cb519264446fe54a3405a79407fe6e577ae6e846fa3bb7c32ea3,0.020460637286305428,0.017999999225139618,-0.009235638193786144,-0.009235638193786144,-0.008099999606050554,0.020460637286305428,0.017999999225139618,1,3,0.007692308165132999,0.2094469155167731,13,1.661538461366525,0.0008895695443427488,0.0007824530059019842,0.0024606380611658096,-0.0011356385877355907,0.0024606380611658096,0.0011356385877355907,0.004390434827655554,0.006668130401521921,0.004390434827655554,0,0.020460636587813497,0.017999999225139618,6.984919309616089e-10,0.0027584508061408997,0,7.106979657556245e-10,6.938893903907228e-18,10,11,10,11,1,1,1,1,1,1,0.008999999612569809,0.008999999612569809,0.008999999612569809,0,0.03804303798824549,-0.03666381258517504,0.0013792254030704498,0.0013792254030704498,0.1532472736047856,4.227004402879401,1,0,-0.009235637483088179,-0.00809999960605056,1.6615384522538923,0.002291636041526926,0.00809999960605056,0.28291804357806555,1,1,0,3,3,0,0,0.018000002950429916
5008,22,2,4,22,d40a081e055e1895ed2fe0cf66dc7e5b6d8b4150e51d0f899445337ce7baffdd,77f3c52eeda1cb519264446fe54a3405a79407fe6e577ae6e846fa3bb7c32ea3,0.011216829530894756,0.0,-0.00021760787058155984,-0.00021760787058155984,-6.938893903907228e-18,0.011216829530894756,0.0,0,1,0.9076921939849854,0.20944694064039504,13,1.661538353333106,0.0023665897390654266,0.0015059871786444851,0.011216829530894756,-0.0002176078705815529,0.011216829530894756,0.0002176078705815529,0.002080615609884262,0.0041511449962854385,0.002080615609884262,0,0.011216829530894756,0.0,0.0,0.011216829530894756,0,1.2569212858026813e-10,6.938893903907228e-18,0,0,10,11,13,13,0,1,1,1,0.0,0.0,0.0,1,0.04032841231673956,-0.03471999755129218,0.005608414765447378,0.005608414765447378,inf,inf,0,0,-0.00021760774488943126,0.0,1.6615384505345263,0.009318596779336396,0.0,inf,0,0,0,5,4,0,0,0.036000002175569534
5008,22,2,5,22,d40a081e055e1895ed2fe0cf66dc7e5b6d8b4150e51d0f899445337ce7baffdd,77f3c52eeda1cb519264446fe54a3405a79407fe6e577ae6e846fa3bb7c32ea3,0.023700760677456856,0.036000002175569534,-0.0006253586034290493,-0.0006253586034290493,-2.579047184148031e-10,0.023700760677456856,0.036000002175569534,1,3,0.9076921939849854,0.20944694064039504,13,1.661538353333106,0.0026048745031537674,0.0016590915565219148,0.012299241498112679,-0.0006253583455243308,0.012299241498112679,0.0006253583455243308,0.002391636138781905,0.006494331173598766,0.002391636138781905,0,0.023700760444626212,0.036000002175569534,2.3283064365386963e-10,0.012299241730943322,0,1.8820102672470473e-09,6.938893903907228e-18,10,11,10,11,1,1,1,1,1,1,0.018000002950429916,0.017999999225139618,0.017999999225139618,0,0.04054487682878971,-0.03439525596331805,0.006149620865471661,0.006149620865471661,0.34164561834440643,2.252493254119861,1,0,-0.000625356721418782,-2.579047114759092e-10,1.6615384505345263,0.010217831524190576,2.579047114759092e-10,39618630.717202,1,0,0,1,1,1,1,0.006000004708766937
5008,23,0,1,23,d7913bff7e7c2744d7fa69fa2dd4effa87e70992585d54e9fad38e36efe30d03,77f3c52eeda1cb519264446fe54a3405a79407fe6e577ae6e846fa3bb7c32ea3,0.02763384021818638,0.0,0.0024872098583728075,0.0024872098583728075,0.0,0.02763384021818638,0.0,0,1,0.9076921939849854,0.20944694064039504,13,1.661538353333106,0.00660927235070345,0.00499069109867663,0.02763384021818638,0.0024872098583728075,0.02763384021818638,0.0024872098583728075,0.007846929132938385,0.014851957559585571,0.007846929132938385,0,0.027633839985355735,0.0,2.3283064365386963e-10,0.027633839985355735,0,4.975462732786928e-10,6.938893903907228e-18,0,0,12,4,13,13,0,1,1,1,0.0,0.0,0.0,1,0.13337085209786892,0.11955393210519105,0.013816919992677867,0.013816919992677867,inf,inf,0,0,0.0024872103559190808,6.938893903907228e-18,1.6615384505345263,0.022957343835793502,6.938893903907228e-18,inf,0,0,0,2,3,0,0,0.04800000041723251
5008,23,0,2,23,d7913bff7e7c2744d7fa69fa2dd4effa87e70992585d54e9fad38e36efe30d03,77f3c52eeda1cb519264446fe54a3405a79407fe6e577ae6e846fa3bb7c32ea3,0.028986815363168716,0.0,0.002321196487173438,0.002321196487173438,0.0,0.028986815363168716,0.0,0,1,0.9076921939849854,0.20944694064039504,13,1.6615383533331063,0.00717675421304287,0.005504905609393316,0.028986815363168716,0.002321196487173438,0.028986815363168716,0.002321196487173438,0.0012303576804697514,0.013765699230134487,0.0012303576804697514,0,0.02898681489750743,0.0,4.656612873077393e-10,0.02898681489750743,0,1.8006687902902274e-09,6.938893903907228e-18,0,0,12,4,13,13,0,1,1,1,0.0,0.0,0.0,1,0.13276300579309464,0.11826959834434092,0.014493407448753715,0.014493407448753715,inf,inf,0,0,0.0023211946865046478,6.938893903907228e-18,1.661538450534526,0.024081353755367806,6.938893903907228e-18,inf,0,0,0,3,1,0,1,0.04800000041723251
5008,23,0,3,23,d7913bff7e7c2744d7fa69fa2dd4effa87e70992585d54e9fad38e36efe30d03,77f3c52eeda1cb519264446fe54a3405a79407fe6e577ae6e846fa3bb7c32ea3,0.02443511225283146,0.0,-0.0017788037657737732,-0.0017788037657737732,0.0,0.02443511225283146,0.0,0,1,0.9076923131942749,0.2094469155167731,13,1.661538461366525,0.006948493088695904,0.005631782924591084,0.02443511225283146,-0.0017788037657737732,0.02443511225283146,0.0017788037657737732,0.007187685463577509,0.017719509080052376,0.007187685463577509,0,0.02443511225283146,0.0,0.0,0.02443511225283146,0,5.237796342483225e-10,2.0816681711721685e-17,0,0,0,4,13,13,0,1,1,1,0.0,0.0,0.0,1,0.13271256536245346,0.12049500923603773,0.01221755612641573,0.01221755612641573,inf,inf,0,0,-0.0017788042895534074,2.0816681711721685e-17,1.6615384522538923,0.02029993929660985,2.0816681711721685e-17,inf,0,0,0,4,5,0,0,0.04800000041723251
5008,23,0,4,23,d7913bff7e7c2744d7fa69fa2dd4effa87e70992585d54e9fad38e36efe30d03,77f3c52eeda1cb519264446fe54a3405a79407fe6e577ae6e846fa3bb7c32ea3,0.024697348475456238,0.04800000041723251,-0.011699034832417965,-0.011699034832417965,-0.024923077748371977,0.024697348475456238,0.04800000041723251,1,4,0.9076921939849854,0.20944694064039504,13,1.661538353333106,0.009729741383862116,0.007072938903725359,0.023302651941776276,0.013224042915954012,0.023302651941776276,0.013224042915954012,0.012410660274326801,0.012002506293356419,0.012410660274326801,0,0.024697349406778812,0.04800000041723251,9.313225746154785e-10,0.04038515780121088,0,1.9401247951938982e-09,0.0,10,4,3,4,1,1,1,0,1,0,0.017999999225139618,0.012000001966953278,0.012000001966953278,0,0.12338085006922483,0.1031882711686194,0.02019257890060544,0.02019257890060544,1.6827146325653648,10.281735820460906,0,0,-0.01169903289229317,-0.024923077748371977,1.6615384505345263,0.033550746258808134,0.024923077748371977,1.3461718732149657,1,0,0,1,4,1,0,0.04800000041723251
5008,23,0,5,23,d7913bff7e7c2744d7fa69fa2dd4effa87e70992585d54e9fad38e36efe30d03,77f3c52eeda1cb519264446fe54a3405a79407fe6e577ae6e846fa3bb7c32ea3,0.028576264157891273,0.0,0.0011707042576745152,0.0011707042576745152,0.0,0.028576264157891273,0.0,0,1,0.9076921939849854,0.20944694064039504,13,1.661538353333106,0.006836358853109418,0.004901894545265248,0.028576264157891273,0.0011707042576745152,0.028576264157891273,0.0011707042576745152,0.007634453009814024,0.015237487852573395,0.007634453009814024,0,0.028576263692229986,0.0,4.656612873077393e-10,0.028576263692229986,0,7.887961785482678e-10,6.938893903907228e-18,0,0,12,4,13,13,0,1,1,1,0.0,0.0,0.0,1,0.13105746917426586,0.11676933732815087,0.014288131846114993,0.014288131846114993,inf,inf,0,0,0.0011707050464706938,6.938893903907228e-18,1.6615384505345263,0.023740280448626926,6.938893903907228e-18,inf,0,0,0,5,2,0,0,0.04800000041723251
5008,23,1,0,23,d7913bff7e7c2744d7fa69fa2dd4effa87e70992585d54e9fad38e36efe30d03,77f3c52eeda1cb519264446fe54a3405a79407fe6e577ae6e846fa3bb7c32ea3,0.004465512931346893,0.0,-0.00015387187886517495,-0.00015387187886517495,0.0,0.004465512931346893,0.0,0,1,0.9076921939849854,0.20944694064039504,13,1.661538353333106,0.0011242402331435649,0.0008015808533634658,0.004465512931346893,-0.00015387187886517495,0.004465512931346893,0.00015387187886517495,0.003468102077022195,0.0027465943712741137,0.003468102077022195,0,0.004465512931346893,0.0,0.0,0.004465512931346893,0,1.0353011781205623e-09,0.0,0,0,4,12,13,13,0,1,1,1,0.0,0.0,0.0,1,0.006407909095287323,0.004175152629613876,0.0022327564656734467,0.0022327564656734467,inf,inf,0,0,-0.00015387291416635307,0.0,1.6615384505345263,0.0037098107183960037,0.0,inf,0,0,0,4,5,0,0,0.04799999948590994
5008,23,1,2,23,d7913bff7e7c2744d7fa69fa2dd4effa87e70992585d54e9fad38e36efe30d03,77f3c52eeda1cb519264446fe54a3405a79407fe6e577ae6e846fa3bb7c32ea3,0.01689348742365837,0.030000001192092896,-0.000987183884717524,-0.000987183884717524,0.0,0.01689348742365837,0.030000001192092896,1,3,0.9076921939849854,0.20944694064039504,13,1.6615383533331063,0.0029734456528725515,0.002031435760167929,0.013106513768434525,-0.000987183884717524,0.013106513768434525,0.000987183884717524,0.001976118655875325,0.0038173769135028124,0.001976118655875325,0,0.01689348742365837,0.030000001192092896,0.0,0.013106513768434525,0,3.1366758079798274e-09,0.0,10,11,10,11,1,1,1,1,1,1,0.015000000596046448,0.015000000596046448,0.015000000596046448,0,0.007446024566888809,0.0008927676826715469,0.006553256884217262,0.006553256884217262,0.4368837749209493,0.4964016180673592,1,0,-0.000987187021393332,0.0,1.661538450534526,0.010888488289357066,0.0,inf,0,0,0,2,3,0,0,0.017999998293817043
5008,23,1,3,23,d7913bff7e7c2744d7fa69fa2dd4effa87e70992585d54e9fad38e36efe30d03,77f3c52eeda1cb519264446fe54a3405a79407fe6e577ae6e846fa3bb7c32ea3,0.017598582431674004,0.017999999225139618,-0.008973685093224049,-0.008973685093224049,-0.008099999606050554,0.017598582431674004,0.017999999225139618,1,3,0.9076923131942749,0.2094469155167731,13,1.661538461366525,0.0014929092789408437,0.0012969525431740215,0.0004014167934656143,-0.000873685487173495,0.0004014167934656143,0.000873685487173495,0.003430534154176712,0.00441007548943162,0.003430534154176712,0,0.017598582431674004,0.017999999225139618,0.0,0.005105011165142059,0,8.955062281990056e-10,5.204170427930421e-18,10,11,10,11,1,1,1,1,1,1,0.008999999612569809,0.008999999612569809,0.008999999612569809,0,0.0050055719912052155,0.002453066408634186,0.0025525055825710297,0.0025525055825710297,0.2836117436056424,0.5561746896315647,1,0,-0.008973685988730277,-0.008099999606050548,1.6615384522538923,0.0042410861750344885,0.008099999606050548,0.5235909112719557,1,1,0,3,2,0,0,0.03000000026077032
5008,23,1,4,23,d7913bff7e7c2744d7fa69fa2dd4effa87e70992585d54e9fad38e36efe30d03,77f3c52eeda1cb519264446fe54a3405a79407fe6e577ae6e846fa3bb7c32ea3,0.005254469811916351,0.0,0.0023796188179403543,0.0023796188179403543,0.0,0.005254469811916351,0.0,0,1,0.9076921939849854,0.20944694064039504,13,1.661538353333106,0.0013510283977659378,0.0009962364854897267,0.005254469811916351,0.0023796188179403543,0.005254469811916351,0.0023796188179403543,0.002722969511523843,0.002108500339090824,0.002722969511523843,0,0.005254469811916351,0.0,0.0,0.005254469811916351,0,1.929271770118035e-09,6.938893903907228e-18,0,0,4,11,13,13,0,1,1,1,0.0,0.0,0.0,1,0.006316486746072769,0.0036892518401145935,0.0026272349059581757,0.0026272349059581757,inf,inf,0,0,0.0023796207472121245,-6.938893903907228e-18,1.6615384505345263,0.004365251814835969,6.938893903907228e-18,inf,0,0,0,5,4,0,0,0.04799999948590994
5008,23,1,5,23,d7913bff7e7c2744d7fa69fa2dd4effa87e70992585d54e9fad38e36efe30d03,77f3c52eeda1cb519264446fe54a3405a79407fe6e577ae6e846fa3bb7c32ea3,0.01931142248213291,0.04799999948590994,-0.0025605596601963043,-0.0025605596601963043,-0.006230769243664454,0.01931142248213291,0.04799999948590994,1,4,0.9076921939849854,0.20944694064039504,13,1.661538353333106,0.010860085488252178,0.009259269071313051,0.028688577003777027,0.0036702095834681495,0.028688577003777027,0.0036702095834681495,0.0016273088986054063,0.003759845858439803,0.0016273088986054063,0,0.01931142248213291,0.04799999948590994,0.0,0.03289544116705656,0,3.0349145002661615e-09,6.938893903907228e-18,1,11,10,11,3,1,0,0,1,0,0.0,0.017999999225139618,0.0,1,0.017919975332915783,-0.0014722547493875027,0.01644772058352828,0.01644772058352828,inf,inf,0,0,-0.0025605626951108046,-0.006230769243664461,1.6615384505345263,0.027328520173180413,0.006230769243664461,4.3860587841490775,1,0,0,1,1,1,1,0.017999998293817043
5008,23,2,0,23,d7913bff7e7c2744d7fa69fa2dd4effa87e70992585d54e9fad38e36efe30d03,77f3c52eeda1cb519264446fe54a3405a79407fe6e577ae6e846fa3bb7c32ea3,0.005395420826971531,0.0,-0.00027289544232189655,-0.00027289544232189655,0.0,0.005395420826971531,0.0,0,1,0.9076921939849854,0.20944694064039504,13,1.661538353333106,0.0013743240365464713,0.0009520719345857407,0.005395420826971531,-0.00027289544232189655,0.005395420826971531,0.00027289544232189655,0.0028655796777457,0.005060098599642515,0.0028655796777457,0,0.005395420826971531,0.0,0.0,0.005395420826971531,0,4.710506095427502e-10,3.469446951953614e-18,0,0,10,11,13,13,0,1,1,1,0.0,0.0,0.0,1,0.03444856032729149,-0.03175084991380572,0.0026977104134857655,0.0026977104134857655,inf,inf,0,0,-0.000272894971271287,3.469446951953614e-18,1.6615384505345263,0.004482349580413995,3.469446951953614e-18,inf,0,0,0,4,5,0,0,0.035999998450279236
5008,23,2,1,23,d7913bff7e7c2744d7fa69fa2dd4effa87e70992585d54e9fad38e36efe30d03,77f3c52eeda1cb519264446fe54a3405a79407fe6e577ae6e846fa3bb7c32ea3,0.02328648790717125,0.030000001192092896,-0.0007238316466100514,-0.0007238316466100514,6.938893903907228e-18,0.02328648790717125,0.030000001192092896,1,3,0.9076921939849854,0.20944694064039504,13,1.661538353333106,0.0014855247357628896,0.0010235944222769088,0.006713513284921646,-0.0007238316466100583,0.006713513284921646,0.0007238316466100583,0.0016923949588090181,0.008487079292535782,0.0016923949588090181,0,0.02328648790717125,0.030000001192092896,0.0,0.006713513284921646,0,7.178767454617263e-10,6.938893903907228e-18,10,11,10,11,1,1,1,1,1,1,0.015000000596046448,0.015000000596046448,0.015000000596046448,0,0.03658946417272091,-0.033232707530260086,0.003356756642460823,0.003356756642460823,0.2237837672716869,2.4392975145857525,1,0,-0.0007238323644867969,0.0,1.6615384505345263,0.005577380230535835,0.0,inf,0,0,0,2,2,0,0,0.00599999725818634
5008,23,2,3,23,d7913bff7e7c2744d7fa69fa2dd4effa87e70992585d54e9fad38e36efe30d03,77f3c52eeda1cb519264446fe54a3405a79407fe6e577ae6e846fa3bb7c32ea3,0.0187742430716753,0.017999999225139618,-0.007882453501224518,-0.007882453501224518,-0.008099999606050554,0.0187742430716753,0.017999999225139618,1,3,0.9076923131942749,0.2094469155167731,13,1.661538461366525,0.0006470369576943871,0.0005161087276667533,0.0007742438465356827,0.00021754610482603576,0.0007742438465356827,0.00021754610482603576,0.002972374437376857,0.00641610287129879,0.002972374437376857,0,0.018774243537336588,0.017999999225139618,4.656612873077393e-10,0.002466043457388878,0,1.0326813657673961e-09,6.938893903907228e-18,10,11,10,11,1,1,1,1,1,1,0.008999999612569809,0.008999999612569809,0.008999999612569809,0,0.03656654804944992,-0.03533352632075548,0.001233021728694439,0.001233021728694439,0.13700242019703476,4.062949958173267,1,0,-0.007882452468543152,-0.00809999960605056,1.6615384522538923,0.0020487130146903767,0.00809999960605056,0.2529275449791409,1,1,0,3,3,0,0,0.017999999225139618
5008,23,2,4,23,d7913bff7e7c2744d7fa69fa2dd4effa87e70992585d54e9fad38e36efe30d03,77f3c52eeda1cb519264446fe54a3405a79407fe6e577ae6e846fa3bb7c32ea3,0.009515042416751385,0.0,-0.0001725174515740946,-0.0001725174515740946,0.0,0.009515042416751385,0.0,0,1,0.9076921939849854,0.20944694064039504,13,1.661538353333106,0.0020621063438022074,0.0013065374065080336,0.009515042416751385,-0.0001725174515740946,0.009515042416751385,0.0001725174515740946,0.003107259050011635,0.005532300565391779,0.003107259050011635,0,0.009515042416751385,0.0,0.0,0.009515042416751385,0,3.89311972416595e-11,0.0,0,0,10,11,13,13,0,1,1,1,0.0,0.0,0.0,1,0.03778318874537945,-0.033025667537003756,0.004757521208375692,0.004757521208375692,inf,inf,0,0,-0.00017251749050529184,0.0,1.6615384505345263,0.007904804416949695,0.0,inf,0,0,0,5,4,0,0,0.035999998450279236
5008,23,2,5,23,d7913bff7e7c2744d7fa69fa2dd4effa87e70992585d54e9fad38e36efe30d03,77f3c52eeda1cb519264446fe54a3405a79407fe6e577ae6e846fa3bb7c32ea3,0.02408948726952076,0.035999998450279236,-0.0007424503564834595,-0.0007424503564834595,0.0,0.02408948726952076,0.035999998450279236,1,3,0.9076921939849854,0.20944694064039504,13,1.661538353333106,0.0024414181828106645,0.0014222023523682674,0.011910511180758476,-0.0007424503564834595,0.011910511180758476,0.0007424503564834595,0.0016788794891908765,0.008434521034359932,0.0016788794891908765,0,0.02408948796801269,0.035999998450279236,6.984919309616089e-10,0.011910510482266545,0,3.82819097168724e-10,0.0,10,11,10,11,1,1,1,1,1,1,0.017999999225139618,0.017999999225139618,0.017999999225139618,0,0.038801735267043114,-0.03284648002590984,0.005955255241133273,0.005955255241133273,0.3308475276385508,2.1556520520762494,1,0,-0.0007424499736643623,0.0,1.6615384505345263,0.009894885565890195,0.0,inf,0,0,0,1,1,1,1,0.00599999725818634
