seed,state_idx,ego_id,neighbor_id,fixed_panel_step_index,fixed_panel_step_hash,fixed_panel_fingerprint,learned_score,oracle_score,learned_signed,learned_direction_row_aipw,oracle_signed,learned_range,oracle_range,oracle_q_nonconstant,oracle_q_distinct_levels,observed_action_probability,policy_support_entropy,valid_action_count,target_policy_l1_to_uniform,q_centered_rmse,q_centered_mae,abs_error,signed_error,capacity_abs_error,direction_abs_error,proxy_sigma,capacity_sigma,direction_sigma,dr_applied,learned_q_range,oracle_q_range_from_surface,capacity_head_q_range_consistency_abs,capacity_q_error_bound,capacity_q_error_bound_violation,direction_head_q_consistency_abs,oracle_direction_q_consistency_abs,oracle_argmax_action,oracle_argmin_action,learned_argmax_action,learned_argmin_action,oracle_argmax_count,oracle_argmin_count,oracle_extrema_unique,argmax_match,argmin_match,both_extrema_match,oracle_g_plus,oracle_g_minus,oracle_extrema_gap,extrema_gap_zero,q_raw_sup_error,q_gauge_shift_opt,q_gauge_sup_error,q_gauge_sup_error_check,lambda_C,lambda_C_raw,extrema_stability_certified,extrema_stability_violation,learned_direction_from_q,oracle_direction_from_q,direction_weight_l1,direction_q_error_bound,direction_sign_margin,lambda_D,direction_sign_match_from_q,direction_sign_certified,direction_sign_violation,oracle_capacity_rank,learned_capacity_rank,oracle_capacity_topk_member,learned_capacity_topk_member,oracle_capacity_margin_to_topk_boundary
5002,0,0,1,0,70f17f5f5a57f0f8fb349d223d99eca3fb2dd8677c29ca7a8223a1786c1a90f6,63fdd9cd89c8e8cadd17ebf16365746a179b9b8bc9945cf9cf91696a889ae81d,0.016764512285590172,0.0,0.003715667175129056,0.003715667175129056,0.0,0.016764512285590172,0.0,0,1,0.9076921939849854,0.20944694064039504,13,1.661538353333106,0.00516992548535392,0.004365402827667591,0.016764512285590172,0.003715667175129056,0.016764512285590172,0.003715667175129056,0.006791278254240751,0.009926851838827133,0.006791278254240751,0,0.01676451158709824,0.0,6.984919309616089e-10,0.01676451158709824,0,1.3385919629682608e-10,1.734723475976807e-18,0,0,1,11,13,13,0,1,1,1,0.0,0.0,0.0,1,0.027800404699519277,-0.019418148905970156,0.00838225579354912,0.00838225579354912,inf,inf,0,0,0.0037156670412698597,1.734723475976807e-18,1.6615384505345263,0.013927440303197662,1.734723475976807e-18,inf,0,0,0,2,3,0,0,0.011999998241662979
5002,0,0,2,0,70f17f5f5a57f0f8fb349d223d99eca3fb2dd8677c29ca7a8223a1786c1a90f6,63fdd9cd89c8e8cadd17ebf16365746a179b9b8bc9945cf9cf91696a889ae81d,0.016221612691879272,0.0,-0.005501392763108015,-0.005501392763108015,3.469446951953614e-18,0.016221612691879272,0.0,0,1,0.9076921939849854,0.20944694064039504,13,1.661538353333106,0.005092032887245041,0.004302145742408976,0.016221612691879272,-0.0055013927631080185,0.016221612691879272,0.0055013927631080185,0.007346480619162321,0.006599022541195154,0.007346480619162321,0,0.01622161199338734,0.0,6.984919309616089e-10,0.01622161199338734,0,5.450796914524547e-10,0.0,0,0,1,4,13,13,0,1,1,1,0.0,0.0,0.0,1,0.02716330369003117,-0.0190524976933375,0.00811080599669367,0.00811080599669367,inf,inf,0,0,-0.005501392218028324,3.469446951953614e-18,1.6615384505345263,0.013476416028332546,3.469446951953614e-18,inf,0,0,0,3,4,0,0,0.011999998241662979
5002,0,0,3,0,70f17f5f5a57f0f8fb349d223d99eca3fb2dd8677c29ca7a8223a1786c1a90f6,63fdd9cd89c8e8cadd17ebf16365746a179b9b8bc9945cf9cf91696a889ae81d,0.01492873765528202,0.0,-0.004974750801920891,-0.004974750801920891,0.0,0.01492873765528202,0.0,0,1,0.9076923131942749,0.2094469155167731,13,1.661538461366525,0.004763669960805114,0.0040307981072313336,0.01492873765528202,-0.004974750801920891,0.01492873765528202,0.004974750801920891,0.004109423607587814,0.007544177118688822,0.004109423607587814,0,0.014928737422451377,0.0,2.3283064365386963e-10,0.014928737422451377,0,1.5304517297573539e-09,3.469446951953614e-18,0,0,1,12,13,13,0,1,1,1,0.0,0.0,0.0,1,0.02726861252449453,-0.01980424381326884,0.0074643687112256885,0.0074643687112256885,inf,inf,0,0,-0.004974749271469161,-3.469446951953614e-18,1.6615384522538923,0.012402335635502311,3.469446951953614e-18,inf,0,0,0,4,5,0,0,0.011999998241662979
5002,0,0,4,0,70f17f5f5a57f0f8fb349d223d99eca3fb2dd8677c29ca7a8223a1786c1a90f6,63fdd9cd89c8e8cadd17ebf16365746a179b9b8bc9945cf9cf91696a889ae81d,0.021226057782769203,0.0,0.008693006820976734,0.008693006820976734,3.469446951953614e-18,0.021226057782769203,0.0,0,1,0.9076921939849854,0.20944694064039504,13,1.661538353333106,0.006342038984138618,0.005372987900304018,0.021226057782769203,0.00869300682097673,0.021226057782769203,0.00869300682097673,0.007550470530986786,0.009443824179470539,0.007550470530986786,0,0.02122605824843049,0.0,4.656612873077393e-10,0.02122605824843049,0,1.1710578722012865e-09,3.469446951953614e-18,0,0,2,11,13,13,0,1,1,1,0.0,0.0,0.0,1,0.03404468158259988,-0.023431652458384633,0.010613029124215245,0.010613029124215245,inf,inf,0,0,0.008693007992034606,6.938893903907228e-18,1.6615384505345263,0.0176339559665264,6.938893903907228e-18,inf,0,0,0,5,2,0,0,0.011999998241662979
5002,0,0,5,0,70f17f5f5a57f0f8fb349d223d99eca3fb2dd8677c29ca7a8223a1786c1a90f6,63fdd9cd89c8e8cadd17ebf16365746a179b9b8bc9945cf9cf91696a889ae81d,0.021506600081920624,0.011999998241662979,0.007395610213279724,0.007395610213279724,0.0,0.021506600081920624,0.011999998241662979,1,3,0.9076921939849854,0.20944694064039504,13,1.661538353333106,0.005902784338982991,0.004820790400827777,0.009506601840257645,0.007395610213279724,0.009506601840257645,0.007395610213279724,0.008082391694188118,0.008601466193795204,0.008082391694188118,0,0.021506599616259336,0.011999998241662979,4.656612873077393e-10,0.02012684545479715,0,6.400108273213467e-10,0.0,10,11,1,11,1,1,1,0,1,0,0.0059999991208314896,0.0059999991208314896,0.0059999991208314896,0,0.03298384300433099,-0.02292042027693242,0.010063422727398574,0.010063422727398574,1.6772373669954754,5.4973079728985095,0,0,0.007395609573268897,0.0,1.6615384505345263,0.016720763805555764,0.0,inf,0,0,0,1,1,1,1,0.011999998241662979
5002,0,1,0,0,70f17f5f5a57f0f8fb349d223d99eca3fb2dd8677c29ca7a8223a1786c1a90f6,63fdd9cd89c8e8cadd17ebf16365746a179b9b8bc9945cf9cf91696a889ae81d,0.014721380546689034,0.0,0.0034405600745230913,0.0034405600745230913,0.0,0.014721380546689034,0.0,0,1,0.9076921939849854,0.20944694064039504,13,1.661538353333106,0.004491545602391098,0.0036308704930517457,0.014721380546689034,0.0034405600745230913,0.014721380546689034,0.0034405600745230913,0.005303673446178436,0.015858570113778114,0.005303673446178436,0,0.014721380081027746,0.0,4.656612873077393e-10,0.014721380081027746,0,4.8758818163574524e-12,1.3010426069826053e-18,0,0,10,0,13,13,0,1,1,1,0.0,0.0,0.0,1,0.016384117305278778,0.009023427264764905,0.007360690040513873,0.007360690040513873,inf,inf,0,0,0.0034405600696472095,1.3010426069826053e-18,1.6615384505345263,0.01223006952478034,1.3010426069826053e-18,inf,0,0,0,4,5,0,0,0.017999999225139618
5002,0,1,2,0,70f17f5f5a57f0f8fb349d223d99eca3fb2dd8677c29ca7a8223a1786c1a90f6,63fdd9cd89c8e8cadd17ebf16365746a179b9b8bc9945cf9cf91696a889ae81d,0.016888827085494995,0.017999999225139618,0.002803017618134618,0.002803017618134618,0.0,0.016888827085494995,0.017999999225139618,1,3,0.9076921939849854,0.20944694064039504,13,1.661538353333106,0.004954478979189092,0.004219957907545,0.0011111721396446228,0.002803017618134618,0.0011111721396446228,0.002803017618134618,0.005634507164359093,0.009947653859853745,0.005634507164359093,0,0.01688882615417242,0.017999999225139618,9.313225746154785e-10,0.01688882615417242,0,2.170654333361055e-10,8.673617379884035e-19,10,11,1,12,1,1,1,0,0,0,0.008999999612569809,0.008999999612569809,0.008999999612569809,0,0.016606774181127548,0.008162361104041338,0.00844441307708621,0.00844441307708621,0.9382681600666247,1.845197210668073,0,0,0.002803017835200051,8.673617379884035e-19,1.6615384505345263,0.014030717019775313,8.673617379884035e-19,inf,0,0,0,1,3,1,0,0.0
5002,0,1,3,0,70f17f5f5a57f0f8fb349d223d99eca3fb2dd8677c29ca7a8223a1786c1a90f6,63fdd9cd89c8e8cadd17ebf16365746a179b9b8bc9945cf9cf91696a889ae81d,0.01566890999674797,0.017999999225139618,-0.001030762679874897,-0.001030762679874897,-0.008099999606050554,0.01566890999674797,0.017999999225139618,1,3,0.9076923131942749,0.2094469155167731,13,1.661538461366525,0.005060223475672215,0.004151404723690371,0.0023310892283916473,0.007069236926175657,0.0023310892283916473,0.007069236926175657,0.004740193486213684,0.008928942494094372,0.004740193486213684,0,0.015668910928070545,0.017999999225139618,9.313225746154785e-10,0.01783131482079625,0,1.0494665900195876e-10,0.0,10,11,1,12,1,1,1,0,0,0,0.008999999612569809,0.008999999612569809,0.008999999612569809,0,0.013958851341158152,0.005043193930760026,0.008915657410398126,0.008915657410398126,0.99062864379973,1.5509835491173338,0,0,-0.001030762784821556,-0.008099999606050554,1.6615384522538923,0.014813707614498847,0.008099999606050554,1.8288528808610403,1,0,0,2,4,0,0,0.0
5002,0,1,4,0,70f17f5f5a57f0f8fb349d223d99eca3fb2dd8677c29ca7a8223a1786c1a90f6,63fdd9cd89c8e8cadd17ebf16365746a179b9b8bc9945cf9cf91696a889ae81d,0.019243642687797546,0.012000000104308128,0.007538240402936935,0.007538240402936935,0.0,0.019243642687797546,0.012000000104308128,1,3,0.9076921939849854,0.20944694064039504,13,1.661538353333106,0.005267817552683074,0.00372076799856091,0.007243642583489418,0.007538240402936935,0.007243642583489418,0.007538240402936935,0.009649954736232758,0.012537235394120216,0.009649954736232758,0,0.019243641756474972,0.012000000104308128,9.313225746154785e-10,0.019243641756474972,0,2.881283831315806e-10,1.3010426069826053e-18,10,11,1,12,1,1,1,0,0,0,0.006000000052154064,0.006000000052154064,0.006000000052154064,0,0.01740887388586998,0.007787053007632494,0.009621820878237486,0.009621820878237486,1.6036367991002183,2.9014789557576766,0,0,0.0075382406910653186,1.3010426069826053e-18,1.6615384505345263,0.015987025353347468,1.3010426069826053e-18,inf,0,0,0,3,1,0,1,0.0059999991208314896
5002,0,1,5,0,70f17f5f5a57f0f8fb349d223d99eca3fb2dd8677c29ca7a8223a1786c1a90f6,63fdd9cd89c8e8cadd17ebf16365746a179b9b8bc9945cf9cf91696a889ae81d,0.016979753971099854,0.0,0.0048058368265628815,0.0048058368265628815,0.0,0.016979753971099854,0.0,0,1,0.9076921939849854,0.20944694064039504,13,1.661538353333106,0.004933131923114717,0.004243732797885699,0.016979753971099854,0.0048058368265628815,0.016979753971099854,0.0048058368265628815,0.00789870135486126,0.010068018920719624,0.00789870135486126,0,0.016979754902422428,0.0,9.313225746154785e-10,0.016979754902422428,0,3.730142453597929e-10,1.734723475976807e-18,0,0,1,12,13,13,0,1,1,1,0.0,0.0,0.0,1,0.017225347459316254,0.00873547000810504,0.008489877451211214,0.008489877451211214,inf,inf,0,0,0.004805836453548636,1.734723475976807e-18,1.6615384505345263,0.014106257825513495,1.734723475976807e-18,inf,0,0,0,5,2,0,0,0.017999999225139618
5002,0,2,0,0,70f17f5f5a57f0f8fb349d223d99eca3fb2dd8677c29ca7a8223a1786c1a90f6,63fdd9cd89c8e8cadd17ebf16365746a179b9b8bc9945cf9cf91696a889ae81d,0.014358076266944408,0.0,-0.0004685749299824238,-0.0004685749299824238,0.0,0.014358076266944408,0.0,0,1,0.9076921939849854,0.20944694064039504,13,1.661538353333106,0.003938712366981666,0.0032181970750328882,0.014358076266944408,-0.0004685749299824238,0.014358076266944408,0.0004685749299824238,0.007471052929759026,0.009998450987040997,0.007471052929759026,0,0.014358076034113765,0.0,2.3283064365386963e-10,0.014358076034113765,0,2.3196614898010615e-10,1.3010426069826053e-18,0,0,1,11,13,13,0,1,1,1,0.0,0.0,0.0,1,0.011668047634884715,0.004489009617827833,0.007179038017056882,0.007179038017056882,inf,inf,0,0,-0.00046857516194857276,1.3010426069826053e-18,1.6615384505345263,0.01192824770318915,1.3010426069826053e-18,inf,0,0,0,4,4,0,0,0.041999999433755875
5002,0,2,1,0,70f17f5f5a57f0f8fb349d223d99eca3fb2dd8677c29ca7a8223a1786c1a90f6,63fdd9cd89c8e8cadd17ebf16365746a179b9b8bc9945cf9cf91696a889ae81d,0.02022467367351055,0.041999999433755875,0.0026461556553840637,0.0026461556553840637,0.018692306248041295,0.02022467367351055,0.041999999433755875,1,4,0.9076921939849854,0.20944694064039504,13,1.661538353333106,0.013771720481506025,0.012299271737164734,0.021775325760245323,-0.01604615059265723,0.021775325760245323,0.01604615059265723,0.002292497782036662,0.012336954474449158,0.002292497782036662,0,0.02022467425558716,0.041999999433755875,5.820766091346741e-10,0.040130165056325495,0,4.55425505467566e-10,0.0,1,11,8,11,4,1,0,0,1,0,0.0,0.012000001966953278,0.0,1,0.03764067275915295,0.0175755902309902,0.020065082528162748,0.020065082528162748,inf,inf,0,0,0.0026461551999585583,0.018692306248041295,1.6615384505345263,0.03333890613369093,0.018692306248041295,1.78356301738767,1,0,0,1,2,1,0,0.024000000208616257
5002,0,2,3,0,70f17f5f5a57f0f8fb349d223d99eca3fb2dd8677c29ca7a8223a1786c1a90f6,63fdd9cd89c8e8cadd17ebf16365746a179b9b8bc9945cf9cf91696a889ae81d,0.013313725590705872,0.017999999225139618,-0.008783440105617046,-0.008783440105617046,-0.008099999606050554,0.013313725590705872,0.017999999225139618,1,3,0.9076923131942749,0.2094469155167731,13,1.661538461366525,0.0029884527144539317,0.0023871309106023265,0.004686273634433746,-0.0006834404995664928,0.004686273634433746,0.0006834404995664928,0.010276763699948788,0.009866178967058659,0.010276763699948788,0,0.013313726056367159,0.017999999225139618,4.656612873077393e-10,0.011183248599991202,0,6.020540715273581e-10,0.0,10,11,6,11,1,1,1,0,1,0,0.008999999612569809,0.008999999612569809,0.008999999612569809,0,0.006902015069499612,-0.0013103907695040107,0.005591624299995601,0.005591624299995601,0.6212916156336368,0.7668905962906869,0,0,-0.008783439503562975,-0.008099999606050554,1.6615384522538923,0.009290698784999945,0.008099999606050554,1.1469999057851756,1,0,0,2,5,0,0,0.024000000208616257
5002,0,2,4,0,70f17f5f5a57f0f8fb349d223d99eca3fb2dd8677c29ca7a8223a1786c1a90f6,63fdd9cd89c8e8cadd17ebf16365746a179b9b8bc9945cf9cf91696a889ae81d,0.022091079503297806,0.012000000104308128,0.005094761494547129,0.005094761494547129,0.0,0.022091079503297806,0.012000000104308128,1,3,0.9076921939849854,0.20944694064039504,13,1.661538353333106,0.003864857021797274,0.0026871348791838398,0.010091079398989677,0.005094761494547129,0.010091079398989677,0.005094761494547129,0.01391996257007122,0.00749977258965373,0.01391996257007122,0,0.022091080085374415,0.012000000104308128,5.820766091346741e-10,0.01609108003322035,0,5.21470254997991e-10,1.3010426069826053e-18,10,11,1,11,1,1,1,0,1,0,0.006000000052154064,0.006000000052154064,0.006000000052154064,0,0.00891581829637289,-0.0008702782797627151,0.008045540016610175,0.008045540016610175,1.340923324445929,1.4859697031455885,0,0,0.005094762016017384,1.3010426069826053e-18,1.6615384505345263,0.013367974092911997,1.3010426069826053e-18,inf,0,0,0,3,1,0,1,0.029999999329447746
5002,0,2,5,0,70f17f5f5a57f0f8fb349d223d99eca3fb2dd8677c29ca7a8223a1786c1a90f6,63fdd9cd89c8e8cadd17ebf16365746a179b9b8bc9945cf9cf91696a889ae81d,0.017282478511333466,0.0,0.0010959053179249167,0.0010959053179249167,0.0,0.017282478511333466,0.0,0,1,0.9076921939849854,0.20944694064039504,13,1.661538353333106,0.004287219512374535,0.003299755514075858,0.017282478511333466,0.0010959053179249167,0.017282478511333466,0.0010959053179249167,0.004305803682655096,0.00924987904727459,0.004305803682655096,0,0.01728247804567218,0.0,4.656612873077393e-10,0.01728247804567218,0,1.3710575296616012e-10,1.734723475976807e-18,0,0,8,11,13,13,0,1,1,1,0.0,0.0,0.0,1,0.009606776293367147,0.0009655372705310583,0.00864123902283609,0.00864123902283609,inf,inf,0,0,0.0010959051808191638,1.734723475976807e-18,1.6615384505345263,0.01435775089670156,1.734723475976807e-18,inf,0,0,0,5,3,0,0,0.041999999433755875
5002,1,0,1,1,47e046b63fc00bfb55fee4a26cc666bda0c9f799663f06ef9b3da5997259541f,63fdd9cd89c8e8cadd17ebf16365746a179b9b8bc9945cf9cf91696a889ae81d,0.022710049524903297,0.0,-0.008110987953841686,-0.008110987953841686,0.0,0.022710049524903297,0.0,0,1,0.9076921939849854,0.20944694064039504,13,1.661538353333106,0.006839155568497325,0.005693191909727216,0.022710049524903297,-0.008110987953841686,0.022710049524903297,0.008110987953841686,0.010753537528216839,0.012593072839081287,0.010753537528216839,0,0.022710050165187567,0.0,6.402842700481415e-10,0.022710050165187567,0,9.434250429485314e-10,0.0,0,0,7,12,13,13,0,1,1,1,0.0,0.0,0.0,1,0.02365949936211109,-0.012304474279517308,0.011355025082593784,0.011355025082593784,inf,inf,0,0,-0.00811098889726673,0.0,1.6615384505345263,0.018866810781513556,0.0,inf,0,0,0,2,1,0,1,0.012000000104308128
5002,1,0,2,1,47e046b63fc00bfb55fee4a26cc666bda0c9f799663f06ef9b3da5997259541f,63fdd9cd89c8e8cadd17ebf16365746a179b9b8bc9945cf9cf91696a889ae81d,0.02069220133125782,0.0,-0.009945458732545376,-0.009945458732545376,0.0,0.02069220133125782,0.0,0,1,0.9076921939849854,0.20944694064039504,13,1.661538353333106,0.006657787415966252,0.005605837297157423,0.02069220133125782,-0.009945458732545376,0.02069220133125782,0.009945458732545376,0.009611282497644424,0.005197169724851847,0.009611282497644424,0,0.020692201098427176,0.0,2.3283064365386963e-10,0.020692201098427176,0,6.765718367496287e-11,0.0,0,0,7,12,13,13,0,1,1,1,0.0,0.0,0.0,1,0.023109495639801025,-0.012763395090587437,0.010346100549213588,0.010346100549213588,inf,inf,0,0,-0.009945458664888192,0.0,1.6615384505345263,0.017190443875614757,0.0,inf,0,0,0,3,3,0,0,0.012000000104308128
5002,1,0,3,1,47e046b63fc00bfb55fee4a26cc666bda0c9f799663f06ef9b3da5997259541f,63fdd9cd89c8e8cadd17ebf16365746a179b9b8bc9945cf9cf91696a889ae81d,0.02195952832698822,0.0,0.006551177706569433,0.006551177706569433,0.0,0.02195952832698822,0.0,0,1,0.9076923131942749,0.2094469155167731,13,1.661538461366525,0.006717626319019948,0.005546221211993482,0.02195952832698822,0.006551177706569433,0.02195952832698822,0.006551177706569433,0.011605313047766685,0.009897643700242043,0.011605313047766685,0,0.021959529258310795,0.0,9.313225746154785e-10,0.021959529258310795,0,8.121126965354719e-10,0.0,0,0,11,12,13,13,0,1,1,1,0.0,0.0,0.0,1,0.022792479023337364,-0.011812714394181967,0.010979764629155397,0.010979764629155397,inf,inf,0,0,0.006551176894456737,0.0,1.6615384522538923,0.018243301128038892,0.0,inf,0,0,0,4,2,0,0,0.012000000104308128
5002,1,0,4,1,47e046b63fc00bfb55fee4a26cc666bda0c9f799663f06ef9b3da5997259541f,63fdd9cd89c8e8cadd17ebf16365746a179b9b8bc9945cf9cf91696a889ae81d,0.0194329135119915,0.0,-0.008096927776932716,-0.008096927776932716,0.0,0.0194329135119915,0.0,0,1,0.9076921939849854,0.20944694064039504,13,1.661538353333106,0.006282026157517764,0.005339737867209067,0.0194329135119915,-0.008096927776932716,0.0194329135119915,0.008096927776932716,0.009956869296729565,0.004994174465537071,0.009956869296729565,0,0.019432913162745535,0.0,3.4924596548080444e-10,0.019432913162745535,0,2.5693028954387742e-09,0.0,0,0,7,12,13,13,0,1,1,1,0.0,0.0,0.0,1,0.020809434354305267,-0.0110929777729325,0.009716456581372768,0.009716456581372768,inf,inf,0,0,-0.008096930346235612,0.0,1.6615384505345263,0.016144266212900108,0.0,inf,0,0,0,5,4,0,0,0.012000000104308128
5002,1,0,5,1,47e046b63fc00bfb55fee4a26cc666bda0c9f799663f06ef9b3da5997259541f,63fdd9cd89c8e8cadd17ebf16365746a179b9b8bc9945cf9cf91696a889ae81d,0.016512246802449226,0.012000000104308128,0.003044663928449154,0.003044663928449154,0.0,0.016512246802449226,0.012000000104308128,1,3,0.9076921939849854,0.20944694064039504,13,1.661538353333106,0.005941453515046906,0.005091554507304579,0.004512246698141098,0.003044663928449154,0.004512246698141098,0.003044663928449154,0.004470896907150745,0.01024421863257885,0.004470896907150745,0,0.016512246220372617,0.012000000104308128,5.820766091346741e-10,0.019800413749180734,0,2.0374202108416894e-10,0.0,10,11,7,4,1,1,1,0,0,0,0.006000000052154064,0.006000000052154064,0.006000000052154064,0,0.021517830900847912,-0.011617624026257545,0.009900206874590367,0.009900206874590367,1.6500344647557272,3.5863051189679207,0,0,0.003044663724707133,0.0,1.6615384505345263,0.016449574390378145,0.0,inf,0,0,0,1,5,1,0,0.012000000104308128
5002,1,1,0,1,47e046b63fc00bfb55fee4a26cc666bda0c9f799663f06ef9b3da5997259541f,63fdd9cd89c8e8cadd17ebf16365746a179b9b8bc9945cf9cf91696a889ae81d,0.014073061756789684,0.0,-0.0022780962754040956,-0.0022780962754040956,0.0,0.014073061756789684,0.0,0,1,0.9076921939849854,0.20944694064039504,13,1.661538353333106,0.004291360790104831,0.0036469077892579446,0.014073061756789684,-0.0022780962754040956,0.014073061756789684,0.0022780962754040956,0.007028485182672739,0.005257400684058666,0.007028485182672739,0,0.014073061596718617,0.0,1.6007106751203537e-10,0.014073061596718617,0,1.6049886680108427e-09,1.734723475976807e-18,0,0,10,4,13,13,0,1,1,1,0.0,0.0,0.0,1,0.009176485080388375,0.0021399542820290662,0.007036530798359308,0.007036530798359308,inf,inf,0,0,-0.0022780978803927637,1.734723475976807e-18,1.6615384505345263,0.011691466479844398,1.734723475976807e-18,inf,0,0,0,4,5,0,0,0.017999999225139618
5002,1,1,2,1,47e046b63fc00bfb55fee4a26cc666bda0c9f799663f06ef9b3da5997259541f,63fdd9cd89c8e8cadd17ebf16365746a179b9b8bc9945cf9cf91696a889ae81d,0.02374153770506382,0.017999999225139618,-0.001642726012505591,-0.001642726012505591,0.0,0.02374153770506382,0.017999999225139618,1,3,0.9076921939849854,0.20944694064039504,13,1.661538353333106,0.004872267252297001,0.0037030843169202463,0.005741538479924202,-0.001642726012505591,0.005741538479924202,0.001642726012505591,0.007495915982872248,0.0089963274076581,0.007495915982872248,0,0.02374153770506382,0.017999999225139618,0.0,0.016287602484226227,0,6.887747160816415e-10,8.673617379884035e-19,10,11,8,11,1,1,1,0,1,0,0.008999999612569809,0.008999999612569809,0.008999999612569809,0,0.008471911773085594,0.0003281105309724808,0.008143801242113113,0.008143801242113113,0.9048668436317608,0.9413235708647517,0,0,-0.0016427253237308748,8.673617379884035e-19,1.6615384505345263,0.013531238897281772,8.673617379884035e-19,inf,0,0,0,1,1,1,1,0.0
5002,1,1,3,1,47e046b63fc00bfb55fee4a26cc666bda0c9f799663f06ef9b3da5997259541f,63fdd9cd89c8e8cadd17ebf16365746a179b9b8bc9945cf9cf91696a889ae81d,0.016210947185754776,0.017999999225139618,-0.005455009639263153,-0.005455009639263153,-0.008099999606050554,0.016210947185754776,0.017999999225139618,1,3,0.9076923131942749,0.2094469155167731,13,1.661538461366525,0.003738727498426453,0.0026268797287525964,0.001789052039384842,0.0026449899667874005,0.001789052039384842,0.0026449899667874005,0.006226107478141785,0.006010580342262983,0.006226107478141785,0,0.016210947185754776,0.017999999225139618,0.0,0.015470237121917307,0,3.8609431277092376e-10,0.0,10,11,8,11,1,1,1,0,1,0,0.008999999612569809,0.008999999612569809,0.008999999612569809,0,0.008020852343179286,-0.00028573378222063184,0.007735118560958654,0.007735118560958654,0.8594576548820553,0.8912058542732599,0,0,-0.005455010025357466,-0.008099999606050554,1.6615384522538923,0.012852196921775597,0.008099999606050554,1.5866910551668716,1,0,0,2,4,0,0,0.0
5002,1,1,4,1,47e046b63fc00bfb55fee4a26cc666bda0c9f799663f06ef9b3da5997259541f,63fdd9cd89c8e8cadd17ebf16365746a179b9b8bc9945cf9cf91696a889ae81d,0.018002308905124664,0.012000000104308128,-0.004599983338266611,-0.004599983338266611,0.0,0.018002308905124664,0.012000000104308128,1,3,0.9076921939849854,0.20944694064039504,13,1.661538353333106,0.0032517574782273246,0.0025135927431329465,0.006002308800816536,-0.004599983338266611,0.006002308800816536,0.004599983338266611,0.00431289104744792,0.010241282172501087,0.00431289104744792,0,0.018002308439463377,0.012000000104308128,4.656612873077393e-10,0.012634651269763708,0,9.814533005747528e-10,8.673617379884035e-19,10,11,8,11,1,1,1,0,1,0,0.006000000052154064,0.006000000052154064,0.006000000052154064,0,0.008949873503297567,0.0026325478684157133,0.006317325634881854,0.006317325634881854,1.0528875966615812,1.4916455709170313,0,0,-0.004599984319719912,8.673617379884035e-19,1.6615384505345263,0.010496479446903639,8.673617379884035e-19,inf,0,0,0,3,2,0,0,0.0059999991208314896
5002,1,1,5,1,47e046b63fc00bfb55fee4a26cc666bda0c9f799663f06ef9b3da5997259541f,63fdd9cd89c8e8cadd17ebf16365746a179b9b8bc9945cf9cf91696a889ae81d,0.016698598861694336,0.0,0.00430622324347496,0.00430622324347496,0.0,0.016698598861694336,0.0,0,1,0.9076921939849854,0.20944694064039504,13,1.661538353333106,0.005568184157844445,0.0049720189407379675,0.016698598861694336,0.00430622324347496,0.016698598861694336,0.00430622324347496,0.0075031183660030365,0.007282696198672056,0.0075031183660030365,0,0.016698599327355623,0.0,4.656612873077393e-10,0.016698599327355623,0,1.0174278919361512e-09,1.734723475976807e-18,0,0,8,11,13,13,0,1,1,1,0.0,0.0,0.0,1,0.008405667264014482,5.6367600336670876e-05,0.008349299663677812,0.008349299663677812,inf,inf,0,0,0.004306224260902852,1.734723475976807e-18,1.6615384505345263,0.013872682426235673,1.734723475976807e-18,inf,0,0,0,5,3,0,0,0.017999999225139618
5002,1,2,0,1,47e046b63fc00bfb55fee4a26cc666bda0c9f799663f06ef9b3da5997259541f,63fdd9cd89c8e8cadd17ebf16365746a179b9b8bc9945cf9cf91696a889ae81d,0.01569206267595291,0.0,-0.0045783850364387035,-0.0045783850364387035,0.0,0.01569206267595291,0.0,0,1,0.9076921939849854,0.20944694064039504,13,1.661538353333106,0.0047589351117539895,0.003935798487389052,0.01569206267595291,-0.0045783850364387035,0.01569206267595291,0.0045783850364387035,0.008591929450631142,0.006174191366881132,0.008591929450631142,0,0.0156920631416142,0.0,4.656612873077393e-10,0.0156920631416142,0,5.736949647977552e-10,1.734723475976807e-18,0,0,1,11,13,13,0,1,1,1,0.0,0.0,0.0,1,0.01615367503836751,0.00830764346756041,0.0078460315708071,0.0078460315708071,inf,inf,0,0,-0.004578385610133668,1.734723475976807e-18,1.6615384505345263,0.013036483139003803,1.734723475976807e-18,inf,0,0,0,4,5,0,0,0.024000000208616257
5002,1,2,1,1,47e046b63fc00bfb55fee4a26cc666bda0c9f799663f06ef9b3da5997259541f,63fdd9cd89c8e8cadd17ebf16365746a179b9b8bc9945cf9cf91696a889ae81d,0.02191256359219551,0.024000000208616257,-0.00013432838022708893,-0.00013432838022708893,1.734723475976807e-18,0.02191256359219551,0.024000000208616257,1,3,0.9076921939849854,0.20944694064039504,13,1.661538353333106,0.004945897225197364,0.0036468695650791988,0.002087436616420746,-0.00013432838022709066,0.002087436616420746,0.00013432838022709066,0.004113700706511736,0.00951716210693121,0.004113700706511736,0,0.021912564057856798,0.024000000208616257,4.656612873077393e-10,0.019815121311694384,0,6.358655615934516e-11,8.673617379884035e-19,10,11,8,11,1,1,1,0,1,0,0.012000000104308128,0.012000000104308128,0.012000000104308128,0,0.01404735492542386,0.004139794269576669,0.009907560655847192,0.009907560655847192,0.8256300474772722,1.1706129002766184,0,0,-0.0001343284438136451,8.673617379884035e-19,1.6615384505345263,0.01646179298069318,8.673617379884035e-19,inf,0,0,0,1,1,1,1,0.006000000983476639
5002,1,2,3,1,47e046b63fc00bfb55fee4a26cc666bda0c9f799663f06ef9b3da5997259541f,63fdd9cd89c8e8cadd17ebf16365746a179b9b8bc9945cf9cf91696a889ae81d,0.01689010113477707,0.017999999225139618,-0.006722473073750734,-0.006722473073750734,-0.008099999606050554,0.01689010113477707,0.017999999225139618,1,3,0.9076923131942749,0.2094469155167731,13,1.661538461366525,0.004748830520895525,0.0036053999847892293,0.0011098980903625488,0.0013775265322998193,0.0011098980903625488,0.0013775265322998193,0.003835438285022974,0.006054260302335024,0.003835438285022974,0,0.016890101600438356,0.017999999225139618,4.656612873077393e-10,0.019916665740311146,0,8.942055750374434e-10,0.0,10,11,8,11,1,1,1,0,1,0,0.008999999612569809,0.008999999612569809,0.008999999612569809,0,0.011527292430400848,0.0015689595602452755,0.009958332870155573,0.009958332870155573,1.106481477648878,1.2808103251806042,0,0,-0.006722473967956309,-0.008099999606050554,1.6615384522538923,0.016546152984107353,0.008099999606050554,2.042735035659468,1,0,0,2,4,0,0,0.006000000983476639
5002,1,2,4,1,47e046b63fc00bfb55fee4a26cc666bda0c9f799663f06ef9b3da5997259541f,63fdd9cd89c8e8cadd17ebf16365746a179b9b8bc9945cf9cf91696a889ae81d,0.021378949284553528,0.012000000104308128,-0.003656122600659728,-0.003656122600659728,0.0,0.021378949284553528,0.012000000104308128,1,3,0.9076921939849854,0.20944694064039504,13,1.661538353333106,0.004451093543925704,0.003393527483374718,0.0093789491802454,-0.003656122600659728,0.0093789491802454,0.003656122600659728,0.003667313139885664,0.00565973250195384,0.003667313139885664,0,0.02137894881889224,0.012000000104308128,4.656612873077393e-10,0.015378948766738176,0,5.789773261516418e-10,8.673617379884035e-19,10,11,1,11,1,1,1,0,1,0,0.006000000052154064,0.006000000052154064,0.006000000052154064,0,0.014267907943576574,0.006578433560207486,0.007689474383369088,0.007689474383369088,1.281579052754922,2.377984636592502,0,0,-0.003656122021682402,8.673617379884035e-19,1.6615384505345263,0.012776357352368007,8.673617379884035e-19,inf,0,0,0,3,2,0,0,0.012000000104308128
5002,1,2,5,1,47e046b63fc00bfb55fee4a26cc666bda0c9f799663f06ef9b3da5997259541f,63fdd9cd89c8e8cadd17ebf16365746a179b9b8bc9945cf9cf91696a889ae81d,0.018563345074653625,0.0,0.0010302439332008362,0.0010302439332008362,0.0,0.018563345074653625,0.0,0,1,0.9076921939849854,0.20944694064039504,13,1.661538353333106,0.005394723004521633,0.004121823150929085,0.018563345074653625,0.0010302439332008362,0.018563345074653625,0.0010302439332008362,0.0032229337375611067,0.008336739614605904,0.0032229337375611067,0,0.018563344608992338,0.0,4.656612873077393e-10,0.018563344608992338,0,8.002382246435902e-10,1.734723475976807e-18,0,0,8,11,13,13,0,1,1,1,0.0,0.0,0.0,1,0.013949501793831587,0.004667829489335418,0.009281672304496169,0.009281672304496169,inf,inf,0,0,0.0010302431329626115,1.734723475976807e-18,1.6615384505345263,0.015421855419181792,1.734723475976807e-18,inf,0,0,0,5,3,0,0,0.024000000208616257
5002,2,0,1,2,ebd67511576650b35156fab20eb2ab46f39dfaa3539e3ce902a5f46014ae709b,63fdd9cd89c8e8cadd17ebf16365746a179b9b8bc9945cf9cf91696a889ae81d,0.017579659819602966,0.0,0.0011691051768139005,0.0011691051768139005,0.0,0.017579659819602966,0.0,0,1,0.007692307233810425,0.20944694064039504,13,1.661538353333106,0.005294127787620063,0.004060074411464866,0.017579659819602966,0.0011691051768139005,0.017579659819602966,0.0011691051768139005,0.005552454851567745,0.005269366782158613,0.005552454851567745,0,0.01757966075092554,0.0,9.313225746154785e-10,0.01757966075092554,0,3.605706523288066e-10,0.0,0,0,5,12,13,13,0,1,1,1,0.0,0.0,0.0,1,0.029776467010378838,-0.020986636634916067,0.00878983037546277,0.00878983037546277,inf,inf,0,0,0.0011691048162432481,0.0,1.6615384505345263,0.014604641142507726,0.0,inf,0,0,0,2,2,0,0,0.012000000104308128
5002,2,0,2,2,ebd67511576650b35156fab20eb2ab46f39dfaa3539e3ce902a5f46014ae709b,63fdd9cd89c8e8cadd17ebf16365746a179b9b8bc9945cf9cf91696a889ae81d,0.014774953946471214,0.0,0.003704030765220523,0.003704030765220523,0.0,0.014774953946471214,0.0,0,1,0.9076921939849854,0.20944694064039504,13,1.6615383533331063,0.00448596961246044,0.0035359343326479722,0.014774953946471214,0.003704030765220523,0.014774953946471214,0.003704030765220523,0.010598650202155113,0.004981431178748608,0.010598650202155113,0,0.014774953946471214,0.0,0.0,0.014774953946471214,0,1.4967368872076392e-09,0.0,0,0,5,12,13,13,0,1,1,1,0.0,0.0,0.0,1,0.028318604454398155,-0.020931127481162548,0.007387476973235607,0.007387476973235607,inf,inf,0,0,0.0037040292684836357,0.0,1.661538450534526,0.012274577043469381,0.0,inf,0,0,0,3,4,0,0,0.012000000104308128
5002,2,0,3,2,ebd67511576650b35156fab20eb2ab46f39dfaa3539e3ce902a5f46014ae709b,63fdd9cd89c8e8cadd17ebf16365746a179b9b8bc9945cf9cf91696a889ae81d,0.018206216394901276,0.0,0.001783829997293651,0.001783829997293651,0.0,0.018206216394901276,0.0,0,1,0.9076923131942749,0.2094469155167731,13,1.661538461366525,0.005315141181734153,0.004140153251720603,0.018206216394901276,0.001783829997293651,0.018206216394901276,0.001783829997293651,0.00604814849793911,0.007183211389929056,0.00604814849793911,0,0.01820621732622385,0.0,9.313225746154785e-10,0.01820621732622385,0,5.956265402770611e-10,0.0,0,0,9,12,13,13,0,1,1,1,0.0,0.0,0.0,1,0.028635134920477867,-0.019532026257365942,0.009103108663111925,0.009103108663111925,inf,inf,0,0,0.0017838294016671108,0.0,1.6615384522538923,0.015125165078805987,0.0,inf,0,0,0,4,1,0,1,0.012000000104308128
5002,2,0,4,2,ebd67511576650b35156fab20eb2ab46f39dfaa3539e3ce902a5f46014ae709b,63fdd9cd89c8e8cadd17ebf16365746a179b9b8bc9945cf9cf91696a889ae81d,0.017394712194800377,0.0,0.0035782093182206154,0.0035782093182206154,0.0,0.017394712194800377,0.0,0,1,0.9076921939849854,0.20944694064039504,13,1.661538353333106,0.004759225935768065,0.003666601634237188,0.017394712194800377,0.0035782093182206154,0.017394712194800377,0.0035782093182206154,0.005078015848994255,0.0036020916886627674,0.005078015848994255,0,0.017394712194800377,0.0,0.0,0.017394712194800377,0,2.0224590578654666e-09,0.0,0,0,1,12,13,13,0,1,1,1,0.0,0.0,0.0,1,0.028036003932356834,-0.019338647834956646,0.008697356097400188,0.008697356097400188,inf,inf,0,0,0.0035782072957615575,0.0,1.6615384505345263,0.014450991573821324,0.0,inf,0,0,0,5,3,0,0,0.012000000104308128
5002,2,0,5,2,ebd67511576650b35156fab20eb2ab46f39dfaa3539e3ce902a5f46014ae709b,63fdd9cd89c8e8cadd17ebf16365746a179b9b8bc9945cf9cf91696a889ae81d,0.014244381338357925,0.012000000104308128,0.003528507426381111,0.003528507426381111,0.0,0.014244381338357925,0.012000000104308128,1,3,0.9076921939849854,0.20944694064039504,13,1.661538353333106,0.005798909240778475,0.0048166763742823575,0.002244381234049797,0.003528507426381111,0.002244381234049797,0.003528507426381111,0.005520017817616463,0.003761754836887121,0.005520017817616463,0,0.014244381338357925,0.012000000104308128,0.0,0.020059811882674694,0,1.592288709738321e-09,0.0,10,11,1,12,1,1,1,0,0,0,0.006000000052154064,0.006000000052154064,0.006000000052154064,0,0.02780162263661623,-0.017771716695278883,0.010029905941337347,0.010029905941337347,1.671650975692326,4.633603732492494,0,0,0.0035285058340924014,0.0,1.6615384505345263,0.016665074376776695,0.0,inf,0,0,0,1,5,1,0,0.012000000104308128
5002,2,1,0,2,ebd67511576650b35156fab20eb2ab46f39dfaa3539e3ce902a5f46014ae709b,63fdd9cd89c8e8cadd17ebf16365746a179b9b8bc9945cf9cf91696a889ae81d,0.01468784362077713,0.0,-0.004229546524584293,-0.004229546524584293,0.0,0.01468784362077713,0.0,0,1,0.9076921939849854,0.20944694064039504,13,1.661538353333106,0.003693334428211043,0.002717231339692364,0.01468784362077713,-0.004229546524584293,0.01468784362077713,0.004229546524584293,0.005110722500830889,0.00577138876542449,0.005110722500830889,0,0.014687844086438417,0.0,4.656612873077393e-10,0.014687844086438417,0,1.3116605119753433e-09,0.0,0,0,7,12,13,13,0,1,1,1,0.0,0.0,0.0,1,0.034198975656181574,0.026855053612962365,0.007343922043219209,0.007343922043219209,inf,inf,0,0,-0.004229547836244805,0.0,1.6615384505345263,0.012202208852536797,0.0,inf,0,0,0,4,3,0,0,0.039000000804662704
5002,2,1,2,2,ebd67511576650b35156fab20eb2ab46f39dfaa3539e3ce902a5f46014ae709b,63fdd9cd89c8e8cadd17ebf16365746a179b9b8bc9945cf9cf91696a889ae81d,0.01555822417140007,0.039000000804662704,7.894545706221834e-05,7.894545706221834e-05,-0.008307691164314752,0.01555822417140007,0.039000000804662704,1,4,0.9076921939849854,0.20944694064039504,13,1.6615383533331063,0.013347007109383743,0.011661283699409847,0.023441776633262634,0.00838663662137697,0.023441776633262634,0.00838663662137697,0.006498472765088081,0.00805061124265194,0.006498472765088081,0,0.015558223705738783,0.039000000804662704,4.656612873077393e-10,0.03880909178406,0,2.3891213746934925e-10,0.0,1,11,2,11,4,1,0,1,1,1,0.0,0.009000003337860107,0.0,1,0.0307795787230134,0.0113750328309834,0.01940454589203,0.01940454589203,inf,inf,0,0,7.894569597435581e-05,-0.008307691164314752,1.661538450534526,0.03224139911476963,0.008307691164314752,3.8809096868286166,0,0,0,1,1,1,1,0.021000003442168236
5002,2,1,3,2,ebd67511576650b35156fab20eb2ab46f39dfaa3539e3ce902a5f46014ae709b,63fdd9cd89c8e8cadd17ebf16365746a179b9b8bc9945cf9cf91696a889ae81d,0.011596414260566235,0.01799999736249447,-0.0025365096516907215,-0.0025365096516907215,-0.008099998058622285,0.011596414260566235,0.01799999736249447,1,3,0.9076923131942749,0.2094469155167731,13,1.661538461366525,0.005292333524998137,0.004273587027729967,0.006403583101928234,0.005563488406931563,0.006403583101928234,0.005563488406931563,0.005631774663925171,0.007941849529743195,0.005631774663925171,0,0.011596414376981556,0.01799999736249447,1.1641532182693481e-10,0.01888297125697136,0,1.1186367717547219e-09,3.469446951953614e-18,10,11,5,12,1,1,1,0,0,0,0.008999999612569809,0.00899999774992466,0.00899999774992466,0,0.030079460702836514,0.020637975074350834,0.00944148562848568,0.00944148562848568,1.049054220992968,3.3421631358839297,0,0,-0.0025365107703274933,-0.008099998058622281,1.6615384522538923,0.015687391418131465,0.008099998058622281,1.9367154540774933,1,0,0,2,4,0,0,0.021000003442168236
5002,2,1,4,2,ebd67511576650b35156fab20eb2ab46f39dfaa3539e3ce902a5f46014ae709b,63fdd9cd89c8e8cadd17ebf16365746a179b9b8bc9945cf9cf91696a889ae81d,0.011475814506411552,0.011999998241662979,0.0024701706133782864,0.0024701706133782864,2.579047114759092e-10,0.011475814506411552,0.011999998241662979,1,3,0.9076921939849854,0.20944694064039504,13,1.661538353333106,0.0036611932946300895,0.003180705407667443,0.0005241837352514267,0.002470170355473575,0.0005241837352514267,0.002470170355473575,0.005772569216787815,0.004645210690796375,0.005772569216787815,0,0.01147581497207284,0.011999998241662979,4.656612873077393e-10,0.01147581497207284,0,2.52291445113767e-10,3.469446951953614e-18,10,11,7,3,1,1,1,0,0,0,0.00599999725818634,0.006000000983476639,0.00599999725818634,0,0.03430925169959664,0.028571344213560224,0.00573790748603642,0.00573790748603642,0.9563183513471898,5.718211229644384,0,0,0.0024701708656697315,2.5790471494535616e-10,1.6615384505345263,0.009533753913659413,2.5790471494535616e-10,36966186.9721125,1,0,0,3,5,0,0,0.027000002562999725
5002,2,1,5,2,ebd67511576650b35156fab20eb2ab46f39dfaa3539e3ce902a5f46014ae709b,63fdd9cd89c8e8cadd17ebf16365746a179b9b8bc9945cf9cf91696a889ae81d,0.01489337906241417,0.0,0.002659325720742345,0.002659325720742345,0.0,0.01489337906241417,0.0,0,1,0.9076921939849854,0.20944694064039504,13,1.661538353333106,0.004311030925653784,0.003931009910515779,0.01489337906241417,0.002659325720742345,0.01489337906241417,0.002659325720742345,0.00816378090530634,0.003934647887945175,0.00816378090530634,0,0.01489337906241417,0.0,0.0,0.01489337906241417,0,1.188929250623555e-09,0.0,0,0,1,3,13,13,0,1,1,1,0.0,0.0,0.0,1,0.035433609038591385,0.0279869195073843,0.007446689531207085,0.007446689531207085,inf,inf,0,0,0.0026593245318130942,0.0,1.6615384505345263,0.012372960985293498,0.0,inf,0,0,0,5,2,0,0,0.039000000804662704
5002,2,2,0,2,ebd67511576650b35156fab20eb2ab46f39dfaa3539e3ce902a5f46014ae709b,63fdd9cd89c8e8cadd17ebf16365746a179b9b8bc9945cf9cf91696a889ae81d,0.014590740203857422,0.0,-0.0046052648685872555,-0.0046052648685872555,1.734723475976807e-18,0.014590740203857422,0.0,0,1,0.9076921939849854,0.20944694064039504,13,1.661538353333106,0.004072106029678616,0.0031046024771660746,0.014590740203857422,-0.004605264868587257,0.014590740203857422,0.004605264868587257,0.005076836794614792,0.004541278351098299,0.005076836794614792,0,0.014590740203857422,0.0,0.0,0.014590740203857422,0,5.463088904866797e-10,1.734723475976807e-18,0,0,1,12,13,13,0,1,1,1,0.0,0.0,0.0,1,0.011373035609722137,0.0040776655077934265,0.007295370101928711,0.007295370101928711,inf,inf,0,0,-0.004605264322278365,0.0,1.6615384505345263,0.012121537935234539,0.0,inf,0,0,0,4,4,0,0,0.042000001296401024
5002,2,2,1,2,ebd67511576650b35156fab20eb2ab46f39dfaa3539e3ce902a5f46014ae709b,63fdd9cd89c8e8cadd17ebf16365746a179b9b8bc9945cf9cf91696a889ae81d,0.019158044829964638,0.042000001296401024,0.008851654827594757,0.008851654827594757,0.002076922887792952,0.019158044829964638,0.042000001296401024,1,4,0.007692307233810425,0.20944694064039504,13,1.661538353333106,0.011312156378024471,0.007254613982238007,0.022841956466436386,0.006774731939801805,0.022841956466436386,0.006774731939801805,0.0022597024217247963,0.003761644707992673,0.0022597024217247963,0,0.019158044829964638,0.042000001296401024,0.0,0.0476592555642128,0,7.821881926883822e-10,3.469446951953614e-18,10,1,2,9,1,1,1,0,0,0,0.012000001966953278,0.017999999225139618,0.012000001966953278,0,0.03762435168027878,-0.013794723898172379,0.0238296277821064,0.0238296277821064,1.9858019896772223,3.1353621260973306,0,0,0.008851654045406564,0.0020769228877929487,1.6615384505345263,0.03959384282189557,0.0020769228877929487,19.06370383542267,1,0,0,1,1,1,1,0.024000002071261406
5002,2,2,3,2,ebd67511576650b35156fab20eb2ab46f39dfaa3539e3ce902a5f46014ae709b,63fdd9cd89c8e8cadd17ebf16365746a179b9b8bc9945cf9cf91696a889ae81d,0.018630683422088623,0.017999999225139618,-0.0010975470067933202,-0.0010975470067933202,-0.008099999606050552,0.018630683422088623,0.017999999225139618,1,3,0.9076923131942749,0.2094469155167731,13,1.661538461366525,0.006117299434523552,0.0051295673750208675,0.0006306841969490051,0.007002452599257232,0.0006306841969490051,0.007002452599257232,0.006740247830748558,0.005126930773258209,0.006740247830748558,0,0.018630683422088623,0.017999999225139618,0.0,0.018724681809544563,0,4.374412290730767e-11,6.938893903907228e-18,10,11,2,12,1,1,1,0,0,0,0.008999999612569809,0.008999999612569809,0.008999999612569809,0,0.009474184364080429,0.00011184345930814743,0.009362340904772282,0.009362340904772282,1.040260145311163,1.052687196880359,0,0,-0.0010975469630491973,-0.008099999606050559,1.6615384522538923,0.015555889416388642,0.008099999606050559,1.9204802682667619,1,0,0,2,2,0,0,0.024000002071261406
5002,2,2,4,2,ebd67511576650b35156fab20eb2ab46f39dfaa3539e3ce902a5f46014ae709b,63fdd9cd89c8e8cadd17ebf16365746a179b9b8bc9945cf9cf91696a889ae81d,0.015293448232114315,0.011999999172985554,0.00297953630797565,0.00297953630797565,6.44761778689773e-11,0.015293448232114315,0.011999999172985554,1,3,0.9076921939849854,0.20944694064039504,13,1.661538353333106,0.004589095146947851,0.0040306066047157765,0.0032934490591287613,0.002979536243499472,0.0032934490591287613,0.002979536243499472,0.006549992598593235,0.005924472119659185,0.006549992598593235,0,0.015293448232114315,0.011999999172985554,0.0,0.015293448232114315,0,5.211507961289108e-10,8.673617379884035e-19,10,11,1,12,1,1,1,0,0,0,0.0059999991208314896,0.006000000052154064,0.0059999991208314896,0,0.01307869516313076,0.005431971047073603,0.0076467241160571575,0.0076467241160571575,1.2744542060861939,2.1797828465878664,0,0,0.002979536829126446,6.447617873633904e-11,1.6615384505345263,0.012705326139458606,6.447617873633904e-11,197054577.18600547,1,0,0,3,3,0,0,0.03000000212341547
5002,2,2,5,2,ebd67511576650b35156fab20eb2ab46f39dfaa3539e3ce902a5f46014ae709b,63fdd9cd89c8e8cadd17ebf16365746a179b9b8bc9945cf9cf91696a889ae81d,0.014561365358531475,0.0,0.0024877272080630064,0.0024877272080630064,1.734723475976807e-18,0.014561365358531475,0.0,0,1,0.9076921939849854,0.20944694064039504,13,1.661538353333106,0.004014106458284745,0.0033797769856876167,0.014561365358531475,0.0024877272080630047,0.014561365358531475,0.0024877272080630047,0.0033610425889492035,0.005524368491023779,0.0033610425889492035,0,0.014561365358531475,0.0,0.0,0.014561365358531475,0,1.1877927972789304e-09,8.673617379884035e-19,0,0,1,9,13,13,0,1,1,1,0.0,0.0,0.0,1,0.011964794248342514,0.0046841115690767765,0.0072806826792657375,0.0072806826792657375,inf,inf,0,0,0.002487726020270209,8.673617379884035e-19,1.6615384505345263,0.012097134217740757,8.673617379884035e-19,inf,0,0,0,5,5,0,0,0.042000001296401024
5002,3,0,1,3,7ce39e061ff2bacc495efb1dde4ee32677a7d3d88a0167ce241fdbafb0d1215e,63fdd9cd89c8e8cadd17ebf16365746a179b9b8bc9945cf9cf91696a889ae81d,0.03421672806143761,0.0,-0.003441873239353299,-0.003441873239353299,0.0,0.03421672806143761,0.0,0,1,0.9076921939849854,0.20944694064039504,13,1.661538353333106,0.0084901488553496,0.00657768935494169,0.03421672806143761,-0.003441873239353299,0.03421672806143761,0.003441873239353299,0.008296050131320953,0.016502046957612038,0.008296050131320953,0,0.03421672806143761,0.0,0.0,0.03421672806143761,0,9.301177088943957e-09,6.938893903907228e-18,0,0,8,0,13,13,0,1,1,1,0.0,0.0,0.0,1,0.16684643179178238,-0.14973806776106358,0.017108364030718803,0.017108364030718803,inf,inf,0,0,-0.003441882540530388,6.938893903907228e-18,1.6615384505345263,0.028426204662781143,6.938893903907228e-18,inf,0,0,0,2,1,0,1,0.01199999451637268
5002,3,0,2,3,7ce39e061ff2bacc495efb1dde4ee32677a7d3d88a0167ce241fdbafb0d1215e,63fdd9cd89c8e8cadd17ebf16365746a179b9b8bc9945cf9cf91696a889ae81d,0.032167933881282806,0.0,-0.0003024799225386232,-0.0003024799225386232,0.0,0.032167933881282806,0.0,0,1,0.9076921939849854,0.20944694064039504,13,1.6615383533331063,0.008493832693518673,0.006793449880808768,0.032167933881282806,-0.0003024799225386232,0.032167933881282806,0.0003024799225386232,0.01381597574800253,0.01066356897354126,0.01381597574800253,0,0.032167933881282806,0.0,0.0,0.032167933881282806,0,1.5548277977617264e-09,6.938893903907228e-18,0,0,8,0,13,13,0,1,1,1,0.0,0.0,0.0,1,0.160180926322937,-0.1440969593822956,0.016083966940641403,0.016083966940641403,inf,inf,0,0,-0.000302481477366421,-6.938893903907228e-18,1.661538450534526,0.02672412950900186,6.938893903907228e-18,inf,0,0,0,3,3,0,0,0.01199999451637268
5002,3,0,3,3,7ce39e061ff2bacc495efb1dde4ee32677a7d3d88a0167ce241fdbafb0d1215e,63fdd9cd89c8e8cadd17ebf16365746a179b9b8bc9945cf9cf91696a889ae81d,0.029377710074186325,0.0,-0.008812314830720425,-0.008812314830720425,0.0,0.029377710074186325,0.0,0,1,0.9076923131942749,0.2094469155167731,13,1.661538461366525,0.007827842163445725,0.0065748206609804955,0.029377710074186325,-0.008812314830720425,0.029377710074186325,0.008812314830720425,0.009396911598742008,0.007195484358817339,0.009396911598742008,0,0.029377710074186325,0.0,0.0,0.029377710074186325,0,4.951243137707451e-09,1.3877787807814457e-17,0,0,8,0,13,13,0,1,1,1,0.0,0.0,0.0,1,0.15476427972316742,-0.14007542468607426,0.014688855037093163,0.014688855037093163,inf,inf,0,0,-0.008812319781963562,-1.3877787807814457e-17,1.6615384522538923,0.024406097463713562,1.3877787807814457e-17,inf,0,0,0,4,4,0,0,0.01199999451637268
5002,3,0,4,3,7ce39e061ff2bacc495efb1dde4ee32677a7d3d88a0167ce241fdbafb0d1215e,63fdd9cd89c8e8cadd17ebf16365746a179b9b8bc9945cf9cf91696a889ae81d,0.02702924981713295,0.0,-0.005565273109823465,-0.005565273109823465,-1.3877787807814457e-17,0.02702924981713295,0.0,0,1,0.9076921939849854,0.20944694064039504,13,1.661538353333106,0.008703885227249894,0.007878010442271035,0.02702924981713295,-0.0055652731098234515,0.02702924981713295,0.0055652731098234515,0.011119569651782513,0.01012564916163683,0.011119569651782513,0,0.02702924981713295,0.0,0.0,0.02702924981713295,0,6.231659931132949e-09,1.3877787807814457e-17,0,0,8,0,13,13,0,1,1,1,0.0,0.0,0.0,1,0.1565287858247757,-0.14301416091620922,0.013514624908566475,0.013514624908566475,inf,inf,0,0,-0.0055652793414833965,0.0,1.6615384505345263,0.022455068930134856,0.0,inf,0,0,0,5,5,0,0,0.01199999451637268
5002,3,0,5,3,7ce39e061ff2bacc495efb1dde4ee32677a7d3d88a0167ce241fdbafb0d1215e,63fdd9cd89c8e8cadd17ebf16365746a179b9b8bc9945cf9cf91696a889ae81d,0.03348487615585327,0.01199999451637268,0.004113601520657539,0.004113601520657539,0.0,0.03348487615585327,0.01199999451637268,1,3,0.007692307233810425,0.20944694064039504,13,1.661538353333106,0.00845986549342971,0.006615837517927384,0.02148488163948059,0.004113601520657539,0.02148488163948059,0.004113601520657539,0.009662584401667118,0.013844944536685944,0.009662584401667118,0,0.03348487615585327,0.01199999451637268,0.0,0.03348487615585327,0,3.8385018219511124e-09,0.0,10,11,7,0,1,1,1,0,0,0,0.00599999725818634,0.00599999725818634,0.00599999725818634,0,0.15989000350236893,-0.1431475654244423,0.016742438077926636,0.016742438077926636,2.790407621450728,26.648346094528044,0,0,0.004113597682155717,0.0,1.6615384505345263,0.027818204622168476,0.0,inf,0,0,0,1,2,1,0,0.01199999451637268
5002,3,1,0,3,7ce39e061ff2bacc495efb1dde4ee32677a7d3d88a0167ce241fdbafb0d1215e,63fdd9cd89c8e8cadd17ebf16365746a179b9b8bc9945cf9cf91696a889ae81d,0.015550006181001663,0.0,0.0012001601280644536,0.0012001601280644536,8.673617379884035e-19,0.015550006181001663,0.0,0,1,0.9076921939849854,0.20944694064039504,13,1.661538353333106,0.00447477516727713,0.003924831506223059,0.015550006181001663,0.0012001601280644527,0.015550006181001663,0.0012001601280644527,0.0063222418539226055,0.003856746479868889,0.0063222418539226055,0,0.015550005831755698,0.0,3.4924596548080444e-10,0.015550005831755698,0,7.312889417285251e-10,4.336808689942018e-19,0,0,10,12,13,13,0,1,1,1,0.0,0.0,0.0,1,0.021725477650761604,0.013950474734883755,0.007775002915877849,0.007775002915877849,inf,inf,0,0,0.0012001608593533953,4.336808689942018e-19,1.6615384505345263,0.012918466297749105,4.336808689942018e-19,inf,0,0,0,4,2,0,0,0.038999997079372406
5002,3,1,2,3,7ce39e061ff2bacc495efb1dde4ee32677a7d3d88a0167ce241fdbafb0d1215e,63fdd9cd89c8e8cadd17ebf16365746a179b9b8bc9945cf9cf91696a889ae81d,0.019661366939544678,0.038999997079372406,-0.0036423681303858757,-0.0036423681303858757,0.0033230769299543786,0.019661366939544678,0.038999997079372406,1,5,0.9076921939849854,0.20944694064039504,13,1.6615383533331063,0.010760536389809694,0.006562495350661363,0.01933863013982773,-0.006965445060340254,0.01933863013982773,0.006965445060340254,0.008118699304759502,0.004734803922474384,0.008118699304759502,0,0.019661367870867252,0.038999997079372406,9.313225746154785e-10,0.043254684074781835,0,3.402348259899657e-10,4.336808689942018e-19,10,2,2,11,1,1,1,0,0,0,0.007499999366700649,0.020999997854232788,0.007499999366700649,0,0.05179210472851992,0.030164762691129,0.021627342037390918,0.021627342037390918,2.8836458484802616,6.90561454691215,0,0,-0.0036423677901510497,0.003323076929954379,1.661538450534526,0.035934660377986725,0.003323076929954379,10.813670924699313,0,0,0,1,1,1,1,0.020999997854232788
5002,3,1,3,3,7ce39e061ff2bacc495efb1dde4ee32677a7d3d88a0167ce241fdbafb0d1215e,63fdd9cd89c8e8cadd17ebf16365746a179b9b8bc9945cf9cf91696a889ae81d,0.014191300608217716,0.017999999225139618,-0.002520848298445344,-0.002520848298445344,-0.008099999428741065,0.014191300608217716,0.017999999225139618,1,3,0.9076923131942749,0.2094469155167731,13,1.661538461366525,0.004756043593152872,0.003945775834303459,0.0038086986169219017,0.005579151130295721,0.0038086986169219017,0.005579151130295721,0.006469505839049816,0.006024837493896484,0.006469505839049816,0,0.014191300375387073,0.017999999225139618,2.3283064365386963e-10,0.01600245898589492,0,2.021418540366915e-10,1.734723475976807e-18,10,11,2,12,1,1,1,0,0,0,0.008999999845400453,0.008999999379739165,0.008999999379739165,0,0.017423594370484352,0.009422364877536893,0.00800122949294746,0.00800122949294746,0.8890255604861328,1.9359550634757172,0,0,-0.00252084809630349,-0.008099999428741064,1.6615384522538923,0.013294350467840117,0.008099999428741064,1.6412779512882487,1,0,0,2,3,0,0,0.020999997854232788
5002,3,1,4,3,7ce39e061ff2bacc495efb1dde4ee32677a7d3d88a0167ce241fdbafb0d1215e,63fdd9cd89c8e8cadd17ebf16365746a179b9b8bc9945cf9cf91696a889ae81d,0.014116328209638596,0.012000000104308128,0.0011264357017353177,0.0011264357017353177,0.0012461540421614256,0.014116328209638596,0.012000000104308128,1,4,0.9076921939849854,0.20944694064039504,13,1.661538353333106,0.0035492608841661763,0.002817088969536787,0.0021163281053304672,-0.00011971834042610787,0.0021163281053304672,0.00011971834042610787,0.00755480770021677,0.0038464954122900963,0.00755480770021677,0,0.014116328209638596,0.012000000104308128,0.0,0.012731880880892277,0,1.1011719687134547e-09,4.336808689942018e-19,10,11,10,12,1,1,1,1,0,0,0.0044999998062849045,0.006000000052154064,0.0044999998062849045,0,0.02277498785406351,0.016409047413617373,0.006365940440446138,0.006365940440446138,1.414653492107972,5.061108629883701,0,0,0.0011264368029072864,0.001246154042161426,1.6615384505345263,0.010577254815613956,0.001246154042161426,8.487919195983144,1,0,0,3,4,0,0,0.026999996975064278
5002,3,1,5,3,7ce39e061ff2bacc495efb1dde4ee32677a7d3d88a0167ce241fdbafb0d1215e,63fdd9cd89c8e8cadd17ebf16365746a179b9b8bc9945cf9cf91696a889ae81d,0.012906903401017189,0.0,-0.0048502106219530106,-0.0048502106219530106,8.673617379884035e-19,0.012906903401017189,0.0,0,1,0.007692307233810425,0.20944694064039504,13,1.661538353333106,0.003815452423617769,0.0033178439941780762,0.012906903401017189,-0.004850210621953011,0.012906903401017189,0.004850210621953011,0.008900592103600502,0.009977921843528748,0.008900592103600502,0,0.01290690309178899,0.0,3.092281986027956e-10,0.01290690309178899,0,1.0208403592934512e-09,4.336808689942018e-19,0,0,1,9,13,13,0,1,1,1,0.0,0.0,0.0,1,0.020347177982330322,0.013893726436435827,0.006453451545894495,0.006453451545894495,inf,inf,0,0,-0.004850209601112651,4.336808689942018e-19,1.6615384505345263,0.010722657882165183,4.336808689942018e-19,inf,0,0,0,5,5,0,0,0.038999997079372406
5002,3,2,0,3,7ce39e061ff2bacc495efb1dde4ee32677a7d3d88a0167ce241fdbafb0d1215e,63fdd9cd89c8e8cadd17ebf16365746a179b9b8bc9945cf9cf91696a889ae81d,0.016455436125397682,0.0,-0.0007214380311779678,-0.0007214380311779678,0.0,0.016455436125397682,0.0,0,1,0.9076921939849854,0.20944694064039504,13,1.661538353333106,0.0046302702898012235,0.0037594974129157663,0.016455436125397682,-0.0007214380311779678,0.016455436125397682,0.0007214380311779678,0.007948222570121288,0.006448929663747549,0.007948222570121288,0,0.016455435659736395,0.0,4.656612873077393e-10,0.016455435659736395,0,4.940169801015415e-10,3.469446951953614e-18,0,0,1,9,13,13,0,1,1,1,0.0,0.0,0.0,1,0.03709537861868739,-0.028867660788819194,0.008227717829868197,0.008227717829868197,inf,inf,0,0,-0.0007214385251949479,3.469446951953614e-18,1.6615384505345263,0.013670669534474501,3.469446951953614e-18,inf,0,0,0,4,2,0,0,0.041999999433755875
5002,3,2,1,3,7ce39e061ff2bacc495efb1dde4ee32677a7d3d88a0167ce241fdbafb0d1215e,63fdd9cd89c8e8cadd17ebf16365746a179b9b8bc9945cf9cf91696a889ae81d,0.014438468962907791,0.041999999433755875,0.0061667547561228275,0.0061667547561228275,0.018692307150707785,0.014438468962907791,0.041999999433755875,1,4,0.9076921939849854,0.20944694064039504,13,1.661538353333106,0.013728334913088357,0.011757742145137319,0.027561530470848083,-0.012525552394584957,0.027561530470848083,0.012525552394584957,0.00418125232681632,0.008218036033213139,0.00418125232681632,0,0.014438468962907791,0.041999999433755875,0.0,0.04126884788274765,0,9.757453837966334e-10,3.469446951953614e-18,1,11,2,9,4,1,0,1,0,0,0.0,0.012000000104308128,0.0,1,0.03339612204581499,-0.012761698104441166,0.020634423941373825,0.020634423941373825,inf,inf,0,0,0.006166753780377444,0.01869230715070778,1.6615384505345263,0.0342848887832228,0.01869230715070778,1.8341710580079253,1,0,0,1,5,1,0,0.024000000208616257
5002,3,2,3,3,7ce39e061ff2bacc495efb1dde4ee32677a7d3d88a0167ce241fdbafb0d1215e,63fdd9cd89c8e8cadd17ebf16365746a179b9b8bc9945cf9cf91696a889ae81d,0.015483117662370205,0.017999999225139618,-0.0018028338672593236,-0.0018028338672593236,-0.008099999606050547,0.015483117662370205,0.017999999225139618,1,3,0.9076923131942749,0.2094469155167731,13,1.661538461366525,0.005708028436033306,0.004905044172818844,0.002516881562769413,0.006297165738791223,0.002516881562769413,0.006297165738791223,0.00535536278039217,0.010020951740443707,0.00535536278039217,0,0.015483117662370205,0.017999999225139618,0.0,0.017321025021374226,0,4.990184663059005e-10,1.3877787807814457e-17,10,11,2,12,1,1,1,0,0,0,0.008999999612569809,0.008999999612569809,0.008999999612569809,0,0.04161413852125406,-0.03295362601056695,0.008660512510687113,0.008660512510687113,0.9622792092781256,4.623793368072357,0,0,-0.0018028333682408573,-0.00809999960605056,1.6615384522538923,0.014389774552732536,0.00809999960605056,1.7765154632826923,1,0,0,2,4,0,0,0.024000000208616257
5002,3,2,4,3,7ce39e061ff2bacc495efb1dde4ee32677a7d3d88a0167ce241fdbafb0d1215e,63fdd9cd89c8e8cadd17ebf16365746a179b9b8bc9945cf9cf91696a889ae81d,0.016453858464956284,0.012000001966953278,4.314894977142103e-05,4.314894977142103e-05,0.001246153268447292,0.016453858464956284,0.012000001966953278,1,4,0.9076921939849854,0.20944694064039504,13,1.661538353333106,0.004263310991238442,0.0035423599238667263,0.004453856498003006,-0.001203004318675871,0.004453856498003006,0.001203004318675871,0.004886406008154154,0.0088762566447258,0.004886406008154154,0,0.01645385893061757,0.012000001966953278,4.656612873077393e-10,0.01645385893061757,0,5.394223782928531e-10,0.0,10,11,1,12,1,1,1,0,0,0,0.004500001668930054,0.006000000983476639,0.004500001668930054,0,0.03371004620566964,-0.025483116740360856,0.008226929465308785,0.008226929465308785,1.82820586981357,7.4911186007814825,0,0,4.314948919379932e-05,0.001246153268447292,1.6615384505345263,0.013669359636445999,0.001246153268447292,10.969244299682359,1,0,0,3,3,0,0,0.029999997466802597
5002,3,2,5,3,7ce39e061ff2bacc495efb1dde4ee32677a7d3d88a0167ce241fdbafb0d1215e,63fdd9cd89c8e8cadd17ebf16365746a179b9b8bc9945cf9cf91696a889ae81d,0.017129356041550636,0.0,-0.005209140479564667,-0.005209140479564667,0.0,0.017129356041550636,0.0,0,1,0.007692307233810425,0.20944694064039504,13,1.661538353333106,0.004691171412139702,0.003938499270502985,0.017129356041550636,-0.005209140479564667,0.017129356041550636,0.005209140479564667,0.006925861816853285,0.006155733484774828,0.006925861816853285,0,0.017129356507211924,0.0,4.656612873077393e-10,0.017129356507211924,0,1.9150539652332266e-09,0.0,0,0,1,9,13,13,0,1,1,1,0.0,0.0,0.0,1,0.03713300870731473,-0.028568330453708768,0.008564678253605962,0.008564678253605962,inf,inf,0,0,-0.0052091385645107015,0.0,1.6615384505345263,0.014230542234823203,0.0,inf,0,0,0,5,1,0,1,0.041999999433755875
5002,4,0,1,4,c7f659a779c504278b39a5552184546476cc800c322438ff566503ee568b15c3,63fdd9cd89c8e8cadd17ebf16365746a179b9b8bc9945cf9cf91696a889ae81d,0.03465869277715683,0.0,-0.0026338614989072084,-0.0026338614989072084,0.0,0.03465869277715683,0.0,0,1,0.9076921939849854,0.20944694064039504,13,1.661538353333106,0.00811597667509621,0.005894308127242432,0.03465869277715683,-0.0026338614989072084,0.03465869277715683,0.0026338614989072084,0.008848550729453564,0.016559822484850883,0.008848550729453564,0,0.03465869277715683,0.0,0.0,0.03465869277715683,0,6.612856907894926e-09,6.938893903907228e-18,0,0,8,0,13,13,0,1,1,1,0.0,0.0,0.0,1,0.169381782412529,-0.15205243602395058,0.017329346388578415,0.017329346388578415,inf,inf,0,0,-0.0026338681117641163,6.938893903907228e-18,1.6615384505345263,0.02879337534725467,6.938893903907228e-18,inf,0,0,0,2,1,0,1,0.01199999451637268
5002,4,0,2,4,c7f659a779c504278b39a5552184546476cc800c322438ff566503ee568b15c3,63fdd9cd89c8e8cadd17ebf16365746a179b9b8bc9945cf9cf91696a889ae81d,0.03142726048827171,0.0,-0.00016751761722844094,-0.00016751761722844094,0.0,0.03142726048827171,0.0,0,1,0.9076921939849854,0.20944694064039504,13,1.6615383533331063,0.008106695962967647,0.0063920379037687765,0.03142726048827171,-0.00016751761722844094,0.03142726048827171,0.00016751761722844094,0.013936863280832767,0.010674538090825081,0.013936863280832767,0,0.03142726048827171,0.0,0.0,0.03142726048827171,0,4.130067340207821e-09,6.938893903907228e-18,0,0,8,0,13,13,0,1,1,1,0.0,0.0,0.0,1,0.16264763474464417,-0.1469340045005083,0.015713630244135857,0.015713630244135857,inf,inf,0,0,-0.00016752174729578115,-6.938893903907228e-18,1.661538450534526,0.02610880084811396,6.938893903907228e-18,inf,0,0,0,3,3,0,0,0.01199999451637268
5002,4,0,3,4,c7f659a779c504278b39a5552184546476cc800c322438ff566503ee568b15c3,63fdd9cd89c8e8cadd17ebf16365746a179b9b8bc9945cf9cf91696a889ae81d,0.030050408095121384,0.0,-0.009777863509953022,-0.009777863509953022,0.0,0.030050408095121384,0.0,0,1,0.9076923131942749,0.2094469155167731,13,1.661538461366525,0.007785414992159429,0.006356293412707966,0.030050408095121384,-0.009777863509953022,0.030050408095121384,0.009777863509953022,0.009937739931046963,0.00793308112770319,0.009937739931046963,0,0.030050408095121384,0.0,0.0,0.030050408095121384,0,1.2205574329016144e-09,1.3877787807814457e-17,0,0,8,0,13,13,0,1,1,1,0.0,0.0,0.0,1,0.1573750451207161,-0.1423498410731554,0.015025204047560692,0.015025204047560692,inf,inf,0,0,-0.009777864730510455,-1.3877787807814457e-17,1.6615384522538923,0.02496495427798291,1.3877787807814457e-17,inf,0,0,0,4,4,0,0,0.01199999451637268
5002,4,0,4,4,c7f659a779c504278b39a5552184546476cc800c322438ff566503ee568b15c3,63fdd9cd89c8e8cadd17ebf16365746a179b9b8bc9945cf9cf91696a889ae81d,0.026972807943820953,0.0,-0.004725551698356867,-0.004725551698356867,-1.3877787807814457e-17,0.026972807943820953,0.0,0,1,0.9076921939849854,0.20944694064039504,13,1.661538353333106,0.008482066084481148,0.007725327633894407,0.026972807943820953,-0.004725551698356853,0.026972807943820953,0.004725551698356853,0.010360377840697765,0.010582315735518932,0.010360377840697765,0,0.026972807943820953,0.0,0.0,0.026972807943820953,0,9.93158728868071e-10,1.3877787807814457e-17,0,0,8,11,13,13,0,1,1,1,0.0,0.0,0.0,1,0.15920960903167725,-0.14572320505976677,0.013486403971910477,0.013486403971910477,inf,inf,0,0,-0.004725552691515596,0.0,1.6615384505345263,0.022408178758770814,0.0,inf,0,0,0,5,5,0,0,0.01199999451637268
5002,4,0,5,4,c7f659a779c504278b39a5552184546476cc800c322438ff566503ee568b15c3,63fdd9cd89c8e8cadd17ebf16365746a179b9b8bc9945cf9cf91696a889ae81d,0.03222965821623802,0.01199999451637268,-0.0025594134349375963,-0.0025594134349375963,1.3877787807814457e-17,0.03222965821623802,0.01199999451637268,1,3,0.9076921939849854,0.20944694064039504,13,1.661538353333106,0.008344536744578641,0.006268120729006254,0.02022966369986534,-0.00255941343493761,0.02022966369986534,0.00255941343493761,0.008465919643640518,0.013878005556762218,0.008465919643640518,0,0.03222965821623802,0.01199999451637268,0.0,0.03222965821623802,0,4.034302836242176e-09,6.938893903907228e-18,10,11,7,0,1,1,1,0,0,0,0.00599999725818634,0.00599999725818634,0.00599999725818634,0,0.1645703762769699,-0.1484555471688509,0.01611482910811901,0.01611482910811901,2.685806078683134,27.428408580092537,0,0,-0.0025594174692404326,6.938893903907228e-18,1.6615384505345263,0.026775408186932744,6.938893903907228e-18,inf,0,0,0,1,2,1,0,0.01199999451637268
5002,4,1,0,4,c7f659a779c504278b39a5552184546476cc800c322438ff566503ee568b15c3,63fdd9cd89c8e8cadd17ebf16365746a179b9b8bc9945cf9cf91696a889ae81d,0.012434170581400394,0.0,-0.001979661174118519,-0.001979661174118519,8.673617379884035e-19,0.012434170581400394,0.0,0,1,0.9076921939849854,0.20944694064039504,13,1.661538353333106,0.0036901214663005604,0.0032772768465195888,0.012434170581400394,-0.0019796611741185197,0.012434170581400394,0.0019796611741185197,0.00856875628232956,0.007998759858310223,0.00856875628232956,0,0.012434170581400394,0.0,0.0,0.012434170581400394,0,1.16989065570422e-10,4.336808689942018e-19,0,0,7,3,13,13,0,1,1,1,0.0,0.0,0.0,1,0.006934300065040588,-0.0007172147743403912,0.006217085290700197,0.006217085290700197,inf,inf,0,0,-0.0019796610571294533,4.336808689942018e-19,1.6615384505345263,0.010329926260751,4.336808689942018e-19,inf,0,0,0,4,3,0,0,0.017999999225139618
5002,4,1,2,4,c7f659a779c504278b39a5552184546476cc800c322438ff566503ee568b15c3,63fdd9cd89c8e8cadd17ebf16365746a179b9b8bc9945cf9cf91696a889ae81d,0.02050180360674858,0.017999999225139618,-0.00013453932479023933,-0.00013453932479023933,0.0012461540421614256,0.02050180360674858,0.017999999225139618,1,4,0.9076921939849854,0.20944694064039504,13,1.6615383533331063,0.005194871889529169,0.003984309358180627,0.002501804381608963,-0.001380693366951665,0.002501804381608963,0.001380693366951665,0.007764809764921665,0.008636565878987312,0.007764809764921665,0,0.020501804072409868,0.017999999225139618,4.656612873077393e-10,0.017890009563416243,0,1.5761291837640412e-10,4.336808689942018e-19,10,11,8,11,1,1,1,0,1,0,0.007499999366700649,0.008999999612569809,0.007499999366700649,0,0.010210641659796238,-0.0012656368780881166,0.008945004781708121,0.008945004781708121,1.1926674049364818,1.3614190029309345,0,0,-0.0001345394824031577,0.001246154042161426,1.661538450534526,0.014862469385023239,0.001246154042161426,11.926671087343761,0,0,0,1,1,1,1,0.0
5002,4,1,3,4,c7f659a779c504278b39a5552184546476cc800c322438ff566503ee568b15c3,63fdd9cd89c8e8cadd17ebf16365746a179b9b8bc9945cf9cf91696a889ae81d,0.011761117726564407,0.017999999225139618,-0.002780107082799077,-0.002780107082799077,-0.008099999428741065,0.011761117726564407,0.017999999225139618,1,3,0.9076923131942749,0.2094469155167731,13,1.661538461366525,0.0052039507898768355,0.0039018962001050868,0.006238881498575211,0.005319892345941988,0.006238881498575211,0.005319892345941988,0.007068809121847153,0.0031173937022686005,0.007068809121847153,0,0.011761118192225695,0.017999999225139618,4.656612873077393e-10,0.01933218981139362,0,9.52767556690326e-11,1.734723475976807e-18,10,11,8,3,1,1,1,0,0,0,0.008999999845400453,0.008999999379739165,0.008999999379739165,0,0.016619359143078327,-0.006953264237381518,0.00966609490569681,0.00966609490569681,1.074010619095948,1.846595587605472,0,0,-0.0027801069875223214,-0.008099999428741064,1.6615384522538923,0.01606058836895071,0.008099999428741064,1.9827888273625367,1,0,0,2,4,0,0,0.0
5002,4,1,4,4,c7f659a779c504278b39a5552184546476cc800c322438ff566503ee568b15c3,63fdd9cd89c8e8cadd17ebf16365746a179b9b8bc9945cf9cf91696a889ae81d,0.01092817634344101,0.011999999871477485,-0.000870801042765379,-0.000870801042765379,1.6119044467244326e-11,0.01092817634344101,0.011999999871477485,1,3,0.9076921939849854,0.20944694064039504,13,1.661538353333106,0.0032470719073138636,0.002679702043312893,0.0010718235280364752,-0.0008708010588844234,0.0010718235280364752,0.0008708010588844234,0.005005889106541872,0.0051505290903151035,0.005005889106541872,0,0.010928175994195044,0.011999999871477485,3.4924596548080444e-10,0.010928175994195044,0,7.472077774225983e-11,0.0,10,11,1,3,1,1,1,0,0,0,0.0059999998193234205,0.006000000052154064,0.0059999998193234205,0,0.006029879325069487,0.0005657913279719651,0.005464087997097522,0.005464087997097522,0.9106813602727192,1.0049799177743035,0,0,-0.0008708009680446012,1.6119044467244326e-11,1.6615384505345263,0.00907879230428172,1.6119044467244326e-11,563233901.5337309,0,0,0,3,5,0,0,0.005999999353662133
5002,4,1,5,4,c7f659a779c504278b39a5552184546476cc800c322438ff566503ee568b15c3,63fdd9cd89c8e8cadd17ebf16365746a179b9b8bc9945cf9cf91696a889ae81d,0.014973968267440796,0.0,0.0039280191995203495,0.0039280191995203495,1.734723475976807e-18,0.014973968267440796,0.0,0,1,0.9076921939849854,0.20944694064039504,13,1.661538353333106,0.004821454040931111,0.004176820981724066,0.014973968267440796,0.003928019199520348,0.014973968267440796,0.003928019199520348,0.006061599589884281,0.014552528969943523,0.006061599589884281,0,0.014973968180129305,0.0,8.731149137020111e-11,0.014973968180129305,0,7.430878490657933e-10,1.3010426069826053e-18,0,0,8,3,13,13,0,1,1,1,0.0,0.0,0.0,1,0.007909920066595078,-0.00042293597653042525,0.007486984090064652,0.007486984090064652,inf,inf,0,0,0.0039280184564325004,4.336808689942018e-19,1.6615384505345263,0.012439911944182673,4.336808689942018e-19,inf,0,0,0,5,2,0,0,0.017999999225139618
5002,4,2,0,4,c7f659a779c504278b39a5552184546476cc800c322438ff566503ee568b15c3,63fdd9cd89c8e8cadd17ebf16365746a179b9b8bc9945cf9cf91696a889ae81d,0.017009630799293518,0.0,-0.0007078825146891177,-0.0007078825146891177,0.0,0.017009630799293518,0.0,0,1,0.9076921939849854,0.20944694064039504,13,1.661538353333106,0.0048153583988379345,0.0038742604362365053,0.017009630799293518,-0.0007078825146891177,0.017009630799293518,0.0007078825146891177,0.006680226419121027,0.010271918959915638,0.006680226419121027,0,0.017009630799293518,0.0,0.0,0.017009630799293518,0,1.8284054322664778e-09,3.469446951953614e-18,0,0,1,9,13,13,0,1,1,1,0.0,0.0,0.0,1,0.037143778055906296,-0.028638962656259537,0.008504815399646759,0.008504815399646759,inf,inf,0,0,-0.0007078843430945499,3.469446951953614e-18,1.6615384505345263,0.014131077801211254,3.469446951953614e-18,inf,0,0,0,4,3,0,0,0.041999997571110725
5002,4,2,1,4,c7f659a779c504278b39a5552184546476cc800c322438ff566503ee568b15c3,63fdd9cd89c8e8cadd17ebf16365746a179b9b8bc9945cf9cf91696a889ae81d,0.018467091023921967,0.041999997571110725,0.009036709554493427,0.009036709554493427,0.0020769231456976636,0.018467091023921967,0.041999997571110725,1,4,0.9076921939849854,0.20944694064039504,13,1.661538353333106,0.011486673363402235,0.007407301474781431,0.02353290654718876,0.006959786408795764,0.02353290654718876,0.006959786408795764,0.0036578236613422632,0.006242584437131882,0.0036578236613422632,0,0.018467090092599392,0.041999997571110725,9.313225746154785e-10,0.05032509006559849,0,2.108757415214546e-09,0.0,10,1,2,9,1,1,1,0,0,0,0.011999998241662979,0.017999999225139618,0.011999998241662979,0,0.04055999964475632,-0.015397454611957073,0.025162545032799244,0.025162545032799244,2.0968790599849436,3.3800004656613556,0,0,0.009036707445736012,0.0020769231456976636,1.6615384505345263,0.041808536085302495,0.0020769231456976636,20.13003522634368,1,0,0,1,2,1,0,0.023999998345971107
5002,4,2,3,4,c7f659a779c504278b39a5552184546476cc800c322438ff566503ee568b15c3,63fdd9cd89c8e8cadd17ebf16365746a179b9b8bc9945cf9cf91696a889ae81d,0.018538225442171097,0.017999999225139618,-0.0009645025129429996,-0.0009645025129429996,-0.008099999606050547,0.018538225442171097,0.017999999225139618,1,3,0.9076923131942749,0.2094469155167731,13,1.661538461366525,0.006396377819793555,0.005338063827280462,0.0005382262170314789,0.007135497093107547,0.0005382262170314789,0.007135497093107547,0.006555318366736174,0.011113408021628857,0.006555318366736174,0,0.018538224510848522,0.017999999225139618,9.313225746154785e-10,0.01979277189821005,0,8.534304131446735e-10,1.3877787807814457e-17,10,11,2,12,1,1,1,0,0,0,0.008999999612569809,0.008999999612569809,0.008999999612569809,0,0.04144360218197107,-0.03154721623286605,0.009896385949105024,0.009896385949105024,1.0995984861247419,4.604844885114112,0,0,-0.0009645016595125865,-0.00809999960605056,1.6615384522538923,0.01644322579278313,0.00809999960605056,2.0300279743841374,1,0,0,2,1,0,1,0.023999998345971107
5002,4,2,4,4,c7f659a779c504278b39a5552184546476cc800c322438ff566503ee568b15c3,63fdd9cd89c8e8cadd17ebf16365746a179b9b8bc9945cf9cf91696a889ae81d,0.01617502048611641,0.012000001966953278,0.0003263579274062067,0.0003263579274062067,-6.938893903907228e-18,0.01617502048611641,0.012000001966953278,1,3,0.9076921939849854,0.20944694064039504,13,1.661538353333106,0.004468632793212883,0.003727789362065891,0.004175018519163132,0.00032635792740621367,0.004175018519163132,0.00032635792740621367,0.0047824690118432045,0.008080543950200081,0.0047824690118432045,0,0.016175020020455122,0.012000001966953278,4.656612873077393e-10,0.016175020020455122,0,9.806525791064558e-10,1.0408340855860843e-17,10,11,1,12,1,1,1,0,0,0,0.006000000983476639,0.006000000983476639,0.006000000983476639,0,0.034921936225146055,-0.026834426214918494,0.008087510010227561,0.008087510010227561,1.3479181140969307,5.820321750165931,0,0,0.00032635890805878583,3.469446951953614e-18,1.6615384505345263,0.013437708851075973,3.469446951953614e-18,inf,0,0,0,3,5,0,0,0.029999995604157448
5002,4,2,5,4,c7f659a779c504278b39a5552184546476cc800c322438ff566503ee568b15c3,63fdd9cd89c8e8cadd17ebf16365746a179b9b8bc9945cf9cf91696a889ae81d,0.016972431913018227,0.0,0.001665911520831287,0.001665911520831287,0.0,0.016972431913018227,0.0,0,1,0.9076921939849854,0.20944694064039504,13,1.661538353333106,0.0048799752200447835,0.004204821717765557,0.016972431913018227,0.001665911520831287,0.016972431913018227,0.001665911520831287,0.0032149998005479574,0.008320932276546955,0.0032149998005479574,0,0.01697243144735694,0.0,4.656612873077393e-10,0.01697243144735694,0,1.2028419753284947e-10,3.469446951953614e-18,0,0,8,9,13,13,0,1,1,1,0.0,0.0,0.0,1,0.03642349457368255,-0.027937278850004077,0.00848621572367847,0.00848621572367847,inf,inf,0,0,0.0016659114005470894,-3.469446951953614e-18,1.6615384505345263,0.014100173724422458,3.469446951953614e-18,inf,0,0,0,5,4,0,0,0.041999997571110725
5002,5,0,1,5,b78c1cc9f62d0368289a068ee1af9e3b67e12425ceb356c8a814a6673fd450ac,63fdd9cd89c8e8cadd17ebf16365746a179b9b8bc9945cf9cf91696a889ae81d,0.020940225571393967,0.0,0.0003601526841521263,0.0003601526841521263,0.0,0.020940225571393967,0.0,0,1,0.007692307233810425,0.20944694064039504,13,1.661538353333106,0.005519167761753135,0.004169581601252923,0.020940225571393967,0.0003601526841521263,0.020940225571393967,0.0003601526841521263,0.010769098065793514,0.006799634546041489,0.010769098065793514,0,0.020940225571393967,0.0,0.0,0.020940225571393967,0,5.098422127189361e-10,1.734723475976807e-18,0,0,2,12,13,13,0,1,1,1,0.0,0.0,0.0,1,0.02771018072962761,-0.017240067943930626,0.010470112785696983,0.010470112785696983,inf,inf,0,0,0.00036015319399433903,-1.734723475976807e-18,1.6615384505345263,0.017396494974868698,1.734723475976807e-18,inf,0,0,0,2,4,0,0,0.012000001966953278
5002,5,0,2,5,b78c1cc9f62d0368289a068ee1af9e3b67e12425ceb356c8a814a6673fd450ac,63fdd9cd89c8e8cadd17ebf16365746a179b9b8bc9945cf9cf91696a889ae81d,0.02280551753938198,0.0,0.003719648579135537,0.003719648579135537,0.0,0.02280551753938198,0.0,0,1,0.9076921939849854,0.20944694064039504,13,1.6615383533331063,0.0055258452034695135,0.004381227334575541,0.02280551753938198,0.003719648579135537,0.02280551753938198,0.003719648579135537,0.006638995837420225,0.004875277169048786,0.006638995837420225,0,0.02280551753938198,0.0,0.0,0.02280551753938198,0,1.6553283717704592e-09,1.734723475976807e-18,0,0,2,12,13,13,0,1,1,1,0.0,0.0,0.0,1,0.02792512997984886,-0.01652237121015787,0.01140275876969099,0.01140275876969099,inf,inf,0,0,0.003719650234463909,-1.734723475976807e-18,1.661538450534526,0.018946122138011348,1.734723475976807e-18,inf,0,0,0,3,3,0,0,0.012000001966953278
5002,5,0,3,5,b78c1cc9f62d0368289a068ee1af9e3b67e12425ceb356c8a814a6673fd450ac,63fdd9cd89c8e8cadd17ebf16365746a179b9b8bc9945cf9cf91696a889ae81d,0.02681555040180683,0.0,0.003731699660420418,0.003731699660420418,0.0,0.02681555040180683,0.0,0,1,0.9076923131942749,0.2094469155167731,13,1.661538461366525,0.00719145672789465,0.005548903203332388,0.02681555040180683,0.003731699660420418,0.02681555040180683,0.003731699660420418,0.005149591714143753,0.007842661812901497,0.005149591714143753,0,0.026815550634637475,0.0,2.3283064365386963e-10,0.026815550634637475,0,6.56276231275621e-11,6.938893903907228e-18,0,0,2,12,13,13,0,1,1,1,0.0,0.0,0.0,1,0.029590372228994966,-0.016182596911676228,0.013407775317318738,0.013407775317318738,inf,inf,0,0,0.0037316995947927947,-6.938893903907228e-18,1.6615384522538923,0.022277534248905714,6.938893903907228e-18,inf,0,0,0,4,1,0,1,0.012000001966953278
5002,5,0,4,5,b78c1cc9f62d0368289a068ee1af9e3b67e12425ceb356c8a814a6673fd450ac,63fdd9cd89c8e8cadd17ebf16365746a179b9b8bc9945cf9cf91696a889ae81d,0.02500491589307785,0.0,-0.00039746472612023354,-0.00039746472612023354,0.0,0.02500491589307785,0.0,0,1,0.9076921939849854,0.20944694064039504,13,1.661538353333106,0.005894914133094012,0.0041821890857798106,0.02500491589307785,-0.00039746472612023354,0.02500491589307785,0.00039746472612023354,0.00478576123714447,0.0052512697875499725,0.00478576123714447,0,0.025004914961755276,0.0,9.313225746154785e-10,0.025004914961755276,0,6.063093733674196e-10,1.734723475976807e-18,0,0,2,12,13,13,0,1,1,1,0.0,0.0,0.0,1,0.028514533303678036,-0.016012075822800398,0.012502457480877638,0.012502457480877638,inf,inf,0,0,-0.0003974653324296069,-1.734723475976807e-18,1.6615384505345263,0.020773313830651226,1.734723475976807e-18,inf,0,0,0,5,2,0,0,0.012000001966953278
5002,5,0,5,5,b78c1cc9f62d0368289a068ee1af9e3b67e12425ceb356c8a814a6673fd450ac,63fdd9cd89c8e8cadd17ebf16365746a179b9b8bc9945cf9cf91696a889ae81d,0.01785530522465706,0.012000001966953278,-0.0002511488273739815,-0.0002511488273739815,0.0,0.01785530522465706,0.012000001966953278,1,3,0.9076921939849854,0.20944694064039504,13,1.661538353333106,0.005526042834662203,0.003710061620325733,0.005855303257703781,-0.0002511488273739815,0.005855303257703781,0.0002511488273739815,0.009869739413261414,0.0024352644104510546,0.009869739413261414,0,0.01785530522465706,0.012000001966953278,0.0,0.023855306208133698,0,4.4583251847252203e-10,1.734723475976807e-18,10,11,2,10,1,1,1,0,0,0,0.006000000983476639,0.006000000983476639,0.006000000983476639,0,0.02824399434030056,-0.01631634123623371,0.011927653104066849,0.011927653104066849,1.9879418581620787,4.707331618458314,0,0,-0.000251148381541463,1.734723475976807e-18,1.6615384505345263,0.019818254257044567,1.734723475976807e-18,inf,0,0,0,1,5,1,0,0.012000001966953278
5002,5,1,0,5,b78c1cc9f62d0368289a068ee1af9e3b67e12425ceb356c8a814a6673fd450ac,63fdd9cd89c8e8cadd17ebf16365746a179b9b8bc9945cf9cf91696a889ae81d,0.013883987441658974,0.0,0.0005411019665189087,0.0005411019665189087,0.0,0.013883987441658974,0.0,0,1,0.9076921939849854,0.20944694064039504,13,1.661538353333106,0.004359036052715542,0.003825682220903375,0.013883987441658974,0.0005411019665189087,0.013883987441658974,0.0005411019665189087,0.004604601766914129,0.004515653941780329,0.004604601766914129,0,0.013883987441658974,0.0,0.0,0.013883987441658974,0,2.2790553541596204e-09,0.0,0,0,10,3,13,13,0,1,1,1,0.0,0.0,0.0,1,0.009845925495028496,0.002903931774199009,0.006941993720829487,0.006941993720829487,inf,inf,0,0,0.0005410996874635546,0.0,1.6615384505345263,0.011534389490527437,0.0,inf,0,0,0,4,5,0,0,0.017999999225139618
5002,5,1,2,5,b78c1cc9f62d0368289a068ee1af9e3b67e12425ceb356c8a814a6673fd450ac,63fdd9cd89c8e8cadd17ebf16365746a179b9b8bc9945cf9cf91696a889ae81d,0.030687155202031136,0.017999999225139618,-0.0014133761869743466,-0.0014133761869743466,-0.001246153268447292,0.030687155202031136,0.017999999225139618,1,4,0.9076921939849854,0.20944694064039504,13,1.6615383533331063,0.005856605398922046,0.00452995328949048,0.012687155976891518,-0.00016722291852705462,0.012687155976891518,0.00016722291852705462,0.009002330712974072,0.006394611671566963,0.009002330712974072,0,0.030687155202031136,0.017999999225139618,0.0,0.021687155589461327,0,5.986010454678281e-10,1.734723475976807e-18,10,11,8,11,1,1,1,0,1,0,0.008999999612569809,0.007500000298023224,0.007500000298023224,0,0.011603998020291328,0.0007604202255606651,0.010843577794730663,0.010843577794730663,1.445810315179415,1.5471996745586525,0,0,-0.0014133755883733012,-0.0012461532684472938,1.661538450534526,0.01801702144730738,0.0012461532684472938,14.458110333214933,1,0,0,1,1,1,1,0.0
5002,5,1,3,5,b78c1cc9f62d0368289a068ee1af9e3b67e12425ceb356c8a814a6673fd450ac,63fdd9cd89c8e8cadd17ebf16365746a179b9b8bc9945cf9cf91696a889ae81d,0.01946048066020012,0.017999999225139618,-0.009065070189535618,-0.009065070189535618,-0.008099999606050554,0.01946048066020012,0.017999999225139618,1,3,0.9076923131942749,0.2094469155167731,13,1.661538461366525,0.0044186260142553965,0.0034998467181032228,0.001460481435060501,-0.0009650705834850642,0.001460481435060501,0.0009650705834850642,0.00848393701016903,0.0037346123717725277,0.00848393701016903,0,0.019460481591522694,0.017999999225139618,9.313225746154785e-10,0.01548831257969141,0,1.9481064834209194e-09,6.938893903907228e-18,10,11,8,11,1,1,1,0,1,0,0.008999999612569809,0.008999999612569809,0.008999999612569809,0,0.008215200155973434,-0.0004710438661277294,0.007744156289845705,0.007744156289845705,0.8604618470238448,0.912800056624415,0,0,-0.009065072137642101,-0.008099999606050547,1.6615384522538923,0.012867213455842477,0.008099999606050547,1.588544948351715,1,0,0,2,3,0,0,0.0
5002,5,1,4,5,b78c1cc9f62d0368289a068ee1af9e3b67e12425ceb356c8a814a6673fd450ac,63fdd9cd89c8e8cadd17ebf16365746a179b9b8bc9945cf9cf91696a889ae81d,0.02162666991353035,0.012000001966953278,-0.001844024402089417,-0.001844024402089417,3.469446951953614e-18,0.02162666991353035,0.012000001966953278,1,3,0.9076921939849854,0.20944694064039504,13,1.661538353333106,0.0041720926533179966,0.003419738571495699,0.009626667946577072,-0.0018440244020894205,0.009626667946577072,0.0018440244020894205,0.005991534795612097,0.00683438777923584,0.005991534795612097,0,0.02162666991353035,0.012000001966953278,0.0,0.01562666893005371,0,1.7190402001182603e-09,1.734723475976807e-18,10,11,8,11,1,1,1,0,1,0,0.006000000983476639,0.006000000983476639,0.006000000983476639,0,0.010397061705589294,0.002583727240562439,0.007813334465026855,0.007813334465026855,1.3022221973869577,1.7328433335630595,0,0,-0.0018440226830492169,1.734723475976807e-18,1.6615384505345263,0.012982155640528733,1.734723475976807e-18,inf,0,0,0,3,2,0,0,0.00599999725818634
5002,5,1,5,5,b78c1cc9f62d0368289a068ee1af9e3b67e12425ceb356c8a814a6673fd450ac,63fdd9cd89c8e8cadd17ebf16365746a179b9b8bc9945cf9cf91696a889ae81d,0.015783559530973434,0.0,-0.0007481186767108738,-0.0007481186767108738,0.0,0.015783559530973434,0.0,0,1,0.9076921939849854,0.20944694064039504,13,1.661538353333106,0.005001696316758646,0.004407686286071348,0.015783559530973434,-0.0007481186767108738,0.015783559530973434,0.0007481186767108738,0.008242614567279816,0.007589004468172789,0.008242614567279816,0,0.015783559530973434,0.0,0.0,0.015783559530973434,0,1.5093400800025858e-09,5.204170427930421e-18,0,0,8,9,13,13,0,1,1,1,0.0,0.0,0.0,1,0.010428156703710556,-0.002536376938223839,0.007891779765486717,0.007891779765486717,inf,inf,0,0,-0.0007481201860509538,5.204170427930421e-18,1.6615384505345263,0.013112495523506528,5.204170427930421e-18,inf,0,0,0,5,4,0,0,0.017999999225139618
5002,5,2,0,5,b78c1cc9f62d0368289a068ee1af9e3b67e12425ceb356c8a814a6673fd450ac,63fdd9cd89c8e8cadd17ebf16365746a179b9b8bc9945cf9cf91696a889ae81d,0.01139149907976389,0.0,0.0026587366592139006,0.0026587366592139006,0.0,0.01139149907976389,0.0,0,1,0.9076921939849854,0.20944694064039504,13,1.661538353333106,0.003560943742216057,0.002801705614702236,0.01139149907976389,0.0026587366592139006,0.01139149907976389,0.0026587366592139006,0.00540957460179925,0.006422527600079775,0.00540957460179925,0,0.01139149907976389,0.0,0.0,0.01139149907976389,0,2.1461866311911493e-10,0.0,0,0,2,9,13,13,0,1,1,1,0.0,0.0,0.0,1,0.031865074299275875,-0.02616932475939393,0.005695749539881945,0.005695749539881945,inf,inf,0,0,0.0026587364445952374,0.0,1.6615384505345263,0.009463706865128187,0.0,inf,0,0,0,4,5,0,0,0.024000002071261406
5002,5,2,1,5,b78c1cc9f62d0368289a068ee1af9e3b67e12425ceb356c8a814a6673fd450ac,63fdd9cd89c8e8cadd17ebf16365746a179b9b8bc9945cf9cf91696a889ae81d,0.019248273223638535,0.024000002071261406,0.0033593790140002966,0.0033593790140002966,-1.289523557379546e-10,0.019248273223638535,0.024000002071261406,1,3,0.007692307233810425,0.20944694064039504,13,1.661538353333106,0.005814874669020681,0.004532537891490925,0.004751728847622871,0.0033593791429526523,0.004751728847622871,0.0033593791429526523,0.00641185836866498,0.003849619533866644,0.00641185836866498,0,0.019248273689299822,0.024000002071261406,4.656612873077393e-10,0.022366683930158615,0,9.388848726255006e-11,3.469446951953614e-18,10,11,2,12,1,1,1,0,0,0,0.012000001966953278,0.012000000104308128,0.012000000104308128,0,0.03731916658580303,-0.026135824620723724,0.011183341965079308,0.011183341965079308,0.931945155655821,3.1099305217843334,0,0,0.0033593789201118093,-1.2895235920740156e-10,1.6615384505345263,0.018581552680455617,1.2895235920740156e-10,144096260.00381914,0,0,0,1,1,1,1,0.006000002846121788
5002,5,2,3,5,b78c1cc9f62d0368289a068ee1af9e3b67e12425ceb356c8a814a6673fd450ac,63fdd9cd89c8e8cadd17ebf16365746a179b9b8bc9945cf9cf91696a889ae81d,0.01903342455625534,0.017999999225139618,-0.0020253686234354973,-0.0020253686234354973,-0.008099999606050554,0.01903342455625534,0.017999999225139618,1,3,0.9076923131942749,0.2094469155167731,13,1.661538461366525,0.005708154944889341,0.004636686229141506,0.0010334253311157227,0.006074630982615056,0.0010334253311157227,0.006074630982615056,0.007722728420048952,0.007506189867854118,0.007722728420048952,0,0.019033425487577915,0.017999999225139618,9.313225746154785e-10,0.019033425487577915,0,1.7338453589532676e-11,6.938893903907228e-18,10,11,2,12,1,1,1,0,0,0,0.008999999612569809,0.008999999612569809,0.008999999612569809,0,0.03947786148637533,-0.029961148742586374,0.009516712743788958,0.009516712743788958,1.0574125726069459,4.386429242867828,0,0,-0.002025368640773951,-0.00809999960605056,1.6615384522538923,0.01581238416286,0.00809999960605056,1.952146287889745,1,0,0,2,2,0,0,0.006000002846121788
5002,5,2,4,5,b78c1cc9f62d0368289a068ee1af9e3b67e12425ceb356c8a814a6673fd450ac,63fdd9cd89c8e8cadd17ebf16365746a179b9b8bc9945cf9cf91696a889ae81d,0.013086769729852676,0.012000001966953278,0.0020419529173523188,0.0020419529173523188,0.0,0.013086769729852676,0.012000001966953278,1,3,0.9076921939849854,0.20944694064039504,13,1.661538353333106,0.003640726588384488,0.003132999979356336,0.0010867677628993988,0.0020419529173523188,0.0010867677628993988,0.0020419529173523188,0.004600352142006159,0.004300844855606556,0.004600352142006159,0,0.013086769729852676,0.012000001966953278,0.0,0.013086769729852676,0,1.4443547018128111e-09,3.469446951953614e-18,10,11,2,12,1,1,1,0,0,0,0.006000000983476639,0.006000000983476639,0.006000000983476639,0,0.03231768496334553,-0.02577430009841919,0.006543384864926338,0.006543384864926338,1.0905639653970258,5.386279944344172,0,0,0.0020419543617070206,-3.469446951953614e-18,1.6615384505345263,0.01087208554972078,3.469446951953614e-18,inf,0,0,0,3,3,0,0,0.012000000104308128
5002,5,2,5,5,b78c1cc9f62d0368289a068ee1af9e3b67e12425ceb356c8a814a6673fd450ac,63fdd9cd89c8e8cadd17ebf16365746a179b9b8bc9945cf9cf91696a889ae81d,0.012044744566082954,0.0,0.0036488038022071123,0.0036488038022071123,0.0,0.012044744566082954,0.0,0,1,0.9076921939849854,0.20944694064039504,13,1.661538353333106,0.0036887746066122233,0.003142913516897422,0.012044744566082954,0.0036488038022071123,0.012044744566082954,0.0036488038022071123,0.006908434443175793,0.006577088963240385,0.006908434443175793,0,0.012044744100421667,0.0,4.656612873077393e-10,0.012044744100421667,0,8.140252352392685e-10,0.0,0,0,0,9,13,13,0,1,1,1,0.0,0.0,0.0,1,0.03524211375042796,-0.029219741700217128,0.0060223720502108335,0.0060223720502108335,inf,inf,0,0,0.0036488046162323476,0.0,1.6615384505345263,0.010006402724849747,0.0,inf,0,0,0,5,4,0,0,0.024000002071261406
5002,6,0,1,6,ce2217e410038bfd42f665c4effafaec0d3e184ed649777466646ade635245cf,63fdd9cd89c8e8cadd17ebf16365746a179b9b8bc9945cf9cf91696a889ae81d,0.03577902168035507,0.0,-0.016540059819817543,-0.016540059819817543,-1.3877787807814457e-17,0.03577902168035507,0.0,0,1,0.9076921939849854,0.20944694064039504,13,1.661538353333106,0.008079229551292071,0.005681032700651497,0.03577902168035507,-0.01654005981981753,0.03577902168035507,0.01654005981981753,0.01194750051945448,0.016615139320492744,0.01194750051945448,0,0.03577902168035507,0.0,0.0,0.03577902168035507,0,2.727411324565665e-09,2.0816681711721685e-17,0,0,8,0,13,13,0,1,1,1,0.0,0.0,0.0,1,0.17206814885139465,-0.15417863801121712,0.017889510840177536,0.017889510840177536,inf,inf,0,0,-0.016540062547228868,6.938893903907228e-18,1.6615384505345263,0.029724110122209196,6.938893903907228e-18,inf,0,0,0,2,1,0,1,0.01199999451637268
5002,6,0,2,6,ce2217e410038bfd42f665c4effafaec0d3e184ed649777466646ade635245cf,63fdd9cd89c8e8cadd17ebf16365746a179b9b8bc9945cf9cf91696a889ae81d,0.031867217272520065,0.0,-0.00036899931728839874,-0.00036899931728839874,0.0,0.031867217272520065,0.0,0,1,0.9076921939849854,0.20944694064039504,13,1.6615383533331063,0.00816086225910977,0.006203945219164063,0.031867217272520065,-0.00036899931728839874,0.031867217272520065,0.00036899931728839874,0.013304169289767742,0.013658096082508564,0.013304169289767742,0,0.031867217272520065,0.0,0.0,0.031867217272520065,0,8.621261586572171e-10,6.938893903907228e-18,0,0,8,11,13,13,0,1,1,1,0.0,0.0,0.0,1,0.16721529513597488,-0.15128168649971485,0.015933608636260033,0.015933608636260033,inf,inf,0,0,-0.0003689984551622401,-6.938893903907228e-18,1.661538450534526,0.026474303404915037,6.938893903907228e-18,inf,0,0,0,3,2,0,0,0.01199999451637268
5002,6,0,3,6,ce2217e410038bfd42f665c4effafaec0d3e184ed649777466646ade635245cf,63fdd9cd89c8e8cadd17ebf16365746a179b9b8bc9945cf9cf91696a889ae81d,0.031732965260744095,0.0,-0.010412904433906078,-0.010412904433906078,0.0,0.031732965260744095,0.0,0,1,0.9076923131942749,0.2094469155167731,13,1.661538461366525,0.008019181562408748,0.006212135479295042,0.031732965260744095,-0.010412904433906078,0.031732965260744095,0.010412904433906078,0.012697813101112843,0.011623385362327099,0.012697813101112843,0,0.031732965260744095,0.0,0.0,0.031732965260744095,0,2.4205641865893135e-09,1.3877787807814457e-17,0,0,8,11,13,13,0,1,1,1,0.0,0.0,0.0,1,0.16148851811885834,-0.1456220354884863,0.015866482630372047,0.015866482630372047,inf,inf,0,0,-0.010412906854470265,-1.3877787807814457e-17,1.6615384522538923,0.026362770992381636,1.3877787807814457e-17,inf,0,0,0,4,3,0,0,0.01199999451637268
5002,6,0,4,6,ce2217e410038bfd42f665c4effafaec0d3e184ed649777466646ade635245cf,63fdd9cd89c8e8cadd17ebf16365746a179b9b8bc9945cf9cf91696a889ae81d,0.030974656343460083,0.0,-0.004708811175078154,-0.004708811175078154,-1.3877787807814457e-17,0.030974656343460083,0.0,0,1,0.9076921939849854,0.20944694064039504,13,1.661538353333106,0.009215465104066511,0.007963360149479477,0.030974656343460083,-0.00470881117507814,0.030974656343460083,0.00470881117507814,0.010310348123311996,0.013885213993489742,0.010310348123311996,0,0.030974656343460083,0.0,0.0,0.030974656343460083,0,2.9469412674010265e-09,1.3877787807814457e-17,0,0,8,11,13,13,0,1,1,1,0.0,0.0,0.0,1,0.1659635379910469,-0.15047620981931686,0.015487328171730042,0.015487328171730042,inf,inf,0,0,-0.004708808228136886,0.0,1.6615384505345263,0.02573279125337605,0.0,inf,0,0,0,5,5,0,0,0.01199999451637268
5002,6,0,5,6,ce2217e410038bfd42f665c4effafaec0d3e184ed649777466646ade635245cf,63fdd9cd89c8e8cadd17ebf16365746a179b9b8bc9945cf9cf91696a889ae81d,0.03165453299880028,0.01199999451637268,-0.017320148646831512,-0.017320148646831512,0.0,0.03165453299880028,0.01199999451637268,1,3,0.9076921939849854,0.20944694064039504,13,1.661538353333106,0.008142280787189048,0.006164910966122645,0.019654538482427597,-0.017320148646831512,0.019654538482427597,0.017320148646831512,0.009776713326573372,0.01688169315457344,0.009776713326573372,0,0.03165453299880028,0.01199999451637268,0.0,0.03156649321317673,0,4.986075240187571e-09,6.938893903907228e-18,10,11,10,0,1,1,1,1,0,0,0.00599999725818634,0.00599999725818634,0.00599999725818634,0,0.16712336242198944,-0.15134011581540108,0.015783246606588364,0.015783246606588364,2.630542303174197,27.853906465368443,0,0,-0.017320153632906753,6.938893903907228e-18,1.6615384505345263,0.02622447111111515,6.938893903907228e-18,inf,0,0,0,1,4,1,0,0.01199999451637268
5002,6,1,0,6,ce2217e410038bfd42f665c4effafaec0d3e184ed649777466646ade635245cf,63fdd9cd89c8e8cadd17ebf16365746a179b9b8bc9945cf9cf91696a889ae81d,0.01213921420276165,0.0,-0.0006484586629085243,-0.0006484586629085243,0.0,0.01213921420276165,0.0,0,1,0.9076921939849854,0.20944694064039504,13,1.661538353333106,0.0036640554617253696,0.002989813949934829,0.01213921420276165,-0.0006484586629085243,0.01213921420276165,0.0006484586629085243,0.006032251287251711,0.00608482351526618,0.006032251287251711,0,0.012139213737100363,0.0,4.656612873077393e-10,0.012139213737100363,0,9.168115910548891e-10,0.0,0,0,10,4,13,13,0,1,1,1,0.0,0.0,0.0,1,0.007961790543049574,0.0018921836744993925,0.006069606868550181,0.006069606868550181,inf,inf,0,0,-0.0006484577460969332,0.0,1.6615384505345263,0.010084885191724586,0.0,inf,0,0,0,4,5,0,0,0.017999999225139618
5002,6,1,2,6,ce2217e410038bfd42f665c4effafaec0d3e184ed649777466646ade635245cf,63fdd9cd89c8e8cadd17ebf16365746a179b9b8bc9945cf9cf91696a889ae81d,0.022672433406114578,0.017999998293817043,-0.0013715936802327633,-0.0013715936802327633,0.0012461539776852486,0.022672433406114578,0.017999998293817043,1,4,0.9076921939849854,0.20944694064039504,13,1.6615383533331063,0.004581852594964407,0.0039787460063424335,0.004672435112297535,-0.002617747657918012,0.004672435112297535,0.002617747657918012,0.00929200928658247,0.007412740029394627,0.00929200928658247,0,0.02267243294045329,0.017999998293817043,4.656612873077393e-10,0.014321185182780027,0,6.67916160747295e-10,8.673617379884035e-19,10,11,2,11,1,1,1,0,1,0,0.007499999366700649,0.008999998681247234,0.007499999366700649,0,0.008135119918733835,0.0009745273273438215,0.007160592591390014,0.007160592591390014,0.9547457594706511,1.0846827474216953,0,0,-0.001371594348148924,0.0012461539776852477,1.661538450534526,0.01189759991920717,0.0012461539776852477,9.547455717556803,0,0,0,2,1,0,1,9.313225746154785e-10
5002,6,1,3,6,ce2217e410038bfd42f665c4effafaec0d3e184ed649777466646ade635245cf,63fdd9cd89c8e8cadd17ebf16365746a179b9b8bc9945cf9cf91696a889ae81d,0.014770335517823696,0.017999999225139618,-0.0064201573841273785,-0.0064201573841273785,-0.008099999428741065,0.014770335517823696,0.017999999225139618,1,3,0.9076923131942749,0.2094469155167731,13,1.661538461366525,0.0038618356729365204,0.00316550837521105,0.003229663707315922,0.0016798420446136868,0.003229663707315922,0.0016798420446136868,0.006174412555992603,0.006480433512479067,0.006174412555992603,0,0.014770335634239018,0.017999999225139618,1.1641532182693481e-10,0.013956701499409974,0,8.946622956362837e-10,1.734723475976807e-18,10,11,8,11,1,1,1,0,1,0,0.008999999845400453,0.008999999379739165,0.008999999379739165,0,0.009395684814080596,-0.002417334064375609,0.006978350749704987,0.006978350749704987,0.7753723589597882,1.0439650512901366,0,0,-0.006420156489465083,-0.008099999428741064,1.6615384522538923,0.011594798103949613,0.008099999428741064,1.4314566569977802,1,0,0,1,3,1,0,9.313225746154785e-10
5002,6,1,4,6,ce2217e410038bfd42f665c4effafaec0d3e184ed649777466646ade635245cf,63fdd9cd89c8e8cadd17ebf16365746a179b9b8bc9945cf9cf91696a889ae81d,0.01714794710278511,0.012000001035630703,0.0015352662885561585,0.0015352662885561585,6.447617613425383e-11,0.01714794710278511,0.012000001035630703,1,3,0.9076921939849854,0.20944694064039504,13,1.661538353333106,0.0026168423195360208,0.002227980456144147,0.0051479460671544075,0.0015352662240799824,0.0051479460671544075,0.0015352662240799824,0.005456295795738697,0.0063936407677829266,0.005456295795738697,0,0.017147947568446398,0.012000001035630703,4.656612873077393e-10,0.009076184127479792,0,4.847839768507001e-10,8.673617379884035e-19,10,11,10,11,1,1,1,1,1,1,0.006000000052154064,0.006000000983476639,0.006000000052154064,0,0.005711300764232874,0.001173208700492978,0.004538092063739896,0.004538092063739896,0.7563486707155398,0.9518834524313805,0,0,0.0015352658037721817,6.447617700161556e-11,1.6615384505345263,0.0075402144559694175,6.447617700161556e-11,116945743.4763926,1,0,0,3,2,0,0,0.005999998189508915
5002,6,1,5,6,ce2217e410038bfd42f665c4effafaec0d3e184ed649777466646ade635245cf,63fdd9cd89c8e8cadd17ebf16365746a179b9b8bc9945cf9cf91696a889ae81d,0.014049006626009941,0.0,0.0018612087005749345,0.0018612087005749345,0.0,0.014049006626009941,0.0,0,1,0.9076921939849854,0.20944694064039504,13,1.661538353333106,0.004771880662281157,0.004149436179173769,0.014049006626009941,0.0018612087005749345,0.014049006626009941,0.0018612087005749345,0.005411022808402777,0.011376769281923771,0.005411022808402777,0,0.014049006160348654,0.0,4.656612873077393e-10,0.014049006160348654,0,6.338050145479612e-10,0.0,0,0,1,9,13,13,0,1,1,1,0.0,0.0,0.0,1,0.008149193599820137,-0.0011246905196458101,0.007024503080174327,0.007024503080174327,inf,inf,0,0,0.00186120806676992,0.0,1.6615384505345263,0.01167148196360786,0.0,inf,0,0,0,5,4,0,0,0.017999999225139618
5002,6,2,0,6,ce2217e410038bfd42f665c4effafaec0d3e184ed649777466646ade635245cf,63fdd9cd89c8e8cadd17ebf16365746a179b9b8bc9945cf9cf91696a889ae81d,0.01545795053243637,0.0,-0.000621868297457695,-0.000621868297457695,0.0,0.01545795053243637,0.0,0,1,0.9076921939849854,0.20944694064039504,13,1.661538353333106,0.004517942049540175,0.0036749825234243857,0.01545795053243637,-0.000621868297457695,0.01545795053243637,0.000621868297457695,0.0069520981051027775,0.012390045449137688,0.0069520981051027775,0,0.01545795053243637,0.0,0.0,0.01545795053243637,0,8.494728019961539e-10,3.469446951953614e-18,0,0,8,9,13,13,0,1,1,1,0.0,0.0,0.0,1,0.03531934693455696,-0.027590371668338776,0.007728975266218185,0.007728975266218185,inf,inf,0,0,-0.000621867447984893,3.469446951953614e-18,1.6615384505345263,0.012841989588051841,3.469446951953614e-18,inf,0,0,0,4,4,0,0,0.023999998345971107
5002,6,2,1,6,ce2217e410038bfd42f665c4effafaec0d3e184ed649777466646ade635245cf,63fdd9cd89c8e8cadd17ebf16365746a179b9b8bc9945cf9cf91696a889ae81d,0.017730332911014557,0.023999998345971107,0.003530219430103898,0.003530219430103898,1.289523487990607e-10,0.017730332911014557,0.023999998345971107,1,3,0.9076921939849854,0.20944694064039504,13,1.661538353333106,0.0063194616141623245,0.0048836452566836715,0.006269665434956551,0.0035302193011515492,0.006269665434956551,0.0035302193011515492,0.006606164388358593,0.007677763234823942,0.006606164388358593,0,0.01773033384233713,0.023999998345971107,9.313225746154785e-10,0.024751652032136917,0,1.2124136833380206e-09,3.469446951953614e-18,10,11,2,9,1,1,1,0,0,0,0.011999998241662979,0.012000000104308128,0.011999998241662979,0,0.03862511180341244,-0.02624928578734398,0.012375826016068459,0.012375826016068459,1.0313189857895677,3.2187597885897445,0,0,0.0035302206425175814,1.2895235226850765e-10,1.6615384505345263,0.020562910782823265,1.2895235226850765e-10,159461308.1582776,1,0,0,1,2,1,0,0.0059999991208314896
5002,6,2,3,6,ce2217e410038bfd42f665c4effafaec0d3e184ed649777466646ade635245cf,63fdd9cd89c8e8cadd17ebf16365746a179b9b8bc9945cf9cf91696a889ae81d,0.018612731248140335,0.017999999225139618,-0.0009642707300372422,-0.0009642707300372422,-0.008099999606050547,0.018612731248140335,0.017999999225139618,1,3,0.9076923131942749,0.2094469155167731,13,1.661538461366525,0.00627517967490989,0.0049929773137414235,0.0006127320230007172,0.0071357288760133045,0.0006127320230007172,0.0071357288760133045,0.007099858019500971,0.012541751377284527,0.007099858019500971,0,0.01861273217946291,0.017999999225139618,9.313225746154785e-10,0.019553013145923615,0,2.1762236630806786e-10,1.3877787807814457e-17,10,11,2,12,1,1,1,0,0,0,0.008999999612569809,0.008999999612569809,0.008999999612569809,0,0.039937835186719894,-0.030161328613758087,0.009776506572961807,0.009776506572961807,1.0862785548687683,4.437537433995097,0,0,-0.0009642705124148759,-0.00809999960605056,1.6615384522538923,0.016244041599688966,0.00809999960605056,2.005437332065417,1,0,0,2,1,0,1,0.0059999991208314896
5002,6,2,4,6,ce2217e410038bfd42f665c4effafaec0d3e184ed649777466646ade635245cf,63fdd9cd89c8e8cadd17ebf16365746a179b9b8bc9945cf9cf91696a889ae81d,0.014554387889802456,0.012000001966953278,0.0007859081961214542,0.0007859081961214542,-6.938893903907228e-18,0.014554387889802456,0.012000001966953278,1,3,0.9076921939849854,0.20944694064039504,13,1.661538353333106,0.004080325295724679,0.003358269044192586,0.0025543859228491783,0.0007859081961214612,0.0025543859228491783,0.0007859081961214612,0.0038270100485533476,0.008320138789713383,0.0038270100485533476,0,0.014554387889802456,0.012000001966953278,0.0,0.014554387889802456,0,7.789189987450484e-10,1.0408340855860843e-17,10,11,1,12,1,1,1,0,0,0,0.006000000983476639,0.006000000983476639,0.006000000983476639,0,0.033152309246361256,-0.025875115301460028,0.007277193944901228,0.007277193944901228,1.2128654586793972,5.525383968712534,0,0,0.0007859074172024555,3.469446951953614e-18,1.6615384505345263,0.012091337551450424,3.469446951953614e-18,inf,0,0,0,3,5,0,0,0.01199999637901783
5002,6,2,5,6,ce2217e410038bfd42f665c4effafaec0d3e184ed649777466646ade635245cf,63fdd9cd89c8e8cadd17ebf16365746a179b9b8bc9945cf9cf91696a889ae81d,0.017688274383544922,0.0,0.004384011495858431,0.004384011495858431,0.0,0.017688274383544922,0.0,0,1,0.9076921939849854,0.20944694064039504,13,1.661538353333106,0.004660258352307915,0.003887138401086514,0.017688274383544922,0.004384011495858431,0.017688274383544922,0.004384011495858431,0.007796545047312975,0.010300331749022007,0.007796545047312975,0,0.017688274383544922,0.0,0.0,0.017688274383544922,0,1.2748174295709735e-09,3.469446951953614e-18,0,0,8,9,13,13,0,1,1,1,0.0,0.0,0.0,1,0.03647317551076412,-0.02762903831899166,0.008844137191772461,0.008844137191772461,inf,inf,0,0,0.00438401277067586,-3.469446951953614e-18,1.6615384505345263,0.014694874005932392,3.469446951953614e-18,inf,0,0,0,5,3,0,0,0.023999998345971107
5002,7,0,1,7,e18bd7025b2b93fd12ea45c8bc41bb49260e360906c7cc046fac06832ef4c240,63fdd9cd89c8e8cadd17ebf16365746a179b9b8bc9945cf9cf91696a889ae81d,0.023913204669952393,0.0,0.0019510653801262379,0.0019510653801262379,0.0,0.023913204669952393,0.0,0,1,0.9076921939849854,0.20944694064039504,13,1.661538353333106,0.0060904884529546935,0.004854259538579974,0.023913204669952393,0.0019510653801262379,0.023913204669952393,0.0019510653801262379,0.011885611340403557,0.008061555214226246,0.011885611340403557,0,0.02391320513561368,0.0,4.656612873077393e-10,0.02391320513561368,0,3.1185239616343674e-09,1.734723475976807e-18,0,0,2,12,13,13,0,1,1,1,0.0,0.0,0.0,1,0.02774950722232461,-0.01579290465451777,0.01195660256780684,0.01195660256780684,inf,inf,0,0,0.0019510622616022762,-1.734723475976807e-18,1.6615384505345263,0.019866354904170914,1.734723475976807e-18,inf,0,0,0,2,4,0,0,0.012000001966953278
5002,7,0,2,7,e18bd7025b2b93fd12ea45c8bc41bb49260e360906c7cc046fac06832ef4c240,63fdd9cd89c8e8cadd17ebf16365746a179b9b8bc9945cf9cf91696a889ae81d,0.025662586092948914,0.0,0.0038579192478209734,0.0038579192478209734,0.0,0.025662586092948914,0.0,0,1,0.007692307233810425,0.20944694064039504,13,1.6615383533331063,0.006287038835677453,0.004878853271390206,0.025662586092948914,0.0038579192478209734,0.025662586092948914,0.0038579192478209734,0.0072328620590269566,0.006925721187144518,0.0072328620590269566,0,0.025662586791440845,0.0,6.984919309616089e-10,0.025662586791440845,0,1.0365159373165733e-09,1.734723475976807e-18,0,0,2,12,13,13,0,1,1,1,0.0,0.0,0.0,1,0.028198628453537822,-0.0153673350578174,0.012831293395720422,0.012831293395720422,inf,inf,0,0,0.0038579202843369107,-1.734723475976807e-18,1.661538450534526,0.02131968734707921,1.734723475976807e-18,inf,0,0,0,3,3,0,0,0.012000001966953278
5002,7,0,3,7,e18bd7025b2b93fd12ea45c8bc41bb49260e360906c7cc046fac06832ef4c240,63fdd9cd89c8e8cadd17ebf16365746a179b9b8bc9945cf9cf91696a889ae81d,0.02901626192033291,0.0,0.004047877620905638,0.004047877620905638,0.0,0.02901626192033291,0.0,0,1,0.9076923131942749,0.2094469155167731,13,1.661538461366525,0.007658980402164256,0.006183462280824164,0.02901626192033291,0.004047877620905638,0.02901626192033291,0.004047877620905638,0.004703453741967678,0.009455569088459015,0.004703453741967678,0,0.029016262153163552,0.0,2.3283064365386963e-10,0.029016262153163552,0,1.2543672402859363e-09,6.938893903907228e-18,0,0,2,12,13,13,0,1,1,1,0.0,0.0,0.0,1,0.028999934205785394,-0.014491803129203618,0.014508131076581776,0.014508131076581776,inf,inf,0,0,0.004047878875272878,-6.938893903907228e-18,1.6615384522538923,0.02410581765408028,6.938893903907228e-18,inf,0,0,0,4,2,0,0,0.012000001966953278
5002,7,0,4,7,e18bd7025b2b93fd12ea45c8bc41bb49260e360906c7cc046fac06832ef4c240,63fdd9cd89c8e8cadd17ebf16365746a179b9b8bc9945cf9cf91696a889ae81d,0.02903018705546856,0.0,-0.0003292560577392578,-0.0003292560577392578,0.0,0.02903018705546856,0.0,0,1,0.9076921939849854,0.20944694064039504,13,1.661538353333106,0.00667067582406594,0.004883942227347716,0.02903018705546856,-0.0003292560577392578,0.02903018705546856,0.0003292560577392578,0.005981357302516699,0.005733814090490341,0.005981357302516699,0,0.02903018635697663,0.0,6.984919309616089e-10,0.02903018635697663,0,1.3149871989914796e-09,1.734723475976807e-18,0,0,2,12,13,13,0,1,1,1,0.0,0.0,0.0,1,0.028439187677577138,-0.013924094499088824,0.014515093178488314,0.014515093178488314,inf,inf,0,0,-0.0003292547427520588,-1.734723475976807e-18,1.6615384505345263,0.024117385429149745,1.734723475976807e-18,inf,0,0,0,5,1,0,1,0.012000001966953278
5002,7,0,5,7,e18bd7025b2b93fd12ea45c8bc41bb49260e360906c7cc046fac06832ef4c240,63fdd9cd89c8e8cadd17ebf16365746a179b9b8bc9945cf9cf91696a889ae81d,0.019599549472332,0.012000001966953278,0.0018330710008740425,0.0018330710008740425,0.0,0.019599549472332,0.012000001966953278,1,3,0.9076921939849854,0.20944694064039504,13,1.661538353333106,0.005867324943844538,0.004407541065879122,0.007599547505378723,0.0018330710008740425,0.007599547505378723,0.0018330710008740425,0.01094793900847435,0.003273534821346402,0.01094793900847435,0,0.019599548541009426,0.012000001966953278,9.313225746154785e-10,0.024041307158768177,0,1.273007423432948e-09,1.734723475976807e-18,10,11,2,12,1,1,1,0,0,0,0.006000000983476639,0.006000000983476639,0.006000000983476639,0,0.02560852374881506,-0.013587870169430971,0.012020653579384089,0.012020653579384089,2.003441934840958,4.268086591875267,0,0,0.001833069727866619,1.734723475976807e-18,1.6615384505345263,0.019972778122702147,1.734723475976807e-18,inf,0,0,0,1,5,1,0,0.012000001966953278
5002,7,1,0,7,e18bd7025b2b93fd12ea45c8bc41bb49260e360906c7cc046fac06832ef4c240,63fdd9cd89c8e8cadd17ebf16365746a179b9b8bc9945cf9cf91696a889ae81d,0.011088377796113491,0.0,0.0030461072456091642,0.0030461072456091642,0.0,0.011088377796113491,0.0,0,1,0.9076921939849854,0.20944694064039504,13,1.661538353333106,0.002984986069495044,0.002266613722464742,0.011088377796113491,0.0030461072456091642,0.011088377796113491,0.0030461072456091642,0.004981286358088255,0.004638932645320892,0.004981286358088255,0,0.011088377796113491,0.0,0.0,0.011088377796113491,0,7.654069305446098e-11,0.0,0,0,10,11,13,13,0,1,1,1,0.0,0.0,0.0,1,0.006741233170032501,-0.0011970442719757557,0.0055441888980567455,0.0055441888980567455,inf,inf,0,0,0.0030461073221498573,0.0,1.6615384505345263,0.009211883031147929,0.0,inf,0,0,0,4,5,0,0,0.017999999225139618
5002,7,1,2,7,e18bd7025b2b93fd12ea45c8bc41bb49260e360906c7cc046fac06832ef4c240,63fdd9cd89c8e8cadd17ebf16365746a179b9b8bc9945cf9cf91696a889ae81d,0.024232788011431694,0.017999998992308974,0.0006732453475706279,0.0006732453475706279,-0.0012461540260423811,0.024232788011431694,0.017999998992308974,1,4,0.007692307233810425,0.20944694064039504,13,1.6615383533331063,0.004430672693030189,0.003578916916722905,0.00623278901912272,0.001919399373613009,0.00623278901912272,0.001919399373613009,0.00880302581936121,0.007102965842932463,0.00880302581936121,0,0.024232788011431694,0.017999998992308974,0.0,0.016187764704227448,0,3.796742633829786e-10,0.0,10,11,2,11,1,1,1,0,1,0,0.008999999379739165,0.007499999366700649,0.007499999366700649,0,0.010076342150568962,-0.0019824597984552383,0.008093882352113724,0.008093882352113724,1.079184404741401,1.343512400188599,0,0,0.0006732449678963645,-0.0012461540260423811,1.661538450534526,0.013448296742139782,0.0012461540260423811,10.791841506823822,0,0,0,2,1,0,1,2.3283064365386963e-10
5002,7,1,3,7,e18bd7025b2b93fd12ea45c8bc41bb49260e360906c7cc046fac06832ef4c240,63fdd9cd89c8e8cadd17ebf16365746a179b9b8bc9945cf9cf91696a889ae81d,0.01345840934664011,0.017999999225139618,-0.007076718378812075,-0.007076718378812075,-0.008099999428741065,0.01345840934664011,0.017999999225139618,1,3,0.9076923131942749,0.2094469155167731,13,1.661538461366525,0.003930221326454579,0.0032497811952286212,0.004541589878499508,0.0010232810499289906,0.004541589878499508,0.0010232810499289906,0.006941166706383228,0.007271315902471542,0.006941166706383228,0,0.013458409579470754,0.017999999225139618,2.3283064365386963e-10,0.01266654348000884,0,6.395309013265682e-10,1.734723475976807e-18,10,11,8,11,1,1,1,0,1,0,0.008999999845400453,0.008999999379739165,0.008999999379739165,0,0.01274840533733368,-0.006415133597329259,0.00633327174000442,0.00633327174000442,0.7036969084977835,1.4164895795474097,0,0,-0.007076717739281173,-0.008099999428741064,1.6615384522538923,0.01052297452459026,0.008099999428741064,1.2991327489791915,1,0,0,1,3,1,0,2.3283064365386963e-10
5002,7,1,4,7,e18bd7025b2b93fd12ea45c8bc41bb49260e360906c7cc046fac06832ef4c240,63fdd9cd89c8e8cadd17ebf16365746a179b9b8bc9945cf9cf91696a889ae81d,0.015247291885316372,0.012000001035630703,0.0022239352110773325,0.0022239352110773325,6.447617613425383e-11,0.015247291885316372,0.012000001035630703,1,3,0.9076921939849854,0.20944694064039504,13,1.661538353333106,0.002850170933748028,0.002475406930467786,0.003247290849685669,0.0022239351466011564,0.003247290849685669,0.0022239351466011564,0.005095514468848705,0.007550732232630253,0.005095514468848705,0,0.015247291885316372,0.012000001035630703,0.0,0.009247290901839733,0,1.2282288857842771e-09,1.734723475976807e-18,10,11,2,11,1,1,1,0,1,0,0.006000000052154064,0.006000000983476639,0.006000000052154064,0,0.006642960011959076,-0.0020193145610392094,0.0046236454509198666,0.0046236454509198666,0.770607568454925,1.1071599923693638,0,0,0.0022239364393062183,6.44761778689773e-11,1.6615384505345263,0.007682364698342406,6.44761778689773e-11,119150435.90136217,1,0,0,3,2,0,0,0.005999998189508915
5002,7,1,5,7,e18bd7025b2b93fd12ea45c8bc41bb49260e360906c7cc046fac06832ef4c240,63fdd9cd89c8e8cadd17ebf16365746a179b9b8bc9945cf9cf91696a889ae81d,0.01230634842067957,0.0,0.0024753527250140905,0.0024753527250140905,0.0,0.01230634842067957,0.0,0,1,0.9076921939849854,0.20944694064039504,13,1.661538353333106,0.0036081742425033364,0.0032131305548566335,0.01230634842067957,0.0024753527250140905,0.01230634842067957,0.0024753527250140905,0.005853015463799238,0.0066828480921685696,0.005853015463799238,0,0.01230634842067957,0.0,0.0,0.01230634842067957,0,1.2838759725491977e-09,0.0,0,0,2,7,13,13,0,1,1,1,0.0,0.0,0.0,1,0.010355742648243904,-0.0042025684379041195,0.006153174210339785,0.006153174210339785,inf,inf,0,0,0.002475354008890063,0.0,1.6615384505345263,0.010223735543316972,0.0,inf,0,0,0,5,4,0,0,0.017999999225139618
5002,7,2,0,7,e18bd7025b2b93fd12ea45c8bc41bb49260e360906c7cc046fac06832ef4c240,63fdd9cd89c8e8cadd17ebf16365746a179b9b8bc9945cf9cf91696a889ae81d,0.01572277396917343,0.0,-0.00015182032075244933,-0.00015182032075244933,0.0,0.01572277396917343,0.0,0,1,0.9076921939849854,0.20944694064039504,13,1.661538353333106,0.004954828858750994,0.004338993277599119,0.01572277396917343,-0.00015182032075244933,0.01572277396917343,0.00015182032075244933,0.0030741789378225803,0.010617401450872421,0.0030741789378225803,0,0.015722773037850857,0.0,9.313225746154785e-10,0.015722773037850857,0,1.1548643473816012e-09,0.0,0,0,8,11,13,13,0,1,1,1,0.0,0.0,0.0,1,0.0679717194288969,-0.060110332909971476,0.007861386518925428,0.007861386518925428,inf,inf,0,0,-0.00015182147561679672,0.0,1.6615384505345263,0.01306199597570837,0.0,inf,0,0,0,4,5,0,0,0.023999998345971107
5002,7,2,1,7,e18bd7025b2b93fd12ea45c8bc41bb49260e360906c7cc046fac06832ef4c240,63fdd9cd89c8e8cadd17ebf16365746a179b9b8bc9945cf9cf91696a889ae81d,0.025531360879540443,0.023999998345971107,-0.0034498285967856646,-0.0034498285967856646,1.289523487990607e-10,0.025531360879540443,0.023999998345971107,1,3,0.9076921939849854,0.20944694064039504,13,1.661538353333106,0.006339049038079788,0.005006639771824756,0.001531362533569336,-0.0034498287257380134,0.001531362533569336,0.0034498287257380134,0.011276138946413994,0.010016091167926788,0.011276138946413994,0,0.02553136134520173,0.023999998345971107,4.656612873077393e-10,0.021304944064468145,0,1.1685107222103586e-10,3.469446951953614e-18,10,11,2,11,1,1,1,0,1,0,0.011999998241662979,0.012000000104308128,0.011999998241662979,0,0.06779664475470781,-0.05714417272247374,0.010652472032234073,0.010652472032234073,0.8877061327600525,5.649721224068483,0,0,-0.0034498287136367368,1.2895235226850765e-10,1.6615384505345263,0.017699491874800577,1.2895235226850765e-10,137256060.57923064,0,0,0,1,1,1,1,0.0059999991208314896
5002,7,2,3,7,e18bd7025b2b93fd12ea45c8bc41bb49260e360906c7cc046fac06832ef4c240,63fdd9cd89c8e8cadd17ebf16365746a179b9b8bc9945cf9cf91696a889ae81d,0.018799565732479095,0.017999999225139618,-0.00780165521427989,-0.00780165521427989,-0.008099999606050547,0.018799565732479095,0.017999999225139618,1,3,0.9076923131942749,0.2094469155167731,13,1.661538461366525,0.0057040829427205545,0.00452399530486595,0.0007995665073394775,0.0002983443917706566,0.0007995665073394775,0.0002983443917706566,0.007911496795713902,0.010865041054785252,0.007911496795713902,0,0.018799565732479095,0.017999999225139618,0.0,0.017580381594598293,0,5.522405518987306e-10,1.3877787807814457e-17,10,11,8,11,1,1,1,0,1,0,0.008999999612569809,0.008999999612569809,0.008999999612569809,0,0.07369670365005732,-0.06490651285275817,0.008790190797299147,0.008790190797299147,0.9766879084108366,8.188522980282038,0,0,-0.007801654662039338,-0.00809999960605056,1.6615384522538923,0.014605240012360831,0.00809999960605056,1.8031161386046202,1,0,0,2,4,0,0,0.0059999991208314896
5002,7,2,4,7,e18bd7025b2b93fd12ea45c8bc41bb49260e360906c7cc046fac06832ef4c240,63fdd9cd89c8e8cadd17ebf16365746a179b9b8bc9945cf9cf91696a889ae81d,0.021403316408395767,0.012000001966953278,-0.0013777179410681129,-0.0013777179410681129,0.0,0.021403316408395767,0.012000001966953278,1,3,0.9076921939849854,0.20944694064039504,13,1.661538353333106,0.00493195440110644,0.003881547313470107,0.00940331444144249,-0.0013777179410681129,0.00940331444144249,0.0013777179410681129,0.0055985888466238976,0.008848311379551888,0.0055985888466238976,0,0.021403315477073193,0.012000001966953278,9.313225746154785e-10,0.015403314493596554,0,2.1278831092985673e-09,0.0,10,11,8,11,1,1,1,0,1,0,0.006000000983476639,0.006000000983476639,0.006000000983476639,0,0.06987976655364037,-0.06217810930684209,0.007701657246798277,0.007701657246798277,1.2836093307330811,11.64662584990932,0,0,-0.0013777158131850036,0.0,1.6615384505345263,0.012796599648393215,0.0,inf,0,0,0,3,2,0,0,0.01199999637901783
5002,7,2,5,7,e18bd7025b2b93fd12ea45c8bc41bb49260e360906c7cc046fac06832ef4c240,63fdd9cd89c8e8cadd17ebf16365746a179b9b8bc9945cf9cf91696a889ae81d,0.01894095540046692,0.0,-0.002636171178892255,-0.002636171178892255,0.0,0.01894095540046692,0.0,0,1,0.9076921939849854,0.20944694064039504,13,1.661538353333106,0.005163331210105159,0.004382066098014279,0.01894095540046692,-0.002636171178892255,0.01894095540046692,0.002636171178892255,0.01038176566362381,0.0066353012807667255,0.01038176566362381,0,0.018940954469144344,0.0,9.313225746154785e-10,0.018940954469144344,0,3.9549902797197944e-09,3.469446951953614e-18,0,0,8,9,13,13,0,1,1,1,0.0,0.0,0.0,1,0.07551833987236023,-0.06604786263778806,0.009470477234572172,0.009470477234572172,inf,inf,0,0,-0.0026361751338825345,-3.469446951953614e-18,1.6615384505345263,0.01573556207015355,3.469446951953614e-18,inf,0,0,0,5,3,0,0,0.023999998345971107
5002,8,0,1,8,64f246a2230fedf0072d2309227e954d6659f0987e7218b3d26397056b844281,63fdd9cd89c8e8cadd17ebf16365746a179b9b8bc9945cf9cf91696a889ae81d,0.024228891357779503,0.0,0.00023913632321637124,0.00023913632321637124,-1.3877787807814457e-17,0.024228891357779503,0.0,0,1,0.9076921939849854,0.20944694064039504,13,1.661538353333106,0.006392616422542578,0.005175914549263271,0.024228891357779503,0.00023913632321638512,0.024228891357779503,0.00023913632321638512,0.012483306229114532,0.010295265354216099,0.012483306229114532,0,0.024228891357779503,0.0,0.0,0.024228891357779503,0,1.5299825798648081e-09,2.0816681711721685e-17,0,0,8,12,13,13,0,1,1,1,0.0,0.0,0.0,1,0.12269244715571404,-0.11057800147682428,0.012114445678889751,0.012114445678889751,inf,inf,0,0,0.00023913479323379137,6.938893903907228e-18,1.6615384505345263,0.020128617302387165,6.938893903907228e-18,inf,0,0,0,2,3,0,0,0.01199999451637268
5002,8,0,2,8,64f246a2230fedf0072d2309227e954d6659f0987e7218b3d26397056b844281,63fdd9cd89c8e8cadd17ebf16365746a179b9b8bc9945cf9cf91696a889ae81d,0.027695706114172935,0.0,0.005044656340032816,0.005044656340032816,0.0,0.027695706114172935,0.0,0,1,0.007692307233810425,0.20944694064039504,13,1.6615383533331063,0.007074163069568079,0.0057522644834405575,0.027695706114172935,0.005044656340032816,0.027695706114172935,0.005044656340032816,0.010555557906627655,0.006533526349812746,0.010555557906627655,0,0.027695706114172935,0.0,0.0,0.027695706114172935,0,1.721775401072878e-09,6.938893903907228e-18,0,0,8,12,13,13,0,1,1,1,0.0,0.0,0.0,1,0.1254480592906475,-0.11160020623356104,0.013847853057086468,0.013847853057086468,inf,inf,0,0,0.005044658061808217,-6.938893903907228e-18,1.661538450534526,0.02300874031170125,6.938893903907228e-18,inf,0,0,0,3,1,0,1,0.01199999451637268
5002,8,0,3,8,64f246a2230fedf0072d2309227e954d6659f0987e7218b3d26397056b844281,63fdd9cd89c8e8cadd17ebf16365746a179b9b8bc9945cf9cf91696a889ae81d,0.02747742086648941,0.0,-0.00447125406935811,-0.00447125406935811,0.0,0.02747742086648941,0.0,0,1,0.9076923131942749,0.2094469155167731,13,1.661538461366525,0.007216999651209159,0.0059723423562458985,0.02747742086648941,-0.00447125406935811,0.02747742086648941,0.00447125406935811,0.012081345543265343,0.013343330472707748,0.012081345543265343,0,0.02747742086648941,0.0,0.0,0.02747742086648941,0,7.055669607597403e-10,1.3877787807814457e-17,0,0,8,12,13,13,0,1,1,1,0.0,0.0,0.0,1,0.12305020913481712,-0.10931149870157242,0.013738710433244705,0.013738710433244705,inf,inf,0,0,-0.00447125336379115,-1.3877787807814457e-17,1.6615384522538923,0.02282739566921781,1.3877787807814457e-17,inf,0,0,0,4,2,0,0,0.01199999451637268
5002,8,0,4,8,64f246a2230fedf0072d2309227e954d6659f0987e7218b3d26397056b844281,63fdd9cd89c8e8cadd17ebf16365746a179b9b8bc9945cf9cf91696a889ae81d,0.022020746022462845,0.0,0.0035636667162179947,0.0035636667162179947,0.0,0.022020746022462845,0.0,0,1,0.9076921939849854,0.20944694064039504,13,1.661538353333106,0.006992753811477915,0.00614354576496683,0.022020746022462845,0.0035636667162179947,0.022020746022462845,0.0035636667162179947,0.006626864895224571,0.008157087489962578,0.006626864895224571,0,0.022020746022462845,0.0,0.0,0.022020746022462845,0,2.0396364527885957e-09,6.938893903907228e-18,0,0,8,12,13,13,0,1,1,1,0.0,0.0,0.0,1,0.12174272909760475,-0.11073235608637333,0.011010373011231422,0.011010373011231422,inf,inf,0,0,0.0035636687558544475,6.938893903907228e-18,1.6615384505345263,0.018294158112888623,6.938893903907228e-18,inf,0,0,0,5,4,0,0,0.01199999451637268
5002,8,0,5,8,64f246a2230fedf0072d2309227e954d6659f0987e7218b3d26397056b844281,63fdd9cd89c8e8cadd17ebf16365746a179b9b8bc9945cf9cf91696a889ae81d,0.02130679413676262,0.01199999451637268,-0.0005449478630907834,-0.0005449478630907834,0.0,0.02130679413676262,0.01199999451637268,1,3,0.9076921939849854,0.20944694064039504,13,1.661538353333106,0.006556059826691779,0.005746282130127123,0.009306799620389938,-0.0005449478630907834,0.009306799620389938,0.0005449478630907834,0.012173612602055073,0.009362978860735893,0.012173612602055073,0,0.02130679413676262,0.01199999451637268,0.0,0.019027449190616608,0,4.01809254271801e-09,6.938893903907228e-18,10,11,8,11,1,1,1,0,1,0,0.00599999725818634,0.00599999725818634,0.00599999725818634,0,0.11783207580447197,-0.10831835120916367,0.009513724595308304,0.009513724595308304,1.5856214904644943,19.638688275015955,0,0,-0.0005449518811833261,6.938893903907228e-18,1.6615384505345263,0.015807419222900774,6.938893903907228e-18,inf,0,0,0,1,5,1,0,0.01199999451637268
5002,8,1,0,8,64f246a2230fedf0072d2309227e954d6659f0987e7218b3d26397056b844281,63fdd9cd89c8e8cadd17ebf16365746a179b9b8bc9945cf9cf91696a889ae81d,0.014914730563759804,0.0,-0.0022072826977819204,-0.0022072826977819204,0.0,0.014914730563759804,0.0,0,1,0.9076921939849854,0.20944694064039504,13,1.661538353333106,0.0043108280875399935,0.003526172799074791,0.014914730563759804,-0.0022072826977819204,0.014914730563759804,0.0022072826977819204,0.006820189766585827,0.0037577347829937935,0.006820189766585827,0,0.014914730098098516,0.0,4.656612873077393e-10,0.014914730098098516,0,2.0271273730790296e-09,2.6020852139652106e-18,0,0,10,4,13,13,0,1,1,1,0.0,0.0,0.0,1,0.009191595483571291,0.0017342304345220327,0.007457365049049258,0.007457365049049258,inf,inf,0,0,-0.0022072847249092935,2.6020852139652106e-18,1.6615384505345263,0.012390698768667637,2.6020852139652106e-18,inf,0,0,0,4,5,0,0,0.017999999225139618
5002,8,1,2,8,64f246a2230fedf0072d2309227e954d6659f0987e7218b3d26397056b844281,63fdd9cd89c8e8cadd17ebf16365746a179b9b8bc9945cf9cf91696a889ae81d,0.023378290235996246,0.017999998293817043,0.0005656611174345016,0.0005656611174345016,0.0012461539776852486,0.023378290235996246,0.017999998293817043,1,4,0.007692307233810425,0.20944694064039504,13,1.6615383533331063,0.004941376974426204,0.0043818203941781144,0.005378291942179203,-0.0006804928602507469,0.005378291942179203,0.0006804928602507469,0.009785095229744911,0.008797832764685154,0.009785095229744911,0,0.02337829116731882,0.017999998293817043,9.313225746154785e-10,0.01561457198113203,0,3.186346629255321e-10,8.673617379884035e-19,10,11,8,11,1,1,1,0,1,0,0.007499999366700649,0.008999998681247234,0.007499999366700649,0,0.00966124702244997,-0.001853961031883955,0.007807285990566015,0.007807285990566015,1.04097155330835,1.2881663784326536,0,0,0.0005656614360691646,0.0012461539776852477,1.661538450534526,0.01297210586764497,0.0012461539776852477,10.409713486403083,1,0,0,2,1,0,1,9.313225746154785e-10
5002,8,1,3,8,64f246a2230fedf0072d2309227e954d6659f0987e7218b3d26397056b844281,63fdd9cd89c8e8cadd17ebf16365746a179b9b8bc9945cf9cf91696a889ae81d,0.01827920600771904,0.017999999225139618,-0.007056522648781538,-0.007056522648781538,-0.008099999606050554,0.01827920600771904,0.017999999225139618,1,3,0.9076923131942749,0.2094469155167731,13,1.661538461366525,0.004412449023651581,0.0031075810396371507,0.000279206782579422,0.0010434769572690156,0.000279206782579422,0.0010434769572690156,0.005744880996644497,0.008055433630943298,0.005744880996644497,0,0.018279206473380327,0.017999999225139618,4.656612873077393e-10,0.018279206473380327,0,2.330126714841785e-09,1.734723475976807e-18,10,11,8,7,1,1,1,0,0,0,0.008999999612569809,0.008999999612569809,0.008999999612569809,0,0.014241081662476063,-0.005101478425785899,0.009139603236690164,0.009139603236690164,1.015511514458887,1.5823424750581456,0,0,-0.007056520318654823,-0.008099999606050552,1.6615384522538923,0.015185802216104839,0.008099999606050552,1.8747904882317923,1,0,0,1,3,1,0,9.313225746154785e-10
5002,8,1,4,8,64f246a2230fedf0072d2309227e954d6659f0987e7218b3d26397056b844281,63fdd9cd89c8e8cadd17ebf16365746a179b9b8bc9945cf9cf91696a889ae81d,0.019168037921190262,0.012000000104308128,0.0016929173143580556,0.0016929173143580556,1.734723475976807e-18,0.019168037921190262,0.012000000104308128,1,3,0.9076921939849854,0.20944694064039504,13,1.661538353333106,0.0030131715224667034,0.0023547211915430936,0.0071680378168821335,0.0016929173143580539,0.0071680378168821335,0.0016929173143580539,0.003967699129134417,0.007854856550693512,0.003967699129134417,0,0.019168037455528975,0.012000000104308128,4.656612873077393e-10,0.011039343662559986,0,5.13552698630515e-10,2.6020852139652106e-18,10,11,10,11,1,1,1,1,1,1,0.006000000052154064,0.006000000052154064,0.006000000052154064,0,0.00575468223541975,-0.00023501040413975716,0.005519671831279993,0.005519671831279993,0.9199452972168511,0.9591136975663455,0,0,0.0016929178279107542,-8.673617379884035e-19,1.6615384505345263,0.009171146982004032,8.673617379884035e-19,inf,0,0,0,3,2,0,0,0.0059999991208314896
5002,8,1,5,8,64f246a2230fedf0072d2309227e954d6659f0987e7218b3d26397056b844281,63fdd9cd89c8e8cadd17ebf16365746a179b9b8bc9945cf9cf91696a889ae81d,0.015573603101074696,0.0,0.0006134300492703915,0.0006134300492703915,3.469446951953614e-18,0.015573603101074696,0.0,0,1,0.9076921939849854,0.20944694064039504,13,1.661538353333106,0.005233263184651178,0.004587243603178735,0.015573603101074696,0.000613430049270388,0.015573603101074696,0.000613430049270388,0.005377735011279583,0.009525645524263382,0.005377735011279583,0,0.015573603101074696,0.0,0.0,0.015573603101074696,0,1.24343800707305e-09,8.673617379884035e-19,0,0,2,7,13,13,0,1,1,1,0.0,0.0,0.0,1,0.011269538663327694,-0.003482737112790346,0.007786801550537348,0.007786801550537348,inf,inf,0,0,0.0006134288058323844,2.6020852139652106e-18,1.6615384505345263,0.012938070182899672,2.6020852139652106e-18,inf,0,0,0,5,4,0,0,0.017999999225139618
5002,8,2,0,8,64f246a2230fedf0072d2309227e954d6659f0987e7218b3d26397056b844281,63fdd9cd89c8e8cadd17ebf16365746a179b9b8bc9945cf9cf91696a889ae81d,0.013158425688743591,0.0,-0.001422603614628315,-0.001422603614628315,0.0,0.013158425688743591,0.0,0,1,0.9076921939849854,0.20944694064039504,13,1.661538353333106,0.004357214518724298,0.003962922751760254,0.013158425688743591,-0.001422603614628315,0.013158425688743591,0.001422603614628315,0.00762854004278779,0.014477873221039772,0.00762854004278779,0,0.013158425455912948,0.0,2.3283064365386963e-10,0.013158425455912948,0,2.2340910957145688e-10,1.734723475976807e-18,0,0,1,12,13,13,0,1,1,1,0.0,0.0,0.0,1,0.03846197295933962,0.031882760231383145,0.006579212727956474,0.006579212727956474,inf,inf,0,0,-0.0014226038380374245,-1.734723475976807e-18,1.6615384505345263,0.010931614921745833,1.734723475976807e-18,inf,0,0,0,4,5,0,0,0.024000002071261406
5002,8,2,1,8,64f246a2230fedf0072d2309227e954d6659f0987e7218b3d26397056b844281,63fdd9cd89c8e8cadd17ebf16365746a179b9b8bc9945cf9cf91696a889ae81d,0.021630601957440376,0.024000002071261406,0.0018543698824942112,0.0018543698824942112,1.289523557379546e-10,0.021630601957440376,0.024000002071261406,1,3,0.9076921939849854,0.20944694064039504,13,1.661538353333106,0.005022405937501047,0.003765798118220334,0.0023694001138210297,0.0018543697535418555,0.0023694001138210297,0.0018543697535418555,0.01325272861868143,0.008077198639512062,0.01325272861868143,0,0.021630601957440376,0.024000002071261406,0.0,0.02067202888429165,0,6.948122827955816e-11,3.469446951953614e-18,10,11,8,11,1,1,1,0,1,0,0.012000000104308128,0.012000001966953278,0.012000000104308128,0,0.042170790024101734,0.03183477558195591,0.010336014442145824,0.010336014442145824,0.8613345293584693,3.5142324714615603,0,0,0.001854369813012983,1.2895235920740156e-10,1.6615384505345263,0.01717368542090546,1.2895235920740156e-10,133178528.30659753,1,0,0,1,1,1,1,0.006000002846121788
5002,8,2,3,8,64f246a2230fedf0072d2309227e954d6659f0987e7218b3d26397056b844281,63fdd9cd89c8e8cadd17ebf16365746a179b9b8bc9945cf9cf91696a889ae81d,0.017562339082360268,0.017999999225139618,-0.007821292616426945,-0.007821292616426945,-0.008099999606050554,0.017562339082360268,0.017999999225139618,1,3,0.9076923131942749,0.2094469155167731,13,1.661538461366525,0.004922577594529914,0.0036804207336135516,0.0004376601427793503,0.00027870698962360885,0.0004376601427793503,0.00027870698962360885,0.004396417643874884,0.012608755379915237,0.004396417643874884,0,0.017562339082360268,0.017999999225139618,0.0,0.019359597470611334,0,2.8606946672615763e-11,6.938893903907228e-18,10,11,8,11,1,1,1,0,1,0,0.008999999612569809,0.008999999612569809,0.008999999612569809,0,0.03688279166817665,0.027202992932870984,0.009679798735305667,0.009679798735305667,1.0755332391110795,4.098088139544414,0,0,-0.007821292645033891,-0.008099999606050547,1.6615384522538923,0.016083357808788962,0.008099999606050547,1.9855998260512258,1,0,0,2,3,0,0,0.006000002846121788
5002,8,2,4,8,64f246a2230fedf0072d2309227e954d6659f0987e7218b3d26397056b844281,63fdd9cd89c8e8cadd17ebf16365746a179b9b8bc9945cf9cf91696a889ae81d,0.019391316920518875,0.012000001966953278,-0.0008884173003025353,-0.0008884173003025353,3.469446951953614e-18,0.019391316920518875,0.012000001966953278,1,3,0.9076921939849854,0.20944694064039504,13,1.661538353333106,0.004064560110913332,0.0032207838965017765,0.0073913149535655975,-0.0008884173003025388,0.0073913149535655975,0.0008884173003025388,0.0077148312702775,0.010035542771220207,0.0077148312702775,0,0.019391316920518875,0.012000001966953278,0.0,0.013391315937042236,0,1.0259802295936593e-10,1.734723475976807e-18,10,11,1,11,1,1,1,0,1,0,0.006000000983476639,0.006000000983476639,0.006000000983476639,0,0.04023501556366682,0.0335393575951457,0.006695657968521118,0.006695657968521118,1.1159428118362387,6.705834828105821,0,0,-0.0008884171977045123,1.734723475976807e-18,1.6615384505345263,0.011125093166325734,1.734723475976807e-18,inf,0,0,0,3,2,0,0,0.012000000104308128
5002,8,2,5,8,64f246a2230fedf0072d2309227e954d6659f0987e7218b3d26397056b844281,63fdd9cd89c8e8cadd17ebf16365746a179b9b8bc9945cf9cf91696a889ae81d,0.015568748116493225,0.0,0.003691459074616432,0.003691459074616432,0.0,0.015568748116493225,0.0,0,1,0.9076921939849854,0.20944694064039504,13,1.661538353333106,0.004117575556993978,0.0032559673710190282,0.015568748116493225,0.003691459074616432,0.015568748116493225,0.003691459074616432,0.01329877320677042,0.011219572275876999,0.01329877320677042,0,0.015568748582154512,0.0,4.656612873077393e-10,0.015568748582154512,0,4.154120489437141e-10,5.204170427930421e-18,0,0,8,9,13,13,0,1,1,1,0.0,0.0,0.0,1,0.037796239368617535,0.03001186507754028,0.007784374291077256,0.007784374291077256,inf,inf,0,0,0.003691459490028481,5.204170427930421e-18,1.6615384505345263,0.012934037197977305,5.204170427930421e-18,inf,0,0,0,5,4,0,0,0.024000002071261406
5002,9,0,1,9,ad88c67985d1265e474c436226ee6424c6f73f9778d6bec07bc048befb779474,63fdd9cd89c8e8cadd17ebf16365746a179b9b8bc9945cf9cf91696a889ae81d,0.015865379944443703,0.0,-0.0004948459099978209,-0.0004948459099978209,0.0,0.015865379944443703,0.0,0,1,0.9076921939849854,0.20944694064039504,13,1.661538353333106,0.005288344788950988,0.004545093385339783,0.015865379944443703,-0.0004948459099978209,0.015865379944443703,0.0004948459099978209,0.0057113198563456535,0.010138189420104027,0.0057113198563456535,0,0.015865379944443703,0.0,0.0,0.015865379944443703,0,1.7118119942372e-09,2.168404344971009e-19,0,0,8,12,13,13,0,1,1,1,0.0,0.0,0.0,1,0.011931260349228978,0.003998570377007127,0.007932689972221851,0.007932689972221851,inf,inf,0,0,-0.0004948441981858266,2.168404344971009e-19,1.6615384505345263,0.013180469405016269,2.168404344971009e-19,inf,0,0,0,2,5,0,0,0.012000000104308128
5002,9,0,2,9,ad88c67985d1265e474c436226ee6424c6f73f9778d6bec07bc048befb779474,63fdd9cd89c8e8cadd17ebf16365746a179b9b8bc9945cf9cf91696a889ae81d,0.01864115707576275,0.0,0.0034785736352205276,0.0034785736352205276,0.0,0.01864115707576275,0.0,0,1,0.9076921939849854,0.20944694064039504,13,1.6615383533331063,0.005702543097810433,0.004890566432749379,0.01864115707576275,0.0034785736352205276,0.01864115707576275,0.0034785736352205276,0.007069709245115519,0.009577242657542229,0.007069709245115519,0,0.01864115661010146,0.0,4.656612873077393e-10,0.01864115661010146,0,4.605336481090794e-10,1.0842021724855044e-19,0,0,2,12,13,13,0,1,1,1,0.0,0.0,0.0,1,0.012565698707476258,0.0032451204024255276,0.00932057830505073,0.00932057830505073,inf,inf,0,0,0.0034785740957541758,-1.0842021724855044e-19,1.661538450534526,0.01548649923505971,1.0842021724855044e-19,inf,0,0,0,3,3,0,0,0.012000000104308128
5002,9,0,3,9,ad88c67985d1265e474c436226ee6424c6f73f9778d6bec07bc048befb779474,63fdd9cd89c8e8cadd17ebf16365746a179b9b8bc9945cf9cf91696a889ae81d,0.023148061707615852,0.0,-0.0028029598761349916,-0.0028029598761349916,0.0,0.023148061707615852,0.0,0,1,0.9076923131942749,0.2094469155167731,13,1.661538461366525,0.006693946641752867,0.005705530700113999,0.023148061707615852,-0.0028029598761349916,0.023148061707615852,0.0028029598761349916,0.0021739548537880182,0.012537600472569466,0.0021739548537880182,0,0.02314806147478521,0.0,2.3283064365386963e-10,0.02314806147478521,0,7.98796740558716e-10,4.336808689942018e-19,0,0,2,12,13,13,0,1,1,1,0.0,0.0,0.0,1,0.017445242265239358,0.005871211527846754,0.011574030737392604,0.011574030737392604,inf,inf,0,0,-0.002802960674931732,-4.336808689942018e-19,1.6615384522538923,0.019230697117746283,4.336808689942018e-19,inf,0,0,0,4,1,0,1,0.012000000104308128
5002,9,0,4,9,ad88c67985d1265e474c436226ee6424c6f73f9778d6bec07bc048befb779474,63fdd9cd89c8e8cadd17ebf16365746a179b9b8bc9945cf9cf91696a889ae81d,0.02089829556643963,0.0,0.0037467621732503176,0.0037467621732503176,0.0,0.02089829556643963,0.0,0,1,0.9076921939849854,0.20944694064039504,13,1.661538353333106,0.006071155068281613,0.0051184324602756275,0.02089829556643963,0.0037467621732503176,0.02089829556643963,0.0037467621732503176,0.0036595845595002174,0.00948087777942419,0.0036595845595002174,0,0.02089829556643963,0.0,0.0,0.02089829556643963,0,1.996129476988795e-11,0.0,0,0,2,12,13,13,0,1,1,1,0.0,0.0,0.0,1,0.015221992740407586,0.004772844957187772,0.010449147783219814,0.010449147783219814,inf,inf,0,0,0.0037467621932116123,0.0,1.6615384505345263,0.01736166081713733,0.0,inf,0,0,0,5,2,0,0,0.012000000104308128
5002,9,0,5,9,ad88c67985d1265e474c436226ee6424c6f73f9778d6bec07bc048befb779474,63fdd9cd89c8e8cadd17ebf16365746a179b9b8bc9945cf9cf91696a889ae81d,0.018206287175416946,0.012000000104308128,-5.7717785239219666e-05,-5.7717785239219666e-05,-3.223808893448865e-11,0.018206287175416946,0.012000000104308128,1,3,0.9076921939849854,0.20944694064039504,13,1.661538353333106,0.0055869356771422315,0.004791760830947104,0.006206287071108818,-5.771775300113073e-05,0.006206287071108818,5.771775300113073e-05,0.007468876428902149,0.0074003105983138084,0.007468876428902149,0,0.01820628740824759,0.012000000104308128,2.3283064365386963e-10,0.016868178150616586,0,1.1770724941614907e-09,1.0842021724855044e-19,10,11,8,11,1,1,1,0,1,0,0.006000000284984708,0.0059999998193234205,0.0059999998193234205,0,0.013507341267541051,0.005073252192232758,0.008434089075308293,0.008434089075308293,1.405681554880338,2.251223612380739,0,0,-5.7716608166725504e-05,-3.2238088826068434e-11,1.6615384505345263,0.014013563293857917,3.2238088826068434e-11,434689642.1020541,1,0,0,1,4,1,0,0.012000000104308128
5002,9,1,0,9,ad88c67985d1265e474c436226ee6424c6f73f9778d6bec07bc048befb779474,63fdd9cd89c8e8cadd17ebf16365746a179b9b8bc9945cf9cf91696a889ae81d,0.014613191597163677,0.0,0.0016321145230904222,0.0016321145230904222,0.0,0.014613191597163677,0.0,0,1,0.9076921939849854,0.20944694064039504,13,1.661538353333106,0.0045618272365203,0.003890778268714981,0.014613191597163677,0.0016321145230904222,0.014613191597163677,0.0016321145230904222,0.001928315032273531,0.00419035367667675,0.001928315032273531,0,0.014613191597163677,0.0,0.0,0.014613191597163677,0,5.033354271571922e-10,0.0,0,0,10,4,13,13,0,1,1,1,0.0,0.0,0.0,1,0.009264347143471241,0.0019577513448894024,0.007306595798581839,0.007306595798581839,inf,inf,0,0,0.001632114019754995,0.0,1.6615384505345263,0.012140189861857748,0.0,inf,0,0,0,4,5,0,0,0.017999999225139618
5002,9,1,2,9,ad88c67985d1265e474c436226ee6424c6f73f9778d6bec07bc048befb779474,63fdd9cd89c8e8cadd17ebf16365746a179b9b8bc9945cf9cf91696a889ae81d,0.023736491799354553,0.017999998293817043,0.00043186257244087756,0.00043186257244087756,0.0012461539776852486,0.023736491799354553,0.017999998293817043,1,4,0.9076921939849854,0.20944694064039504,13,1.6615383533331063,0.004826641000096306,0.004288365777868491,0.00573649350553751,-0.000814291405244371,0.00573649350553751,0.000814291405244371,0.010734477080404758,0.005895810667425394,0.010734477080404758,0,0.02373649086803198,0.017999998293817043,9.313225746154785e-10,0.015166307799518108,0,4.1399628777222253e-10,8.673617379884035e-19,10,11,8,11,1,1,1,0,1,0,0.007499999366700649,0.008999998681247234,0.007499999366700649,0,0.0102127930149436,-0.0026296391151845455,0.007583153899759054,0.007583153899759054,1.0110872720106623,1.3617058503081374,0,0,0.00043186298643716533,0.0012461539776852477,1.661538450534526,0.012599701780770509,0.0012461539776852477,10.110870732182446,1,0,0,2,1,0,1,9.313225746154785e-10
5002,9,1,3,9,ad88c67985d1265e474c436226ee6424c6f73f9778d6bec07bc048befb779474,63fdd9cd89c8e8cadd17ebf16365746a179b9b8bc9945cf9cf91696a889ae81d,0.01891150325536728,0.017999999225139618,-0.008072598837316036,-0.008072598837316036,-0.008099999428741065,0.01891150325536728,0.017999999225139618,1,3,0.9076923131942749,0.2094469155167731,13,1.661538461366525,0.004677525996446934,0.00328200300067068,0.0009115040302276611,2.7400591425029083e-05,0.0009115040302276611,2.7400591425029083e-05,0.00511641800403595,0.008531497791409492,0.00511641800403595,0,0.01891150331357494,0.017999999225139618,5.820766091346741e-11,0.01891150331357494,0,2.649550197297845e-10,1.734723475976807e-18,10,11,8,7,1,1,1,0,0,0,0.008999999845400453,0.008999999379739165,0.008999999379739165,0,0.014635510509833694,-0.0051797588530462235,0.00945575165678747,0.00945575165678747,1.0506391453841981,1.626167946497998,0,0,-0.008072598572361016,-0.008099999428741064,1.6615384522538923,0.01571109497271583,0.008099999428741064,1.9396414914510327,1,0,0,1,3,1,0,9.313225746154785e-10
5002,9,1,4,9,ad88c67985d1265e474c436226ee6424c6f73f9778d6bec07bc048befb779474,63fdd9cd89c8e8cadd17ebf16365746a179b9b8bc9945cf9cf91696a889ae81d,0.020029408857226372,0.012000001035630703,-7.05932397977449e-05,-7.05932397977449e-05,6.447617613425383e-11,0.020029408857226372,0.012000001035630703,1,3,0.9076921939849854,0.20944694064039504,13,1.661538353333106,0.003396291335849757,0.002750497123987012,0.008029407821595669,-7.059330427392103e-05,0.008029407821595669,7.059330427392103e-05,0.005982846021652222,0.007618273608386517,0.005982846021652222,0,0.020029408391565084,0.012000001035630703,4.656612873077393e-10,0.011863989289849997,0,1.2759593139011205e-09,8.673617379884035e-19,10,11,10,11,1,1,1,1,1,1,0.006000000052154064,0.006000000983476639,0.006000000052154064,0,0.006420562043786049,-0.0004885673988610506,0.005931994644924998,0.005931994644924998,0.9886657655603435,1.0700936646627193,0,0,-7.05945157570588e-05,6.447617700161556e-11,1.6615384505345263,0.00985623719090779,6.447617700161556e-11,152866339.92987555,0,0,0,3,2,0,0,0.005999998189508915
5002,9,1,5,9,ad88c67985d1265e474c436226ee6424c6f73f9778d6bec07bc048befb779474,63fdd9cd89c8e8cadd17ebf16365746a179b9b8bc9945cf9cf91696a889ae81d,0.016004564240574837,0.0,-0.0011073147179558873,-0.0011073147179558873,0.0,0.016004564240574837,0.0,0,1,0.9076921939849854,0.20944694064039504,13,1.661538353333106,0.005318358773197074,0.004731690340273127,0.016004564240574837,-0.0011073147179558873,0.016004564240574837,0.0011073147179558873,0.00595685001462698,0.009060865268111229,0.00595685001462698,0,0.01600456377491355,0.0,4.656612873077393e-10,0.01600456377491355,0,6.789603098494856e-10,0.0,0,0,2,7,13,13,0,1,1,1,0.0,0.0,0.0,1,0.010927734896540642,-0.002925453009083867,0.008002281887456775,0.008002281887456775,inf,inf,0,0,-0.0011073140389955775,0.0,1.6615384505345263,0.013296099048025435,0.0,inf,0,0,0,5,4,0,0,0.017999999225139618
5002,9,2,0,9,ad88c67985d1265e474c436226ee6424c6f73f9778d6bec07bc048befb779474,63fdd9cd89c8e8cadd17ebf16365746a179b9b8bc9945cf9cf91696a889ae81d,0.015515786595642567,0.0,0.003412978956475854,0.003412978956475854,0.0,0.015515786595642567,0.0,0,1,0.9076921939849854,0.20944694064039504,13,1.661538353333106,0.00461528531193718,0.00402046098048694,0.015515786595642567,0.003412978956475854,0.015515786595642567,0.003412978956475854,0.0070977238938212395,0.015839504078030586,0.0070977238938212395,0,0.015515786595642567,0.0,0.0,0.015515786595642567,0,2.643889360914864e-10,0.0,0,0,0,12,13,13,0,1,1,1,0.0,0.0,0.0,1,0.045545984990894794,-0.03778809169307351,0.007757893297821283,0.007757893297821283,inf,inf,0,0,0.003412978692086918,0.0,1.6615384505345263,0.012890038009474162,0.0,inf,0,0,0,4,4,0,0,0.023999998345971107
5002,9,2,1,9,ad88c67985d1265e474c436226ee6424c6f73f9778d6bec07bc048befb779474,63fdd9cd89c8e8cadd17ebf16365746a179b9b8bc9945cf9cf91696a889ae81d,0.01508241891860962,0.023999998345971107,0.00575827294960618,0.00575827294960618,1.289523487990607e-10,0.01508241891860962,0.023999998345971107,1,3,0.9076921939849854,0.20944694064039504,13,1.661538353333106,0.005459326714900782,0.004171636586556949,0.008917579427361488,0.005758272820653831,0.008917579427361488,0.005758272820653831,0.011491685174405575,0.010112585499882698,0.011491685174405575,0,0.015082419151440263,0.023999998345971107,2.3283064365386963e-10,0.020390461198985577,0,6.574274544896008e-11,3.469446951953614e-18,10,11,8,11,1,1,1,0,1,0,0.011999998241662979,0.012000000104308128,0.011999998241662979,0,0.05070372670888901,-0.04050849610939622,0.010195230599492788,0.010195230599492788,0.8496026744483853,4.2253111782008395,0,0,0.005758273015348926,1.2895235226850765e-10,1.6615384505345263,0.01693976765312344,1.2895235226850765e-10,131364549.42559753,1,0,0,1,5,1,0,0.0059999991208314896
5002,9,2,3,9,ad88c67985d1265e474c436226ee6424c6f73f9778d6bec07bc048befb779474,63fdd9cd89c8e8cadd17ebf16365746a179b9b8bc9945cf9cf91696a889ae81d,0.017774486914277077,0.017999999225139618,-0.0031434549018740654,-0.0031434549018740654,-0.008099999606050547,0.017774486914277077,0.017999999225139618,1,3,0.9076923131942749,0.2094469155167731,13,1.661538461366525,0.005921301937187986,0.004665351138703701,0.0002255123108625412,0.004956544704176481,0.0002255123108625412,0.004956544704176481,0.004893897566944361,0.01676269993185997,0.004893897566944361,0,0.01777448720531538,0.017999999225139618,2.9103830456733704e-10,0.020005499478429556,0,1.485502862212662e-10,1.3877787807814457e-17,10,11,8,12,1,1,1,0,0,0,0.008999999612569809,0.008999999612569809,0.008999999612569809,0,0.054432717617601156,-0.04442996787838638,0.010002749739214778,0.010002749739214778,1.111416685534573,6.0480799956455495,0,0,-0.0031434550504243516,-0.00809999960605056,1.6615384522538923,0.016619953319977947,0.00809999960605056,2.0518461886792103,1,0,0,2,1,0,1,0.0059999991208314896
5002,9,2,4,9,ad88c67985d1265e474c436226ee6424c6f73f9778d6bec07bc048befb779474,63fdd9cd89c8e8cadd17ebf16365746a179b9b8bc9945cf9cf91696a889ae81d,0.015780683606863022,0.012000001966953278,6.185417441884056e-05,6.185417441884056e-05,-6.938893903907228e-18,0.015780683606863022,0.012000001966953278,1,3,0.9076921939849854,0.20944694064039504,13,1.661538353333106,0.004066873342101672,0.003161728517124815,0.0037806816399097443,6.18541744188475e-05,0.0037806816399097443,6.18541744188475e-05,0.005843773949891329,0.00937149953097105,0.005843773949891329,0,0.015780683606863022,0.012000001966953278,0.0,0.015780683606863022,0,1.924592004862169e-10,1.0408340855860843e-17,10,11,0,12,1,1,1,0,0,0,0.006000000983476639,0.006000000983476639,0.006000000983476639,0,0.04665228631347418,-0.03876194451004267,0.007890341803431511,0.007890341803431511,1.3150567516839862,7.775379777761635,0,0,6.185436687804104e-05,3.469446951953614e-18,1.6615384505345263,0.013110106294261393,3.469446951953614e-18,inf,0,0,0,3,3,0,0,0.01199999637901783
5002,9,2,5,9,ad88c67985d1265e474c436226ee6424c6f73f9778d6bec07bc048befb779474,63fdd9cd89c8e8cadd17ebf16365746a179b9b8bc9945cf9cf91696a889ae81d,0.016029318794608116,0.0,0.006922078784555197,0.006922078784555197,0.0,0.016029318794608116,0.0,0,1,0.9076921939849854,0.20944694064039504,13,1.661538353333106,0.004904109990958328,0.004402083614785996,0.016029318794608116,0.006922078784555197,0.016029318794608116,0.006922078784555197,0.012849890626966953,0.01221519336104393,0.012849890626966953,0,0.016029319260269403,0.0,4.656612873077393e-10,0.016029319260269403,0,1.2493984406086733e-09,3.469446951953614e-18,0,0,0,9,13,13,0,1,1,1,0.0,0.0,0.0,1,0.047751528676599264,-0.03973686904646456,0.008014659630134702,0.008014659630134702,inf,inf,0,0,0.006922077535156756,-3.469446951953614e-18,1.6615384505345263,0.013316665143415632,3.469446951953614e-18,inf,0,0,0,5,2,0,0,0.023999998345971107
5002,10,0,1,10,8ecd89bea2be65d8e1e32ae022edbc301168eed0ef60209a1f0151661c393132,63fdd9cd89c8e8cadd17ebf16365746a179b9b8bc9945cf9cf91696a889ae81d,0.024775752797722816,0.0,0.0010890703415498137,0.0010890703415498137,0.0,0.024775752797722816,0.0,0,1,0.9076921939849854,0.20944694064039504,13,1.661538353333106,0.006223291298424327,0.004912053119148728,0.024775752797722816,0.0010890703415498137,0.024775752797722816,0.0010890703415498137,0.011333447881042957,0.008884607814252377,0.011333447881042957,0,0.02477575233206153,0.0,4.656612873077393e-10,0.02477575233206153,0,2.9963998712800866e-09,1.734723475976807e-18,0,0,2,12,13,13,0,1,1,1,0.0,0.0,0.0,1,0.0274983081035316,-0.015110431937500834,0.012387876166030765,0.012387876166030765,inf,inf,0,0,0.0010890673451499425,-1.734723475976807e-18,1.6615384505345263,0.020582932570320345,1.734723475976807e-18,inf,0,0,0,2,4,0,0,0.012000001966953278
5002,10,0,2,10,8ecd89bea2be65d8e1e32ae022edbc301168eed0ef60209a1f0151661c393132,63fdd9cd89c8e8cadd17ebf16365746a179b9b8bc9945cf9cf91696a889ae81d,0.025647655129432678,0.0,0.00379293248988688,0.00379293248988688,0.0,0.025647655129432678,0.0,0,1,0.007692307233810425,0.20944694064039504,13,1.6615383533331063,0.006274311933185979,0.004864273576297351,0.025647655129432678,0.00379293248988688,0.025647655129432678,0.00379293248988688,0.00728245172649622,0.006852297578006983,0.00728245172649622,0,0.025647654430940747,0.0,6.984919309616089e-10,0.025647654430940747,0,2.2870677730130184e-09,1.734723475976807e-18,0,0,2,12,13,13,0,1,1,1,0.0,0.0,0.0,1,0.028582793893292546,-0.015758966677822173,0.012823827215470374,0.012823827215470374,inf,inf,0,0,0.003792934776954653,-1.734723475976807e-18,1.661538450534526,0.021307282001515132,1.734723475976807e-18,inf,0,0,0,3,3,0,0,0.012000001966953278
5002,10,0,3,10,8ecd89bea2be65d8e1e32ae022edbc301168eed0ef60209a1f0151661c393132,63fdd9cd89c8e8cadd17ebf16365746a179b9b8bc9945cf9cf91696a889ae81d,0.02971714362502098,0.0,0.0031216696370393038,0.0031216696370393038,0.0,0.02971714362502098,0.0,0,1,0.9076923131942749,0.2094469155167731,13,1.661538461366525,0.00769653924080332,0.006157679847006261,0.02971714362502098,0.0031216696370393038,0.02971714362502098,0.0031216696370393038,0.0044431909918785095,0.00972498208284378,0.0044431909918785095,0,0.029717144323512912,0.0,6.984919309616089e-10,0.029717144323512912,0,2.4953362414564806e-09,6.938893903907228e-18,0,0,2,12,13,13,0,1,1,1,0.0,0.0,0.0,1,0.02889765496365726,-0.014039082801900804,0.014858572161756456,0.014858572161756456,inf,inf,0,0,0.0031216721323755452,-6.938893903907228e-18,1.6615384522538923,0.024688088992347593,6.938893903907228e-18,inf,0,0,0,4,1,0,1,0.012000001966953278
5002,10,0,4,10,8ecd89bea2be65d8e1e32ae022edbc301168eed0ef60209a1f0151661c393132,63fdd9cd89c8e8cadd17ebf16365746a179b9b8bc9945cf9cf91696a889ae81d,0.02964773215353489,0.0,0.0003027905186172575,0.0003027905186172575,0.0,0.02964773215353489,0.0,0,1,0.9076921939849854,0.20944694064039504,13,1.661538353333106,0.006783460898564358,0.004873360804772588,0.02964773215353489,0.0003027905186172575,0.02964773215353489,0.0003027905186172575,0.005608066450804472,0.006192829925566912,0.005608066450804472,0,0.029647731920704246,0.0,2.3283064365386963e-10,0.029647731920704246,0,4.743828559139462e-10,1.734723475976807e-18,0,0,2,12,13,13,0,1,1,1,0.0,0.0,0.0,1,0.02818696736358106,-0.013363101403228939,0.014823865960352123,0.014823865960352123,inf,inf,0,0,0.00030279004423440156,-1.734723475976807e-18,1.6615384505345263,0.024630423278694975,1.734723475976807e-18,inf,0,0,0,5,2,0,0,0.012000001966953278
5002,10,0,5,10,8ecd89bea2be65d8e1e32ae022edbc301168eed0ef60209a1f0151661c393132,63fdd9cd89c8e8cadd17ebf16365746a179b9b8bc9945cf9cf91696a889ae81d,0.02050195261836052,0.012000001966953278,0.0007133561302907765,0.0007133561302907765,0.0,0.02050195261836052,0.012000001966953278,1,3,0.9076921939849854,0.20944694064039504,13,1.661538353333106,0.005992274053879755,0.0046367224239738745,0.008501950651407242,0.0007133561302907765,0.008501950651407242,0.0007133561302907765,0.01058145146816969,0.004019116051495075,0.01058145146816969,0,0.02050195261836052,0.012000001966953278,0.0,0.024232407100498676,0,1.0797291168790357e-09,1.734723475976807e-18,10,11,2,12,1,1,1,0,0,0,0.006000000983476639,0.006000000983476639,0.006000000983476639,0,0.024690591730177402,-0.012574388179928064,0.012116203550249338,0.012116203550249338,2.0193669273748567,4.115097947179118,0,0,0.0007133572100198934,1.734723475976807e-18,1.6615384505345263,0.020131538073242212,1.734723475976807e-18,inf,0,0,0,1,5,1,0,0.012000001966953278
5002,10,1,0,10,8ecd89bea2be65d8e1e32ae022edbc301168eed0ef60209a1f0151661c393132,63fdd9cd89c8e8cadd17ebf16365746a179b9b8bc9945cf9cf91696a889ae81d,0.012604376301169395,0.0,0.0032680463045835495,0.0032680463045835495,4.336808689942018e-19,0.012604376301169395,0.0,0,1,0.9076921939849854,0.20944694064039504,13,1.661538353333106,0.0034599392790310383,0.0026705387935659587,0.012604376301169395,0.003268046304583549,0.012604376301169395,0.003268046304583549,0.004956262651830912,0.0026588686741888523,0.004956262651830912,0,0.012604375835508108,0.0,4.656612873077393e-10,0.012604375835508108,0,1.2108706979804817e-09,4.336808689942018e-19,0,0,2,11,13,13,0,1,1,1,0.0,0.0,0.0,1,0.015370569890365005,-0.00906838197261095,0.006302187917754054,0.006302187917754054,inf,inf,0,0,0.0032680450937128515,0.0,1.6615384505345263,0.010471327547842484,0.0,inf,0,0,0,4,5,0,0,0.01799999945797026
5002,10,1,2,10,8ecd89bea2be65d8e1e32ae022edbc301168eed0ef60209a1f0151661c393132,63fdd9cd89c8e8cadd17ebf16365746a179b9b8bc9945cf9cf91696a889ae81d,0.02161012962460518,0.017999998992308974,0.0019021501066163182,0.0019021501066163182,-0.0012461540260423811,0.02161012962460518,0.017999998992308974,1,4,0.007692307233810425,0.20944694064039504,13,1.6615383533331063,0.004459659601672809,0.003993490628192763,0.0036101306322962046,0.0031483041326586993,0.0036101306322962046,0.0031483041326586993,0.009075365029275417,0.00903787650167942,0.009075365029275417,0,0.02161012962460518,0.017999998992308974,0.0,0.01316007412970066,0,6.232093096789071e-10,0.0,10,11,2,11,1,1,1,0,1,0,0.008999999379739165,0.007499999366700649,0.007499999366700649,0,0.01121181808412075,-0.00463178101927042,0.00658003706485033,0.00658003706485033,0.8773383493957516,1.4949092041127705,0,0,0.001902150729825628,-0.0012461540260423811,1.661538450534526,0.01093298458919117,0.0012461540260423811,8.773381428548499,0,0,0,2,1,0,1,4.656612873077393e-10
5002,10,1,3,10,8ecd89bea2be65d8e1e32ae022edbc301168eed0ef60209a1f0151661c393132,63fdd9cd89c8e8cadd17ebf16365746a179b9b8bc9945cf9cf91696a889ae81d,0.013384316116571426,0.01799999945797026,-0.006891262251883745,-0.006891262251883745,-0.008099999799479087,0.013384316116571426,0.01799999945797026,1,3,0.9076923131942749,0.2094469155167731,13,1.661538461366525,0.0039280888030707615,0.003083699493057276,0.004615683341398835,0.001208737547595342,0.004615683341398835,0.001208737547595342,0.006261524278670549,0.007210836745798588,0.006261524278670549,0,0.013384316116571426,0.01799999945797026,0.0,0.013384316116571426,0,8.677405712378961e-10,0.0,10,11,2,7,1,1,1,0,0,0,0.008999999612569809,0.008999999845400453,0.008999999612569809,0,0.022323327139019966,-0.015631169080734253,0.006692158058285713,0.006692158058285713,0.7435731495964889,2.48036978888779,0,0,-0.006891263119624316,-0.008099999799479087,1.6615384522538923,0.011119277942402457,0.008099999799479087,1.372750397242916,1,0,0,1,4,1,0,4.656612873077393e-10
5002,10,1,4,10,8ecd89bea2be65d8e1e32ae022edbc301168eed0ef60209a1f0151661c393132,63fdd9cd89c8e8cadd17ebf16365746a179b9b8bc9945cf9cf91696a889ae81d,0.016643976792693138,0.011999999871477485,0.0026026612613350153,0.0026026612613350153,-1.6119044033563457e-11,0.016643976792693138,0.011999999871477485,1,3,0.9076921939849854,0.20944694064039504,13,1.661538353333106,0.0028702756137383655,0.002303440506795983,0.004643976921215653,0.0026026612774540593,0.004643976921215653,0.0026026612774540593,0.0046709212474524975,0.007087623234838247,0.0046709212474524975,0,0.016643976792693138,0.011999999871477485,0.0,0.010643976973369718,0,1.4894428052025788e-09,4.336808689942018e-19,10,11,2,11,1,1,1,0,1,0,0.006000000052154064,0.0059999998193234205,0.0059999998193234205,0,0.014990839175879955,-0.009668850689195096,0.005321988486684859,0.005321988486684859,0.8869981078241072,2.4984732712159268,0,0,0.00260265977189221,-1.6119044467244326e-11,1.6615384505345263,0.008842688503928949,1.6119044467244326e-11,548586395.5458567,0,0,0,3,2,0,0,0.005999999586492777
5002,10,1,5,10,8ecd89bea2be65d8e1e32ae022edbc301168eed0ef60209a1f0151661c393132,63fdd9cd89c8e8cadd17ebf16365746a179b9b8bc9945cf9cf91696a889ae81d,0.014621209353208542,0.0,0.0014942750567570329,0.0014942750567570329,8.673617379884035e-19,0.014621209353208542,0.0,0,1,0.9076921939849854,0.20944694064039504,13,1.661538353333106,0.003999252797779985,0.0034793512840595475,0.014621209353208542,0.001494275056757032,0.014621209353208542,0.001494275056757032,0.006116009782999754,0.006298219319432974,0.006116009782999754,0,0.014621209353208542,0.0,0.0,0.014621209353208542,0,2.7487359176986415e-10,2.168404344971009e-19,0,0,2,7,13,13,0,1,1,1,0.0,0.0,0.0,1,0.02067327289842069,-0.01336266822181642,0.007310604676604271,0.007310604676604271,inf,inf,0,0,0.0014942753316306246,6.505213034913027e-19,1.6615384505345263,0.012146850766835523,6.505213034913027e-19,inf,0,0,0,5,3,0,0,0.01799999945797026
5002,10,2,0,10,8ecd89bea2be65d8e1e32ae022edbc301168eed0ef60209a1f0151661c393132,63fdd9cd89c8e8cadd17ebf16365746a179b9b8bc9945cf9cf91696a889ae81d,0.011870939284563065,0.0,0.004214171785861254,0.004214171785861254,1.734723475976807e-18,0.011870939284563065,0.0,0,1,0.9076921939849854,0.20944694064039504,13,1.661538353333106,0.003902564969115175,0.003341111227781814,0.011870939284563065,0.004214171785861252,0.011870939284563065,0.004214171785861252,0.003994711209088564,0.01385342888534069,0.003994711209088564,0,0.011870939284563065,0.0,0.0,0.011870939284563065,0,9.38789740390078e-11,1.734723475976807e-18,0,0,8,12,13,13,0,1,1,1,0.0,0.0,0.0,1,0.019718592055141926,-0.013783122412860394,0.005935469642281532,0.005935469642281532,inf,inf,0,0,0.004214171879740228,0.0,1.6615384505345263,0.009862011032631176,0.0,inf,0,0,0,4,5,0,0,0.023999999277293682
5002,10,2,1,10,8ecd89bea2be65d8e1e32ae022edbc301168eed0ef60209a1f0151661c393132,63fdd9cd89c8e8cadd17ebf16365746a179b9b8bc9945cf9cf91696a889ae81d,0.0169768575578928,0.023999999277293682,0.0013472549617290497,0.0013472549617290497,-6.447617613425383e-11,0.0169768575578928,0.023999999277293682,1,3,0.9076921939849854,0.20944694064039504,13,1.661538353333106,0.005254921002152991,0.004168714005389863,0.007023141719400883,0.0013472550262052258,0.007023141719400883,0.0013472550262052258,0.01337873563170433,0.010378565639257431,0.01337873563170433,0,0.0169768575578928,0.023999999277293682,0.0,0.021145248785614967,0,1.112181558654557e-09,2.6020852139652106e-18,10,11,8,11,1,1,1,0,1,0,0.012000000104308128,0.011999999172985554,0.011999999172985554,0,0.025495807640254498,-0.014923183247447014,0.010572624392807484,0.010572624392807484,0.8810520934541911,2.1246507831142822,0,0,0.001347253849547491,-6.447617873633904e-11,1.6615384505345263,0.017566821951708885,6.447617873633904e-11,272454452.10927415,0,0,0,1,1,1,1,0.006000000052154064
5002,10,2,3,10,8ecd89bea2be65d8e1e32ae022edbc301168eed0ef60209a1f0151661c393132,63fdd9cd89c8e8cadd17ebf16365746a179b9b8bc9945cf9cf91696a889ae81d,0.01566307805478573,0.017999999225139618,-0.003965464886277914,-0.003965464886277914,-0.008099999606050555,0.01566307805478573,0.017999999225139618,1,3,0.9076923131942749,0.2094469155167731,13,1.661538461366525,0.005117107425754748,0.0038525347526256856,0.0023369211703538895,0.004134534719772641,0.0023369211703538895,0.004134534719772641,0.009599539451301098,0.01394625287503004,0.009599539451301098,0,0.01566307805478573,0.017999999225139618,0.0,0.020563317462801933,0,7.097349270790421e-11,3.469446951953614e-18,10,11,8,12,1,1,1,0,0,0,0.008999999612569809,0.008999999612569809,0.008999999612569809,0,0.030225972644984722,-0.019944313913583755,0.010281658731400967,0.010281658731400967,1.142406574889307,3.358441549571819,0,0,-0.003965464957251407,-0.008099999606050552,1.6615384522538923,0.01708337133517468,0.008099999606050552,2.109058292103337,1,0,0,2,3,0,0,0.006000000052154064
5002,10,2,4,10,8ecd89bea2be65d8e1e32ae022edbc301168eed0ef60209a1f0151661c393132,63fdd9cd89c8e8cadd17ebf16365746a179b9b8bc9945cf9cf91696a889ae81d,0.01602349802851677,0.012000000104308128,0.0025106926914304495,0.0025106926914304495,0.0,0.01602349802851677,0.012000000104308128,1,3,0.9076921939849854,0.20944694064039504,13,1.661538353333106,0.0035046729704055965,0.0027844511721966535,0.004023497924208641,0.0025106926914304495,0.004023497924208641,0.0025106926914304495,0.0048653557896614075,0.012285936623811722,0.0048653557896614075,0,0.01602349802851677,0.012000000104308128,0.0,0.014196187257766724,0,2.706717082238963e-09,0.0,10,11,8,11,1,1,1,0,1,0,0.006000000052154064,0.006000000052154064,0.006000000052154064,0,0.022801690734922886,-0.015703597106039524,0.007098093628883362,0.007098093628883362,1.183015594530715,3.800281756120458,0,0,0.0025106899847133672,0.0,1.6615384505345263,0.011793755489883853,0.0,inf,0,0,0,3,2,0,0,0.011999999172985554
5002,10,2,5,10,8ecd89bea2be65d8e1e32ae022edbc301168eed0ef60209a1f0151661c393132,63fdd9cd89c8e8cadd17ebf16365746a179b9b8bc9945cf9cf91696a889ae81d,0.01344790868461132,0.0,0.0016627935692667961,0.0016627935692667961,1.734723475976807e-18,0.01344790868461132,0.0,0,1,0.9076921939849854,0.20944694064039504,13,1.661538353333106,0.0036301165682119697,0.002858785901372955,0.01344790868461132,0.0016627935692667944,0.01344790868461132,0.0016627935692667944,0.014320937916636467,0.009059649892151356,0.014320937916636467,0,0.01344790868461132,0.0,0.0,0.01344790868461132,0,1.1715834483116971e-09,3.469446951953614e-18,0,0,8,9,13,13,0,1,1,1,0.0,0.0,0.0,1,0.02680635917931795,-0.02008240483701229,0.00672395434230566,0.00672395434230566,inf,inf,0,0,0.0016627923976833478,-1.734723475976807e-18,1.6615384505345263,0.011172108679379447,1.734723475976807e-18,inf,0,0,0,5,4,0,0,0.023999999277293682
5002,11,0,1,11,03ae5feb850ab6e376e30882c71c4ee3051397b95379be3f03ad79e67447f747,63fdd9cd89c8e8cadd17ebf16365746a179b9b8bc9945cf9cf91696a889ae81d,0.021835867315530777,0.0,-0.009691805578768253,-0.009691805578768253,-1.3877787807814457e-17,0.021835867315530777,0.0,0,1,0.9076921939849854,0.20944694064039504,13,1.661538353333106,0.0056695742981192725,0.004315758862438992,0.021835867315530777,-0.00969180557876824,0.021835867315530777,0.00969180557876824,0.01487291045486927,0.019959157332777977,0.01487291045486927,0,0.021835867315530777,0.0,0.0,0.021835867315530777,0,4.33452183520866e-09,2.0816681711721685e-17,0,0,8,0,13,13,0,1,1,1,0.0,0.0,0.0,1,0.1552083045244217,-0.1442903708666563,0.010917933657765388,0.010917933657765388,inf,inf,0,0,-0.009691809913290089,6.938893903907228e-18,1.6615384505345263,0.018140566572762258,6.938893903907228e-18,inf,0,0,0,2,3,0,0,0.01199999451637268
5002,11,0,2,11,03ae5feb850ab6e376e30882c71c4ee3051397b95379be3f03ad79e67447f747,63fdd9cd89c8e8cadd17ebf16365746a179b9b8bc9945cf9cf91696a889ae81d,0.020486056804656982,0.0,0.0015198277542367578,0.0015198277542367578,0.0,0.020486056804656982,0.0,0,1,0.007692307233810425,0.20944694064039504,13,1.6615383533331063,0.005304818171901771,0.004391274729071285,0.020486056804656982,0.0015198277542367578,0.020486056804656982,0.0015198277542367578,0.01200447604060173,0.013007380068302155,0.01200447604060173,0,0.020486056804656982,0.0,0.0,0.020486056804656982,0,3.801622884547218e-09,6.938893903907228e-18,0,0,8,12,13,13,0,1,1,1,0.0,0.0,0.0,1,0.1540272906422615,-0.14378426223993301,0.010243028402328491,0.010243028402328491,inf,inf,0,0,0.0015198239526138732,-6.938893903907228e-18,1.661538450534526,0.017019185540386023,6.938893903907228e-18,inf,0,0,0,3,4,0,0,0.01199999451637268
5002,11,0,3,11,03ae5feb850ab6e376e30882c71c4ee3051397b95379be3f03ad79e67447f747,63fdd9cd89c8e8cadd17ebf16365746a179b9b8bc9945cf9cf91696a889ae81d,0.025421451777219772,0.0,-0.0012681316584348679,-0.0012681316584348679,0.0,0.025421451777219772,0.0,0,1,0.007692308165132999,0.2094469155167731,13,1.661538461366525,0.006013596031030944,0.004500093236124727,0.025421451777219772,-0.0012681316584348679,0.025421451777219772,0.0012681316584348679,0.01701015792787075,0.015120775438845158,0.01701015792787075,0,0.025421451777219772,0.0,0.0,0.025421451777219772,0,2.8298655779801507e-09,1.3877787807814457e-17,0,0,8,12,13,13,0,1,1,1,0.0,0.0,0.0,1,0.15434245020151138,-0.1416317243129015,0.012710725888609886,0.012710725888609886,inf,inf,0,0,-0.0012681344883004458,-1.3877787807814457e-17,1.6615384522538923,0.02111935981998435,1.3877787807814457e-17,inf,0,0,0,4,1,0,1,0.01199999451637268
5002,11,0,4,11,03ae5feb850ab6e376e30882c71c4ee3051397b95379be3f03ad79e67447f747,63fdd9cd89c8e8cadd17ebf16365746a179b9b8bc9945cf9cf91696a889ae81d,0.020443450659513474,0.0,-0.0032849975395947695,-0.0032849975395947695,-1.3877787807814457e-17,0.020443450659513474,0.0,0,1,0.9076921939849854,0.20944694064039504,13,1.661538353333106,0.006404235739701629,0.00575146590464214,0.020443450659513474,-0.0032849975395947556,0.020443450659513474,0.0032849975395947556,0.012331502512097359,0.012446756474673748,0.012331502512097359,0,0.020443450659513474,0.0,0.0,0.020443450659513474,0,3.886217091186861e-09,1.3877787807814457e-17,0,0,8,12,13,13,0,1,1,1,0.0,0.0,0.0,1,0.15398317575454712,-0.14376145042479038,0.010221725329756737,0.010221725329756737,inf,inf,0,0,-0.0032850014258118607,0.0,1.6615384505345263,0.01698378966619353,0.0,inf,0,0,0,5,5,0,0,0.01199999451637268
5002,11,0,5,11,03ae5feb850ab6e376e30882c71c4ee3051397b95379be3f03ad79e67447f747,63fdd9cd89c8e8cadd17ebf16365746a179b9b8bc9945cf9cf91696a889ae81d,0.022993605583906174,0.01199999451637268,-0.009257017634809017,-0.009257017634809017,0.0,0.022993605583906174,0.01199999451637268,1,3,0.007692307233810425,0.20944694064039504,13,1.661538353333106,0.005347797148992398,0.00423192951453508,0.010993611067533493,-0.009257017634809017,0.010993611067533493,0.009257017634809017,0.01358991302549839,0.019432591274380684,0.01358991302549839,0,0.022993605583906174,0.01199999451637268,0.0,0.021529559046030045,0,6.200046455406838e-09,6.938893903907228e-18,10,11,8,11,1,1,1,0,1,0,0.00599999725818634,0.00599999725818634,0.00599999725818634,0,0.15145836025476456,-0.14069358073174953,0.010764779523015022,0.010764779523015022,1.7941307403645324,25.243071577760503,0,0,-0.009257023834855473,6.938893903907228e-18,1.6615384505345263,0.017886095089016178,6.938893903907228e-18,inf,0,0,0,1,2,1,0,0.01199999451637268
5002,11,1,0,11,03ae5feb850ab6e376e30882c71c4ee3051397b95379be3f03ad79e67447f747,63fdd9cd89c8e8cadd17ebf16365746a179b9b8bc9945cf9cf91696a889ae81d,0.012291425839066505,0.0,-3.713183104991913e-05,-3.713183104991913e-05,0.0,0.012291425839066505,0.0,0,1,0.9076921939849854,0.20944694064039504,13,1.661538353333106,0.003435868350234655,0.002579863159779525,0.012291425839066505,-3.713183104991913e-05,0.012291425839066505,3.713183104991913e-05,0.006783459801226854,0.0066193933598697186,0.006783459801226854,0,0.01229142548982054,0.0,3.4924596548080444e-10,0.01229142548982054,0,2.1736118547416305e-10,6.505213034913027e-19,0,0,2,4,13,13,0,1,1,1,0.0,0.0,0.0,1,0.010459120152518153,-0.004313407407607883,0.00614571274491027,0.00614571274491027,inf,inf,0,0,-3.71320484111046e-05,6.505213034913027e-19,1.6615384505345263,0.010211338031608501,6.505213034913027e-19,inf,0,0,0,4,5,0,0,0.017999999225139618
5002,11,1,2,11,03ae5feb850ab6e376e30882c71c4ee3051397b95379be3f03ad79e67447f747,63fdd9cd89c8e8cadd17ebf16365746a179b9b8bc9945cf9cf91696a889ae81d,0.01962999813258648,0.017999999225139618,0.0006888873758725822,0.0006888873758725822,-0.0012461538809709818,0.01962999813258648,0.017999999225139618,1,4,0.007692307233810425,0.20944694064039504,13,1.6615383533331063,0.0038699484012572677,0.003319574225164906,0.0016299989074468613,0.001935041256843564,0.0016299989074468613,0.001935041256843564,0.011167970485985279,0.008662475273013115,0.011167970485985279,0,0.01962999813258648,0.017999999225139618,0.0,0.013292932650074363,0,4.5500006366772094e-10,6.505213034913027e-19,10,11,2,11,1,1,1,0,1,0,0.008999999845400453,0.007499999366700649,0.007499999366700649,0,0.010939700063318014,-0.004293233738280833,0.006646466325037181,0.006646466325037181,0.886195584835236,1.458626798275389,0,0,0.0006888869208725185,-0.0012461538809709811,1.661538450534526,0.011043359359232185,0.0012461538809709811,8.861954793759013,0,0,0,1,1,1,1,0.0
5002,11,1,3,11,03ae5feb850ab6e376e30882c71c4ee3051397b95379be3f03ad79e67447f747,63fdd9cd89c8e8cadd17ebf16365746a179b9b8bc9945cf9cf91696a889ae81d,0.015596477314829826,0.017999999225139618,-0.005569580942392349,-0.005569580942392349,-0.008099999428741065,0.015596477314829826,0.017999999225139618,1,3,0.007692308165132999,0.2094469155167731,13,1.661538461366525,0.004108016559799238,0.0032839620259959676,0.0024035219103097916,0.002530418486348716,0.0024035219103097916,0.002530418486348716,0.005768311209976673,0.007661431096494198,0.005768311209976673,0,0.015596477780491114,0.017999999225139618,4.656612873077393e-10,0.015596477780491114,0,2.715573755446288e-10,1.734723475976807e-18,10,11,2,7,1,1,1,0,0,0,0.008999999845400453,0.008999999379739165,0.008999999379739165,0,0.012098174309358,-0.004299935419112444,0.007798238890245557,0.007798238890245557,0.8664710475204014,1.344241682570941,0,0,-0.005569581213949725,-0.008099999428741064,1.6615384522538923,0.012957073776004713,0.008099999428741064,1.5996388505941608,1,0,0,2,3,0,0,0.0
5002,11,1,4,11,03ae5feb850ab6e376e30882c71c4ee3051397b95379be3f03ad79e67447f747,63fdd9cd89c8e8cadd17ebf16365746a179b9b8bc9945cf9cf91696a889ae81d,0.01529973279684782,0.011999999871477485,0.0010770387016236782,0.0010770387016236782,-1.6119044033563457e-11,0.01529973279684782,0.011999999871477485,1,3,0.9076921939849854,0.20944694064039504,13,1.661538353333106,0.0028233090794210426,0.002282513220127694,0.0032997329253703356,0.0010770387177427222,0.0032997329253703356,0.0010770387177427222,0.0075396462343633175,0.008274891413748264,0.0075396462343633175,0,0.015299732564017177,0.011999999871477485,2.3283064365386963e-10,0.010625151684507728,0,3.707069486449943e-10,4.336808689942018e-19,10,11,2,11,1,1,1,0,1,0,0.006000000052154064,0.0059999998193234205,0.0059999998193234205,0,0.009284558473154902,-0.003971982630901039,0.005312575842253864,0.005312575842253864,0.8854293337050345,1.5474264587897704,0,0,0.0010770383309167296,-1.6119044467244326e-11,1.6615384505345263,0.008827049033285642,1.6119044467244326e-11,547616147.54666,0,0,0,3,4,0,0,0.005999999353662133
5002,11,1,5,11,03ae5feb850ab6e376e30882c71c4ee3051397b95379be3f03ad79e67447f747,63fdd9cd89c8e8cadd17ebf16365746a179b9b8bc9945cf9cf91696a889ae81d,0.016718421131372452,0.0,0.0020901814568787813,0.0020901814568787813,8.673617379884035e-19,0.016718421131372452,0.0,0,1,0.007692307233810425,0.20944694064039504,13,1.661538353333106,0.004273841744014644,0.003493442263498285,0.016718421131372452,0.0020901814568787805,0.016718421131372452,0.0020901814568787805,0.00630942964926362,0.0069826762191951275,0.00630942964926362,0,0.016718420898541808,0.0,2.3283064365386963e-10,0.016718420898541808,0,6.389034509779457e-10,2.168404344971009e-19,0,0,2,7,13,13,0,1,1,1,0.0,0.0,0.0,1,0.015189016005024314,-0.00682980555575341,0.008359210449270904,0.008359210449270904,inf,inf,0,0,0.0020901808179753303,6.505213034913027e-19,1.6615384505345263,0.0138891495775736,6.505213034913027e-19,inf,0,0,0,5,2,0,0,0.017999999225139618
5002,11,2,0,11,03ae5feb850ab6e376e30882c71c4ee3051397b95379be3f03ad79e67447f747,63fdd9cd89c8e8cadd17ebf16365746a179b9b8bc9945cf9cf91696a889ae81d,0.010899772867560387,0.0,0.002023848006501794,0.002023848006501794,2.168404344971009e-19,0.010899772867560387,0.0,0,1,0.9076921939849854,0.20944694064039504,13,1.661538353333106,0.003665686335478183,0.0031341324565855007,0.010899772867560387,0.002023848006501794,0.010899772867560387,0.002023848006501794,0.005465817637741566,0.009944027289748192,0.005465817637741566,0,0.01089977310039103,0.0,2.3283064365386963e-10,0.01089977310039103,0,6.510011757096534e-10,2.168404344971009e-19,0,0,8,12,13,13,0,1,1,1,0.0,0.0,0.0,1,0.015348326181992888,-0.009898439631797373,0.005449886550195515,0.005449886550195515,inf,inf,0,0,0.002023847355500618,0.0,1.6615384505345263,0.009055196054200812,0.0,inf,0,0,0,4,5,0,0,0.024000000208616257
5002,11,2,1,11,03ae5feb850ab6e376e30882c71c4ee3051397b95379be3f03ad79e67447f747,63fdd9cd89c8e8cadd17ebf16365746a179b9b8bc9945cf9cf91696a889ae81d,0.014625508338212967,0.024000000208616257,0.0031787387561053038,0.0031787387561053038,-3.223808893448865e-11,0.014625508338212967,0.024000000208616257,1,3,0.9076921939849854,0.20944694064039504,13,1.661538353333106,0.005451175131138563,0.004240916612056585,0.00937449187040329,0.0031787387883433927,0.00937449187040329,0.0031787387883433927,0.013863709755241871,0.005034903530031443,0.013863709755241871,0,0.014625508803874254,0.024000000208616257,4.656612873077393e-10,0.02159751602448523,0,5.287865588107787e-10,5.421010862427522e-20,10,11,2,11,1,1,1,0,1,0,0.012000000337138772,0.011999999871477485,0.011999999871477485,0,0.017491694074124098,-0.006692936061881483,0.010798758012242615,0.010798758012242615,0.8998965106582982,1.4576411884553175,0,0,0.0031787392848918626,-3.223808898869876e-11,1.6615384505345263,0.017942551655358897,3.223808898869876e-11,556563748.6033604,0,0,0,1,2,1,0,0.006000000983476639
5002,11,2,3,11,03ae5feb850ab6e376e30882c71c4ee3051397b95379be3f03ad79e67447f747,63fdd9cd89c8e8cadd17ebf16365746a179b9b8bc9945cf9cf91696a889ae81d,0.014916405081748962,0.017999999225139618,-0.003404543036594987,-0.003404543036594987,-0.008099999428741065,0.014916405081748962,0.017999999225139618,1,3,0.007692308165132999,0.2094469155167731,13,1.661538461366525,0.005105777114472639,0.004205629013247303,0.0030835941433906555,0.004695456392146078,0.0030835941433906555,0.004695456392146078,0.009094646200537682,0.009087801910936832,0.009094646200537682,0,0.01491640554741025,0.017999999225139618,4.656612873077393e-10,0.019018700579181314,0,4.2604036010890356e-10,1.734723475976807e-18,10,11,8,12,1,1,1,0,0,0,0.008999999845400453,0.008999999379739165,0.008999999379739165,0,0.018178727012127638,-0.008669376722536981,0.009509350289590657,0.009509350289590657,1.0565945494394304,2.019858696107431,0,0,-0.003404543462635347,-0.008099999428741064,1.6615384522538923,0.015800151162106563,0.008099999428741064,1.9506360835092416,1,0,0,2,1,0,1,0.006000000983476639
5002,11,2,4,11,03ae5feb850ab6e376e30882c71c4ee3051397b95379be3f03ad79e67447f747,63fdd9cd89c8e8cadd17ebf16365746a179b9b8bc9945cf9cf91696a889ae81d,0.012450983747839928,0.012000000104308128,0.0015861414140090346,0.0015861414140090346,-3.2238088717648217e-11,0.012450983747839928,0.012000000104308128,1,3,0.9076921939849854,0.20944694064039504,13,1.661538353333106,0.003715868444735298,0.002866335992960358,0.0004509836435317993,0.0015861414462471234,0.0004509836435317993,0.0015861414462471234,0.006173260975629091,0.0034670433960855007,0.006173260975629091,0,0.012450983747839928,0.012000000104308128,0.0,0.012450983747839928,0,7.466076316214876e-10,2.710505431213761e-19,10,11,8,4,1,1,1,0,0,0,0.006000000284984708,0.0059999998193234205,0.0059999998193234205,0,0.016534674679860473,-0.010309182805940509,0.006225491873919964,0.006225491873919964,1.037582010231122,2.7557791962942053,0,0,0.001586140667401403,-3.223808898869876e-11,1.6615384505345263,0.010343894122008262,3.223808898869876e-11,320859407.19483626,0,0,0,3,3,0,0,0.012000000104308128
5002,11,2,5,11,03ae5feb850ab6e376e30882c71c4ee3051397b95379be3f03ad79e67447f747,63fdd9cd89c8e8cadd17ebf16365746a179b9b8bc9945cf9cf91696a889ae81d,0.01152587216347456,0.0,0.003661247668787837,0.003661247668787837,2.168404344971009e-19,0.01152587216347456,0.0,0,1,0.007692307233810425,0.20944694064039504,13,1.661538353333106,0.0037511900242395346,0.0034657198758024344,0.01152587216347456,0.003661247668787837,0.01152587216347456,0.003661247668787837,0.0133865587413311,0.005900205112993717,0.0133865587413311,0,0.011525871843332425,0.0,3.2014213502407074e-10,0.011525871843332425,0,1.5459300593129166e-09,2.168404344971009e-19,0,0,8,9,13,13,0,1,1,1,0.0,0.0,0.0,1,0.013318739598616958,-0.007555803676950745,0.005762935921666212,0.005762935921666212,inf,inf,0,0,0.0036612461228577777,0.0,1.6615384505345263,0.00957533962181504,0.0,inf,0,0,0,5,4,0,0,0.024000000208616257
5002,12,0,1,12,81ee8b16e42c9c6d20de44dba6b6a9982e41401aa9894cb930a4ca3369c6a946,63fdd9cd89c8e8cadd17ebf16365746a179b9b8bc9945cf9cf91696a889ae81d,0.020054325461387634,0.0,-0.008819037117064,-0.008819037117064,-1.3877787807814457e-17,0.020054325461387634,0.0,0,1,0.9076921939849854,0.20944694064039504,13,1.661538353333106,0.005387362585008531,0.004205682088990184,0.020054325461387634,-0.008819037117063985,0.020054325461387634,0.008819037117063985,0.014114079996943474,0.01788950152695179,0.014114079996943474,0,0.020054325461387634,0.0,0.0,0.020054325461387634,0,1.087388796713884e-08,2.0816681711721685e-17,0,0,8,0,13,13,0,1,1,1,0.0,0.0,0.0,1,0.15333502739667892,-0.1433078646659851,0.010027162730693817,0.010027162730693817,inf,inf,0,0,-0.008819047990951966,6.938893903907228e-18,1.6615384505345263,0.016660516426814556,6.938893903907228e-18,inf,0,0,0,2,5,0,0,0.01199999451637268
5002,12,0,2,12,81ee8b16e42c9c6d20de44dba6b6a9982e41401aa9894cb930a4ca3369c6a946,63fdd9cd89c8e8cadd17ebf16365746a179b9b8bc9945cf9cf91696a889ae81d,0.02028617635369301,0.0,0.001688087359070778,0.001688087359070778,0.0,0.02028617635369301,0.0,0,1,0.9076921939849854,0.20944694064039504,13,1.6615383533331063,0.005233113790484538,0.004350124158450133,0.02028617635369301,0.001688087359070778,0.02028617635369301,0.001688087359070778,0.011998499743640423,0.011264154687523842,0.011998499743640423,0,0.02028617635369301,0.0,0.0,0.02028617635369301,0,3.2779727751619525e-09,6.938893903907228e-18,0,0,8,12,13,13,0,1,1,1,0.0,0.0,0.0,1,0.153020441532135,-0.1428773533552885,0.010143088176846504,0.010143088176846504,inf,inf,0,0,0.0016880840810980027,-6.938893903907228e-18,1.661538450534526,0.01685313101299261,6.938893903907228e-18,inf,0,0,0,3,4,0,0,0.01199999451637268
5002,12,0,3,12,81ee8b16e42c9c6d20de44dba6b6a9982e41401aa9894cb930a4ca3369c6a946,63fdd9cd89c8e8cadd17ebf16365746a179b9b8bc9945cf9cf91696a889ae81d,0.025916166603565216,0.0,-0.00031284490250982344,-0.00031284490250982344,0.0,0.025916166603565216,0.0,0,1,0.9076923131942749,0.2094469155167731,13,1.661538461366525,0.0060207520250749125,0.004365704424635193,0.025916166603565216,-0.00031284490250982344,0.025916166603565216,0.00031284490250982344,0.016175448894500732,0.013626511208713055,0.016175448894500732,0,0.025916166603565216,0.0,0.0,0.025916166603565216,0,1.5872352945867085e-09,1.3877787807814457e-17,0,0,8,12,13,13,0,1,1,1,0.0,0.0,0.0,1,0.15399181842803955,-0.14103373512625694,0.012958083301782608,0.012958083301782608,inf,inf,0,0,-0.00031284331527452885,-1.3877787807814457e-17,1.6615384522538923,0.02153035367342088,1.3877787807814457e-17,inf,0,0,0,4,1,0,1,0.01199999451637268
5002,12,0,4,12,81ee8b16e42c9c6d20de44dba6b6a9982e41401aa9894cb930a4ca3369c6a946,63fdd9cd89c8e8cadd17ebf16365746a179b9b8bc9945cf9cf91696a889ae81d,0.02073642984032631,0.0,-0.004087294917553663,-0.004087294917553663,-1.3877787807814457e-17,0.02073642984032631,0.0,0,1,0.9076921939849854,0.20944694064039504,13,1.661538353333106,0.006411321027781494,0.0056375783135199685,0.02073642984032631,-0.004087294917553649,0.02073642984032631,0.004087294917553649,0.012260555289685726,0.012052449397742748,0.012260555289685726,0,0.02073642984032631,0.0,0.0,0.02073642984032631,0,5.2528134793228265e-09,1.3877787807814457e-17,0,0,8,12,13,13,0,1,1,1,0.0,0.0,0.0,1,0.1541070193052292,-0.14373880438506603,0.010368214920163155,0.010368214920163155,inf,inf,0,0,-0.004087300170367143,0.0,1.6615384505345263,0.017227187753256844,0.0,inf,0,0,0,5,3,0,0,0.01199999451637268
5002,12,0,5,12,81ee8b16e42c9c6d20de44dba6b6a9982e41401aa9894cb930a4ca3369c6a946,63fdd9cd89c8e8cadd17ebf16365746a179b9b8bc9945cf9cf91696a889ae81d,0.02162354066967964,0.01199999451637268,-0.00864961463958025,-0.00864961463958025,0.0,0.02162354066967964,0.01199999451637268,1,3,0.007692307233810425,0.20944694064039504,13,1.661538353333106,0.005072714475772391,0.004027375940387771,0.009623546153306961,-0.00864961463958025,0.009623546153306961,0.00864961463958025,0.01297583244740963,0.017114989459514618,0.01297583244740963,0,0.02162354066967964,0.01199999451637268,0.0,0.019877973943948746,0,1.3038796049802404e-09,6.938893903907228e-18,10,11,8,11,1,1,1,0,1,0,0.00599999725818634,0.00599999725818634,0.00599999725818634,0,0.14944245666265488,-0.1395034696906805,0.009938986971974373,0.009938986971974373,1.6564985856308037,24.907087492207932,0,0,-0.008649615943459855,6.938893903907228e-18,1.6615384505345263,0.016514009013297144,6.938893903907228e-18,inf,0,0,0,1,2,1,0,0.01199999451637268
5002,12,1,0,12,81ee8b16e42c9c6d20de44dba6b6a9982e41401aa9894cb930a4ca3369c6a946,63fdd9cd89c8e8cadd17ebf16365746a179b9b8bc9945cf9cf91696a889ae81d,0.013629557564854622,0.0,-1.9558085114113055e-05,-1.9558085114113055e-05,0.0,0.013629557564854622,0.0,0,1,0.9076921939849854,0.20944694064039504,13,1.661538353333106,0.0038728214722162,0.0030847911849706125,0.013629557564854622,-1.9558085114113055e-05,0.013629557564854622,1.9558085114113055e-05,0.007101287133991718,0.004677547607570887,0.007101287133991718,0,0.01362955803051591,0.0,4.656612873077393e-10,0.01362955803051591,0,4.0880727275594e-10,2.6020852139652106e-18,0,0,2,11,13,13,0,1,1,1,0.0,0.0,0.0,1,0.0072811925783753395,-0.0004664135631173849,0.006814779015257955,0.006814779015257955,inf,inf,0,0,-1.955849392138581e-05,2.6020852139652106e-18,1.6615384505345263,0.011323017365746906,2.6020852139652106e-18,inf,0,0,0,4,5,0,0,0.017999999225139618
5002,12,1,2,12,81ee8b16e42c9c6d20de44dba6b6a9982e41401aa9894cb930a4ca3369c6a946,63fdd9cd89c8e8cadd17ebf16365746a179b9b8bc9945cf9cf91696a889ae81d,0.02154598757624626,0.017999998992308974,-0.0001764148473739624,-0.0001764148473739624,-0.0012461540260423811,0.02154598757624626,0.017999998992308974,1,4,0.9076921939849854,0.20944694064039504,13,1.6615383533331063,0.004132567326608119,0.0034377502343622894,0.0035459885839372873,0.0010697391786684187,0.0035459885839372873,0.0010697391786684187,0.010004320181906223,0.006692429073154926,0.010004320181906223,0,0.02154598757624626,0.017999998992308974,0.0,0.015367431566119194,0,4.215088165657188e-10,0.0,10,11,2,11,1,1,1,0,1,0,0.008999999379739165,0.007499999366700649,0.007499999366700649,0,0.011525599285960197,-0.0038418835029006004,0.007683715783059597,0.007683715783059597,1.024495524249593,1.536746701224118,0,0,-0.00017641526888277897,-0.0012461540260423811,1.661538450534526,0.012766789216532525,0.0012461540260423811,10.244952830653,1,0,0,2,1,0,1,2.3283064365386963e-10
5002,12,1,3,12,81ee8b16e42c9c6d20de44dba6b6a9982e41401aa9894cb930a4ca3369c6a946,63fdd9cd89c8e8cadd17ebf16365746a179b9b8bc9945cf9cf91696a889ae81d,0.01571389101445675,0.017999999225139618,-0.00694826478138566,-0.00694826478138566,-0.008099999606050554,0.01571389101445675,0.017999999225139618,1,3,0.9076923131942749,0.2094469155167731,13,1.661538461366525,0.004059149871994859,0.00313469250934452,0.002286108210682869,0.0011517348246648934,0.002286108210682869,0.0011517348246648934,0.004774357657879591,0.006992276757955551,0.004774357657879591,0,0.015713890665210783,0.017999999225139618,3.4924596548080444e-10,0.015713890665210783,0,7.016904418621905e-11,1.734723475976807e-18,10,11,2,7,1,1,1,0,0,0,0.008999999612569809,0.008999999612569809,0.008999999612569809,0,0.012530702166259289,-0.004673756833653897,0.007856945332605392,0.007856945332605392,0.8729939634255122,1.39230030063094,0,0,-0.006948264711216616,-0.008099999606050552,1.6615384522538923,0.013054616787380605,0.008099999606050552,1.6116811632471,1,0,0,1,4,1,0,2.3283064365386963e-10
5002,12,1,4,12,81ee8b16e42c9c6d20de44dba6b6a9982e41401aa9894cb930a4ca3369c6a946,63fdd9cd89c8e8cadd17ebf16365746a179b9b8bc9945cf9cf91696a889ae81d,0.01869930513203144,0.012000000104308128,0.0005861797253601253,0.0005861797253601253,0.0,0.01869930513203144,0.012000000104308128,1,3,0.9076921939849854,0.20944694064039504,13,1.661538353333106,0.00311364939840938,0.002407493764126795,0.006699305027723312,0.0005861797253601253,0.006699305027723312,0.0005861797253601253,0.0071282293647527695,0.004954157397150993,0.0071282293647527695,0,0.01869930513203144,0.012000000104308128,0.0,0.012699305079877377,0,8.089388360554839e-10,8.673617379884035e-19,10,11,2,11,1,1,1,0,1,0,0.006000000052154064,0.006000000052154064,0.006000000052154064,0,0.006515782326459885,-0.00016612978652119637,0.006349652539938688,0.006349652539938688,1.0582754141242208,1.0859637116370773,0,0,0.0005861789164212892,8.673617379884035e-19,1.6615384505345263,0.010550191842642347,8.673617379884035e-19,inf,0,0,0,3,2,0,0,0.0059999991208314896
5002,12,1,5,12,81ee8b16e42c9c6d20de44dba6b6a9982e41401aa9894cb930a4ca3369c6a946,63fdd9cd89c8e8cadd17ebf16365746a179b9b8bc9945cf9cf91696a889ae81d,0.016289515420794487,0.0,-0.0005515448865480721,-0.0005515448865480721,3.469446951953614e-18,0.016289515420794487,0.0,0,1,0.007692307233810425,0.20944694064039504,13,1.661538353333106,0.004416532759202294,0.0037677189136838775,0.016289515420794487,-0.0005515448865480756,0.016289515420794487,0.0005515448865480756,0.007070183288305998,0.005713800899684429,0.007070183288305998,0,0.0162895149551332,0.0,4.656612873077393e-10,0.0162895149551332,0,2.194688337314732e-10,8.673617379884035e-19,0,0,2,7,13,13,0,1,1,1,0.0,0.0,0.0,1,0.009241131134331226,-0.0010963736567646265,0.0081447574775666,0.0081447574775666,inf,inf,0,0,-0.0005515446670792384,2.6020852139652106e-18,1.6615384505345263,0.013532827719255505,2.6020852139652106e-18,inf,0,0,0,5,3,0,0,0.017999999225139618
5002,12,2,0,12,81ee8b16e42c9c6d20de44dba6b6a9982e41401aa9894cb930a4ca3369c6a946,63fdd9cd89c8e8cadd17ebf16365746a179b9b8bc9945cf9cf91696a889ae81d,0.014191225171089172,0.0,-0.000645659223664552,-0.000645659223664552,0.0,0.014191225171089172,0.0,0,1,0.9076921939849854,0.20944694064039504,13,1.661538353333106,0.004267007345854481,0.0036243729537198616,0.014191225171089172,-0.000645659223664552,0.014191225171089172,0.000645659223664552,0.006768922787159681,0.011941393837332726,0.006768922787159681,0,0.01419122563675046,0.0,4.656612873077393e-10,0.01419122563675046,0,3.280001754143308e-10,3.469446951953614e-18,0,0,5,12,13,13,0,1,1,1,0.0,0.0,0.0,1,0.04762298287823796,-0.04052737005986273,0.00709561281837523,0.00709561281837523,inf,inf,0,0,-0.0006456588956643766,3.469446951953614e-18,1.6615384505345263,0.011789633527836102,3.469446951953614e-18,inf,0,0,0,4,5,0,0,0.024000002071261406
5002,12,2,1,12,81ee8b16e42c9c6d20de44dba6b6a9982e41401aa9894cb930a4ca3369c6a946,63fdd9cd89c8e8cadd17ebf16365746a179b9b8bc9945cf9cf91696a889ae81d,0.01888003572821617,0.024000002071261406,0.004722861107438803,0.004722861107438803,-1.289523557379546e-10,0.01888003572821617,0.024000002071261406,1,3,0.9076921939849854,0.20944694064039504,13,1.661538353333106,0.006301045103806315,0.004929242097667953,0.005119966343045235,0.0047228612363911585,0.005119966343045235,0.0047228612363911585,0.01235716138035059,0.008902490139007568,0.01235716138035059,0,0.018880035262554884,0.024000002071261406,4.656612873077393e-10,0.023844673647545278,0,4.2529936343516095e-10,3.469446951953614e-18,10,11,2,12,1,1,1,0,0,0,0.012000001966953278,0.012000000104308128,0.012000000104308128,0,0.05152999085839838,-0.03960765403462574,0.011922336823772639,0.011922336823772639,0.9935280600116322,4.294165867540165,0,0,0.004722860682139439,-1.2895235920740156e-10,1.6615384505345263,0.019809421052921918,1.2895235920740156e-10,153618135.98975167,0,0,0,1,1,1,1,0.006000002846121788
5002,12,2,3,12,81ee8b16e42c9c6d20de44dba6b6a9982e41401aa9894cb930a4ca3369c6a946,63fdd9cd89c8e8cadd17ebf16365746a179b9b8bc9945cf9cf91696a889ae81d,0.018036415800452232,0.017999999225139618,-0.0019302061991766095,-0.0019302061991766095,-0.008099999606050554,0.018036415800452232,0.017999999225139618,1,3,0.9076923131942749,0.2094469155167731,13,1.661538461366525,0.006449718329838077,0.0053379391347603685,3.641657531261444e-05,0.006169793406873944,3.641657531261444e-05,0.006169793406873944,0.006759731099009514,0.013763438910245895,0.006759731099009514,0,0.01803641556762159,0.017999999225139618,2.3283064365386963e-10,0.020438513718545437,0,2.543625388443105e-10,6.938893903907228e-18,10,11,0,12,1,1,1,0,0,0,0.008999999612569809,0.008999999612569809,0.008999999612569809,0,0.05501768132671714,-0.04479842446744442,0.010219256859272718,0.010219256859272718,1.1354730332432503,6.113075966123036,0,0,-0.0019302059448140707,-0.00809999960605056,1.6615384522538923,0.016979688225140965,0.00809999960605056,2.096257907525999,1,0,0,2,2,0,0,0.006000002846121788
5002,12,2,4,12,81ee8b16e42c9c6d20de44dba6b6a9982e41401aa9894cb930a4ca3369c6a946,63fdd9cd89c8e8cadd17ebf16365746a179b9b8bc9945cf9cf91696a889ae81d,0.01551935262978077,0.012000001966953278,0.0009371128398925066,0.0009371128398925066,0.0,0.01551935262978077,0.012000001966953278,1,3,0.9076921939849854,0.20944694064039504,13,1.661538353333106,0.004834628251312221,0.003964024755729021,0.0035193506628274918,0.0009371128398925066,0.0035193506628274918,0.0009371128398925066,0.006036950740963221,0.007751935627311468,0.006036950740963221,0,0.015519352164119482,0.012000001966953278,4.656612873077393e-10,0.015519352164119482,0,3.3766669451859577e-10,3.469446951953614e-18,10,11,0,12,1,1,1,0,0,0,0.006000000983476639,0.006000000983476639,0.006000000983476639,0,0.048215802293270826,-0.040456126211211085,0.007759676082059741,0.007759676082059741,1.2932791350249875,8.035965731681044,0,0,0.0009371131775592011,3.469446951953614e-18,1.6615384505345263,0.012893000174035366,3.469446951953614e-18,inf,0,0,0,3,3,0,0,0.012000000104308128
5002,12,2,5,12,81ee8b16e42c9c6d20de44dba6b6a9982e41401aa9894cb930a4ca3369c6a946,63fdd9cd89c8e8cadd17ebf16365746a179b9b8bc9945cf9cf91696a889ae81d,0.014360763132572174,0.0,0.006283735390752554,0.006283735390752554,0.0,0.014360763132572174,0.0,0,1,0.007692307233810425,0.20944694064039504,13,1.661538353333106,0.004608189578608415,0.003938911198886365,0.014360763132572174,0.006283735390752554,0.014360763132572174,0.006283735390752554,0.012644205242395401,0.010761319659650326,0.012644205242395401,0,0.014360763132572174,0.0,0.0,0.014360763132572174,0,8.073208004888421e-10,0.0,0,0,0,12,13,13,0,1,1,1,0.0,0.0,0.0,1,0.04577185399830341,-0.038591472432017326,0.007180381566286087,0.007180381566286087,inf,inf,0,0,0.006283736198073354,0.0,1.6615384505345263,0.01193048006189366,0.0,inf,0,0,0,5,4,0,0,0.024000002071261406
5002,13,0,1,13,43c7f9ecfcce7e247e3c06ee199eb82c68c2f2d336c5f8c6bf2aee8020d73c4b,63fdd9cd89c8e8cadd17ebf16365746a179b9b8bc9945cf9cf91696a889ae81d,0.016903450712561607,0.0,-0.0003029322251677513,-0.0003029322251677513,0.0,0.016903450712561607,0.0,0,1,0.9076921939849854,0.20944694064039504,13,1.661538353333106,0.004959933894593536,0.0041518977632437485,0.016903450712561607,-0.0003029322251677513,0.016903450712561607,0.0003029322251677513,0.011542909778654575,0.0069543891586363316,0.011542909778654575,0,0.016903451352845877,0.0,6.402842700481415e-10,0.016903451352845877,0,1.185877784859457e-09,1.734723475976807e-18,0,0,2,12,13,13,0,1,1,1,0.0,0.0,0.0,1,0.03142917965305969,-0.022977453976636752,0.008451725676422939,0.008451725676422939,inf,inf,0,0,-0.00030293341104553617,-1.734723475976807e-18,1.6615384505345263,0.01404286718474664,1.734723475976807e-18,inf,0,0,0,2,4,0,0,0.012000001966953278
5002,13,0,2,13,43c7f9ecfcce7e247e3c06ee199eb82c68c2f2d336c5f8c6bf2aee8020d73c4b,63fdd9cd89c8e8cadd17ebf16365746a179b9b8bc9945cf9cf91696a889ae81d,0.020117659121751785,0.0,0.0026648237835615873,0.0026648237835615873,0.0,0.020117659121751785,0.0,0,1,0.9076921939849854,0.20944694064039504,13,1.6615383533331063,0.005188854890710436,0.004398233799357517,0.020117659121751785,0.0026648237835615873,0.020117659121751785,0.0026648237835615873,0.007954748347401619,0.007086331956088543,0.007954748347401619,0,0.02011765941279009,0.0,2.9103830456733704e-10,0.02011765941279009,0,9.40986961961432e-10,1.734723475976807e-18,0,0,2,12,13,13,0,1,1,1,0.0,0.0,0.0,1,0.031458828889299184,-0.02139999918290414,0.010058829706395045,0.010058829706395045,inf,inf,0,0,0.0026648247245485493,-1.734723475976807e-18,1.661538450534526,0.016713132324554285,1.734723475976807e-18,inf,0,0,0,3,3,0,0,0.012000001966953278
5002,13,0,3,13,43c7f9ecfcce7e247e3c06ee199eb82c68c2f2d336c5f8c6bf2aee8020d73c4b,63fdd9cd89c8e8cadd17ebf16365746a179b9b8bc9945cf9cf91696a889ae81d,0.026017289608716965,0.0,-0.0005827827844768763,-0.0005827827844768763,0.0,0.026017289608716965,0.0,0,1,0.9076923131942749,0.2094469155167731,13,1.661538461366525,0.006761324878941902,0.005396105170652227,0.026017289608716965,-0.0005827827844768763,0.026017289608716965,0.0005827827844768763,0.002455170964822173,0.004645694047212601,0.002455170964822173,0,0.02601728931767866,0.0,2.9103830456733704e-10,0.02601728931767866,0,1.9241073838383027e-10,6.938893903907228e-18,0,0,2,12,13,13,0,1,1,1,0.0,0.0,0.0,1,0.032712546817492694,-0.019703902158653364,0.01300864465883933,0.01300864465883933,inf,inf,0,0,-0.0005827829768876146,-6.938893903907228e-18,1.6615384522538923,0.021614363312368764,6.938893903907228e-18,inf,0,0,0,4,1,0,1,0.012000001966953278
5002,13,0,4,13,43c7f9ecfcce7e247e3c06ee199eb82c68c2f2d336c5f8c6bf2aee8020d73c4b,63fdd9cd89c8e8cadd17ebf16365746a179b9b8bc9945cf9cf91696a889ae81d,0.024376746267080307,0.0,-0.0025569505523890257,-0.0025569505523890257,0.0,0.024376746267080307,0.0,0,1,0.9076921939849854,0.20944694064039504,13,1.661538353333106,0.006069457189962843,0.004931778664915607,0.024376746267080307,-0.0025569505523890257,0.024376746267080307,0.0025569505523890257,0.006187888327986002,0.005484943278133869,0.006187888327986002,0,0.02437674708198756,0.0,8.149072527885437e-10,0.02437674708198756,0,1.9155699856193698e-10,1.734723475976807e-18,0,0,2,12,13,13,0,1,1,1,0.0,0.0,0.0,1,0.0331265990389511,-0.02093822549795732,0.01218837354099378,0.01218837354099378,inf,inf,0,0,-0.002556950360832027,-1.734723475976807e-18,1.6615384505345263,0.020251451287838822,1.734723475976807e-18,inf,0,0,0,5,2,0,0,0.012000001966953278
5002,13,0,5,13,43c7f9ecfcce7e247e3c06ee199eb82c68c2f2d336c5f8c6bf2aee8020d73c4b,63fdd9cd89c8e8cadd17ebf16365746a179b9b8bc9945cf9cf91696a889ae81d,0.016533832997083664,0.012000001966953278,-0.0009464660543017089,-0.0009464660543017089,0.0,0.016533832997083664,0.012000001966953278,1,3,0.9076921939849854,0.20944694064039504,13,1.661538353333106,0.005016802557139783,0.004250029763261947,0.004533831030130386,-0.0009464660543017089,0.004533831030130386,0.0009464660543017089,0.009706362150609493,0.004098629578948021,0.009706362150609493,0,0.01653383346274495,0.012000001966953278,4.656612873077393e-10,0.015303594060242176,0,2.2029328881900678e-10,1.734723475976807e-18,10,11,2,11,1,1,1,0,1,0,0.006000000983476639,0.006000000983476639,0.006000000983476639,0,0.02638699021190405,-0.01873519318178296,0.007651797030121088,0.007651797030121088,1.2752992959823373,4.397830981123336,0,0,-0.0009464658340084201,1.734723475976807e-18,1.6615384505345263,0.012713754981232082,1.734723475976807e-18,inf,0,0,0,1,5,1,0,0.012000001966953278
5002,13,1,0,13,43c7f9ecfcce7e247e3c06ee199eb82c68c2f2d336c5f8c6bf2aee8020d73c4b,63fdd9cd89c8e8cadd17ebf16365746a179b9b8bc9945cf9cf91696a889ae81d,0.014824713580310345,0.0,0.0006196551839821041,0.0006196551839821041,0.0,0.014824713580310345,0.0,0,1,0.9076921939849854,0.20944694064039504,13,1.661538353333106,0.004290193749577648,0.003445035433562021,0.014824713580310345,0.0006196551839821041,0.014824713580310345,0.0006196551839821041,0.0038573567289859056,0.0033106862101703882,0.0038573567289859056,0,0.014824713813140988,0.0,2.3283064365386963e-10,0.014824713813140988,0,1.0246097980476376e-10,0.0,0,0,10,4,13,13,0,1,1,1,0.0,0.0,0.0,1,0.010097847552970052,0.0026854906463995576,0.007412356906570494,0.007412356906570494,inf,inf,0,0,0.0006196552864430839,0.0,1.6615384505345263,0.012315916009352033,0.0,inf,0,0,0,4,4,0,0,0.017999999225139618
5002,13,1,2,13,43c7f9ecfcce7e247e3c06ee199eb82c68c2f2d336c5f8c6bf2aee8020d73c4b,63fdd9cd89c8e8cadd17ebf16365746a179b9b8bc9945cf9cf91696a889ae81d,0.023606017231941223,0.017999998293817043,0.0012670410796999931,0.0012670410796999931,0.0012461539776852486,0.023606017231941223,0.017999998293817043,1,4,0.9076921939849854,0.20944694064039504,13,1.6615383533331063,0.004751316227765017,0.004087960733288138,0.00560601893812418,2.0887102014744557e-05,0.00560601893812418,2.0887102014744557e-05,0.009330127388238907,0.00980435311794281,0.009330127388238907,0,0.023606018163263798,0.017999998293817043,9.313225746154785e-10,0.014622393064200878,0,2.2364014268944077e-09,8.673617379884035e-19,10,11,8,11,1,1,1,0,1,0,0.007499999366700649,0.008999998681247234,0.007499999366700649,0,0.01048607099801302,-0.0031748744659125805,0.007311196532100439,0.007311196532100439,0.9748262865943058,1.3981429177941362,0,0,0.0012670388432985662,0.0012461539776852477,1.661538450534526,0.012147834157499563,0.0012461539776852477,9.748260949312519,1,0,0,2,1,0,1,9.313225746154785e-10
5002,13,1,3,13,43c7f9ecfcce7e247e3c06ee199eb82c68c2f2d336c5f8c6bf2aee8020d73c4b,63fdd9cd89c8e8cadd17ebf16365746a179b9b8bc9945cf9cf91696a889ae81d,0.017139995470643044,0.017999999225139618,-0.007496235892176628,-0.007496235892176628,-0.008099999428741065,0.017139995470643044,0.017999999225139618,1,3,0.9076923131942749,0.2094469155167731,13,1.661538461366525,0.004346905689568906,0.003227150905326273,0.0008600037544965744,0.0006037635365644372,0.0008600037544965744,0.0006037635365644372,0.005608984734863043,0.008097050711512566,0.005608984734863043,0,0.0171399952378124,0.017999999225139618,2.3283064365386963e-10,0.0171399952378124,0,1.0309234759267594e-09,1.734723475976807e-18,10,11,8,7,1,1,1,0,0,0,0.008999999845400453,0.008999999379739165,0.008999999379739165,0,0.014606272568926215,-0.006036274950020015,0.0085699976189062,0.0085699976189062,0.9522220232813585,1.6229192861732762,0,0,-0.007496236923100104,-0.008099999428741064,1.6615384522538923,0.014239380579536949,0.008099999428741064,1.7579483436766234,1,0,0,1,3,1,0,9.313225746154785e-10
5002,13,1,4,13,43c7f9ecfcce7e247e3c06ee199eb82c68c2f2d336c5f8c6bf2aee8020d73c4b,63fdd9cd89c8e8cadd17ebf16365746a179b9b8bc9945cf9cf91696a889ae81d,0.019078921526670456,0.012000001035630703,0.0017933541676029563,0.0017933541676029563,6.447617613425383e-11,0.019078921526670456,0.012000001035630703,1,3,0.9076921939849854,0.20944694064039504,13,1.661538353333106,0.0030503200907278207,0.0023788008067382157,0.007078920491039753,0.0017933541031267802,0.007078920491039753,0.0017933541031267802,0.003813088173046708,0.007017109077423811,0.003813088173046708,0,0.019078921526670456,0.012000001035630703,0.0,0.010705982334911823,0,6.046995525837984e-10,1.734723475976807e-18,10,11,10,11,1,1,1,1,1,1,0.006000000052154064,0.006000000983476639,0.006000000052154064,0,0.006295446306467056,-0.0009424551390111446,0.005352991167455912,0.005352991167455912,0.8921651868209786,1.0492410419574787,0,0,0.0017933535629034037,6.44761778689773e-11,1.6615384505345263,0.008894200650099701,6.44761778689773e-11,137945531.8858028,1,0,0,3,2,0,0,0.005999998189508915
5002,13,1,5,13,43c7f9ecfcce7e247e3c06ee199eb82c68c2f2d336c5f8c6bf2aee8020d73c4b,63fdd9cd89c8e8cadd17ebf16365746a179b9b8bc9945cf9cf91696a889ae81d,0.014539123512804508,0.0,0.001284451805986464,0.001284451805986464,0.0,0.014539123512804508,0.0,0,1,0.9076921939849854,0.20944694064039504,13,1.661538353333106,0.004942274254237122,0.004448405714959082,0.014539123512804508,0.001284451805986464,0.014539123512804508,0.001284451805986464,0.005643063690513372,0.010568227618932724,0.005643063690513372,0,0.014539123512804508,0.0,0.0,0.014539123512804508,0,6.344641860500655e-10,0.0,0,0,2,7,13,13,0,1,1,1,0.0,0.0,0.0,1,0.010974738746881485,-0.003705176990479231,0.007269561756402254,0.007269561756402254,inf,inf,0,0,0.00128445244045065,0.0,1.6615384505345263,0.01207865637679765,0.0,inf,0,0,0,5,5,0,0,0.017999999225139618
5002,13,2,0,13,43c7f9ecfcce7e247e3c06ee199eb82c68c2f2d336c5f8c6bf2aee8020d73c4b,63fdd9cd89c8e8cadd17ebf16365746a179b9b8bc9945cf9cf91696a889ae81d,0.01595655083656311,0.0,0.0030124345794320107,0.0030124345794320107,0.0,0.01595655083656311,0.0,0,1,0.9076921939849854,0.20944694064039504,13,1.661538353333106,0.004563476318019776,0.003932343999794602,0.01595655083656311,0.0030124345794320107,0.01595655083656311,0.0030124345794320107,0.0039201769977808,0.014959306456148624,0.0039201769977808,0,0.015956549905240536,0.0,9.313225746154785e-10,0.015956549905240536,0,5.053129069690354e-10,0.0,0,0,0,12,13,13,0,1,1,1,0.0,0.0,0.0,1,0.04627332463860512,-0.03829504968598485,0.007978274952620268,0.007978274952620268,inf,inf,0,0,0.0030124340741191037,0.0,1.6615384505345263,0.013256210602715101,0.0,inf,0,0,0,4,3,0,0,0.023999998345971107
5002,13,2,1,13,43c7f9ecfcce7e247e3c06ee199eb82c68c2f2d336c5f8c6bf2aee8020d73c4b,63fdd9cd89c8e8cadd17ebf16365746a179b9b8bc9945cf9cf91696a889ae81d,0.014683540910482407,0.023999998345971107,0.006129737943410873,0.006129737943410873,1.289523487990607e-10,0.014683540910482407,0.023999998345971107,1,3,0.9076921939849854,0.20944694064039504,13,1.661538353333106,0.0053238380062425065,0.00419393455411291,0.0093164574354887,0.006129737814458525,0.0093164574354887,0.006129737814458525,0.010587727651000023,0.008547427132725716,0.010587727651000023,0,0.014683540910482407,0.023999998345971107,0.0,0.018728000111877918,0,4.686458348127087e-10,3.469446951953614e-18,10,11,8,11,1,1,1,0,1,0,0.011999998241662979,0.012000000104308128,0.011999998241662979,0,0.051049997098743916,-0.041685997042804956,0.009364000055938959,0.009364000055938959,0.7803334523356797,4.254167048250277,0,0,0.006129737474765039,1.2895235226850765e-10,1.6615384505345263,0.015558646143750035,1.2895235226850765e-10,120654225.14630406,1,0,0,1,5,1,0,0.0059999991208314896
5002,13,2,3,13,43c7f9ecfcce7e247e3c06ee199eb82c68c2f2d336c5f8c6bf2aee8020d73c4b,63fdd9cd89c8e8cadd17ebf16365746a179b9b8bc9945cf9cf91696a889ae81d,0.018690109252929688,0.017999999225139618,-0.0029453772585839033,-0.0029453772585839033,-0.008099999606050547,0.018690109252929688,0.017999999225139618,1,3,0.9076923131942749,0.2094469155167731,13,1.661538461366525,0.0058147275533056725,0.004618124791128924,0.0006901100277900696,0.005154622347466643,0.0006901100277900696,0.005154622347466643,0.005640150047838688,0.014579467475414276,0.005640150047838688,0,0.018690108554437757,0.017999999225139618,6.984919309616089e-10,0.018690108554437757,0,2.4391620450855966e-10,1.3877787807814457e-17,10,11,0,12,1,1,1,0,0,0,0.008999999612569809,0.008999999612569809,0.008999999612569809,0,0.05458467290736735,-0.04523961863014847,0.009345054277218878,0.009345054277218878,1.038339408833657,6.064963917457497,0,0,-0.002945377014667699,-0.00809999960605056,1.6615384522538923,0.01552716701999887,0.00809999960605056,1.9169342932313655,1,0,0,2,1,0,1,0.0059999991208314896
5002,13,2,4,13,43c7f9ecfcce7e247e3c06ee199eb82c68c2f2d336c5f8c6bf2aee8020d73c4b,63fdd9cd89c8e8cadd17ebf16365746a179b9b8bc9945cf9cf91696a889ae81d,0.015944447368383408,0.012000001966953278,0.0037656689528375864,0.0037656689528375864,0.0,0.015944447368383408,0.012000001966953278,1,3,0.9076921939849854,0.20944694064039504,13,1.661538353333106,0.004089819132930092,0.0031480910049850597,0.00394444540143013,0.0037656689528375864,0.00394444540143013,0.0037656689528375864,0.0042925733141601086,0.008922823704779148,0.0042925733141601086,0,0.015944447834044695,0.012000001966953278,4.656612873077393e-10,0.015944447834044695,0,4.2012568424176777e-10,0.0,10,11,0,12,1,1,1,0,0,0,0.006000000983476639,0.006000000983476639,0.006000000983476639,0,0.04821860371157527,-0.04024637979455292,0.007972223917022347,0.007972223917022347,1.3287037683788718,8.036432634655252,0,0,0.0037656693729632706,0.0,1.6615384505345263,0.013246156574403603,0.0,inf,0,0,0,3,4,0,0,0.01199999637901783
5002,13,2,5,13,43c7f9ecfcce7e247e3c06ee199eb82c68c2f2d336c5f8c6bf2aee8020d73c4b,63fdd9cd89c8e8cadd17ebf16365746a179b9b8bc9945cf9cf91696a889ae81d,0.01681324653327465,0.0,0.0073752012103796005,0.0073752012103796005,0.0,0.01681324653327465,0.0,0,1,0.9076921939849854,0.20944694064039504,13,1.661538353333106,0.004949498190016106,0.004326011223674438,0.01681324653327465,0.0073752012103796005,0.01681324653327465,0.0073752012103796005,0.012096638791263103,0.010447883978486061,0.012096638791263103,0,0.016813246067613363,0.0,4.656612873077393e-10,0.016813246067613363,0,3.260020465384317e-10,3.469446951953614e-18,0,0,0,9,13,13,0,1,1,1,0.0,0.0,0.0,1,0.04962158715352416,-0.04121496411971748,0.008406623033806682,0.008406623033806682,inf,inf,0,0,0.007375200884377554,-3.469446951953614e-18,1.6615384505345263,0.013967927409819012,3.469446951953614e-18,inf,0,0,0,5,2,0,0,0.023999998345971107
5002,14,0,1,14,4fdf037d74e3f2528e6c2d7b54f637fe4f20ffecbf9c474ef84c035b760d1bca,63fdd9cd89c8e8cadd17ebf16365746a179b9b8bc9945cf9cf91696a889ae81d,0.02079487219452858,0.0,-0.008249355480074883,-0.008249355480074883,-1.3877787807814457e-17,0.02079487219452858,0.0,0,1,0.007692307233810425,0.20944694064039504,13,1.661538353333106,0.005483807422539995,0.004178908449658275,0.02079487219452858,-0.008249355480074869,0.02079487219452858,0.008249355480074869,0.013907797634601593,0.01841866411268711,0.013907797634601593,0,0.02079487219452858,0.0,0.0,0.02079487219452858,0,8.864706538269651e-11,2.0816681711721685e-17,0,0,8,12,13,13,0,1,1,1,0.0,0.0,0.0,1,0.15366822481155396,-0.14327078871428967,0.01039743609726429,0.01039743609726429,inf,inf,0,0,-0.008249355568721948,6.938893903907228e-18,1.6615384505345263,0.01727573986258026,6.938893903907228e-18,inf,0,0,0,2,2,0,0,0.01199999451637268
5002,14,0,2,14,4fdf037d74e3f2528e6c2d7b54f637fe4f20ffecbf9c474ef84c035b760d1bca,63fdd9cd89c8e8cadd17ebf16365746a179b9b8bc9945cf9cf91696a889ae81d,0.019877083599567413,0.0,0.002891428070142865,0.002891428070142865,0.0,0.019877083599567413,0.0,0,1,0.9076921939849854,0.20944694064039504,13,1.6615383533331063,0.0052927254365966875,0.004512548755259203,0.019877083599567413,0.002891428070142865,0.019877083599567413,0.002891428070142865,0.012262527830898762,0.010086199268698692,0.012262527830898762,0,0.019877083599567413,0.0,0.0,0.019877083599567413,0,3.6763812584494904e-09,6.938893903907228e-18,0,0,8,12,13,13,0,1,1,1,0.0,0.0,0.0,1,0.15202327072620392,-0.1420847289264202,0.009938541799783707,0.009938541799783707,inf,inf,0,0,0.0028914243937616067,-6.938893903907228e-18,1.661538450534526,0.01651326934258524,6.938893903907228e-18,inf,0,0,0,3,5,0,0,0.01199999451637268
5002,14,0,3,14,4fdf037d74e3f2528e6c2d7b54f637fe4f20ffecbf9c474ef84c035b760d1bca,63fdd9cd89c8e8cadd17ebf16365746a179b9b8bc9945cf9cf91696a889ae81d,0.025762643665075302,0.0,0.00014716821897309273,0.00014716821897309273,0.0,0.025762643665075302,0.0,0,1,0.9076923131942749,0.2094469155167731,13,1.661538461366525,0.006147131277747436,0.004503360117328237,0.025762643665075302,0.00014716821897309273,0.025762643665075302,0.00014716821897309273,0.01569531485438347,0.01340319775044918,0.01569531485438347,0,0.025762643665075302,0.0,0.0,0.025762643665075302,0,4.95362264402166e-09,1.3877787807814457e-17,0,0,8,12,13,13,0,1,1,1,0.0,0.0,0.0,1,0.1534111276268959,-0.14052980579435825,0.012881321832537651,0.012881321832537651,inf,inf,0,0,0.0001471632653504487,-1.3877787807814457e-17,1.6615384522538923,0.02140281154061888,1.3877787807814457e-17,inf,0,0,0,4,1,0,1,0.01199999451637268
5002,14,0,4,14,4fdf037d74e3f2528e6c2d7b54f637fe4f20ffecbf9c474ef84c035b760d1bca,63fdd9cd89c8e8cadd17ebf16365746a179b9b8bc9945cf9cf91696a889ae81d,0.020777001976966858,0.0,-0.005449935793876648,-0.005449935793876648,-1.3877787807814457e-17,0.020777001976966858,0.0,0,1,0.9076921939849854,0.20944694064039504,13,1.661538353333106,0.006601942873300294,0.005923405025132309,0.020777001976966858,-0.005449935793876634,0.020777001976966858,0.005449935793876634,0.012797363102436066,0.011245904490351677,0.012797363102436066,0,0.020777001976966858,0.0,0.0,0.020777001976966858,0,1.3393982971343643e-09,1.3877787807814457e-17,0,0,8,12,13,13,0,1,1,1,0.0,0.0,0.0,1,0.15333250910043716,-0.14294400811195374,0.010388500988483429,0.010388500988483429,inf,inf,0,0,-0.005449937133274945,0.0,1.6615384505345263,0.017260893835781152,0.0,inf,0,0,0,5,3,0,0,0.01199999451637268
5002,14,0,5,14,4fdf037d74e3f2528e6c2d7b54f637fe4f20ffecbf9c474ef84c035b760d1bca,63fdd9cd89c8e8cadd17ebf16365746a179b9b8bc9945cf9cf91696a889ae81d,0.020464692264795303,0.01199999451637268,-0.00991336815059185,-0.00991336815059185,0.0,0.020464692264795303,0.01199999451637268,1,3,0.9076921939849854,0.20944694064039504,13,1.661538353333106,0.005160687995801804,0.004109258350183272,0.008464697748422623,-0.00991336815059185,0.008464697748422623,0.00991336815059185,0.013813555240631104,0.01570495218038559,0.013813555240631104,0,0.020464692264795303,0.01199999451637268,0.0,0.020464692264795303,0,6.926429641646026e-09,6.938893903907228e-18,10,11,8,0,1,1,1,0,0,0,0.00599999725818634,0.00599999725818634,0.00599999725818634,0,0.1501767486333847,-0.13994440250098705,0.010232346132397652,0.010232346132397652,1.7053918013773646,25.029469543254365,0,0,-0.009913375077021492,6.938893903907228e-18,1.6615384505345263,0.017001436538156948,6.938893903907228e-18,inf,0,0,0,1,4,1,0,0.01199999451637268
5002,14,1,0,14,4fdf037d74e3f2528e6c2d7b54f637fe4f20ffecbf9c474ef84c035b760d1bca,63fdd9cd89c8e8cadd17ebf16365746a179b9b8bc9945cf9cf91696a889ae81d,0.016707472503185272,0.0,0.002078251913189888,0.002078251913189888,0.0,0.016707472503185272,0.0,0,1,0.9076921939849854,0.20944694064039504,13,1.661538353333106,0.00490886236923114,0.004174902748603087,0.016707472503185272,0.002078251913189888,0.016707472503185272,0.002078251913189888,0.006827447097748518,0.007548121735453606,0.006827447097748518,0,0.016707473434507847,0.0,9.313225746154785e-10,0.016707473434507847,0,1.0689597818025476e-10,1.734723475976807e-18,0,0,10,11,13,13,0,1,1,1,0.0,0.0,0.0,1,0.013894242234528065,0.005540505517274141,0.008353736717253923,0.008353736717253923,inf,inf,0,0,0.00207825180629391,-1.734723475976807e-18,1.6615384505345263,0.013880054761359464,1.734723475976807e-18,inf,0,0,0,4,5,0,0,0.017999999225139618
5002,14,1,2,14,4fdf037d74e3f2528e6c2d7b54f637fe4f20ffecbf9c474ef84c035b760d1bca,63fdd9cd89c8e8cadd17ebf16365746a179b9b8bc9945cf9cf91696a889ae81d,0.028657304123044014,0.017999999225139618,-0.001524164224974811,-0.001524164224974811,-0.001246153268447292,0.028657304123044014,0.017999999225139618,1,4,0.9076921939849854,0.20944694064039504,13,1.6615383533331063,0.005818512570898373,0.004767969272722155,0.010657304897904396,-0.00027801095652751906,0.010657304897904396,0.00027801095652751906,0.008267913945019245,0.006483564153313637,0.008267913945019245,0,0.028657304123044014,0.017999999225139618,0.0,0.019657304510474205,0,6.507866832233811e-10,1.734723475976807e-18,10,11,8,11,1,1,1,0,1,0,0.008999999612569809,0.007500000298023224,0.007500000298023224,0,0.01177622564136982,0.0019475733861327171,0.009828652255237103,0.009828652255237103,1.3104869152908756,1.5701633564566233,0,0,-0.0015241648757614943,-0.0012461532684472938,1.661538450534526,0.01633068363900933,0.0012461532684472938,13.104875662170635,1,0,0,1,1,1,1,0.0
5002,14,1,3,14,4fdf037d74e3f2528e6c2d7b54f637fe4f20ffecbf9c474ef84c035b760d1bca,63fdd9cd89c8e8cadd17ebf16365746a179b9b8bc9945cf9cf91696a889ae81d,0.021452443674206734,0.017999999225139618,-0.009556868113577366,-0.009556868113577366,-0.008099999606050554,0.021452443674206734,0.017999999225139618,1,3,0.9076923131942749,0.2094469155167731,13,1.661538461366525,0.005147782987190926,0.003931878509341611,0.003452444449067116,-0.0014568685075268123,0.003452444449067116,0.0014568685075268123,0.008186002261936665,0.008265278302133083,0.008186002261936665,0,0.02145244413986802,0.017999999225139618,4.656612873077393e-10,0.017868558410555124,0,6.164326826763045e-10,6.938893903907228e-18,10,11,2,11,1,1,1,0,1,0,0.008999999612569809,0.008999999612569809,0.008999999612569809,0,0.012729345355182886,0.003795066149905324,0.008934279205277562,0.008934279205277562,0.9926977322087371,1.4143717670170233,0,0,-0.009556868730010049,-0.008099999606050547,1.6615384522538923,0.014844648442741016,0.008099999606050547,1.8326727363853628,1,0,0,2,3,0,0,0.0
5002,14,1,4,14,4fdf037d74e3f2528e6c2d7b54f637fe4f20ffecbf9c474ef84c035b760d1bca,63fdd9cd89c8e8cadd17ebf16365746a179b9b8bc9945cf9cf91696a889ae81d,0.021471351385116577,0.012000001966953278,0.001706985174678266,0.001706985174678266,0.0,0.021471351385116577,0.012000001966953278,1,3,0.9076921939849854,0.20944694064039504,13,1.661538353333106,0.004486382760551206,0.0036241691118690388,0.0094713494181633,0.001706985174678266,0.0094713494181633,0.001706985174678266,0.008762970566749573,0.009852546267211437,0.008762970566749573,0,0.021471352316439152,0.012000001966953278,9.313225746154785e-10,0.015471351332962513,0,8.071843419360514e-10,3.469446951953614e-18,10,11,2,11,1,1,1,0,1,0,0.006000000983476639,0.006000000983476639,0.006000000983476639,0,0.014213723130524158,0.006478047464042902,0.0077356756664812565,0.0077356756664812565,1.289279066417569,2.368953466785628,0,0,0.001706985981862608,-3.469446951953614e-18,1.6615384505345263,0.012853122560722905,3.469446951953614e-18,inf,0,0,0,3,2,0,0,0.00599999725818634
5002,14,1,5,14,4fdf037d74e3f2528e6c2d7b54f637fe4f20ffecbf9c474ef84c035b760d1bca,63fdd9cd89c8e8cadd17ebf16365746a179b9b8bc9945cf9cf91696a889ae81d,0.018917439505457878,0.0,-0.0028814838733524084,-0.0028814838733524084,0.0,0.018917439505457878,0.0,0,1,0.9076921939849854,0.20944694064039504,13,1.661538353333106,0.005889231417417453,0.0052014401281726425,0.018917439505457878,-0.0028814838733524084,0.018917439505457878,0.0028814838733524084,0.008369022980332375,0.007455924060195684,0.008369022980332375,0,0.018917439505457878,0.0,0.0,0.018917439505457878,0,4.483503103502873e-09,5.204170427930421e-18,0,0,2,9,13,13,0,1,1,1,0.0,0.0,0.0,1,0.012351183220744133,0.002892463468015194,0.009458719752728939,0.009458719752728939,inf,inf,0,0,-0.002881488356855512,5.204170427930421e-18,1.6615384505345263,0.01571602656198956,5.204170427930421e-18,inf,0,0,0,5,4,0,0,0.017999999225139618
5002,14,2,0,14,4fdf037d74e3f2528e6c2d7b54f637fe4f20ffecbf9c474ef84c035b760d1bca,63fdd9cd89c8e8cadd17ebf16365746a179b9b8bc9945cf9cf91696a889ae81d,0.014208285138010979,0.0,-0.0016283883014693856,-0.0016283883014693856,0.0,0.014208285138010979,0.0,0,1,0.9076921939849854,0.20944694064039504,13,1.661538353333106,0.003964368444291361,0.003357557118346793,0.014208285138010979,-0.0016283883014693856,0.014208285138010979,0.0016283883014693856,0.006723205558955669,0.013075592927634716,0.006723205558955669,0,0.014208285370841622,0.0,2.3283064365386963e-10,0.014208285370841622,0,1.1548145772977136e-10,3.469446951953614e-18,0,0,5,12,13,13,0,1,1,1,0.0,0.0,0.0,1,0.044608838157728314,-0.0375046954723075,0.007104142685420811,0.007104142685420811,inf,inf,0,0,-0.0016283884169508434,3.469446951953614e-18,1.6615384505345263,0.011803806229910284,3.469446951953614e-18,inf,0,0,0,4,4,0,0,0.024000002071261406
5002,14,2,1,14,4fdf037d74e3f2528e6c2d7b54f637fe4f20ffecbf9c474ef84c035b760d1bca,63fdd9cd89c8e8cadd17ebf16365746a179b9b8bc9945cf9cf91696a889ae81d,0.018330659717321396,0.024000002071261406,0.005586264654994011,0.005586264654994011,-1.289523557379546e-10,0.018330659717321396,0.024000002071261406,1,3,0.007692307233810425,0.20944694064039504,13,1.661538353333106,0.006287032457771356,0.004913865125699509,0.00566934235394001,0.005586264783946367,0.00566934235394001,0.005586264783946367,0.012412605807185173,0.008838463574647903,0.012412605807185173,0,0.01833065878599882,0.024000002071261406,9.313225746154785e-10,0.0233186820987612,0,1.2632732134670865e-09,3.469446951953614e-18,10,11,2,12,1,1,1,0,0,0,0.012000001966953278,0.012000000104308128,0.012000000104308128,0,0.050178538309410214,-0.038519197260029614,0.0116593410493806,0.0116593410493806,0.9716117456694665,4.181544822770092,0,0,0.005586265918267224,-1.2895235920740156e-10,1.6615384505345263,0.01937244346144144,1.2895235920740156e-10,150229461.33372882,0,0,0,1,1,1,1,0.006000002846121788
5002,14,2,3,14,4fdf037d74e3f2528e6c2d7b54f637fe4f20ffecbf9c474ef84c035b760d1bca,63fdd9cd89c8e8cadd17ebf16365746a179b9b8bc9945cf9cf91696a889ae81d,0.017103053629398346,0.017999999225139618,-0.0025840792804956436,-0.0025840792804956436,-0.008099999606050554,0.017103053629398346,0.017999999225139618,1,3,0.9076923131942749,0.2094469155167731,13,1.661538461366525,0.006028898037911678,0.004947122879747918,0.000896945595741272,0.00551592032555491,0.000896945595741272,0.00551592032555491,0.007697785273194313,0.014447432942688465,0.007697785273194313,0,0.017103053018217906,0.017999999225139618,6.111804395914078e-10,0.018715528771281242,0,4.0398386328896474e-10,6.938893903907228e-18,10,11,0,12,1,1,1,0,0,0,0.008999999612569809,0.008999999612569809,0.008999999612569809,0,0.05185464024543762,-0.042496875859797,0.009357764385640621,0.009357764385640621,1.0397516431635332,5.761626941962872,0,0,-0.002584079684479507,-0.00809999960605056,1.6615384522538923,0.015548285353873913,0.00809999960605056,1.919541495071137,1,0,0,2,2,0,0,0.006000002846121788
5002,14,2,4,14,4fdf037d74e3f2528e6c2d7b54f637fe4f20ffecbf9c474ef84c035b760d1bca,63fdd9cd89c8e8cadd17ebf16365746a179b9b8bc9945cf9cf91696a889ae81d,0.01511244848370552,0.012000001966953278,0.00040860380977392197,0.00040860380977392197,0.0,0.01511244848370552,0.012000001966953278,1,3,0.9076921939849854,0.20944694064039504,13,1.661538353333106,0.00449891743331037,0.0035409518722830523,0.003112446516752243,0.00040860380977392197,0.003112446516752243,0.00040860380977392197,0.005176462698727846,0.00877657625824213,0.005176462698727846,0,0.015112448949366808,0.012000001966953278,4.656612873077393e-10,0.015112448949366808,0,3.6672782996113873e-10,3.469446951953614e-18,10,11,0,12,1,1,1,0,0,0,0.006000000983476639,0.006000000983476639,0.006000000983476639,0,0.045355651061981916,-0.03779942658729851,0.007556224474683404,0.007556224474683404,1.2593705393536498,7.559273937935432,0,0,0.000408603443046092,3.469446951953614e-18,1.6615384505345263,0.012554957505556527,3.469446951953614e-18,inf,0,0,0,3,3,0,0,0.012000000104308128
5002,14,2,5,14,4fdf037d74e3f2528e6c2d7b54f637fe4f20ffecbf9c474ef84c035b760d1bca,63fdd9cd89c8e8cadd17ebf16365746a179b9b8bc9945cf9cf91696a889ae81d,0.013170882128179073,0.0,0.005303557962179184,0.005303557962179184,0.0,0.013170882128179073,0.0,0,1,0.9076921939849854,0.20944694064039504,13,1.661538353333106,0.004383864955939062,0.00373483862253953,0.013170882128179073,0.005303557962179184,0.013170882128179073,0.005303557962179184,0.01310090534389019,0.010696039535105228,0.01310090534389019,0,0.013170882361009717,0.0,2.3283064365386963e-10,0.013170882361009717,0,3.6963867730555044e-11,0.0,0,0,5,12,13,13,0,1,1,1,0.0,0.0,0.0,1,0.04474570252932608,-0.03816026134882122,0.0065854411805048585,0.0065854411805048585,inf,inf,0,0,0.005303557999143052,0.0,1.6615384505345263,0.010941963735142304,0.0,inf,0,0,0,5,5,0,0,0.024000002071261406
5002,15,0,1,15,52398c5d1bf13461853db9fe1ccc57bf127037ff212e8c45df9a58189a01ecd6,63fdd9cd89c8e8cadd17ebf16365746a179b9b8bc9945cf9cf91696a889ae81d,0.0231268759816885,0.0,-0.006246982142329216,-0.006246982142329216,3.469446951953614e-18,0.0231268759816885,0.0,0,1,0.9076921939849854,0.20944694064039504,13,1.661538353333106,0.006715984718423931,0.005790301813529088,0.0231268759816885,-0.0062469821423292195,0.0231268759816885,0.0062469821423292195,0.014973975718021393,0.011640354990959167,0.014973975718021393,0,0.0231268759816885,0.0,0.0,0.0231268759816885,0,1.6350084931782138e-09,0.0,0,0,8,12,13,13,0,1,1,1,0.0,0.0,0.0,1,0.02206059917807579,-0.01049716118723154,0.01156343799084425,0.01156343799084425,inf,inf,0,0,-0.006246983777337709,3.469446951953614e-18,1.6615384505345263,0.01921309684215943,3.469446951953614e-18,inf,0,0,0,2,3,0,0,0.012000001035630703
5002,15,0,2,15,52398c5d1bf13461853db9fe1ccc57bf127037ff212e8c45df9a58189a01ecd6,63fdd9cd89c8e8cadd17ebf16365746a179b9b8bc9945cf9cf91696a889ae81d,0.021461328491568565,0.0,0.0005956394597887993,0.0005956394597887993,3.469446951953614e-18,0.021461328491568565,0.0,0,1,0.9076921939849854,0.20944694064039504,13,1.6615383533331063,0.00645701684187949,0.005425079598934693,0.021461328491568565,0.0005956394597887958,0.021461328491568565,0.0005956394597887958,0.012571753934025764,0.00672741187736392,0.012571753934025764,0,0.021461328491568565,0.0,0.0,0.021461328491568565,0,1.0133460390249205e-09,2.6020852139652106e-18,0,0,8,11,13,13,0,1,1,1,0.0,0.0,0.0,1,0.023124035447835922,-0.01239337120205164,0.010730664245784283,0.010730664245784283,inf,inf,0,0,0.0005956404731348383,8.673617379884035e-19,1.661538450534526,0.017829411244146658,8.673617379884035e-19,inf,0,0,0,3,5,0,0,0.012000001035630703
5002,15,0,3,15,52398c5d1bf13461853db9fe1ccc57bf127037ff212e8c45df9a58189a01ecd6,63fdd9cd89c8e8cadd17ebf16365746a179b9b8bc9945cf9cf91696a889ae81d,0.025574471801519394,0.0,-0.005761942360550165,-0.005761942360550165,-3.469446951953614e-18,0.025574471801519394,0.0,0,1,0.9076923131942749,0.2094469155167731,13,1.661538461366525,0.007136859952770763,0.005898273081557285,0.025574471801519394,-0.005761942360550162,0.025574471801519394,0.005761942360550162,0.005834734067320824,0.010369483381509781,0.005834734067320824,0,0.02557447273284197,0.0,9.313225746154785e-10,0.02557447273284197,0,3.5465969917825024e-10,7.806255641895632e-18,0,0,8,12,13,13,0,1,1,1,0.0,0.0,0.0,1,0.02244660258293152,-0.009659366216510534,0.012787236366420984,0.012787236366420984,inf,inf,0,0,-0.005761942715209864,4.336808689942018e-18,1.6615384522538923,0.02124648492086781,4.336808689942018e-18,inf,0,0,0,4,1,0,1,0.012000001035630703
5002,15,0,4,15,52398c5d1bf13461853db9fe1ccc57bf127037ff212e8c45df9a58189a01ecd6,63fdd9cd89c8e8cadd17ebf16365746a179b9b8bc9945cf9cf91696a889ae81d,0.0218181312084198,0.0,-0.0014842444797977805,-0.0014842444797977805,0.0,0.0218181312084198,0.0,0,1,0.9076921939849854,0.20944694064039504,13,1.661538353333106,0.006977016819201067,0.006170585817662922,0.0218181312084198,-0.0014842444797977805,0.0218181312084198,0.0014842444797977805,0.011182060465216637,0.008349763229489326,0.011182060465216637,0,0.0218181312084198,0.0,0.0,0.0218181312084198,0,2.2837389097862815e-10,2.6020852139652106e-18,0,0,8,11,13,13,0,1,1,1,0.0,0.0,0.0,1,0.02208062633872032,-0.011171560734510422,0.0109090656042099,0.0109090656042099,inf,inf,0,0,-0.0014842447081716715,2.6020852139652106e-18,1.6615384505345263,0.01812583196079841,2.6020852139652106e-18,inf,0,0,0,5,4,0,0,0.012000001035630703
5002,15,0,5,15,52398c5d1bf13461853db9fe1ccc57bf127037ff212e8c45df9a58189a01ecd6,63fdd9cd89c8e8cadd17ebf16365746a179b9b8bc9945cf9cf91696a889ae81d,0.023869946599006653,0.012000001035630703,-0.008034252561628819,-0.008034252561628819,6.44761778689773e-11,0.023869946599006653,0.012000001035630703,1,3,0.9076921939849854,0.20944694064039504,13,1.661538353333106,0.006142985493333614,0.0054840937080467955,0.01186994556337595,-0.008034252626104996,0.01186994556337595,0.008034252626104996,0.01076808013021946,0.005898436065763235,0.01076808013021946,0,0.023869947530329227,0.012000001035630703,9.313225746154785e-10,0.019015301950275898,0,8.054308331395532e-10,1.734723475976807e-18,10,11,8,11,1,1,1,0,1,0,0.006000000052154064,0.006000000983476639,0.006000000052154064,0,0.015623584389686584,-0.0061159334145486355,0.009507650975137949,0.009507650975137949,1.5846084820823627,2.6039307089801693,0,0,-0.008034251756197985,6.447617960370078e-11,1.6615384505345263,0.015797327669453787,6.447617960370078e-11,245010293.20519882,0,0,0,1,2,1,0,0.012000001035630703
5002,15,1,0,15,52398c5d1bf13461853db9fe1ccc57bf127037ff212e8c45df9a58189a01ecd6,63fdd9cd89c8e8cadd17ebf16365746a179b9b8bc9945cf9cf91696a889ae81d,0.014856407418847084,0.0,0.0006760813412256539,0.0006760813412256539,0.0,0.014856407418847084,0.0,0,1,0.007692307233810425,0.20944694064039504,13,1.661538353333106,0.0043030361014014164,0.003452778375051783,0.014856407418847084,0.0006760813412256539,0.014856407418847084,0.0006760813412256539,0.003950855694711208,0.0032978858798742294,0.003950855694711208,0,0.01485640718601644,0.0,2.3283064365386963e-10,0.01485640718601644,0,5.014813694512177e-11,0.0,0,0,10,4,13,13,0,1,1,1,0.0,0.0,0.0,1,0.010259840404614806,0.002831636811606586,0.00742820359300822,0.00742820359300822,inf,inf,0,0,0.0006760812910775169,0.0,1.6615384505345263,0.012342245888181879,0.0,inf,0,0,0,4,5,0,0,0.017999999225139618
5002,15,1,2,15,52398c5d1bf13461853db9fe1ccc57bf127037ff212e8c45df9a58189a01ecd6,63fdd9cd89c8e8cadd17ebf16365746a179b9b8bc9945cf9cf91696a889ae81d,0.024373970925807953,0.017999998293817043,0.0013668225146830082,0.0013668225146830082,0.0012461539776852486,0.024373970925807953,0.017999998293817043,1,4,0.9076921939849854,0.20944694064039504,13,1.6615383533331063,0.0048992289621117135,0.0043391538728800045,0.00637397263199091,0.00012066853699775962,0.00637397263199091,0.00012066853699775962,0.010299105197191238,0.009333828464150429,0.010299105197191238,0,0.02437396999448538,0.017999998293817043,9.313225746154785e-10,0.015373971313238144,0,9.188826175648979e-10,8.673617379884035e-19,10,11,8,11,1,1,1,0,1,0,0.007499999366700649,0.008999998681247234,0.007499999366700649,0,0.009827472269535065,-0.0021404866129159927,0.007686985656619072,0.007686985656619072,1.0249315074276706,1.310329746582139,0,0,0.0013668215958003906,0.0012461539776852477,1.661538450534526,0.01277222223717998,0.0012461539776852477,10.24931305913303,1,0,0,2,1,0,1,9.313225746154785e-10
5002,15,1,3,15,52398c5d1bf13461853db9fe1ccc57bf127037ff212e8c45df9a58189a01ecd6,63fdd9cd89c8e8cadd17ebf16365746a179b9b8bc9945cf9cf91696a889ae81d,0.01849023997783661,0.017999999225139618,-0.00823927205055952,-0.00823927205055952,-0.008099999428741065,0.01849023997783661,0.017999999225139618,1,3,0.9076923131942749,0.2094469155167731,13,1.661538461366525,0.004424030882080855,0.003118767768155629,0.000490240752696991,-0.00013927262181845541,0.000490240752696991,0.00013927262181845541,0.00668471259996295,0.010139635764062405,0.00668471259996295,0,0.018490239628590643,0.017999999225139618,3.4924596548080444e-10,0.018193944939412177,0,1.0391527621028684e-09,1.734723475976807e-18,10,11,8,11,1,1,1,0,1,0,0.008999999845400453,0.008999999379739165,0.008999999379739165,0,0.013540321728214622,-0.004443349258508533,0.009096972469706088,0.009096972469706088,1.010774788516678,1.504480295709425,0,0,-0.008239271011406759,-0.008099999428741064,1.6615384522538923,0.015114969557511721,0.008099999428741064,1.8660457559885228,1,0,0,1,3,1,0,9.313225746154785e-10
5002,15,1,4,15,52398c5d1bf13461853db9fe1ccc57bf127037ff212e8c45df9a58189a01ecd6,63fdd9cd89c8e8cadd17ebf16365746a179b9b8bc9945cf9cf91696a889ae81d,0.01956743374466896,0.012000001035630703,0.000874589488375932,0.000874589488375932,6.447617613425383e-11,0.01956743374466896,0.012000001035630703,1,3,0.9076921939849854,0.20944694064039504,13,1.661538353333106,0.003056452417113689,0.0023005051571412904,0.007567432709038258,0.0008745894238997558,0.007567432709038258,0.0008745894238997558,0.004290508572012186,0.006540811154991388,0.004290508572012186,0,0.01956743374466896,0.012000001035630703,0.0,0.012022316455841064,0,2.691270808638513e-10,1.734723475976807e-18,10,11,10,11,1,1,1,1,1,1,0.006000000052154064,0.006000000983476639,0.006000000052154064,0,0.006106378510594368,-9.522028267383575e-05,0.006011158227920532,0.006011158227920532,1.0018596959449129,1.0177297429192709,0,0,0.0008745897575030128,6.44761778689773e-11,1.6615384505345263,0.00998777052793695,6.44761778689773e-11,154906367.87176186,1,0,0,3,2,0,0,0.005999998189508915
5002,15,1,5,15,52398c5d1bf13461853db9fe1ccc57bf127037ff212e8c45df9a58189a01ecd6,63fdd9cd89c8e8cadd17ebf16365746a179b9b8bc9945cf9cf91696a889ae81d,0.014950322918593884,0.0,0.00035875989124178886,0.00035875989124178886,0.0,0.014950322918593884,0.0,0,1,0.9076921939849854,0.20944694064039504,13,1.661538353333106,0.004928234337772353,0.00433071122984209,0.014950322918593884,0.00035875989124178886,0.014950322918593884,0.00035875989124178886,0.006110079120844603,0.009112085215747356,0.006110079120844603,0,0.014950322918593884,0.0,0.0,0.014950322918593884,0,9.623546204720612e-10,0.0,0,0,8,7,13,13,0,1,1,1,0.0,0.0,0.0,1,0.010356945917010307,-0.0028817844577133656,0.007475161459296942,0.007475161459296942,inf,inf,0,0,0.0003587589288871684,0.0,1.6615384505345263,0.01242026818857565,0.0,inf,0,0,0,5,4,0,0,0.017999999225139618
5002,15,2,0,15,52398c5d1bf13461853db9fe1ccc57bf127037ff212e8c45df9a58189a01ecd6,63fdd9cd89c8e8cadd17ebf16365746a179b9b8bc9945cf9cf91696a889ae81d,0.018165023997426033,0.0,0.0025060679763555527,0.0025060679763555527,0.0,0.018165023997426033,0.0,0,1,0.007692307233810425,0.20944694064039504,13,1.661538353333106,0.0048039785680141995,0.003911144596100207,0.018165023997426033,0.0025060679763555527,0.018165023997426033,0.0025060679763555527,0.003970689605921507,0.015387753956019878,0.003970689605921507,0,0.018165023997426033,0.0,0.0,0.018165023997426033,0,2.2435360687300676e-10,0.0,0,0,0,12,13,13,0,1,1,1,0.0,0.0,0.0,1,0.04767283145338297,-0.03859031945466995,0.009082511998713017,0.009082511998713017,inf,inf,0,0,0.002506067752001946,0.0,1.6615384505345263,0.015090942913302869,0.0,inf,0,0,0,4,4,0,0,0.023999998345971107
5002,15,2,1,15,52398c5d1bf13461853db9fe1ccc57bf127037ff212e8c45df9a58189a01ecd6,63fdd9cd89c8e8cadd17ebf16365746a179b9b8bc9945cf9cf91696a889ae81d,0.018281295895576477,0.023999998345971107,0.006127714645117521,0.006127714645117521,1.289523487990607e-10,0.018281295895576477,0.023999998345971107,1,3,0.9076921939849854,0.20944694064039504,13,1.661538353333106,0.006048733031763863,0.004806538846773597,0.00571870245039463,0.0061277145161651725,0.00571870245039463,0.0061277145161651725,0.01032138429582119,0.00982118770480156,0.01032138429582119,0,0.01828129682689905,0.023999998345971107,9.313225746154785e-10,0.021824326599016786,0,7.650341523474102e-10,3.469446951953614e-18,10,11,8,11,1,1,1,0,1,0,0.011999998241662979,0.012000000104308128,0.011999998241662979,0,0.051730307983234525,-0.04081814468372613,0.010912163299508393,0.010912163299508393,0.909347074870585,4.310859630264884,0,0,0.006127715410151674,1.2895235226850765e-10,1.6615384505345263,0.018130978900644898,1.2895235226850765e-10,140602157.16648692,1,0,0,1,2,1,0,0.0059999991208314896
5002,15,2,3,15,52398c5d1bf13461853db9fe1ccc57bf127037ff212e8c45df9a58189a01ecd6,63fdd9cd89c8e8cadd17ebf16365746a179b9b8bc9945cf9cf91696a889ae81d,0.02122780680656433,0.017999999225139618,-0.00210564024746418,-0.00210564024746418,-0.008099999606050547,0.02122780680656433,0.017999999225139618,1,3,0.9076923131942749,0.2094469155167731,13,1.661538461366525,0.006297735693551294,0.004855581206550612,0.003227807581424713,0.005994359358586367,0.003227807581424713,0.005994359358586367,0.005885782185941935,0.017056085169315338,0.005885782185941935,0,0.02122780680656433,0.017999999225139618,0.0,0.02122780680656433,0,1.1508453226852233e-09,1.3877787807814457e-17,10,11,8,12,1,1,1,0,0,0,0.008999999612569809,0.008999999612569809,0.008999999612569809,0,0.055329443886876106,-0.04471554048359394,0.010613903403282166,0.010613903403282166,1.1793226511319295,6.147716252076332,0,0,-0.0021056390966188573,-0.00809999960605056,1.6615384522538923,0.017635408633061768,0.00809999960605056,2.1772110482435605,1,0,0,2,1,0,1,0.0059999991208314896
5002,15,2,4,15,52398c5d1bf13461853db9fe1ccc57bf127037ff212e8c45df9a58189a01ecd6,63fdd9cd89c8e8cadd17ebf16365746a179b9b8bc9945cf9cf91696a889ae81d,0.018242795020341873,0.012000001966953278,0.002840046538040042,0.002840046538040042,0.0,0.018242795020341873,0.012000001966953278,1,3,0.9076921939849854,0.20944694064039504,13,1.661538353333106,0.004585511642919927,0.003493954871158451,0.006242793053388596,0.002840046538040042,0.006242793053388596,0.002840046538040042,0.004584949929267168,0.010254976339638233,0.004584949929267168,0,0.018242795020341873,0.012000001966953278,0.0,0.018242795020341873,0,3.5192913513948376e-10,0.0,10,11,0,12,1,1,1,0,0,0,0.006000000983476639,0.006000000983476639,0.006000000983476639,0,0.0497492291033268,-0.04062783159315586,0.009121397510170937,0.009121397510170937,1.5202326691762702,8.291536824799005,0,0,0.002840046889969177,0.0,1.6615384505345263,0.015155552685758904,0.0,inf,0,0,0,3,3,0,0,0.01199999637901783
5002,15,2,5,15,52398c5d1bf13461853db9fe1ccc57bf127037ff212e8c45df9a58189a01ecd6,63fdd9cd89c8e8cadd17ebf16365746a179b9b8bc9945cf9cf91696a889ae81d,0.016384262591600418,0.0,0.007467649877071381,0.007467649877071381,0.0,0.016384262591600418,0.0,0,1,0.9076921939849854,0.20944694064039504,13,1.661538353333106,0.005009492261139516,0.0042451308563505935,0.016384262591600418,0.007467649877071381,0.016384262591600418,0.007467649877071381,0.012994389981031418,0.01288599707186222,0.012994389981031418,0,0.01638426212593913,0.0,4.656612873077393e-10,0.01638426212593913,0,8.679859851701277e-10,3.469446951953614e-18,0,0,0,9,13,13,0,1,1,1,0.0,0.0,0.0,1,0.04892214247956872,-0.040730011416599154,0.008192131062969565,0.008192131062969565,inf,inf,0,0,0.007467650745057366,-3.469446951953614e-18,1.6615384505345263,0.013611540752942214,3.469446951953614e-18,inf,0,0,0,5,5,0,0,0.023999998345971107
5002,16,0,1,16,9d1fb0b6fa4e971f5e0e03edc66119912f3a17197530ab705efab6aa8f02b46e,63fdd9cd89c8e8cadd17ebf16365746a179b9b8bc9945cf9cf91696a889ae81d,0.02961292490363121,0.0,-0.012638245709240437,-0.012638245709240437,-1.3877787807814457e-17,0.02961292490363121,0.0,0,1,0.9076921939849854,0.20944694064039504,13,1.661538353333106,0.006825893639354634,0.005108157602640299,0.02961292490363121,-0.012638245709240423,0.02961292490363121,0.012638245709240423,0.014045439660549164,0.01238823588937521,0.014045439660549164,0,0.02961292490363121,0.0,0.0,0.02961292490363121,0,4.572913034350812e-09,2.0816681711721685e-17,0,0,8,0,13,13,0,1,1,1,0.0,0.0,0.0,1,0.16225288808345795,-0.14744642563164234,0.014806462451815605,0.014806462451815605,inf,inf,0,0,-0.012638250282153471,6.938893903907228e-18,1.6615384505345263,0.024601506680087343,6.938893903907228e-18,inf,0,0,0,2,2,0,0,0.01199999451637268
5002,16,0,2,16,9d1fb0b6fa4e971f5e0e03edc66119912f3a17197530ab705efab6aa8f02b46e,63fdd9cd89c8e8cadd17ebf16365746a179b9b8bc9945cf9cf91696a889ae81d,0.02807481214404106,0.0,0.0018966192146763206,0.0018966192146763206,0.0,0.02807481214404106,0.0,0,1,0.9076921939849854,0.20944694064039504,13,1.6615383533331063,0.00695885345749703,0.005290708069265241,0.02807481214404106,0.0018966192146763206,0.02807481214404106,0.0018966192146763206,0.014196724630892277,0.012058920226991177,0.014196724630892277,0,0.02807481214404106,0.0,0.0,0.02807481214404106,0,2.6686211331006238e-09,6.938893903907228e-18,0,0,8,11,13,13,0,1,1,1,0.0,0.0,0.0,1,0.15981174260377884,-0.1457743365317583,0.01403740607202053,0.01403740607202053,inf,inf,0,0,0.0018966165460551875,-6.938893903907228e-18,1.661538450534526,0.023323689934428942,6.938893903907228e-18,inf,0,0,0,3,3,0,0,0.01199999451637268
5002,16,0,3,16,9d1fb0b6fa4e971f5e0e03edc66119912f3a17197530ab705efab6aa8f02b46e,63fdd9cd89c8e8cadd17ebf16365746a179b9b8bc9945cf9cf91696a889ae81d,0.03047279641032219,0.0,-0.00945699866861105,-0.00945699866861105,0.0,0.03047279641032219,0.0,0,1,0.007692308165132999,0.2094469155167731,13,1.661538461366525,0.007631823307709872,0.005882284874041406,0.03047279641032219,-0.00945699866861105,0.03047279641032219,0.00945699866861105,0.01312132179737091,0.011996415443718433,0.01312132179737091,0,0.03047279641032219,0.0,0.0,0.03047279641032219,0,1.7005696538452408e-09,1.3877787807814457e-17,0,0,8,11,13,13,0,1,1,1,0.0,0.0,0.0,1,0.15919382125139236,-0.14395742304623127,0.015236398205161095,0.015236398205161095,inf,inf,0,0,-0.009456996968041396,-1.3877787807814457e-17,1.6615384522538923,0.02531586149172735,1.3877787807814457e-17,inf,0,0,0,4,1,0,1,0.01199999451637268
5002,16,0,4,16,9d1fb0b6fa4e971f5e0e03edc66119912f3a17197530ab705efab6aa8f02b46e,63fdd9cd89c8e8cadd17ebf16365746a179b9b8bc9945cf9cf91696a889ae81d,0.027001630514860153,0.0,-0.004854492377489805,-0.004854492377489805,0.0,0.027001630514860153,0.0,0,1,0.9076921939849854,0.20944694064039504,13,1.661538353333106,0.008267666580206725,0.007307337674163502,0.027001630514860153,-0.004854492377489805,0.027001630514860153,0.004854492377489805,0.007118073292076588,0.014351345598697662,0.007118073292076588,0,0.027001630514860153,0.0,0.0,0.027001630514860153,0,3.232614523285271e-11,6.938893903907228e-18,0,0,8,11,13,13,0,1,1,1,0.0,0.0,0.0,1,0.15822846442461014,-0.14472764916718006,0.013500815257430077,0.013500815257430077,inf,inf,0,0,-0.0048544924098159505,6.938893903907228e-18,1.6615384505345263,0.022432123663783263,6.938893903907228e-18,inf,0,0,0,5,5,0,0,0.01199999451637268
5002,16,0,5,16,9d1fb0b6fa4e971f5e0e03edc66119912f3a17197530ab705efab6aa8f02b46e,63fdd9cd89c8e8cadd17ebf16365746a179b9b8bc9945cf9cf91696a889ae81d,0.027481433004140854,0.01199999451637268,-0.013176708482205868,-0.013176708482205868,0.0,0.027481433004140854,0.01199999451637268,1,3,0.007692307233810425,0.20944694064039504,13,1.661538353333106,0.007047806961232224,0.005659587372689558,0.015481438487768173,-0.013176708482205868,0.015481438487768173,0.013176708482205868,0.010699959471821785,0.019177287817001343,0.010699959471821785,0,0.027481433004140854,0.01199999451637268,0.0,0.027387846261262894,0,2.2195484616904793e-09,6.938893903907228e-18,10,11,10,11,1,1,1,1,1,1,0.00599999725818634,0.00599999725818634,0.00599999725818634,0,0.15991947799921036,-0.1462255548685789,0.013693923130631447,0.013693923130631447,2.2823215647219817,26.653258512913105,0,0,-0.01317671070175433,6.938893903907228e-18,1.6615384505345263,0.022752979820208283,6.938893903907228e-18,inf,0,0,0,1,4,1,0,0.01199999451637268
5002,16,1,0,16,9d1fb0b6fa4e971f5e0e03edc66119912f3a17197530ab705efab6aa8f02b46e,63fdd9cd89c8e8cadd17ebf16365746a179b9b8bc9945cf9cf91696a889ae81d,0.01480262540280819,0.0,-0.002413504058495164,-0.002413504058495164,0.0,0.01480262540280819,0.0,0,1,0.9076921939849854,0.20944694064039504,13,1.661538353333106,0.004399571311357027,0.003461631076939448,0.01480262540280819,-0.002413504058495164,0.01480262540280819,0.002413504058495164,0.0058781905099749565,0.005662619601935148,0.0058781905099749565,0,0.014802625228185207,0.0,1.7462298274040222e-10,0.014802625228185207,0,4.4462407713941055e-11,6.505213034913027e-19,0,0,10,4,13,13,0,1,1,1,0.0,0.0,0.0,1,0.01045212964527309,-0.003050817031180486,0.007401312614092603,0.007401312614092603,inf,inf,0,0,-0.0024135041029575716,6.505213034913027e-19,1.6615384505345263,0.012297565492741068,6.505213034913027e-19,inf,0,0,0,4,5,0,0,0.017999999225139618
5002,16,1,2,16,9d1fb0b6fa4e971f5e0e03edc66119912f3a17197530ab705efab6aa8f02b46e,63fdd9cd89c8e8cadd17ebf16365746a179b9b8bc9945cf9cf91696a889ae81d,0.020929377526044846,0.017999999225139618,0.0001947854907484725,0.0001947854907484725,0.0012461538487328924,0.020929377526044846,0.017999999225139618,1,4,0.9076921939849854,0.20944694064039504,13,1.6615383533331063,0.004263689363748559,0.003720214659315065,0.0029293783009052277,-0.00105136835798442,0.0029293783009052277,0.00105136835798442,0.01168870646506548,0.007347485050559044,0.01168870646506548,0,0.02092937706038356,0.017999999225139618,4.656612873077393e-10,0.01359906094148755,0,5.563841505573652e-10,0.0,10,11,10,11,1,1,1,1,1,1,0.007499999599531293,0.008999999612569809,0.007499999599531293,0,0.014037705026566982,-0.007238174555823207,0.006799530470743775,0.006799530470743775,0.9066041111747135,1.87169410348292,0,0,0.00019478604713262307,0.0012461538487328924,1.661538450534526,0.011297681322721909,0.0012461538487328924,9.066040548853223,1,0,0,1,1,1,1,0.0
5002,16,1,3,16,9d1fb0b6fa4e971f5e0e03edc66119912f3a17197530ab705efab6aa8f02b46e,63fdd9cd89c8e8cadd17ebf16365746a179b9b8bc9945cf9cf91696a889ae81d,0.01704031229019165,0.017999999225139618,-0.007224075496196747,-0.007224075496196747,-0.008099999428741065,0.01704031229019165,0.017999999225139618,1,3,0.007692308165132999,0.2094469155167731,13,1.661538461366525,0.004257297451280924,0.0029204137865784605,0.0009596869349479675,0.0008759239325443185,0.0009596869349479675,0.0008759239325443185,0.006324318703263998,0.008340180851519108,0.006324318703263998,0,0.017040311824530363,0.017999999225139618,4.656612873077393e-10,0.017040311824530363,0,1.1200786825815712e-10,1.734723475976807e-18,10,11,8,7,1,1,1,0,0,0,0.008999999845400453,0.008999999379739165,0.008999999379739165,0,0.013721054187044501,-0.00520089827477932,0.008520155912265182,0.008520155912265182,0.946684055495136,1.5245616814078224,0,0,-0.007224075384188879,-0.008099999428741064,1.6615384522538923,0.014156566667426939,0.008099999428741064,1.747724403188904,1,0,0,2,3,0,0,0.0
5002,16,1,4,16,9d1fb0b6fa4e971f5e0e03edc66119912f3a17197530ab705efab6aa8f02b46e,63fdd9cd89c8e8cadd17ebf16365746a179b9b8bc9945cf9cf91696a889ae81d,0.018731320276856422,0.011999999871477485,0.0012038892600685358,0.0012038892600685358,-1.6119044033563457e-11,0.018731320276856422,0.011999999871477485,1,3,0.9076921939849854,0.20944694064039504,13,1.661538353333106,0.0027748543037960875,0.0024018626551270575,0.006731320405378938,0.0012038892761875798,0.006731320405378938,0.0012038892761875798,0.004647708497941494,0.007004322484135628,0.004647708497941494,0,0.018731320596998557,0.011999999871477485,3.2014213502407074e-10,0.00915759103372693,0,3.4177159062911966e-10,4.336808689942018e-19,10,11,10,11,1,1,1,1,1,1,0.006000000052154064,0.0059999998193234205,0.0059999998193234205,0,0.010327249532565475,-0.005748454015702009,0.004578795516863465,0.004578795516863465,0.7631326091239424,1.7212083072579174,0,0,0.0012038889182969452,-1.6119044467244326e-11,1.6615384505345263,0.007607844808403758,1.6119044467244326e-11,471978647.6092759,0,0,0,3,2,0,0,0.005999999353662133
5002,16,1,5,16,9d1fb0b6fa4e971f5e0e03edc66119912f3a17197530ab705efab6aa8f02b46e,63fdd9cd89c8e8cadd17ebf16365746a179b9b8bc9945cf9cf91696a889ae81d,0.016937945038080215,0.0,0.0020351505372673273,0.0020351505372673273,8.673617379884035e-19,0.016937945038080215,0.0,0,1,0.007692307233810425,0.20944694064039504,13,1.661538353333106,0.00533753331624715,0.004634889818110762,0.016937945038080215,0.0020351505372673264,0.016937945038080215,0.0020351505372673264,0.005753556732088327,0.010893863625824451,0.005753556732088327,0,0.016937944805249572,0.0,2.3283064365386963e-10,0.016937944805249572,0,5.400337243360864e-10,2.168404344971009e-19,0,0,2,7,13,13,0,1,1,1,0.0,0.0,0.0,1,0.015443226089701056,-0.006974253687076271,0.008468972402624786,0.008468972402624786,inf,inf,0,0,0.002035149997233603,6.505213034913027e-19,1.6615384505345263,0.014071523283476852,6.505213034913027e-19,inf,0,0,0,5,4,0,0,0.017999999225139618
5002,16,2,0,16,9d1fb0b6fa4e971f5e0e03edc66119912f3a17197530ab705efab6aa8f02b46e,63fdd9cd89c8e8cadd17ebf16365746a179b9b8bc9945cf9cf91696a889ae81d,0.01653130352497101,0.0,-0.0029184946324676275,-0.0029184946324676275,6.938893903907228e-18,0.01653130352497101,0.0,0,1,0.9076921939849854,0.20944694064039504,13,1.661538353333106,0.004634151360984055,0.0039928937606381245,0.01653130352497101,-0.0029184946324676345,0.01653130352497101,0.0029184946324676345,0.00710151344537735,0.014437401667237282,0.00710151344537735,0,0.016531302593648434,0.0,9.313225746154785e-10,0.016531302593648434,0,1.7335485304192932e-10,1.734723475976807e-17,0,0,0,12,13,13,0,1,1,1,0.0,0.0,0.0,1,0.05304984748363495,-0.04478419618681073,0.008265651296824217,0.008265651296824217,inf,inf,0,0,-0.0029184944591127745,-1.0408340855860843e-17,1.6615384505345263,0.013733697448384007,1.0408340855860843e-17,inf,0,0,0,4,4,0,0,0.024000003933906555
5002,16,2,1,16,9d1fb0b6fa4e971f5e0e03edc66119912f3a17197530ab705efab6aa8f02b46e,63fdd9cd89c8e8cadd17ebf16365746a179b9b8bc9945cf9cf91696a889ae81d,0.014625338837504387,0.024000003933906555,0.006519531365483999,0.006519531365483999,0.0,0.014625338837504387,0.024000003933906555,1,3,0.9076921939849854,0.20944694064039504,13,1.661538353333106,0.005457474864877442,0.004318388269183683,0.009374665096402168,0.006519531365483999,0.009374665096402168,0.006519531365483999,0.012061504647135735,0.008633021265268326,0.012061504647135735,0,0.014625338546466082,0.024000003933906555,2.9103830456733704e-10,0.018712114542722702,0,2.8451507122495556e-10,6.938893903907228e-18,10,11,0,12,1,1,1,0,0,0,0.012000001966953278,0.012000001966953278,0.012000001966953278,0,0.055085317231714725,-0.045729259960353374,0.009356057271361351,0.009356057271361351,0.7796713114820258,4.5904423502107585,0,0,0.006519531080968928,-6.938893903907228e-18,1.6615384505345263,0.015545448901770027,6.938893903907228e-18,inf,0,0,0,1,5,1,0,0.006000004708766937
5002,16,2,3,16,9d1fb0b6fa4e971f5e0e03edc66119912f3a17197530ab705efab6aa8f02b46e,63fdd9cd89c8e8cadd17ebf16365746a179b9b8bc9945cf9cf91696a889ae81d,0.017779812216758728,0.017999999225139618,-0.0026680484879761934,-0.0026680484879761934,-0.008099999606050547,0.017779812216758728,0.017999999225139618,1,3,0.007692308165132999,0.2094469155167731,13,1.661538461366525,0.005822411048780496,0.004646809292218741,0.0002201870083808899,0.005431951118074353,0.0002201870083808899,0.005431951118074353,0.005454397294670343,0.015635037794709206,0.005454397294670343,0,0.017779811518266797,0.017999999225139618,6.984919309616089e-10,0.018664213828742504,0,2.8597994892326506e-10,1.3877787807814457e-17,10,11,0,12,1,1,1,0,0,0,0.008999999612569809,0.008999999612569809,0.008999999612569809,0,0.05464993417263031,-0.04531782725825906,0.009332106914371252,0.009332106914371252,1.0369008128997703,6.072215169465532,0,0,-0.0026680487739561424,-0.00809999960605056,1.6615384522538923,0.015505654478772257,0.00809999960605056,1.914278423814959,1,0,0,2,1,0,1,0.006000004708766937
5002,16,2,4,16,9d1fb0b6fa4e971f5e0e03edc66119912f3a17197530ab705efab6aa8f02b46e,63fdd9cd89c8e8cadd17ebf16365746a179b9b8bc9945cf9cf91696a889ae81d,0.016890712082386017,0.012000001966953278,0.0029702105093747377,0.0029702105093747377,-6.938893903907228e-18,0.016890712082386017,0.012000001966953278,1,3,0.9076921939849854,0.20944694064039504,13,1.661538353333106,0.003961441219965056,0.002987702790449356,0.004890710115432739,0.0029702105093747447,0.004890710115432739,0.0029702105093747447,0.005704951006919146,0.008577797561883926,0.005704951006919146,0,0.016890712082386017,0.012000001966953278,0.0,0.016890712082386017,0,3.405921898680386e-11,1.0408340855860843e-17,10,11,0,12,1,1,1,0,0,0,0.006000000983476639,0.006000000983476639,0.006000000983476639,0,0.051897356286644936,-0.04345200024545193,0.008445356041193008,0.008445356041193008,1.4075591094819178,8.649557963334457,0,0,0.0029702105434339567,3.469446951953614e-18,1.6615384505345263,0.014032283790896232,3.469446951953614e-18,inf,0,0,0,3,3,0,0,0.012000001966953278
5002,16,2,5,16,9d1fb0b6fa4e971f5e0e03edc66119912f3a17197530ab705efab6aa8f02b46e,63fdd9cd89c8e8cadd17ebf16365746a179b9b8bc9945cf9cf91696a889ae81d,0.017432954162359238,0.0,0.008221901953220367,0.008221901953220367,6.938893903907228e-18,0.017432954162359238,0.0,0,1,0.007692307233810425,0.20944694064039504,13,1.661538353333106,0.005214696270254877,0.004482300402892798,0.017432954162359238,0.00822190195322036,0.017432954162359238,0.00822190195322036,0.013262245804071426,0.01229806337505579,0.013262245804071426,0,0.01743295400228817,0.0,1.6007106751203537e-10,0.01743295400228817,0,5.9086995712887e-10,1.734723475976807e-17,0,0,0,9,13,13,0,1,1,1,0.0,0.0,0.0,1,0.05162329769518692,-0.042906820694042835,0.008716477001144085,0.008716477001144085,inf,inf,0,0,0.008221902544090325,-1.0408340855860843e-17,1.6615384505345263,0.014482761690600778,1.0408340855860843e-17,inf,0,0,0,5,2,0,0,0.024000003933906555
5002,17,0,1,17,c48e59aec371ad470dd9f22e42f3fe7efffb5ecca6333aa3bf43548391fb5cf8,63fdd9cd89c8e8cadd17ebf16365746a179b9b8bc9945cf9cf91696a889ae81d,0.023402132093906403,0.0,0.0014833990717306733,0.0014833990717306733,0.0,0.023402132093906403,0.0,0,1,0.9076921939849854,0.20944694064039504,13,1.661538353333106,0.006053441661020322,0.004773720944597876,0.023402132093906403,0.0014833990717306733,0.023402132093906403,0.0014833990717306733,0.01214904710650444,0.008031269535422325,0.01214904710650444,0,0.02340213255956769,0.0,4.656612873077393e-10,0.02340213255956769,0,7.745832733899172e-10,1.734723475976807e-18,0,0,2,12,13,13,0,1,1,1,0.0,0.0,0.0,1,0.02629888104274869,-0.014597814762964845,0.011701066279783845,0.011701066279783845,inf,inf,0,0,0.0014833982971474,-1.734723475976807e-18,1.6615384505345263,0.019441771536113844,1.734723475976807e-18,inf,0,0,0,2,4,0,0,0.012000001966953278
5002,17,0,2,17,c48e59aec371ad470dd9f22e42f3fe7efffb5ecca6333aa3bf43548391fb5cf8,63fdd9cd89c8e8cadd17ebf16365746a179b9b8bc9945cf9cf91696a889ae81d,0.02571379393339157,0.0,0.0030034687370061874,0.0030034687370061874,0.0,0.02571379393339157,0.0,0,1,0.9076921939849854,0.20944694064039504,13,1.6615383533331063,0.006266777022735373,0.004899304767949341,0.02571379393339157,0.0030034687370061874,0.02571379393339157,0.0030034687370061874,0.007117011584341526,0.006458233576267958,0.007117011584341526,0,0.02571379439905286,0.0,4.656612873077393e-10,0.02571379439905286,0,5.182880166709758e-12,1.734723475976807e-18,0,0,2,12,13,13,0,1,1,1,0.0,0.0,0.0,1,0.026430719066411257,-0.013573821866884828,0.01285689719952643,0.01285689719952643,inf,inf,0,0,0.0030034687421890676,-1.734723475976807e-18,1.661538450534526,0.02136222905158283,1.734723475976807e-18,inf,0,0,0,3,3,0,0,0.012000001966953278
5002,17,0,3,17,c48e59aec371ad470dd9f22e42f3fe7efffb5ecca6333aa3bf43548391fb5cf8,63fdd9cd89c8e8cadd17ebf16365746a179b9b8bc9945cf9cf91696a889ae81d,0.02907002903521061,0.0,0.004205178003758192,0.004205178003758192,0.0,0.02907002903521061,0.0,0,1,0.9076923131942749,0.2094469155167731,13,1.661538461366525,0.007805784349765295,0.006248958017566853,0.02907002903521061,0.004205178003758192,0.02907002903521061,0.004205178003758192,0.004351895302534103,0.008824758231639862,0.004351895302534103,0,0.029070028569549322,0.0,4.656612873077393e-10,0.029070028569549322,0,1.95004337330551e-10,6.938893903907228e-18,0,0,2,12,13,13,0,1,1,1,0.0,0.0,0.0,1,0.027917837258428335,-0.013382822973653674,0.014535014284774661,0.014535014284774661,inf,inf,0,0,0.004205178198762529,-6.938893903907228e-18,1.6615384522538923,0.024150485138212704,6.938893903907228e-18,inf,0,0,0,4,1,0,1,0.012000001966953278
5002,17,0,4,17,c48e59aec371ad470dd9f22e42f3fe7efffb5ecca6333aa3bf43548391fb5cf8,63fdd9cd89c8e8cadd17ebf16365746a179b9b8bc9945cf9cf91696a889ae81d,0.02834917977452278,0.0,0.004130177199840546,0.004130177199840546,0.0,0.02834917977452278,0.0,0,1,0.9076921939849854,0.20944694064039504,13,1.661538353333106,0.006588975304767401,0.004816239969749775,0.02834917977452278,0.004130177199840546,0.02834917977452278,0.004130177199840546,0.005689402110874653,0.006169523578137159,0.005689402110874653,0,0.02834917907603085,0.0,6.984919309616089e-10,0.02834917907603085,0,1.7726068781212523e-09,1.734723475976807e-18,0,0,2,12,13,13,0,1,1,1,0.0,0.0,0.0,1,0.028417340712621808,-0.014242751174606383,0.014174589538015425,0.014174589538015425,inf,inf,0,0,0.004130178972447424,-1.734723475976807e-18,1.6615384505345263,0.023551625537957057,1.734723475976807e-18,inf,0,0,0,5,2,0,0,0.012000001966953278
5002,17,0,5,17,c48e59aec371ad470dd9f22e42f3fe7efffb5ecca6333aa3bf43548391fb5cf8,63fdd9cd89c8e8cadd17ebf16365746a179b9b8bc9945cf9cf91696a889ae81d,0.019591838121414185,0.012000001966953278,0.0019391403766348958,0.0019391403766348958,0.0,0.019591838121414185,0.012000001966953278,1,3,0.9076921939849854,0.20944694064039504,13,1.661538353333106,0.006058309725150763,0.004612960130769825,0.007591836154460907,0.0019391403766348958,0.007591836154460907,0.0019391403766348958,0.011283635161817074,0.0027657782193273306,0.011283635161817074,0,0.01959183719009161,0.012000001966953278,9.313225746154785e-10,0.02545671258121729,0,1.110117676603184e-09,1.734723475976807e-18,10,11,2,12,1,1,1,0,0,0,0.006000000983476639,0.006000000983476639,0.006000000983476639,0,0.025608562864363194,-0.012880206573754549,0.012728356290608644,0.012728356290608644,2.1213923673781347,4.268093111132221,0,0,0.0019391414867525724,1.734723475976807e-18,1.6615384505345263,0.02114865338894928,1.734723475976807e-18,inf,0,0,0,1,5,1,0,0.012000001966953278
5002,17,1,0,17,c48e59aec371ad470dd9f22e42f3fe7efffb5ecca6333aa3bf43548391fb5cf8,63fdd9cd89c8e8cadd17ebf16365746a179b9b8bc9945cf9cf91696a889ae81d,0.01328524760901928,0.0,0.0032745569478720427,0.0032745569478720427,1.734723475976807e-18,0.01328524760901928,0.0,0,1,0.9076921939849854,0.20944694064039504,13,1.661538353333106,0.0037399252950638708,0.0029895367244115244,0.01328524760901928,0.003274556947872041,0.01328524760901928,0.003274556947872041,0.004669382702559233,0.003164452500641346,0.004669382702559233,0,0.01328524760901928,0.0,0.0,0.01328524760901928,0,5.33913948642939e-10,1.734723475976807e-18,0,0,2,11,13,13,0,1,1,1,0.0,0.0,0.0,1,0.008368327282369137,0.001725703477859497,0.00664262380450964,0.00664262380450964,inf,inf,0,0,0.003274556413958094,0.0,1.6615384505345263,0.011036974863628706,0.0,inf,0,0,0,4,5,0,0,0.017999999225139618
5002,17,1,2,17,c48e59aec371ad470dd9f22e42f3fe7efffb5ecca6333aa3bf43548391fb5cf8,63fdd9cd89c8e8cadd17ebf16365746a179b9b8bc9945cf9cf91696a889ae81d,0.022223062813282013,0.017999998992308974,0.0009241960942745209,0.0009241960942745209,-0.0012461540260423811,0.022223062813282013,0.017999998992308974,1,4,0.9076921939849854,0.20944694064039504,13,1.6615383533331063,0.004432173099496065,0.0038687735410219823,0.004223063820973039,0.002170350120316902,0.004223063820973039,0.002170350120316902,0.009408440440893173,0.008933565579354763,0.009408440440893173,0,0.022223063744604588,0.017999998992308974,9.313225746154785e-10,0.013922992162406445,0,6.02820971092044e-10,0.0,10,11,2,11,1,1,1,0,1,0,0.008999999379739165,0.007499999366700649,0.007499999366700649,0,0.009836940094828606,-0.0028754440136253834,0.006961496081203222,0.006961496081203222,0.9281995558708531,1.3115921233945393,0,0,0.000924196697095492,-0.0012461540260423811,1.661538450534526,0.011566793412164577,0.0012461540260423811,9.281993373563274,0,0,0,2,1,0,1,2.3283064365386963e-10
5002,17,1,3,17,c48e59aec371ad470dd9f22e42f3fe7efffb5ecca6333aa3bf43548391fb5cf8,63fdd9cd89c8e8cadd17ebf16365746a179b9b8bc9945cf9cf91696a889ae81d,0.013901017606258392,0.017999999225139618,-0.007303888443857431,-0.007303888443857431,-0.008099999606050554,0.013901017606258392,0.017999999225139618,1,3,0.9076923131942749,0.2094469155167731,13,1.661538461366525,0.003960228167714631,0.003103924545971952,0.004098981618881226,0.0007961111621931222,0.004098981618881226,0.0007961111621931222,0.005426955875009298,0.007644215598702431,0.005426955875009298,0,0.013901017606258392,0.017999999225139618,0.0,0.013059120625257492,0,8.276568232851167e-11,1.734723475976807e-18,10,11,2,11,1,1,1,0,1,0,0.008999999612569809,0.008999999612569809,0.008999999612569809,0,0.011105828918516636,-0.00457626860588789,0.006529560312628746,0.006529560312628746,0.725506732634662,1.233981044066461,0,0,-0.007303888526623114,-0.008099999606050552,1.6615384522538923,0.010849115535743609,0.008099999606050552,1.339397044863992,1,0,0,1,4,1,0,2.3283064365386963e-10
5002,17,1,4,17,c48e59aec371ad470dd9f22e42f3fe7efffb5ecca6333aa3bf43548391fb5cf8,63fdd9cd89c8e8cadd17ebf16365746a179b9b8bc9945cf9cf91696a889ae81d,0.01722663640975952,0.012000000104308128,0.00041669621714390814,0.00041669621714390814,0.0,0.01722663640975952,0.012000000104308128,1,3,0.9076921939849854,0.20944694064039504,13,1.661538353333106,0.0029237029374118277,0.0024444091756491977,0.005226636305451393,0.00041669621714390814,0.005226636305451393,0.00041669621714390814,0.006098099518567324,0.005574668757617474,0.006098099518567324,0,0.017226635478436947,0.012000000104308128,9.313225746154785e-10,0.011226635426282883,0,9.936331523199837e-10,8.673617379884035e-19,10,11,2,11,1,1,1,0,1,0,0.006000000052154064,0.006000000052154064,0.006000000052154064,0,0.0056382883340120316,-2.497062087059021e-05,0.005613317713141441,0.005613317713141441,0.9355529440580922,0.939714714167015,0,0,0.0004166952235107558,8.673617379884035e-19,1.6615384505345263,0.009326743215451041,8.673617379884035e-19,inf,0,0,0,3,2,0,0,0.0059999991208314896
5002,17,1,5,17,c48e59aec371ad470dd9f22e42f3fe7efffb5ecca6333aa3bf43548391fb5cf8,63fdd9cd89c8e8cadd17ebf16365746a179b9b8bc9945cf9cf91696a889ae81d,0.015051529742777348,0.0,0.0013363867765292525,0.0013363867765292525,3.469446951953614e-18,0.015051529742777348,0.0,0,1,0.9076921939849854,0.20944694064039504,13,1.661538353333106,0.004131691457490443,0.003628442008819806,0.015051529742777348,0.001336386776529249,0.015051529742777348,0.001336386776529249,0.006538237910717726,0.006512870080769062,0.006538237910717726,0,0.015051529742777348,0.0,0.0,0.015051529742777348,0,1.9341808493375523e-09,8.673617379884035e-19,0,0,2,7,13,13,0,1,1,1,0.0,0.0,0.0,1,0.009611682035028934,-0.0020859171636402607,0.007525764871388674,0.007525764871388674,inf,inf,0,0,0.0013363848423484032,2.6020852139652106e-18,1.6615384505345263,0.012504347703494305,2.6020852139652106e-18,inf,0,0,0,5,3,0,0,0.017999999225139618
5002,17,2,0,17,c48e59aec371ad470dd9f22e42f3fe7efffb5ecca6333aa3bf43548391fb5cf8,63fdd9cd89c8e8cadd17ebf16365746a179b9b8bc9945cf9cf91696a889ae81d,0.015658650547266006,0.0,0.00561152258887887,0.00561152258887887,0.0,0.015658650547266006,0.0,0,1,0.9076921939849854,0.20944694064039504,13,1.661538353333106,0.004309822709457065,0.0035998187626825,0.015658650547266006,0.00561152258887887,0.015658650547266006,0.00561152258887887,0.006191162392497063,0.01295491587370634,0.006191162392497063,0,0.01565865147858858,0.0,9.313225746154785e-10,0.01565865147858858,0,7.301706227494376e-10,0.0,0,0,5,12,13,13,0,1,1,1,0.0,0.0,0.0,1,0.04635487496852875,-0.03852554922923446,0.00782932573929429,0.00782932573929429,inf,inf,0,0,0.005611521858708247,0.0,1.6615384505345263,0.013008725757597121,0.0,inf,0,0,0,4,4,0,0,0.024000002071261406
5002,17,2,1,17,c48e59aec371ad470dd9f22e42f3fe7efffb5ecca6333aa3bf43548391fb5cf8,63fdd9cd89c8e8cadd17ebf16365746a179b9b8bc9945cf9cf91696a889ae81d,0.017624445259571075,0.024000002071261406,0.005632771644741297,0.005632771644741297,-1.289523557379546e-10,0.017624445259571075,0.024000002071261406,1,3,0.9076921939849854,0.20944694064039504,13,1.661538353333106,0.006043952949043935,0.004765149256208989,0.0063755568116903305,0.0056327717736936525,0.0063755568116903305,0.0056327717736936525,0.012146872468292713,0.009048420935869217,0.012146872468292713,0,0.017624445259571075,0.024000002071261406,0.0,0.021629952476359904,0,2.240166420419687e-10,3.469446951953614e-18,10,11,2,12,1,1,1,0,0,0,0.012000001966953278,0.012000000104308128,0.012000000104308128,0,0.051707152859307826,-0.040892176621127874,0.010814976238179952,0.010814976238179952,0.9012480120143715,4.308929367487623,0,0,0.005632771420724655,-1.2895235920740156e-10,1.6615384505345263,0.01796949886135324,1.2895235920740156e-10,139349903.88544852,0,0,0,1,2,1,0,0.006000002846121788
5002,17,2,3,17,c48e59aec371ad470dd9f22e42f3fe7efffb5ecca6333aa3bf43548391fb5cf8,63fdd9cd89c8e8cadd17ebf16365746a179b9b8bc9945cf9cf91696a889ae81d,0.01894436590373516,0.017999999225139618,-0.00296698696911335,-0.00296698696911335,-0.008099999606050554,0.01894436590373516,0.017999999225139618,1,3,0.9076923131942749,0.2094469155167731,13,1.661538461366525,0.006191672920759569,0.0051412034019298804,0.0009443666785955429,0.005133012636937204,0.0009443666785955429,0.005133012636937204,0.007060306146740913,0.013500798493623734,0.007060306146740913,0,0.018944365438073874,0.017999999225139618,4.656612873077393e-10,0.019487831741571426,0,3.2821419020112597e-10,6.938893903907228e-18,10,11,0,12,1,1,1,0,0,0,0.008999999612569809,0.008999999612569809,0.008999999612569809,0,0.05481363367289305,-0.045069717802107334,0.009743915870785713,0.009743915870785713,1.082657365582207,6.090404003611048,0,0,-0.0029669866408991597,-0.00809999960605056,1.6615384522538923,0.016189890894837432,0.00809999960605056,1.9987520595363808,1,0,0,2,1,0,1,0.006000002846121788
5002,17,2,4,17,c48e59aec371ad470dd9f22e42f3fe7efffb5ecca6333aa3bf43548391fb5cf8,63fdd9cd89c8e8cadd17ebf16365746a179b9b8bc9945cf9cf91696a889ae81d,0.01586279273033142,0.012000001966953278,0.0008928876486606896,0.0008928876486606896,0.0,0.01586279273033142,0.012000001966953278,1,3,0.9076921939849854,0.20944694064039504,13,1.661538353333106,0.0046967846372737,0.003759743738092879,0.0038627907633781433,0.0008928876486606896,0.0038627907633781433,0.0008928876486606896,0.005437833722680807,0.007449868135154247,0.005437833722680807,0,0.015862792264670134,0.012000001966953278,4.656612873077393e-10,0.015862792264670134,0,2.5307204357290225e-10,3.469446951953614e-18,10,11,0,12,1,1,1,0,0,0,0.006000000983476639,0.006000000983476639,0.006000000983476639,0,0.0492250332608819,-0.041293637128546834,0.007931396132335067,0.007931396132335067,1.3218991387130241,8.204170865378586,0,0,0.000892887395588646,3.469446951953614e-18,1.6615384505345263,0.013178319640295541,3.469446951953614e-18,inf,0,0,0,3,3,0,0,0.012000000104308128
5002,17,2,5,17,c48e59aec371ad470dd9f22e42f3fe7efffb5ecca6333aa3bf43548391fb5cf8,63fdd9cd89c8e8cadd17ebf16365746a179b9b8bc9945cf9cf91696a889ae81d,0.014605597592890263,0.0,0.006159224081784487,0.006159224081784487,0.0,0.014605597592890263,0.0,0,1,0.9076921939849854,0.20944694064039504,13,1.661538353333106,0.0045585075935290435,0.00385379532872859,0.014605597592890263,0.006159224081784487,0.014605597592890263,0.006159224081784487,0.012803417630493641,0.011201975867152214,0.012803417630493641,0,0.014605597592890263,0.0,0.0,0.014605597592890263,0,4.0024403322874713e-10,0.0,0,0,0,12,13,13,0,1,1,1,0.0,0.0,0.0,1,0.04867086512967944,-0.04136806633323431,0.007302798796445131,0.007302798796445131,inf,inf,0,0,0.00615922448202852,0.0,1.6615384505345263,0.012133880996810847,0.0,inf,0,0,0,5,5,0,0,0.024000002071261406
5002,18,0,1,18,914319016bae7599795a5c2b8a65d7eb34bd79b87afb8faa62943809a25ba827,63fdd9cd89c8e8cadd17ebf16365746a179b9b8bc9945cf9cf91696a889ae81d,0.019032008945941925,0.0,-0.003955701366066933,-0.003955701366066933,0.0,0.019032008945941925,0.0,0,1,0.9076921939849854,0.20944694064039504,13,1.661538353333106,0.004927313823386098,0.003940590299092806,0.019032008945941925,-0.003955701366066933,0.019032008945941925,0.003955701366066933,0.013161813840270042,0.008557341061532497,0.013161813840270042,0,0.019032008945941925,0.0,0.0,0.019032008945941925,0,3.4633144616047495e-10,0.0,0,0,8,12,13,13,0,1,1,1,0.0,0.0,0.0,1,0.03920668363571167,-0.029690679162740707,0.009516004472970963,0.009516004472970963,inf,inf,0,0,-0.003955701712398379,0.0,1.6615384505345263,0.015811207327299796,0.0,inf,0,0,0,2,3,0,0,0.012000000104308128
5002,18,0,2,18,914319016bae7599795a5c2b8a65d7eb34bd79b87afb8faa62943809a25ba827,63fdd9cd89c8e8cadd17ebf16365746a179b9b8bc9945cf9cf91696a889ae81d,0.01730601117014885,0.0,0.003934034612029791,0.003934034612029791,0.0,0.01730601117014885,0.0,0,1,0.9076921939849854,0.20944694064039504,13,1.6615383533331063,0.004735859099593081,0.0036104539265999426,0.01730601117014885,0.003934034612029791,0.01730601117014885,0.003934034612029791,0.011226794682443142,0.006078541278839111,0.011226794682443142,0,0.01730601117014885,0.0,0.0,0.01730601117014885,0,1.5571942815068018e-09,0.0,0,0,8,4,13,13,0,1,1,1,0.0,0.0,0.0,1,0.03935721889138222,-0.030704213306307793,0.008653005585074425,0.008653005585074425,inf,inf,0,0,0.003934036169224072,0.0,1.661538450534526,0.01437730149229116,0.0,inf,0,0,0,3,4,0,0,0.012000000104308128
5002,18,0,3,18,914319016bae7599795a5c2b8a65d7eb34bd79b87afb8faa62943809a25ba827,63fdd9cd89c8e8cadd17ebf16365746a179b9b8bc9945cf9cf91696a889ae81d,0.021951505914330482,0.0,-0.0035486863926053047,-0.0035486863926053047,0.0,0.021951505914330482,0.0,0,1,0.9076923131942749,0.2094469155167731,13,1.661538461366525,0.005650191727495957,0.004461375522542987,0.021951505914330482,-0.0035486863926053047,0.021951505914330482,0.0035486863926053047,0.007593248039484024,0.009827687405049801,0.007593248039484024,0,0.021951505914330482,0.0,0.0,0.021951505914330482,0,1.3270058819153663e-09,0.0,0,0,8,12,13,13,0,1,1,1,0.0,0.0,0.0,1,0.03795822337269783,-0.02698247041553259,0.010975752957165241,0.010975752957165241,inf,inf,0,0,-0.0035486877196111866,0.0,1.6615384522538923,0.018236635580769416,0.0,inf,0,0,0,4,2,0,0,0.012000000104308128
5002,18,0,4,18,914319016bae7599795a5c2b8a65d7eb34bd79b87afb8faa62943809a25ba827,63fdd9cd89c8e8cadd17ebf16365746a179b9b8bc9945cf9cf91696a889ae81d,0.022214235737919807,0.0,-0.001853204914368689,-0.001853204914368689,0.0,0.022214235737919807,0.0,0,1,0.9076921939849854,0.20944694064039504,13,1.661538353333106,0.006120849958796776,0.0049409128549183605,0.022214235737919807,-0.001853204914368689,0.022214235737919807,0.001853204914368689,0.004848633427172899,0.006159612908959389,0.004848633427172899,0,0.022214235737919807,0.0,0.0,0.022214235737919807,0,2.1423056505848193e-09,0.0,0,0,9,12,13,13,0,1,1,1,0.0,0.0,0.0,1,0.040270112454891205,-0.0291629945859313,0.011107117868959904,0.011107117868959904,inf,inf,0,0,-0.0018532070566743396,0.0,1.6615384505345263,0.01845490341389599,0.0,inf,0,0,0,5,1,0,1,0.012000000104308128
5002,18,0,5,18,914319016bae7599795a5c2b8a65d7eb34bd79b87afb8faa62943809a25ba827,63fdd9cd89c8e8cadd17ebf16365746a179b9b8bc9945cf9cf91696a889ae81d,0.016966180875897408,0.012000000104308128,-0.004622338805347681,-0.004622338805347681,0.0,0.016966180875897408,0.012000000104308128,1,3,0.9076921939849854,0.20944694064039504,13,1.661538353333106,0.004830256930533159,0.004061905457775974,0.004966180771589279,-0.004622338805347681,0.004966180771589279,0.004622338805347681,0.01133696734905243,0.00977086927741766,0.01133696734905243,0,0.016966180875897408,0.012000000104308128,0.0,0.015873657539486885,0,6.108981445707151e-10,0.0,10,11,9,11,1,1,1,0,1,0,0.006000000052154064,0.006000000052154064,0.006000000052154064,0,0.03299329802393913,-0.02505646925419569,0.007936828769743443,0.007936828769743443,1.3228047834589662,5.498882956191673,0,0,-0.0046223381944495365,0.0,1.6615384505345263,0.013187346176237371,0.0,inf,0,0,0,1,5,1,0,0.012000000104308128
5002,18,1,0,18,914319016bae7599795a5c2b8a65d7eb34bd79b87afb8faa62943809a25ba827,63fdd9cd89c8e8cadd17ebf16365746a179b9b8bc9945cf9cf91696a889ae81d,0.014874078333377838,0.0,-0.0023888933937996626,-0.0023888933937996626,0.0,0.014874078333377838,0.0,0,1,0.007692307233810425,0.20944694064039504,13,1.661538353333106,0.004287297110510263,0.0034506647302025165,0.014874078333377838,-0.0023888933937996626,0.014874078333377838,0.0023888933937996626,0.006455923896282911,0.003421858185902238,0.006455923896282911,0,0.014874078566208482,0.0,2.3283064365386963e-10,0.014874078566208482,0,9.163927689598284e-11,0.0,0,0,10,4,13,13,0,1,1,1,0.0,0.0,0.0,1,0.01048507378436625,0.003048034501262009,0.007437039283104241,0.007437039283104241,inf,inf,0,0,-0.0023888934854389395,0.0,1.6615384505345263,0.012356926727013424,0.0,inf,0,0,0,4,4,0,0,0.017999999225139618
5002,18,1,2,18,914319016bae7599795a5c2b8a65d7eb34bd79b87afb8faa62943809a25ba827,63fdd9cd89c8e8cadd17ebf16365746a179b9b8bc9945cf9cf91696a889ae81d,0.024737883359193802,0.017999998293817043,0.0010286200558766723,0.0010286200558766723,0.0012461539776852486,0.024737883359193802,0.017999998293817043,1,4,0.9076921939849854,0.20944694064039504,13,1.6615383533331063,0.005056337403648133,0.004402821927645502,0.006737885065376759,-0.0002175339218085763,0.006737885065376759,0.0002175339218085763,0.010156444273889065,0.009519020095467567,0.010156444273889065,0,0.024737884290516376,0.017999998293817043,9.313225746154785e-10,0.015737885609269142,0,3.8471432289854945e-10,8.673617379884035e-19,10,11,8,11,1,1,1,0,1,0,0.007499999366700649,0.008999998681247234,0.007499999366700649,0,0.010332141071557999,-0.0024631982669234276,0.007868942804634571,0.007868942804634571,1.0491924625449969,1.3776189258670892,0,0,0.0010286196711623494,0.0012461539776852477,1.661538450534526,0.013074551034957334,0.0012461539776852477,10.491922562606216,1,0,0,2,1,0,1,9.313225746154785e-10
5002,18,1,3,18,914319016bae7599795a5c2b8a65d7eb34bd79b87afb8faa62943809a25ba827,63fdd9cd89c8e8cadd17ebf16365746a179b9b8bc9945cf9cf91696a889ae81d,0.01735137403011322,0.017999999225139618,-0.007677565794438124,-0.007677565794438124,-0.008099999428741065,0.01735137403011322,0.017999999225139618,1,3,0.9076923131942749,0.2094469155167731,13,1.661538461366525,0.004455829636458586,0.003204656466507606,0.0006486251950263977,0.0004224336343029416,0.0006486251950263977,0.0004224336343029416,0.0067890179343521595,0.009341206401586533,0.0067890179343521595,0,0.017351374110148754,0.017999999225139618,8.003553375601768e-11,0.017351374110148754,0,1.7124510056504283e-09,1.734723475976807e-18,10,11,8,7,1,1,1,0,0,0,0.008999999845400453,0.008999999379739165,0.008999999379739165,0,0.013950114836916327,-0.0052744277818419505,0.008675687055074377,0.008675687055074377,0.9639652947760328,1.5500128664809558,0,0,-0.007677567506889129,-0.008099999428741064,1.6615384522538923,0.01441498764172741,0.008099999428741064,1.7796282294266592,1,0,0,1,3,1,0,9.313225746154785e-10
5002,18,1,4,18,914319016bae7599795a5c2b8a65d7eb34bd79b87afb8faa62943809a25ba827,63fdd9cd89c8e8cadd17ebf16365746a179b9b8bc9945cf9cf91696a889ae81d,0.01877431757748127,0.012000001035630703,0.0019150320440530777,0.0019150320440530777,6.447617613425383e-11,0.01877431757748127,0.012000001035630703,1,3,0.9076921939849854,0.20944694064039504,13,1.661538353333106,0.0031043856605004307,0.0025110975701428022,0.006774316541850567,0.0019150319795769016,0.006774316541850567,0.0019150319795769016,0.00418346980586648,0.006245389115065336,0.00418346980586648,0,0.018774318043142557,0.012000001035630703,4.656612873077393e-10,0.011484503280371428,0,3.9237580459067223e-10,1.734723475976807e-18,10,11,10,11,1,1,1,1,1,1,0.006000000052154064,0.006000000983476639,0.006000000052154064,0,0.006340332329273224,-0.0005980806890875101,0.005742251640185714,0.005742251640185714,0.9570419317120146,1.0567220456934792,0,0,0.001915031651677273,6.44761778689773e-11,1.6615384505345263,0.009540971892813513,6.44761778689773e-11,147976697.87749857,1,0,0,3,2,0,0,0.005999998189508915
5002,18,1,5,18,914319016bae7599795a5c2b8a65d7eb34bd79b87afb8faa62943809a25ba827,63fdd9cd89c8e8cadd17ebf16365746a179b9b8bc9945cf9cf91696a889ae81d,0.01483168825507164,0.0,0.0005740000051446259,0.0005740000051446259,0.0,0.01483168825507164,0.0,0,1,0.9076921939849854,0.20944694064039504,13,1.661538353333106,0.005125860635574802,0.004581900589035813,0.01483168825507164,0.0005740000051446259,0.01483168825507164,0.0005740000051446259,0.005796502344310284,0.009524662978947163,0.005796502344310284,0,0.01483168825507164,0.0,0.0,0.01483168825507164,0,1.5413791944196564e-09,0.0,0,0,8,7,13,13,0,1,1,1,0.0,0.0,0.0,1,0.010429877787828445,-0.0030140336602926254,0.00741584412753582,0.00741584412753582,inf,inf,0,0,0.0005739984637654315,0.0,1.6615384505345263,0.012321710161071432,0.0,inf,0,0,0,5,5,0,0,0.017999999225139618
5002,18,2,0,18,914319016bae7599795a5c2b8a65d7eb34bd79b87afb8faa62943809a25ba827,63fdd9cd89c8e8cadd17ebf16365746a179b9b8bc9945cf9cf91696a889ae81d,0.015936531126499176,0.0,-0.0026996058877557516,-0.0026996058877557516,0.0,0.015936531126499176,0.0,0,1,0.007692307233810425,0.20944694064039504,13,1.661538353333106,0.004569583715919391,0.00393918948523568,0.015936531126499176,-0.0026996058877557516,0.015936531126499176,0.0026996058877557516,0.00810044351965189,0.01484807301312685,0.00810044351965189,0,0.01593653066083789,0.0,4.656612873077393e-10,0.01593653066083789,0,3.313046495131977e-10,3.469446951953614e-18,0,0,0,12,13,13,0,1,1,1,0.0,0.0,0.0,1,0.046470220666378736,-0.03850195533595979,0.007968265330418944,0.007968265330418944,inf,inf,0,0,-0.002699605556451102,3.469446951953614e-18,1.6615384505345263,0.013239579230552278,3.469446951953614e-18,inf,0,0,0,4,4,0,0,0.023999998345971107
5002,18,2,1,18,914319016bae7599795a5c2b8a65d7eb34bd79b87afb8faa62943809a25ba827,63fdd9cd89c8e8cadd17ebf16365746a179b9b8bc9945cf9cf91696a889ae81d,0.015862474218010902,0.023999998345971107,0.005857647862285376,0.005857647862285376,1.289523487990607e-10,0.015862474218010902,0.023999998345971107,1,3,0.9076921939849854,0.20944694064039504,13,1.661538353333106,0.005445644539250542,0.004196864723630205,0.008137524127960205,0.005857647733333027,0.008137524127960205,0.005857647733333027,0.01140207052230835,0.009251318871974945,0.01140207052230835,0,0.01586247468367219,0.023999998345971107,4.656612873077393e-10,0.020148153649643064,0,1.455799947605585e-09,3.469446951953614e-18,10,11,8,11,1,1,1,0,1,0,0.011999998241662979,0.012000000104308128,0.011999998241662979,0,0.051037010038271546,-0.040962933213450015,0.010074076824821532,0.010074076824821532,0.8395065250797445,4.253084793052333,0,0,0.005857649318085323,1.2895235226850765e-10,1.6615384505345263,0.01673846599807975,1.2895235226850765e-10,129803494.88488986,1,0,0,1,5,1,0,0.0059999991208314896
5002,18,2,3,18,914319016bae7599795a5c2b8a65d7eb34bd79b87afb8faa62943809a25ba827,63fdd9cd89c8e8cadd17ebf16365746a179b9b8bc9945cf9cf91696a889ae81d,0.019093740731477737,0.017999999225139618,-0.003375008702278137,-0.003375008702278137,-0.008099999606050547,0.019093740731477737,0.017999999225139618,1,3,0.9076923131942749,0.2094469155167731,13,1.661538461366525,0.005985967717069466,0.004718876691788611,0.0010937415063381195,0.0047249909037724094,0.0010937415063381195,0.0047249909037724094,0.004934712313115597,0.016309628263115883,0.004934712313115597,0,0.019093741662800312,0.017999999225139618,9.313225746154785e-10,0.0191315826959908,0,5.919809104720786e-10,1.3877787807814457e-17,10,11,8,12,1,1,1,0,0,0,0.008999999612569809,0.008999999612569809,0.008999999612569809,0,0.05480495700612664,-0.04523916565813124,0.0095657913479954,0.0095657913479954,1.0628657510868535,6.08943992948439,0,0,-0.0033750081102972267,-0.00809999960605056,1.6615384522538923,0.01589393015093195,0.00809999960605056,1.9622136943141897,1,0,0,2,1,0,1,0.0059999991208314896
5002,18,2,4,18,914319016bae7599795a5c2b8a65d7eb34bd79b87afb8faa62943809a25ba827,63fdd9cd89c8e8cadd17ebf16365746a179b9b8bc9945cf9cf91696a889ae81d,0.01609451323747635,0.012000001966953278,0.003838897915557027,0.003838897915557027,0.0,0.01609451323747635,0.012000001966953278,1,3,0.9076921939849854,0.20944694064039504,13,1.661538353333106,0.004307404684673202,0.003518849944684808,0.004094511270523071,0.003838897915557027,0.004094511270523071,0.003838897915557027,0.0041292873211205006,0.010353483259677887,0.0041292873211205006,0,0.016094512306153774,0.012000001966953278,9.313225746154785e-10,0.016094512306153774,0,9.809251540378316e-10,0.0,10,11,0,12,1,1,1,0,0,0,0.006000000983476639,0.006000000983476639,0.006000000983476639,0,0.04828404262661934,-0.04023678647354245,0.008047256153076887,0.008047256153076887,1.3412091390048386,8.04733911870822,0,0,0.003838896934631873,0.0,1.6615384505345263,0.013370825519637804,0.0,inf,0,0,0,3,2,0,0,0.01199999637901783
5002,18,2,5,18,914319016bae7599795a5c2b8a65d7eb34bd79b87afb8faa62943809a25ba827,63fdd9cd89c8e8cadd17ebf16365746a179b9b8bc9945cf9cf91696a889ae81d,0.01600533165037632,0.0,0.006951478775590658,0.006951478775590658,0.0,0.01600533165037632,0.0,0,1,0.9076921939849854,0.20944694064039504,13,1.661538353333106,0.004980702441098443,0.004481884050210552,0.01600533165037632,0.006951478775590658,0.01600533165037632,0.006951478775590658,0.012774818576872349,0.01138121634721756,0.012774818576872349,0,0.016005331184715033,0.0,4.656612873077393e-10,0.016005331184715033,0,1.1672069213930492e-09,3.469446951953614e-18,0,0,0,9,13,13,0,1,1,1,0.0,0.0,0.0,1,0.04863541712984443,-0.04063275153748691,0.008002665592357516,0.008002665592357516,inf,inf,0,0,0.006951477608383737,-3.469446951953614e-18,1.6615384505345263,0.013296736588471674,3.469446951953614e-18,inf,0,0,0,5,3,0,0,0.023999998345971107
5002,19,0,1,19,e209611a29a7146f9d8be99c29af8b0bee019988cd72f51b03377f9243fefac7,63fdd9cd89c8e8cadd17ebf16365746a179b9b8bc9945cf9cf91696a889ae81d,0.026471253484487534,0.0,0.002316628582775593,0.002316628582775593,0.0,0.026471253484487534,0.0,0,1,0.9076921939849854,0.20944694064039504,13,1.661538353333106,0.006882303028822156,0.005502465418016416,0.026471253484487534,0.002316628582775593,0.026471253484487534,0.002316628582775593,0.015208792872726917,0.019527098163962364,0.015208792872726917,0,0.02647125255316496,0.0,9.313225746154785e-10,0.02647125255316496,0,3.1890031804496233e-09,2.168404344971009e-19,0,0,9,12,13,13,0,1,1,1,0.0,0.0,0.0,1,0.03673295280896127,-0.023497326532378793,0.01323562627658248,0.01323562627658248,inf,inf,0,0,0.0023166253937724124,2.168404344971009e-19,1.6615384505345263,0.021991501975446914,2.168404344971009e-19,inf,0,0,0,2,3,0,0,0.012000000104308128
5002,19,0,2,19,e209611a29a7146f9d8be99c29af8b0bee019988cd72f51b03377f9243fefac7,63fdd9cd89c8e8cadd17ebf16365746a179b9b8bc9945cf9cf91696a889ae81d,0.024750087410211563,0.0,0.008394156582653522,0.008394156582653522,0.0,0.024750087410211563,0.0,0,1,0.9076921939849854,0.20944694064039504,13,1.6615383533331063,0.0065530344939173256,0.005246544311914218,0.024750087410211563,0.008394156582653522,0.024750087410211563,0.008394156582653522,0.008168835192918777,0.015527738258242607,0.008168835192918777,0,0.024750088341534138,0.0,9.313225746154785e-10,0.024750088341534138,0,9.94078899058115e-10,1.0842021724855044e-19,0,0,9,12,13,13,0,1,1,1,0.0,0.0,0.0,1,0.03766498691402376,-0.025289942743256688,0.012375044170767069,0.012375044170767069,inf,inf,0,0,0.008394155588574623,-1.0842021724855044e-19,1.661538450534526,0.020561611716792636,1.0842021724855044e-19,inf,0,0,0,3,4,0,0,0.012000000104308128
5002,19,0,3,19,e209611a29a7146f9d8be99c29af8b0bee019988cd72f51b03377f9243fefac7,63fdd9cd89c8e8cadd17ebf16365746a179b9b8bc9945cf9cf91696a889ae81d,0.03274901211261749,0.0,0.0044369567185640335,0.0044369567185640335,0.0,0.03274901211261749,0.0,0,1,0.9076923131942749,0.2094469155167731,13,1.661538461366525,0.008433804566980833,0.00696596745732268,0.03274901211261749,0.0044369567185640335,0.03274901211261749,0.0044369567185640335,0.010786890983581543,0.01803414896130562,0.010786890983581543,0,0.03274901304394007,0.0,9.313225746154785e-10,0.03274901304394007,0,8.128355991759983e-10,4.336808689942018e-19,0,0,9,12,13,13,0,1,1,1,0.0,0.0,0.0,1,0.0395983976777643,-0.023223891155794263,0.016374506521970034,0.016374506521970034,inf,inf,0,0,0.004436955905728434,-4.336808689942018e-19,1.6615384522538923,0.027206872222935354,4.336808689942018e-19,inf,0,0,0,4,1,0,1,0.012000000104308128
5002,19,0,4,19,e209611a29a7146f9d8be99c29af8b0bee019988cd72f51b03377f9243fefac7,63fdd9cd89c8e8cadd17ebf16365746a179b9b8bc9945cf9cf91696a889ae81d,0.031114326789975166,0.0,0.0023874929174780846,0.0023874929174780846,0.0,0.031114326789975166,0.0,0,1,0.9076921939849854,0.20944694064039504,13,1.661538353333106,0.006885174520320264,0.00482827329115402,0.031114326789975166,0.0023874929174780846,0.031114326789975166,0.0023874929174780846,0.011296218261122704,0.012851782143115997,0.011296218261122704,0,0.03111432632431388,0.0,4.656612873077393e-10,0.03111432632431388,0,7.572877880335227e-10,0.0,0,0,9,12,13,13,0,1,1,1,0.0,0.0,0.0,1,0.03913633502088487,-0.023579171858727932,0.01555716316215694,0.01555716316215694,inf,inf,0,0,0.0023874921601902965,0.0,1.6615384505345263,0.025848824775163055,0.0,inf,0,0,0,5,2,0,0,0.012000000104308128
5002,19,0,5,19,e209611a29a7146f9d8be99c29af8b0bee019988cd72f51b03377f9243fefac7,63fdd9cd89c8e8cadd17ebf16365746a179b9b8bc9945cf9cf91696a889ae81d,0.024229830130934715,0.012000000104308128,0.002348380396142602,0.002348380396142602,-3.223808893448865e-11,0.024229830130934715,0.012000000104308128,1,3,0.9076921939849854,0.20944694064039504,13,1.661538353333106,0.006321232319314992,0.00498484056057221,0.012229830026626587,0.002348380428380691,0.012229830026626587,0.002348380428380691,0.015065125189721584,0.011452732607722282,0.015065125189721584,0,0.024229830130934715,0.012000000104308128,0.0,0.024229830130934715,0,9.548959799959844e-11,1.0842021724855044e-19,10,11,9,12,1,1,1,0,0,0,0.006000000284984708,0.0059999998193234205,0.0059999998193234205,0,0.028842147206887603,-0.016727232141420245,0.012114915065467358,0.012114915065467358,2.0191525717134895,4.807024679234063,0,0,0.0023483804916322,-3.2238088826068434e-11,1.6615384505345263,0.020129397206234023,3.2238088826068434e-11,624397969.5830153,0,0,0,1,5,1,0,0.012000000104308128
5002,19,1,0,19,e209611a29a7146f9d8be99c29af8b0bee019988cd72f51b03377f9243fefac7,63fdd9cd89c8e8cadd17ebf16365746a179b9b8bc9945cf9cf91696a889ae81d,0.0133794154971838,0.0,-0.0007935268804430962,-0.0007935268804430962,0.0,0.0133794154971838,0.0,0,1,0.007692307233810425,0.20944694064039504,13,1.661538353333106,0.003765845760597754,0.0030147594195851215,0.0133794154971838,-0.0007935268804430962,0.0133794154971838,0.0007935268804430962,0.006156709045171738,0.003130420111119747,0.006156709045171738,0,0.013379415962845087,0.0,4.656612873077393e-10,0.013379415962845087,0,3.959297828828867e-10,2.6020852139652106e-18,0,0,2,11,13,13,0,1,1,1,0.0,0.0,0.0,1,0.00851307949051261,0.001823371509090066,0.0066897079814225435,0.0066897079814225435,inf,inf,0,0,-0.000793527276372879,2.6020852139652106e-18,1.6615384505345263,0.011115207033981266,2.6020852139652106e-18,inf,0,0,0,4,5,0,0,0.017999999225139618
5002,19,1,2,19,e209611a29a7146f9d8be99c29af8b0bee019988cd72f51b03377f9243fefac7,63fdd9cd89c8e8cadd17ebf16365746a179b9b8bc9945cf9cf91696a889ae81d,0.022968415170907974,0.017999998992308974,0.0005906086298637092,0.0005906086298637092,-0.0012461540260423811,0.022968415170907974,0.017999998992308974,1,4,0.9076921939849854,0.20944694064039504,13,1.6615383533331063,0.0046457255276671616,0.004134549153142074,0.004968416178599,0.0018367626559060903,0.004968416178599,0.0018367626559060903,0.009877313859760761,0.009268185123801231,0.009877313859760761,0,0.022968415170907974,0.017999998992308974,0.0,0.014484155923128128,0,8.315923574753192e-10,0.0,10,11,2,11,1,1,1,0,1,0,0.008999999379739165,0.007499999366700649,0.007499999366700649,0,0.008377710357308388,-0.0011356323957443237,0.007242077961564064,0.007242077961564064,0.9656104764112736,1.117028141962878,0,0,0.0005906094614560667,-0.0012461540260423811,1.661538450534526,0.012032990994907395,0.0012461540260423811,9.656102490895583,0,0,0,2,1,0,1,2.3283064365386963e-10
5002,19,1,3,19,e209611a29a7146f9d8be99c29af8b0bee019988cd72f51b03377f9243fefac7,63fdd9cd89c8e8cadd17ebf16365746a179b9b8bc9945cf9cf91696a889ae81d,0.014734530821442604,0.017999999225139618,-0.00741753913462162,-0.00741753913462162,-0.008099999606050554,0.014734530821442604,0.017999999225139618,1,3,0.9076923131942749,0.2094469155167731,13,1.661538461366525,0.004001323816357144,0.0030541378838015647,0.003265468403697014,0.0006824604714289334,0.003265468403697014,0.0006824604714289334,0.004780343268066645,0.007047747727483511,0.004780343268066645,0,0.014734530646819621,0.017999999225139618,1.7462298274040222e-10,0.013982673001009971,0,1.5415675680419128e-11,1.734723475976807e-18,10,11,2,11,1,1,1,0,1,0,0.008999999612569809,0.008999999612569809,0.008999999612569809,0,0.009944677352905273,-0.002953340852400288,0.0069913365005049855,0.0069913365005049855,0.7768152001629608,1.104964197889085,0,0,-0.007417539150037296,-0.008099999606050552,1.6615384522538923,0.011616374428235198,0.008099999606050552,1.4341203695316205,1,0,0,1,4,1,0,2.3283064365386963e-10
5002,19,1,4,19,e209611a29a7146f9d8be99c29af8b0bee019988cd72f51b03377f9243fefac7,63fdd9cd89c8e8cadd17ebf16365746a179b9b8bc9945cf9cf91696a889ae81d,0.01808285340666771,0.012000000104308128,0.0002722702920436859,0.0002722702920436859,0.0,0.01808285340666771,0.012000000104308128,1,3,0.9076921939849854,0.20944694064039504,13,1.661538353333106,0.003017131907667043,0.002402313042586371,0.006082853302359581,0.0002722702920436859,0.006082853302359581,0.0002722702920436859,0.006342919543385506,0.005770964547991753,0.006342919543385506,0,0.018082852941006422,0.012000000104308128,4.656612873077393e-10,0.012082852888852358,0,6.429829446652491e-10,8.673617379884035e-19,10,11,2,11,1,1,1,0,1,0,0.006000000052154064,0.006000000052154064,0.006000000052154064,0,0.007485803682357073,0.001444377237930894,0.006041426444426179,0.006041426444426179,1.0069043986520037,1.2476339362146487,0,0,0.00027226964906074125,8.673617379884035e-19,1.6615384505345263,0.010038062333490185,8.673617379884035e-19,inf,0,0,0,3,2,0,0,0.0059999991208314896
5002,19,1,5,19,e209611a29a7146f9d8be99c29af8b0bee019988cd72f51b03377f9243fefac7,63fdd9cd89c8e8cadd17ebf16365746a179b9b8bc9945cf9cf91696a889ae81d,0.016076629981398582,0.0,0.0006231716834008694,0.0006231716834008694,3.469446951953614e-18,0.016076629981398582,0.0,0,1,0.9076921939849854,0.20944694064039504,13,1.661538353333106,0.004269714709357898,0.0036355104385572077,0.016076629981398582,0.0006231716834008659,0.016076629981398582,0.0006231716834008659,0.006130695343017578,0.007140330038964748,0.006130695343017578,0,0.01607663044705987,0.0,4.656612873077393e-10,0.01607663044705987,0,3.0143392296122506e-10,8.673617379884035e-19,0,0,2,7,13,13,0,1,1,1,0.0,0.0,0.0,1,0.008594795130193233,-0.0005564799066632986,0.008038315223529935,0.008038315223529935,inf,inf,0,0,0.0006231713819669464,2.6020852139652106e-18,1.6615384505345263,0.013355969821412022,2.6020852139652106e-18,inf,0,0,0,5,3,0,0,0.017999999225139618
5002,19,2,0,19,e209611a29a7146f9d8be99c29af8b0bee019988cd72f51b03377f9243fefac7,63fdd9cd89c8e8cadd17ebf16365746a179b9b8bc9945cf9cf91696a889ae81d,0.015728294849395752,0.0,-0.0012281205272302032,-0.0012281205272302032,0.0,0.015728294849395752,0.0,0,1,0.007692307233810425,0.20944694064039504,13,1.661538353333106,0.004322919684756898,0.003610561513645056,0.015728294849395752,-0.0012281205272302032,0.015728294849395752,0.0012281205272302032,0.006959524936974049,0.012969007715582848,0.006959524936974049,0,0.015728294383734465,0.0,4.656612873077393e-10,0.015728294383734465,0,9.216275485834924e-11,3.469446951953614e-18,0,0,5,12,13,13,0,1,1,1,0.0,0.0,0.0,1,0.0464070956222713,-0.03854294843040407,0.007864147191867232,0.007864147191867232,inf,inf,0,0,-0.001228120619392958,3.469446951953614e-18,1.6615384505345263,0.013066582939950527,3.469446951953614e-18,inf,0,0,0,4,3,0,0,0.024000002071261406
5002,19,2,1,19,e209611a29a7146f9d8be99c29af8b0bee019988cd72f51b03377f9243fefac7,63fdd9cd89c8e8cadd17ebf16365746a179b9b8bc9945cf9cf91696a889ae81d,0.018221506848931313,0.024000002071261406,0.005080834962427616,0.005080834962427616,-1.289523557379546e-10,0.018221506848931313,0.024000002071261406,1,3,0.9076921939849854,0.20944694064039504,13,1.661538353333106,0.006173855774840541,0.0048108643930702966,0.005778495222330093,0.005080835091379972,0.005778495222330093,0.005080835091379972,0.012158293277025223,0.00975671038031578,0.012158293277025223,0,0.018221506848931313,0.024000002071261406,0.0,0.02295683789998293,0,2.354494498674198e-10,3.469446951953614e-18,10,11,2,12,1,1,1,0,0,0,0.012000001966953278,0.012000000104308128,0.012000000104308128,0,0.05088865011930466,-0.03941023116931319,0.011478418949991465,0.011478418949991465,0.9565349041847583,4.2407208064135835,0,0,0.005080835197877066,-1.2895235920740156e-10,1.6615384505345263,0.01907183443675496,1.2895235920740156e-10,147898297.8983783,0,0,0,1,2,1,0,0.006000002846121788
5002,19,2,3,19,e209611a29a7146f9d8be99c29af8b0bee019988cd72f51b03377f9243fefac7,63fdd9cd89c8e8cadd17ebf16365746a179b9b8bc9945cf9cf91696a889ae81d,0.018367012962698936,0.017999999225139618,-0.0027544053737074137,-0.0027544053737074137,-0.008099999606050554,0.018367012962698936,0.017999999225139618,1,3,0.9076923131942749,0.2094469155167731,13,1.661538461366525,0.006359587510397991,0.005182371758607894,0.00036701373755931854,0.00534559423234314,0.00036701373755931854,0.00534559423234314,0.0066358535550534725,0.014357266947627068,0.0066358535550534725,0,0.018367012264207006,0.017999999225139618,6.984919309616089e-10,0.02045749593526125,0,1.3326197220372982e-10,6.938893903907228e-18,10,11,0,12,1,1,1,0,0,0,0.008999999612569809,0.008999999612569809,0.008999999612569809,0,0.054165649227797985,-0.04393690126016736,0.010228747967630625,0.010228747967630625,1.13652760088397,6.018405728834452,0,0,-0.002754405506969386,-0.00809999960605056,1.6615384522538923,0.016995458066632135,0.00809999960605056,2.0982048016319435,1,0,0,2,1,0,1,0.006000002846121788
5002,19,2,4,19,e209611a29a7146f9d8be99c29af8b0bee019988cd72f51b03377f9243fefac7,63fdd9cd89c8e8cadd17ebf16365746a179b9b8bc9945cf9cf91696a889ae81d,0.014961384236812592,0.012000001966953278,0.0008252591942436993,0.0008252591942436993,0.0,0.014961384236812592,0.012000001966953278,1,3,0.9076921939849854,0.20944694064039504,13,1.661538353333106,0.004630812749537619,0.0037672027377907693,0.002961382269859314,0.0008252591942436993,0.002961382269859314,0.0008252591942436993,0.005452451296150684,0.007060492876917124,0.005452451296150684,0,0.014961384702473879,0.012000001966953278,4.656612873077393e-10,0.014961384702473879,0,3.7154106332336345e-10,3.469446951953614e-18,10,11,0,12,1,1,1,0,0,0,0.006000000983476639,0.006000000983476639,0.006000000983476639,0,0.04708476038649678,-0.03960406803525984,0.007480692351236939,0.007480692351236939,1.2467818541760187,7.8474587781174,0,0,0.0008252595657847626,3.469446951953614e-18,1.6615384505345263,0.012429457978199707,3.469446951953614e-18,inf,0,0,0,3,4,0,0,0.012000000104308128
5002,19,2,5,19,e209611a29a7146f9d8be99c29af8b0bee019988cd72f51b03377f9243fefac7,63fdd9cd89c8e8cadd17ebf16365746a179b9b8bc9945cf9cf91696a889ae81d,0.0142171960324049,0.0,0.0059511405415833,0.0059511405415833,0.0,0.0142171960324049,0.0,0,1,0.9076921939849854,0.20944694064039504,13,1.661538353333106,0.004467854121239807,0.0038516340527914947,0.0142171960324049,0.0059511405415833,0.0142171960324049,0.0059511405415833,0.012820594944059849,0.010849961079657078,0.012820594944059849,0,0.014217196498066187,0.0,4.656612873077393e-10,0.014217196498066187,0,2.956729791558921e-10,0.0,0,0,0,12,13,13,0,1,1,1,0.0,0.0,0.0,1,0.04690981237217784,-0.039801214123144746,0.0071085982490330935,0.0071085982490330935,inf,inf,0,0,0.005951140837256279,0.0,1.6615384505345263,0.011811209320170893,0.0,inf,0,0,0,5,5,0,0,0.024000002071261406
5002,20,0,1,20,6c0fb5c0fb426452dc7d76a21fe661119cc8a425346b93b00661d5298dbb9359,63fdd9cd89c8e8cadd17ebf16365746a179b9b8bc9945cf9cf91696a889ae81d,0.024719594046473503,0.0,0.003991595935076475,0.003991595935076475,0.0,0.024719594046473503,0.0,0,1,0.9076921939849854,0.20944694064039504,13,1.661538353333106,0.007224311384874966,0.006162212622908534,0.024719594046473503,0.003991595935076475,0.024719594046473503,0.003991595935076475,0.015339773148298264,0.015447494573891163,0.015339773148298264,0,0.024719594046473503,0.0,0.0,0.024719594046473503,0,6.084759527832939e-10,4.336808689942018e-19,0,0,11,12,13,13,0,1,1,1,0.0,0.0,0.0,1,0.016698230057954788,0.004338433034718037,0.012359797023236752,0.012359797023236752,inf,inf,0,0,0.003991596543552428,4.336808689942018e-19,1.6615384505345263,0.020536277994910042,4.336808689942018e-19,inf,0,0,0,2,3,0,0,0.012000000104308128
5002,20,0,2,20,6c0fb5c0fb426452dc7d76a21fe661119cc8a425346b93b00661d5298dbb9359,63fdd9cd89c8e8cadd17ebf16365746a179b9b8bc9945cf9cf91696a889ae81d,0.02377278171479702,0.0,0.0011728887911885977,0.0011728887911885977,0.0,0.02377278171479702,0.0,0,1,0.9076921939849854,0.20944694064039504,13,1.6615383533331063,0.00696935523258744,0.0059014498035715535,0.02377278171479702,0.0011728887911885977,0.02377278171479702,0.0011728887911885977,0.009104269556701183,0.012176393531262875,0.009104269556701183,0,0.02377278171479702,0.0,0.0,0.02377278171479702,0,4.402954290223804e-10,4.336808689942018e-19,0,0,2,12,13,13,0,1,1,1,0.0,0.0,0.0,1,0.01637853216379881,0.004492141306400299,0.01188639085739851,0.01188639085739851,inf,inf,0,0,0.0011728883508931687,4.336808689942018e-19,1.661538450534526,0.01974969544764968,4.336808689942018e-19,inf,0,0,0,3,4,0,0,0.012000000104308128
5002,20,0,3,20,6c0fb5c0fb426452dc7d76a21fe661119cc8a425346b93b00661d5298dbb9359,63fdd9cd89c8e8cadd17ebf16365746a179b9b8bc9945cf9cf91696a889ae81d,0.027305100113153458,0.0,0.008045440539717674,0.008045440539717674,0.0,0.027305100113153458,0.0,0,1,0.9076923131942749,0.2094469155167731,13,1.661538461366525,0.008454126737288204,0.0072806188340723155,0.027305100113153458,0.008045440539717674,0.027305100113153458,0.008045440539717674,0.00962043832987547,0.015554395504295826,0.00962043832987547,0,0.027305101044476032,0.0,9.313225746154785e-10,0.027305101044476032,0,1.7727770640352247e-11,1.734723475976807e-18,0,0,2,12,13,13,0,1,1,1,0.0,0.0,0.0,1,0.018434536643326283,0.004781986121088266,0.013652550522238016,0.013652550522238016,inf,inf,0,0,0.008045440557445445,1.734723475976807e-18,1.6615384522538923,0.02268423766403742,1.734723475976807e-18,inf,0,0,0,4,1,0,1,0.012000000104308128
5002,20,0,4,20,6c0fb5c0fb426452dc7d76a21fe661119cc8a425346b93b00661d5298dbb9359,63fdd9cd89c8e8cadd17ebf16365746a179b9b8bc9945cf9cf91696a889ae81d,0.026369916275143623,0.0,0.0007703520823270082,0.0007703520823270082,0.0,0.026369916275143623,0.0,0,1,0.9076921939849854,0.20944694064039504,13,1.661538353333106,0.006686453241922368,0.005257095934922349,0.026369916275143623,0.0007703520823270082,0.026369916275143623,0.0007703520823270082,0.010717172175645828,0.01064039021730423,0.010717172175645828,0,0.026369916275143623,0.0,0.0,0.026369916275143623,0,2.5226052258360554e-10,4.336808689942018e-19,0,0,2,12,13,13,0,1,1,1,0.0,0.0,0.0,1,0.017263762652873993,0.004078804515302181,0.013184958137571812,0.013184958137571812,inf,inf,0,0,0.0007703518300664857,4.336808689942018e-19,1.6615384505345263,0.021907314914263662,4.336808689942018e-19,inf,0,0,0,5,2,0,0,0.012000000104308128
5002,20,0,5,20,6c0fb5c0fb426452dc7d76a21fe661119cc8a425346b93b00661d5298dbb9359,63fdd9cd89c8e8cadd17ebf16365746a179b9b8bc9945cf9cf91696a889ae81d,0.01718216761946678,0.012000000104308128,0.003025936894118786,0.003025936894118786,0.0,0.01718216761946678,0.012000000104308128,1,3,0.9076921939849854,0.20944694064039504,13,1.661538353333106,0.006437715255992891,0.005303474723846382,0.005182167515158653,0.003025936894118786,0.005182167515158653,0.003025936894118786,0.015390537679195404,0.010195545852184296,0.015390537679195404,0,0.017182166688144207,0.012000000104308128,9.313225746154785e-10,0.021230389829725027,0,1.1013592221380264e-09,8.673617379884035e-19,10,11,9,12,1,1,1,0,0,0,0.006000000052154064,0.006000000052154064,0.006000000052154064,0,0.017316428013145924,0.00670123309828341,0.010615194914862514,0.010615194914862514,1.769199137098598,2.886071310437596,0,0,0.0030259357927595637,8.673617379884035e-19,1.6615384505345263,0.017637554510962643,8.673617379884035e-19,inf,0,0,0,1,5,1,0,0.012000000104308128
5002,20,1,0,20,6c0fb5c0fb426452dc7d76a21fe661119cc8a425346b93b00661d5298dbb9359,63fdd9cd89c8e8cadd17ebf16365746a179b9b8bc9945cf9cf91696a889ae81d,0.013457981869578362,0.0,-0.0008171179797500372,-0.0008171179797500372,0.0,0.013457981869578362,0.0,0,1,0.007692307233810425,0.20944694064039504,13,1.661538353333106,0.003788185020852602,0.003036385330443199,0.013457981869578362,-0.0008171179797500372,0.013457981869578362,0.0008171179797500372,0.006128677632659674,0.003102042945101857,0.006128677632659674,0,0.013457982335239649,0.0,4.656612873077393e-10,0.013457982335239649,0,1.9167607345077498e-10,2.6020852139652106e-18,0,0,2,11,13,13,0,1,1,1,0.0,0.0,0.0,1,0.008633538614958525,0.0019045474473387003,0.006728991167619824,0.006728991167619824,inf,inf,0,0,-0.0008171177880739637,2.6020852139652106e-18,1.6615384505345263,0.011180477558307556,2.6020852139652106e-18,inf,0,0,0,4,5,0,0,0.017999999225139618
5002,20,1,2,20,6c0fb5c0fb426452dc7d76a21fe661119cc8a425346b93b00661d5298dbb9359,63fdd9cd89c8e8cadd17ebf16365746a179b9b8bc9945cf9cf91696a889ae81d,0.02268322929739952,0.017999998992308974,0.0009512997348792851,0.0009512997348792851,-0.0012461540260423811,0.02268322929739952,0.017999998992308974,1,4,0.9076921939849854,0.20944694064039504,13,1.6615383533331063,0.0045394838674868215,0.003991821527304734,0.004683230305090547,0.002197453760921666,0.004683230305090547,0.002197453760921666,0.009501268155872822,0.009108995087444782,0.009501268155872822,0,0.022683229763060808,0.017999998992308974,4.656612873077393e-10,0.014301363844424486,0,2.249533895964939e-09,0.0,10,11,2,11,1,1,1,0,1,0,0.008999999379739165,0.007499999366700649,0.007499999366700649,0,0.009567763656377792,-0.0024170817341655493,0.007150681922212243,0.007150681922212243,0.9534243368020342,1.2757019285705327,0,0,0.0009512974853453891,-0.0012461540260423811,1.661538450534526,0.011881132961297777,0.0012461540260423811,9.534241123491507,0,0,0,2,1,0,1,2.3283064365386963e-10
5002,20,1,3,20,6c0fb5c0fb426452dc7d76a21fe661119cc8a425346b93b00661d5298dbb9359,63fdd9cd89c8e8cadd17ebf16365746a179b9b8bc9945cf9cf91696a889ae81d,0.014222503639757633,0.017999999225139618,-0.007351882290095091,-0.007351882290095091,-0.008099999606050554,0.014222503639757633,0.017999999225139618,1,3,0.9076923131942749,0.2094469155167731,13,1.661538461366525,0.003976181616003795,0.0031003090525431745,0.0037774955853819847,0.0007481173159554627,0.0037774955853819847,0.0007481173159554627,0.005158017855137587,0.0072840736247599125,0.005158017855137587,0,0.01422250340692699,0.017999999225139618,2.3283064365386963e-10,0.013336962787434459,0,3.885368051598226e-10,1.734723475976807e-18,10,11,2,11,1,1,1,0,1,0,0.008999999612569809,0.008999999612569809,0.008999999612569809,0,0.011198312975466251,-0.004529831581749022,0.006668481393717229,0.006668481393717229,0.740942408975632,1.2442570508365554,0,0,-0.007351881901558286,-0.008099999606050552,1.6615384522538923,0.011079938253800804,0.008099999606050552,1.3678936781088598,1,0,0,1,4,1,0,2.3283064365386963e-10
5002,20,1,4,20,6c0fb5c0fb426452dc7d76a21fe661119cc8a425346b93b00661d5298dbb9359,63fdd9cd89c8e8cadd17ebf16365746a179b9b8bc9945cf9cf91696a889ae81d,0.017442774027585983,0.012000000104308128,0.0002677380107343197,0.0002677380107343197,0.0,0.017442774027585983,0.012000000104308128,1,3,0.9076921939849854,0.20944694064039504,13,1.661538353333106,0.0029650302875805145,0.002460251215117923,0.005442773923277855,0.0002677380107343197,0.005442773923277855,0.0002677380107343197,0.006739043164998293,0.005391914863139391,0.006739043164998293,0,0.01744277309626341,0.012000000104308128,9.313225746154785e-10,0.011442773044109344,0,1.4560691714848861e-09,8.673617379884035e-19,10,11,2,11,1,1,1,0,1,0,0.006000000052154064,0.006000000052154064,0.006000000052154064,0,0.005796866491436958,-7.547996938228607e-05,0.005721386522054672,0.005721386522054672,0.9535644120537354,0.9661444068414334,0,0,0.0002677365546651482,8.673617379884035e-19,1.6615384505345263,0.009506303696763842,8.673617379884035e-19,inf,0,0,0,3,2,0,0,0.0059999991208314896
5002,20,1,5,20,6c0fb5c0fb426452dc7d76a21fe661119cc8a425346b93b00661d5298dbb9359,63fdd9cd89c8e8cadd17ebf16365746a179b9b8bc9945cf9cf91696a889ae81d,0.015590918250381947,0.0,0.0012709615984931588,0.0012709615984931588,3.469446951953614e-18,0.015590918250381947,0.0,0,1,0.9076921939849854,0.20944694064039504,13,1.661538353333106,0.0040875034167543725,0.00351003740401663,0.015590918250381947,0.0012709615984931553,0.015590918250381947,0.0012709615984931553,0.006767015904188156,0.005770514253526926,0.006767015904188156,0,0.015590918250381947,0.0,0.0,0.015590918250381947,0,6.048218930895799e-10,8.673617379884035e-19,0,0,2,7,13,13,0,1,1,1,0.0,0.0,0.0,1,0.010066240094602108,-0.0022707809694111347,0.007795459125190973,0.007795459125190973,inf,inf,0,0,0.0012709609936712657,2.6020852139652106e-18,1.6615384505345263,0.012952455076075044,2.6020852139652106e-18,inf,0,0,0,5,3,0,0,0.017999999225139618
5002,20,2,0,20,6c0fb5c0fb426452dc7d76a21fe661119cc8a425346b93b00661d5298dbb9359,63fdd9cd89c8e8cadd17ebf16365746a179b9b8bc9945cf9cf91696a889ae81d,0.015787512063980103,0.0,-0.0012466238113120198,-0.0012466238113120198,0.0,0.015787512063980103,0.0,0,1,0.007692307233810425,0.20944694064039504,13,1.661538353333106,0.004334160184356478,0.003619691008287234,0.015787512063980103,-0.0012466238113120198,0.015787512063980103,0.0012466238113120198,0.006970168091356754,0.012980288825929165,0.006970168091356754,0,0.015787511132657528,0.0,9.313225746154785e-10,0.015787511132657528,0,1.9670206349159391e-10,3.469446951953614e-18,0,0,5,12,13,13,0,1,1,1,0.0,0.0,0.0,1,0.04645159840583801,-0.03855784283950925,0.007893755566328764,0.007893755566328764,inf,inf,0,0,-0.0012466240080140833,3.469446951953614e-18,1.6615384505345263,0.013115778392576187,3.469446951953614e-18,inf,0,0,0,4,3,0,0,0.024000002071261406
5002,20,2,1,20,6c0fb5c0fb426452dc7d76a21fe661119cc8a425346b93b00661d5298dbb9359,63fdd9cd89c8e8cadd17ebf16365746a179b9b8bc9945cf9cf91696a889ae81d,0.018519170582294464,0.024000002071261406,0.005525972228497267,0.005525972228497267,-1.289523557379546e-10,0.018519170582294464,0.024000002071261406,1,3,0.9076921939849854,0.20944694064039504,13,1.661538353333106,0.006316003193226692,0.00496946946602761,0.005480831488966942,0.0055259723574496225,0.005480831488966942,0.0055259723574496225,0.012976662255823612,0.009972662664949894,0.012976662255823612,0,0.01851917151361704,0.024000002071261406,9.313225746154785e-10,0.02295636074268259,0,7.253635903731182e-10,3.469446951953614e-18,10,11,2,12,1,1,1,0,0,0,0.012000001966953278,0.012000000104308128,0.012000000104308128,0,0.05265753870480694,-0.04117935833346564,0.011478180371341296,0.011478180371341296,0.9565150226307503,4.3881281872574585,0,0,0.005525972953860857,-1.2895235920740156e-10,1.6615384505345263,0.01907143802915423,1.2895235920740156e-10,147895223.83596358,0,0,0,1,2,1,0,0.006000002846121788
5002,20,2,3,20,6c0fb5c0fb426452dc7d76a21fe661119cc8a425346b93b00661d5298dbb9359,63fdd9cd89c8e8cadd17ebf16365746a179b9b8bc9945cf9cf91696a889ae81d,0.01908707059919834,0.017999999225139618,-0.0030165535863488913,-0.0030165535863488913,-0.008099999606050554,0.01908707059919834,0.017999999225139618,1,3,0.9076923131942749,0.2094469155167731,13,1.661538461366525,0.006279976889187561,0.0052099278466720906,0.0010870713740587234,0.005083446019701662,0.0010870713740587234,0.005083446019701662,0.006802512798458338,0.014582832343876362,0.006802512798458338,0,0.019087070133537054,0.017999999225139618,4.656612873077393e-10,0.019932907773181796,0,8.031074741864097e-10,6.938893903907228e-18,10,11,0,12,1,1,1,0,0,0,0.008999999612569809,0.008999999612569809,0.008999999612569809,0,0.05547232157550752,-0.045505867688916624,0.009966453886590898,0.009966453886590898,1.1073838128472022,6.163591551496553,0,0,-0.003016552783241417,-0.00809999960605056,1.6615384522538923,0.01655964636518603,0.00809999960605056,2.044400885256372,1,0,0,2,1,0,1,0.006000002846121788
5002,20,2,4,20,6c0fb5c0fb426452dc7d76a21fe661119cc8a425346b93b00661d5298dbb9359,63fdd9cd89c8e8cadd17ebf16365746a179b9b8bc9945cf9cf91696a889ae81d,0.01567687839269638,0.012000001966953278,0.0010075935861095786,0.0010075935861095786,0.0,0.01567687839269638,0.012000001966953278,1,3,0.9076921939849854,0.20944694064039504,13,1.661538353333106,0.004705556852417585,0.0038162054309412046,0.003676876425743103,0.0010075935861095786,0.003676876425743103,0.0010075935861095786,0.006074980366975069,0.008809570223093033,0.006074980366975069,0,0.015676877461373806,0.012000001966953278,9.313225746154785e-10,0.015676877461373806,0,2.6242546287066904e-10,3.469446951953614e-18,10,11,0,12,1,1,1,0,0,0,0.006000000983476639,0.006000000983476639,0.006000000983476639,0,0.0495625426992774,-0.0417241039685905,0.007838438730686903,0.007838438730686903,1.306406240977814,8.260422429224153,0,0,0.0010075938485350415,3.469446951953614e-18,1.6615384505345263,0.013023867343195336,3.469446951953614e-18,inf,0,0,0,3,4,0,0,0.012000000104308128
5002,20,2,5,20,6c0fb5c0fb426452dc7d76a21fe661119cc8a425346b93b00661d5298dbb9359,63fdd9cd89c8e8cadd17ebf16365746a179b9b8bc9945cf9cf91696a889ae81d,0.015248404815793037,0.0,0.006446048617362976,0.006446048617362976,0.0,0.015248404815793037,0.0,0,1,0.9076921939849854,0.20944694064039504,13,1.661538353333106,0.004468233608233119,0.003812649164840678,0.015248404815793037,0.006446048617362976,0.015248404815793037,0.006446048617362976,0.01308781374245882,0.011392362415790558,0.01308781374245882,0,0.01524840435013175,0.0,4.656612873077393e-10,0.01524840435013175,0,1.7972992712167457e-10,0.0,0,0,0,12,13,13,0,1,1,1,0.0,0.0,0.0,1,0.04936660826206207,-0.0417424060869962,0.007624202175065875,0.007624202175065875,inf,inf,0,0,0.006446048797092903,0.0,1.6615384505345263,0.01266790506852092,0.0,inf,0,0,0,5,5,0,0,0.024000002071261406
5002,21,0,1,21,6171ca9cb4ab19ef4fe5d2f2a0426561bd276f04ebfc001480b56c9dae9c6b68,63fdd9cd89c8e8cadd17ebf16365746a179b9b8bc9945cf9cf91696a889ae81d,0.0330636128783226,0.0,-0.013782456517219543,-0.013782456517219543,-1.3877787807814457e-17,0.0330636128783226,0.0,0,1,0.9076921939849854,0.20944694064039504,13,1.661538353333106,0.007523814134184785,0.0052734258083196785,0.0330636128783226,-0.01378245651721953,0.0330636128783226,0.01378245651721953,0.012782038189470768,0.014890074729919434,0.012782038189470768,0,0.0330636128783226,0.0,0.0,0.0330636128783226,0,6.537804464468167e-10,2.0816681711721685e-17,0,0,8,0,13,13,0,1,1,1,0.0,0.0,0.0,1,0.16908693313598633,-0.15255512669682503,0.0165318064391613,0.0165318064391613,inf,inf,0,0,-0.01378245717099999,6.938893903907228e-18,1.6615384505345263,0.027468232055460774,6.938893903907228e-18,inf,0,0,0,2,1,0,1,0.01199999451637268
5002,21,0,2,21,6171ca9cb4ab19ef4fe5d2f2a0426561bd276f04ebfc001480b56c9dae9c6b68,63fdd9cd89c8e8cadd17ebf16365746a179b9b8bc9945cf9cf91696a889ae81d,0.03179415687918663,0.0,0.0009809484472498298,0.0009809484472498298,0.0,0.03179415687918663,0.0,0,1,0.9076921939849854,0.20944694064039504,13,1.6615383533331063,0.0076624777037216695,0.005630067951933166,0.03179415687918663,0.0009809484472498298,0.03179415687918663,0.0009809484472498298,0.014173192903399467,0.012583700940012932,0.014173192903399467,0,0.03179415687918663,0.0,0.0,0.03179415687918663,0,5.275176993141395e-09,6.938893903907228e-18,0,0,8,11,13,13,0,1,1,1,0.0,0.0,0.0,1,0.16654110699892044,-0.15064402855932713,0.015897078439593315,0.015897078439593315,inf,inf,0,0,0.000980953722426823,-6.938893903907228e-18,1.661538450534526,0.026413607078547698,6.938893903907228e-18,inf,0,0,0,3,2,0,0,0.01199999451637268
5002,21,0,3,21,6171ca9cb4ab19ef4fe5d2f2a0426561bd276f04ebfc001480b56c9dae9c6b68,63fdd9cd89c8e8cadd17ebf16365746a179b9b8bc9945cf9cf91696a889ae81d,0.0314665213227272,0.0,-0.009641996584832668,-0.009641996584832668,0.0,0.0314665213227272,0.0,0,1,0.9076923131942749,0.2094469155167731,13,1.661538461366525,0.007785305838313111,0.005946930872618093,0.0314665213227272,-0.009641996584832668,0.0314665213227272,0.009641996584832668,0.01330993976444006,0.012486915104091167,0.01330993976444006,0,0.0314665213227272,0.0,0.0,0.0314665213227272,0,4.2015488796454115e-09,1.3877787807814457e-17,0,0,8,11,13,13,0,1,1,1,0.0,0.0,0.0,1,0.16006474196910858,-0.14433148130774498,0.0157332606613636,0.0157332606613636,inf,inf,0,0,-0.009642000786381548,-1.3877787807814457e-17,1.6615384522538923,0.026141417568189128,1.3877787807814457e-17,inf,0,0,0,4,3,0,0,0.01199999451637268
5002,21,0,4,21,6171ca9cb4ab19ef4fe5d2f2a0426561bd276f04ebfc001480b56c9dae9c6b68,63fdd9cd89c8e8cadd17ebf16365746a179b9b8bc9945cf9cf91696a889ae81d,0.030743874609470367,0.0,-0.005279687698930502,-0.005279687698930502,0.0,0.030743874609470367,0.0,0,1,0.9076921939849854,0.20944694064039504,13,1.661538353333106,0.008933151811358186,0.007679062393995432,0.030743874609470367,-0.005279687698930502,0.030743874609470367,0.005279687698930502,0.008179917931556702,0.01553976722061634,0.008179917931556702,0,0.030743874609470367,0.0,0.0,0.030743874609470367,0,6.018630704929251e-09,6.938893903907228e-18,0,0,8,11,13,13,0,1,1,1,0.0,0.0,0.0,1,0.16513045132160187,-0.14975851401686668,0.015371937304735184,0.015371937304735184,inf,inf,0,0,-0.005279693717561207,6.938893903907228e-18,1.6615384505345263,0.02554106489102358,6.938893903907228e-18,inf,0,0,0,5,4,0,0,0.01199999451637268
5002,21,0,5,21,6171ca9cb4ab19ef4fe5d2f2a0426561bd276f04ebfc001480b56c9dae9c6b68,63fdd9cd89c8e8cadd17ebf16365746a179b9b8bc9945cf9cf91696a889ae81d,0.02952522411942482,0.01199999451637268,-0.014404800720512867,-0.014404800720512867,0.0,0.02952522411942482,0.01199999451637268,1,3,0.9076921939849854,0.20944694064039504,13,1.661538353333106,0.00755751164997828,0.005973366678819148,0.01752522960305214,-0.014404800720512867,0.01752522960305214,0.014404800720512867,0.010151270776987076,0.01934994012117386,0.010151270776987076,0,0.02952522411942482,0.01199999451637268,0.0,0.029381729662418365,0,1.172523336756548e-08,6.938893903907228e-18,10,11,10,11,1,1,1,1,1,1,0.00599999725818634,0.00599999725818634,0.00599999725818634,0,0.16454799473285675,-0.14985712990164757,0.014690864831209183,0.014690864831209183,2.4484785907468716,27.42467832103573,0,0,-0.014404812445746235,6.938893903907228e-18,1.6615384505345263,0.02440943678865947,6.938893903907228e-18,inf,0,0,0,1,5,1,0,0.01199999451637268
5002,21,1,0,21,6171ca9cb4ab19ef4fe5d2f2a0426561bd276f04ebfc001480b56c9dae9c6b68,63fdd9cd89c8e8cadd17ebf16365746a179b9b8bc9945cf9cf91696a889ae81d,0.01491624303162098,0.0,-0.0024345803540199995,-0.0024345803540199995,0.0,0.01491624303162098,0.0,0,1,0.9076921939849854,0.20944694064039504,13,1.661538353333106,0.004307580793652648,0.003468675180696524,0.01491624303162098,-0.0024345803540199995,0.01491624303162098,0.0024345803540199995,0.006405797321349382,0.0034625777043402195,0.006405797321349382,0,0.01491624303162098,0.0,0.0,0.01491624303162098,0,6.447663236652801e-10,0.0,0,0,10,4,13,13,0,1,1,1,0.0,0.0,0.0,1,0.01065012440085411,0.003192002885043621,0.00745812151581049,0.00745812151581049,inf,inf,0,0,-0.002434579709253676,0.0,1.6615384505345263,0.012391955667277974,0.0,inf,0,0,0,4,5,0,0,0.017999999225139618
5002,21,1,2,21,6171ca9cb4ab19ef4fe5d2f2a0426561bd276f04ebfc001480b56c9dae9c6b68,63fdd9cd89c8e8cadd17ebf16365746a179b9b8bc9945cf9cf91696a889ae81d,0.021797683089971542,0.017999998293817043,0.0003391813952475786,0.0003391813952475786,0.0012461539776852486,0.021797683089971542,0.017999998293817043,1,4,0.9076921939849854,0.20944694064039504,13,1.6615383533331063,0.004473025036630742,0.0039243738018196715,0.003797684796154499,-0.00090697258243767,0.003797684796154499,0.00090697258243767,0.010324748232960701,0.008758943527936935,0.010324748232960701,0,0.021797682158648968,0.017999998293817043,9.313225746154785e-10,0.013846435584127903,0,1.8043619463142813e-10,8.673617379884035e-19,10,11,12,11,1,1,1,0,1,0,0.007499999366700649,0.008999998681247234,0.007499999366700649,0,0.00776317622512579,-0.0008399584330618382,0.0069232177920639515,0.0069232177920639515,0.9230957835546549,1.0350902507530364,0,0,0.00033918157568377325,0.0012461539776852477,1.661538450534526,0.011503192562939002,0.0012461539776852477,9.230956020624657,1,0,0,2,1,0,1,9.313225746154785e-10
5002,21,1,3,21,6171ca9cb4ab19ef4fe5d2f2a0426561bd276f04ebfc001480b56c9dae9c6b68,63fdd9cd89c8e8cadd17ebf16365746a179b9b8bc9945cf9cf91696a889ae81d,0.016507355496287346,0.017999999225139618,-0.006659096572548151,-0.006659096572548151,-0.008099999428741065,0.016507355496287346,0.017999999225139618,1,3,0.9076923131942749,0.2094469155167731,13,1.661538461366525,0.004312481382722845,0.0031599138433543537,0.001492643728852272,0.0014409028561929143,0.001492643728852272,0.0014409028561929143,0.006031322758644819,0.008093073964118958,0.006031322758644819,0,0.016507355496287346,0.017999999225139618,0.0,0.016507355496287346,0,9.82861210821473e-10,1.734723475976807e-18,10,11,8,7,1,1,1,0,0,0,0.008999999845400453,0.008999999379739165,0.008999999379739165,0,0.012497838353738189,-0.004244160605594516,0.008253677748143673,0.008253677748143673,0.9170753685521785,1.3886488016736283,0,0,-0.00665909558968694,-0.008099999428741064,1.6615384522538923,0.013713802951053029,0.008099999428741064,1.693062212127154,1,0,0,1,3,1,0,9.313225746154785e-10
5002,21,1,4,21,6171ca9cb4ab19ef4fe5d2f2a0426561bd276f04ebfc001480b56c9dae9c6b68,63fdd9cd89c8e8cadd17ebf16365746a179b9b8bc9945cf9cf91696a889ae81d,0.018447890877723694,0.012000001035630703,0.0019166847923770547,0.0019166847923770547,6.447617613425383e-11,0.018447890877723694,0.012000001035630703,1,3,0.9076921939849854,0.20944694064039504,13,1.661538353333106,0.0028382901176961604,0.0023390746278655248,0.006447889842092991,0.0019166847279008786,0.006447889842092991,0.0019166847279008786,0.0041073989123106,0.00675459299236536,0.0041073989123106,0,0.018447891576215625,0.012000001035630703,6.984919309616089e-10,0.009566493332386017,0,9.225242115357135e-10,1.734723475976807e-18,10,11,10,11,1,1,1,1,1,1,0.006000000052154064,0.006000000983476639,0.006000000052154064,0,0.005526447668671608,0.0007432010024785995,0.004783246666193008,0.004783246666193008,0.7972077707692306,0.9210746034389706,0,0,0.0019166838698528432,6.44761778689773e-11,1.6615384505345263,0.00794754825427077,6.44761778689773e-11,123263327.89795734,1,0,0,3,2,0,0,0.005999998189508915
5002,21,1,5,21,6171ca9cb4ab19ef4fe5d2f2a0426561bd276f04ebfc001480b56c9dae9c6b68,63fdd9cd89c8e8cadd17ebf16365746a179b9b8bc9945cf9cf91696a889ae81d,0.01578187383711338,0.0,0.0011883833212777972,0.0011883833212777972,0.0,0.01578187383711338,0.0,0,1,0.9076921939849854,0.20944694064039504,13,1.661538353333106,0.005256714087531256,0.004627100693491789,0.01578187383711338,0.0011883833212777972,0.01578187383711338,0.0011883833212777972,0.005726363509893417,0.009970143437385559,0.005726363509893417,0,0.01578187383711338,0.0,0.0,0.01578187383711338,0,8.07036894777402e-10,0.0,0,0,2,7,13,13,0,1,1,1,0.0,0.0,0.0,1,0.009560281410813332,-0.0016693444922566414,0.00789093691855669,0.00789093691855669,inf,inf,0,0,0.001188384128314692,0.0,1.6615384505345263,0.013111095100924373,0.0,inf,0,0,0,5,4,0,0,0.017999999225139618
5002,21,2,0,21,6171ca9cb4ab19ef4fe5d2f2a0426561bd276f04ebfc001480b56c9dae9c6b68,63fdd9cd89c8e8cadd17ebf16365746a179b9b8bc9945cf9cf91696a889ae81d,0.016102470457553864,0.0,-0.0027285527903586626,-0.0027285527903586626,0.0,0.016102470457553864,0.0,0,1,0.9076921939849854,0.20944694064039504,13,1.661538353333106,0.004590443053082616,0.003952222286596806,0.016102470457553864,-0.0027285527903586626,0.016102470457553864,0.0027285527903586626,0.008144954219460487,0.014889471232891083,0.008144954219460487,0,0.01610247092321515,0.0,4.656612873077393e-10,0.01610247092321515,0,3.4358564084124854e-10,3.469446951953614e-18,0,0,0,12,13,13,0,1,1,1,0.0,0.0,0.0,1,0.04655348835512996,-0.03850225289352238,0.008051235461607575,0.008051235461607575,inf,inf,0,0,-0.0027285524467730218,3.469446951953614e-18,1.6615384505345263,0.013377437293768082,3.469446951953614e-18,inf,0,0,0,4,4,0,0,0.023999998345971107
5002,21,2,1,21,6171ca9cb4ab19ef4fe5d2f2a0426561bd276f04ebfc001480b56c9dae9c6b68,63fdd9cd89c8e8cadd17ebf16365746a179b9b8bc9945cf9cf91696a889ae81d,0.014206020161509514,0.023999998345971107,0.006286382209509611,0.006286382209509611,1.289523487990607e-10,0.014206020161509514,0.023999998345971107,1,3,0.9076921939849854,0.20944694064039504,13,1.661538353333106,0.005357730322345246,0.004247855999887254,0.009793978184461594,0.006286382080557262,0.009793978184461594,0.006286382080557262,0.01094844564795494,0.008874245919287205,0.01094844564795494,0,0.014206020394340158,0.023999998345971107,2.3283064365386963e-10,0.018659913912415504,0,9.528068316971838e-10,3.469446951953614e-18,10,11,0,12,1,1,1,0,0,0,0.011999998241662979,0.012000000104308128,0.011999998241662979,0,0.04930450301617384,-0.03997454605996609,0.009329956956207752,0.009329956956207752,0.7774965269423899,4.108709186722442,0,0,0.006286381256702779,1.2895235226850765e-10,1.6615384505345263,0.015502082224571254,1.2895235226850765e-10,120215583.13486558,1,0,0,1,5,1,0,0.0059999991208314896
5002,21,2,3,21,6171ca9cb4ab19ef4fe5d2f2a0426561bd276f04ebfc001480b56c9dae9c6b68,63fdd9cd89c8e8cadd17ebf16365746a179b9b8bc9945cf9cf91696a889ae81d,0.018620045855641365,0.017999999225139618,-0.0029427155386656523,-0.0029427155386656523,-0.008099999606050547,0.018620045855641365,0.017999999225139618,1,3,0.9076923131942749,0.2094469155167731,13,1.661538461366525,0.005857508365034355,0.004665273949145698,0.0006200466305017471,0.005157284067384894,0.0006200466305017471,0.005157284067384894,0.0057354094460606575,0.01578989066183567,0.0057354094460606575,0,0.01862004614667967,0.017999999225139618,2.9103830456733704e-10,0.0190950115211308,0,3.9479349650539675e-10,1.3877787807814457e-17,10,11,0,12,1,1,1,0,0,0,0.008999999612569809,0.008999999612569809,0.008999999612569809,0,0.052804621402174234,-0.043257115641608834,0.0095475057605654,0.0095475057605654,1.0608340190627252,5.86718040836634,0,0,-0.0029427151438721558,-0.00809999960605056,1.6615384522538923,0.015863547944294957,0.00809999960605056,1.9584628044234915,1,0,0,2,1,0,1,0.0059999991208314896
5002,21,2,4,21,6171ca9cb4ab19ef4fe5d2f2a0426561bd276f04ebfc001480b56c9dae9c6b68,63fdd9cd89c8e8cadd17ebf16365746a179b9b8bc9945cf9cf91696a889ae81d,0.016128499060869217,0.012000001966953278,0.0037089791148900986,0.0037089791148900986,0.0,0.016128499060869217,0.012000001966953278,1,3,0.9076921939849854,0.20944694064039504,13,1.661538353333106,0.004107348802368097,0.003253472903150977,0.004128497093915939,0.0037089791148900986,0.004128497093915939,0.0037089791148900986,0.0049741873517632484,0.010146006010472775,0.0049741873517632484,0,0.01612849999219179,0.012000001966953278,9.313225746154785e-10,0.01612849999219179,0,3.071081249549079e-10,0.0,10,11,0,12,1,1,1,0,0,0,0.006000000983476639,0.006000000983476639,0.006000000983476639,0,0.04623091220855713,-0.03816666221246123,0.008064249996095896,0.008064249996095896,1.3440414457104222,7.705150771786891,0,0,0.0037089794219982235,0.0,1.6615384505345263,0.013399061443236234,0.0,inf,0,0,0,3,3,0,0,0.01199999637901783
5002,21,2,5,21,6171ca9cb4ab19ef4fe5d2f2a0426561bd276f04ebfc001480b56c9dae9c6b68,63fdd9cd89c8e8cadd17ebf16365746a179b9b8bc9945cf9cf91696a889ae81d,0.0169949010014534,0.0,0.007324688136577606,0.007324688136577606,0.0,0.0169949010014534,0.0,0,1,0.9076921939849854,0.20944694064039504,13,1.661538353333106,0.005093554896516654,0.004517299797146212,0.0169949010014534,0.007324688136577606,0.0169949010014534,0.007324688136577606,0.01265686471015215,0.01160352397710085,0.01265686471015215,0,0.0169949010014534,0.0,0.0,0.0169949010014534,0,4.9883833175279335e-11,3.469446951953614e-18,0,0,0,9,13,13,0,1,1,1,0.0,0.0,0.0,1,0.04791069030761719,-0.03941323980689049,0.0084974505007267,0.0084974505007267,inf,inf,0,0,0.007324688186461439,-3.469446951953614e-18,1.6615384505345263,0.014118840738471276,3.469446951953614e-18,inf,0,0,0,5,2,0,0,0.023999998345971107
5002,22,0,1,22,d551a083b0bd8ad92cb39716058132e2ace7576ad9091b9f17560b535b406a4d,63fdd9cd89c8e8cadd17ebf16365746a179b9b8bc9945cf9cf91696a889ae81d,0.023379726335406303,0.0,0.0013582739047706127,0.0013582739047706127,0.0,0.023379726335406303,0.0,0,1,0.9076921939849854,0.20944694064039504,13,1.661538353333106,0.006045856362613991,0.0047577089415146755,0.023379726335406303,0.0013582739047706127,0.023379726335406303,0.0013582739047706127,0.012236778624355793,0.008153245784342289,0.012236778624355793,0,0.023379726335406303,0.0,0.0,0.023379726335406303,0,8.41367635284751e-11,1.734723475976807e-18,0,0,2,12,13,13,0,1,1,1,0.0,0.0,0.0,1,0.02661166712641716,-0.014921803958714008,0.011689863167703152,0.011689863167703152,inf,inf,0,0,0.0013582739889073762,-1.734723475976807e-18,1.6615384505345263,0.019423157134626123,1.734723475976807e-18,inf,0,0,0,2,4,0,0,0.012000001966953278
5002,22,0,2,22,d551a083b0bd8ad92cb39716058132e2ace7576ad9091b9f17560b535b406a4d,63fdd9cd89c8e8cadd17ebf16365746a179b9b8bc9945cf9cf91696a889ae81d,0.02570759691298008,0.0,0.002956987591460347,0.002956987591460347,0.0,0.02570759691298008,0.0,0,1,0.9076921939849854,0.20944694064039504,13,1.6615383533331063,0.006254537998184162,0.00488369205426535,0.02570759691298008,0.002956987591460347,0.02570759691298008,0.002956987591460347,0.007147996220737696,0.00640158960595727,0.007147996220737696,0,0.025707596447318792,0.0,4.656612873077393e-10,0.025707596447318792,0,1.241284118894126e-09,1.734723475976807e-18,0,0,2,12,13,13,0,1,1,1,0.0,0.0,0.0,1,0.026739708613604307,-0.013885910389944911,0.012853798223659396,0.012853798223659396,inf,inf,0,0,0.002956988832744466,-1.734723475976807e-18,1.661538450534526,0.021357079984022476,1.734723475976807e-18,inf,0,0,0,3,3,0,0,0.012000001966953278
5002,22,0,3,22,d551a083b0bd8ad92cb39716058132e2ace7576ad9091b9f17560b535b406a4d,63fdd9cd89c8e8cadd17ebf16365746a179b9b8bc9945cf9cf91696a889ae81d,0.028987601399421692,0.0,0.004093699157238007,0.004093699157238007,0.0,0.028987601399421692,0.0,0,1,0.9076923131942749,0.2094469155167731,13,1.661538461366525,0.007769650118059629,0.006204417465838808,0.028987601399421692,0.004093699157238007,0.028987601399421692,0.004093699157238007,0.004346976988017559,0.00884014368057251,0.004346976988017559,0,0.028987602330744267,0.0,9.313225746154785e-10,0.028987602330744267,0,2.502441637589059e-09,6.938893903907228e-18,0,0,2,12,13,13,0,1,1,1,0.0,0.0,0.0,1,0.02824996132403612,-0.013756160158663988,0.014493801165372133,0.014493801165372133,inf,inf,0,0,0.004093701659679644,-6.938893903907228e-18,1.6615384522538923,0.024082007955588076,6.938893903907228e-18,inf,0,0,0,4,1,0,1,0.012000001966953278
5002,22,0,4,22,d551a083b0bd8ad92cb39716058132e2ace7576ad9091b9f17560b535b406a4d,63fdd9cd89c8e8cadd17ebf16365746a179b9b8bc9945cf9cf91696a889ae81d,0.02825966291129589,0.0,0.004209354054182768,0.004209354054182768,0.0,0.02825966291129589,0.0,0,1,0.9076921939849854,0.20944694064039504,13,1.661538353333106,0.006570834092243556,0.00480303265837699,0.02825966291129589,0.004209354054182768,0.02825966291129589,0.004209354054182768,0.005684616509824991,0.006087728310376406,0.005684616509824991,0,0.028259663609787822,0.0,6.984919309616089e-10,0.028259663609787822,0,7.532344557109605e-10,1.734723475976807e-18,0,0,2,12,13,13,0,1,1,1,0.0,0.0,0.0,1,0.028737815795466304,-0.014607983990572393,0.014129831804893911,0.014129831804893911,inf,inf,0,0,0.004209353300948312,-1.734723475976807e-18,1.6615384505345263,0.0234772588434169,1.734723475976807e-18,inf,0,0,0,5,2,0,0,0.012000001966953278
5002,22,0,5,22,d551a083b0bd8ad92cb39716058132e2ace7576ad9091b9f17560b535b406a4d,63fdd9cd89c8e8cadd17ebf16365746a179b9b8bc9945cf9cf91696a889ae81d,0.019624050706624985,0.012000001966953278,0.0017680693417787552,0.0017680693417787552,0.0,0.019624050706624985,0.012000001966953278,1,3,0.9076921939849854,0.20944694064039504,13,1.661538353333106,0.006044192336426748,0.004600009269262911,0.007624048739671707,0.0017680693417787552,0.007624048739671707,0.0017680693417787552,0.011362736113369465,0.002806990873068571,0.011362736113369465,0,0.019624050706624985,0.012000001966953278,0.0,0.025402608327567577,0,3.699104512283613e-10,1.734723475976807e-18,10,11,2,12,1,1,1,0,0,0,0.006000000983476639,0.006000000983476639,0.006000000983476639,0,0.02587967272847891,-0.01317836856469512,0.012701304163783789,0.012701304163783789,2.1168836803130238,4.313278081078447,0,0,0.001768068971868304,1.734723475976807e-18,1.6615384505345263,0.021103705240061044,1.734723475976807e-18,inf,0,0,0,1,5,1,0,0.012000001966953278
5002,22,1,0,22,d551a083b0bd8ad92cb39716058132e2ace7576ad9091b9f17560b535b406a4d,63fdd9cd89c8e8cadd17ebf16365746a179b9b8bc9945cf9cf91696a889ae81d,0.013524869456887245,0.0,0.0033408093731850386,0.0033408093731850386,1.734723475976807e-18,0.013524869456887245,0.0,0,1,0.9076921939849854,0.20944694064039504,13,1.661538353333106,0.00380742083656828,0.0030548832098231515,0.013524869456887245,0.003340809373185037,0.013524869456887245,0.003340809373185037,0.0047158244997262955,0.0030793831683695316,0.0047158244997262955,0,0.013524869922548532,0.0,4.656612873077393e-10,0.013524869922548532,0,2.692839909390621e-10,1.734723475976807e-18,0,0,2,11,13,13,0,1,1,1,0.0,0.0,0.0,1,0.008736637886613607,0.001974202925339341,0.006762434961274266,0.006762434961274266,inf,inf,0,0,0.0033408091039010476,0.0,1.6615384505345263,0.011236045707396154,0.0,inf,0,0,0,4,5,0,0,0.017999999225139618
5002,22,1,2,22,d551a083b0bd8ad92cb39716058132e2ace7576ad9091b9f17560b535b406a4d,63fdd9cd89c8e8cadd17ebf16365746a179b9b8bc9945cf9cf91696a889ae81d,0.022285740822553635,0.017999998992308974,0.00090068019926548,0.00090068019926548,-0.0012461540260423811,0.022285740822553635,0.017999998992308974,1,4,0.9076921939849854,0.20944694064039504,13,1.6615383533331063,0.004412600123686067,0.0038182875361932804,0.00428574183024466,0.002146834225307861,0.00428574183024466,0.002146834225307861,0.009626648388803005,0.00904485210776329,0.009626648388803005,0,0.02228574175387621,0.017999998992308974,9.313225746154785e-10,0.01403834205120802,0,4.787902730535309e-10,0.0,10,11,2,11,1,1,1,0,1,0,0.008999999379739165,0.007499999366700649,0.007499999366700649,0,0.009581932798027992,-0.0025627617724239826,0.00701917102560401,0.00701917102560401,0.9358895491069671,1.2775911476167516,0,0,0.000900679720475207,-0.0012461540260423811,1.661538450534526,0.011662622549918927,0.0012461540260423811,9.358893287820816,0,0,0,2,1,0,1,2.3283064365386963e-10
5002,22,1,3,22,d551a083b0bd8ad92cb39716058132e2ace7576ad9091b9f17560b535b406a4d,63fdd9cd89c8e8cadd17ebf16365746a179b9b8bc9945cf9cf91696a889ae81d,0.013888846151530743,0.017999999225139618,-0.007272514048963785,-0.007272514048963785,-0.008099999606050554,0.013888846151530743,0.017999999225139618,1,3,0.9076923131942749,0.2094469155167731,13,1.661538461366525,0.003972679205108184,0.0031240378016021836,0.004111153073608875,0.0008274855570867684,0.004111153073608875,0.0008274855570867684,0.005326851271092892,0.007696131709963083,0.005326851271092892,0,0.013888845918700099,0.017999999225139618,2.3283064365386963e-10,0.013152350438758731,0,3.719742543498161e-10,1.734723475976807e-18,10,11,2,11,1,1,1,0,1,0,0.008999999612569809,0.008999999612569809,0.008999999612569809,0,0.010998754762113094,-0.004422579542733729,0.0065761752193793654,0.0065761752193793654,0.7306861669410274,1.2220839150650333,0,0,-0.007272513676989531,-0.008099999606050552,1.6615384522538923,0.010926567995757992,0.008099999606050552,1.3489590774295896,1,0,0,1,4,1,0,2.3283064365386963e-10
5002,22,1,4,22,d551a083b0bd8ad92cb39716058132e2ace7576ad9091b9f17560b535b406a4d,63fdd9cd89c8e8cadd17ebf16365746a179b9b8bc9945cf9cf91696a889ae81d,0.017376799136400223,0.012000000104308128,0.0003706538991536945,0.0003706538991536945,0.0,0.017376799136400223,0.012000000104308128,1,3,0.9076921939849854,0.20944694064039504,13,1.661538353333106,0.0029673416324773713,0.0024815559078603107,0.005376799032092094,0.0003706538991536945,0.005376799032092094,0.0003706538991536945,0.006064149551093578,0.0056772842071950436,0.006064149551093578,0,0.017376798205077648,0.012000000104308128,9.313225746154785e-10,0.011376798152923584,0,4.69459283947149e-10,8.673617379884035e-19,10,11,2,11,1,1,1,0,1,0,0.006000000052154064,0.006000000052154064,0.006000000052154064,0,0.005878360942006111,0.00018996186554431915,0.005688399076461792,0.005688399076461792,0.9480665045027118,0.9797268151515627,0,0,0.00037065342969441056,8.673617379884035e-19,1.6615384505345263,0.009451493787526357,8.673617379884035e-19,inf,0,0,0,3,2,0,0,0.0059999991208314896
5002,22,1,5,22,d551a083b0bd8ad92cb39716058132e2ace7576ad9091b9f17560b535b406a4d,63fdd9cd89c8e8cadd17ebf16365746a179b9b8bc9945cf9cf91696a889ae81d,0.015276127494871616,0.0,0.001403885893523693,0.001403885893523693,3.469446951953614e-18,0.015276127494871616,0.0,0,1,0.9076921939849854,0.20944694064039504,13,1.661538353333106,0.004159420704034177,0.0036470200535813732,0.015276127494871616,0.0014038858935236896,0.015276127494871616,0.0014038858935236896,0.006600824184715748,0.006437332835048437,0.006600824184715748,0,0.015276127494871616,0.0,0.0,0.015276127494871616,0,4.892868922523608e-10,8.673617379884035e-19,0,0,2,7,13,13,0,1,1,1,0.0,0.0,0.0,1,0.009501834399998188,-0.0018637706525623798,0.007638063747435808,0.007638063747435808,inf,inf,0,0,0.0014038854042368008,2.6020852139652106e-18,1.6615384505345263,0.012690936603998431,2.6020852139652106e-18,inf,0,0,0,5,3,0,0,0.017999999225139618
5002,22,2,0,22,d551a083b0bd8ad92cb39716058132e2ace7576ad9091b9f17560b535b406a4d,63fdd9cd89c8e8cadd17ebf16365746a179b9b8bc9945cf9cf91696a889ae81d,0.015838267281651497,0.0,0.005690630059689283,0.005690630059689283,0.0,0.015838267281651497,0.0,0,1,0.9076921939849854,0.20944694064039504,13,1.661538353333106,0.0043438671317065705,0.0036275165705575148,0.015838267281651497,0.005690630059689283,0.015838267281651497,0.005690630059689283,0.006201992277055979,0.012990097515285015,0.006201992277055979,0,0.015838267281651497,0.0,0.0,0.015838267281651497,0,6.096487897844227e-10,0.0,0,0,5,12,13,13,0,1,1,1,0.0,0.0,0.0,1,0.04648974724113941,-0.038570613600313663,0.007919133640825748,0.007919133640825748,inf,inf,0,0,0.005690630669338073,0.0,1.6615384505345263,0.013157945039153456,0.0,inf,0,0,0,4,4,0,0,0.024000002071261406
5002,22,2,1,22,d551a083b0bd8ad92cb39716058132e2ace7576ad9091b9f17560b535b406a4d,63fdd9cd89c8e8cadd17ebf16365746a179b9b8bc9945cf9cf91696a889ae81d,0.017752015963196754,0.024000002071261406,0.005744900554418564,0.005744900554418564,-1.289523557379546e-10,0.017752015963196754,0.024000002071261406,1,3,0.9076921939849854,0.20944694064039504,13,1.661538353333106,0.006081244845231101,0.004785972262991691,0.0062479861080646515,0.00574490068337092,0.0062479861080646515,0.00574490068337092,0.012169674038887024,0.009015201590955257,0.012169674038887024,0,0.017752015497535467,0.024000002071261406,4.656612873077393e-10,0.021700621931813657,0,6.47884159515888e-10,3.469446951953614e-18,10,11,2,12,1,1,1,0,0,0,0.012000001966953278,0.012000000104308128,0.012000000104308128,0,0.0518297910457477,-0.04097948007984087,0.010850310965906829,0.010850310965906829,0.9041925726326828,4.3191492162687775,0,0,0.005744899906534404,-1.2895235920740156e-10,1.6615384505345263,0.018028208870110612,1.2895235920740156e-10,139805188.37282223,0,0,0,1,2,1,0,0.006000002846121788
5002,22,2,3,22,d551a083b0bd8ad92cb39716058132e2ace7576ad9091b9f17560b535b406a4d,63fdd9cd89c8e8cadd17ebf16365746a179b9b8bc9945cf9cf91696a889ae81d,0.019197162240743637,0.017999999225139618,-0.0029369525145739317,-0.0029369525145739317,-0.008099999606050554,0.019197162240743637,0.017999999225139618,1,3,0.9076923131942749,0.2094469155167731,13,1.661538461366525,0.006238278195471623,0.0051666164065341975,0.0011971630156040192,0.005163047091476622,0.0011971630156040192,0.005163047091476622,0.007104302756488323,0.013557753525674343,0.007104302756488323,0,0.01919716177508235,0.017999999225139618,4.656612873077393e-10,0.019752368796616793,0,2.6572618237741263e-11,6.938893903907228e-18,10,11,0,12,1,1,1,0,0,0,0.008999999612569809,0.008999999612569809,0.008999999612569809,0,0.05497293500229716,-0.04509675060398877,0.009876184398308396,0.009876184398308396,1.097353869272935,6.108104152084569,0,0,-0.00293695254114655,-0.00809999960605056,1.6615384522538923,0.016409660139339373,0.00809999960605056,2.0258840663500326,1,0,0,2,1,0,1,0.006000002846121788
5002,22,2,4,22,d551a083b0bd8ad92cb39716058132e2ace7576ad9091b9f17560b535b406a4d,63fdd9cd89c8e8cadd17ebf16365746a179b9b8bc9945cf9cf91696a889ae81d,0.016127673909068108,0.012000001966953278,0.000904556829482317,0.000904556829482317,0.0,0.016127673909068108,0.012000001966953278,1,3,0.9076921939849854,0.20944694064039504,13,1.661538353333106,0.00473671376764746,0.003766867362469788,0.00412767194211483,0.000904556829482317,0.00412767194211483,0.000904556829482317,0.005471013020724058,0.007499611936509609,0.005471013020724058,0,0.016127674374729395,0.012000001966953278,4.656612873077393e-10,0.016127674374729395,0,2.7877914148162486e-10,3.469446951953614e-18,10,11,0,12,1,1,1,0,0,0,0.006000000983476639,0.006000000983476639,0.006000000983476639,0,0.04939078260213137,-0.04132694541476667,0.008063837187364697,0.008063837187364697,1.3439726442664999,8.231795751058758,0,0,0.0009045571082614585,3.469446951953614e-18,1.6615384505345263,0.013398375545656632,3.469446951953614e-18,inf,0,0,0,3,3,0,0,0.012000000104308128
5002,22,2,5,22,d551a083b0bd8ad92cb39716058132e2ace7576ad9091b9f17560b535b406a4d,63fdd9cd89c8e8cadd17ebf16365746a179b9b8bc9945cf9cf91696a889ae81d,0.014827856793999672,0.0,0.00629202276468277,0.00629202276468277,0.0,0.014827856793999672,0.0,0,1,0.9076921939849854,0.20944694064039504,13,1.661538353333106,0.0045931939450926385,0.003878510947003079,0.014827856793999672,0.00629202276468277,0.014827856793999672,0.00629202276468277,0.012822702527046204,0.011119509115815163,0.012822702527046204,0,0.01482785725966096,0.0,4.656612873077393e-10,0.01482785725966096,0,7.338347134816514e-10,0.0,0,0,0,12,13,13,0,1,1,1,0.0,0.0,0.0,1,0.048777558375149965,-0.041363629745319486,0.00741392862983048,0.00741392862983048,inf,inf,0,0,0.006292023498517483,0.0,1.6615384505345263,0.012318527487982098,0.0,inf,0,0,0,5,5,0,0,0.024000002071261406
5002,23,0,1,23,785e13d31fc6d1ee43499cb2f3fcfd40b784e0adf245cd104f0cbb59bd02f53f,63fdd9cd89c8e8cadd17ebf16365746a179b9b8bc9945cf9cf91696a889ae81d,0.019334640353918076,0.0,-0.0009943785844370723,-0.0009943785844370723,0.0,0.019334640353918076,0.0,0,1,0.007692307233810425,0.20944694064039504,13,1.661538353333106,0.005014164781781156,0.004097068142256088,0.019334640353918076,-0.0009943785844370723,0.019334640353918076,0.0009943785844370723,0.011669348925352097,0.00574919069185853,0.011669348925352097,0,0.01933464128524065,0.0,9.313225746154785e-10,0.01933464128524065,0,1.437598455208966e-09,1.734723475976807e-18,0,0,2,12,13,13,0,1,1,1,0.0,0.0,0.0,1,0.027773265726864338,-0.018105945084244013,0.009667320642620325,0.009667320642620325,inf,inf,0,0,-0.000994377146838617,-1.734723475976807e-18,1.6615384505345263,0.016062624961359816,1.734723475976807e-18,inf,0,0,0,2,4,0,0,0.012000001966953278
5002,23,0,2,23,785e13d31fc6d1ee43499cb2f3fcfd40b784e0adf245cd104f0cbb59bd02f53f,63fdd9cd89c8e8cadd17ebf16365746a179b9b8bc9945cf9cf91696a889ae81d,0.0211417805403471,0.0,0.005725452210754156,0.005725452210754156,0.0,0.0211417805403471,0.0,0,1,0.9076921939849854,0.20944694064039504,13,1.661538353333106,0.005427038586115533,0.0044978932758583815,0.0211417805403471,0.005725452210754156,0.0211417805403471,0.005725452210754156,0.004893751349300146,0.005772700067609549,0.004893751349300146,0,0.0211417805403471,0.0,0.0,0.0211417805403471,0,9.148964502658785e-10,1.734723475976807e-18,0,0,2,12,13,13,0,1,1,1,0.0,0.0,0.0,1,0.028773700818419456,-0.018202810548245907,0.01057089027017355,0.01057089027017355,inf,inf,0,0,0.005725453125650606,-1.734723475976807e-18,1.6615384505345263,0.01756394064027466,1.734723475976807e-18,inf,0,0,0,3,3,0,0,0.012000001966953278
5002,23,0,3,23,785e13d31fc6d1ee43499cb2f3fcfd40b784e0adf245cd104f0cbb59bd02f53f,63fdd9cd89c8e8cadd17ebf16365746a179b9b8bc9945cf9cf91696a889ae81d,0.025849811732769012,0.0,0.0004195242654532194,0.0004195242654532194,0.0,0.025849811732769012,0.0,0,1,0.007692308165132999,0.2094469155167731,13,1.661538461366525,0.006613754982134047,0.005174315650258545,0.025849811732769012,0.0004195242654532194,0.025849811732769012,0.0004195242654532194,0.0036671976558864117,0.003494545118883252,0.0036671976558864117,0,0.025849812664091587,0.0,9.313225746154785e-10,0.025849812664091587,0,1.3337454101217117e-09,6.938893903907228e-18,0,0,2,12,13,13,0,1,1,1,0.0,0.0,0.0,1,0.028673852793872356,-0.015748946461826563,0.012924906332045794,0.012924906332045794,inf,inf,0,0,0.00041952559919862954,-6.938893903907228e-18,1.6615384522538923,0.0214752288624739,6.938893903907228e-18,inf,0,0,0,4,1,0,1,0.012000001966953278
5002,23,0,4,23,785e13d31fc6d1ee43499cb2f3fcfd40b784e0adf245cd104f0cbb59bd02f53f,63fdd9cd89c8e8cadd17ebf16365746a179b9b8bc9945cf9cf91696a889ae81d,0.02574673667550087,0.0,0.004690204747021198,0.004690204747021198,0.0,0.02574673667550087,0.0,0,1,0.9076921939849854,0.20944694064039504,13,1.661538353333106,0.0061234489656233505,0.004825824882680847,0.02574673667550087,0.004690204747021198,0.02574673667550087,0.004690204747021198,0.005968576762825251,0.003445587819442153,0.005968576762825251,0,0.025746737606823444,0.0,9.313225746154785e-10,0.025746737606823444,0,1.5880064641732305e-09,1.734723475976807e-18,0,0,2,12,13,13,0,1,1,1,0.0,0.0,0.0,1,0.02930281776934862,-0.0164294489659369,0.012873368803411722,0.012873368803411722,inf,inf,0,0,0.0046902063350276624,-1.734723475976807e-18,1.6615384505345263,0.02138959725478022,1.734723475976807e-18,inf,0,0,0,5,2,0,0,0.012000001966953278
5002,23,0,5,23,785e13d31fc6d1ee43499cb2f3fcfd40b784e0adf245cd104f0cbb59bd02f53f,63fdd9cd89c8e8cadd17ebf16365746a179b9b8bc9945cf9cf91696a889ae81d,0.016278505325317383,0.012000001966953278,-0.0030262654181569815,-0.0030262654181569815,0.0,0.016278505325317383,0.012000001966953278,1,3,0.9076921939849854,0.20944694064039504,13,1.661538353333106,0.004871563175345708,0.004097020573164584,0.004278503358364105,-0.0030262654181569815,0.004278503358364105,0.0030262654181569815,0.00927327573299408,0.007305342238396406,0.00927327573299408,0,0.016278506256639957,0.012000001966953278,9.313225746154785e-10,0.01722023170441389,0,1.5423963651423067e-09,1.734723475976807e-18,10,11,2,11,1,1,1,0,1,0,0.006000000983476639,0.006000000983476639,0.006000000983476639,0,0.02295237872749567,-0.014342262875288725,0.008610115852206945,0.008610115852206945,1.4350190734832018,3.825395827551373,0,0,-0.0030262638757606163,1.734723475976807e-18,1.6615384505345263,0.01430603855199869,1.734723475976807e-18,inf,0,0,0,1,5,1,0,0.012000001966953278
5002,23,1,0,23,785e13d31fc6d1ee43499cb2f3fcfd40b784e0adf245cd104f0cbb59bd02f53f,63fdd9cd89c8e8cadd17ebf16365746a179b9b8bc9945cf9cf91696a889ae81d,0.017796162515878677,0.0,0.00023185135796666145,0.00023185135796666145,0.0,0.017796162515878677,0.0,0,1,0.9076921939849854,0.20944694064039504,13,1.661538353333106,0.005300711346922762,0.004347442184332428,0.017796162515878677,0.00023185135796666145,0.017796162515878677,0.00023185135796666145,0.0038493273314088583,0.010030453093349934,0.0038493273314088583,0,0.017796162515878677,0.0,0.0,0.017796162515878677,0,1.9413179874402942e-10,1.0842021724855044e-19,0,0,10,4,13,13,0,1,1,1,0.0,0.0,0.0,1,0.012517645256593823,-0.0036195639986544847,0.008898081257939339,0.008898081257939339,inf,inf,0,0,0.0002318515520984602,-1.0842021724855044e-19,1.6615384505345263,0.014784504146046838,1.0842021724855044e-19,inf,0,0,0,4,5,0,0,0.017999999225139618
5002,23,1,2,23,785e13d31fc6d1ee43499cb2f3fcfd40b784e0adf245cd104f0cbb59bd02f53f,63fdd9cd89c8e8cadd17ebf16365746a179b9b8bc9945cf9cf91696a889ae81d,0.025438446551561356,0.017999999225139618,-0.0018506130436435342,-0.0018506130436435342,3.223808936816952e-11,0.025438446551561356,0.017999999225139618,1,3,0.9076921939849854,0.20944694064039504,13,1.661538353333106,0.004853720529040561,0.003916619778142349,0.007438447326421738,-0.0018506130758816236,0.007438447326421738,0.0018506130758816236,0.007838958874344826,0.009186144918203354,0.007838958874344826,0,0.025438447017222643,0.017999999225139618,4.656612873077393e-10,0.01632860628888011,0,2.1996349741648658e-09,5.421010862427522e-19,10,11,10,11,1,1,1,1,1,1,0.008999999379739165,0.008999999845400453,0.008999999379739165,0,0.019610131392255425,-0.01144582824781537,0.008164303144440055,0.008164303144440055,0.9071448563451645,2.1789036381937796,0,0,-0.0018506152432785083,3.2238088826068434e-11,1.6615384505345263,0.01356530359630709,3.2238088826068434e-11,420784981.0668021,0,0,0,1,1,1,1,0.0
5002,23,1,3,23,785e13d31fc6d1ee43499cb2f3fcfd40b784e0adf245cd104f0cbb59bd02f53f,63fdd9cd89c8e8cadd17ebf16365746a179b9b8bc9945cf9cf91696a889ae81d,0.019675124436616898,0.017999999225139618,-0.009580373764038086,-0.009580373764038086,-0.008099999783360044,0.019675124436616898,0.017999999225139618,1,3,0.007692308165132999,0.2094469155167731,13,1.661538461366525,0.004690264027649594,0.0033312390813123177,0.0016751252114772797,-0.0014803739806780424,0.0016751252114772797,0.0014803739806780424,0.005618484225124121,0.010353095829486847,0.005618484225124121,0,0.01967512412375072,0.017999999225139618,3.128661774098873e-10,0.019166900019627064,0,3.013088528680541e-10,1.734723475976807e-18,10,11,10,11,1,1,1,1,1,1,0.008999999379739165,0.008999999845400453,0.008999999379739165,0,0.01766576082445681,-0.008082310814643279,0.009583450009813532,0.009583450009813532,1.0648278522538384,1.9628624491048348,0,0,-0.009580373462729233,-0.008099999783360042,1.6615384522538923,0.015923270696558127,0.008099999783360042,1.965835941041573,1,0,0,2,4,0,0,0.0
5002,23,1,4,23,785e13d31fc6d1ee43499cb2f3fcfd40b784e0adf245cd104f0cbb59bd02f53f,63fdd9cd89c8e8cadd17ebf16365746a179b9b8bc9945cf9cf91696a889ae81d,0.023806817829608917,0.012000000104308128,0.00016063428483903408,0.00016063428483903408,3.223808893448865e-11,0.023806817829608917,0.012000000104308128,1,3,0.9076921939849854,0.20944694064039504,13,1.661538353333106,0.004165856002287991,0.003401198132327323,0.011806817725300789,0.00016063425260094515,0.011806817725300789,0.00016063425260094515,0.009604438208043575,0.009913093410432339,0.009604438208043575,0,0.023806817596778274,0.012000000104308128,2.3283064365386963e-10,0.01411022711545229,0,6.016700158928412e-11,2.168404344971009e-19,10,11,10,11,1,1,1,1,1,1,0.0059999998193234205,0.006000000284984708,0.0059999998193234205,0,0.015077552059665322,-0.008022438501939178,0.007055113557726145,0.007055113557726145,1.1758522950291859,2.512925418948682,0,0,0.0001606342246720325,3.2238089151329086e-11,1.6615384505345263,0.011722342449049428,3.2238089151329086e-11,363617781.25320894,1,0,0,3,2,0,0,0.0059999991208314896
5002,23,1,5,23,785e13d31fc6d1ee43499cb2f3fcfd40b784e0adf245cd104f0cbb59bd02f53f,63fdd9cd89c8e8cadd17ebf16365746a179b9b8bc9945cf9cf91696a889ae81d,0.02012402005493641,0.0,-1.892494037747383e-05,-1.892494037747383e-05,0.0,0.02012402005493641,0.0,0,1,0.9076921939849854,0.20944694064039504,13,1.661538353333106,0.006201684503842918,0.005086864950961968,0.02012402005493641,-1.892494037747383e-05,0.02012402005493641,1.892494037747383e-05,0.006365478504449129,0.010585799813270569,0.006365478504449129,0,0.02012402075342834,0.0,6.984919309616089e-10,0.02012402075342834,0,1.3646204305439724e-09,2.168404344971009e-19,0,0,10,7,13,13,0,1,1,1,0.0,0.0,0.0,1,0.02011789777316153,-0.01005588739644736,0.01006201037671417,0.01006201037671417,inf,inf,0,0,-1.8926304997904375e-05,-2.168404344971009e-19,1.6615384505345263,0.016718417130587988,2.168404344971009e-19,inf,0,0,0,5,3,0,0,0.017999999225139618
5002,23,2,0,23,785e13d31fc6d1ee43499cb2f3fcfd40b784e0adf245cd104f0cbb59bd02f53f,63fdd9cd89c8e8cadd17ebf16365746a179b9b8bc9945cf9cf91696a889ae81d,0.020018339157104492,0.0,0.00021533016115427017,0.00021533016115427017,0.0,0.020018339157104492,0.0,0,1,0.9076921939849854,0.20944694064039504,13,1.661538353333106,0.0050480556952147045,0.0037470743908772806,0.020018339157104492,0.00021533016115427017,0.020018339157104492,0.00021533016115427017,0.002651062561199069,0.012017205357551575,0.002651062561199069,0,0.020018340088427067,0.0,9.313225746154785e-10,0.020018340088427067,0,6.236346473953436e-10,8.673617379884035e-19,0,0,0,4,13,13,0,1,1,1,0.0,0.0,0.0,1,0.032456930726766586,-0.022447760682553053,0.010009170044213533,0.010009170044213533,inf,inf,0,0,0.00021533078478891757,-8.673617379884035e-19,1.6615384505345263,0.01663062088639915,8.673617379884035e-19,inf,0,0,0,4,4,0,0,0.024000000208616257
5002,23,2,1,23,785e13d31fc6d1ee43499cb2f3fcfd40b784e0adf245cd104f0cbb59bd02f53f,63fdd9cd89c8e8cadd17ebf16365746a179b9b8bc9945cf9cf91696a889ae81d,0.01975424215197563,0.024000000208616257,0.009524811990559101,0.009524811990559101,0.0,0.01975424215197563,0.024000000208616257,1,3,0.007692307233810425,0.20944694064039504,13,1.661538353333106,0.007207143208257726,0.005790137470914767,0.004245758056640625,0.009524811990559101,0.004245758056640625,0.009524811990559101,0.011864671483635902,0.005016160663217306,0.011864671483635902,0,0.019754241220653057,0.024000000208616257,9.313225746154785e-10,0.02597979363054037,0,3.424771143761829e-10,0.0,10,11,0,4,1,1,1,0,0,0,0.012000000104308128,0.012000000104308128,0.012000000104308128,0,0.027988623827695847,-0.014998727012425661,0.012989896815270185,0.012989896815270185,1.0824913918631278,2.3323852987007583,0,0,0.009524811648081987,0.0,1.6615384505345263,0.021583213027047403,0.0,inf,0,0,0,1,5,1,0,0.006000000983476639
5002,23,2,3,23,785e13d31fc6d1ee43499cb2f3fcfd40b784e0adf245cd104f0cbb59bd02f53f,63fdd9cd89c8e8cadd17ebf16365746a179b9b8bc9945cf9cf91696a889ae81d,0.020166506990790367,0.017999999225139618,-0.0016086105024442077,-0.0016086105024442077,-0.008099999606050554,0.020166506990790367,0.017999999225139618,1,3,0.007692308165132999,0.2094469155167731,13,1.661538461366525,0.007031679418557379,0.005867221320362089,0.002166507765650749,0.006491389103606346,0.002166507765650749,0.006491389103606346,0.007422200869768858,0.008227979764342308,0.007422200869768858,0,0.020166506670648232,0.017999999225139618,3.2014213502407074e-10,0.027399072103435174,0,6.018875241958765e-11,1.734723475976807e-18,10,11,0,7,1,1,1,0,0,0,0.008999999612569809,0.008999999612569809,0.008999999612569809,0,0.03913496434688568,-0.025435428295168094,0.013699536051717587,0.013699536051717587,1.5221707379391651,4.348329559062203,0,0,-0.00160861056263296,-0.008099999606050555,1.6615384522538923,0.022762305927967238,0.008099999606050555,2.810161362349228,1,0,0,2,3,0,0,0.006000000983476639
5002,23,2,4,23,785e13d31fc6d1ee43499cb2f3fcfd40b784e0adf245cd104f0cbb59bd02f53f,63fdd9cd89c8e8cadd17ebf16365746a179b9b8bc9945cf9cf91696a889ae81d,0.024101383984088898,0.011999999172985554,0.0015187024837359786,0.0015187024837359786,6.447617960370078e-11,0.024101383984088898,0.011999999172985554,1,3,0.9076921939849854,0.20944694064039504,13,1.661538353333106,0.006063153827002383,0.004851249611479114,0.012101384811103344,0.001518702419259799,0.012101384811103344,0.001518702419259799,0.006359074264764786,0.007794892881065607,0.006359074264764786,0,0.024101384566165507,0.011999999172985554,5.820766091346741e-10,0.024101384566165507,0,6.825803264623453e-10,2.6020852139652106e-18,10,11,0,4,1,1,1,0,0,0,0.0059999991208314896,0.006000000052154064,0.0059999991208314896,0,0.03725963085889816,-0.02520893857581541,0.012050692283082753,0.012050692283082753,2.0084490081413127,6.209939386413554,0,0,0.0015187018011556521,6.447617700161556e-11,1.6615384505345263,0.02002268858390169,6.447617700161556e-11,310543979.4204918,1,0,0,3,1,0,1,0.012000001035630703
5002,23,2,5,23,785e13d31fc6d1ee43499cb2f3fcfd40b784e0adf245cd104f0cbb59bd02f53f,63fdd9cd89c8e8cadd17ebf16365746a179b9b8bc9945cf9cf91696a889ae81d,0.020635182037949562,0.0,0.009121217764914036,0.009121217764914036,1.734723475976807e-18,0.020635182037949562,0.0,0,1,0.9076921939849854,0.20944694064039504,13,1.661538353333106,0.0057327130569365435,0.004666889731127482,0.020635182037949562,0.009121217764914034,0.020635182037949562,0.009121217764914034,0.01165954489260912,0.00849669985473156,0.01165954489260912,0,0.020635182270780206,0.0,2.3283064365386963e-10,0.020635182270780206,0,8.287485645658288e-10,1.734723475976807e-18,0,0,0,4,13,13,0,1,1,1,0.0,0.0,0.0,1,0.035476863384246826,-0.025159272248856723,0.010317591135390103,0.010317591135390103,inf,inf,0,0,0.009121216936165471,0.0,1.6615384505345263,0.017143074388344837,0.0,inf,0,0,0,5,2,0,0,0.024000000208616257
