seed,state_idx,ego_id,neighbor_id,fixed_panel_step_index,fixed_panel_step_hash,fixed_panel_fingerprint,learned_score,oracle_score,learned_signed,learned_direction_row_aipw,oracle_signed,learned_range,oracle_range,oracle_q_nonconstant,oracle_q_distinct_levels,observed_action_probability,policy_support_entropy,valid_action_count,target_policy_l1_to_uniform,q_centered_rmse,q_centered_mae,abs_error,signed_error,capacity_abs_error,direction_abs_error,proxy_sigma,capacity_sigma,direction_sigma,dr_applied,learned_q_range,oracle_q_range_from_surface,capacity_head_q_range_consistency_abs,capacity_q_error_bound,capacity_q_error_bound_violation,direction_head_q_consistency_abs,oracle_direction_q_consistency_abs,oracle_argmax_action,oracle_argmin_action,learned_argmax_action,learned_argmin_action,oracle_argmax_count,oracle_argmin_count,oracle_extrema_unique,argmax_match,argmin_match,both_extrema_match,oracle_g_plus,oracle_g_minus,oracle_extrema_gap,extrema_gap_zero,q_raw_sup_error,q_gauge_shift_opt,q_gauge_sup_error,q_gauge_sup_error_check,lambda_C,lambda_C_raw,extrema_stability_certified,extrema_stability_violation,learned_direction_from_q,oracle_direction_from_q,direction_weight_l1,direction_q_error_bound,direction_sign_margin,lambda_D,direction_sign_match_from_q,direction_sign_certified,direction_sign_violation,oracle_capacity_rank,learned_capacity_rank,oracle_capacity_topk_member,learned_capacity_topk_member,oracle_capacity_margin_to_topk_boundary
5001,0,0,1,0,70105539cf07d21a396a5265a501ba678bf245f57fe42cf53d0aded4b1346aae,3a7b5b63d4f5a16949cb0ae7bfac60846858d7f7dbcde2ae1a6b83830bf77e5e,0.00589248351752758,0.0,-0.0019629187881946564,-0.0019629187881946564,0.0,0.00589248351752758,0.0,0,1,0.9076921939849854,0.20944694064039504,13,1.661538353333106,0.001361554464493333,0.0009355394599529413,0.00589248351752758,-0.0019629187881946564,0.00589248351752758,0.0019629187881946564,0.002262700581923127,0.0025590937584638596,0.002262700581923127,0,0.005892483284696937,0.0,2.3283064365386963e-10,0.005892483284696937,0,9.64888797767155e-10,0.0,0,0,10,3,13,13,0,1,1,1,0.0,0.0,0.0,1,0.006376251112669706,-0.003430009470321238,0.0029462416423484683,0.0029462416423484683,inf,inf,0,0,-0.001962919753083454,0.0,1.6615384505345263,0.004895293773327972,0.0,inf,0,0,0,3,5,0,0,0.029999999329447746
5001,0,0,2,0,70105539cf07d21a396a5265a501ba678bf245f57fe42cf53d0aded4b1346aae,3a7b5b63d4f5a16949cb0ae7bfac60846858d7f7dbcde2ae1a6b83830bf77e5e,0.019269835203886032,0.029999999329447746,0.00029987687594257295,0.00029987687594257295,0.0,0.019269835203886032,0.029999999329447746,1,3,0.007692307233810425,0.20944694064039504,13,1.661538353333106,0.0023335859562317305,0.001609332046675435,0.010730164125561714,0.00029987687594257295,0.010730164125561714,0.00029987687594257295,0.0031235194765031338,0.007229221984744072,0.0031235194765031338,0,0.01926983566954732,0.029999999329447746,4.656612873077393e-10,0.010730163659900427,0,3.7863853545594406e-11,0.0,10,11,10,11,1,1,1,1,1,1,0.014999999664723873,0.014999999664723873,0.014999999664723873,0,0.007891403045505285,-0.002526321215555072,0.005365081829950213,0.005365081829950213,0.357672129991276,0.5260935481261262,1,0,0.0002998769138064265,0.0,1.6615384505345263,0.008914289750726419,0.0,inf,0,0,0,1,2,1,0,0.0
5001,0,0,3,0,70105539cf07d21a396a5265a501ba678bf245f57fe42cf53d0aded4b1346aae,3a7b5b63d4f5a16949cb0ae7bfac60846858d7f7dbcde2ae1a6b83830bf77e5e,0.00835835374891758,0.0,-0.002496242057532072,-0.002496242057532072,0.0,0.00835835374891758,0.0,0,1,0.9076923131942749,0.2094469155167731,13,1.661538461366525,0.002017032402584753,0.0014287648810701963,0.00835835374891758,-0.002496242057532072,0.00835835374891758,0.002496242057532072,0.004340536892414093,0.0034397428389638662,0.004340536892414093,0,0.00835835374891758,0.0,0.0,0.00835835374891758,0,1.0783949557988115e-10,0.0,0,0,10,11,13,13,0,1,1,1,0.0,0.0,0.0,1,0.007292767520993948,-0.003113590646535158,0.00417917687445879,0.00417917687445879,inf,inf,0,0,-0.0024962421653715676,0.0,1.6615384522538923,0.0069438630756835165,0.0,inf,0,0,0,4,3,0,0,0.029999999329447746
5001,0,0,4,0,70105539cf07d21a396a5265a501ba678bf245f57fe42cf53d0aded4b1346aae,3a7b5b63d4f5a16949cb0ae7bfac60846858d7f7dbcde2ae1a6b83830bf77e5e,0.021063752472400665,0.029999999329447746,0.0011259178863838315,0.0011259178863838315,0.0,0.021063752472400665,0.029999999329447746,1,3,0.9076921939849854,0.20944694064039504,13,1.661538353333106,0.0019863128992326515,0.0014300449205749838,0.008936246857047081,0.0011259178863838315,0.008936246857047081,0.0011259178863838315,0.0023428364656865597,0.007817097939550877,0.0023428364656865597,0,0.021063752006739378,0.029999999329447746,4.656612873077393e-10,0.008936247322708368,0,1.3282700612148035e-10,0.0,10,11,10,11,1,1,1,1,1,1,0.014999999664723873,0.014999999664723873,0.014999999664723873,0,0.008196223992854357,-0.0037281003315001726,0.004468123661354184,0.004468123661354184,0.29787491741496885,0.5464149450702829,1,0,0.0011259177535568254,0.0,1.6615384505345263,0.007423959265083086,0.0,inf,0,0,0,2,1,0,1,0.0
5001,0,0,5,0,70105539cf07d21a396a5265a501ba678bf245f57fe42cf53d0aded4b1346aae,3a7b5b63d4f5a16949cb0ae7bfac60846858d7f7dbcde2ae1a6b83830bf77e5e,0.006026876624673605,0.0,0.0006186036043800414,0.0006186036043800414,0.0,0.006026876624673605,0.0,0,1,0.9076921939849854,0.20944694064039504,13,1.661538353333106,0.0014371717771391255,0.0009762340496685466,0.006026876624673605,0.0006186036043800414,0.006026876624673605,0.0006186036043800414,0.0017325078370049596,0.002827052026987076,0.0017325078370049596,0,0.006026876799296588,0.0,1.7462298274040222e-10,0.006026876799296588,0,1.6215303644089019e-10,0.0,0,0,10,3,13,13,0,1,1,1,0.0,0.0,0.0,1,0.00516641978174448,-0.0021529813820961863,0.003013438399648294,0.003013438399648294,inf,inf,0,0,0.0006186034422270049,0.0,1.6615384505345263,0.005006943769332869,0.0,inf,0,0,0,5,4,0,0,0.029999999329447746
5001,0,1,0,0,70105539cf07d21a396a5265a501ba678bf245f57fe42cf53d0aded4b1346aae,3a7b5b63d4f5a16949cb0ae7bfac60846858d7f7dbcde2ae1a6b83830bf77e5e,0.0037365341559052467,0.0,-0.00024117599241435528,-0.00024117599241435528,-1.734723475976807e-18,0.0037365341559052467,0.0,0,1,0.9076921939849854,0.20944694064039504,13,1.661538353333106,0.0009795077103263152,0.000798689972984015,0.0037365341559052467,-0.00024117599241435354,0.0037365341559052467,0.00024117599241435354,0.002619007369503379,0.0020409985445439816,0.002619007369503379,0,0.0037365341559052467,0.0,0.0,0.0037365341559052467,0,8.903232144585882e-10,1.734723475976807e-18,0,0,8,11,13,13,0,1,1,1,0.0,0.0,0.0,1,0.002037040889263153,0.0001687738113105297,0.0018682670779526234,0.0018682670779526234,inf,inf,0,0,-0.00024117688273756974,-3.469446951953614e-18,1.6615384505345263,0.0031041975858860688,3.469446951953614e-18,inf,0,0,0,3,5,0,0,0.029999999329447746
5001,0,1,2,0,70105539cf07d21a396a5265a501ba678bf245f57fe42cf53d0aded4b1346aae,3a7b5b63d4f5a16949cb0ae7bfac60846858d7f7dbcde2ae1a6b83830bf77e5e,0.005607416853308678,0.0,-0.0006963700870983303,-0.0006963700870983303,-1.734723475976807e-18,0.005607416853308678,0.0,0,1,0.007692307233810425,0.20944694064039504,13,1.661538353333106,0.001383813917103164,0.0009920483333824654,0.005607416853308678,-0.0006963700870983285,0.005607416853308678,0.0006963700870983285,0.0033335136249661446,0.0039670285768806934,0.0033335136249661446,0,0.005607416853308678,0.0,0.0,0.005607416853308678,0,9.314569324181399e-10,0.0,0,0,10,11,13,13,0,1,1,1,0.0,0.0,0.0,1,0.005100707523524761,-0.0022969990968704224,0.002803708426654339,0.002803708426654339,inf,inf,0,0,-0.0006963691556413978,-1.734723475976807e-18,1.6615384505345263,0.004658469354973845,1.734723475976807e-18,inf,0,0,0,4,4,0,0,0.029999999329447746
5001,0,1,3,0,70105539cf07d21a396a5265a501ba678bf245f57fe42cf53d0aded4b1346aae,3a7b5b63d4f5a16949cb0ae7bfac60846858d7f7dbcde2ae1a6b83830bf77e5e,0.019448140636086464,0.029999999329447746,-0.009399502538144588,-0.009399502538144588,-0.01349999962281436,0.019448140636086464,0.029999999329447746,1,3,0.9076923131942749,0.2094469155167731,13,1.661538461366525,0.002329418990811318,0.0016100242411574493,0.010551858693361282,0.004100497084669771,0.010551858693361282,0.004100497084669771,0.001721561187878251,0.005713772494345903,0.001721561187878251,0,0.01944814110174775,0.029999999329447746,4.656612873077393e-10,0.010551858227699995,0,1.395614665500311e-10,1.734723475976807e-18,10,11,10,11,1,1,1,1,1,1,0.014999999664723873,0.014999999664723873,0.014999999664723873,0,0.008261374663561583,-0.002985445549711585,0.0052759291138499975,0.0052759291138499975,0.35172861545174705,0.5507583232145133,1,0,-0.009399502677706055,-0.013499999622814358,1.6615384522538923,0.008766159094027575,0.013499999622814358,0.6493451362186101,1,1,0,1,1,1,1,0.017999999225139618
5001,0,1,4,0,70105539cf07d21a396a5265a501ba678bf245f57fe42cf53d0aded4b1346aae,3a7b5b63d4f5a16949cb0ae7bfac60846858d7f7dbcde2ae1a6b83830bf77e5e,0.007104421034455299,0.0,0.0002141157165169716,0.0002141157165169716,-1.734723475976807e-18,0.007104421034455299,0.0,0,1,0.9076921939849854,0.20944694064039504,13,1.661538353333106,0.0016023832779704012,0.001127492416010806,0.007104421034455299,0.00021411571651697332,0.007104421034455299,0.00021411571651697332,0.0025783369783312082,0.003944080788642168,0.0025783369783312082,0,0.007104421034455299,0.0,0.0,0.007104421034455299,0,5.81703630576913e-10,1.734723475976807e-18,0,0,10,11,13,13,0,1,1,1,0.0,0.0,0.0,1,0.004166102968156338,-0.000613892450928688,0.0035522105172276497,0.0035522105172276497,inf,inf,0,0,0.000214115134813341,-3.469446951953614e-18,1.6615384505345263,0.005902134358766877,3.469446951953614e-18,inf,0,0,0,5,3,0,0,0.029999999329447746
5001,0,1,5,0,70105539cf07d21a396a5265a501ba678bf245f57fe42cf53d0aded4b1346aae,3a7b5b63d4f5a16949cb0ae7bfac60846858d7f7dbcde2ae1a6b83830bf77e5e,0.015919670462608337,0.012000000104308128,0.0005539885605685413,0.0005539885605685413,1.734723475976807e-18,0.015919670462608337,0.012000000104308128,1,3,0.9076921939849854,0.20944694064039504,13,1.661538353333106,0.001171109068322575,0.0008734927441065128,0.003919670358300209,0.0005539885605685396,0.003919670358300209,0.0005539885605685396,0.0016891570994630456,0.005590935703366995,0.0016891570994630456,0,0.015919671393930912,0.012000000104308128,9.313225746154785e-10,0.004622293636202812,0,7.530306656011732e-10,1.734723475976807e-18,10,11,10,11,1,1,1,1,1,1,0.006000000052154064,0.006000000052154064,0.006000000052154064,0,0.003349706530570984,-0.0010385597124695778,0.002311146818101406,0.002311146818101406,0.3851911330020205,0.5582844169090304,1,0,0.0005539893135992069,0.0,1.6615384505345263,0.003840059303106011,0.0,inf,0,0,0,2,2,0,0,0.017999999225139618
5001,0,2,0,0,70105539cf07d21a396a5265a501ba678bf245f57fe42cf53d0aded4b1346aae,3a7b5b63d4f5a16949cb0ae7bfac60846858d7f7dbcde2ae1a6b83830bf77e5e,0.01278449222445488,0.038999997079372406,0.0015210177516564727,0.0015210177516564727,0.0020769228877929556,0.01278449222445488,0.038999997079372406,1,4,0.9076921939849854,0.20944694064039504,13,1.661538353333106,0.0074841342239591845,0.003986879554990482,0.026215504854917526,-0.0005559051361364829,0.026215504854917526,0.0005559051361364829,0.0034657143987715244,0.0058395154774188995,0.0034657143987715244,0,0.01278449222445488,0.038999997079372406,0.0,0.0302253607660532,0,6.673721167707591e-10,0.0,10,3,10,11,1,1,1,1,0,0,0.008999999612569809,0.020999997854232788,0.008999999612569809,0,0.032183270901441574,0.017070590518414974,0.0151126803830266,0.0151126803830266,1.6791867815104728,3.5759191429845125,0,0,0.001521017084284356,0.0020769228877929556,1.6615384505345263,0.02511029954703755,0.0020769228877929556,12.090145327312097,1,0,0,1,2,1,0,0.008999996818602085
5001,0,2,1,0,70105539cf07d21a396a5265a501ba678bf245f57fe42cf53d0aded4b1346aae,3a7b5b63d4f5a16949cb0ae7bfac60846858d7f7dbcde2ae1a6b83830bf77e5e,0.0036608604714274406,0.0,-0.0011627102503553033,-0.0011627102503553033,0.0,0.0036608604714274406,0.0,0,1,0.9076921939849854,0.20944694064039504,13,1.661538353333106,0.0009762372615547323,0.0007892677659642767,0.0036608604714274406,-0.0011627102503553033,0.0036608604714274406,0.0011627102503553033,0.0025654181372374296,0.003536834614351392,0.0025654181372374296,0,0.0036608604714274406,0.0,0.0,0.0036608604714274406,0,1.409530825391414e-10,1.734723475976807e-18,0,0,11,12,13,13,0,1,1,1,0.0,0.0,0.0,1,0.006850440986454487,0.0050200107507407665,0.0018304302357137203,0.0018304302357137203,inf,inf,0,0,-0.0011627103913083858,1.734723475976807e-18,1.6615384505345263,0.0030413302176593225,1.734723475976807e-18,inf,0,0,0,4,5,0,0,0.038999997079372406
5001,0,2,3,0,70105539cf07d21a396a5265a501ba678bf245f57fe42cf53d0aded4b1346aae,3a7b5b63d4f5a16949cb0ae7bfac60846858d7f7dbcde2ae1a6b83830bf77e5e,0.006287583149969578,0.029999997466802597,-0.0015954585978761315,-0.0015954585978761315,0.002076922889942167,0.006287583149969578,0.029999997466802597,1,2,0.9076923131942749,0.2094469155167731,13,1.661538461366525,0.008385969589253544,0.004591493509136713,0.02371241431683302,-0.0036723814878182985,0.02371241431683302,0.0036723814878182985,0.0024253956507891417,0.003217065939679742,0.0024253956507891417,0,0.006287583149969578,0.029999997466802597,0.0,0.03361761011183262,0,1.6839416666636353e-10,0.0,0,4,10,3,12,1,0,1,0,0,0.0,0.029999997466802597,0.0,1,0.03418363630771637,0.01737483125180006,0.01680880505591631,0.01680880505591631,inf,inf,0,0,-0.0015954587662702982,0.002076922889942167,1.6615384522538923,0.027928475936844586,0.002076922889942167,13.447045180200345,0,0,0,3,3,0,0,0.008999999612569809
5001,0,2,4,0,70105539cf07d21a396a5265a501ba678bf245f57fe42cf53d0aded4b1346aae,3a7b5b63d4f5a16949cb0ae7bfac60846858d7f7dbcde2ae1a6b83830bf77e5e,0.013316069729626179,0.03000000026077032,0.0008930240874178708,0.0008930240874178708,6.447618133842425e-11,0.013316069729626179,0.03000000026077032,1,3,0.9076921939849854,0.20944694064039504,13,1.661538353333106,0.003428965195417083,0.0019775251444627546,0.016683930531144142,0.0008930240229416894,0.016683930531144142,0.0008930240229416894,0.003631716128438711,0.006543755065649748,0.003631716128438711,0,0.013316069729626179,0.03000000026077032,0.0,0.016683930531144142,0,6.343700009736608e-10,8.673617379884035e-19,10,11,10,11,1,1,1,1,1,1,0.014999999664723873,0.015000000596046448,0.014999999664723873,0,0.012922914698719978,0.004580949433147907,0.008341965265572071,0.008341965265572071,0.556131030135302,0.8615276658379758,0,0,0.0008930247217878717,6.447618047106252e-11,1.6615384505345263,0.013860496041771458,6.447618047106252e-11,214970799.1463944,1,0,0,2,1,0,1,0.008999996818602085
5001,0,2,5,0,70105539cf07d21a396a5265a501ba678bf245f57fe42cf53d0aded4b1346aae,3a7b5b63d4f5a16949cb0ae7bfac60846858d7f7dbcde2ae1a6b83830bf77e5e,0.005528869107365608,0.0,0.0005539050325751305,0.0005539050325751305,0.0,0.005528869107365608,0.0,0,1,0.9076921939849854,0.20944694064039504,13,1.661538353333106,0.0013423107664266652,0.0011033433428882847,0.005528869107365608,0.0005539050325751305,0.005528869107365608,0.0005539050325751305,0.0038034680765122175,0.003346508601680398,0.0038034680765122175,0,0.005528869107365608,0.0,0.0,0.005528869107365608,0,6.985782872309665e-10,1.734723475976807e-18,0,0,4,12,13,13,0,1,1,1,0.0,0.0,0.0,1,0.00874769315123558,0.005983258597552776,0.002764434553682804,0.002764434553682804,inf,inf,0,0,0.0005539043339968432,1.734723475976807e-18,1.6615384505345263,0.004593214304930231,1.734723475976807e-18,inf,0,0,0,5,4,0,0,0.038999997079372406
5001,1,0,1,1,6faa0eced7941ea171e9303789684fcc7e4bb508a033c18841885dd5f023c7a5,3a7b5b63d4f5a16949cb0ae7bfac60846858d7f7dbcde2ae1a6b83830bf77e5e,0.01018865592777729,0.0,-4.610781979863532e-05,-4.610781979863532e-05,-3.469446951953614e-18,0.01018865592777729,0.0,0,1,0.9076921939849854,0.20944694064039504,13,1.661538353333106,0.0024025383162567227,0.0017307176621156862,0.01018865592777729,-4.610781979863185e-05,0.01018865592777729,4.610781979863185e-05,0.001206428511068225,0.0034899991005659103,0.001206428511068225,0,0.010188656277023256,0.0,3.4924596548080444e-10,0.010188656277023256,0,5.746022876257362e-10,1.734723475976807e-18,0,0,10,11,13,13,0,1,1,1,0.0,0.0,0.0,1,0.031005746102891862,0.025911417964380234,0.005094328138511628,0.005094328138511628,inf,inf,0,0,-4.610724519634769e-05,-5.204170427930421e-18,1.6615384505345263,0.008464422081777048,5.204170427930421e-18,inf,0,0,0,3,5,0,0,0.04499999899417162
5001,1,0,2,1,6faa0eced7941ea171e9303789684fcc7e4bb508a033c18841885dd5f023c7a5,3a7b5b63d4f5a16949cb0ae7bfac60846858d7f7dbcde2ae1a6b83830bf77e5e,0.023426607251167297,0.02999999839812517,0.0005781874642707407,0.0005781874642707407,-6.44761778689773e-11,0.023426607251167297,0.02999999839812517,1,3,0.9076921939849854,0.20944694064039504,13,1.661538353333106,0.0018754226990285506,0.0014416088719339767,0.006573391146957874,0.0005781875287469186,0.006573391146957874,0.0005781875287469186,0.0011283191852271557,0.0036398584488779306,0.0011283191852271557,0,0.02342660678550601,0.02999999839812517,4.656612873077393e-10,0.006660190410912037,0,4.770880522239618e-11,5.204170427930421e-18,10,11,10,11,1,1,1,1,1,1,0.014999999664723873,0.014999998733401299,0.014999998733401299,0,0.02617352269589901,0.02284342749044299,0.0033300952054560184,0.0033300952054560184,0.22200636577659955,1.744901660399279,1,0,0.0005781874165619355,-6.447618307314773e-11,1.6615384505345263,0.0055330812278058476,6.447618307314773e-11,85815893.00236042,0,0,0,2,2,0,0,0.015000000596046448
5001,1,0,3,1,6faa0eced7941ea171e9303789684fcc7e4bb508a033c18841885dd5f023c7a5,3a7b5b63d4f5a16949cb0ae7bfac60846858d7f7dbcde2ae1a6b83830bf77e5e,0.014340597204864025,0.0,-0.006066007073968649,-0.006066007073968649,0.0,0.014340597204864025,0.0,0,1,0.9076923131942749,0.2094469155167731,13,1.661538461366525,0.003200612032761648,0.0021533054801133964,0.014340597204864025,-0.006066007073968649,0.014340597204864025,0.006066007073968649,0.0030607208609580994,0.003930723760277033,0.0030607208609580994,0,0.014340597088448703,0.0,1.1641532182693481e-10,0.014340597088448703,0,4.180670167691636e-10,3.469446951953614e-18,0,0,10,11,13,13,0,1,1,1,0.0,0.0,0.0,1,0.03168686095159501,0.024516562407370657,0.007170298544224352,0.007170298544224352,inf,inf,0,0,-0.006066006655901632,3.469446951953614e-18,1.6615384522538923,0.011913726745368867,3.469446951953614e-18,inf,0,0,0,4,3,0,0,0.04499999899417162
5001,1,0,4,1,6faa0eced7941ea171e9303789684fcc7e4bb508a033c18841885dd5f023c7a5,3a7b5b63d4f5a16949cb0ae7bfac60846858d7f7dbcde2ae1a6b83830bf77e5e,0.026080971583724022,0.04499999899417162,-0.003230002475902438,-0.003230002475902438,-0.024923076200943712,0.026080971583724022,0.04499999899417162,1,4,0.9076921939849854,0.20944694064039504,13,1.661538353333106,0.007068633209093348,0.0037082176181603465,0.018919027410447598,0.021693073725041274,0.018919027410447598,0.021693073725041274,0.0032034642063081264,0.00395213533192873,0.0032034642063081264,0,0.026080971118062735,0.04499999899417162,4.656612873077393e-10,0.028795655351132154,0,8.02470808119321e-10,0.0,10,3,10,11,1,1,1,1,0,0,0.014999999664723873,0.014999999664723873,0.014999999664723873,0,0.020741362124681473,0.0063435344491153955,0.014397827675566077,0.014397827675566077,0.9598551998255074,1.3827575058858035,0,0,-0.0032300032783732463,-0.024923076200943712,1.6615384505345263,0.02392254428712318,0.024923076200943712,0.9598551998255076,1,1,0,1,1,1,1,0.015000000596046448
5001,1,0,5,1,6faa0eced7941ea171e9303789684fcc7e4bb508a033c18841885dd5f023c7a5,3a7b5b63d4f5a16949cb0ae7bfac60846858d7f7dbcde2ae1a6b83830bf77e5e,0.010403618216514587,0.0,0.0002145855687558651,0.0002145855687558651,0.0,0.010403618216514587,0.0,0,1,0.9076921939849854,0.20944694064039504,13,1.661538353333106,0.0024303587605424433,0.0017488659435288,0.010403618216514587,0.0002145855687558651,0.010403618216514587,0.0002145855687558651,0.002133354777470231,0.0031169678550213575,0.002133354777470231,0,0.010403617809060961,0.0,4.0745362639427185e-10,0.010403617809060961,0,5.033502785585509e-10,1.734723475976807e-18,0,0,10,11,13,13,0,1,1,1,0.0,0.0,0.0,1,0.03087729640537873,0.02567548750084825,0.0052018089045304805,0.0052018089045304805,inf,inf,0,0,0.00021458506540558654,-1.734723475976807e-18,1.6615384505345263,0.008643005507210276,1.734723475976807e-18,inf,0,0,0,5,4,0,0,0.04499999899417162
5001,1,1,0,1,6faa0eced7941ea171e9303789684fcc7e4bb508a033c18841885dd5f023c7a5,3a7b5b63d4f5a16949cb0ae7bfac60846858d7f7dbcde2ae1a6b83830bf77e5e,0.0035605132579803467,0.0,0.0012720959493890405,0.0012720959493890405,0.0,0.0035605132579803467,0.0,0,1,0.9076921939849854,0.20944694064039504,13,1.661538353333106,0.0010551477601681335,0.0008429994685410044,0.0035605132579803467,0.0012720959493890405,0.0035605132579803467,0.0012720959493890405,0.0032409545965492725,0.0025061669293791056,0.0032409545965492725,0,0.0035605132579803467,0.0,0.0,0.0035605132579803467,0,3.039405740978829e-10,1.734723475976807e-18,0,0,8,12,13,13,0,1,1,1,0.0,0.0,0.0,1,0.01749955117702484,-0.015719294548034668,0.0017802566289901733,0.0017802566289901733,inf,inf,0,0,0.0012720956454484664,1.734723475976807e-18,1.6615384505345263,0.0029579648408861515,1.734723475976807e-18,inf,0,0,0,3,5,0,0,0.029999999329447746
5001,1,1,2,1,6faa0eced7941ea171e9303789684fcc7e4bb508a033c18841885dd5f023c7a5,3a7b5b63d4f5a16949cb0ae7bfac60846858d7f7dbcde2ae1a6b83830bf77e5e,0.004066098481416702,0.0,0.0016860176110640168,0.0016860176110640168,0.0,0.004066098481416702,0.0,0,1,0.9076921939849854,0.20944694064039504,13,1.661538353333106,0.0011974862228805816,0.0010236279498895952,0.004066098481416702,0.0016860176110640168,0.004066098481416702,0.0016860176110640168,0.003598663955926895,0.0022469176910817623,0.003598663955926895,0,0.004066098481416702,0.0,0.0,0.004066098481416702,0,6.532967777861387e-10,1.734723475976807e-18,0,0,4,11,13,13,0,1,1,1,0.0,0.0,0.0,1,0.01955115795135498,-0.01751810871064663,0.002033049240708351,0.002033049240708351,inf,inf,0,0,0.0016860182643607946,1.734723475976807e-18,1.6615384505345263,0.003377989485266949,1.734723475976807e-18,inf,0,0,0,4,3,0,0,0.029999999329447746
5001,1,1,3,1,6faa0eced7941ea171e9303789684fcc7e4bb508a033c18841885dd5f023c7a5,3a7b5b63d4f5a16949cb0ae7bfac60846858d7f7dbcde2ae1a6b83830bf77e5e,0.020120281726121902,0.029999999329447746,-0.010135569609701633,-0.010135569609701633,-0.013499999622814361,0.020120281726121902,0.029999999329447746,1,3,0.9076923131942749,0.2094469155167731,13,1.661538461366525,0.0025182133461769205,0.001933909070915019,0.009879717603325844,0.0033644300131127278,0.009879717603325844,0.0033644300131127278,0.0033704794477671385,0.008578128181397915,0.0033704794477671385,0,0.020120280794799328,0.029999999329447746,9.313225746154785e-10,0.009879718534648418,0,2.6439348800588736e-10,3.469446951953614e-18,10,11,10,11,1,1,1,1,1,1,0.014999999664723873,0.014999999664723873,0.014999999664723873,0,0.019161795265972614,-0.014221935998648405,0.004939859267324209,0.004939859267324209,0.32932395851591134,1.2774530462848082,1,0,-0.010135569345308145,-0.013499999622814358,1.6615384522538923,0.008207766121381913,0.013499999622814358,0.6079826926447597,1,1,0,1,1,1,1,0.017999998293817043
5001,1,1,4,1,6faa0eced7941ea171e9303789684fcc7e4bb508a033c18841885dd5f023c7a5,3a7b5b63d4f5a16949cb0ae7bfac60846858d7f7dbcde2ae1a6b83830bf77e5e,0.003856159746646881,0.0,-0.00026936642825603485,-0.00026936642825603485,0.0,0.003856159746646881,0.0,0,1,0.9076921939849854,0.20944694064039504,13,1.661538353333106,0.0012016356358069199,0.0009857045828238044,0.003856159746646881,-0.00026936642825603485,0.003856159746646881,0.00026936642825603485,0.002769386162981391,0.0014522147830575705,0.002769386162981391,0,0.003856159746646881,0.0,0.0,0.003856159746646881,0,5.242278519265731e-09,1.734723475976807e-18,0,0,4,11,13,13,0,1,1,1,0.0,0.0,0.0,1,0.01857706531882286,-0.01664898544549942,0.0019280798733234406,0.0019280798733234406,inf,inf,0,0,-0.0002693716705345541,1.734723475976807e-18,1.6615384505345263,0.0032035788452286352,1.734723475976807e-18,inf,0,0,0,5,4,0,0,0.029999999329447746
5001,1,1,5,1,6faa0eced7941ea171e9303789684fcc7e4bb508a033c18841885dd5f023c7a5,3a7b5b63d4f5a16949cb0ae7bfac60846858d7f7dbcde2ae1a6b83830bf77e5e,0.01869817264378071,0.012000001035630703,-0.001940105459652841,-0.001940105459652841,6.447617439953035e-11,0.01869817264378071,0.012000001035630703,1,3,0.9076921939849854,0.20944694064039504,13,1.661538353333106,0.0034562657833396857,0.0027566848752590325,0.006698171608150005,-0.0019401055241290155,0.006698171608150005,0.0019401055241290155,0.0018849159823730588,0.0037928884848952293,0.0018849159823730588,0,0.01869817264378071,0.012000001035630703,0.0,0.01177067868411541,0,7.841483851134257e-10,6.938893903907228e-18,10,11,10,11,1,1,1,1,1,1,0.006000000052154064,0.006000000983476639,0.006000000052154064,0,0.01898404210805893,-0.013098702766001225,0.005885339342057705,0.005885339342057705,0.9808898818167185,3.1640069905071844,0,0,-0.0019401062438012262,6.447618133842425e-11,1.6615384505345263,0.009778717611272447,6.447618133842425e-11,151664031.71344253,0,0,0,2,2,0,0,0.017999998293817043
5001,1,2,0,1,6faa0eced7941ea171e9303789684fcc7e4bb508a033c18841885dd5f023c7a5,3a7b5b63d4f5a16949cb0ae7bfac60846858d7f7dbcde2ae1a6b83830bf77e5e,0.018751217052340508,0.038999998942017555,-0.0006008000927977264,-0.0006008000927977264,0.0020769230167453096,0.018751217052340508,0.038999998942017555,1,4,0.9076921939849854,0.20944694064039504,13,1.661538353333106,0.007908274989766336,0.0041794691609560375,0.020248781889677048,-0.002677723109543036,0.020248781889677048,0.002677723109543036,0.0023046047426760197,0.008706778287887573,0.0023046047426760197,0,0.018751217518001795,0.038999998942017555,4.656612873077393e-10,0.03226859727874398,0,7.47236370002291e-11,4.336808689942018e-19,10,2,10,11,1,1,1,1,0,0,0.008999999612569809,0.020999999716877937,0.008999999612569809,0,0.025892789009958506,0.009758490370586514,0.01613429863937199,0.01613429863937199,1.7926999259908962,2.87697668050957,0,0,-0.0006008000180740894,0.002076923016745309,1.6615384505345263,0.026807757561723454,0.002076923016745309,12.907439200001345,0,0,0,1,2,1,0,0.008999999612569809
5001,1,2,1,1,6faa0eced7941ea171e9303789684fcc7e4bb508a033c18841885dd5f023c7a5,3a7b5b63d4f5a16949cb0ae7bfac60846858d7f7dbcde2ae1a6b83830bf77e5e,0.0067354063503444195,0.0,-0.0002313936856808141,-0.0002313936856808141,0.0,0.0067354063503444195,0.0,0,1,0.9076921939849854,0.20944694064039504,13,1.661538353333106,0.0015138336600858727,0.0010695348096978383,0.0067354063503444195,-0.0002313936856808141,0.0067354063503444195,0.0002313936856808141,0.0016702592838555574,0.0020476009231060743,0.0016702592838555574,0,0.006735406233929098,0.0,1.1641532182693481e-10,0.006735406233929098,0,8.958491609124819e-11,0.0,0,0,10,3,13,13,0,1,1,1,0.0,0.0,0.0,1,0.006623750552535057,-0.0032560474355705082,0.003367703116964549,0.003367703116964549,inf,inf,0,0,-0.00023139377526573018,0.0,1.6615384505345263,0.0055955682188215715,0.0,inf,0,0,0,3,4,0,0,0.038999998942017555
5001,1,2,3,1,6faa0eced7941ea171e9303789684fcc7e4bb508a033c18841885dd5f023c7a5,3a7b5b63d4f5a16949cb0ae7bfac60846858d7f7dbcde2ae1a6b83830bf77e5e,0.011620434001088142,0.0,-0.004097477067261934,-0.004097477067261934,0.0,0.011620434001088142,0.0,0,1,0.9076923131942749,0.2094469155167731,13,1.661538461366525,0.0027232420434711974,0.0018466424607511986,0.011620434001088142,-0.004097477067261934,0.011620434001088142,0.004097477067261934,0.005154556594789028,0.007279705721884966,0.005154556594789028,0,0.011620433535426855,0.0,4.656612873077393e-10,0.011620433535426855,0,4.060492463098253e-10,0.0,0,0,10,11,13,13,0,1,1,1,0.0,0.0,0.0,1,0.007096083369106054,-0.0012858666013926268,0.0058102167677134275,0.0058102167677134275,inf,inf,0,0,-0.004097477473311181,0.0,1.6615384522538923,0.00965389857548618,0.0,inf,0,0,0,4,3,0,0,0.038999998942017555
5001,1,2,4,1,6faa0eced7941ea171e9303789684fcc7e4bb508a033c18841885dd5f023c7a5,3a7b5b63d4f5a16949cb0ae7bfac60846858d7f7dbcde2ae1a6b83830bf77e5e,0.01994246244430542,0.029999999329447746,-0.0029508844017982483,-0.0029508844017982483,0.0,0.01994246244430542,0.029999999329447746,1,3,0.9076921939849854,0.20944694064039504,13,1.661538353333106,0.00226184127326285,0.0014718534168649531,0.010057536885142326,-0.0029508844017982483,0.010057536885142326,0.0029508844017982483,0.003071396378800273,0.007212009280920029,0.003071396378800273,0,0.019942461978644133,0.029999999329447746,4.656612873077393e-10,0.010057537350803614,0,2.6970436040746337e-10,0.0,10,11,10,11,1,1,1,1,1,1,0.014999999664723873,0.014999999664723873,0.014999999664723873,0,0.007682271767407656,-0.002653503092005849,0.005028768675401807,0.005028768675401807,0.3352512525202366,0.5121514626079876,1,0,-0.0029508846715026087,0.0,1.6615384505345263,0.00835549251302368,0.0,inf,0,0,0,2,1,0,1,0.008999999612569809
5001,1,2,5,1,6faa0eced7941ea171e9303789684fcc7e4bb508a033c18841885dd5f023c7a5,3a7b5b63d4f5a16949cb0ae7bfac60846858d7f7dbcde2ae1a6b83830bf77e5e,0.006174447946250439,0.0,-0.000748378224670887,-0.000748378224670887,0.0,0.006174447946250439,0.0,0,1,0.9076921939849854,0.20944694064039504,13,1.661538353333106,0.0014618616665523182,0.00107704888555337,0.006174447946250439,-0.000748378224670887,0.006174447946250439,0.000748378224670887,0.0017549128970131278,0.0020260976161807775,0.0017549128970131278,0,0.006174448179081082,0.0,2.3283064365386963e-10,0.006174448179081082,0,8.555153590758535e-11,0.0,0,0,10,3,13,13,0,1,1,1,0.0,0.0,0.0,1,0.00612848624587059,-0.003041262156330049,0.003087224089540541,0.003087224089540541,inf,inf,0,0,-0.0007483781391193511,0.0,1.6615384505345263,0.0051295415301880545,0.0,inf,0,0,0,5,5,0,0,0.038999998942017555
5001,2,0,1,2,b308476b1174f654b68b510029064b5182e09a9b0a905399d28d24f928f07cb3,3a7b5b63d4f5a16949cb0ae7bfac60846858d7f7dbcde2ae1a6b83830bf77e5e,0.004720381461083889,0.0,-0.000695433234795928,-0.000695433234795928,-1.734723475976807e-18,0.004720381461083889,0.0,0,1,0.9076921939849854,0.20944694064039504,13,1.661538353333106,0.0014803333737499458,0.001272223092141677,0.004720381461083889,-0.0006954332347959263,0.004720381461083889,0.0006954332347959263,0.0016930642304942012,0.0035785918589681387,0.0016930642304942012,0,0.004720381577499211,0.0,1.1641532182693481e-10,0.004720381577499211,0,1.6445286365324163e-10,8.673617379884035e-19,0,0,10,11,13,13,0,1,1,1,0.0,0.0,0.0,1,0.0168850690824911,0.014524878293741494,0.0023601907887496054,0.0023601907887496054,inf,inf,0,0,-0.0006954330703430643,-2.6020852139652106e-18,1.6615384505345263,0.003921547746104881,2.6020852139652106e-18,inf,0,0,0,3,4,0,0,0.04499999899417162
5001,2,0,2,2,b308476b1174f654b68b510029064b5182e09a9b0a905399d28d24f928f07cb3,3a7b5b63d4f5a16949cb0ae7bfac60846858d7f7dbcde2ae1a6b83830bf77e5e,0.01794305071234703,0.029999999329447746,0.001554203568957746,0.001554203568957746,0.0,0.01794305071234703,0.029999999329447746,1,3,0.9076921939849854,0.20944694064039504,13,1.661538353333106,0.0027583681428109967,0.0019815536656764133,0.012056948617100716,0.001554203568957746,0.012056948617100716,0.001554203568957746,0.004700541961938143,0.004119829274713993,0.004700541961938143,0,0.017943049781024456,0.029999999329447746,9.313225746154785e-10,0.01205694954842329,0,4.025231664910728e-10,1.734723475976807e-18,10,11,10,11,1,1,1,1,1,1,0.014999999664723873,0.014999999664723873,0.014999999664723873,0,0.01829392369836569,0.012265448924154043,0.006028474774211645,0.006028474774211645,0.40189832726390395,1.2195949404844504,1,0,0.0015542031664345795,-1.734723475976807e-18,1.6615384505345263,0.010016542635430096,1.734723475976807e-18,inf,0,0,0,2,2,0,0,0.014999999664723873
5001,2,0,3,2,b308476b1174f654b68b510029064b5182e09a9b0a905399d28d24f928f07cb3,3a7b5b63d4f5a16949cb0ae7bfac60846858d7f7dbcde2ae1a6b83830bf77e5e,0.009198231622576714,0.0,-0.004263645503669977,-0.004263645503669977,0.0,0.009198231622576714,0.0,0,1,0.9076923131942749,0.2094469155167731,13,1.661538461366525,0.00221416679569353,0.0017641669906642752,0.009198231622576714,-0.004263645503669977,0.009198231622576714,0.004263645503669977,0.0022613871842622757,0.004088930785655975,0.0022613871842622757,0,0.009198231855407357,0.0,2.3283064365386963e-10,0.009198231855407357,0,4.486928363578446e-11,1.734723475976807e-18,0,0,10,11,13,13,0,1,1,1,0.0,0.0,0.0,1,0.01816689013503492,0.01356777420733124,0.004599115927703679,0.004599115927703679,inf,inf,0,0,-0.0042636454588006936,1.734723475976807e-18,1.6615384522538923,0.007641607960252994,1.734723475976807e-18,inf,0,0,0,4,3,0,0,0.04499999899417162
5001,2,0,4,2,b308476b1174f654b68b510029064b5182e09a9b0a905399d28d24f928f07cb3,3a7b5b63d4f5a16949cb0ae7bfac60846858d7f7dbcde2ae1a6b83830bf77e5e,0.01895737834274769,0.04499999899417162,-0.00224280939437449,-0.00224280939437449,-0.008307692066981238,0.01895737834274769,0.04499999899417162,1,4,0.007692307233810425,0.20944694064039504,13,1.661538353333106,0.012787510883178995,0.011604435451207519,0.02604262065142393,0.006064882672606749,0.02604262065142393,0.006064882672606749,0.0020021756645292044,0.004242646973580122,0.0020021756645292044,0,0.018957378895720467,0.04499999899417162,5.529727786779404e-10,0.033998075319686905,0,3.4446682442221266e-10,1.734723475976807e-18,1,11,10,11,4,1,0,0,1,0,0.0,0.014999999664723873,0.0,1,0.018580851145088673,-0.0015818134852452204,0.016999037659843452,0.016999037659843452,inf,inf,0,0,-0.002242809738841314,-0.008307692066981237,1.6615384505345263,0.02824455469391435,0.008307692066981237,3.3998076079603137,1,0,0,1,1,1,1,0.014999999664723873
5001,2,0,5,2,b308476b1174f654b68b510029064b5182e09a9b0a905399d28d24f928f07cb3,3a7b5b63d4f5a16949cb0ae7bfac60846858d7f7dbcde2ae1a6b83830bf77e5e,0.0037719847168773413,0.0,0.0014968368923291564,0.0014968368923291564,0.0,0.0037719847168773413,0.0,0,1,0.9076921939849854,0.20944694064039504,13,1.661538353333106,0.0013477086053096247,0.0011658546233759123,0.0037719847168773413,0.0014968368923291564,0.0037719847168773413,0.0014968368923291564,0.0038089933805167675,0.003671143902465701,0.0038089933805167675,0,0.0037719847168773413,0.0,0.0,0.0037719847168773413,0,3.1157222656931494e-10,1.734723475976807e-18,0,0,10,11,13,13,0,1,1,1,0.0,0.0,0.0,1,0.0160371211823076,0.01415112882386893,0.0018859923584386706,0.0018859923584386706,inf,inf,0,0,0.001496837203901383,-1.734723475976807e-18,1.6615384505345263,0.003133648820960146,1.734723475976807e-18,inf,0,0,0,5,5,0,0,0.04499999899417162
5001,2,1,0,2,b308476b1174f654b68b510029064b5182e09a9b0a905399d28d24f928f07cb3,3a7b5b63d4f5a16949cb0ae7bfac60846858d7f7dbcde2ae1a6b83830bf77e5e,0.004738949239253998,0.0,0.0005948615144006908,0.0005948615144006908,0.0,0.004738949239253998,0.0,0,1,0.9076921939849854,0.20944694064039504,13,1.661538353333106,0.0012615330342788259,0.001001778438951842,0.004738949239253998,0.0005948615144006908,0.004738949239253998,0.0005948615144006908,0.0023079286329448223,0.002237871056422591,0.0023079286329448223,0,0.004738949239253998,0.0,0.0,0.004738949239253998,0,4.297873956032872e-09,1.734723475976807e-18,0,0,8,12,13,13,0,1,1,1,0.0,0.0,0.0,1,0.019284818321466446,-0.016915343701839447,0.002369474619626999,0.002369474619626999,inf,inf,0,0,0.0005948572165267348,1.734723475976807e-18,1.6615384505345263,0.00393697318807593,1.734723475976807e-18,inf,0,0,0,3,5,0,0,0.029999999329447746
5001,2,1,2,2,b308476b1174f654b68b510029064b5182e09a9b0a905399d28d24f928f07cb3,3a7b5b63d4f5a16949cb0ae7bfac60846858d7f7dbcde2ae1a6b83830bf77e5e,0.005695641040802002,0.0,0.0022402172908186913,0.0022402172908186913,0.0,0.005695641040802002,0.0,0,1,0.9076921939849854,0.20944694064039504,13,1.661538353333106,0.0014830633402385383,0.0011500228615202142,0.005695641040802002,0.0022402172908186913,0.005695641040802002,0.0022402172908186913,0.003736440557986498,0.0030020049307495356,0.003736440557986498,0,0.005695641040802002,0.0,0.0,0.005695641040802002,0,1.0597665939249268e-09,1.734723475976807e-18,0,0,4,11,13,13,0,1,1,1,0.0,0.0,0.0,1,0.021378327161073685,-0.018530506640672684,0.002847820520401001,0.002847820520401001,inf,inf,0,0,0.002240218350585285,1.734723475976807e-18,1.6615384505345263,0.004731763294867508,1.734723475976807e-18,inf,0,0,0,4,3,0,0,0.029999999329447746
5001,2,1,3,2,b308476b1174f654b68b510029064b5182e09a9b0a905399d28d24f928f07cb3,3a7b5b63d4f5a16949cb0ae7bfac60846858d7f7dbcde2ae1a6b83830bf77e5e,0.0217321515083313,0.029999999329447746,-0.011210966855287552,-0.011210966855287552,-0.013499999622814361,0.0217321515083313,0.029999999329447746,1,3,0.9076923131942749,0.2094469155167731,13,1.661538461366525,0.0025737219536032703,0.0020857553973176774,0.008267847821116447,0.0022890327675268093,0.008267847821116447,0.0022890327675268093,0.0036465178709477186,0.00870362389832735,0.0036465178709477186,0,0.021732150577008724,0.029999999329447746,9.313225746154785e-10,0.009533192962408066,0,2.5628890606976817e-09,3.469446951953614e-18,10,11,10,11,1,1,1,1,1,1,0.014999999664723873,0.014999999664723873,0.014999999664723873,0,0.02056864555925131,-0.015802049078047276,0.004766596481204033,0.004766596481204033,0.31777310584971796,1.3712430679330916,1,0,-0.011210964292398491,-0.013499999622814358,1.6615384522538923,0.007919883339898598,0.013499999622814358,0.5866580415687103,1,1,0,1,1,1,1,0.017999998293817043
5001,2,1,4,2,b308476b1174f654b68b510029064b5182e09a9b0a905399d28d24f928f07cb3,3a7b5b63d4f5a16949cb0ae7bfac60846858d7f7dbcde2ae1a6b83830bf77e5e,0.0051963478326797485,0.0,0.0009220440988428891,0.0009220440988428891,0.0,0.0051963478326797485,0.0,0,1,0.007692307233810425,0.20944694064039504,13,1.661538353333106,0.0015090451643857742,0.0012337222430832998,0.0051963478326797485,0.0009220440988428891,0.0051963478326797485,0.0009220440988428891,0.0021673415321856737,0.0016765561886131763,0.0021673415321856737,0,0.0051963478326797485,0.0,0.0,0.0051963478326797485,0,1.3505797868962333e-09,1.734723475976807e-18,0,0,4,11,13,13,0,1,1,1,0.0,0.0,0.0,1,0.019727904349565506,-0.01712973043322563,0.0025981739163398743,0.0025981739163398743,inf,inf,0,0,0.000922045449422676,1.734723475976807e-18,1.6615384505345263,0.004316965863174577,1.734723475976807e-18,inf,0,0,0,5,4,0,0,0.029999999329447746
5001,2,1,5,2,b308476b1174f654b68b510029064b5182e09a9b0a905399d28d24f928f07cb3,3a7b5b63d4f5a16949cb0ae7bfac60846858d7f7dbcde2ae1a6b83830bf77e5e,0.01956549845635891,0.012000001035630703,0.0035704399924725294,0.0035704399924725294,6.44761778689773e-11,0.01956549845635891,0.012000001035630703,1,3,0.9076921939849854,0.20944694064039504,13,1.661538353333106,0.0037674205640283818,0.0029874660912350085,0.007565497420728207,0.0035704399279963515,0.007565497420728207,0.0035704399279963515,0.002947363303974271,0.004594178404659033,0.002947363303974271,0,0.01956549845635891,0.012000001035630703,0.0,0.01318599283695221,0,5.931856620483567e-10,1.734723475976807e-18,10,11,10,11,1,1,1,1,1,1,0.006000000052154064,0.006000000983476639,0.006000000052154064,0,0.024625558406114578,-0.018032561987638474,0.006592996418476105,0.006592996418476105,1.098832726861252,4.104259698676793,0,0,0.0035704393992868674,6.447617960370078e-11,1.6615384505345263,0.010954517053534469,6.447617960370078e-11,169900219.28820524,1,0,0,2,2,0,0,0.017999998293817043
5001,2,2,0,2,b308476b1174f654b68b510029064b5182e09a9b0a905399d28d24f928f07cb3,3a7b5b63d4f5a16949cb0ae7bfac60846858d7f7dbcde2ae1a6b83830bf77e5e,0.015524902381002903,0.03899999801069498,-0.0007164019043557346,-0.0007164019043557346,0.002076923016745308,0.015524902381002903,0.03899999801069498,1,4,0.9076921939849854,0.20944694064039504,13,1.661538353333106,0.00794166242932998,0.0042060232823218635,0.023475095629692078,-0.0027933249211010425,0.023475095629692078,0.0027933249211010425,0.0015329320449382067,0.00845928955823183,0.0015329320449382067,0,0.015524902497418225,0.03899999801069498,1.1641532182693481e-10,0.031359306536614895,0,2.6569720252070383e-10,0.0,10,2,10,11,1,1,1,1,0,0,0.008999999612569809,0.020999997854232788,0.008999999612569809,0,0.03507171664386988,0.01939206337556243,0.015679653268307447,0.015679653268307447,1.7421837714757822,3.896857572625572,0,0,-0.0007164021700529371,0.002076923016745308,1.6615384505345263,0.026052346796342177,0.002076923016745308,12.543722895020025,0,0,0,2,2,0,0,0.006000000983476639
5001,2,2,1,2,b308476b1174f654b68b510029064b5182e09a9b0a905399d28d24f928f07cb3,3a7b5b63d4f5a16949cb0ae7bfac60846858d7f7dbcde2ae1a6b83830bf77e5e,0.0023452378809452057,0.0,-4.603356865118258e-05,-4.603356865118258e-05,-1.734723475976807e-18,0.0023452378809452057,0.0,0,1,0.9076921939849854,0.20944694064039504,13,1.661538353333106,0.0007517520294413883,0.0006362531973412756,0.0023452378809452057,-4.603356865118084e-05,0.0023452378809452057,4.603356865118084e-05,0.0016694283112883568,0.0024815949145704508,0.0016694283112883568,0,0.0023452378809452057,0.0,0.0,0.0023452378809452057,0,1.2528329779853964e-09,8.673617379884035e-19,0,0,10,11,13,13,0,1,1,1,0.0,0.0,0.0,1,0.004904046654701233,0.00373142771422863,0.0011726189404726028,0.0011726189404726028,inf,inf,0,0,-4.603231581820459e-05,-2.6020852139652106e-18,1.6615384505345263,0.0019483514574202864,2.6020852139652106e-18,inf,0,0,0,3,5,0,0,0.04499999899417162
5001,2,2,3,2,b308476b1174f654b68b510029064b5182e09a9b0a905399d28d24f928f07cb3,3a7b5b63d4f5a16949cb0ae7bfac60846858d7f7dbcde2ae1a6b83830bf77e5e,0.008071116171777248,0.0,-0.0035135047510266304,-0.0035135047510266304,0.0,0.008071116171777248,0.0,0,1,0.9076923131942749,0.2094469155167731,13,1.661538461366525,0.001738343834418071,0.0011930828914046288,0.008071116171777248,-0.0035135047510266304,0.008071116171777248,0.0035135047510266304,0.004055519588291645,0.00518964184448123,0.004055519588291645,0,0.008071116171777248,0.0,0.0,0.008071116171777248,0,8.651232022427457e-10,1.734723475976807e-18,0,0,10,11,13,13,0,1,1,1,0.0,0.0,0.0,1,0.011229255236685276,0.007193697150796652,0.004035558085888624,0.004035558085888624,inf,inf,0,0,-0.0035135056161498326,1.734723475976807e-18,1.6615384522538923,0.0067052349360080645,1.734723475976807e-18,inf,0,0,0,4,3,0,0,0.04499999899417162
5001,2,2,4,2,b308476b1174f654b68b510029064b5182e09a9b0a905399d28d24f928f07cb3,3a7b5b63d4f5a16949cb0ae7bfac60846858d7f7dbcde2ae1a6b83830bf77e5e,0.019085593521595,0.04499999899417162,-0.0006326670409180224,-0.0006326670409180224,0.0020769230167453096,0.019085593521595,0.04499999899417162,1,4,0.007692307233810425,0.20944694064039504,13,1.661538353333106,0.00821988148579791,0.004747072854713047,0.025914405472576618,-0.002709590057663332,0.025914405472576618,0.002709590057663332,0.0009732182952575386,0.007483342662453651,0.0009732182952575386,0,0.019085593521595,0.04499999899417162,0.0,0.034839957719668746,0,2.79684293953697e-10,4.336808689942018e-19,10,2,10,11,1,1,1,1,0,0,0.014999999664723873,0.014999999664723873,0.014999999664723873,0,0.02765470347367227,0.010234724613837898,0.017419978859834373,0.017419978859834373,1.16133194994675,1.8436469394535384,0,0,-0.0006326673206023163,0.002076923016745309,1.6615384505345263,0.02894396468311341,0.002076923016745309,13.935983399361005,0,0,0,1,1,1,1,0.006000000983476639
5001,2,2,5,2,b308476b1174f654b68b510029064b5182e09a9b0a905399d28d24f928f07cb3,3a7b5b63d4f5a16949cb0ae7bfac60846858d7f7dbcde2ae1a6b83830bf77e5e,0.00252562016248703,0.0,0.0005696121952496469,0.0005696121952496469,0.0,0.00252562016248703,0.0,0,1,0.9076921939849854,0.20944694064039504,13,1.661538353333106,0.0007757651240729987,0.0006391400548480671,0.00252562016248703,0.0005696121952496469,0.00252562016248703,0.0005696121952496469,0.004413056652992964,0.0023645670153200626,0.004413056652992964,0,0.00252562016248703,0.0,0.0,0.00252562016248703,0,4.3271807664835293e-10,1.734723475976807e-18,0,0,10,4,13,13,0,1,1,1,0.0,0.0,0.0,1,0.005282438360154629,0.004019628278911114,0.001262810081243515,0.001262810081243515,inf,inf,0,0,0.0005696117625315703,-1.734723475976807e-18,1.6615384505345263,0.002098207505708729,1.734723475976807e-18,inf,0,0,0,5,4,0,0,0.04499999899417162
5001,3,0,1,3,7f74f433ee1b8a8859776da67080da4bef3bbcaf2debc5150ffd6a49a78b8fae,3a7b5b63d4f5a16949cb0ae7bfac60846858d7f7dbcde2ae1a6b83830bf77e5e,0.020227432250976562,0.0,0.0006352060590870678,0.0006352060590870678,0.0,0.020227432250976562,0.0,0,1,0.9076921939849854,0.20944694064039504,13,1.661538353333106,0.005989849493393185,0.004940774225624355,0.020227432250976562,0.0006352060590870678,0.020227432250976562,0.0006352060590870678,0.004278835374861956,0.016879567876458168,0.004278835374861956,0,0.020227432250976562,0.0,0.0,0.020227432250976562,0,2.745339865162233e-09,0.0,0,0,1,7,13,13,0,1,1,1,0.0,0.0,0.0,1,0.13527286797761917,-0.1251591518521309,0.010113716125488281,0.010113716125488281,inf,inf,0,0,0.0006352033137472027,0.0,1.6615384505345263,0.016804328220289853,0.0,inf,0,0,0,3,5,0,0,0.04500000178813934
5001,3,0,2,3,7f74f433ee1b8a8859776da67080da4bef3bbcaf2debc5150ffd6a49a78b8fae,3a7b5b63d4f5a16949cb0ae7bfac60846858d7f7dbcde2ae1a6b83830bf77e5e,0.03214455395936966,0.029999997466802597,-0.006994968745857477,-0.006994968745857477,-0.0016615384649771858,0.03214455395936966,0.029999997466802597,1,4,0.9076921939849854,0.20944694064039504,13,1.6615383533331063,0.006245383422714139,0.004555833101625272,0.0021445564925670624,-0.005333430280880291,0.0021445564925670624,0.005333430280880291,0.009265003725886345,0.01865597628057003,0.009265003725886345,0,0.03214455395936966,0.029999997466802597,0.0,0.026009663939476013,0,1.2360336781869208e-09,6.938893903907228e-18,10,11,10,11,1,1,1,1,1,1,0.01499999687075615,0.013000000268220901,0.013000000268220901,0,0.14728595688939095,-0.13428112491965294,0.013004831969738007,0.013004831969738007,1.0003716693398013,11.329688757733201,0,0,-0.006994969981891155,-0.0016615384649771928,1.661538450534526,0.021608028360460357,0.0016615384649771928,13.004831856695512,1,0,0,2,2,0,0,0.015000004321336746
5001,3,0,3,3,7f74f433ee1b8a8859776da67080da4bef3bbcaf2debc5150ffd6a49a78b8fae,3a7b5b63d4f5a16949cb0ae7bfac60846858d7f7dbcde2ae1a6b83830bf77e5e,0.026423484086990356,0.0,-0.010056594386696815,-0.010056594386696815,0.0,0.026423484086990356,0.0,0,1,0.007692308165132999,0.2094469155167731,13,1.661538461366525,0.008100094411467898,0.006381416726394518,0.026423484086990356,-0.010056594386696815,0.026423484086990356,0.010056594386696815,0.007597117219120264,0.01862110197544098,0.007597117219120264,0,0.026423484086990356,0.0,0.0,0.026423484086990356,0,5.0710094456896115e-09,1.0408340855860843e-17,0,0,1,11,13,13,0,1,1,1,0.0,0.0,0.0,1,0.1382787972688675,-0.12506705522537231,0.013211742043495178,0.013211742043495178,inf,inf,0,0,-0.01005658931568737,-1.0408340855860843e-17,1.6615384522538923,0.021951817426526656,1.0408340855860843e-17,inf,0,0,0,4,3,0,0,0.04500000178813934
5001,3,0,4,3,7f74f433ee1b8a8859776da67080da4bef3bbcaf2debc5150ffd6a49a78b8fae,3a7b5b63d4f5a16949cb0ae7bfac60846858d7f7dbcde2ae1a6b83830bf77e5e,0.035697389394044876,0.04500000178813934,-0.005353958811610937,-0.005353958811610937,-0.008307692582790661,0.035697389394044876,0.04500000178813934,1,4,0.007692307233810425,0.20944694064039504,13,1.661538353333106,0.012403463049952216,0.010288611892059707,0.009302612394094467,0.0029537337711797243,0.009302612394094467,0.0029537337711797243,0.005919632036238909,0.019266292452812195,0.005919632036238909,0,0.035697389394044876,0.04500000178813934,0.0,0.038970332592725754,0,3.725652505254251e-09,0.0,1,11,10,11,4,1,0,0,1,0,0.0,0.015000000596046448,0.0,1,0.16107141226530075,-0.14158624596893787,0.019485166296362877,0.019485166296362877,inf,inf,0,0,-0.005353962537263442,-0.008307692582790661,1.6615384505345263,0.03237535301646635,0.008307692582790661,3.8970331044183935,1,0,0,1,1,1,1,0.015000004321336746
5001,3,0,5,3,7f74f433ee1b8a8859776da67080da4bef3bbcaf2debc5150ffd6a49a78b8fae,3a7b5b63d4f5a16949cb0ae7bfac60846858d7f7dbcde2ae1a6b83830bf77e5e,0.020444095134735107,0.0,0.00780094601213932,0.00780094601213932,0.0,0.020444095134735107,0.0,0,1,0.9076921939849854,0.20944694064039504,13,1.661538353333106,0.006020773600175201,0.00496565484436306,0.020444095134735107,0.00780094601213932,0.020444095134735107,0.00780094601213932,0.012774386443197727,0.016371317207813263,0.012774386443197727,0,0.020444095134735107,0.0,0.0,0.020444095134735107,0,5.077774520301226e-09,0.0,0,0,1,7,13,13,0,1,1,1,0.0,0.0,0.0,1,0.1433100923895836,-0.13308804482221603,0.010222047567367554,0.010222047567367554,inf,inf,0,0,0.007800951089913841,0.0,1.6615384505345263,0.01698432507637411,0.0,inf,0,0,0,5,4,0,0,0.04500000178813934
5001,3,1,0,3,7f74f433ee1b8a8859776da67080da4bef3bbcaf2debc5150ffd6a49a78b8fae,3a7b5b63d4f5a16949cb0ae7bfac60846858d7f7dbcde2ae1a6b83830bf77e5e,0.003749644383788109,0.0,-0.0002874626370612532,-0.0002874626370612532,0.0,0.003749644383788109,0.0,0,1,0.9076921939849854,0.20944694064039504,13,1.661538353333106,0.001221633404843155,0.0010849436050688727,0.003749644383788109,-0.0002874626370612532,0.003749644383788109,0.0002874626370612532,0.001712301280349493,0.004120726604014635,0.001712301280349493,0,0.003749644383788109,0.0,0.0,0.003749644383788109,0,2.0805872042589657e-09,3.469446951953614e-18,0,0,1,12,13,13,0,1,1,1,0.0,0.0,0.0,1,0.008957747370004654,0.0070829251781105995,0.0018748221918940544,0.0018748221918940544,inf,inf,0,0,-0.00028746471764845745,-3.469446951953614e-18,1.6615384505345263,0.0031150891597473917,3.469446951953614e-18,inf,0,0,0,3,5,0,0,0.036000000312924385
5001,3,1,2,3,7f74f433ee1b8a8859776da67080da4bef3bbcaf2debc5150ffd6a49a78b8fae,3a7b5b63d4f5a16949cb0ae7bfac60846858d7f7dbcde2ae1a6b83830bf77e5e,0.004924885928630829,0.0,0.0004855919105466455,0.0004855919105466455,0.0,0.004924885928630829,0.0,0,1,0.9076921939849854,0.20944694064039504,13,1.6615383533331063,0.0013967017520880648,0.0011618273586211118,0.004924885928630829,0.0004855919105466455,0.004924885928630829,0.0004855919105466455,0.0009995305445045233,0.004150080028921366,0.0009995305445045233,0,0.004924885928630829,0.0,0.0,0.004924885928630829,0,1.9567545864879188e-09,1.734723475976807e-18,0,0,4,11,13,13,0,1,1,1,0.0,0.0,0.0,1,0.008153785020112991,0.005691342055797577,0.0024624429643154144,0.0024624429643154144,inf,inf,0,0,0.00048558995379205903,-1.734723475976807e-18,1.661538450534526,0.004091443667458279,1.734723475976807e-18,inf,0,0,0,4,4,0,0,0.036000000312924385
5001,3,1,3,3,7f74f433ee1b8a8859776da67080da4bef3bbcaf2debc5150ffd6a49a78b8fae,3a7b5b63d4f5a16949cb0ae7bfac60846858d7f7dbcde2ae1a6b83830bf77e5e,0.02172227017581463,0.030000001192092896,-0.011527779512107372,-0.011527779512107372,-0.013500000461004677,0.02172227017581463,0.030000001192092896,1,3,0.007692308165132999,0.2094469155167731,13,1.661538461366525,0.0026798100274238556,0.0021120731074076434,0.008277731016278267,0.0019722209488973047,0.008277731016278267,0.0019722209488973047,0.003389757126569748,0.0073115942068398,0.003389757126569748,0,0.02172227017581463,0.030000001192092896,0.0,0.010757151991128922,0,6.232100321912348e-10,1.3877787807814457e-17,10,11,10,11,1,1,1,1,1,1,0.015000000596046448,0.015000000596046448,0.015000000596046448,0,0.013048702850937843,0.007670126855373383,0.005378575995564461,0.005378575995564461,0.35857171878927074,0.8699134888285999,1,0,-0.01152777888889734,-0.013500000461004663,1.6615384522538923,0.008936710835000111,0.013500000461004663,0.6619785577648081,1,1,0,2,1,0,1,0.0059999991208314896
5001,3,1,4,3,7f74f433ee1b8a8859776da67080da4bef3bbcaf2debc5150ffd6a49a78b8fae,3a7b5b63d4f5a16949cb0ae7bfac60846858d7f7dbcde2ae1a6b83830bf77e5e,0.005281681194901466,0.0,0.0006035476108081639,0.0006035476108081639,0.0,0.005281681194901466,0.0,0,1,0.007692307233810425,0.20944694064039504,13,1.661538353333106,0.0014582746163191126,0.0012119069430955062,0.005281681194901466,0.0006035476108081639,0.005281681194901466,0.0006035476108081639,0.001965840347111225,0.0036733513697981834,0.001965840347111225,0,0.005281681194901466,0.0,0.0,0.005281681194901466,0,1.0687495732158991e-09,1.734723475976807e-18,0,0,1,11,13,13,0,1,1,1,0.0,0.0,0.0,1,0.00910857692360878,0.006467736326158047,0.002640840597450733,0.002640840597450733,inf,inf,0,0,0.0006035465420585907,-1.734723475976807e-18,1.6615384505345263,0.004387858194396964,1.734723475976807e-18,inf,0,0,0,5,3,0,0,0.036000000312924385
5001,3,1,5,3,7f74f433ee1b8a8859776da67080da4bef3bbcaf2debc5150ffd6a49a78b8fae,3a7b5b63d4f5a16949cb0ae7bfac60846858d7f7dbcde2ae1a6b83830bf77e5e,0.02010190300643444,0.036000000312924385,-0.001063337898813188,-0.001063337898813188,-0.024923076974657843,0.02010190300643444,0.036000000312924385,1,4,0.9076921939849854,0.20944694064039504,13,1.661538353333106,0.008561344209272313,0.00575955742253707,0.015898097306489944,0.023859739075844655,0.015898097306489944,0.023859739075844655,0.0018363784765824676,0.0048954784870147705,0.0018363784765824676,0,0.02010190300643444,0.036000000312924385,0.0,0.03520979918539524,0,1.4203887302444151e-09,3.469446951953614e-18,10,2,10,11,1,1,1,1,0,0,0.006000000052154064,0.024000000208616257,0.006000000052154064,0,0.02789108082652092,-0.0102861812338233,0.01760489959269762,0.01760489959269762,2.9341499066116294,4.648513430680342,0,0,-0.0010633393192019183,-0.024923076974657846,1.6615384505345263,0.029251217591066716,0.024923076974657846,1.173659962644652,1,0,0,1,2,1,0,0.0059999991208314896
5001,3,2,0,3,7f74f433ee1b8a8859776da67080da4bef3bbcaf2debc5150ffd6a49a78b8fae,3a7b5b63d4f5a16949cb0ae7bfac60846858d7f7dbcde2ae1a6b83830bf77e5e,0.018581939861178398,0.038999998942017555,0.0012479197466745973,0.0012479197466745973,0.002076923016745308,0.018581939861178398,0.038999998942017555,1,4,0.9076921939849854,0.20944694064039504,13,1.661538353333106,0.007568297972222203,0.003979447545737203,0.020418059080839157,-0.0008290032700707106,0.020418059080839157,0.0008290032700707106,0.0015407030005007982,0.0024542203173041344,0.0015407030005007982,0,0.018581939861178398,0.038999998942017555,0.0,0.030289646238088608,0,5.559019078393845e-10,3.469446951953614e-18,10,2,10,11,1,1,1,1,0,0,0.008999999612569809,0.020999999716877937,0.008999999612569809,0,0.03641589730978012,0.021271074190735817,0.015144823119044304,0.015144823119044304,1.6827581967772927,4.046210986378268,0,0,0.001247920302576505,0.0020769230167453044,1.6615384505345263,0.025163705938836343,0.0020769230167453044,12.11585876604602,1,0,0,2,2,0,0,0.006000000983476639
5001,3,2,1,3,7f74f433ee1b8a8859776da67080da4bef3bbcaf2debc5150ffd6a49a78b8fae,3a7b5b63d4f5a16949cb0ae7bfac60846858d7f7dbcde2ae1a6b83830bf77e5e,0.006544142961502075,0.0,-0.0013974072644487023,-0.0013974072644487023,0.0,0.006544142961502075,0.0,0,1,0.9076921939849854,0.20944694064039504,13,1.661538353333106,0.0017112790306487676,0.0013290403642245295,0.006544142961502075,-0.0013974072644487023,0.006544142961502075,0.0013974072644487023,0.0015930207446217537,0.0032980989199131727,0.0015930207446217537,0,0.006544142961502075,0.0,0.0,0.006544142961502075,0,1.0068444151328793e-09,1.734723475976807e-18,0,0,4,11,13,13,0,1,1,1,0.0,0.0,0.0,1,0.010084893554449081,0.006812822073698044,0.0032720714807510376,0.0032720714807510376,inf,inf,0,0,-0.0013974062576042872,-1.734723475976807e-18,1.6615384505345263,0.005436672578165292,1.734723475976807e-18,inf,0,0,0,3,3,0,0,0.044999999925494194
5001,3,2,3,3,7f74f433ee1b8a8859776da67080da4bef3bbcaf2debc5150ffd6a49a78b8fae,3a7b5b63d4f5a16949cb0ae7bfac60846858d7f7dbcde2ae1a6b83830bf77e5e,0.006421400234103203,0.0,-0.004213918000459671,-0.004213918000459671,-3.469446951953614e-18,0.006421400234103203,0.0,0,1,0.007692308165132999,0.2094469155167731,13,1.661538461366525,0.0017644896922645484,0.0014048830865050208,0.006421400234103203,-0.0042139180004596676,0.006421400234103203,0.0042139180004596676,0.004584543872624636,0.004195269197225571,0.004584543872624636,0,0.006421400234103203,0.0,0.0,0.006421400234103203,0,3.1184036342751797e-09,3.469446951953614e-18,0,0,6,11,13,13,0,1,1,1,0.0,0.0,0.0,1,0.012310013175010681,0.00909931305795908,0.0032107001170516014,0.0032107001170516014,inf,inf,0,0,-0.004213914882056037,-6.938893903907228e-18,1.6615384522538923,0.005334701703137309,6.938893903907228e-18,inf,0,0,0,4,5,0,0,0.044999999925494194
5001,3,2,4,3,7f74f433ee1b8a8859776da67080da4bef3bbcaf2debc5150ffd6a49a78b8fae,3a7b5b63d4f5a16949cb0ae7bfac60846858d7f7dbcde2ae1a6b83830bf77e5e,0.02245926298201084,0.044999999925494194,0.0005297362804412842,0.0005297362804412842,0.0020769229522691335,0.02245926298201084,0.044999999925494194,1,4,0.007692307233810425,0.20944694064039504,13,1.661538353333106,0.007636135411480697,0.003985438066033216,0.022540736943483353,-0.0015471866718278493,0.022540736943483353,0.0015471866718278493,0.002273255493491888,0.004544792231172323,0.002273255493491888,0,0.02245926298201084,0.044999999925494194,0.0,0.03303328529000282,0,1.164079506399407e-09,3.469446951953614e-18,10,2,10,11,1,1,1,1,0,0,0.015000000596046448,0.014999999664723873,0.014999999664723873,0,0.037710923701524734,0.021194281056523323,0.01651664264500141,0.01651664264500141,1.1011095342784767,2.5140616362953057,0,0,0.0005297351163617778,0.00207692295226913,1.6615384505345263,0.027443036828408124,0.00207692295226913,13.213314821537022,1,0,0,1,1,1,1,0.006000000983476639
5001,3,2,5,3,7f74f433ee1b8a8859776da67080da4bef3bbcaf2debc5150ffd6a49a78b8fae,3a7b5b63d4f5a16949cb0ae7bfac60846858d7f7dbcde2ae1a6b83830bf77e5e,0.006520621478557587,0.0,-0.001275535672903061,-0.001275535672903061,0.0,0.006520621478557587,0.0,0,1,0.9076921939849854,0.20944694064039504,13,1.661538353333106,0.0017641032750831496,0.001401675413169805,0.006520621478557587,-0.001275535672903061,0.006520621478557587,0.001275535672903061,0.0030206043738871813,0.003375107189640403,0.0030206043738871813,0,0.006520621478557587,0.0,0.0,0.006520621478557587,0,2.415558177093491e-09,1.734723475976807e-18,0,0,4,11,13,13,0,1,1,1,0.0,0.0,0.0,1,0.011655110865831375,0.008394800126552582,0.0032603107392787933,0.0032603107392787933,inf,inf,0,0,-0.0012755332573448838,-1.734723475976807e-18,1.6615384505345263,0.005417131654002362,1.734723475976807e-18,inf,0,0,0,5,4,0,0,0.044999999925494194
5001,4,0,1,4,6bc6729874b48f6961ca61437f7c9dec8490d46634a71610df6e37b7c4a327f3,3a7b5b63d4f5a16949cb0ae7bfac60846858d7f7dbcde2ae1a6b83830bf77e5e,0.026905566453933716,0.0,0.0012647086987271905,0.0012647086987271905,0.0,0.026905566453933716,0.0,0,1,0.9076921939849854,0.20944694064039504,13,1.661538353333106,0.007403582960959791,0.005771506732032144,0.026905566453933716,0.0012647086987271905,0.026905566453933716,0.0012647086987271905,0.005865088198333979,0.01052173413336277,0.005865088198333979,0,0.026905566453933716,0.0,0.0,0.026905566453933716,0,1.2081540129438295e-08,0.0,0,0,1,7,13,13,0,1,1,1,0.0,0.0,0.0,1,0.1558224931359291,-0.14236970990896225,0.013452783226966858,0.013452783226966858,inf,inf,0,0,0.001264696617187061,0.0,1.6615384505345263,0.022352316598311377,0.0,inf,0,0,0,3,4,0,0,0.04500000178813934
5001,4,0,2,4,6bc6729874b48f6961ca61437f7c9dec8490d46634a71610df6e37b7c4a327f3,3a7b5b63d4f5a16949cb0ae7bfac60846858d7f7dbcde2ae1a6b83830bf77e5e,0.031247414648532867,0.029999997466802597,-0.007400795817375183,-0.007400795817375183,-0.002076923919411805,0.031247414648532867,0.029999997466802597,1,4,0.9076921939849854,0.20944694064039504,13,1.6615383533331063,0.006927301114470849,0.004991318655789957,0.0012474171817302704,-0.005323871897963378,0.0012474171817302704,0.005323871897963378,0.009956679306924343,0.018670937046408653,0.009956679306924343,0,0.031247414648532867,0.029999997466802597,0.0,0.026728376746177673,0,1.353396791858863e-08,3.469446951953614e-18,10,11,10,11,1,1,1,1,1,1,0.01499999687075615,0.01249999925494194,0.01249999925494194,0,0.1520996056497097,-0.13873541727662086,0.013364188373088837,0.013364188373088837,1.0691351335725268,12.167969177244256,0,0,-0.007400809351343102,-0.0020769239194118015,1.661538450534526,0.022205112842073556,0.0020769239194118015,10.691346290798263,1,0,0,2,2,0,0,0.015000004321336746
5001,4,0,3,4,6bc6729874b48f6961ca61437f7c9dec8490d46634a71610df6e37b7c4a327f3,3a7b5b63d4f5a16949cb0ae7bfac60846858d7f7dbcde2ae1a6b83830bf77e5e,0.031534094363451004,0.0,-0.01128500234335661,-0.01128500234335661,0.0,0.031534094363451004,0.0,0,1,0.9076923131942749,0.2094469155167731,13,1.661538461366525,0.009113906475264118,0.007082507675568731,0.031534094363451004,-0.01128500234335661,0.031534094363451004,0.01128500234335661,0.007543282583355904,0.01892932318150997,0.007543282583355904,0,0.031534094363451004,0.0,0.0,0.031534094363451004,0,8.003626379704532e-09,1.0408340855860843e-17,0,0,1,11,13,13,0,1,1,1,0.0,0.0,0.0,1,0.1406610682606697,-0.1248940210789442,0.015767047181725502,0.015767047181725502,inf,inf,0,0,-0.011285010346982989,-1.0408340855860843e-17,1.6615384522538923,0.026197555170938285,1.0408340855860843e-17,inf,0,0,0,4,1,0,1,0.04500000178813934
5001,4,0,4,4,6bc6729874b48f6961ca61437f7c9dec8490d46634a71610df6e37b7c4a327f3,3a7b5b63d4f5a16949cb0ae7bfac60846858d7f7dbcde2ae1a6b83830bf77e5e,0.030414201319217682,0.04500000178813934,-0.004869928117841482,-0.004869928117841482,-0.008307692582790654,0.030414201319217682,0.04500000178813934,1,4,0.9076921939849854,0.20944694064039504,13,1.661538353333106,0.010428296027029407,0.008302501320133547,0.014585800468921661,0.0034377644649491723,0.014585800468921661,0.0034377644649491723,0.005538088735193014,0.015276786871254444,0.005538088735193014,0,0.030414201319217682,0.04500000178813934,0.0,0.03262908011674881,0,3.4996094841477365e-09,6.938893903907228e-18,1,11,1,11,4,1,0,1,1,1,0.0,0.015000000596046448,0.0,1,0.17285533994436264,-0.15654079988598824,0.016314540058374405,0.016314540058374405,inf,inf,0,0,-0.004869931617450966,-0.008307692582790661,1.6615384505345263,0.02710723560977487,0.008307692582790661,3.2629078820185713,1,0,0,1,3,1,0,0.015000004321336746
5001,4,0,5,4,6bc6729874b48f6961ca61437f7c9dec8490d46634a71610df6e37b7c4a327f3,3a7b5b63d4f5a16949cb0ae7bfac60846858d7f7dbcde2ae1a6b83830bf77e5e,0.02517092227935791,0.0,-0.0027264344971626997,-0.0027264344971626997,0.0,0.02517092227935791,0.0,0,1,0.9076921939849854,0.20944694064039504,13,1.661538353333106,0.007146420344991807,0.0057656223604665,0.02517092227935791,-0.0027264344971626997,0.02517092227935791,0.0027264344971626997,0.00621798075735569,0.01353537105023861,0.00621798075735569,0,0.02517092227935791,0.0,0.0,0.02517092227935791,0,1.0314724213644766e-09,0.0,0,0,1,7,13,13,0,1,1,1,0.0,0.0,0.0,1,0.14477438479661942,-0.13218892365694046,0.012585461139678955,0.012585461139678955,inf,inf,0,0,-0.002726435528635121,0.0,1.6615384505345263,0.020911227601284665,0.0,inf,0,0,0,5,5,0,0,0.04500000178813934
5001,4,1,0,4,6bc6729874b48f6961ca61437f7c9dec8490d46634a71610df6e37b7c4a327f3,3a7b5b63d4f5a16949cb0ae7bfac60846858d7f7dbcde2ae1a6b83830bf77e5e,0.004728890955448151,0.0,-0.0005558024276979268,-0.0005558024276979268,0.0,0.004728890955448151,0.0,0,1,0.9076921939849854,0.20944694064039504,13,1.661538353333106,0.0011812134846762117,0.0009262944026106212,0.004728890955448151,-0.0005558024276979268,0.004728890955448151,0.0005558024276979268,0.001821113401092589,0.002581120701506734,0.001821113401092589,0,0.004728890955448151,0.0,0.0,0.004728890955448151,0,4.7917347902048935e-09,3.469446951953614e-18,0,0,9,3,13,13,0,1,1,1,0.0,0.0,0.0,1,0.016175996512174606,0.013811551034450531,0.0023644454777240753,0.0023644454777240753,inf,inf,0,0,-0.000555807219432717,3.469446951953614e-18,1.6615384505345263,0.003928617075431028,3.469446951953614e-18,inf,0,0,0,3,5,0,0,0.03599999938160181
5001,4,1,2,4,6bc6729874b48f6961ca61437f7c9dec8490d46634a71610df6e37b7c4a327f3,3a7b5b63d4f5a16949cb0ae7bfac60846858d7f7dbcde2ae1a6b83830bf77e5e,0.005403947085142136,0.0,0.0020160784479230642,0.0020160784479230642,0.0,0.005403947085142136,0.0,0,1,0.9076921939849854,0.20944694064039504,13,1.6615383533331063,0.0015223496581704059,0.0011534867642899237,0.005403947085142136,0.0020160784479230642,0.005403947085142136,0.0020160784479230642,0.0018855349626392126,0.0033734370954334736,0.0018855349626392126,0,0.005403947085142136,0.0,0.0,0.005403947085142136,0,4.396111374233014e-10,0.0,0,0,9,3,13,13,0,1,1,1,0.0,0.0,0.0,1,0.015906590968370438,0.01320461742579937,0.002701973542571068,0.002701973542571068,inf,inf,0,0,0.002016078008311927,0.0,1.661538450534526,0.004489432933308816,0.0,inf,0,0,0,4,4,0,0,0.03599999938160181
5001,4,1,3,4,6bc6729874b48f6961ca61437f7c9dec8490d46634a71610df6e37b7c4a327f3,3a7b5b63d4f5a16949cb0ae7bfac60846858d7f7dbcde2ae1a6b83830bf77e5e,0.023109685629606247,0.02999999839812517,-0.011474431492388248,-0.011474431492388248,-0.013499998849100223,0.023109685629606247,0.02999999839812517,1,3,0.9076923131942749,0.2094469155167731,13,1.661538461366525,0.001886531787159359,0.001342814961260945,0.006890312768518925,0.002025567356711975,0.006890312768518925,0.002025567356711975,0.002239466877654195,0.006531365681439638,0.002239466877654195,0,0.023109686095267534,0.02999999839812517,4.656612873077393e-10,0.00763488607481122,0,1.580024151445758e-09,1.734723475976807e-18,10,11,10,11,1,1,1,1,1,1,0.014999999664723873,0.014999998733401299,0.014999998733401299,0,0.017240745946764946,0.013423302909359336,0.00381744303740561,0.00381744303740561,0.2544962239833465,1.1493831601714777,1,0,-0.0114744330724124,-0.013499998849100222,1.6615384522538923,0.006342828395938315,0.013499998849100222,0.4698391804945277,1,1,0,2,1,0,1,0.006000000983476639
5001,4,1,4,4,6bc6729874b48f6961ca61437f7c9dec8490d46634a71610df6e37b7c4a327f3,3a7b5b63d4f5a16949cb0ae7bfac60846858d7f7dbcde2ae1a6b83830bf77e5e,0.005717949941754341,0.0,-0.0005293951253406703,-0.0005293951253406703,0.0,0.005717949941754341,0.0,0,1,0.9076921939849854,0.20944694064039504,13,1.661538353333106,0.0015900637297606712,0.0012357358396406003,0.005717949941754341,-0.0005293951253406703,0.005717949941754341,0.0005293951253406703,0.001754915458150208,0.003390379948541522,0.001754915458150208,0,0.005717949941754341,0.0,0.0,0.005717949941754341,0,5.617562953003086e-09,3.469446951953614e-18,0,0,10,11,13,13,0,1,1,1,0.0,0.0,0.0,1,0.016326988115906715,0.013468013145029545,0.0028589749708771706,0.0028589749708771706,inf,inf,0,0,-0.0005294007429036234,3.469446951953614e-18,1.6615384505345263,0.004750296843228246,3.469446951953614e-18,inf,0,0,0,5,3,0,0,0.03599999938160181
5001,4,1,5,4,6bc6729874b48f6961ca61437f7c9dec8490d46634a71610df6e37b7c4a327f3,3a7b5b63d4f5a16949cb0ae7bfac60846858d7f7dbcde2ae1a6b83830bf77e5e,0.016686122864484787,0.03599999938160181,-0.0012297636130824685,-0.0012297636130824685,-0.0062307688568074004,0.016686122864484787,0.03599999938160181,1,4,0.9076921939849854,0.20944694064039504,13,1.661538353333106,0.011920610981255972,0.009980316103033767,0.019313876517117023,0.005001005243724932,0.019313876517117023,0.005001005243724932,0.001590929226949811,0.006684595253318548,0.001590929226949811,0,0.016686122864484787,0.03599999938160181,0.0,0.0313017750158906,0,2.1233212358501286e-09,6.938893903907228e-18,1,11,10,11,3,1,0,0,1,0,0.0,0.006000000983476639,0.0,1,0.019753597676753998,0.004102710168808699,0.0156508875079453,0.0156508875079453,inf,inf,0,0,-0.0012297614897612327,-0.0062307688568073935,1.6615384505345263,0.026004551379441607,0.0062307688568073935,4.173570224969985,1,0,0,1,2,1,0,0.006000000983476639
5001,4,2,0,4,6bc6729874b48f6961ca61437f7c9dec8490d46634a71610df6e37b7c4a327f3,3a7b5b63d4f5a16949cb0ae7bfac60846858d7f7dbcde2ae1a6b83830bf77e5e,0.018902944400906563,0.038999998942017555,0.0013752266531810164,0.0013752266531810164,0.002076923016745308,0.018902944400906563,0.038999998942017555,1,4,0.9076921939849854,0.20944694064039504,13,1.661538353333106,0.007722774241209803,0.0040563247083912225,0.020097054541110992,-0.0007016963635642914,0.020097054541110992,0.0007016963635642914,0.0015840554842725396,0.0029311771504580975,0.0015840554842725396,0,0.018902944400906563,0.038999998942017555,0.0,0.030571842566132545,0,5.7159412619745e-11,3.469446951953614e-18,10,2,10,11,1,1,1,1,0,0,0.008999999612569809,0.020999999716877937,0.008999999612569809,0,0.03677181527018547,0.021485893987119198,0.015285921283066273,0.015285921283066273,1.6984357712323965,4.085757428125695,0,0,0.001375226710340429,0.0020769230167453044,1.6615384505345263,0.025398145963658674,0.0020769230167453044,12.22873729978663,1,0,0,2,2,0,0,0.006000000983476639
5001,4,2,1,4,6bc6729874b48f6961ca61437f7c9dec8490d46634a71610df6e37b7c4a327f3,3a7b5b63d4f5a16949cb0ae7bfac60846858d7f7dbcde2ae1a6b83830bf77e5e,0.006006510928273201,0.0,0.0015980988973751664,0.0015980988973751664,0.0,0.006006510928273201,0.0,0,1,0.9076921939849854,0.20944694064039504,13,1.661538353333106,0.001657124813973771,0.0013816060399162696,0.006006510928273201,0.0015980988973751664,0.006006510928273201,0.0015980988973751664,0.004672710318118334,0.004758454859256744,0.004672710318118334,0,0.006006510928273201,0.0,0.0,0.006006510928273201,0,3.490837254677137e-10,1.734723475976807e-18,0,0,5,11,13,13,0,1,1,1,0.0,0.0,0.0,1,0.01259274035692215,0.00958948489278555,0.0030032554641366005,0.0030032554641366005,inf,inf,0,0,0.001598098548291441,-1.734723475976807e-18,1.6615384505345263,0.0049900244304408765,1.734723475976807e-18,inf,0,0,0,3,4,0,0,0.044999999925494194
5001,4,2,3,4,6bc6729874b48f6961ca61437f7c9dec8490d46634a71610df6e37b7c4a327f3,3a7b5b63d4f5a16949cb0ae7bfac60846858d7f7dbcde2ae1a6b83830bf77e5e,0.006279131397604942,0.0,-0.003968246281147003,-0.003968246281147003,-3.469446951953614e-18,0.006279131397604942,0.0,0,1,0.9076923131942749,0.2094469155167731,13,1.661538461366525,0.0017504483932146587,0.0014825523693180649,0.006279131397604942,-0.003968246281147,0.006279131397604942,0.003968246281147,0.004069746937602758,0.0033126657363027334,0.004069746937602758,0,0.006279131397604942,0.0,0.0,0.006279131397604942,0,4.663435262952653e-10,3.469446951953614e-18,0,0,10,11,13,13,0,1,1,1,0.0,0.0,0.0,1,0.012575410306453705,0.009435844607651234,0.003139565698802471,0.003139565698802471,inf,inf,0,0,-0.003968245814803477,-6.938893903907228e-18,1.6615384522538923,0.005216509131937668,6.938893903907228e-18,inf,0,0,0,4,3,0,0,0.044999999925494194
5001,4,2,4,4,6bc6729874b48f6961ca61437f7c9dec8490d46634a71610df6e37b7c4a327f3,3a7b5b63d4f5a16949cb0ae7bfac60846858d7f7dbcde2ae1a6b83830bf77e5e,0.020975105464458466,0.044999999925494194,0.0010195582872256637,0.0010195582872256637,0.00207692295226913,0.020975105464458466,0.044999999925494194,1,4,0.9076921939849854,0.20944694064039504,13,1.661538353333106,0.00785449771885139,0.004135101758075891,0.02402489446103573,-0.0010573646650434664,0.02402489446103573,0.0010573646650434664,0.0014678377192467451,0.00293699000030756,0.0014678377192467451,0,0.020975105464458466,0.044999999925494194,0.0,0.03446567244827747,0,1.903426501484451e-09,1.734723475976807e-18,10,2,10,11,1,1,1,1,0,0,0.015000000596046448,0.014999999664723873,0.014999999664723873,0,0.036176772788167,0.018943936564028263,0.017232836224138737,0.017232836224138737,1.1488557739548435,2.41178490645206,0,0,0.0010195563837991622,0.0020769229522691283,1.6615384505345263,0.028633019998170733,0.0020769229522691283,13.786269715440294,1,0,0,1,1,1,1,0.006000000983476639
5001,4,2,5,4,6bc6729874b48f6961ca61437f7c9dec8490d46634a71610df6e37b7c4a327f3,3a7b5b63d4f5a16949cb0ae7bfac60846858d7f7dbcde2ae1a6b83830bf77e5e,0.005695326253771782,0.0,-0.0013333208626136184,-0.0013333208626136184,0.0,0.005695326253771782,0.0,0,1,0.9076921939849854,0.20944694064039504,13,1.661538353333106,0.0016080602630228727,0.0013179510126452474,0.005695326253771782,-0.0013333208626136184,0.005695326253771782,0.0013333208626136184,0.00226288428530097,0.004867022391408682,0.00226288428530097,0,0.005695326253771782,0.0,0.0,0.005695326253771782,0,2.636234480712929e-09,1.734723475976807e-18,0,0,5,11,13,13,0,1,1,1,0.0,0.0,0.0,1,0.01151973381638527,0.008672070689499378,0.002847663126885891,0.002847663126885891,inf,inf,0,0,-0.0013333182263791377,-1.734723475976807e-18,1.6615384505345263,0.004731501779490287,1.734723475976807e-18,inf,0,0,0,5,5,0,0,0.044999999925494194
5001,5,0,1,5,64ba345e72e4f08a2ad6dec8dd94bc6b54dd02e92e304ff6e9ca17bf52d47c7b,3a7b5b63d4f5a16949cb0ae7bfac60846858d7f7dbcde2ae1a6b83830bf77e5e,0.006517298519611359,0.0,-0.0010408462258055806,-0.0010408462258055806,0.0,0.006517298519611359,0.0,0,1,0.9076921939849854,0.20944694064039504,13,1.661538353333106,0.0017737795394445,0.0014880392039139595,0.006517298519611359,-0.0010408462258055806,0.006517298519611359,0.0010408462258055806,0.0016242357669398189,0.0032240389846265316,0.0016242357669398189,0,0.006517298519611359,0.0,0.0,0.006517298519611359,0,1.2743211780935626e-10,2.168404344971009e-19,0,0,2,11,13,13,0,1,1,1,0.0,0.0,0.0,1,0.010517945047467947,0.007259295787662268,0.0032586492598056793,0.0032586492598056793,inf,inf,0,0,-0.0010408463532376984,-2.168404344971009e-19,1.6615384505345263,0.0054143710419730096,2.168404344971009e-19,inf,0,0,0,3,4,0,0,0.044999998062849045
5001,5,0,2,5,64ba345e72e4f08a2ad6dec8dd94bc6b54dd02e92e304ff6e9ca17bf52d47c7b,3a7b5b63d4f5a16949cb0ae7bfac60846858d7f7dbcde2ae1a6b83830bf77e5e,0.018867049366235733,0.029999999329447746,-0.00021375423239078373,-0.00021375423239078373,0.002076923016745309,0.018867049366235733,0.029999999329447746,1,4,0.9076921939849854,0.20944694064039504,13,1.6615383533331063,0.002905713913743065,0.0022850966538418326,0.011132949963212013,-0.002290677249136093,0.011132949963212013,0.002290677249136093,0.0025275375228375196,0.004651983734220266,0.0025275375228375196,0,0.018867049599066377,0.029999999329447746,2.3283064365386963e-10,0.01113294973038137,0,1.1581607894939339e-10,4.336808689942018e-19,10,11,10,11,1,1,1,1,1,1,0.012499999720603228,0.014999999664723873,0.012499999720603228,0,0.011451756348833442,0.005885281483642757,0.005566474865190685,0.005566474865190685,0.4453179991688877,0.9161405283840118,1,0,-0.00021375411657470478,0.0020769230167453087,1.661538450534526,0.009248912022448316,0.0020769230167453087,4.453179991688879,0,0,0,2,2,0,0,0.014999998733401299
5001,5,0,3,5,64ba345e72e4f08a2ad6dec8dd94bc6b54dd02e92e304ff6e9ca17bf52d47c7b,3a7b5b63d4f5a16949cb0ae7bfac60846858d7f7dbcde2ae1a6b83830bf77e5e,0.008056500926613808,0.0,-0.004115139599889517,-0.004115139599889517,-4.336808689942018e-19,0.008056500926613808,0.0,0,1,0.9076923131942749,0.2094469155167731,13,1.661538461366525,0.002226143076301722,0.0018914073606479099,0.008056500926613808,-0.004115139599889517,0.008056500926613808,0.004115139599889517,0.003419767366722226,0.00419197604060173,0.003419767366722226,0,0.008056501392275095,0.0,4.656612873077393e-10,0.008056501392275095,0,2.2358768655972305e-10,4.336808689942018e-19,0,0,2,11,13,13,0,1,1,1,0.0,0.0,0.0,1,0.009921955410391092,0.005893704714253545,0.0040282506961375475,0.0040282506961375475,inf,inf,0,0,-0.00411513937630183,-8.673617379884035e-19,1.6615384522538923,0.006693093426951045,8.673617379884035e-19,inf,0,0,0,4,3,0,0,0.044999998062849045
5001,5,0,4,5,64ba345e72e4f08a2ad6dec8dd94bc6b54dd02e92e304ff6e9ca17bf52d47c7b,3a7b5b63d4f5a16949cb0ae7bfac60846858d7f7dbcde2ae1a6b83830bf77e5e,0.020939452573657036,0.044999998062849045,-0.002558379666879773,-0.002558379666879773,-0.008307692002505059,0.020939452573657036,0.044999998062849045,1,4,0.007692307233810425,0.20944694064039504,13,1.661538353333106,0.012466899006464943,0.011353684247598141,0.02406054548919201,0.005749312335625286,0.02406054548919201,0.005749312335625286,0.0014617650303989649,0.003489486174657941,0.0014617650303989649,0,0.02093945210799575,0.044999998062849045,4.656612873077393e-10,0.03320754086598754,0,6.197450972550422e-12,1.734723475976807e-18,1,11,10,11,4,1,0,0,1,0,0.0,0.014999999199062586,0.0,1,0.02467430103570223,-0.008070530602708459,0.01660377043299377,0.01660377043299377,inf,inf,0,0,-0.002558379660682322,-0.00830769200250506,1.6615384505345263,0.02758780299826745,0.00830769200250506,3.320754186595839,1,0,0,1,1,1,1,0.014999998733401299
5001,5,0,5,5,64ba345e72e4f08a2ad6dec8dd94bc6b54dd02e92e304ff6e9ca17bf52d47c7b,3a7b5b63d4f5a16949cb0ae7bfac60846858d7f7dbcde2ae1a6b83830bf77e5e,0.006517298053950071,0.0,-0.0010408457601442933,-0.0010408457601442933,0.0,0.006517298053950071,0.0,0,1,0.9076921939849854,0.20944694064039504,13,1.661538353333106,0.0017737794901016306,0.0014880391928923907,0.006517298053950071,-0.0010408457601442933,0.006517298053950071,0.0010408457601442933,0.001624237047508359,0.003224038751795888,0.001624237047508359,0,0.006517298053950071,0.0,0.0,0.006517298053950071,0,7.931444181985547e-10,2.168404344971009e-19,0,0,2,11,13,13,0,1,1,1,0.0,0.0,0.0,1,0.010517945047467947,0.007259296020492911,0.0032586490269750357,0.0032586490269750357,inf,inf,0,0,-0.0010408449669998751,-2.168404344971009e-19,1.6615384505345263,0.005414370655115942,2.168404344971009e-19,inf,0,0,0,5,5,0,0,0.044999998062849045
5001,5,1,0,5,64ba345e72e4f08a2ad6dec8dd94bc6b54dd02e92e304ff6e9ca17bf52d47c7b,3a7b5b63d4f5a16949cb0ae7bfac60846858d7f7dbcde2ae1a6b83830bf77e5e,0.004209086298942566,0.0,0.0021357599180191755,0.0021357599180191755,0.0,0.004209086298942566,0.0,0,1,0.9076921939849854,0.20944694064039504,13,1.661538353333106,0.0013319867164734666,0.001187812823515672,0.004209086298942566,0.0021357599180191755,0.004209086298942566,0.0021357599180191755,0.002021094784140587,0.0053721582517027855,0.002021094784140587,0,0.004209086298942566,0.0,0.0,0.004209086298942566,0,2.640124740355132e-09,0.0,0,0,5,11,13,13,0,1,1,1,0.0,0.0,0.0,1,0.0037061236798763275,-0.0016015805304050446,0.002104543149471283,0.002104543149471283,inf,inf,0,0,0.002135762558143916,0.0,1.6615384505345263,0.0034967793636555677,0.0,inf,0,0,0,3,5,0,0,0.036000002175569534
5001,5,1,2,5,64ba345e72e4f08a2ad6dec8dd94bc6b54dd02e92e304ff6e9ca17bf52d47c7b,3a7b5b63d4f5a16949cb0ae7bfac60846858d7f7dbcde2ae1a6b83830bf77e5e,0.007000338286161423,0.0,0.0015546977519989014,0.0015546977519989014,0.0,0.007000338286161423,0.0,0,1,0.9076921939849854,0.20944694064039504,13,1.6615383533331063,0.001804281497204512,0.0013862467817300867,0.007000338286161423,0.0015546977519989014,0.007000338286161423,0.0015546977519989014,0.0020394758321344852,0.004194516688585281,0.0020394758321344852,0,0.007000338286161423,0.0,0.0,0.007000338286161423,0,8.49386016382736e-10,0.0,0,0,5,11,13,13,0,1,1,1,0.0,0.0,0.0,1,0.006372358649969101,-0.0028721895068883896,0.0035001691430807114,0.0035001691430807114,inf,inf,0,0,0.0015546986013849177,0.0,1.661538450534526,0.005815665614603085,0.0,inf,0,0,0,4,4,0,0,0.036000002175569534
5001,5,1,3,5,64ba345e72e4f08a2ad6dec8dd94bc6b54dd02e92e304ff6e9ca17bf52d47c7b,3a7b5b63d4f5a16949cb0ae7bfac60846858d7f7dbcde2ae1a6b83830bf77e5e,0.020019035786390305,0.030000001192092896,-0.011351723223924637,-0.011351723223924637,-0.013500000461004677,0.020019035786390305,0.030000001192092896,1,3,0.9076923131942749,0.2094469155167731,13,1.661538461366525,0.003162538783715778,0.002405164377576501,0.009980965405702591,0.00214827723708004,0.009980965405702591,0.00214827723708004,0.002892416436225176,0.005941201467067003,0.002892416436225176,0,0.020019035786390305,0.030000001192092896,0.0,0.01293870247900486,0,3.3323126653883595e-09,1.3877787807814457e-17,10,11,10,11,1,1,1,1,1,1,0.015000000596046448,0.015000000596046448,0.015000000596046448,0,0.00793568417429924,-0.0014663329347968102,0.00646935123950243,0.00646935123950243,0.4312900654955679,0.5290455905975664,1,0,-0.011351726556237302,-0.013500000461004663,1.6615384522538923,0.010749075845569667,0.013500000461004663,0.7962278132225875,1,1,0,2,2,0,0,0.006000000983476639
5001,5,1,4,5,64ba345e72e4f08a2ad6dec8dd94bc6b54dd02e92e304ff6e9ca17bf52d47c7b,3a7b5b63d4f5a16949cb0ae7bfac60846858d7f7dbcde2ae1a6b83830bf77e5e,0.0071331411600112915,0.0,0.0023356229066848755,0.0023356229066848755,0.0,0.0071331411600112915,0.0,0,1,0.007692307233810425,0.20944694064039504,13,1.661538353333106,0.0018587738396331596,0.0015126350363330726,0.0071331411600112915,0.0023356229066848755,0.0071331411600112915,0.0023356229066848755,0.0022150720469653606,0.003701611189171672,0.0022150720469653606,0,0.0071331411600112915,0.0,0.0,0.0071331411600112915,0,4.313880076073362e-09,0.0,0,0,5,11,13,13,0,1,1,1,0.0,0.0,0.0,1,0.0059060826897621155,-0.0023395121097564697,0.0035665705800056458,0.0035665705800056458,inf,inf,0,0,0.0023356185928047994,0.0,1.6615384505345263,0.005925994155224608,0.0,inf,0,0,0,5,3,0,0,0.036000002175569534
5001,5,1,5,5,64ba345e72e4f08a2ad6dec8dd94bc6b54dd02e92e304ff6e9ca17bf52d47c7b,3a7b5b63d4f5a16949cb0ae7bfac60846858d7f7dbcde2ae1a6b83830bf77e5e,0.021454527974128723,0.036000002175569534,-0.003541360842064023,-0.003541360842064023,-0.006230769437092977,0.021454527974128723,0.036000002175569534,1,4,0.9076921939849854,0.20944694064039504,13,1.661538353333106,0.009342261545098299,0.007631569527662718,0.014545474201440811,0.002689408595028954,0.014545474201440811,0.002689408595028954,0.002662152284756303,0.0054423753172159195,0.002662152284756303,0,0.021454527974128723,0.036000002175569534,0.0,0.027669094502925873,0,1.219503917987419e-09,2.0816681711721685e-17,1,11,1,11,3,1,0,1,1,1,0.0,0.006000000983476639,0.0,1,0.0226723775267601,-0.008837830275297165,0.013834547251462936,0.013834547251462936,inf,inf,0,0,-0.003541362061567941,-0.006230769437092998,1.6615384505345263,0.02298663220404242,0.006230769437092998,3.689212453793984,1,0,0,1,1,1,1,0.006000000983476639
5001,5,2,0,5,64ba345e72e4f08a2ad6dec8dd94bc6b54dd02e92e304ff6e9ca17bf52d47c7b,3a7b5b63d4f5a16949cb0ae7bfac60846858d7f7dbcde2ae1a6b83830bf77e5e,0.02158636599779129,0.03899999661371112,0.0008500106632709503,0.0008500106632709503,0.002076923113459573,0.02158636599779129,0.03899999661371112,1,4,0.9076921939849854,0.20944694064039504,13,1.661538353333106,0.007882545648911296,0.004122627039368336,0.01741363061591983,-0.0012269124501886226,0.01741363061591983,0.0012269124501886226,0.0016096136532723904,0.003627503989264369,0.0016096136532723904,0,0.021586365066468716,0.03899999661371112,9.313225746154785e-10,0.03310813242569566,0,2.4485601358981146e-09,3.469446951953614e-18,10,2,10,11,1,1,1,1,0,0,0.00899999774992466,0.02099999925121665,0.00899999774992466,0,0.034915467258542776,0.018361401045694947,0.01655406621284783,0.01655406621284783,1.8393411501671104,3.879497331967117,0,0,0.0008500082147108144,0.0020769231134595764,1.6615384505345263,0.027505217525341137,0.0020769231134595764,13.24325264960102,1,0,0,2,2,0,0,0.006000000983476639
5001,5,2,1,5,64ba345e72e4f08a2ad6dec8dd94bc6b54dd02e92e304ff6e9ca17bf52d47c7b,3a7b5b63d4f5a16949cb0ae7bfac60846858d7f7dbcde2ae1a6b83830bf77e5e,0.007100461050868034,0.0,-0.000978065305389464,-0.000978065305389464,0.0,0.007100461050868034,0.0,0,1,0.9076921939849854,0.20944694064039504,13,1.661538353333106,0.0018788651930355927,0.0014838844581821257,0.007100461050868034,-0.000978065305389464,0.007100461050868034,0.000978065305389464,0.001942413509823382,0.0035261197481304407,0.001942413509823382,0,0.007100461050868034,0.0,0.0,0.007100461050868034,0,1.2762999754278859e-09,1.734723475976807e-18,0,0,5,11,13,13,0,1,1,1,0.0,0.0,0.0,1,0.007557995617389679,0.004007765091955662,0.003550230525434017,0.003550230525434017,inf,inf,0,0,-0.0009780640290894885,-1.734723475976807e-18,1.6615384505345263,0.005898844526270014,1.734723475976807e-18,inf,0,0,0,3,4,0,0,0.04499999759718776
5001,5,2,3,5,64ba345e72e4f08a2ad6dec8dd94bc6b54dd02e92e304ff6e9ca17bf52d47c7b,3a7b5b63d4f5a16949cb0ae7bfac60846858d7f7dbcde2ae1a6b83830bf77e5e,0.006335688754916191,0.0,-0.004117046948522329,-0.004117046948522329,0.0,0.006335688754916191,0.0,0,1,0.9076923131942749,0.2094469155167731,13,1.661538461366525,0.0017300670321947333,0.0014287494343413404,0.006335688754916191,-0.004117046948522329,0.006335688754916191,0.004117046948522329,0.003951271064579487,0.003009818261489272,0.003951271064579487,0,0.006335688754916191,0.0,0.0,0.006335688754916191,0,5.603072693316502e-10,5.204170427930421e-18,0,0,10,11,13,13,0,1,1,1,0.0,0.0,0.0,1,0.00860367901623249,0.005435834638774395,0.0031678443774580956,0.0031678443774580956,inf,inf,0,0,-0.00411704638821506,-5.204170427930421e-18,1.6615384522538923,0.005263495243902919,5.204170427930421e-18,inf,0,0,0,4,5,0,0,0.04499999759718776
5001,5,2,4,5,64ba345e72e4f08a2ad6dec8dd94bc6b54dd02e92e304ff6e9ca17bf52d47c7b,3a7b5b63d4f5a16949cb0ae7bfac60846858d7f7dbcde2ae1a6b83830bf77e5e,0.023937653750181198,0.04499999759718776,0.0009183210204355419,0.0009183210204355419,0.0020769230489833986,0.023937653750181198,0.04499999759718776,1,4,0.007692307233810425,0.20944694064039504,13,1.661538353333106,0.007850620258391427,0.004079810194891586,0.02106234384700656,-0.0011586020285478567,0.02106234384700656,0.0011586020285478567,0.0019127106061205268,0.0040136296302080154,0.0019127106061205268,0,0.023937652818858624,0.04499999759718776,9.313225746154785e-10,0.03387901885434985,0,8.652421036592362e-10,1.734723475976807e-18,10,2,10,11,1,1,1,1,0,0,0.014999998733401299,0.014999999199062586,0.014999998733401299,0,0.034946910571306944,0.018007401144132018,0.016939509427174926,0.016939509427174926,1.1293007238363837,2.329794234814753,0,0,0.0009183218856776455,0.0020769230489834003,1.6615384505345263,0.028145646246443227,0.0020769230489834003,13.55160763429333,1,0,0,1,1,1,1,0.006000000983476639
5001,5,2,5,5,64ba345e72e4f08a2ad6dec8dd94bc6b54dd02e92e304ff6e9ca17bf52d47c7b,3a7b5b63d4f5a16949cb0ae7bfac60846858d7f7dbcde2ae1a6b83830bf77e5e,0.007100462913513184,0.0,-0.000978065305389464,-0.000978065305389464,0.0,0.007100462913513184,0.0,0,1,0.9076921939849854,0.20944694064039504,13,1.661538353333106,0.001878865364120467,0.0014838845022684018,0.007100462913513184,-0.000978065305389464,0.007100462913513184,0.000978065305389464,0.0019424131605774164,0.003526120912283659,0.0019424131605774164,0,0.007100462913513184,0.0,0.0,0.007100462913513184,0,8.894429099487455e-10,1.734723475976807e-18,0,0,5,11,13,13,0,1,1,1,0.0,0.0,0.0,1,0.007557997480034828,0.004007766023278236,0.003550231456756592,0.003550231456756592,inf,inf,0,0,-0.000978064415946554,-1.734723475976807e-18,1.6615384505345263,0.005898846073698282,1.734723475976807e-18,inf,0,0,0,5,3,0,0,0.04499999759718776
5001,6,0,1,6,7b5faa671b7e76777a2e7705b27582411804ba140147da81c979ee20bf029a17,3a7b5b63d4f5a16949cb0ae7bfac60846858d7f7dbcde2ae1a6b83830bf77e5e,0.028603270649909973,0.0,-0.002304876921698451,-0.002304876921698451,0.0,0.028603270649909973,0.0,0,1,0.9076921939849854,0.20944694064039504,13,1.661538353333106,0.008030610134181576,0.006228287191786003,0.028603270649909973,-0.002304876921698451,0.028603270649909973,0.002304876921698451,0.005178557708859444,0.012049214914441109,0.005178557708859444,0,0.028603270649909973,0.0,0.0,0.028603270649909973,0,6.135046373700881e-09,0.0,0,0,1,9,13,13,0,1,1,1,0.0,0.0,0.0,1,0.15796097368001938,-0.1436593383550644,0.014301635324954987,0.014301635324954987,inf,inf,0,0,-0.0023048830567448247,0.0,1.6615384505345263,0.023762716997935557,0.0,inf,0,0,0,3,5,0,0,0.04500000178813934
5001,6,0,2,6,7b5faa671b7e76777a2e7705b27582411804ba140147da81c979ee20bf029a17,3a7b5b63d4f5a16949cb0ae7bfac60846858d7f7dbcde2ae1a6b83830bf77e5e,0.03344716876745224,0.029999997466802597,-0.007856619544327259,-0.007856619544327259,-0.002076923919411805,0.03344716876745224,0.029999997466802597,1,4,0.9076921939849854,0.20944694064039504,13,1.6615383533331063,0.007299382867630212,0.005213378228732115,0.003447171300649643,-0.005779695624915454,0.003447171300649643,0.005779695624915454,0.008422172628343105,0.013117225840687752,0.008422172628343105,0,0.03344716876745224,0.029999997466802597,0.0,0.028107717633247375,0,2.382968544711872e-10,3.469446951953614e-18,10,11,1,11,1,1,1,0,1,0,0.01499999687075615,0.01249999925494194,0.01249999925494194,0,0.15523089095950127,-0.14117703214287758,0.014053858816623688,0.014053858816623688,1.12430877234392,12.418472016958715,0,0,-0.007856619306030405,-0.0020769239194118015,1.661538450534526,0.02335102680220391,0.0020769239194118015,11.243082418164395,1,0,0,2,2,0,0,0.015000004321336746
5001,6,0,3,6,7b5faa671b7e76777a2e7705b27582411804ba140147da81c979ee20bf029a17,3a7b5b63d4f5a16949cb0ae7bfac60846858d7f7dbcde2ae1a6b83830bf77e5e,0.0333399623632431,0.0,-0.011323545128107071,-0.011323545128107071,0.0,0.0333399623632431,0.0,0,1,0.9076923131942749,0.2094469155167731,13,1.661538461366525,0.009605120743887472,0.007500397912143956,0.0333399623632431,-0.011323545128107071,0.0333399623632431,0.011323545128107071,0.008757255971431732,0.01595320925116539,0.008757255971431732,0,0.0333399623632431,0.0,0.0,0.0333399623632431,0,2.0118886348563514e-09,1.0408340855860843e-17,0,0,1,11,13,13,0,1,1,1,0.0,0.0,0.0,1,0.15577199310064316,-0.1391020119190216,0.01666998118162155,0.01666998118162155,inf,inf,0,0,-0.011323543116218436,-1.0408340855860843e-17,1.6615384522538923,0.027697814731612983,1.0408340855860843e-17,inf,0,0,0,4,3,0,0,0.04500000178813934
5001,6,0,4,6,7b5faa671b7e76777a2e7705b27582411804ba140147da81c979ee20bf029a17,3a7b5b63d4f5a16949cb0ae7bfac60846858d7f7dbcde2ae1a6b83830bf77e5e,0.034894637763500214,0.04500000178813934,-0.008327312767505646,-0.008327312767505646,-0.008307692582790661,0.034894637763500214,0.04500000178813934,1,4,0.9076921939849854,0.20944694064039504,13,1.661538353333106,0.01061887452580791,0.008394968492039563,0.01010536402463913,-1.9620184714984334e-05,0.01010536402463913,1.9620184714984334e-05,0.007663251832127571,0.014372744597494602,0.007663251832127571,0,0.034894637763500214,0.04500000178813934,0.0,0.03582067787647247,0,7.395430927370494e-09,0.0,1,11,10,11,4,1,0,0,1,0,0.0,0.015000000596046448,0.0,1,0.16472887247800827,-0.14681853353977203,0.017910338938236237,0.017910338938236237,inf,inf,0,0,-0.008327320162936573,-0.008307692582790661,1.6615384505345263,0.02975871680798523,0.008307692582790661,3.5820676453086677,1,0,0,1,1,1,1,0.015000004321336746
5001,6,0,5,6,7b5faa671b7e76777a2e7705b27582411804ba140147da81c979ee20bf029a17,3a7b5b63d4f5a16949cb0ae7bfac60846858d7f7dbcde2ae1a6b83830bf77e5e,0.02860330045223236,0.0,-0.002304884372279048,-0.002304884372279048,0.0,0.02860330045223236,0.0,0,1,0.9076921939849854,0.20944694064039504,13,1.661538353333106,0.008030614686433714,0.006228294069245016,0.02860330045223236,-0.002304884372279048,0.02860330045223236,0.002304884372279048,0.005178555380553007,0.012049222365021706,0.005178555380553007,0,0.02860330045223236,0.0,0.0,0.02860330045223236,0,1.2095510759646544e-08,0.0,0,0,1,9,13,13,0,1,1,1,0.0,0.0,0.0,1,0.15796098858118057,-0.1436593383550644,0.01430165022611618,0.01430165022611618,inf,inf,0,0,-0.0023048964677898076,0.0,1.6615384505345263,0.023762741756787838,0.0,inf,0,0,0,5,4,0,0,0.04500000178813934
5001,6,1,0,6,7b5faa671b7e76777a2e7705b27582411804ba140147da81c979ee20bf029a17,3a7b5b63d4f5a16949cb0ae7bfac60846858d7f7dbcde2ae1a6b83830bf77e5e,0.004346195608377457,0.0,0.00023456972849089652,0.00023456972849089652,6.938893903907228e-18,0.004346195608377457,0.0,0,1,0.9076921939849854,0.20944694064039504,13,1.661538353333106,0.001422417741438081,0.001202223128115637,0.004346195608377457,0.00023456972849088958,0.004346195608377457,0.00023456972849088958,0.0017089579487219453,0.0037419875152409077,0.0017089579487219453,0,0.004346195608377457,0.0,0.0,0.004346195608377457,0,2.8145506203447468e-09,6.938893903907228e-18,0,0,5,12,13,13,0,1,1,1,0.0,0.0,0.0,1,0.0032847225666046143,-0.001111624762415886,0.0021730978041887283,0.0021730978041887283,inf,inf,0,0,0.00023456691394027618,0.0,1.6615384505345263,0.003610685558431721,0.0,inf,0,0,0,3,5,0,0,0.036000002175569534
5001,6,1,2,6,7b5faa671b7e76777a2e7705b27582411804ba140147da81c979ee20bf029a17,3a7b5b63d4f5a16949cb0ae7bfac60846858d7f7dbcde2ae1a6b83830bf77e5e,0.007682662457227707,0.0,0.0012507978826761246,0.0012507978826761246,0.0,0.007682662457227707,0.0,0,1,0.9076921939849854,0.20944694064039504,13,1.6615383533331063,0.001945024767385307,0.001508630150873985,0.007682662457227707,0.0012507978826761246,0.007682662457227707,0.0012507978826761246,0.0021236673928797245,0.003425317583605647,0.0021236673928797245,0,0.007682662457227707,0.0,0.0,0.007682662457227707,0,2.5707634007665625e-09,0.0,0,0,4,11,13,13,0,1,1,1,0.0,0.0,0.0,1,0.005836464464664459,-0.0019951332360506058,0.0038413312286138535,0.0038413312286138535,inf,inf,0,0,0.0012508004534395253,0.0,1.661538450534526,0.006382519537580949,0.0,inf,0,0,0,4,3,0,0,0.036000002175569534
5001,6,1,3,6,7b5faa671b7e76777a2e7705b27582411804ba140147da81c979ee20bf029a17,3a7b5b63d4f5a16949cb0ae7bfac60846858d7f7dbcde2ae1a6b83830bf77e5e,0.019826294854283333,0.030000001192092896,-0.011323218233883381,-0.011323218233883381,-0.013500000461004677,0.019826294854283333,0.030000001192092896,1,3,0.9076923131942749,0.2094469155167731,13,1.661538461366525,0.003206869085547348,0.0024006914501712166,0.010173706337809563,0.002176782227121296,0.010173706337809563,0.002176782227121296,0.0031241439282894135,0.0060295951552689075,0.0031241439282894135,0,0.019826294854283333,0.030000001192092896,0.0,0.013190291821956635,0,2.5014456565136678e-09,1.3877787807814457e-17,10,11,10,11,1,1,1,1,1,1,0.015000000596046448,0.015000000596046448,0.015000000596046448,0,0.0082810427993536,-0.0016858968883752823,0.006595145910978317,0.006595145910978317,0.4396763765940517,0.5520694980196358,1,0,-0.011323220735329037,-0.013500000461004663,1.6615384522538923,0.0109580885293155,0.013500000461004663,0.8117102337120962,1,1,0,2,2,0,0,0.006000000983476639
5001,6,1,4,6,7b5faa671b7e76777a2e7705b27582411804ba140147da81c979ee20bf029a17,3a7b5b63d4f5a16949cb0ae7bfac60846858d7f7dbcde2ae1a6b83830bf77e5e,0.006996423006057739,0.0,0.0022992920130491257,0.0022992920130491257,0.0,0.006996423006057739,0.0,0,1,0.9076921939849854,0.20944694064039504,13,1.661538353333106,0.0018645391785464974,0.0014763731928266717,0.006996423006057739,0.0022992920130491257,0.006996423006057739,0.0022992920130491257,0.0020682350732386112,0.002753474749624729,0.0020682350732386112,0,0.006996423006057739,0.0,0.0,0.006996423006057739,0,1.3620633267097393e-09,0.0,0,0,5,11,13,13,0,1,1,1,0.0,0.0,0.0,1,0.005950048565864563,-0.0024518370628356934,0.0034982115030288696,0.0034982115030288696,inf,inf,0,0,0.002299290650985799,0.0,1.6615384505345263,0.005812412920384645,0.0,inf,0,0,0,5,4,0,0,0.036000002175569534
5001,6,1,5,6,7b5faa671b7e76777a2e7705b27582411804ba140147da81c979ee20bf029a17,3a7b5b63d4f5a16949cb0ae7bfac60846858d7f7dbcde2ae1a6b83830bf77e5e,0.02075039967894554,0.036000002175569534,-0.0032105923164635897,-0.0032105923164635897,-0.006230769437092977,0.02075039967894554,0.036000002175569534,1,4,0.9076921939849854,0.20944694064039504,13,1.661538353333106,0.009405465324717033,0.007709032905525006,0.015249602496623993,0.0030201771206293873,0.015249602496623993,0.0030201771206293873,0.0027533930260688066,0.004752712324261665,0.0027533930260688066,0,0.02075039967894554,0.036000002175569534,0.0,0.02777474746108055,0,2.473878289721565e-10,2.0816681711721685e-17,1,11,1,11,3,1,0,1,1,1,0.0,0.006000000983476639,0.0,1,0.021344970911741257,-0.007457597181200981,0.013887373730540276,0.013887373730540276,inf,inf,0,0,-0.0032105925638514186,-0.006230769437092998,1.6615384505345263,0.023074405430235773,0.006230769437092998,3.7032995143215044,1,0,0,1,1,1,1,0.006000000983476639
5001,6,2,0,6,7b5faa671b7e76777a2e7705b27582411804ba140147da81c979ee20bf029a17,3a7b5b63d4f5a16949cb0ae7bfac60846858d7f7dbcde2ae1a6b83830bf77e5e,0.02056022733449936,0.038999998942017555,0.0013484744122251868,0.0013484744122251868,0.002076923016745308,0.02056022733449936,0.038999998942017555,1,4,0.9076921939849854,0.20944694064039504,13,1.661538353333106,0.007665571190436503,0.004006706497813822,0.018439771607518196,-0.0007284486045201211,0.018439771607518196,0.0007284486045201211,0.0013334531104192138,0.0018922626040875912,0.0013334531104192138,0,0.020560228265821934,0.038999998942017555,9.313225746154785e-10,0.03160106483846903,0,6.089172464862624e-10,3.469446951953614e-18,10,2,10,11,1,1,1,1,0,0,0.008999999612569809,0.020999999716877937,0.008999999612569809,0,0.03391145542263985,0.018110923003405333,0.015800532419234514,0.015800532419234514,1.755614788823632,3.767939653605936,0,0,0.0013484738033079403,0.0020769230167453044,1.6615384505345263,0.026253192153475467,0.0020769230167453044,12.640426217923189,1,0,0,2,2,0,0,0.006000000983476639
5001,6,2,1,6,7b5faa671b7e76777a2e7705b27582411804ba140147da81c979ee20bf029a17,3a7b5b63d4f5a16949cb0ae7bfac60846858d7f7dbcde2ae1a6b83830bf77e5e,0.006930273026227951,0.0,-0.0012141034239903092,-0.0012141034239903092,0.0,0.006930273026227951,0.0,0,1,0.9076921939849854,0.20944694064039504,13,1.661538353333106,0.0018625615043370192,0.00146485962105926,0.006930273026227951,-0.0012141034239903092,0.006930273026227951,0.0012141034239903092,0.0020402211230248213,0.0032090821769088507,0.0020402211230248213,0,0.006930273026227951,0.0,0.0,0.006930273026227951,0,2.838931138782197e-10,1.734723475976807e-18,0,0,5,11,13,13,0,1,1,1,0.0,0.0,0.0,1,0.008386196568608284,0.0049210600554943085,0.0034651365131139755,0.0034651365131139755,inf,inf,0,0,-0.0012141037078834231,-1.734723475976807e-18,1.6615384505345263,0.005757457552890006,1.734723475976807e-18,inf,0,0,0,3,5,0,0,0.044999999925494194
5001,6,2,3,6,7b5faa671b7e76777a2e7705b27582411804ba140147da81c979ee20bf029a17,3a7b5b63d4f5a16949cb0ae7bfac60846858d7f7dbcde2ae1a6b83830bf77e5e,0.007163282483816147,0.0,-0.004585702437907457,-0.004585702437907457,-3.469446951953614e-18,0.007163282483816147,0.0,0,1,0.9076923131942749,0.2094469155167731,13,1.661538461366525,0.001876642609257808,0.0014774863712886384,0.007163282483816147,-0.004585702437907454,0.007163282483816147,0.004585702437907454,0.003970146644860506,0.0029858751222491264,0.003970146644860506,0,0.007163282483816147,0.0,0.0,0.007163282483816147,0,1.0195492020081964e-11,3.469446951953614e-18,0,0,6,11,13,13,0,1,1,1,0.0,0.0,0.0,1,0.009469704702496529,0.005888063460588455,0.0035816412419080734,0.0035816412419080734,inf,inf,0,0,-0.004585702448102949,-6.938893903907228e-18,1.6615384522538923,0.005951034645608649,6.938893903907228e-18,inf,0,0,0,4,3,0,0,0.044999999925494194
5001,6,2,4,6,7b5faa671b7e76777a2e7705b27582411804ba140147da81c979ee20bf029a17,3a7b5b63d4f5a16949cb0ae7bfac60846858d7f7dbcde2ae1a6b83830bf77e5e,0.022302649915218353,0.044999999925494194,0.0006659033824689686,0.0006659033824689686,0.0020769229522691335,0.022302649915218353,0.044999999925494194,1,4,0.9076921939849854,0.20944694064039504,13,1.661538353333106,0.00783283066475368,0.004033614313725891,0.02269735001027584,-0.0014110195698001649,0.02269735001027584,0.0014110195698001649,0.0018114614067599177,0.0039552426896989346,0.0018114614067599177,0,0.022302649915218353,0.044999999925494194,0.0,0.03452768549323082,0,2.0686781107559504e-09,3.469446951953614e-18,10,2,10,11,1,1,1,1,0,0,0.015000000596046448,0.014999999664723873,0.014999999664723873,0,0.03492606431245804,0.01766222156584263,0.01726384274661541,0.01726384274661541,1.1509228754994916,2.328404339541095,0,0,0.0006659054511470794,0.00207692295226913,1.6615384505345263,0.028684538527483087,0.00207692295226913,13.811074934746117,1,0,0,1,1,1,1,0.006000000983476639
5001,6,2,5,6,7b5faa671b7e76777a2e7705b27582411804ba140147da81c979ee20bf029a17,3a7b5b63d4f5a16949cb0ae7bfac60846858d7f7dbcde2ae1a6b83830bf77e5e,0.0069302748888731,0.0,-0.0012141013285145164,-0.0012141013285145164,0.0,0.0069302748888731,0.0,0,1,0.9076921939849854,0.20944694064039504,13,1.661538353333106,0.001862562009985363,0.0014648600839651548,0.0069302748888731,-0.0012141013285145164,0.0069302748888731,0.0012141013285145164,0.0020402197260409594,0.0032090814784169197,0.0020402197260409594,0,0.0069302748888731,0.0,0.0,0.0069302748888731,0,2.2504165510250917e-09,1.734723475976807e-18,0,0,5,11,13,13,0,1,1,1,0.0,0.0,0.0,1,0.008386196568608284,0.004921059124171734,0.00346513744443655,0.00346513744443655,inf,inf,0,0,-0.0012141035789310674,-1.734723475976807e-18,1.6615384505345263,0.005757459100318274,1.734723475976807e-18,inf,0,0,0,5,4,0,0,0.044999999925494194
5001,7,0,1,7,6421c0b70b93013578e6bfe252794afa889ccfc439e4532ecf1efaf19eaa52e9,3a7b5b63d4f5a16949cb0ae7bfac60846858d7f7dbcde2ae1a6b83830bf77e5e,0.005520894192159176,0.0,-0.0016054207226261497,-0.0016054207226261497,0.0,0.005520894192159176,0.0,0,1,0.9076921939849854,0.20944694064039504,13,1.661538353333106,0.0017380860732687834,0.0015134045681309992,0.005520894192159176,-0.0016054207226261497,0.005520894192159176,0.0016054207226261497,0.001852931804023683,0.00428191339597106,0.001852931804023683,0,0.005520894075743854,0.0,1.1641532182693481e-10,0.005520894075743854,0,8.428736072811638e-11,0.0,0,0,2,11,13,13,0,1,1,1,0.0,0.0,0.0,1,0.014091639197431505,0.011331192159559578,0.002760447037871927,0.002760447037871927,inf,inf,0,0,-0.001605420638338789,0.0,1.6615384505345263,0.004586588894088344,0.0,inf,0,0,0,3,4,0,0,0.044999998062849045
5001,7,0,2,7,6421c0b70b93013578e6bfe252794afa889ccfc439e4532ecf1efaf19eaa52e9,3a7b5b63d4f5a16949cb0ae7bfac60846858d7f7dbcde2ae1a6b83830bf77e5e,0.0192120298743248,0.029999999329447746,-0.0008789665880613029,-0.0008789665880613029,0.002076923403602377,0.0192120298743248,0.029999999329447746,1,4,0.9076921939849854,0.20944694064039504,13,1.6615383533331063,0.002797123230795281,0.0022418594040174984,0.010787969455122948,-0.0029558899916636797,0.010787969455122948,0.0029558899916636797,0.0030053460504859686,0.005054451525211334,0.0030053460504859686,0,0.0192120298743248,0.029999999329447746,0.0,0.010787969455122948,0,8.283437824552209e-11,1.734723475976807e-18,10,11,10,11,1,1,1,1,1,1,0.01249999925494194,0.014999999664723873,0.01249999925494194,0,0.016029587015509605,0.010635602287948132,0.005393984727561474,0.005393984727561474,0.43151880392544295,1.2823670376758003,1,0,-0.0008789665052269247,0.002076923403602375,1.661538450534526,0.008962313026439388,0.002076923403602375,4.315187074734902,0,0,0,2,2,0,0,0.014999998733401299
5001,7,0,3,7,6421c0b70b93013578e6bfe252794afa889ccfc439e4532ecf1efaf19eaa52e9,3a7b5b63d4f5a16949cb0ae7bfac60846858d7f7dbcde2ae1a6b83830bf77e5e,0.007940986193716526,0.0,-0.004277028609067202,-0.004277028609067202,0.0,0.007940986193716526,0.0,0,1,0.9076923131942749,0.2094469155167731,13,1.661538461366525,0.002223968126088379,0.0018670911853857467,0.007940986193716526,-0.004277028609067202,0.007940986193716526,0.004277028609067202,0.003980493173003197,0.004500949755311012,0.003980493173003197,0,0.007940986310131848,0.0,1.1641532182693481e-10,0.007940986310131848,0,2.1285078040389482e-10,2.6020852139652106e-18,0,0,2,11,13,13,0,1,1,1,0.0,0.0,0.0,1,0.013839397230185568,0.009868904075119644,0.003970493155065924,0.003970493155065924,inf,inf,0,0,-0.004277028396216421,2.6020852139652106e-18,1.6615384522538923,0.006597127051552909,2.6020852139652106e-18,inf,0,0,0,4,3,0,0,0.044999998062849045
5001,7,0,4,7,6421c0b70b93013578e6bfe252794afa889ccfc439e4532ecf1efaf19eaa52e9,3a7b5b63d4f5a16949cb0ae7bfac60846858d7f7dbcde2ae1a6b83830bf77e5e,0.02079341560602188,0.044999998062849045,-0.001357241882942617,-0.001357241882942617,-0.008307692002505059,0.02079341560602188,0.044999998062849045,1,4,0.007692307233810425,0.20944694064039504,13,1.661538353333106,0.01243424257920105,0.011328582580272969,0.024206582456827164,0.006950450119562442,0.024206582456827164,0.006950450119562442,0.0027129792142659426,0.004535221029073,0.0027129792142659426,0,0.020793416537344456,0.044999998062849045,9.313225746154785e-10,0.03323134873062372,0,8.024038469257866e-10,1.734723475976807e-18,1,11,10,11,4,1,0,0,1,0,0.0,0.014999999199062586,0.0,1,0.02368224412202835,-0.00706656975671649,0.01661567436531186,0.01661567436531186,inf,inf,0,0,-0.00135724108053877,-0.00830769200250506,1.6615384505345263,0.027607581839526517,0.00830769200250506,3.323134973131149,1,0,0,1,1,1,1,0.014999998733401299
5001,7,0,5,7,6421c0b70b93013578e6bfe252794afa889ccfc439e4532ecf1efaf19eaa52e9,3a7b5b63d4f5a16949cb0ae7bfac60846858d7f7dbcde2ae1a6b83830bf77e5e,0.005222194362431765,0.0,-0.0015510832890868187,-0.0015510832890868187,0.0,0.005222194362431765,0.0,0,1,0.007692307233810425,0.20944694064039504,13,1.661538353333106,0.0016765816986528026,0.0014220175486417577,0.005222194362431765,-0.0015510832890868187,0.005222194362431765,0.0015510832890868187,0.0017050475580617785,0.0043624211102724075,0.0017050475580617785,0,0.005222194478847086,0.0,1.1641532182693481e-10,0.005222194478847086,0,2.037289375828727e-10,0.0,0,0,2,11,13,13,0,1,1,1,0.0,0.0,0.0,1,0.013957558549009264,0.01134646130958572,0.002611097239423543,0.002611097239423543,inf,inf,0,0,-0.0015510830853578811,0.0,1.6615384505345263,0.004338438461386773,0.0,inf,0,0,0,5,5,0,0,0.044999998062849045
5001,7,1,0,7,6421c0b70b93013578e6bfe252794afa889ccfc439e4532ecf1efaf19eaa52e9,3a7b5b63d4f5a16949cb0ae7bfac60846858d7f7dbcde2ae1a6b83830bf77e5e,0.0036633163690567017,0.0,0.0014972835779190063,0.0014972835779190063,0.0,0.0036633163690567017,0.0,0,1,0.9076921939849854,0.20944694064039504,13,1.661538353333106,0.0013486618526440536,0.001231541824058668,0.0036633163690567017,0.0014972835779190063,0.0036633163690567017,0.0014972835779190063,0.002046590205281973,0.00372448586858809,0.002046590205281973,0,0.0036633163690567017,0.0,0.0,0.0036633163690567017,0,3.887310626171647e-09,1.734723475976807e-18,0,0,9,11,13,13,0,1,1,1,0.0,0.0,0.0,1,0.026015963405370712,-0.02418430522084236,0.0018316581845283508,0.0018316581845283508,inf,inf,0,0,0.0014972874652296325,1.734723475976807e-18,1.6615384505345263,0.0030433705018301197,1.734723475976807e-18,inf,0,0,0,3,5,0,0,0.036000002175569534
5001,7,1,2,7,6421c0b70b93013578e6bfe252794afa889ccfc439e4532ecf1efaf19eaa52e9,3a7b5b63d4f5a16949cb0ae7bfac60846858d7f7dbcde2ae1a6b83830bf77e5e,0.006272811442613602,0.0,0.0013994748005643487,0.0013994748005643487,0.0,0.006272811442613602,0.0,0,1,0.9076921939849854,0.20944694064039504,13,1.6615383533331063,0.0017171184503544756,0.001330971365144267,0.006272811442613602,0.0013994748005643487,0.006272811442613602,0.0013994748005643487,0.0018683263333514333,0.003142140107229352,0.0018683263333514333,0,0.006272811442613602,0.0,0.0,0.006272811442613602,0,2.8551752004335462e-09,1.734723475976807e-18,0,0,4,11,13,13,0,1,1,1,0.0,0.0,0.0,1,0.028971955180168152,-0.02583554945886135,0.003136405721306801,0.003136405721306801,inf,inf,0,0,0.0013994719453891483,1.734723475976807e-18,1.661538450534526,0.005211258702427724,1.734723475976807e-18,inf,0,0,0,4,4,0,0,0.036000002175569534
5001,7,1,3,7,6421c0b70b93013578e6bfe252794afa889ccfc439e4532ecf1efaf19eaa52e9,3a7b5b63d4f5a16949cb0ae7bfac60846858d7f7dbcde2ae1a6b83830bf77e5e,0.01967580057680607,0.029999999329447746,-0.011332754045724869,-0.011332754045724869,-0.013499999622814361,0.01967580057680607,0.029999999329447746,1,3,0.9076923131942749,0.2094469155167731,13,1.661538461366525,0.0032772335914026418,0.002492979730991922,0.010324198752641678,0.0021672455770894924,0.010324198752641678,0.0021672455770894924,0.003730681724846363,0.006728483363986015,0.003730681724846363,0,0.01967580057680607,0.029999999329447746,0.0,0.013368560932576656,0,1.7970194863409228e-09,3.469446951953614e-18,10,11,10,11,1,1,1,1,1,1,0.014999999664723873,0.014999999664723873,0.014999999664723873,0,0.030930176377296448,-0.02424589591100812,0.006684280466288328,0.006684280466288328,0.4456187077129095,2.0620118045759854,1,0,-0.011332752248705382,-0.013499999622814358,1.6615384522538923,0.011106189020387635,0.013499999622814358,0.8226806911622948,1,1,0,2,2,0,0,0.006000002846121788
5001,7,1,4,7,6421c0b70b93013578e6bfe252794afa889ccfc439e4532ecf1efaf19eaa52e9,3a7b5b63d4f5a16949cb0ae7bfac60846858d7f7dbcde2ae1a6b83830bf77e5e,0.006606437265872955,0.0,0.0002120273857144639,0.0002120273857144639,0.0,0.006606437265872955,0.0,0,1,0.007692307233810425,0.20944694064039504,13,1.661538353333106,0.0018140235184820146,0.0014389220779464085,0.006606437265872955,0.0002120273857144639,0.006606437265872955,0.0002120273857144639,0.0018618307076394558,0.0024182163178920746,0.0018618307076394558,0,0.006606437265872955,0.0,0.0,0.006606437265872955,0,8.277291074776372e-10,1.734723475976807e-18,0,0,1,11,13,13,0,1,1,1,0.0,0.0,0.0,1,0.02738165110349655,-0.024078432470560074,0.0033032186329364777,0.0033032186329364777,inf,inf,0,0,0.0002120265579853564,1.734723475976807e-18,1.6615384505345263,0.005488424769146051,1.734723475976807e-18,inf,0,0,0,5,3,0,0,0.036000002175569534
5001,7,1,5,7,6421c0b70b93013578e6bfe252794afa889ccfc439e4532ecf1efaf19eaa52e9,3a7b5b63d4f5a16949cb0ae7bfac60846858d7f7dbcde2ae1a6b83830bf77e5e,0.021937377750873566,0.036000002175569534,-0.0035226400941610336,-0.0035226400941610336,-0.006230769437092977,0.021937377750873566,0.036000002175569534,1,4,0.007692307233810425,0.20944694064039504,13,1.661538353333106,0.00939435622912378,0.007683440028915744,0.014062624424695969,0.0027081293429319434,0.014062624424695969,0.0027081293429319434,0.0029438138008117676,0.005748623516410589,0.0029438138008117676,0,0.021937377750873566,0.036000002175569534,0.0,0.027978267520666122,0,2.1725354501511696e-09,2.0816681711721685e-17,1,11,1,11,3,1,0,1,1,1,0.0,0.006000000983476639,0.0,1,0.02411440759897232,-0.01012527383863926,0.013989133760333061,0.013989133760333061,inf,inf,0,0,-0.0035226379216255835,-0.006230769437092998,1.6615384505345263,0.023243483632464024,0.006230769437092998,3.7304355211879594,1,0,0,1,1,1,1,0.006000002846121788
5001,7,2,0,7,6421c0b70b93013578e6bfe252794afa889ccfc439e4532ecf1efaf19eaa52e9,3a7b5b63d4f5a16949cb0ae7bfac60846858d7f7dbcde2ae1a6b83830bf77e5e,0.019192568957805634,0.038999998942017555,0.0008648410439491272,0.0008648410439491272,0.00207692295226913,0.019192568957805634,0.038999998942017555,1,4,0.9076921939849854,0.20944694064039504,13,1.661538353333106,0.00777428169826415,0.004080275867200464,0.01980742998421192,-0.0012120819083200028,0.01980742998421192,0.0012120819083200028,0.001385117182508111,0.0034039823804050684,0.001385117182508111,0,0.019192569889128208,0.038999998942017555,9.313225746154785e-10,0.03141757380217314,0,3.424365443982502e-10,8.673617379884035e-19,10,2,10,11,1,1,1,1,0,0,0.009000000543892384,0.020999997854232788,0.009000000543892384,0,0.041473060846328735,0.025764273945242167,0.01570878690108657,0.01570878690108657,1.745420661307285,4.608117593334297,0,0,0.0008648407015125828,0.002076922952269131,1.6615384505345263,0.02610075344740844,0.002076922952269131,12.56703019189624,1,0,0,2,2,0,0,0.005999998655170202
5001,7,2,1,7,6421c0b70b93013578e6bfe252794afa889ccfc439e4532ecf1efaf19eaa52e9,3a7b5b63d4f5a16949cb0ae7bfac60846858d7f7dbcde2ae1a6b83830bf77e5e,0.006333798170089722,0.0,-0.0008805684628896415,-0.0008805684628896415,-1.734723475976807e-18,0.006333798170089722,0.0,0,1,0.9076921939849854,0.20944694064039504,13,1.661538353333106,0.0017045843363849551,0.0013334197405527328,0.006333798170089722,-0.0008805684628896398,0.006333798170089722,0.0008805684628896398,0.001454735524021089,0.002158052520826459,0.001454735524021089,0,0.006333798170089722,0.0,0.0,0.006333798170089722,0,1.1834175219632703e-09,1.3010426069826053e-18,0,0,5,11,13,13,0,1,1,1,0.0,0.0,0.0,1,0.014555337838828564,0.011388438753783703,0.003166899085044861,0.003166899085044861,inf,inf,0,0,-0.0008805672794721196,-4.336808689942018e-19,1.6615384505345263,0.0052619245987646475,4.336808689942018e-19,inf,0,0,0,3,3,0,0,0.04499999759718776
5001,7,2,3,7,6421c0b70b93013578e6bfe252794afa889ccfc439e4532ecf1efaf19eaa52e9,3a7b5b63d4f5a16949cb0ae7bfac60846858d7f7dbcde2ae1a6b83830bf77e5e,0.006034316495060921,0.0,-0.003770905314013362,-0.003770905314013362,0.0,0.006034316495060921,0.0,0,1,0.9076923131942749,0.2094469155167731,13,1.661538461366525,0.001695477794127097,0.0014094103502451316,0.006034316495060921,-0.003770905314013362,0.006034316495060921,0.003770905314013362,0.0039059577975422144,0.00262621371075511,0.0039059577975422144,0,0.006034316495060921,0.0,0.0,0.006034316495060921,0,1.894260356211097e-10,8.673617379884035e-19,0,0,10,11,13,13,0,1,1,1,0.0,0.0,0.0,1,0.015668443404138088,0.012651285156607628,0.0030171582475304604,0.0030171582475304604,inf,inf,0,0,-0.0037709051245873263,-8.673617379884035e-19,1.6615384522538923,0.0050131244448068275,8.673617379884035e-19,inf,0,0,0,4,5,0,0,0.04499999759718776
5001,7,2,4,7,6421c0b70b93013578e6bfe252794afa889ccfc439e4532ecf1efaf19eaa52e9,3a7b5b63d4f5a16949cb0ae7bfac60846858d7f7dbcde2ae1a6b83830bf77e5e,0.022333189845085144,0.04499999759718776,0.0008528179605491459,0.0008528179605491459,0.0020769230489833986,0.022333189845085144,0.04499999759718776,1,4,0.007692307233810425,0.20944694064039504,13,1.661538353333106,0.007896874166547682,0.004104056307417753,0.022666807752102613,-0.0012241050884342526,0.022666807752102613,0.0012241050884342526,0.0017826540861278772,0.0029812443535774946,0.0017826540861278772,0,0.02233318891376257,0.04499999759718776,9.313225746154785e-10,0.03446640959009528,0,3.8389558199014573e-10,0.0,10,2,10,11,1,1,1,1,0,0,0.014999998733401299,0.014999999199062586,0.014999998733401299,0,0.034641200210899115,0.017407995415851474,0.01723320479504764,0.01723320479504764,1.1488804166812057,2.309413542399954,0,0,0.0008528183444447279,0.0020769230489833986,1.6615384505345263,0.028633632392907626,0.0020769230489833986,13.786563930196195,1,0,0,1,1,1,1,0.005999998655170202
5001,7,2,5,7,6421c0b70b93013578e6bfe252794afa889ccfc439e4532ecf1efaf19eaa52e9,3a7b5b63d4f5a16949cb0ae7bfac60846858d7f7dbcde2ae1a6b83830bf77e5e,0.006176671013236046,0.0,-0.000970932946074754,-0.000970932946074754,-1.734723475976807e-18,0.006176671013236046,0.0,0,1,0.007692307233810425,0.20944694064039504,13,1.661538353333106,0.0017022692820489653,0.0013609606133410208,0.006176671013236046,-0.0009709329460747523,0.006176671013236046,0.0009709329460747523,0.0016675331862643361,0.002580592641606927,0.0016675331862643361,0,0.006176671013236046,0.0,0.0,0.006176671013236046,0,1.142822867589155e-09,1.3010426069826053e-18,0,0,5,11,13,13,0,1,1,1,0.0,0.0,0.0,1,0.014727211557328701,0.011638876050710678,0.003088335506618023,0.003088335506618023,inf,inf,0,0,-0.0009709318032518864,-4.336808689942018e-19,1.6615384505345263,0.005131388192396871,4.336808689942018e-19,inf,0,0,0,5,4,0,0,0.04499999759718776
5001,8,0,1,8,b5827d02a9072d4cd268f34bb29521bc60ed496e434c093525fc01f01f52de7f,3a7b5b63d4f5a16949cb0ae7bfac60846858d7f7dbcde2ae1a6b83830bf77e5e,0.006386056542396545,0.0,-0.0001317683345405385,-0.0001317683345405385,-3.469446951953614e-18,0.006386056542396545,0.0,0,1,0.9076921939849854,0.20944694064039504,13,1.661538353333106,0.001587706368781825,0.0011541022638068396,0.006386056542396545,-0.00013176833454053502,0.006386056542396545,0.00013176833454053502,0.0009910825174301863,0.003190191462635994,0.0009910825174301863,0,0.006386056542396545,0.0,0.0,0.006386056542396545,0,1.3076803147271665e-09,3.469446951953614e-18,0,0,1,11,13,13,0,1,1,1,0.0,0.0,0.0,1,0.015501083806157112,0.01230805553495884,0.0031930282711982727,0.0031930282711982727,inf,inf,0,0,-0.00013176964222085322,0.0,1.6615384505345263,0.005305339246239715,0.0,inf,0,0,0,3,4,0,0,0.044999996898695827
5001,8,0,2,8,b5827d02a9072d4cd268f34bb29521bc60ed496e434c093525fc01f01f52de7f,3a7b5b63d4f5a16949cb0ae7bfac60846858d7f7dbcde2ae1a6b83830bf77e5e,0.02076670154929161,0.030000001192092896,0.0003451880475040525,0.0003451880475040525,0.002076922629888244,0.02076670154929161,0.030000001192092896,1,4,0.9076921939849854,0.20944694064039504,13,1.6615383533331063,0.002927786181749338,0.0020908767346447038,0.009233299642801285,-0.0017317345823841916,0.009233299642801285,0.0017317345823841916,0.003932333085685968,0.007487673312425613,0.003932333085685968,0,0.02076670154929161,0.030000001192092896,0.0,0.012760395184159279,0,1.2895708884422263e-09,1.734723475976807e-18,10,11,10,11,1,1,1,1,1,1,0.01250000111758709,0.015000000596046448,0.01250000111758709,0,0.020085401833057404,0.013705204240977764,0.0063801975920796394,0.0063801975920796394,0.5104157617316459,1.6068320029826162,0,0,0.0003451867579331641,0.0020769226298882424,1.661538450534526,0.010600943621248119,0.0020769226298882424,5.1041591384742855,1,0,0,2,2,0,0,0.014999995706602931
5001,8,0,3,8,b5827d02a9072d4cd268f34bb29521bc60ed496e434c093525fc01f01f52de7f,3a7b5b63d4f5a16949cb0ae7bfac60846858d7f7dbcde2ae1a6b83830bf77e5e,0.009777297265827656,0.0,-0.004586807917803526,-0.004586807917803526,0.0,0.009777297265827656,0.0,0,1,0.9076923131942749,0.2094469155167731,13,1.661538461366525,0.0022109096231334156,0.0015258268954662175,0.009777297265827656,-0.004586807917803526,0.009777297265827656,0.004586807917803526,0.0060475533828139305,0.0048699998296797276,0.0060475533828139305,0,0.009777297265827656,0.0,0.0,0.009777297265827656,0,1.7020114154858712e-09,5.204170427930421e-18,0,0,1,11,13,13,0,1,1,1,0.0,0.0,0.0,1,0.015158102847635746,0.010269454214721918,0.004888648632913828,0.004888648632913828,inf,inf,0,0,-0.0045868062157921104,5.204170427930421e-18,1.6615384522538923,0.008122677683144747,5.204170427930421e-18,inf,0,0,0,4,3,0,0,0.044999996898695827
5001,8,0,4,8,b5827d02a9072d4cd268f34bb29521bc60ed496e434c093525fc01f01f52de7f,3a7b5b63d4f5a16949cb0ae7bfac60846858d7f7dbcde2ae1a6b83830bf77e5e,0.024707583710551262,0.044999996898695827,-0.0018224756931886077,-0.0018224756931886077,-0.008307691809076524,0.024707583710551262,0.044999996898695827,1,4,0.9076921939849854,0.20944694064039504,13,1.661538353333106,0.012154500400533954,0.011108706931214359,0.020292413188144565,0.006485216115887916,0.020292413188144565,0.006485216115887916,0.002532919403165579,0.008371763862669468,0.002532919403165579,0,0.024707583244889975,0.044999996898695827,4.656612873077393e-10,0.030880679143592715,0,1.2756627715965196e-09,0.0,1,11,10,11,4,1,0,0,1,0,0.0,0.014999998733401299,0.0,1,0.01766027952544391,-0.002219939953647554,0.015440339571796358,0.015440339571796358,inf,inf,0,0,-0.0018224769688513793,-0.008307691809076524,1.6615384505345263,0.02565471788784945,0.008307691809076524,3.088068079249224,1,0,0,1,1,1,1,0.014999995706602931
5001,8,0,5,8,b5827d02a9072d4cd268f34bb29521bc60ed496e434c093525fc01f01f52de7f,3a7b5b63d4f5a16949cb0ae7bfac60846858d7f7dbcde2ae1a6b83830bf77e5e,0.006386054679751396,0.0,-0.00013176724314689636,-0.00013176724314689636,-3.469446951953614e-18,0.006386054679751396,0.0,0,1,0.9076921939849854,0.20944694064039504,13,1.661538353333106,0.0015877058656700834,0.0011541019331597717,0.006386054679751396,-0.0001317672431468929,0.006386054679751396,0.0001317672431468929,0.0009910807712003589,0.0031901902984827757,0.0009910807712003589,0,0.006386054679751396,0.0,0.0,0.006386054679751396,0,1.883264537372309e-09,3.469446951953614e-18,0,0,1,11,13,13,0,1,1,1,0.0,0.0,0.0,1,0.015501083806157112,0.012308056466281414,0.003193027339875698,0.003193027339875698,inf,inf,0,0,-0.00013176912641143373,0.0,1.6615384505345263,0.005305337698811447,0.0,inf,0,0,0,5,5,0,0,0.044999996898695827
5001,8,1,0,8,b5827d02a9072d4cd268f34bb29521bc60ed496e434c093525fc01f01f52de7f,3a7b5b63d4f5a16949cb0ae7bfac60846858d7f7dbcde2ae1a6b83830bf77e5e,0.004547130316495895,0.0,0.002127068815752864,0.002127068815752864,0.0,0.004547130316495895,0.0,0,1,0.007692307233810425,0.20944694064039504,13,1.661538353333106,0.001432758524946121,0.0012726975527740797,0.004547130316495895,0.002127068815752864,0.004547130316495895,0.002127068815752864,0.0020104048307985067,0.006134326104074717,0.0020104048307985067,0,0.004547130316495895,0.0,0.0,0.004547130316495895,0,2.2542560179639182e-10,0.0,0,0,5,11,13,13,0,1,1,1,0.0,0.0,0.0,1,0.004823721945285797,-0.0025501567870378494,0.0022735651582479477,0.0022735651582479477,inf,inf,0,0,0.002127068590327262,0.0,1.6615384505345263,0.0037776159302245803,0.0,inf,0,0,0,3,5,0,0,0.036000002175569534
5001,8,1,2,8,b5827d02a9072d4cd268f34bb29521bc60ed496e434c093525fc01f01f52de7f,3a7b5b63d4f5a16949cb0ae7bfac60846858d7f7dbcde2ae1a6b83830bf77e5e,0.007266335189342499,0.0,0.0015217302134260535,0.0015217302134260535,0.0,0.007266335189342499,0.0,0,1,0.9076921939849854,0.20944694064039504,13,1.6615383533331063,0.0018695587314551782,0.0014361477286152587,0.007266335189342499,0.0015217302134260535,0.007266335189342499,0.0015217302134260535,0.0022597548086196184,0.0052171084098517895,0.0022597548086196184,0,0.007266335189342499,0.0,0.0,0.007266335189342499,0,4.471471328620913e-09,0.0,0,0,5,11,13,13,0,1,1,1,0.0,0.0,0.0,1,0.007891342043876648,-0.0042581744492053986,0.0036331675946712494,0.0036331675946712494,inf,inf,0,0,0.001521725741954725,0.0,1.661538450534526,0.006036647655782319,0.0,inf,0,0,0,4,3,0,0,0.036000002175569534
5001,8,1,3,8,b5827d02a9072d4cd268f34bb29521bc60ed496e434c093525fc01f01f52de7f,3a7b5b63d4f5a16949cb0ae7bfac60846858d7f7dbcde2ae1a6b83830bf77e5e,0.019719969481229782,0.030000001192092896,-0.011425468139350414,-0.011425468139350414,-0.013500000461004677,0.019719969481229782,0.030000001192092896,1,3,0.9076923131942749,0.2094469155167731,13,1.661538461366525,0.0032416273670159168,0.0024051270805872404,0.010280031710863113,0.0020745323216542627,0.010280031710863113,0.0020745323216542627,0.0029690423980355263,0.005850759334862232,0.0029690423980355263,0,0.019719969481229782,0.030000001192092896,0.0,0.01356418989598751,0,4.3637381035022127e-10,1.3877787807814457e-17,10,11,10,11,1,1,1,1,1,1,0.015000000596046448,0.015000000596046448,0.015000000596046448,0,0.009485971182584763,-0.0027038762345910072,0.006782094947993755,0.006782094947993755,0.4521396452331684,0.6323980537097432,1,0,-0.011425467702976604,-0.013500000461004663,1.6615384522538923,0.011268711542928486,0.013500000461004663,0.83471934504585,1,1,0,2,2,0,0,0.006000000983476639
5001,8,1,4,8,b5827d02a9072d4cd268f34bb29521bc60ed496e434c093525fc01f01f52de7f,3a7b5b63d4f5a16949cb0ae7bfac60846858d7f7dbcde2ae1a6b83830bf77e5e,0.007224090397357941,0.0,0.0003379806876182556,0.0003379806876182556,6.938893903907228e-18,0.007224090397357941,0.0,0,1,0.9076921939849854,0.20944694064039504,13,1.661538353333106,0.0018782946384480715,0.0015302210517183566,0.007224090397357941,0.0003379806876182487,0.007224090397357941,0.0003379806876182487,0.0020195450633764267,0.004983249586075544,0.0020195450633764267,0,0.007224090397357941,0.0,0.0,0.007224090397357941,0,1.7417483080817142e-10,6.938893903907228e-18,0,0,5,11,13,13,0,1,1,1,0.0,0.0,0.0,1,0.006955191493034363,-0.0033431462943553925,0.0036120451986789703,0.0036120451986789703,inf,inf,0,0,0.0003379805134434248,0.0,1.6615384505345263,0.006001551982673731,0.0,inf,0,0,0,5,4,0,0,0.036000002175569534
5001,8,1,5,8,b5827d02a9072d4cd268f34bb29521bc60ed496e434c093525fc01f01f52de7f,3a7b5b63d4f5a16949cb0ae7bfac60846858d7f7dbcde2ae1a6b83830bf77e5e,0.020810995250940323,0.036000002175569534,-0.0032504063565284014,-0.0032504063565284014,-0.006230769437092977,0.020810995250940323,0.036000002175569534,1,4,0.9076921939849854,0.20944694064039504,13,1.661538353333106,0.009513109095830766,0.0077949306933132135,0.015189006924629211,0.0029803630805645756,0.015189006924629211,0.0029803630805645756,0.0031315567903220654,0.005517578683793545,0.0031315567903220654,0,0.020810995250940323,0.036000002175569534,0.0,0.028085600584745407,0,5.92102779306547e-09,2.0816681711721685e-17,1,11,1,11,3,1,0,1,1,1,0.0,0.006000000983476639,0.0,1,0.023849107325077057,-0.009806307032704353,0.014042800292372704,0.014042800292372704,inf,inf,0,0,-0.0032504122775561944,-0.006230769437092998,1.6615384505345263,0.023332652638954735,0.006230769437092998,3.74474659582986,1,0,0,1,1,1,1,0.006000000983476639
5001,8,2,0,8,b5827d02a9072d4cd268f34bb29521bc60ed496e434c093525fc01f01f52de7f,3a7b5b63d4f5a16949cb0ae7bfac60846858d7f7dbcde2ae1a6b83830bf77e5e,0.020194608718156815,0.03899999661371112,0.00152470578905195,0.00152470578905195,0.002076923113459573,0.020194608718156815,0.03899999661371112,1,4,0.007692307233810425,0.20944694064039504,13,1.661538353333106,0.007848940159590666,0.004110122000324656,0.018805387895554304,-0.000552217324407623,0.018805387895554304,0.000552217324407623,0.0019381463062018156,0.002654415089637041,0.0019381463062018156,0,0.020194608718156815,0.03899999661371112,0.0,0.03212213097140193,0,2.1606329572709804e-10,3.469446951953614e-18,10,2,10,11,1,1,1,1,0,0,0.00899999774992466,0.02099999925121665,0.00899999774992466,0,0.03530137753114104,0.019240312045440078,0.016061065485700965,0.016061065485700965,1.78456327790031,3.9223762618647937,0,0,0.0015247055729886543,0.0020769231134595764,1.6615384505345263,0.02668607786104514,0.0020769231134595764,12.848852077433698,1,0,0,2,2,0,0,0.006000001449137926
5001,8,2,1,8,b5827d02a9072d4cd268f34bb29521bc60ed496e434c093525fc01f01f52de7f,3a7b5b63d4f5a16949cb0ae7bfac60846858d7f7dbcde2ae1a6b83830bf77e5e,0.005943257361650467,0.0,-0.0010024377843365073,-0.0010024377843365073,-3.469446951953614e-18,0.005943257361650467,0.0,0,1,0.9076921939849854,0.20944694064039504,13,1.661538353333106,0.0015996779145456106,0.0012872643416097175,0.005943257361650467,-0.0010024377843365039,0.005943257361650467,0.0010024377843365039,0.0020366893149912357,0.0020241918973624706,0.0020366893149912357,0,0.005943257361650467,0.0,0.0,0.005943257361650467,0,8.365209566707499e-11,2.6020852139652106e-18,0,0,5,11,13,13,0,1,1,1,0.0,0.0,0.0,1,0.010812263935804367,0.007840635254979134,0.0029716286808252335,0.0029716286808252335,inf,inf,0,0,-0.0010024377006844117,-8.673617379884035e-19,1.6615384505345263,0.004937475313902317,8.673617379884035e-19,inf,0,0,0,3,4,0,0,0.044999998062849045
5001,8,2,3,8,b5827d02a9072d4cd268f34bb29521bc60ed496e434c093525fc01f01f52de7f,3a7b5b63d4f5a16949cb0ae7bfac60846858d7f7dbcde2ae1a6b83830bf77e5e,0.005678117275238037,0.0,-0.003574036294594407,-0.003574036294594407,0.0,0.005678117275238037,0.0,0,1,0.9076923131942749,0.2094469155167731,13,1.661538461366525,0.0015946287504640035,0.0013786811579966686,0.005678117275238037,-0.003574036294594407,0.005678117275238037,0.003574036294594407,0.0035623081494122744,0.0020896284841001034,0.0035623081494122744,0,0.005678117275238037,0.0,0.0,0.005678117275238037,0,4.104105579688655e-10,2.6020852139652106e-18,0,0,4,11,13,13,0,1,1,1,0.0,0.0,0.0,1,0.010888403281569481,0.008049344643950462,0.0028390586376190186,0.0028390586376190186,inf,inf,0,0,-0.003574035884183849,-2.6020852139652106e-18,1.6615384522538923,0.004717205094607548,2.6020852139652106e-18,inf,0,0,0,4,5,0,0,0.044999998062849045
5001,8,2,4,8,b5827d02a9072d4cd268f34bb29521bc60ed496e434c093525fc01f01f52de7f,3a7b5b63d4f5a16949cb0ae7bfac60846858d7f7dbcde2ae1a6b83830bf77e5e,0.022730011492967606,0.044999998062849045,0.0009021461009979248,0.0009021461009979248,0.0020769231456976654,0.022730011492967606,0.044999998062849045,1,4,0.9076921939849854,0.20944694064039504,13,1.661538353333106,0.007776569482989914,0.0040329729135219865,0.02226998656988144,-0.0011747770446997405,0.02226998656988144,0.0011747770446997405,0.0014782738871872425,0.0029353094287216663,0.0014782738871872425,0,0.022730011492967606,0.044999998062849045,0.0,0.033941904082894325,0,3.21191549051969e-10,8.673617379884035e-19,10,2,10,11,1,1,1,1,0,0,0.014999998733401299,0.014999998733401299,0.014999998733401299,0,0.035654330626130104,0.01868337858468294,0.016970952041447163,0.016970952041447163,1.1313968982982003,2.376955575785263,0,0,0.0009021457798063758,0.0020769231456976662,1.6615384505345263,0.028197889359041876,0.0020769231456976662,13.576761093665711,1,0,0,1,1,1,1,0.006000001449137926
5001,8,2,5,8,b5827d02a9072d4cd268f34bb29521bc60ed496e434c093525fc01f01f52de7f,3a7b5b63d4f5a16949cb0ae7bfac60846858d7f7dbcde2ae1a6b83830bf77e5e,0.005943261086940765,0.0,-0.0010024370858445764,-0.0010024370858445764,-3.469446951953614e-18,0.005943261086940765,0.0,0,1,0.9076921939849854,0.20944694064039504,13,1.661538353333106,0.0015996782649440279,0.0012872646942999233,0.005943261086940765,-0.0010024370858445729,0.005943261086940765,0.0010024370858445729,0.002036689082160592,0.0020241898018866777,0.002036689082160592,0,0.005943261086940765,0.0,0.0,0.005943261086940765,0,8.727445467704431e-10,2.6020852139652106e-18,0,0,5,11,13,13,0,1,1,1,0.0,0.0,0.0,1,0.010812267661094666,0.007840637117624283,0.0029716305434703827,0.0029716305434703827,inf,inf,0,0,-0.0010024379585891231,-8.673617379884035e-19,1.6615384505345263,0.004937478408758852,8.673617379884035e-19,inf,0,0,0,5,3,0,0,0.044999998062849045
5001,9,0,1,9,a253c0ff1d13915c6639ec1070785ef11f745432125cfd1a15593d0343ca4de7,3a7b5b63d4f5a16949cb0ae7bfac60846858d7f7dbcde2ae1a6b83830bf77e5e,0.005014087539166212,0.0,-0.0012097664875909686,-0.0012097664875909686,0.0,0.005014087539166212,0.0,0,1,0.9076921939849854,0.20944694064039504,13,1.661538353333106,0.0016451890642164943,0.0013868130961179556,0.005014087539166212,-0.0012097664875909686,0.005014087539166212,0.0012097664875909686,0.0015686051920056343,0.0042762914672493935,0.0015686051920056343,0,0.005014087539166212,0.0,0.0,0.005014087539166212,0,2.3724377085261594e-10,0.0,0,0,2,11,13,13,0,1,1,1,0.0,0.0,0.0,1,0.013028963934630156,0.01052192016504705,0.002507043769583106,0.002507043769583106,inf,inf,0,0,-0.0012097667248347395,0.0,1.6615384505345263,0.004165549620335352,0.0,inf,0,0,0,3,4,0,0,0.044999998062849045
5001,9,0,2,9,a253c0ff1d13915c6639ec1070785ef11f745432125cfd1a15593d0343ca4de7,3a7b5b63d4f5a16949cb0ae7bfac60846858d7f7dbcde2ae1a6b83830bf77e5e,0.017916029319167137,0.029999999795109034,-0.0008554424275644124,-0.0008554424275644124,-0.0020769233068881083,0.017916029319167137,0.029999999795109034,1,4,0.007692307233810425,0.20944694064039504,13,1.6615383533331063,0.0028986252417683984,0.002198764252525991,0.012083970475941896,0.001221480879323696,0.012083970475941896,0.001221480879323696,0.0032719811424613,0.005215792916715145,0.0032719811424613,0,0.01791602885350585,0.029999999795109034,4.656612873077393e-10,0.012083970941603184,0,1.6722189605244964e-11,1.734723475976807e-18,10,11,10,11,1,1,1,1,1,1,0.014999999199062586,0.012500000186264515,0.012500000186264515,0,0.01135743036866188,0.005315444897860289,0.006041985470801592,0.006041985470801592,0.4833588304615195,0.9085944159538386,1,0,-0.000855442444286602,-0.00207692330688811,1.661538450534526,0.010038991177307796,0.00207692330688811,4.833587809435963,1,0,0,2,2,0,0,0.014999998267740011
5001,9,0,3,9,a253c0ff1d13915c6639ec1070785ef11f745432125cfd1a15593d0343ca4de7,3a7b5b63d4f5a16949cb0ae7bfac60846858d7f7dbcde2ae1a6b83830bf77e5e,0.008626367896795273,0.0,-0.004556259140372276,-0.004556259140372276,0.0,0.008626367896795273,0.0,0,1,0.9076923131942749,0.2094469155167731,13,1.661538461366525,0.002401194646968709,0.002028778829164431,0.008626367896795273,-0.004556259140372276,0.008626367896795273,0.004556259140372276,0.003880925476551056,0.00523028802126646,0.003880925476551056,0,0.008626367955002934,0.0,5.820766091346741e-11,0.008626367955002934,0,3.6426784505438903e-10,2.6020852139652106e-18,0,0,10,11,13,13,0,1,1,1,0.0,0.0,0.0,1,0.013159270456526428,0.008846086479024962,0.004313183977501467,0.004313183977501467,inf,inf,0,0,-0.004556258776104431,2.6020852139652106e-18,1.6615384522538923,0.007166521030264075,2.6020852139652106e-18,inf,0,0,0,4,3,0,0,0.044999998062849045
5001,9,0,4,9,a253c0ff1d13915c6639ec1070785ef11f745432125cfd1a15593d0343ca4de7,3a7b5b63d4f5a16949cb0ae7bfac60846858d7f7dbcde2ae1a6b83830bf77e5e,0.02012869343161583,0.044999998062849045,-0.002703620120882988,-0.002703620120882988,-0.008307692002505059,0.02012869343161583,0.044999998062849045,1,4,0.007692307233810425,0.20944694064039504,13,1.661538353333106,0.012454286115108518,0.011325266035879857,0.024871304631233215,0.005604071881622071,0.024871304631233215,0.005604071881622071,0.0019780106376856565,0.003535110503435135,0.0019780106376856565,0,0.020128692965954542,0.044999998062849045,4.656612873077393e-10,0.03316333843395114,0,4.871486651569779e-10,1.734723475976807e-18,1,11,10,11,4,1,0,0,1,0,0.0,0.014999999199062586,0.0,1,0.02464326936751604,-0.008061600150540471,0.01658166921697557,0.01658166921697557,inf,inf,0,0,-0.002703619633734323,-0.00830769200250506,1.6615384505345263,0.02755108097804964,0.00830769200250506,3.3163339432590933,1,0,0,1,1,1,1,0.014999998267740011
5001,9,0,5,9,a253c0ff1d13915c6639ec1070785ef11f745432125cfd1a15593d0343ca4de7,3a7b5b63d4f5a16949cb0ae7bfac60846858d7f7dbcde2ae1a6b83830bf77e5e,0.005014085676521063,0.0,-0.001209766953252256,-0.001209766953252256,0.0,0.005014085676521063,0.0,0,1,0.9076921939849854,0.20944694064039504,13,1.661538353333106,0.0016451888806817401,0.0013868127792478488,0.005014085676521063,-0.001209766953252256,0.005014085676521063,0.001209766953252256,0.0015686049591749907,0.004276292864233255,0.0015686049591749907,0,0.005014085734728724,0.0,5.820766091346741e-11,0.005014085734728724,0,6.661894508264155e-10,0.0,0,0,2,11,13,13,0,1,1,1,0.0,0.0,0.0,1,0.01302896352717653,0.010521920659812167,0.002507042867364362,0.002507042867364362,inf,inf,0,0,-0.0012097676194417067,0.0,1.6615384505345263,0.004165548121264218,0.0,inf,0,0,0,5,5,0,0,0.044999998062849045
5001,9,1,0,9,a253c0ff1d13915c6639ec1070785ef11f745432125cfd1a15593d0343ca4de7,3a7b5b63d4f5a16949cb0ae7bfac60846858d7f7dbcde2ae1a6b83830bf77e5e,0.004488382488489151,0.0,0.0020262692123651505,0.0020262692123651505,0.0,0.004488382488489151,0.0,0,1,0.9076921939849854,0.20944694064039504,13,1.661538353333106,0.0014565532926997132,0.001225358723888736,0.004488382488489151,0.0020262692123651505,0.004488382488489151,0.0020262692123651505,0.0019364709733054042,0.00418899254873395,0.0019364709733054042,0,0.004488382488489151,0.0,0.0,0.004488382488489151,0,2.936339511816488e-09,0.0,0,0,5,11,13,13,0,1,1,1,0.0,0.0,0.0,1,0.0040689557790756226,-0.001824764534831047,0.0022441912442445755,0.0022441912442445755,inf,inf,0,0,0.0020262662760256386,0.0,1.6615384505345263,0.0037288100426652827,0.0,inf,0,0,0,3,5,0,0,0.036000002175569534
5001,9,1,2,9,a253c0ff1d13915c6639ec1070785ef11f745432125cfd1a15593d0343ca4de7,3a7b5b63d4f5a16949cb0ae7bfac60846858d7f7dbcde2ae1a6b83830bf77e5e,0.007994651794433594,0.0,0.001129738986492157,0.001129738986492157,0.0,0.007994651794433594,0.0,0,1,0.007692307233810425,0.20944694064039504,13,1.6615383533331063,0.002021893311585399,0.0015584127701951196,0.007994651794433594,0.001129738986492157,0.007994651794433594,0.001129738986492157,0.002215924207121134,0.0035702448803931475,0.002215924207121134,0,0.007994651794433594,0.0,0.0,0.007994651794433594,0,5.519474703674643e-10,0.0,0,0,4,11,13,13,0,1,1,1,0.0,0.0,0.0,1,0.007737763226032257,-0.00374043732881546,0.003997325897216797,0.003997325897216797,inf,inf,0,0,0.0011297384345446866,0.0,1.661538450534526,0.006641710677543131,0.0,inf,0,0,0,4,3,0,0,0.036000002175569534
5001,9,1,3,9,a253c0ff1d13915c6639ec1070785ef11f745432125cfd1a15593d0343ca4de7,3a7b5b63d4f5a16949cb0ae7bfac60846858d7f7dbcde2ae1a6b83830bf77e5e,0.019799618050456047,0.030000001192092896,-0.011369857005774975,-0.011369857005774975,-0.013500000461004677,0.019799618050456047,0.030000001192092896,1,3,0.9076923131942749,0.2094469155167731,13,1.661538461366525,0.0032777187809581395,0.002462299948436974,0.010200383141636848,0.002130143455229702,0.010200383141636848,0.002130143455229702,0.00326969800516963,0.0062199365347623825,0.00326969800516963,0,0.019799618050456047,0.030000001192092896,0.0,0.013507790863513947,0,1.351742311833659e-10,1.3877787807814457e-17,10,11,10,11,1,1,1,1,1,1,0.015000000596046448,0.015000000596046448,0.015000000596046448,0,0.009112546220421791,-0.002358650788664818,0.006753895431756973,0.006753895431756973,0.4502596775587528,0.6075030572214501,1,0,-0.011369856870600744,-0.013500000461004663,1.6615384522538923,0.011221856962366114,0.013500000461004663,0.8312486354930828,1,1,0,2,2,0,0,0.006000000983476639
5001,9,1,4,9,a253c0ff1d13915c6639ec1070785ef11f745432125cfd1a15593d0343ca4de7,3a7b5b63d4f5a16949cb0ae7bfac60846858d7f7dbcde2ae1a6b83830bf77e5e,0.006753683090209961,0.0,0.002291690558195114,0.002291690558195114,0.0,0.006753683090209961,0.0,0,1,0.007692307233810425,0.20944694064039504,13,1.661538353333106,0.0018420121070557344,0.001452308875569225,0.006753683090209961,0.002291690558195114,0.006753683090209961,0.002291690558195114,0.0020880792289972305,0.002818481298163533,0.0020880792289972305,0,0.006753683090209961,0.0,0.0,0.006753683090209961,0,2.938097327931377e-09,0.0,0,0,5,11,13,13,0,1,1,1,0.0,0.0,0.0,1,0.005066685378551483,-0.0016898438334465027,0.0033768415451049805,0.0033768415451049805,inf,inf,0,0,0.002291687620097786,0.0,1.6615384505345263,0.005610752068554345,0.0,inf,0,0,0,5,4,0,0,0.036000002175569534
5001,9,1,5,9,a253c0ff1d13915c6639ec1070785ef11f745432125cfd1a15593d0343ca4de7,3a7b5b63d4f5a16949cb0ae7bfac60846858d7f7dbcde2ae1a6b83830bf77e5e,0.021118376404047012,0.036000002175569534,-0.003194335149601102,-0.003194335149601102,-0.006230769437092977,0.021118376404047012,0.036000002175569534,1,4,0.9076921939849854,0.20944694064039504,13,1.661538353333106,0.0093485120338941,0.007649652748065587,0.014881625771522522,0.003036434287491875,0.014881625771522522,0.003036434287491875,0.00282783224247396,0.005273217801004648,0.00282783224247396,0,0.021118376404047012,0.036000002175569534,0.0,0.027605682611465454,0,4.001441858414445e-09,2.0816681711721685e-17,1,11,1,11,3,1,0,1,1,1,0.0,0.006000000983476639,0.0,1,0.0219254270195961,-0.008122585713863373,0.013802841305732727,0.013802841305732727,inf,inf,0,0,-0.0031943391510429603,-0.006230769437092998,1.6615384505345263,0.022933951556101114,0.006230769437092998,3.680757535268563,1,0,0,1,1,1,1,0.006000000983476639
5001,9,2,0,9,a253c0ff1d13915c6639ec1070785ef11f745432125cfd1a15593d0343ca4de7,3a7b5b63d4f5a16949cb0ae7bfac60846858d7f7dbcde2ae1a6b83830bf77e5e,0.018348701298236847,0.01800000062212348,0.0005299681797623634,0.0005299681797623634,1.6119044467244326e-10,0.018348701298236847,0.01800000062212348,1,3,0.9076921939849854,0.20944694064039504,13,1.661538353333106,0.0012377164504560512,0.0010512252296899728,0.0003487006761133671,0.0005299680185719188,0.0003487006761133671,0.0005299680185719188,0.0027462767902761698,0.005129726137965918,0.0027462767902761698,0,0.018348700716160238,0.01800000062212348,5.820766091346741e-10,0.003913438180461526,0,4.934940294951118e-10,0.0,10,11,10,11,1,1,1,1,1,1,0.008999999146908522,0.009000001475214958,0.008999999146908522,0,0.00877018109895289,0.0068134620087221265,0.001956719090230763,0.001956719090230763,0.21741325285601737,0.9744646589178206,1,0,0.0005299686732563929,1.6119044467244326e-10,1.6615384505345263,0.00325116400531335,1.6119044467244326e-10,20169706.783302654,1,0,0,2,2,0,0,0.011999998707324266
5001,9,2,1,9,a253c0ff1d13915c6639ec1070785ef11f745432125cfd1a15593d0343ca4de7,3a7b5b63d4f5a16949cb0ae7bfac60846858d7f7dbcde2ae1a6b83830bf77e5e,0.0038577544037252665,0.0,-0.000868976057972759,-0.000868976057972759,0.0,0.0038577544037252665,0.0,0,1,0.9076921939849854,0.20944694064039504,13,1.661538353333106,0.001147467213177785,0.0009740930072654635,0.0038577544037252665,-0.000868976057972759,0.0038577544037252665,0.000868976057972759,0.001720593310892582,0.002754091750830412,0.001720593310892582,0,0.0038577544037252665,0.0,0.0,0.0038577544037252665,0,8.008170732445863e-11,0.0,0,0,12,11,13,13,0,1,1,1,0.0,0.0,0.0,1,0.009399164700880647,0.0074702874990180135,0.0019288772018626332,0.0019288772018626332,inf,inf,0,0,-0.0008689759778910517,0.0,1.6615384505345263,0.0032049036372542123,0.0,inf,0,0,0,3,5,0,0,0.029999999329447746
5001,9,2,3,9,a253c0ff1d13915c6639ec1070785ef11f745432125cfd1a15593d0343ca4de7,3a7b5b63d4f5a16949cb0ae7bfac60846858d7f7dbcde2ae1a6b83830bf77e5e,0.007029651664197445,0.0,-0.003856139024719596,-0.003856139024719596,0.0,0.007029651664197445,0.0,0,1,0.9076923131942749,0.2094469155167731,13,1.661538461366525,0.0017524059841504754,0.0013793202932681557,0.007029651664197445,-0.003856139024719596,0.007029651664197445,0.003856139024719596,0.002788835670799017,0.004193183965981007,0.002788835670799017,0,0.007029651664197445,0.0,0.0,0.007029651664197445,0,8.02314415425387e-10,2.6020852139652106e-18,0,0,12,11,13,13,0,1,1,1,0.0,0.0,0.0,1,0.009710668586194515,0.006195842754095793,0.0035148258320987225,0.0035148258320987225,inf,inf,0,0,-0.0038561398270340113,2.6020852139652106e-18,1.6615384522538923,0.00584001827300731,2.6020852139652106e-18,inf,0,0,0,4,3,0,0,0.029999999329447746
5001,9,2,4,9,a253c0ff1d13915c6639ec1070785ef11f745432125cfd1a15593d0343ca4de7,3a7b5b63d4f5a16949cb0ae7bfac60846858d7f7dbcde2ae1a6b83830bf77e5e,0.020484797656536102,0.029999999329447746,0.0006695867050439119,0.0006695867050439119,-6.447617830265817e-11,0.020484797656536102,0.029999999329447746,1,3,0.007692307233810425,0.20944694064039504,13,1.661538353333106,0.0021673998439690066,0.001396867825467823,0.009515201672911644,0.0006695867695200902,0.009515201672911644,0.0006695867695200902,0.0026091630570590496,0.0037940528709441423,0.0026091630570590496,0,0.020484798587858677,0.029999999329447746,9.313225746154785e-10,0.00951520074158907,0,3.765411810477404e-11,4.336808689942018e-19,10,11,10,11,1,1,1,1,1,1,0.01500000013038516,0.014999999199062586,0.014999999199062586,0,0.005577870644629002,-0.0008202702738344669,0.004757600370794535,0.004757600370794535,0.31717337498870385,0.3718580628309358,1,0,0.00066958674269803,-6.44761778689773e-11,1.6615384505345263,0.007904935948352438,6.44761778689773e-11,122602427.89850445,0,0,0,1,1,1,1,0.011999998707324266
5001,9,2,5,9,a253c0ff1d13915c6639ec1070785ef11f745432125cfd1a15593d0343ca4de7,3a7b5b63d4f5a16949cb0ae7bfac60846858d7f7dbcde2ae1a6b83830bf77e5e,0.0038577548693865538,0.0,-0.0008689756505191326,-0.0008689756505191326,0.0,0.0038577548693865538,0.0,0,1,0.9076921939849854,0.20944694064039504,13,1.661538353333106,0.0011474671572542607,0.000974092919092912,0.0038577548693865538,-0.0008689756505191326,0.0038577548693865538,0.0008689756505191326,0.0017205935437232256,0.0027540922164916992,0.0017205935437232256,0,0.0038577548693865538,0.0,0.0,0.0038577548693865538,0,2.851517698181094e-10,0.0,0,0,12,11,13,13,0,1,1,1,0.0,0.0,0.0,1,0.009399165166541934,0.007470287731848657,0.0019288774346932769,0.0019288774346932769,inf,inf,0,0,-0.0008689753653673628,0.0,1.6615384505345263,0.003204904024111279,0.0,inf,0,0,0,5,4,0,0,0.029999999329447746
5001,10,0,1,10,7154d61142f89d0d9b9ae5d793595097e2ad5675df852dc79bc6f6599bddcdc4,3a7b5b63d4f5a16949cb0ae7bfac60846858d7f7dbcde2ae1a6b83830bf77e5e,0.02693617343902588,0.0,0.0008397512137889862,0.0008397512137889862,0.0,0.02693617343902588,0.0,0,1,0.9076921939849854,0.20944694064039504,13,1.661538353333106,0.007101648328343359,0.005448841572513242,0.02693617343902588,0.0008397512137889862,0.02693617343902588,0.0008397512137889862,0.0036744321696460247,0.013749508187174797,0.0036744321696460247,0,0.02693617343902588,0.0,0.0,0.02693617343902588,0,1.037906207507211e-08,0.0,0,0,1,7,13,13,0,1,1,1,0.0,0.0,0.0,1,0.1521313413977623,-0.13866325467824936,0.01346808671951294,0.01346808671951294,inf,inf,0,0,0.0008397408347269111,0.0,1.6615384505345263,0.02237774393960416,0.0,inf,0,0,0,3,4,0,0,0.04500000178813934
5001,10,0,2,10,7154d61142f89d0d9b9ae5d793595097e2ad5675df852dc79bc6f6599bddcdc4,3a7b5b63d4f5a16949cb0ae7bfac60846858d7f7dbcde2ae1a6b83830bf77e5e,0.03257279098033905,0.029999997466802597,-0.006392285227775574,-0.006392285227775574,-0.002076923919411805,0.03257279098033905,0.029999997466802597,1,4,0.9076921939849854,0.20944694064039504,13,1.6615383533331063,0.0067106571169048045,0.004476860209682285,0.0025727935135364532,-0.004315361308363769,0.0025727935135364532,0.004315361308363769,0.008710354566574097,0.013144759461283684,0.008710354566574097,0,0.03257279098033905,0.029999997466802597,0.0,0.028538793325424194,0,1.677030292412951e-09,3.469446951953614e-18,10,11,1,11,1,1,1,0,1,0,0.01499999687075615,0.01249999925494194,0.01249999925494194,0,0.14839771017432213,-0.13412831351161003,0.014269396662712097,0.014269396662712097,1.1415518010587573,11.871817521561237,0,0,-0.006392286904805866,-0.0020769239194118015,1.661538450534526,0.023709151221025196,0.0020769239194118015,11.415512623948105,1,0,0,2,2,0,0,0.015000004321336746
5001,10,0,3,10,7154d61142f89d0d9b9ae5d793595097e2ad5675df852dc79bc6f6599bddcdc4,3a7b5b63d4f5a16949cb0ae7bfac60846858d7f7dbcde2ae1a6b83830bf77e5e,0.030276790261268616,0.0,-0.01007643062621355,-0.01007643062621355,0.0,0.030276790261268616,0.0,0,1,0.9076923131942749,0.2094469155167731,13,1.661538461366525,0.008535272717194653,0.006365046963183839,0.030276790261268616,-0.01007643062621355,0.030276790261268616,0.01007643062621355,0.007872170768678188,0.01827511191368103,0.007872170768678188,0,0.030276790261268616,0.0,0.0,0.030276790261268616,0,3.4254071454298263e-09,1.0408340855860843e-17,0,0,1,11,13,13,0,1,1,1,0.0,0.0,0.0,1,0.1509174481034279,-0.13577905297279358,0.015138395130634308,0.015138395130634308,inf,inf,0,0,-0.010076434051620696,-1.0408340855860843e-17,1.6615384522538923,0.025153025614961987,1.0408340855860843e-17,inf,0,0,0,4,3,0,0,0.04500000178813934
5001,10,0,4,10,7154d61142f89d0d9b9ae5d793595097e2ad5675df852dc79bc6f6599bddcdc4,3a7b5b63d4f5a16949cb0ae7bfac60846858d7f7dbcde2ae1a6b83830bf77e5e,0.03290186822414398,0.04500000178813934,-0.004856395069509745,-0.004856395069509745,-0.008307692582790661,0.03290186822414398,0.04500000178813934,1,4,0.9076921939849854,0.20944694064039504,13,1.661538353333106,0.011772306832971237,0.009695979617756503,0.012098133563995361,0.0034512975132809168,0.012098133563995361,0.0034512975132809168,0.00830900389701128,0.014786788262426853,0.00830900389701128,0,0.03290186822414398,0.04500000178813934,0.0,0.0366586372256279,0,1.6440670838613336e-09,0.0,1,11,10,11,4,1,0,0,1,0,0.0,0.015000000596046448,0.0,1,0.157227523624897,-0.13889820501208305,0.01832931861281395,0.01832931861281395,inf,inf,0,0,-0.004856393425442661,-0.008307692582790661,1.6615384505345263,0.030454867647288542,0.008307692582790661,3.665863576894459,1,0,0,1,1,1,1,0.015000004321336746
5001,10,0,5,10,7154d61142f89d0d9b9ae5d793595097e2ad5675df852dc79bc6f6599bddcdc4,3a7b5b63d4f5a16949cb0ae7bfac60846858d7f7dbcde2ae1a6b83830bf77e5e,0.02693617343902588,0.0,0.0008397537167184055,0.0008397537167184055,0.0,0.02693617343902588,0.0,0,1,0.9076921939849854,0.20944694064039504,13,1.661538353333106,0.0071016511604057985,0.005448844305862336,0.02693617343902588,0.0008397537167184055,0.02693617343902588,0.0008397537167184055,0.0036744324024766684,0.01374951470643282,0.0036744324024766684,0,0.02693617343902588,0.0,0.0,0.02693617343902588,0,1.1334563225495753e-08,0.0,0,0,1,7,13,13,0,1,1,1,0.0,0.0,0.0,1,0.1521313413977623,-0.13866325467824936,0.01346808671951294,0.01346808671951294,inf,inf,0,0,0.00083974238215518,0.0,1.6615384505345263,0.02237774393960416,0.0,inf,0,0,0,5,5,0,0,0.04500000178813934
5001,10,1,0,10,7154d61142f89d0d9b9ae5d793595097e2ad5675df852dc79bc6f6599bddcdc4,3a7b5b63d4f5a16949cb0ae7bfac60846858d7f7dbcde2ae1a6b83830bf77e5e,0.004497852176427841,0.0,0.0001994234771700576,0.0001994234771700576,6.938893903907228e-18,0.004497852176427841,0.0,0,1,0.9076921939849854,0.20944694064039504,13,1.661538353333106,0.001497333486753728,0.0012627959515921457,0.004497852176427841,0.00019942347717005066,0.004497852176427841,0.00019942347717005066,0.0016869198298081756,0.0040056523866951466,0.0016869198298081756,0,0.004497852176427841,0.0,0.0,0.004497852176427841,0,1.3408135955683687e-09,6.938893903907228e-18,0,0,5,12,13,13,0,1,1,1,0.0,0.0,0.0,1,0.004047553986310959,-0.0017986278980970383,0.0022489260882139206,0.0022489260882139206,inf,inf,0,0,0.00019942481798365316,0.0,1.6615384505345263,0.0037366771679776313,0.0,inf,0,0,0,3,5,0,0,0.036000002175569534
5001,10,1,2,10,7154d61142f89d0d9b9ae5d793595097e2ad5675df852dc79bc6f6599bddcdc4,3a7b5b63d4f5a16949cb0ae7bfac60846858d7f7dbcde2ae1a6b83830bf77e5e,0.007901746779680252,0.0,0.0012503316393122077,0.0012503316393122077,0.0,0.007901746779680252,0.0,0,1,0.9076921939849854,0.20944694064039504,13,1.6615383533331063,0.002016059997215106,0.0015703819736221129,0.007901746779680252,0.0012503316393122077,0.007901746779680252,0.0012503316393122077,0.002116589108482003,0.003963020630180836,0.002116589108482003,0,0.007901746779680252,0.0,0.0,0.007901746779680252,0,1.6040660293092923e-09,0.0,0,0,4,11,13,13,0,1,1,1,0.0,0.0,0.0,1,0.006706517189741135,-0.0027556437999010086,0.003950873389840126,0.003950873389840126,inf,inf,0,0,0.0012503300352461784,0.0,1.661538450534526,0.006564528050413054,0.0,inf,0,0,0,4,3,0,0,0.036000002175569534
5001,10,1,3,10,7154d61142f89d0d9b9ae5d793595097e2ad5675df852dc79bc6f6599bddcdc4,3a7b5b63d4f5a16949cb0ae7bfac60846858d7f7dbcde2ae1a6b83830bf77e5e,0.01965453289449215,0.030000001192092896,-0.011299420148134232,-0.011299420148134232,-0.013500000461004677,0.01965453289449215,0.030000001192092896,1,3,0.9076923131942749,0.2094469155167731,13,1.661538461366525,0.003284902614523739,0.0024659979052444885,0.010345468297600746,0.0022005803128704454,0.010345468297600746,0.0022005803128704454,0.0032715771812945604,0.006315317936241627,0.0032715771812945604,0,0.01965453289449215,0.030000001192092896,0.0,0.013508785516023636,0,2.7281557915537213e-09,1.3877787807814457e-17,10,11,10,11,1,1,1,1,1,1,0.015000000596046448,0.015000000596046448,0.015000000596046448,0,0.009144967421889305,-0.002390574663877487,0.006754392758011818,0.006754392758011818,0.45029283264109166,0.6096644705667309,1,0,-0.01129941741997844,-0.013500000461004663,1.6615384522538923,0.011222683289061855,0.013500000461004663,0.8313098448758622,1,1,0,2,2,0,0,0.006000000983476639
5001,10,1,4,10,7154d61142f89d0d9b9ae5d793595097e2ad5675df852dc79bc6f6599bddcdc4,3a7b5b63d4f5a16949cb0ae7bfac60846858d7f7dbcde2ae1a6b83830bf77e5e,0.007212996482849121,0.0,0.0023399621713906527,0.0023399621713906527,0.0,0.007212996482849121,0.0,0,1,0.9076921939849854,0.20944694064039504,13,1.661538353333106,0.001947381080185395,0.0015517397392430952,0.007212996482849121,0.0023399621713906527,0.007212996482849121,0.0023399621713906527,0.002031360985711217,0.003261385951191187,0.002031360985711217,0,0.007212996482849121,0.0,0.0,0.007212996482849121,0,1.4948670391812247e-09,0.0,0,0,5,11,13,13,0,1,1,1,0.0,0.0,0.0,1,0.006802123039960861,-0.0031956247985363007,0.0036064982414245605,0.0036064982414245605,inf,inf,0,0,0.0023399606765236135,0.0,1.6615384505345263,0.0059923354999120585,0.0,inf,0,0,0,5,4,0,0,0.036000002175569534
5001,10,1,5,10,7154d61142f89d0d9b9ae5d793595097e2ad5675df852dc79bc6f6599bddcdc4,3a7b5b63d4f5a16949cb0ae7bfac60846858d7f7dbcde2ae1a6b83830bf77e5e,0.020921245217323303,0.036000002175569534,-0.0031774286180734634,-0.0031774286180734634,-0.006230769437092977,0.020921245217323303,0.036000002175569534,1,4,0.9076921939849854,0.20944694064039504,13,1.661538353333106,0.009350508094073156,0.007659549235239536,0.015078756958246231,0.0030533408190195135,0.015078756958246231,0.0030533408190195135,0.002787182107567787,0.0050711254589259624,0.002787182107567787,0,0.020921245217323303,0.036000002175569534,0.0,0.02777726948261261,0,3.331717964016878e-09,2.0816681711721685e-17,1,11,1,11,3,1,0,1,1,1,0.0,0.006000000983476639,0.0,1,0.022083483636379242,-0.008194848895072937,0.013888634741306305,0.013888634741306305,inf,inf,0,0,-0.0031774319497914275,-0.006230769437092998,1.6615384505345263,0.02307650064811007,0.006230769437092998,3.7036357838457503,1,0,0,1,1,1,1,0.006000000983476639
5001,10,2,0,10,7154d61142f89d0d9b9ae5d793595097e2ad5675df852dc79bc6f6599bddcdc4,3a7b5b63d4f5a16949cb0ae7bfac60846858d7f7dbcde2ae1a6b83830bf77e5e,0.024692486971616745,0.017999999225139618,0.0010479589691385627,0.0010479589691385627,0.0,0.024692486971616745,0.017999999225139618,1,3,0.9076921939849854,0.20944694064039504,13,1.661538353333106,0.0016214939742411787,0.0012008510529994965,0.006692487746477127,0.0010479589691385627,0.006692487746477127,0.0010479589691385627,0.0018601699266582727,0.007761817425489426,0.0018601699266582727,0,0.024692486971616745,0.017999999225139618,0.0,0.006692487746477127,0,2.0260721919629354e-10,3.469446951953614e-18,10,11,10,11,1,1,1,1,1,1,0.008999999612569809,0.008999999612569809,0.008999999612569809,0,0.013309609144926071,0.009963365271687508,0.0033462438732385635,0.0033462438732385635,0.37180489080966705,1.4788455242083862,1,0,0.0010479591717457819,-3.469446951953614e-18,1.6615384505345263,0.0055599128602514545,3.469446951953614e-18,inf,0,0,0,2,2,0,0,0.012000001035630703
5001,10,2,1,10,7154d61142f89d0d9b9ae5d793595097e2ad5675df852dc79bc6f6599bddcdc4,3a7b5b63d4f5a16949cb0ae7bfac60846858d7f7dbcde2ae1a6b83830bf77e5e,0.00910356268286705,0.0,-0.001017767353914678,-0.001017767353914678,0.0,0.00910356268286705,0.0,0,1,0.9076921939849854,0.20944694064039504,13,1.661538353333106,0.0020495299449385554,0.001384237858318013,0.00910356268286705,-0.001017767353914678,0.00910356268286705,0.001017767353914678,0.0020460092928260565,0.003576727584004402,0.0020460092928260565,0,0.00910356268286705,0.0,0.0,0.00910356268286705,0,9.765213047907562e-10,1.734723475976807e-18,0,0,10,11,13,13,0,1,1,1,0.0,0.0,0.0,1,0.015145689249038696,0.010593907907605171,0.004551781341433525,0.004551781341433525,inf,inf,0,0,-0.0010177683304359829,-1.734723475976807e-18,1.6615384505345263,0.007562959717217427,1.734723475976807e-18,inf,0,0,0,3,4,0,0,0.03000000026077032
5001,10,2,3,10,7154d61142f89d0d9b9ae5d793595097e2ad5675df852dc79bc6f6599bddcdc4,3a7b5b63d4f5a16949cb0ae7bfac60846858d7f7dbcde2ae1a6b83830bf77e5e,0.013661222532391548,0.0,-0.007245736662298441,-0.007245736662298441,-3.469446951953614e-18,0.013661222532391548,0.0,0,1,0.9076923131942749,0.2094469155167731,13,1.661538461366525,0.0029130694975923136,0.0018392611713804437,0.013661222532391548,-0.0072457366622984375,0.013661222532391548,0.0072457366622984375,0.004487033002078533,0.005278399679809809,0.004487033002078533,0,0.013661222532391548,0.0,0.0,0.013661222532391548,0,1.6667211898829803e-09,3.469446951953614e-18,0,0,10,11,13,13,0,1,1,1,0.0,0.0,0.0,1,0.018265485763549805,0.01143487449735403,0.006830611266195774,0.006830611266195774,inf,inf,0,0,-0.007245734995577251,-6.938893903907228e-18,1.6615384522538923,0.011349323271182927,6.938893903907228e-18,inf,0,0,0,4,3,0,0,0.03000000026077032
5001,10,2,4,10,7154d61142f89d0d9b9ae5d793595097e2ad5675df852dc79bc6f6599bddcdc4,3a7b5b63d4f5a16949cb0ae7bfac60846858d7f7dbcde2ae1a6b83830bf77e5e,0.02939210645854473,0.03000000026077032,-0.0007712980732321739,-0.0007712980732321739,-6.44761778689773e-11,0.02939210645854473,0.03000000026077032,1,3,0.9076921939849854,0.20944694064039504,13,1.661538353333106,0.0012335600007793801,0.001166763191921471,0.0006078938022255898,-0.000771298008755996,0.0006078938022255898,0.000771298008755996,0.0022015273571014404,0.008900321088731289,0.0022015273571014404,0,0.02939210645854473,0.03000000026077032,0.0,0.0034805405884981155,0,2.671246470548061e-10,1.734723475976807e-18,10,11,10,11,1,1,1,1,1,1,0.015000000596046448,0.014999999664723873,0.014999999664723873,0,0.014007709920406342,0.012267439626157284,0.0017402702942490578,0.0017402702942490578,0.11601802220980872,0.9338473489002043,1,0,-0.000771298340356821,-6.447617960370078e-11,1.6615384505345263,0.0028915260082178437,6.447617960370078e-11,44846422.75628684,1,0,0,1,1,1,1,0.012000001035630703
5001,10,2,5,10,7154d61142f89d0d9b9ae5d793595097e2ad5675df852dc79bc6f6599bddcdc4,3a7b5b63d4f5a16949cb0ae7bfac60846858d7f7dbcde2ae1a6b83830bf77e5e,0.00910356268286705,0.0,-0.0010177657241001725,-0.0010177657241001725,0.0,0.00910356268286705,0.0,0,1,0.9076921939849854,0.20944694064039504,13,1.661538353333106,0.0020495294436764303,0.0013842370206787742,0.00910356268286705,-0.0010177657241001725,0.00910356268286705,0.0010177657241001725,0.0020460064988583326,0.0035767287481576204,0.0020460064988583326,0,0.00910356268286705,0.0,0.0,0.00910356268286705,0,2.348431097157211e-09,1.734723475976807e-18,0,0,10,11,13,13,0,1,1,1,0.0,0.0,0.0,1,0.015145689249038696,0.010593907907605171,0.004551781341433525,0.004551781341433525,inf,inf,0,0,-0.0010177680725312697,-1.734723475976807e-18,1.6615384505345263,0.007562959717217427,1.734723475976807e-18,inf,0,0,0,5,5,0,0,0.03000000026077032
5001,11,0,1,11,ae94d036a8c96918eeff7088815dee64ef42df2f8b086f78ea10f90121e68202,3a7b5b63d4f5a16949cb0ae7bfac60846858d7f7dbcde2ae1a6b83830bf77e5e,0.006648058071732521,0.0,-0.0012527627404779196,-0.0012527627404779196,0.0,0.006648058071732521,0.0,0,1,0.9076921939849854,0.20944694064039504,13,1.661538353333106,0.0019269922338333706,0.0016567675650296125,0.006648058071732521,-0.0012527627404779196,0.006648058071732521,0.0012527627404779196,0.0018982540350407362,0.003593826899304986,0.0018982540350407362,0,0.006648058071732521,0.0,0.0,0.006648058071732521,0,1.9042750883102588e-11,2.168404344971009e-19,0,0,2,11,13,13,0,1,1,1,0.0,0.0,0.0,1,0.009817236568778753,0.006493207532912493,0.0033240290358662605,0.0033240290358662605,inf,inf,0,0,-0.0012527627214351687,-2.168404344971009e-19,1.6615384505345263,0.005523002053785002,2.168404344971009e-19,inf,0,0,0,3,5,0,0,0.044999998062849045
5001,11,0,2,11,ae94d036a8c96918eeff7088815dee64ef42df2f8b086f78ea10f90121e68202,3a7b5b63d4f5a16949cb0ae7bfac60846858d7f7dbcde2ae1a6b83830bf77e5e,0.019847571849822998,0.029999999329447746,-0.00027268449775874615,-0.00027268449775874615,0.002076923016745309,0.019847571849822998,0.029999999329447746,1,4,0.9076921939849854,0.20944694064039504,13,1.6615383533331063,0.0026855801401649976,0.0021548271702723737,0.010152427479624748,-0.0023496075145040553,0.010152427479624748,0.0023496075145040553,0.0026539128739386797,0.004877926781773567,0.0026539128739386797,0,0.019847571616992354,0.029999999329447746,2.3283064365386963e-10,0.010152427712455392,0,7.14910682736436e-12,4.336808689942018e-19,10,11,10,11,1,1,1,1,1,1,0.012499999720603228,0.014999999664723873,0.012499999720603228,0,0.012626045616343617,0.0075498317601159215,0.005076213856227696,0.005076213856227696,0.40609711757519357,1.010083671884619,1,0,-0.000272684504907853,0.0020769230167453087,1.661538450534526,0.008434324505258458,0.0020769230167453087,4.060971175751938,0,0,0,2,2,0,0,0.014999998733401299
5001,11,0,3,11,ae94d036a8c96918eeff7088815dee64ef42df2f8b086f78ea10f90121e68202,3a7b5b63d4f5a16949cb0ae7bfac60846858d7f7dbcde2ae1a6b83830bf77e5e,0.008396808989346027,0.0,-0.004441181197762489,-0.004441181197762489,-4.336808689942018e-19,0.008396808989346027,0.0,0,1,0.007692308165132999,0.2094469155167731,13,1.661538461366525,0.0023878430649435034,0.0020507551597420282,0.008396808989346027,-0.004441181197762489,0.008396808989346027,0.004441181197762489,0.004196936264634132,0.0039672041311860085,0.004196936264634132,0,0.008396808989346027,0.0,0.0,0.008396808989346027,0,3.154739065466816e-10,4.336808689942018e-19,0,0,2,11,13,13,0,1,1,1,0.0,0.0,0.0,1,0.008834728505462408,0.004636324010789394,0.004198404494673014,0.004198404494673014,inf,inf,0,0,-0.004441181513236396,-8.673617379884035e-19,1.6615384522538923,0.006975810506014784,8.673617379884035e-19,inf,0,0,0,4,3,0,0,0.044999998062849045
5001,11,0,4,11,ae94d036a8c96918eeff7088815dee64ef42df2f8b086f78ea10f90121e68202,3a7b5b63d4f5a16949cb0ae7bfac60846858d7f7dbcde2ae1a6b83830bf77e5e,0.02183644101023674,0.044999998062849045,-0.001028283848427236,-0.001028283848427236,-0.008307692002505059,0.02183644101023674,0.044999998062849045,1,4,0.9076921939849854,0.20944694064039504,13,1.661538353333106,0.012396851337237152,0.011313911742315842,0.023163557052612305,0.007279408154077823,0.023163557052612305,0.007279408154077823,0.0026165698654949665,0.0059678214602172375,0.0026165698654949665,0,0.02183644089382142,0.044999998062849045,1.1641532182693481e-10,0.032569888164289296,0,9.282820965898775e-10,1.734723475976807e-18,1,11,10,11,4,1,0,0,1,0,0.0,0.014999999199062586,0.0,1,0.021402711980044842,-0.005117767897900194,0.016284944082144648,0.016284944082144648,inf,inf,0,0,-0.0010282829201451395,-0.00830769200250506,1.6615384505345263,0.027058060757288022,0.00830769200250506,3.256988914505866,1,0,0,1,1,1,1,0.014999998733401299
5001,11,0,5,11,ae94d036a8c96918eeff7088815dee64ef42df2f8b086f78ea10f90121e68202,3a7b5b63d4f5a16949cb0ae7bfac60846858d7f7dbcde2ae1a6b83830bf77e5e,0.006648058537393808,0.0,-0.0012527622748166323,-0.0012527622748166323,0.0,0.006648058537393808,0.0,0,1,0.9076921939849854,0.20944694064039504,13,1.661538353333106,0.0019269921148621564,0.0016567672894903895,0.006648058537393808,-0.0012527622748166323,0.006648058537393808,0.0012527622748166323,0.0018982550827786326,0.003593830158933997,0.0018982550827786326,0,0.006648058537393808,0.0,0.0,0.006648058537393808,0,6.817145754151044e-10,2.168404344971009e-19,0,0,2,11,13,13,0,1,1,1,0.0,0.0,0.0,1,0.009817236568778753,0.006493207300081849,0.003324029268696904,0.003324029268696904,inf,inf,0,0,-0.0012527615931020569,-2.168404344971009e-19,1.6615384505345263,0.005523002440642069,2.168404344971009e-19,inf,0,0,0,5,4,0,0,0.044999998062849045
5001,11,1,0,11,ae94d036a8c96918eeff7088815dee64ef42df2f8b086f78ea10f90121e68202,3a7b5b63d4f5a16949cb0ae7bfac60846858d7f7dbcde2ae1a6b83830bf77e5e,0.005036473274230957,0.0,0.0011651801178231835,0.0011651801178231835,0.0,0.005036473274230957,0.0,0,1,0.9076921939849854,0.20944694064039504,13,1.661538353333106,0.00151117641046229,0.0013379125729115044,0.005036473274230957,0.0011651801178231835,0.005036473274230957,0.0011651801178231835,0.0021073915995657444,0.0030727016273885965,0.0021073915995657444,0,0.005036473274230957,0.0,0.0,0.005036473274230957,0,4.802236908477142e-09,1.734723475976807e-18,0,0,1,11,13,13,0,1,1,1,0.0,0.0,0.0,1,0.006977640092372894,-0.004459403455257416,0.0025182366371154785,0.0025182366371154785,inf,inf,0,0,0.001165175315586275,-1.734723475976807e-18,1.6615384505345263,0.004184147000112128,1.734723475976807e-18,inf,0,0,0,3,5,0,0,0.03600000124424696
5001,11,1,2,11,ae94d036a8c96918eeff7088815dee64ef42df2f8b086f78ea10f90121e68202,3a7b5b63d4f5a16949cb0ae7bfac60846858d7f7dbcde2ae1a6b83830bf77e5e,0.008061211556196213,0.0,0.0011449462035670877,0.0011449462035670877,0.0,0.008061211556196213,0.0,0,1,0.9076921939849854,0.20944694064039504,13,1.6615383533331063,0.0019897378931303406,0.0015168575316491214,0.008061211556196213,0.0011449462035670877,0.008061211556196213,0.0011449462035670877,0.001057625631801784,0.0035570759791880846,0.001057625631801784,0,0.008061211556196213,0.0,0.0,0.008061211556196213,0,2.1613243000873084e-09,1.734723475976807e-18,0,0,1,11,13,13,0,1,1,1,0.0,0.0,0.0,1,0.01012539491057396,-0.006094789132475853,0.004030605778098106,0.004030605778098106,inf,inf,0,0,0.0011449483648913877,-1.734723475976807e-18,1.661538450534526,0.006697006479256635,1.734723475976807e-18,inf,0,0,0,4,4,0,0,0.03600000124424696
5001,11,1,3,11,ae94d036a8c96918eeff7088815dee64ef42df2f8b086f78ea10f90121e68202,3a7b5b63d4f5a16949cb0ae7bfac60846858d7f7dbcde2ae1a6b83830bf77e5e,0.020050933584570885,0.030000001192092896,-0.011536655016243458,-0.011536655016243458,-0.013500000461004677,0.020050933584570885,0.030000001192092896,1,3,0.007692308165132999,0.2094469155167731,13,1.661538461366525,0.0032630880208285775,0.002469447391802037,0.00994906760752201,0.001963345444761219,0.00994906760752201,0.001963345444761219,0.0032128863967955112,0.0064862570725381374,0.0032128863967955112,0,0.020050933584570885,0.030000001192092896,0.0,0.013576533645391464,0,5.079300102045492e-09,1.3877787807814457e-17,10,11,10,11,1,1,1,1,1,1,0.015000000596046448,0.015000000596046448,0.015000000596046448,0,0.009555371478199959,-0.0027671046555042267,0.006788266822695732,0.006788266822695732,0.4525511035302836,0.6370247399002417,1,0,-0.01153666009554356,-0.013500000461004663,1.6615384522538923,0.011278966350068314,0.013500000461004663,0.8354789603636013,1,1,0,2,2,0,0,0.006000000052154064
5001,11,1,4,11,ae94d036a8c96918eeff7088815dee64ef42df2f8b086f78ea10f90121e68202,3a7b5b63d4f5a16949cb0ae7bfac60846858d7f7dbcde2ae1a6b83830bf77e5e,0.008291620761156082,0.0,0.00010284470772603527,0.00010284470772603527,0.0,0.008291620761156082,0.0,0,1,0.9076921939849854,0.20944694064039504,13,1.661538353333106,0.0020347984400556117,0.0015658375162344712,0.008291620761156082,0.00010284470772603527,0.008291620761156082,0.00010284470772603527,0.0017864732071757317,0.002933803480118513,0.0017864732071757317,0,0.008291620761156082,0.0,0.0,0.008291620761156082,0,2.1092536155176145e-09,3.469446951953614e-18,0,0,1,11,13,13,0,1,1,1,0.0,0.0,0.0,1,0.008981820195913315,-0.004836009815335274,0.004145810380578041,0.004145810380578041,inf,inf,0,0,0.00010284259847241975,-3.469446951953614e-18,1.6615384505345263,0.006888423355955593,3.469446951953614e-18,inf,0,0,0,5,3,0,0,0.03600000124424696
5001,11,1,5,11,ae94d036a8c96918eeff7088815dee64ef42df2f8b086f78ea10f90121e68202,3a7b5b63d4f5a16949cb0ae7bfac60846858d7f7dbcde2ae1a6b83830bf77e5e,0.02198675461113453,0.03600000124424696,-0.0037772899959236383,-0.0037772899959236383,-0.006230769243664464,0.02198675461113453,0.03600000124424696,1,4,0.9076921939849854,0.20944694064039504,13,1.661538353333106,0.009134554057389931,0.007476977419835575,0.01401324663311243,0.002453479247740826,0.01401324663311243,0.002453479247740826,0.002179202623665333,0.007582154590636492,0.002179202623665333,0,0.02198675461113453,0.03600000124424696,0.0,0.025651889853179455,0,4.183729473972164e-09,3.469446951953614e-18,1,11,1,11,3,1,0,1,1,1,0.0,0.006000000983476639,0.0,1,0.024500551633536816,-0.011674606706947088,0.012825944926589727,0.012825944926589727,inf,inf,0,0,-0.0037772858121941644,-0.006230769243664461,1.6615384505345263,0.021310800659967065,0.006230769243664461,3.420251950693922,1,0,0,1,1,1,1,0.006000000052154064
5001,11,2,0,11,ae94d036a8c96918eeff7088815dee64ef42df2f8b086f78ea10f90121e68202,3a7b5b63d4f5a16949cb0ae7bfac60846858d7f7dbcde2ae1a6b83830bf77e5e,0.026481827720999718,0.01799999736249447,0.00047996206558309495,0.00047996206558309495,1.2895235226850765e-10,0.026481827720999718,0.01799999736249447,1,3,0.9076921939849854,0.20944694064039504,13,1.661538353333106,0.002020214304084834,0.0014174432223717842,0.008481830358505249,0.0004799619366307427,0.008481830358505249,0.0004799619366307427,0.0024083557073026896,0.009514779783785343,0.0024083557073026896,0,0.026481827720999718,0.01799999736249447,0.0,0.008481830358505249,0,1.181123353635738e-09,3.469446951953614e-18,10,11,10,11,1,1,1,1,1,1,0.00899999774992466,0.008999999612569809,0.00899999774992466,0,0.011363714933395386,0.007122799754142761,0.0042409151792526245,0.0042409151792526245,0.4712129155019095,1.2626353082688841,1,0,0.0004799632467064486,1.289523557379546e-10,1.6615384505345263,0.007046443635783758,1.289523557379546e-10,54643775.95476355,1,0,0,2,2,0,0,0.012000001035630703
5001,11,2,1,11,ae94d036a8c96918eeff7088815dee64ef42df2f8b086f78ea10f90121e68202,3a7b5b63d4f5a16949cb0ae7bfac60846858d7f7dbcde2ae1a6b83830bf77e5e,0.00984598882496357,0.0,-0.0005420275847427547,-0.0005420275847427547,0.0,0.00984598882496357,0.0,0,1,0.9076921939849854,0.20944694064039504,13,1.661538353333106,0.0022119456998731754,0.0014807437739428678,0.00984598882496357,-0.0005420275847427547,0.00984598882496357,0.0005420275847427547,0.0015488315839320421,0.003305787220597267,0.0015488315839320421,0,0.00984598882496357,0.0,0.0,0.00984598882496357,0,8.175860578829575e-10,1.734723475976807e-18,0,0,10,11,13,13,0,1,1,1,0.0,0.0,0.0,1,0.012772796675562859,0.007849802263081074,0.004922994412481785,0.004922994412481785,inf,inf,0,0,-0.0005420284023288126,-1.734723475976807e-18,1.6615384505345263,0.008179744508105116,1.734723475976807e-18,inf,0,0,0,3,4,0,0,0.02999999839812517
5001,11,2,3,11,ae94d036a8c96918eeff7088815dee64ef42df2f8b086f78ea10f90121e68202,3a7b5b63d4f5a16949cb0ae7bfac60846858d7f7dbcde2ae1a6b83830bf77e5e,0.012454954907298088,0.0,-0.006342368666082621,-0.006342368666082621,0.0,0.012454954907298088,0.0,0,1,0.007692308165132999,0.2094469155167731,13,1.661538461366525,0.0027568384258775326,0.0018674383193430814,0.012454954907298088,-0.006342368666082621,0.012454954907298088,0.006342368666082621,0.00521767558529973,0.005225654691457748,0.00521767558529973,0,0.012454954907298088,0.0,0.0,0.012454954907298088,0,2.3064350073917494e-09,5.204170427930421e-18,0,0,10,11,13,13,0,1,1,1,0.0,0.0,0.0,1,0.014768419787287712,0.008540942333638668,0.006227477453649044,0.006227477453649044,inf,inf,0,0,-0.006342366359647613,-5.204170427930421e-18,1.6615384522538923,0.010347193249782043,5.204170427930421e-18,inf,0,0,0,4,3,0,0,0.02999999839812517
5001,11,2,4,11,ae94d036a8c96918eeff7088815dee64ef42df2f8b086f78ea10f90121e68202,3a7b5b63d4f5a16949cb0ae7bfac60846858d7f7dbcde2ae1a6b83830bf77e5e,0.02789032831788063,0.02999999839812517,0.0011501280823722482,0.0011501280823722482,6.44761778689773e-11,0.02789032831788063,0.02999999839812517,1,3,0.9076921939849854,0.20944694064039504,13,1.661538353333106,0.0009799705157602385,0.0008421585228316179,0.002109670080244541,0.0011501280178960703,0.002109670080244541,0.0011501280178960703,0.002879941603168845,0.008383678272366524,0.002879941603168845,0,0.027890327386558056,0.02999999839812517,9.313225746154785e-10,0.0034045055508613586,0,2.168454003165232e-09,0.0,10,11,10,11,1,1,1,1,1,1,0.014999998733401299,0.014999999664723873,0.014999998733401299,0,0.008383803069591522,0.006681550294160843,0.0017022527754306793,0.0017022527754306793,0.11348352794458456,0.5589202518346125,1,0,0.0011501302508262513,6.44761778689773e-11,1.6615384505345263,0.002828358438907188,6.44761778689773e-11,43866719.96368525,1,0,0,1,1,1,1,0.012000001035630703
5001,11,2,5,11,ae94d036a8c96918eeff7088815dee64ef42df2f8b086f78ea10f90121e68202,3a7b5b63d4f5a16949cb0ae7bfac60846858d7f7dbcde2ae1a6b83830bf77e5e,0.009845985099673271,0.0,-0.0005420300294645131,-0.0005420300294645131,0.0,0.009845985099673271,0.0,0,1,0.9076921939849854,0.20944694064039504,13,1.661538353333106,0.002211944943770589,0.0014807437739428678,0.009845985099673271,-0.0005420300294645131,0.009845985099673271,0.0005420300294645131,0.0015488299541175365,0.0033057881519198418,0.0015488299541175365,0,0.009845985099673271,0.0,0.0,0.009845985099673271,0,1.7256255400305287e-09,1.734723475976807e-18,0,0,10,11,13,13,0,1,1,1,0.0,0.0,0.0,1,0.012772796675562859,0.007849804125726223,0.004922992549836636,0.004922992549836636,inf,inf,0,0,-0.0005420317550900531,-1.734723475976807e-18,1.6615384505345263,0.00817974141324858,1.734723475976807e-18,inf,0,0,0,5,5,0,0,0.02999999839812517
5001,12,0,1,12,64e4468b87c4ce699fa0937f7848315c47e7b8c6e2d511f33a4d026e8db9ca51,3a7b5b63d4f5a16949cb0ae7bfac60846858d7f7dbcde2ae1a6b83830bf77e5e,0.005958454217761755,0.0,-0.0012954042758792639,-0.0012954042758792639,0.0,0.005958454217761755,0.0,0,1,0.9076921939849854,0.20944694064039504,13,1.661538353333106,0.001723009534815761,0.0014910307883687272,0.005958454217761755,-0.0012954042758792639,0.005958454217761755,0.0012954042758792639,0.0015538245206698775,0.0031327377073466778,0.0015538245206698775,0,0.005958454217761755,0.0,0.0,0.005958454217761755,0,2.3658964110745417e-11,2.168404344971009e-19,0,0,2,11,13,13,0,1,1,1,0.0,0.0,0.0,1,0.00802794611081481,0.005048719001933932,0.0029792271088808775,0.0029792271088808775,inf,inf,0,0,-0.001295404299538228,-2.168404344971009e-19,1.6615384505345263,0.004950100394280389,2.168404344971009e-19,inf,0,0,0,3,5,0,0,0.044999998062849045
5001,12,0,2,12,64e4468b87c4ce699fa0937f7848315c47e7b8c6e2d511f33a4d026e8db9ca51,3a7b5b63d4f5a16949cb0ae7bfac60846858d7f7dbcde2ae1a6b83830bf77e5e,0.017554871737957,0.029999999329447746,-0.00023066236462909728,-0.00023066236462909728,0.002076923016745309,0.017554871737957,0.029999999329447746,1,4,0.9076921939849854,0.20944694064039504,13,1.6615383533331063,0.003013386151810004,0.0023272256670001695,0.012445127591490746,-0.0023075853813744065,0.012445127591490746,0.0023075853813744065,0.002496895380318165,0.0036354626063257456,0.002496895380318165,0,0.017554870806634426,0.029999999329447746,9.313225746154785e-10,0.01244512852281332,0,1.602554282852109e-10,4.336808689942018e-19,10,11,10,11,1,1,1,1,1,1,0.012499999720603228,0.014999999664723873,0.012499999720603228,0,0.011406763456761837,0.005184199195355177,0.00622256426140666,0.00622256426140666,0.497805152039345,0.9125410969378299,1,0,-0.000230662204373669,0.0020769230167453087,1.661538450534526,0.01033902978124914,0.0020769230167453087,4.9780515203934526,0,0,0,2,2,0,0,0.014999998733401299
5001,12,0,3,12,64e4468b87c4ce699fa0937f7848315c47e7b8c6e2d511f33a4d026e8db9ca51,3a7b5b63d4f5a16949cb0ae7bfac60846858d7f7dbcde2ae1a6b83830bf77e5e,0.008083494380116463,0.0,-0.004056854173541069,-0.004056854173541069,-4.336808689942018e-19,0.008083494380116463,0.0,0,1,0.9076923131942749,0.2094469155167731,13,1.661538461366525,0.002293655126005157,0.0019422658228662594,0.008083494380116463,-0.004056854173541069,0.008083494380116463,0.004056854173541069,0.003231224836781621,0.0035784905776381493,0.003231224836781621,0,0.008083494612947106,0.0,2.3283064365386963e-10,0.008083494612947106,0,1.0807392220729684e-10,4.336808689942018e-19,0,0,2,11,13,13,0,1,1,1,0.0,0.0,0.0,1,0.007896254304796457,0.003854506998322904,0.004041747306473553,0.004041747306473553,inf,inf,0,0,-0.004056854281614991,-8.673617379884035e-19,1.6615384522538923,0.0067155185639994055,8.673617379884035e-19,inf,0,0,0,4,3,0,0,0.044999998062849045
5001,12,0,4,12,64e4468b87c4ce699fa0937f7848315c47e7b8c6e2d511f33a4d026e8db9ca51,3a7b5b63d4f5a16949cb0ae7bfac60846858d7f7dbcde2ae1a6b83830bf77e5e,0.020909911021590233,0.044999998062849045,-0.002657880773767829,-0.002657880773767829,-0.008307692002505059,0.020909911021590233,0.044999998062849045,1,4,0.9076921939849854,0.20944694064039504,13,1.661538353333106,0.012503192617579055,0.011386217406162849,0.024090087041258812,0.00564981122873723,0.024090087041258812,0.00564981122873723,0.0014275151770561934,0.0034311506897211075,0.0014275151770561934,0,0.020909911720082164,0.044999998062849045,6.984919309616089e-10,0.03332411334849894,0,2.9879022606787986e-10,1.734723475976807e-18,1,11,10,11,4,1,0,0,1,0,0.0,0.014999999199062586,0.0,1,0.02325067576020956,-0.00658861908596009,0.01666205667424947,0.01666205667424947,inf,inf,0,0,-0.002657880474977603,-0.00830769200250506,1.6615384505345263,0.027684647829250928,0.00830769200250506,3.332411435198011,1,0,0,1,1,1,1,0.014999998733401299
5001,12,0,5,12,64e4468b87c4ce699fa0937f7848315c47e7b8c6e2d511f33a4d026e8db9ca51,3a7b5b63d4f5a16949cb0ae7bfac60846858d7f7dbcde2ae1a6b83830bf77e5e,0.00595845514908433,0.0,-0.0012954057892784476,-0.0012954057892784476,0.0,0.00595845514908433,0.0,0,1,0.9076921939849854,0.20944694064039504,13,1.661538353333106,0.001723009749552965,0.0014910310308432438,0.00595845514908433,-0.0012954057892784476,0.00595845514908433,0.0012954057892784476,0.001553824171423912,0.003132735611870885,0.001553824171423912,0,0.00595845514908433,0.0,0.0,0.00595845514908433,0,3.2916901929885833e-10,2.168404344971009e-19,0,0,2,11,13,13,0,1,1,1,0.0,0.0,0.0,1,0.00802794611081481,0.005048718536272645,0.002979227574542165,0.002979227574542165,inf,inf,0,0,-0.0012954054601094283,-2.168404344971009e-19,1.6615384505345263,0.004950101167994524,2.168404344971009e-19,inf,0,0,0,5,4,0,0,0.044999998062849045
5001,12,1,0,12,64e4468b87c4ce699fa0937f7848315c47e7b8c6e2d511f33a4d026e8db9ca51,3a7b5b63d4f5a16949cb0ae7bfac60846858d7f7dbcde2ae1a6b83830bf77e5e,0.004789359867572784,0.0,0.0022004421334713697,0.0022004421334713697,0.0,0.004789359867572784,0.0,0,1,0.9076921939849854,0.20944694064039504,13,1.661538353333106,0.0015021530873865672,0.0013020308412743744,0.004789359867572784,0.0022004421334713697,0.004789359867572784,0.0022004421334713697,0.002004409208893776,0.005873700138181448,0.002004409208893776,0,0.004789359867572784,0.0,0.0,0.004789359867572784,0,1.3788288878713306e-09,0.0,0,0,5,11,13,13,0,1,1,1,0.0,0.0,0.0,1,0.004998534917831421,-0.0026038549840450287,0.002394679933786392,0.002394679933786392,inf,inf,0,0,0.0022004435123002576,0.0,1.6615384505345263,0.003978852786709564,0.0,inf,0,0,0,3,5,0,0,0.036000002175569534
5001,12,1,2,12,64e4468b87c4ce699fa0937f7848315c47e7b8c6e2d511f33a4d026e8db9ca51,3a7b5b63d4f5a16949cb0ae7bfac60846858d7f7dbcde2ae1a6b83830bf77e5e,0.0076103731989860535,0.0,0.001604221179150045,0.001604221179150045,0.0,0.0076103731989860535,0.0,0,1,0.9076921939849854,0.20944694064039504,13,1.6615383533331063,0.00203320901902102,0.0016022412293761436,0.0076103731989860535,0.001604221179150045,0.0076103731989860535,0.001604221179150045,0.0020458742510527372,0.004860797896981239,0.0020458742510527372,0,0.0076103731989860535,0.0,0.0,0.0076103731989860535,0,4.888226559640607e-10,0.0,0,0,5,11,13,13,0,1,1,1,0.0,0.0,0.0,1,0.0077031999826431274,-0.0038980133831501007,0.0038051865994930267,0.0038051865994930267,inf,inf,0,0,0.001604220690327389,0.0,1.661538450534526,0.006322463846516386,0.0,inf,0,0,0,4,3,0,0,0.036000002175569534
5001,12,1,3,12,64e4468b87c4ce699fa0937f7848315c47e7b8c6e2d511f33a4d026e8db9ca51,3a7b5b63d4f5a16949cb0ae7bfac60846858d7f7dbcde2ae1a6b83830bf77e5e,0.020025786012411118,0.030000001192092896,-0.01141782384365797,-0.01141782384365797,-0.013500000461004677,0.020025786012411118,0.030000001192092896,1,3,0.9076923131942749,0.2094469155167731,13,1.661538461366525,0.00329037062140493,0.002502776021082726,0.009974215179681778,0.0020821766173467066,0.009974215179681778,0.0020821766173467066,0.003276742296293378,0.006713735871016979,0.003276742296293378,0,0.020025786012411118,0.030000001192092896,0.0,0.013516411185264587,0,3.561191933357244e-09,1.3877787807814457e-17,10,11,10,11,1,1,1,1,1,1,0.015000000596046448,0.015000000596046448,0.015000000596046448,0,0.0091378353536129,-0.002379629760980606,0.006758205592632294,0.006758205592632294,0.45054702160568944,0.6091889993671974,1,0,-0.011417827404849904,-0.013500000461004663,1.6615384522538923,0.01122901846039586,0.013500000461004663,0.8317791168105044,1,1,0,2,2,0,0,0.006000000983476639
5001,12,1,4,12,64e4468b87c4ce699fa0937f7848315c47e7b8c6e2d511f33a4d026e8db9ca51,3a7b5b63d4f5a16949cb0ae7bfac60846858d7f7dbcde2ae1a6b83830bf77e5e,0.007313203066587448,0.0,0.0023423880338668823,0.0023423880338668823,0.0,0.007313203066587448,0.0,0,1,0.9076921939849854,0.20944694064039504,13,1.661538353333106,0.001940286844037092,0.0015704392857805514,0.007313203066587448,0.0023423880338668823,0.007313203066587448,0.0023423880338668823,0.002135202055796981,0.004438417498022318,0.002135202055796981,0,0.007313203066587448,0.0,0.0,0.007313203066587448,0,3.910369802267999e-09,0.0,0,0,5,11,13,13,0,1,1,1,0.0,0.0,0.0,1,0.007109176367521286,-0.003452574834227562,0.003656601533293724,0.003656601533293724,inf,inf,0,0,0.0023423919442366846,0.0,1.6615384505345263,0.006075584045851027,0.0,inf,0,0,0,5,4,0,0,0.036000002175569534
5001,12,1,5,12,64e4468b87c4ce699fa0937f7848315c47e7b8c6e2d511f33a4d026e8db9ca51,3a7b5b63d4f5a16949cb0ae7bfac60846858d7f7dbcde2ae1a6b83830bf77e5e,0.022292546927928925,0.036000002175569534,-0.0034499589819461107,-0.0034499589819461107,-0.006230769437092977,0.022292546927928925,0.036000002175569534,1,4,0.9076921939849854,0.20944694064039504,13,1.661538353333106,0.009261715210645342,0.007551097966862854,0.01370745524764061,0.0027808104551468663,0.01370745524764061,0.0027808104551468663,0.0025068053510040045,0.0059693315997719765,0.0025068053510040045,0,0.022292546927928925,0.036000002175569534,0.0,0.02778448909521103,0,9.290966780650667e-10,2.0816681711721685e-17,1,11,1,11,3,1,0,1,1,1,0.0,0.006000000983476639,0.0,1,0.023439273238182068,-0.009547028690576553,0.013892244547605515,0.013892244547605515,inf,inf,0,0,-0.0034499580528494327,-0.006230769437092998,1.6615384505345263,0.023082498480075188,0.006230769437092998,3.704598398820622,1,0,0,1,1,1,1,0.006000000983476639
5001,12,2,0,12,64e4468b87c4ce699fa0937f7848315c47e7b8c6e2d511f33a4d026e8db9ca51,3a7b5b63d4f5a16949cb0ae7bfac60846858d7f7dbcde2ae1a6b83830bf77e5e,0.026873420923948288,0.01799999736249447,0.0004594096390064806,0.0004594096390064806,1.2895235226850765e-10,0.026873420923948288,0.01799999736249447,1,3,0.9076921939849854,0.20944694064039504,13,1.661538353333106,0.0019714367092368698,0.0012703106997633824,0.00887342356145382,0.0004594095100541283,0.00887342356145382,0.0004594095100541283,0.00196499889716506,0.009699437767267227,0.00196499889716506,0,0.026873420923948288,0.01799999736249447,0.0,0.00887342356145382,0,2.212878309412747e-09,3.469446951953614e-18,10,11,10,11,1,1,1,1,1,1,0.00899999774992466,0.008999999612569809,0.00899999774992466,0,0.012904401868581772,0.008467690087854862,0.00443671178072691,0.00443671178072691,0.4929680988824747,1.433822788310119,1,0,0.00045941185188479,1.289523557379546e-10,1.6615384505345263,0.007371767217617268,1.289523557379546e-10,57166595.952675045,1,0,0,2,2,0,0,0.012000001035630703
5001,12,2,1,12,64e4468b87c4ce699fa0937f7848315c47e7b8c6e2d511f33a4d026e8db9ca51,3a7b5b63d4f5a16949cb0ae7bfac60846858d7f7dbcde2ae1a6b83830bf77e5e,0.01035228930413723,0.0,-0.0005113991792313755,-0.0005113991792313755,0.0,0.01035228930413723,0.0,0,1,0.9076921939849854,0.20944694064039504,13,1.661538353333106,0.0022867281505210405,0.0016078939055197336,0.01035228930413723,-0.0005113991792313755,0.01035228930413723,0.0005113991792313755,0.0018042917363345623,0.0034334673546254635,0.0018042917363345623,0,0.01035228930413723,0.0,0.0,0.01035228930413723,0,7.174926243413982e-10,1.734723475976807e-18,0,0,10,11,13,13,0,1,1,1,0.0,0.0,0.0,1,0.014130329713225365,0.00895418506115675,0.005176144652068615,0.005176144652068615,inf,inf,0,0,-0.0005113998967239998,-1.734723475976807e-18,1.6615384505345263,0.00860036336494066,1.734723475976807e-18,inf,0,0,0,3,4,0,0,0.02999999839812517
5001,12,2,3,12,64e4468b87c4ce699fa0937f7848315c47e7b8c6e2d511f33a4d026e8db9ca51,3a7b5b63d4f5a16949cb0ae7bfac60846858d7f7dbcde2ae1a6b83830bf77e5e,0.015083743259310722,0.0,-0.0077470471151173115,-0.0077470471151173115,0.0,0.015083743259310722,0.0,0,1,0.9076923131942749,0.2094469155167731,13,1.661538461366525,0.0032135590016299184,0.0020338389471437806,0.015083743259310722,-0.0077470471151173115,0.015083743259310722,0.0077470471151173115,0.006410087924450636,0.006090638693422079,0.006410087924450636,0,0.015083743259310722,0.0,0.0,0.015083743259310722,0,2.0993636672822502e-09,5.204170427930421e-18,0,0,10,11,13,13,0,1,1,1,0.0,0.0,0.0,1,0.017016885802149773,0.009475014172494411,0.007541871629655361,0.007541871629655361,inf,inf,0,0,-0.007747045015753644,-5.204170427930421e-18,1.6615384522538923,0.012531109714635108,5.204170427930421e-18,inf,0,0,0,4,3,0,0,0.02999999839812517
5001,12,2,4,12,64e4468b87c4ce699fa0937f7848315c47e7b8c6e2d511f33a4d026e8db9ca51,3a7b5b63d4f5a16949cb0ae7bfac60846858d7f7dbcde2ae1a6b83830bf77e5e,0.028809575363993645,0.02999999839812517,0.0003391749633010477,0.0003391749633010477,6.44761778689773e-11,0.028809575363993645,0.02999999839812517,1,3,0.9076921939849854,0.20944694064039504,13,1.661538353333106,0.000895532914589503,0.0006998667945346886,0.001190423034131527,0.0003391748988248698,0.001190423034131527,0.0003391748988248698,0.001959959976375103,0.009564798325300217,0.001959959976375103,0,0.028809575363993645,0.02999999839812517,0.0,0.003202563151717186,0,2.35695498881916e-09,1.734723475976807e-18,10,11,10,11,1,1,1,1,1,1,0.014999998733401299,0.014999999664723873,0.014999998733401299,0,0.01055111177265644,0.008949830196797848,0.001601281575858593,0.001601281575858593,0.1067521140713788,0.7034075109060988,1,0,0.0003391773202560365,6.447617960370078e-11,1.6615384505345263,0.002660590908421571,6.447617960370078e-11,41264710.855617434,1,0,0,1,1,1,1,0.012000001035630703
5001,12,2,5,12,64e4468b87c4ce699fa0937f7848315c47e7b8c6e2d511f33a4d026e8db9ca51,3a7b5b63d4f5a16949cb0ae7bfac60846858d7f7dbcde2ae1a6b83830bf77e5e,0.01035228930413723,0.0,-0.0005113991792313755,-0.0005113991792313755,0.0,0.01035228930413723,0.0,0,1,0.9076921939849854,0.20944694064039504,13,1.661538353333106,0.002286728234438412,0.0016078932442255976,0.01035228930413723,-0.0005113991792313755,0.01035228930413723,0.0005113991792313755,0.0018042916199192405,0.0034334685187786818,0.0018042916199192405,0,0.01035228930413723,0.0,0.0,0.01035228930413723,0,1.6036497772070613e-09,1.734723475976807e-18,0,0,10,11,13,13,0,1,1,1,0.0,0.0,0.0,1,0.014130329713225365,0.00895418506115675,0.005176144652068615,0.005176144652068615,inf,inf,0,0,-0.0005113975755815982,-1.734723475976807e-18,1.6615384505345263,0.00860036336494066,1.734723475976807e-18,inf,0,0,0,5,5,0,0,0.02999999839812517
5001,13,0,1,13,944ff5092f8801866b6049fad3f35c245e14544cb244f5ec349252563d28fccf,3a7b5b63d4f5a16949cb0ae7bfac60846858d7f7dbcde2ae1a6b83830bf77e5e,0.027324795722961426,0.0,-0.0028598320204764605,-0.0028598320204764605,-6.938893903907228e-18,0.027324795722961426,0.0,0,1,0.007692307233810425,0.20944694064039504,13,1.661538353333106,0.007804114552127819,0.006133552133684328,0.027324795722961426,-0.0028598320204764535,0.027324795722961426,0.0028598320204764535,0.005571829155087471,0.010114021599292755,0.005571829155087471,0,0.027324795722961426,0.0,0.0,0.027324795722961426,0,3.6884403031844926e-09,6.938893903907228e-18,0,0,1,7,13,13,0,1,1,1,0.0,0.0,0.0,1,0.15494750067591667,-0.14128510281443596,0.013662397861480713,0.013662397861480713,inf,inf,0,0,-0.0028598357089167636,0.0,1.6615384505345263,0.02270059937335089,0.0,inf,0,0,0,3,4,0,0,0.044999998062849045
5001,13,0,2,13,944ff5092f8801866b6049fad3f35c245e14544cb244f5ec349252563d28fccf,3a7b5b63d4f5a16949cb0ae7bfac60846858d7f7dbcde2ae1a6b83830bf77e5e,0.031245246529579163,0.029999997466802597,-0.007728246506303549,-0.007728246506303549,-0.002076923919411805,0.031245246529579163,0.029999997466802597,1,4,0.007692307233810425,0.20944694064039504,13,1.6615383533331063,0.006832815695093452,0.004936229944581817,0.0012452490627765656,-0.005651322586891744,0.0012452490627765656,0.005651322586891744,0.0087279062718153,0.01151742972433567,0.0087279062718153,0,0.031245246529579163,0.029999997466802597,0.0,0.025729969143867493,0,4.3403619587323305e-09,3.469446951953614e-18,10,11,1,11,1,1,1,0,1,0,0.01499999687075615,0.01249999925494194,0.01249999925494194,0,0.14855976030230522,-0.13569477573037148,0.012864984571933746,0.012864984571933746,1.02919882709973,11.8847815325726,0,0,-0.0077282508466655075,-0.0020769239194118015,1.661538450534526,0.02137566653180138,0.0020769239194118015,10.291983414517711,1,0,0,2,2,0,0,0.015000000596046448
5001,13,0,3,13,944ff5092f8801866b6049fad3f35c245e14544cb244f5ec349252563d28fccf,3a7b5b63d4f5a16949cb0ae7bfac60846858d7f7dbcde2ae1a6b83830bf77e5e,0.03235452622175217,0.0,-0.011625871993601322,-0.011625871993601322,-6.938893903907228e-18,0.03235452622175217,0.0,0,1,0.9076923131942749,0.2094469155167731,13,1.661538461366525,0.009520334298238172,0.007510673276771456,0.03235452622175217,-0.011625871993601315,0.03235452622175217,0.011625871993601315,0.0069533661007881165,0.016436796635389328,0.0069533661007881165,0,0.03235452622175217,0.0,0.0,0.03235452622175217,0,2.658339798289333e-09,3.469446951953614e-18,0,0,1,11,13,13,0,1,1,1,0.0,0.0,0.0,1,0.1493169628083706,-0.1331396996974945,0.016177263110876083,0.016177263110876083,inf,inf,0,0,-0.011625869335261524,-1.0408340855860843e-17,1.6615384522538923,0.026879144710949033,1.0408340855860843e-17,inf,0,0,0,4,1,0,1,0.044999998062849045
5001,13,0,4,13,944ff5092f8801866b6049fad3f35c245e14544cb244f5ec349252563d28fccf,3a7b5b63d4f5a16949cb0ae7bfac60846858d7f7dbcde2ae1a6b83830bf77e5e,0.031008899211883545,0.044999998062849045,-0.0034357968252152205,-0.0034357968252152205,-0.008307691293267104,0.031008899211883545,0.044999998062849045,1,4,0.9076921939849854,0.20944694064039504,13,1.661538353333106,0.010168404225767988,0.008143392540294035,0.0139910988509655,0.004871894468051884,0.0139910988509655,0.004871894468051884,0.005670986138284206,0.012369964271783829,0.005670986138284206,0,0.031008899211883545,0.044999998062849045,0.0,0.03316166624426842,0,1.3348888487640931e-08,0.0,1,11,1,11,4,1,0,1,1,1,0.0,0.015000000596046448,0.0,1,0.16944058239459991,-0.1528597492724657,0.01658083312213421,0.01658083312213421,inf,inf,0,0,-0.003435810174103708,-0.008307691293267104,1.6615384505345263,0.027549691774322427,0.008307691293267104,3.316167007391071,1,0,0,1,3,1,0,0.015000000596046448
5001,13,0,5,13,944ff5092f8801866b6049fad3f35c245e14544cb244f5ec349252563d28fccf,3a7b5b63d4f5a16949cb0ae7bfac60846858d7f7dbcde2ae1a6b83830bf77e5e,0.025656938552856445,0.0,-0.003355618566274643,-0.003355618566274643,-6.938893903907228e-18,0.025656938552856445,0.0,0,1,0.9076921939849854,0.20944694064039504,13,1.661538353333106,0.007339366090944987,0.0059355214326339365,0.025656938552856445,-0.003355618566274636,0.025656938552856445,0.003355618566274636,0.005974548868834972,0.009529383853077888,0.005974548868834972,0,0.025656938552856445,0.0,0.0,0.025656938552856445,0,1.0064716435276289e-08,6.938893903907228e-18,0,0,1,9,13,13,0,1,1,1,0.0,0.0,0.0,1,0.14794815704226494,-0.13511968776583672,0.012828469276428223,0.012828469276428223,inf,inf,0,0,-0.0033556286309910782,0.0,1.6615384505345263,0.021314994964286325,0.0,inf,0,0,0,5,5,0,0,0.044999998062849045
5001,13,1,0,13,944ff5092f8801866b6049fad3f35c245e14544cb244f5ec349252563d28fccf,3a7b5b63d4f5a16949cb0ae7bfac60846858d7f7dbcde2ae1a6b83830bf77e5e,0.011897332966327667,0.0,-7.92120918049477e-05,-7.92120918049477e-05,0.0,0.011897332966327667,0.0,0,1,0.9076921939849854,0.20944694064039504,13,1.661538353333106,0.002885637869733128,0.002062065361519536,0.011897332966327667,-7.92120918049477e-05,0.011897332966327667,7.92120918049477e-05,0.004321415442973375,0.01310227531939745,0.004321415442973375,0,0.011897332966327667,0.0,0.0,0.011897332966327667,0,4.887687567178833e-09,0.0,0,0,1,7,13,13,0,1,1,1,0.0,0.0,0.0,1,0.011158078908920288,-0.0052094124257564545,0.005948666483163834,0.005948666483163834,inf,inf,0,0,-7.921697949251488e-05,0.0,1.6615384505345263,0.009883938091182706,0.0,inf,0,0,0,3,4,0,0,0.03599999472498894
5001,13,1,2,13,944ff5092f8801866b6049fad3f35c245e14544cb244f5ec349252563d28fccf,3a7b5b63d4f5a16949cb0ae7bfac60846858d7f7dbcde2ae1a6b83830bf77e5e,0.010257720947265625,0.0,0.0010007532546296716,0.0010007532546296716,0.0,0.010257720947265625,0.0,0,1,0.007692307233810425,0.20944694064039504,13,1.6615383533331063,0.0028902920392748976,0.002330822087603914,0.010257720947265625,0.0010007532546296716,0.010257720947265625,0.0010007532546296716,0.0041051749140024185,0.013296703808009624,0.0041051749140024185,0,0.010257720947265625,0.0,0.0,0.010257720947265625,0,4.056089894510784e-09,3.469446951953614e-18,0,0,1,7,13,13,0,1,1,1,0.0,0.0,0.0,1,0.011800698935985565,-0.006671838462352753,0.0051288604736328125,0.0051288604736328125,inf,inf,0,0,0.001000749198539777,3.469446951953614e-18,1.661538450534526,0.008521798884367639,3.469446951953614e-18,inf,0,0,0,4,5,0,0,0.03599999472498894
5001,13,1,3,13,944ff5092f8801866b6049fad3f35c245e14544cb244f5ec349252563d28fccf,3a7b5b63d4f5a16949cb0ae7bfac60846858d7f7dbcde2ae1a6b83830bf77e5e,0.02080182358622551,0.030000001192092896,-0.009805452078580856,-0.009805452078580856,-0.013500000461004677,0.02080182358622551,0.030000001192092896,1,3,0.9076923131942749,0.2094469155167731,13,1.661538461366525,0.0044957928908063265,0.003630937776974672,0.009198177605867386,0.0036945483824238207,0.009198177605867386,0.0036945483824238207,0.003175043733790517,0.009532889351248741,0.003175043733790517,0,0.02080182358622551,0.030000001192092896,0.0,0.017743989825248718,0,4.071683139955651e-09,1.3877787807814457e-17,10,11,1,11,1,1,1,0,1,0,0.015000000596046448,0.015000000596046448,0.015000000596046448,0,0.01621682569384575,-0.00734483078122139,0.008871994912624359,0.008871994912624359,0.5914663040055314,1.0811216699631345,0,0,-0.009805456150263996,-0.013500000461004663,1.6615384522538923,0.014741160695526284,0.013500000461004663,1.0919377920102127,1,0,0,2,2,0,0,0.005999993532896042
5001,13,1,4,13,944ff5092f8801866b6049fad3f35c245e14544cb244f5ec349252563d28fccf,3a7b5b63d4f5a16949cb0ae7bfac60846858d7f7dbcde2ae1a6b83830bf77e5e,0.01202152669429779,0.0,7.7569238783326e-05,7.7569238783326e-05,0.0,0.01202152669429779,0.0,0,1,0.9076921939849854,0.20944694064039504,13,1.661538353333106,0.003001226071802007,0.0023157226263418704,0.01202152669429779,7.7569238783326e-05,0.01202152669429779,7.7569238783326e-05,0.0043811253271996975,0.013385102152824402,0.0043811253271996975,0,0.01202152669429779,0.0,0.0,0.01202152669429779,0,4.37188903135155e-09,0.0,0,0,1,7,13,13,0,1,1,1,0.0,0.0,0.0,1,0.010982587933540344,-0.004971824586391449,0.006010763347148895,0.006010763347148895,inf,inf,0,0,7.757361067235735e-05,0.0,1.6615384505345263,0.0099871144183515,0.0,inf,0,0,0,5,3,0,0,0.03599999472498894
5001,13,1,5,13,944ff5092f8801866b6049fad3f35c245e14544cb244f5ec349252563d28fccf,3a7b5b63d4f5a16949cb0ae7bfac60846858d7f7dbcde2ae1a6b83830bf77e5e,0.02174769714474678,0.03599999472498894,-0.0035844650119543076,-0.0035844650119543076,-0.006230768921283568,0.02174769714474678,0.03599999472498894,1,4,0.9076921939849854,0.20944694064039504,13,1.661538353333106,0.008746565387379378,0.0070145455073322765,0.014252297580242157,0.0026463039093292604,0.014252297580242157,0.0026463039093292604,0.0032716915011405945,0.010690592229366302,0.0032716915011405945,0,0.02174769714474678,0.03599999472498894,0.0,0.028866838663816452,0,2.946659041769273e-09,6.938893903907228e-18,1,11,1,11,3,1,0,1,1,1,0.0,0.00599999725818634,0.0,1,0.025985106825828552,-0.011551687493920326,0.014433419331908226,0.014433419331908226,inf,inf,0,0,-0.003584462065295266,-0.006230768921283561,1.6615384505345263,0.023981681192653873,0.006230768921283561,3.8489119875293913,1,0,0,1,1,1,1,0.005999993532896042
5001,13,2,0,13,944ff5092f8801866b6049fad3f35c245e14544cb244f5ec349252563d28fccf,3a7b5b63d4f5a16949cb0ae7bfac60846858d7f7dbcde2ae1a6b83830bf77e5e,0.020465727895498276,0.01799999875947833,0.0010006418451666832,0.0010006418451666832,3.223808893448865e-11,0.020465727895498276,0.01799999875947833,1,3,0.9076921939849854,0.20944694064039504,13,1.661538353333106,0.0011122715170468638,0.0008811186117357051,0.002465729136019945,0.0010006418129285943,0.002465729136019945,0.0010006418129285943,0.0030881033744663,0.006109907291829586,0.0030881033744663,0,0.02046572882682085,0.01799999875947833,9.313225746154785e-10,0.00396371865645051,0,2.2512959291925982e-10,2.168404344971009e-19,10,11,10,11,1,1,1,1,1,1,0.008999999146908522,0.008999999612569809,0.008999999146908522,0,0.0065990653820335865,0.0046172060538083315,0.001981859328225255,0.001981859328225255,0.22020661289796,0.7332295563939414,1,0,0.0010006416200370903,3.2238088717648217e-11,1.6615384505345263,0.0032929354773967873,3.2238088717648217e-11,102144252.6024852,1,0,0,2,2,0,0,0.012000000569969416
5001,13,2,1,13,944ff5092f8801866b6049fad3f35c245e14544cb244f5ec349252563d28fccf,3a7b5b63d4f5a16949cb0ae7bfac60846858d7f7dbcde2ae1a6b83830bf77e5e,0.004754011984914541,0.0,-0.00046597517211921513,-0.00046597517211921513,0.0,0.004754011984914541,0.0,0,1,0.007692307233810425,0.20944694064039504,13,1.661538353333106,0.0016590985710603085,0.001477086773285499,0.004754011984914541,-0.00046597517211921513,0.004754011984914541,0.00046597517211921513,0.0004647209425456822,0.0066081564873456955,0.0004647209425456822,0,0.004754011984914541,0.0,0.0,0.004754011984914541,0,3.8690529296017684e-10,2.168404344971009e-19,0,0,7,11,13,13,0,1,1,1,0.0,0.0,0.0,1,0.007616859395056963,0.005239853402599692,0.0023770059924572706,0.0023770059924572706,inf,inf,0,0,-0.0004659755590245081,-2.168404344971009e-19,1.6615384505345263,0.003949486853618738,2.168404344971009e-19,inf,0,0,0,3,4,0,0,0.029999999329447746
5001,13,2,3,13,944ff5092f8801866b6049fad3f35c245e14544cb244f5ec349252563d28fccf,3a7b5b63d4f5a16949cb0ae7bfac60846858d7f7dbcde2ae1a6b83830bf77e5e,0.00831527728587389,0.0,-0.004040566738694906,-0.004040566738694906,-4.336808689942018e-19,0.00831527728587389,0.0,0,1,0.9076923131942749,0.2094469155167731,13,1.661538461366525,0.0019686985325463088,0.0015237107321884507,0.00831527728587389,-0.004040566738694906,0.00831527728587389,0.004040566738694906,0.004738498013466597,0.006381099112331867,0.004738498013466597,0,0.00831527728587389,0.0,0.0,0.00831527728587389,0,5.742079468157302e-10,4.336808689942018e-19,0,0,10,11,13,13,0,1,1,1,0.0,0.0,0.0,1,0.008808220271021128,0.004650581628084183,0.004157638642936945,0.004157638642936945,inf,inf,0,0,-0.004040566164486959,-8.673617379884035e-19,1.6615384522538923,0.006908076475816424,8.673617379884035e-19,inf,0,0,0,4,3,0,0,0.029999999329447746
5001,13,2,4,13,944ff5092f8801866b6049fad3f35c245e14544cb244f5ec349252563d28fccf,3a7b5b63d4f5a16949cb0ae7bfac60846858d7f7dbcde2ae1a6b83830bf77e5e,0.022608758881688118,0.029999999329447746,0.000976982875727117,0.000976982875727117,-6.447617743529643e-11,0.022608758881688118,0.029999999329447746,1,3,0.9076921939849854,0.20944694064039504,13,1.661538353333106,0.0017663022498110744,0.0011978509268288076,0.007391240447759628,0.0009769829402032945,0.007391240447759628,0.0009769829402032945,0.003124778624624014,0.006139217410236597,0.003124778624624014,0,0.022608759347349405,0.029999999329447746,4.656612873077393e-10,0.007391239982098341,0,7.246632829395472e-10,5.963111948670274e-19,10,11,10,11,1,1,1,1,1,1,0.01500000013038516,0.014999999199062586,0.014999999199062586,0,0.00809150142595172,0.004395881434902549,0.0036956199910491705,0.0036956199910491705,0.2463746792253246,0.5394334572002771,1,0,0.0009769821510638341,-6.447617803160763e-11,1.6615384505345263,0.006140414713692258,6.447617803160763e-11,95235401.68094476,0,0,0,1,1,1,1,0.012000000569969416
5001,13,2,5,13,944ff5092f8801866b6049fad3f35c245e14544cb244f5ec349252563d28fccf,3a7b5b63d4f5a16949cb0ae7bfac60846858d7f7dbcde2ae1a6b83830bf77e5e,0.004739872179925442,0.0,-0.0004890634445473552,-0.0004890634445473552,0.0,0.004739872179925442,0.0,0,1,0.9076921939849854,0.20944694064039504,13,1.661538353333106,0.0016460896964360478,0.0014900860525447236,0.004739872179925442,-0.0004890634445473552,0.004739872179925442,0.0004890634445473552,0.0002946788154076785,0.006326256785541773,0.0002946788154076785,0,0.004739872179925442,0.0,0.0,0.004739872179925442,0,2.2780069714248286e-10,2.168404344971009e-19,0,0,9,1,13,13,0,1,1,1,0.0,0.0,0.0,1,0.0077229761518538,0.005353040061891079,0.002369936089962721,0.002369936089962721,inf,inf,0,0,-0.0004890636723480523,-2.168404344971009e-19,1.6615384505345263,0.003937739938782513,2.168404344971009e-19,inf,0,0,0,5,5,0,0,0.029999999329447746
5001,14,0,1,14,05b3a5f574f8a47143e1c56da7cf7a3590a733a6c11f5511672a122d8474f53a,3a7b5b63d4f5a16949cb0ae7bfac60846858d7f7dbcde2ae1a6b83830bf77e5e,0.005178190767765045,0.0,-0.0008478320087306201,-0.0008478320087306201,0.0,0.005178190767765045,0.0,0,1,0.9076921939849854,0.20944694064039504,13,1.661538353333106,0.0015011467922875174,0.00125575435937509,0.005178190767765045,-0.0008478320087306201,0.005178190767765045,0.0008478320087306201,0.0018588779494166374,0.0022953336592763662,0.0018588779494166374,0,0.005178190767765045,0.0,0.0,0.005178190767765045,0,1.8740197067768083e-10,0.0,0,0,2,11,13,13,0,1,1,1,0.0,0.0,0.0,1,0.01356594916433096,0.010976853780448437,0.0025890953838825226,0.0025890953838825226,inf,inf,0,0,-0.0008478318213286495,0.0,1.6615384505345263,0.004301881532422261,0.0,inf,0,0,0,3,5,0,0,0.04499999899417162
5001,14,0,2,14,05b3a5f574f8a47143e1c56da7cf7a3590a733a6c11f5511672a122d8474f53a,3a7b5b63d4f5a16949cb0ae7bfac60846858d7f7dbcde2ae1a6b83830bf77e5e,0.015220057219266891,0.029999999329447746,-8.971558418124914e-05,-8.971558418124914e-05,-0.002076923081221487,0.015220057219266891,0.029999999329447746,1,4,0.9076921939849854,0.20944694064039504,13,1.6615383533331063,0.0033397689435526326,0.002262268227817127,0.014779942110180855,0.001987207497040238,0.014779942110180855,0.001987207497040238,0.0023477438371628523,0.006236935965716839,0.0023477438371628523,0,0.015220056870020926,0.029999999329447746,3.4924596548080444e-10,0.01477994245942682,0,1.7223781428876705e-10,0.0,10,11,10,11,1,1,1,1,1,1,0.01500000013038516,0.01249999925494194,0.01249999925494194,0,0.010965253575704992,0.0035752823459915817,0.00738997122971341,0.00738997122971341,0.5911977336152037,0.877220338342806,0,0,-8.971575641906343e-05,-0.002076923081221487,1.661538450534526,0.012278721346512747,0.002076923081221487,5.911976932381792,1,0,0,2,2,0,0,0.014999999664723873
5001,14,0,3,14,05b3a5f574f8a47143e1c56da7cf7a3590a733a6c11f5511672a122d8474f53a,3a7b5b63d4f5a16949cb0ae7bfac60846858d7f7dbcde2ae1a6b83830bf77e5e,0.0061107599176466465,0.0,-0.0027891064528375864,-0.0027891064528375864,0.0,0.0061107599176466465,0.0,0,1,0.9076923131942749,0.2094469155167731,13,1.661538461366525,0.0016914051194972574,0.0014599219140921825,0.0061107599176466465,-0.0027891064528375864,0.0061107599176466465,0.0027891064528375864,0.004938173107802868,0.0032721564639359713,0.004938173107802868,0,0.0061107599176466465,0.0,0.0,0.0061107599176466465,0,8.17955559187511e-10,0.0,0,0,2,11,13,13,0,1,1,1,0.0,0.0,0.0,1,0.012287680059671402,0.009232300100848079,0.0030553799588233232,0.0030553799588233232,inf,inf,0,0,-0.002789105634882027,0.0,1.6615384522538923,0.005076631287830866,0.0,inf,0,0,0,4,3,0,0,0.04499999899417162
5001,14,0,4,14,05b3a5f574f8a47143e1c56da7cf7a3590a733a6c11f5511672a122d8474f53a,3a7b5b63d4f5a16949cb0ae7bfac60846858d7f7dbcde2ae1a6b83830bf77e5e,0.01890672743320465,0.04499999899417162,-0.002126861596480012,-0.002126861596480012,-0.008307692066981238,0.01890672743320465,0.04499999899417162,1,4,0.9076921939849854,0.20944694064039504,13,1.661538353333106,0.012675887232405942,0.011487116260156475,0.02609327156096697,0.0061808304705012265,0.02609327156096697,0.0061808304705012265,0.0021152489352971315,0.005625701975077391,0.0021152489352971315,0,0.018906726851128042,0.04499999899417162,5.820766091346741e-10,0.03289656119886786,0,9.015285965668918e-10,1.734723475976807e-18,1,11,10,11,4,1,0,0,1,0,0.0,0.014999999664723873,0.0,1,0.016623001196421683,0.0001747205969877541,0.01644828059943393,0.01644828059943393,inf,inf,0,0,-0.0021268606949514154,-0.008307692066981237,1.6615384505345263,0.02732945066114056,0.008307692066981237,3.2896561934163326,1,0,0,1,1,1,1,0.014999999664723873
5001,14,0,5,14,05b3a5f574f8a47143e1c56da7cf7a3590a733a6c11f5511672a122d8474f53a,3a7b5b63d4f5a16949cb0ae7bfac60846858d7f7dbcde2ae1a6b83830bf77e5e,0.005178193561732769,0.0,-0.0008478322415612638,-0.0008478322415612638,0.0,0.005178193561732769,0.0,0,1,0.9076921939849854,0.20944694064039504,13,1.661538353333106,0.0015011472306449114,0.0012557547671731408,0.005178193561732769,-0.0008478322415612638,0.005178193561732769,0.0008478322415612638,0.0018588780658319592,0.0022953315638005733,0.0018588780658319592,0,0.005178193561732769,0.0,0.0,0.005178193561732769,0,6.136611479384824e-10,0.0,0,0,2,11,13,13,0,1,1,1,0.0,0.0,0.0,1,0.013565950095653534,0.01097685331478715,0.0025890967808663845,0.0025890967808663845,inf,inf,0,0,-0.0008478316279001159,0.0,1.6615384505345263,0.004301883853564663,0.0,inf,0,0,0,5,4,0,0,0.04499999899417162
5001,14,1,0,14,05b3a5f574f8a47143e1c56da7cf7a3590a733a6c11f5511672a122d8474f53a,3a7b5b63d4f5a16949cb0ae7bfac60846858d7f7dbcde2ae1a6b83830bf77e5e,0.004481270909309387,0.0,0.0021138854790478945,0.0021138854790478945,0.0,0.004481270909309387,0.0,0,1,0.9076921939849854,0.20944694064039504,13,1.661538353333106,0.0015136135590790118,0.001271156649265063,0.004481270909309387,0.0021138854790478945,0.004481270909309387,0.0021138854790478945,0.0019152216846123338,0.004148387350142002,0.0019152216846123338,0,0.004481270909309387,0.0,0.0,0.004481270909309387,0,3.814512188754504e-09,0.0,0,0,5,12,13,13,0,1,1,1,0.0,0.0,0.0,1,0.004216380417346954,-0.0019757449626922607,0.0022406354546546936,0.0022406354546546936,inf,inf,0,0,0.0021138816645357057,0.0,1.6615384505345263,0.0037229019615396836,0.0,inf,0,0,0,3,5,0,0,0.036000002175569534
5001,14,1,2,14,05b3a5f574f8a47143e1c56da7cf7a3590a733a6c11f5511672a122d8474f53a,3a7b5b63d4f5a16949cb0ae7bfac60846858d7f7dbcde2ae1a6b83830bf77e5e,0.007872454822063446,0.0,0.0011820042273029685,0.0011820042273029685,0.0,0.007872454822063446,0.0,0,1,0.9076921939849854,0.20944694064039504,13,1.6615383533331063,0.0020361940415719567,0.0016212649422989796,0.007872454822063446,0.0011820042273029685,0.007872454822063446,0.0011820042273029685,0.002089476678520441,0.0036953601520508528,0.002089476678520441,0,0.007872454822063446,0.0,0.0,0.007872454822063446,0,6.602167423874761e-10,0.0,0,0,4,11,13,13,0,1,1,1,0.0,0.0,0.0,1,0.006597891449928284,-0.0026616640388965607,0.003936227411031723,0.003936227411031723,inf,inf,0,0,0.0011820048875197109,0.0,1.661538450534526,0.006540193193477178,0.0,inf,0,0,0,4,3,0,0,0.036000002175569534
5001,14,1,3,14,05b3a5f574f8a47143e1c56da7cf7a3590a733a6c11f5511672a122d8474f53a,3a7b5b63d4f5a16949cb0ae7bfac60846858d7f7dbcde2ae1a6b83830bf77e5e,0.019666237756609917,0.030000001192092896,-0.011276796460151672,-0.011276796460151672,-0.013500000461004677,0.019666237756609917,0.030000001192092896,1,3,0.9076923131942749,0.2094469155167731,13,1.661538461366525,0.003318627355435115,0.0025140575888241536,0.010333763435482979,0.0022232040008530046,0.010333763435482979,0.0022232040008530046,0.0034005146007984877,0.006604507099837065,0.0034005146007984877,0,0.019666237756609917,0.030000001192092896,0.0,0.013565100729465485,0,3.2324350713458516e-09,1.3877787807814457e-17,10,11,10,11,1,1,1,1,1,1,0.015000000596046448,0.015000000596046448,0.015000000596046448,0,0.009060317650437355,-0.0022777672857046127,0.006782550364732742,0.006782550364732742,0.4521700063478944,0.6040211526941796,1,0,-0.011276799692586744,-0.013500000461004663,1.6615384522538923,0.011269468235352114,0.013500000461004663,0.8347753963345751,1,1,0,2,2,0,0,0.006000000983476639
5001,14,1,4,14,05b3a5f574f8a47143e1c56da7cf7a3590a733a6c11f5511672a122d8474f53a,3a7b5b63d4f5a16949cb0ae7bfac60846858d7f7dbcde2ae1a6b83830bf77e5e,0.007122296839952469,0.0,0.0024059966672211885,0.0024059966672211885,0.0,0.007122296839952469,0.0,0,1,0.9076921939849854,0.20944694064039504,13,1.661538353333106,0.0019247990721226378,0.0015508151177823898,0.007122296839952469,0.0024059966672211885,0.007122296839952469,0.0024059966672211885,0.0020882003009319305,0.0030431265477091074,0.0020882003009319305,0,0.007122296839952469,0.0,0.0,0.007122296839952469,0,1.2947118169237548e-09,0.0,0,0,5,11,13,13,0,1,1,1,0.0,0.0,0.0,1,0.00670851394534111,-0.003147365525364876,0.0035611484199762344,0.0035611484199762344,inf,inf,0,0,0.0024059953725093716,0.0,1.6615384505345263,0.005916985027850789,0.0,inf,0,0,0,5,4,0,0,0.036000002175569534
5001,14,1,5,14,05b3a5f574f8a47143e1c56da7cf7a3590a733a6c11f5511672a122d8474f53a,3a7b5b63d4f5a16949cb0ae7bfac60846858d7f7dbcde2ae1a6b83830bf77e5e,0.02099147066473961,0.036000002175569534,-0.0031463217455893755,-0.0031463217455893755,-0.006230769437092977,0.02099147066473961,0.036000002175569534,1,4,0.9076921939849854,0.20944694064039504,13,1.661538353333106,0.009316826097774311,0.0076278663245883905,0.015008531510829926,0.0030844476915036015,0.015008531510829926,0.0030844476915036015,0.00263568595983088,0.005207698792219162,0.00263568595983088,0,0.02099147066473961,0.036000002175569534,0.0,0.027859549969434738,0,4.0590719847799495e-09,2.0816681711721685e-17,1,11,1,11,3,1,0,1,1,1,0.0,0.006000000983476639,0.0,1,0.022453509271144867,-0.008523734286427498,0.013929774984717369,0.013929774984717369,inf,inf,0,0,-0.0031463258046613603,-0.006230769437092998,1.6615384505345263,0.023144856744401903,0.006230769437092998,3.7146065149860967,1,0,0,1,1,1,1,0.006000000983476639
5001,14,2,0,14,05b3a5f574f8a47143e1c56da7cf7a3590a733a6c11f5511672a122d8474f53a,3a7b5b63d4f5a16949cb0ae7bfac60846858d7f7dbcde2ae1a6b83830bf77e5e,0.020444583147764206,0.017999999225139618,0.0006045079790055752,0.0006045079790055752,0.0,0.020444583147764206,0.017999999225139618,1,3,0.9076921939849854,0.20944694064039504,13,1.661538353333106,0.0014365625104451473,0.0011277944069994978,0.002444583922624588,0.0006045079790055752,0.002444583922624588,0.0006045079790055752,0.0012689691502600908,0.005211458075791597,0.0012689691502600908,0,0.020444583147764206,0.017999999225139618,0.0,0.005767546594142914,0,1.8371495765640011e-09,3.469446951953614e-18,10,11,10,11,1,1,1,1,1,1,0.008999999612569809,0.008999999612569809,0.008999999612569809,0,0.0038936249911785126,0.0010098516941070557,0.002883773297071457,0.002883773297071457,0.32041926902350615,0.4326250176433895,1,0,0.0006045098161551517,-3.469446951953614e-18,1.6615384505345263,0.0047915002157089505,3.469446951953614e-18,inf,0,0,0,2,2,0,0,0.012000001035630703
5001,14,2,1,14,05b3a5f574f8a47143e1c56da7cf7a3590a733a6c11f5511672a122d8474f53a,3a7b5b63d4f5a16949cb0ae7bfac60846858d7f7dbcde2ae1a6b83830bf77e5e,0.007067140191793442,0.0,-0.001086850301362574,-0.001086850301362574,0.0,0.007067140191793442,0.0,0,1,0.9076921939849854,0.20944694064039504,13,1.661538353333106,0.0017636772096322091,0.001374373994988097,0.007067140191793442,-0.001086850301362574,0.007067140191793442,0.001086850301362574,0.0019002169137820601,0.003994224593043327,0.0019002169137820601,0,0.007067140191793442,0.0,0.0,0.007067140191793442,0,2.5972962322540205e-10,1.734723475976807e-18,0,0,1,11,13,13,0,1,1,1,0.0,0.0,0.0,1,0.007179459556937218,0.003645889461040497,0.003533570095896721,0.003533570095896721,inf,inf,0,0,-0.0010868500416329509,-1.734723475976807e-18,1.6615384505345263,0.005871162581991375,1.734723475976807e-18,inf,0,0,0,3,5,0,0,0.03000000026077032
5001,14,2,3,14,05b3a5f574f8a47143e1c56da7cf7a3590a733a6c11f5511672a122d8474f53a,3a7b5b63d4f5a16949cb0ae7bfac60846858d7f7dbcde2ae1a6b83830bf77e5e,0.009401276707649231,0.0,-0.0053303539752960205,-0.0053303539752960205,-3.469446951953614e-18,0.009401276707649231,0.0,0,1,0.9076923131942749,0.2094469155167731,13,1.661538461366525,0.0022296751831231585,0.0015335798087204701,0.009401276707649231,-0.005330353975296017,0.009401276707649231,0.005330353975296017,0.0037097581662237644,0.0038401084020733833,0.0037097581662237644,0,0.009401276707649231,0.0,0.0,0.009401276707649231,0,1.587380261958149e-10,3.469446951953614e-18,0,0,1,11,13,13,0,1,1,1,0.0,0.0,0.0,1,0.006263669580221176,0.0015630312263965607,0.0047006383538246155,0.0047006383538246155,inf,inf,0,0,-0.005330353816557994,-6.938893903907228e-18,1.6615384522538923,0.007810291375019035,6.938893903907228e-18,inf,0,0,0,4,3,0,0,0.03000000026077032
5001,14,2,4,14,05b3a5f574f8a47143e1c56da7cf7a3590a733a6c11f5511672a122d8474f53a,3a7b5b63d4f5a16949cb0ae7bfac60846858d7f7dbcde2ae1a6b83830bf77e5e,0.02257939986884594,0.03000000026077032,0.0007901855860836804,0.0007901855860836804,-6.44761778689773e-11,0.02257939986884594,0.03000000026077032,1,3,0.9076921939849854,0.20944694064039504,13,1.661538353333106,0.00200619317204384,0.0014695777563301063,0.007420600391924381,0.0007901856505598583,0.007420600391924381,0.0007901856505598583,0.001129048760049045,0.005057238042354584,0.001129048760049045,0,0.02257939986884594,0.03000000026077032,0.0,0.008002158254384995,0,9.216118632138226e-10,1.734723475976807e-18,10,11,10,11,1,1,1,1,1,1,0.015000000596046448,0.014999999664723873,0.014999999664723873,0,0.004233980551362038,-0.0002329014241695404,0.004001079127192497,0.004001079127192497,0.26673861444157243,0.2822653763999253,1,0,0.0007901865076955436,-6.447617960370078e-11,1.6615384505345263,0.006647946813461457,6.447617960370078e-11,103107021.14056213,0,0,0,1,1,1,1,0.012000001035630703
5001,14,2,5,14,05b3a5f574f8a47143e1c56da7cf7a3590a733a6c11f5511672a122d8474f53a,3a7b5b63d4f5a16949cb0ae7bfac60846858d7f7dbcde2ae1a6b83830bf77e5e,0.0070671457797288895,0.0,-0.0010868506506085396,-0.0010868506506085396,0.0,0.0070671457797288895,0.0,0,1,0.9076921939849854,0.20944694064039504,13,1.661538353333106,0.0017636777178081844,0.0013743743035920279,0.0070671457797288895,-0.0010868506506085396,0.0070671457797288895,0.0010868506506085396,0.0019002169137820601,0.003994226921349764,0.0019002169137820601,0,0.0070671457797288895,0.0,0.0,0.0070671457797288895,0,9.958326541853468e-10,1.734723475976807e-18,0,0,1,11,13,13,0,1,1,1,0.0,0.0,0.0,1,0.007179465144872665,0.0036458922550082207,0.0035335728898644447,0.0035335728898644447,inf,inf,0,0,-0.0010868496547758854,-1.734723475976807e-18,1.6615384505345263,0.0058711672242761775,1.734723475976807e-18,inf,0,0,0,5,4,0,0,0.03000000026077032
5001,15,0,1,15,000f1ed462211a43a3e37a3f696116cd7a314d2c942c3bb615aeb58cac62a45f,3a7b5b63d4f5a16949cb0ae7bfac60846858d7f7dbcde2ae1a6b83830bf77e5e,0.027354352176189423,0.0,0.003058934584259987,0.003058934584259987,0.0,0.027354352176189423,0.0,0,1,0.007692307233810425,0.20944694064039504,13,1.661538353333106,0.007300266999287699,0.005780462506254748,0.027354352176189423,0.003058934584259987,0.027354352176189423,0.003058934584259987,0.005121348891407251,0.013357583433389664,0.005121348891407251,0,0.027354352176189423,0.0,0.0,0.027354352176189423,0,6.140798473885933e-09,6.938893903907228e-18,0,0,1,7,13,13,0,1,1,1,0.0,0.0,0.0,1,0.1680256649851799,-0.1543484888970852,0.013677176088094711,0.013677176088094711,inf,inf,0,0,0.0030589407250584608,-6.938893903907228e-18,1.6615384505345263,0.02272515396510076,6.938893903907228e-18,inf,0,0,0,3,4,0,0,0.04500000178813934
5001,15,0,2,15,000f1ed462211a43a3e37a3f696116cd7a314d2c942c3bb615aeb58cac62a45f,3a7b5b63d4f5a16949cb0ae7bfac60846858d7f7dbcde2ae1a6b83830bf77e5e,0.03283116966485977,0.030000001192092896,-0.005533386021852493,-0.005533386021852493,0.0020769241773165095,0.03283116966485977,0.030000001192092896,1,4,0.007692307233810425,0.20944694064039504,13,1.6615383533331063,0.0076063805513000605,0.005583541809454471,0.0028311684727668762,-0.007610310199169003,0.0028311684727668762,0.007610310199169003,0.00904490239918232,0.015008059330284595,0.00904490239918232,0,0.03283116966485977,0.030000001192092896,0.0,0.030294395983219147,0,8.230362086303344e-10,0.0,10,11,1,11,1,1,1,0,1,0,0.01249999925494194,0.015000000596046448,0.01249999925494194,0,0.1514892429113388,-0.13634204491972923,0.015147197991609573,0.015147197991609573,1.2117759115562385,12.119140155264148,0,0,-0.005533386844888702,0.0020769241773165095,1.661538450534526,0.025167651880918657,0.0020769241773165095,12.11775189281899,0,0,0,2,1,0,1,0.015000000596046448
5001,15,0,3,15,000f1ed462211a43a3e37a3f696116cd7a314d2c942c3bb615aeb58cac62a45f,3a7b5b63d4f5a16949cb0ae7bfac60846858d7f7dbcde2ae1a6b83830bf77e5e,0.027446173131465912,0.0,-0.00855244416743517,-0.00855244416743517,0.0,0.027446173131465912,0.0,0,1,0.007692308165132999,0.2094469155167731,13,1.661538461366525,0.008057799409733552,0.006742993755453438,0.027446173131465912,-0.00855244416743517,0.027446173131465912,0.00855244416743517,0.01429668813943863,0.012495595030486584,0.01429668813943863,0,0.027446173131465912,0.0,0.0,0.027446173131465912,0,4.806401804335891e-12,1.0408340855860843e-17,0,0,1,7,13,13,0,1,1,1,0.0,0.0,0.0,1,0.15477512031793594,-0.141052033752203,0.013723086565732956,0.013723086565732956,inf,inf,0,0,-0.008552444162628767,-1.0408340855860843e-17,1.6615384522538923,0.022801436012574117,1.0408340855860843e-17,inf,0,0,0,4,3,0,0,0.04500000178813934
5001,15,0,4,15,000f1ed462211a43a3e37a3f696116cd7a314d2c942c3bb615aeb58cac62a45f,3a7b5b63d4f5a16949cb0ae7bfac60846858d7f7dbcde2ae1a6b83830bf77e5e,0.03240106254816055,0.04500000178813934,-0.004386873450130224,-0.004386873450130224,-0.008307692582790668,0.03240106254816055,0.04500000178813934,1,4,0.9076921939849854,0.20944694064039504,13,1.661538353333106,0.01266073846263561,0.01036119240628192,0.01259893923997879,0.003920819132660444,0.01259893923997879,0.003920819132660444,0.0037249040324240923,0.013995113782584667,0.0037249040324240923,0,0.03240106254816055,0.04500000178813934,0.0,0.04153592884540558,0,3.6747450984919716e-09,1.0408340855860843e-17,1,11,10,11,4,1,0,0,1,0,0.0,0.015000000596046448,0.0,1,0.1836525872349739,-0.16288462281227112,0.02076796442270279,0.02076796442270279,inf,inf,0,0,-0.004386877124875323,-0.008307692582790658,1.6615384505345263,0.03450677142765376,0.008307692582790658,4.153592719491614,1,0,0,1,2,1,0,0.015000000596046448
5001,15,0,5,15,000f1ed462211a43a3e37a3f696116cd7a314d2c942c3bb615aeb58cac62a45f,3a7b5b63d4f5a16949cb0ae7bfac60846858d7f7dbcde2ae1a6b83830bf77e5e,0.02569466084241867,0.0,0.0030390520114451647,0.0030390520114451647,0.0,0.02569466084241867,0.0,0,1,0.9076921939849854,0.20944694064039504,13,1.661538353333106,0.0069213442026916355,0.0055800942626930555,0.02569466084241867,0.0030390520114451647,0.02569466084241867,0.0030390520114451647,0.005024781450629234,0.011728920042514801,0.005024781450629234,0,0.02569466084241867,0.0,0.0,0.02569466084241867,0,3.744565532648458e-09,6.938893903907228e-18,0,0,1,7,13,13,0,1,1,1,0.0,0.0,0.0,1,0.16431236267089844,-0.1514650322496891,0.012847330421209335,0.012847330421209335,inf,inf,0,0,0.0030390557560106973,-6.938893903907228e-18,1.6615384505345263,0.02134633348156124,6.938893903907228e-18,inf,0,0,0,5,5,0,0,0.04500000178813934
5001,15,1,0,15,000f1ed462211a43a3e37a3f696116cd7a314d2c942c3bb615aeb58cac62a45f,3a7b5b63d4f5a16949cb0ae7bfac60846858d7f7dbcde2ae1a6b83830bf77e5e,0.0045956517569720745,0.0,-0.000534111459273845,-0.000534111459273845,0.0,0.0045956517569720745,0.0,0,1,0.9076921939849854,0.20944694064039504,13,1.661538353333106,0.0013356852941338656,0.0011542081700626915,0.0045956517569720745,-0.000534111459273845,0.0045956517569720745,0.000534111459273845,0.001411815290339291,0.00467849662527442,0.001411815290339291,0,0.0045956517569720745,0.0,0.0,0.0045956517569720745,0,4.934665905065305e-10,0.0,0,0,8,7,13,13,0,1,1,1,0.0,0.0,0.0,1,0.008632258512079716,-0.0063344326335936785,0.0022978258784860373,0.0022978258784860373,inf,inf,0,0,-0.0005341119527404355,0.0,1.6615384505345263,0.0038179260497378273,0.0,inf,0,0,0,3,5,0,0,0.03599999938160181
5001,15,1,2,15,000f1ed462211a43a3e37a3f696116cd7a314d2c942c3bb615aeb58cac62a45f,3a7b5b63d4f5a16949cb0ae7bfac60846858d7f7dbcde2ae1a6b83830bf77e5e,0.006929574999958277,0.0,0.0013661598786711693,0.0013661598786711693,0.0,0.006929574999958277,0.0,0,1,0.007692307233810425,0.20944694064039504,13,1.6615383533331063,0.0018202767806739042,0.001391714504925457,0.006929574999958277,0.0013661598786711693,0.006929574999958277,0.0013661598786711693,0.0007933796150609851,0.004394600633531809,0.0007933796150609851,0,0.006929574999958277,0.0,0.0,0.006929574999958277,0,2.597884117029603e-10,0.0,0,0,8,11,13,13,0,1,1,1,0.0,0.0,0.0,1,0.013647578656673431,-0.010182791156694293,0.0034647874999791384,0.0034647874999791384,inf,inf,0,0,0.0013661596188827576,0.0,1.661538450534526,0.005756877654146732,0.0,inf,0,0,0,4,3,0,0,0.03599999938160181
5001,15,1,3,15,000f1ed462211a43a3e37a3f696116cd7a314d2c942c3bb615aeb58cac62a45f,3a7b5b63d4f5a16949cb0ae7bfac60846858d7f7dbcde2ae1a6b83830bf77e5e,0.01863192766904831,0.029999999329447746,-0.009966074489057064,-0.009966074489057064,-0.01349999962281436,0.01863192766904831,0.029999999329447746,1,3,0.007692308165132999,0.2094469155167731,13,1.661538461366525,0.002673090980073868,0.001803809269910028,0.011368071660399437,0.0035339251337572954,0.011368071660399437,0.0035339251337572954,0.0035274040419608355,0.006369243375957012,0.0035274040419608355,0,0.01863192766904831,0.029999999329447746,0.0,0.011368071660399437,0,4.278815513708567e-10,1.734723475976807e-18,10,11,10,11,1,1,1,1,1,1,0.014999999664723873,0.014999999664723873,0.014999999664723873,0,0.013664414174854755,-0.007980378344655037,0.0056840358301997185,0.0056840358301997185,0.3789357304831882,0.9109609653518813,1,0,-0.009966074916938615,-0.013499999622814358,1.6615384522538923,0.009444244095865709,0.013499999622814358,0.6995736562766554,1,1,0,2,1,0,1,0.006000000052154064
5001,15,1,4,15,000f1ed462211a43a3e37a3f696116cd7a314d2c942c3bb615aeb58cac62a45f,3a7b5b63d4f5a16949cb0ae7bfac60846858d7f7dbcde2ae1a6b83830bf77e5e,0.006090409588068724,0.0,-0.0005558783304877579,-0.0005558783304877579,0.0,0.006090409588068724,0.0,0,1,0.9076921939849854,0.20944694064039504,13,1.661538353333106,0.0016819416472312956,0.0013335689119774207,0.006090409588068724,-0.0005558783304877579,0.006090409588068724,0.0005558783304877579,0.0015840312698855996,0.00498477928340435,0.0015840312698855996,0,0.006090409588068724,0.0,0.0,0.006090409588068724,0,3.8068797593437953e-10,0.0,0,0,8,11,13,13,0,1,1,1,0.0,0.0,0.0,1,0.010040706023573875,-0.006995501229539514,0.003045204794034362,0.003045204794034362,inf,inf,0,0,-0.000555877949799782,0.0,1.6615384505345263,0.005059724855040165,0.0,inf,0,0,0,5,4,0,0,0.03599999938160181
5001,15,1,5,15,000f1ed462211a43a3e37a3f696116cd7a314d2c942c3bb615aeb58cac62a45f,3a7b5b63d4f5a16949cb0ae7bfac60846858d7f7dbcde2ae1a6b83830bf77e5e,0.014952374622225761,0.03599999938160181,-0.0015006791800260544,-0.0015006791800260544,0.0020769230167453096,0.014952374622225761,0.03599999938160181,1,4,0.9076921939849854,0.20944694064039504,13,1.661538353333106,0.008968433080258945,0.004702633249534834,0.02104762475937605,-0.003577602196771364,0.02104762475937605,0.003577602196771364,0.00065218610689044,0.004462410230189562,0.00065218610689044,0,0.014952374855056405,0.03599999938160181,2.3283064365386963e-10,0.036415741546079516,0,4.413946378539757e-10,4.336808689942018e-19,10,1,10,11,1,1,1,1,0,0,0.006000000052154064,0.023999999277293682,0.006000000052154064,0,0.027620125329121947,0.009412254556082189,0.018207870773039758,0.018207870773039758,3.0346451024617807,4.603354181506386,0,0,-0.0015006796214206922,0.002076923016745309,1.6615384505345263,0.030253077391769367,0.002076923016745309,14.566296944013919,0,0,0,1,2,1,0,0.006000000052154064
5001,15,2,0,15,000f1ed462211a43a3e37a3f696116cd7a314d2c942c3bb615aeb58cac62a45f,3a7b5b63d4f5a16949cb0ae7bfac60846858d7f7dbcde2ae1a6b83830bf77e5e,0.01635955274105072,0.017999999225139618,0.00011388790881028399,0.00011388790881028399,3.223808893448865e-11,0.01635955274105072,0.017999999225139618,1,3,0.9076921939849854,0.20944694064039504,13,1.661538353333106,0.0013312246655724368,0.0010538155951099084,0.0016404464840888977,0.00011388787657219505,0.0016404464840888977,0.00011388787657219505,0.0025219835806638002,0.0071083540096879005,0.0025219835806638002,0,0.016359553206712008,0.017999999225139618,4.656612873077393e-10,0.0051629444933496416,0,2.4992781238672435e-10,0.0,10,11,10,11,1,1,1,1,1,1,0.008999999379739165,0.008999999845400453,0.008999999379739165,0,0.0028332415386103094,0.0002517692919354886,0.0025814722466748208,0.0025814722466748208,0.286830269398267,0.3148046370968107,1,0,0.0001138876588824716,3.223808893448865e-11,1.6615384505345263,0.004289215396837964,3.223808893448865e-11,133048066.38985711,1,0,0,2,2,0,0,0.011999999172985554
5001,15,2,1,15,000f1ed462211a43a3e37a3f696116cd7a314d2c942c3bb615aeb58cac62a45f,3a7b5b63d4f5a16949cb0ae7bfac60846858d7f7dbcde2ae1a6b83830bf77e5e,0.00420913752168417,0.0,-0.00032812636345624924,-0.00032812636345624924,0.0,0.00420913752168417,0.0,0,1,0.007692307233810425,0.20944694064039504,13,1.661538353333106,0.0012637928095569355,0.0010499984081751893,0.00420913752168417,-0.00032812636345624924,0.00420913752168417,0.00032812636345624924,0.0010083731031045318,0.0018845057347789407,0.0010083731031045318,0,0.004209137638099492,0.0,1.1641532182693481e-10,0.004209137638099492,0,3.8715464211261374e-12,2.168404344971009e-19,0,0,7,12,13,13,0,1,1,1,0.0,0.0,0.0,1,0.004882962442934513,0.0027783936238847673,0.002104568819049746,0.002104568819049746,inf,inf,0,0,-0.00032812636732779566,-2.168404344971009e-19,1.6615384505345263,0.0034968220146471924,2.168404344971009e-19,inf,0,0,0,3,5,0,0,0.02999999839812517
5001,15,2,3,15,000f1ed462211a43a3e37a3f696116cd7a314d2c942c3bb615aeb58cac62a45f,3a7b5b63d4f5a16949cb0ae7bfac60846858d7f7dbcde2ae1a6b83830bf77e5e,0.00505378283560276,0.0,-0.0022396771237254143,-0.0022396771237254143,0.0,0.00505378283560276,0.0,0,1,0.007692308165132999,0.2094469155167731,13,1.661538461366525,0.001435768794861214,0.0011630743298026562,0.00505378283560276,-0.0022396771237254143,0.00505378283560276,0.0022396771237254143,0.004370592534542084,0.002281365916132927,0.004370592534542084,0,0.005053782952018082,0.0,1.1641532182693481e-10,0.005053782952018082,0,6.147572034764792e-11,4.336808689942018e-19,0,0,9,11,13,13,0,1,1,1,0.0,0.0,0.0,1,0.003252929658629,0.0007260381826199591,0.002526891476009041,0.002526891476009041,inf,inf,0,0,-0.0022396771852011346,4.336808689942018e-19,1.6615384522538923,0.004198527352061616,4.336808689942018e-19,inf,0,0,0,4,3,0,0,0.02999999839812517
5001,15,2,4,15,000f1ed462211a43a3e37a3f696116cd7a314d2c942c3bb615aeb58cac62a45f,3a7b5b63d4f5a16949cb0ae7bfac60846858d7f7dbcde2ae1a6b83830bf77e5e,0.01938709430396557,0.02999999839812517,2.036984915321227e-05,2.036984915321227e-05,-3.223808893448865e-11,0.01938709430396557,0.02999999839812517,1,3,0.9076921939849854,0.20944694064039504,13,1.661538353333106,0.0024469388257088885,0.0014927399130080022,0.010612904094159603,2.0369881391301206e-05,0.010612904094159603,2.0369881391301206e-05,0.0024928238708525896,0.00856061838567257,0.0024928238708525896,0,0.01938709383830428,0.02999999839812517,4.656612873077393e-10,0.01061290455982089,0,2.721538155427139e-10,0.0,10,11,10,11,1,1,1,1,1,1,0.01499999943189323,0.014999998966231942,0.014999998966231942,0,0.006866636220365763,-0.0015601839404553175,0.005306452279910445,0.005306452279910445,0.35376350970799075,0.4577757795733161,1,0,2.0370121307027814e-05,-3.223808893448865e-11,1.6615384505345263,0.008816874498997805,3.223808893448865e-11,273492467.7735912,0,0,0,1,1,1,1,0.011999999172985554
5001,15,2,5,15,000f1ed462211a43a3e37a3f696116cd7a314d2c942c3bb615aeb58cac62a45f,3a7b5b63d4f5a16949cb0ae7bfac60846858d7f7dbcde2ae1a6b83830bf77e5e,0.004357614554464817,0.0,-0.00026354394503869116,-0.00026354394503869116,0.0,0.004357614554464817,0.0,0,1,0.9076921939849854,0.20944694064039504,13,1.661538353333106,0.0012883852734249023,0.0010342360778984522,0.004357614554464817,-0.00026354394503869116,0.004357614554464817,0.00026354394503869116,0.0010147528955712914,0.0019965406972914934,0.0010147528955712914,0,0.004357614787295461,0.0,2.3283064365386963e-10,0.004357614787295461,0,1.2006364657904736e-10,2.168404344971009e-19,0,0,7,12,13,13,0,1,1,1,0.0,0.0,0.0,1,0.004833325278013945,0.0026545178843662143,0.0021788073936477304,0.0021788073936477304,inf,inf,0,0,-0.0002635438249750446,-2.168404344971009e-19,1.6615384505345263,0.0036201722608546196,2.168404344971009e-19,inf,0,0,0,5,4,0,0,0.02999999839812517
5001,16,0,1,16,28bd4f70c75f76af47656ce10323a35e2e52376fd32ec7c0e4b6425f32ccf788,3a7b5b63d4f5a16949cb0ae7bfac60846858d7f7dbcde2ae1a6b83830bf77e5e,0.02879788726568222,0.0,0.005635091569274664,0.005635091569274664,0.0,0.02879788726568222,0.0,0,1,0.9076921939849854,0.20944694064039504,13,1.661538353333106,0.007160961558897449,0.005379084475647062,0.02879788726568222,0.005635091569274664,0.02879788726568222,0.005635091569274664,0.004710568115115166,0.01590658910572529,0.004710568115115166,0,0.02879788726568222,0.0,0.0,0.02879788726568222,0,3.096356178400317e-09,0.0,0,0,1,7,13,13,0,1,1,1,0.0,0.0,0.0,1,0.1581614762544632,-0.14376253262162209,0.01439894363284111,0.01439894363284111,inf,inf,0,0,0.0056350884729184855,0.0,1.6615384505345263,0.023924398493044802,0.0,inf,0,0,0,3,3,0,0,0.04500000178813934
5001,16,0,2,16,28bd4f70c75f76af47656ce10323a35e2e52376fd32ec7c0e4b6425f32ccf788,3a7b5b63d4f5a16949cb0ae7bfac60846858d7f7dbcde2ae1a6b83830bf77e5e,0.02960962802171707,0.029999997466802597,-0.00461043044924736,-0.00461043044924736,-0.002076923919411805,0.02960962802171707,0.029999997466802597,1,4,0.9076921939849854,0.20944694064039504,13,1.6615383533331063,0.0068112073609417085,0.004898413839424855,0.0003903694450855255,-0.0025335065298355552,0.0003903694450855255,0.0025335065298355552,0.007033079396933317,0.013827651739120483,0.007033079396933317,0,0.02960962802171707,0.029999997466802597,0.0,0.029415704309940338,0,1.2922014028249329e-08,3.469446951953614e-18,10,11,1,11,1,1,1,0,1,0,0.01499999687075615,0.01249999925494194,0.01249999925494194,0,0.1508021540939808,-0.13609430193901062,0.014707852154970169,0.014707852154970169,1.176628242530122,12.064173046599212,0,0,-0.0046104433712613885,-0.0020769239194118015,1.661538450534526,0.024437661880260024,0.0020769239194118015,11.766276873146577,1,0,0,2,2,0,0,0.015000004321336746
5001,16,0,3,16,28bd4f70c75f76af47656ce10323a35e2e52376fd32ec7c0e4b6425f32ccf788,3a7b5b63d4f5a16949cb0ae7bfac60846858d7f7dbcde2ae1a6b83830bf77e5e,0.030891425907611847,0.0,-0.008494270034134388,-0.008494270034134388,0.0,0.030891425907611847,0.0,0,1,0.9076923131942749,0.2094469155167731,13,1.661538461366525,0.00842738701715481,0.006948372139733219,0.030891425907611847,-0.008494270034134388,0.030891425907611847,0.008494270034134388,0.010945815593004227,0.015901584178209305,0.010945815593004227,0,0.030891425907611847,0.0,0.0,0.030891425907611847,0,6.259524079621492e-10,1.0408340855860843e-17,0,0,1,7,13,13,0,1,1,1,0.0,0.0,0.0,1,0.14655419439077377,-0.13110848143696785,0.015445712953805923,0.015445712953805923,inf,inf,0,0,-0.008494270660086796,-1.0408340855860843e-17,1.6615384522538923,0.02566364599522459,1.0408340855860843e-17,inf,0,0,0,4,1,0,1,0.04500000178813934
5001,16,0,4,16,28bd4f70c75f76af47656ce10323a35e2e52376fd32ec7c0e4b6425f32ccf788,3a7b5b63d4f5a16949cb0ae7bfac60846858d7f7dbcde2ae1a6b83830bf77e5e,0.02696160227060318,0.04500000178813934,-0.0048892199993133545,-0.0048892199993133545,-0.008307692582790654,0.02696160227060318,0.04500000178813934,1,4,0.9076921939849854,0.20944694064039504,13,1.661538353333106,0.01214909633212927,0.010001118719225101,0.018038399517536163,0.0034184725834773,0.018038399517536163,0.0034184725834773,0.0037917383015155792,0.01163768395781517,0.0037917383015155792,0,0.02696160227060318,0.04500000178813934,0.0,0.038276150822639465,0,8.973076698337579e-09,6.938893903907228e-18,1,11,1,11,4,1,0,1,1,1,0.0,0.015000000596046448,0.0,1,0.17455024272203445,-0.15541216731071472,0.019138075411319733,0.019138075411319733,inf,inf,0,0,-0.004889211026236656,-0.008307692582790661,1.6615384505345263,0.031798648165137104,0.008307692582790661,3.8276149301681945,1,0,0,1,5,1,0,0.015000004321336746
5001,16,0,5,16,28bd4f70c75f76af47656ce10323a35e2e52376fd32ec7c0e4b6425f32ccf788,3a7b5b63d4f5a16949cb0ae7bfac60846858d7f7dbcde2ae1a6b83830bf77e5e,0.028797879815101624,0.0,0.005635097622871399,0.005635097622871399,0.0,0.028797879815101624,0.0,0,1,0.9076921939849854,0.20944694064039504,13,1.661538353333106,0.007160960645570437,0.005379084122956859,0.028797879815101624,0.005635097622871399,0.028797879815101624,0.005635097622871399,0.004710569512099028,0.015906572341918945,0.004710569512099028,0,0.028797879815101624,0.0,0.0,0.028797879815101624,0,2.960239837979106e-09,0.0,0,0,1,7,13,13,0,1,1,1,0.0,0.0,0.0,1,0.1581614688038826,-0.1437625288963318,0.014398939907550812,0.014398939907550812,inf,inf,0,0,0.005635094662631561,0.0,1.6615384505345263,0.02392439230333173,0.0,inf,0,0,0,5,4,0,0,0.04500000178813934
5001,16,1,0,16,28bd4f70c75f76af47656ce10323a35e2e52376fd32ec7c0e4b6425f32ccf788,3a7b5b63d4f5a16949cb0ae7bfac60846858d7f7dbcde2ae1a6b83830bf77e5e,0.004728611558675766,0.0,0.00019553366291802377,0.00019553366291802377,6.938893903907228e-18,0.004728611558675766,0.0,0,1,0.9076921939849854,0.20944694064039504,13,1.661538353333106,0.0015305758650520248,0.0012734738239169826,0.004728611558675766,0.00019553366291801683,0.004728611558675766,0.00019553366291801683,0.0017773446161299944,0.004327807109802961,0.0017773446161299944,0,0.004728611558675766,0.0,0.0,0.004728611558675766,0,1.1121788906498509e-10,6.938893903907228e-18,0,0,5,11,13,13,0,1,1,1,0.0,0.0,0.0,1,0.004894576966762543,-0.0025302711874246597,0.002364305779337883,0.002364305779337883,inf,inf,0,0,0.0001955335517001347,0.0,1.6615384505345263,0.003928384961190892,0.0,inf,0,0,0,3,5,0,0,0.036000002175569534
5001,16,1,2,16,28bd4f70c75f76af47656ce10323a35e2e52376fd32ec7c0e4b6425f32ccf788,3a7b5b63d4f5a16949cb0ae7bfac60846858d7f7dbcde2ae1a6b83830bf77e5e,0.008091766387224197,0.0,0.0011687924852594733,0.0011687924852594733,0.0,0.008091766387224197,0.0,0,1,0.9076921939849854,0.20944694064039504,13,1.6615383533331063,0.0020400878768394937,0.0015503716098486313,0.008091766387224197,0.0011687924852594733,0.008091766387224197,0.0011687924852594733,0.0020961828995496035,0.004003852605819702,0.0020961828995496035,0,0.008091766387224197,0.0,0.0,0.008091766387224197,0,3.408858990222585e-09,0.0,0,0,4,11,13,13,0,1,1,1,0.0,0.0,0.0,1,0.007350575178861618,-0.0033046919852495193,0.004045883193612099,0.004045883193612099,inf,inf,0,0,0.001168789076400483,0.0,1.661538450534526,0.006722390492557927,0.0,inf,0,0,0,4,3,0,0,0.036000002175569534
5001,16,1,3,16,28bd4f70c75f76af47656ce10323a35e2e52376fd32ec7c0e4b6425f32ccf788,3a7b5b63d4f5a16949cb0ae7bfac60846858d7f7dbcde2ae1a6b83830bf77e5e,0.02020364999771118,0.030000001192092896,-0.01165959145873785,-0.01165959145873785,-0.013500000461004677,0.02020364999771118,0.030000001192092896,1,3,0.9076923131942749,0.2094469155167731,13,1.661538461366525,0.0032066787534864444,0.002374699438464712,0.009796351194381714,0.0018404090022668268,0.009796351194381714,0.0018404090022668268,0.0031184274703264236,0.006050873082131147,0.0031184274703264236,0,0.02020364999771118,0.030000001192092896,0.0,0.013424651697278023,0,7.812734313661363e-11,1.3877787807814457e-17,10,11,10,11,1,1,1,1,1,1,0.015000000596046448,0.015000000596046448,0.015000000596046448,0,0.009597938507795334,-0.0028856126591563225,0.006712325848639011,0.006712325848639011,0.4474883721276771,0.6398625417605026,1,0,-0.011659591536865193,-0.013500000461004663,1.6615384522538923,0.011152787501571457,0.013500000461004663,0.8261323793126354,1,1,0,2,2,0,0,0.006000000983476639
5001,16,1,4,16,28bd4f70c75f76af47656ce10323a35e2e52376fd32ec7c0e4b6425f32ccf788,3a7b5b63d4f5a16949cb0ae7bfac60846858d7f7dbcde2ae1a6b83830bf77e5e,0.007253579795360565,0.0,0.00010546669363975525,0.00010546669363975525,6.938893903907228e-18,0.007253579795360565,0.0,0,1,0.9076921939849854,0.20944694064039504,13,1.661538353333106,0.001950298976474687,0.0015450961579232525,0.007253579795360565,0.00010546669363974831,0.007253579795360565,0.00010546669363974831,0.0017602478619664907,0.003225533291697502,0.0017602478619664907,0,0.007253579795360565,0.0,0.0,0.007253579795360565,0,2.1485074518101666e-09,6.938893903907228e-18,0,0,5,11,13,13,0,1,1,1,0.0,0.0,0.0,1,0.007039077579975128,-0.0034122876822948456,0.0036267898976802826,0.0036267898976802826,inf,inf,0,0,0.00010546884214720706,0.0,1.6615384505345263,0.00602605086700597,0.0,inf,0,0,0,5,4,0,0,0.036000002175569534
5001,16,1,5,16,28bd4f70c75f76af47656ce10323a35e2e52376fd32ec7c0e4b6425f32ccf788,3a7b5b63d4f5a16949cb0ae7bfac60846858d7f7dbcde2ae1a6b83830bf77e5e,0.021113663911819458,0.036000002175569534,-0.0031850070226937532,-0.0031850070226937532,-0.006230769437092977,0.021113663911819458,0.036000002175569534,1,4,0.9076921939849854,0.20944694064039504,13,1.661538353333106,0.009434060205556396,0.007722296526093451,0.014886338263750076,0.0030457624143992237,0.014886338263750076,0.0030457624143992237,0.002886848757043481,0.005185714922845364,0.002886848757043481,0,0.021113663911819458,0.036000002175569534,0.0,0.027718205004930496,0,3.714942835991719e-09,2.0816681711721685e-17,1,11,1,11,3,1,0,1,1,1,0.0,0.006000000983476639,0.0,1,0.02231389284133911,-0.008454790338873863,0.013859102502465248,0.013859102502465248,inf,inf,0,0,-0.0031850107376365892,-0.006230769437092998,1.6615384505345263,0.023027431697745286,0.006230769437092998,3.695760520467737,1,0,0,1,1,1,1,0.006000000983476639
5001,16,2,0,16,28bd4f70c75f76af47656ce10323a35e2e52376fd32ec7c0e4b6425f32ccf788,3a7b5b63d4f5a16949cb0ae7bfac60846858d7f7dbcde2ae1a6b83830bf77e5e,0.019210873171687126,0.017999999225139618,1.8343795090913773e-05,1.8343795090913773e-05,0.0,0.019210873171687126,0.017999999225139618,1,3,0.9076921939849854,0.20944694064039504,13,1.661538353333106,0.001352133700339185,0.0009191679002265254,0.0012108739465475082,1.8343795090913773e-05,0.0012108739465475082,1.8343795090913773e-05,0.002395876683294773,0.005817808210849762,0.002395876683294773,0,0.019210873171687126,0.017999999225139618,0.0,0.005915697664022446,0,1.933070474524623e-10,3.469446951953614e-18,10,11,10,11,1,1,1,1,1,1,0.008999999612569809,0.008999999612569809,0.008999999612569809,0,0.003326091915369034,0.000368243083357811,0.002957848832011223,0.002957848832011223,0.32864988437112336,0.3695657842833307,1,0,1.8343988397961225e-05,-3.469446951953614e-18,1.6615384505345263,0.004914579565255286,3.469446951953614e-18,inf,0,0,0,2,2,0,0,0.012000001035630703
5001,16,2,1,16,28bd4f70c75f76af47656ce10323a35e2e52376fd32ec7c0e4b6425f32ccf788,3a7b5b63d4f5a16949cb0ae7bfac60846858d7f7dbcde2ae1a6b83830bf77e5e,0.005935531109571457,0.0,-0.0009799707913771272,-0.0009799707913771272,0.0,0.005935531109571457,0.0,0,1,0.9076921939849854,0.20944694064039504,13,1.661538353333106,0.0013768518910480915,0.0010353629449768175,0.005935531109571457,-0.0009799707913771272,0.005935531109571457,0.0009799707913771272,0.0008460831013508141,0.003310413798317313,0.0008460831013508141,0,0.005935531109571457,0.0,0.0,0.005935531109571457,0,7.175190545882781e-10,1.734723475976807e-18,0,0,1,11,13,13,0,1,1,1,0.0,0.0,0.0,1,0.0029944386333227158,-2.6673078536987305e-05,0.0029677655547857285,0.0029677655547857285,inf,inf,0,0,-0.0009799700738580726,-1.734723475976807e-18,1.6615384505345263,0.004931056581448418,1.734723475976807e-18,inf,0,0,0,3,4,0,0,0.03000000026077032
5001,16,2,3,16,28bd4f70c75f76af47656ce10323a35e2e52376fd32ec7c0e4b6425f32ccf788,3a7b5b63d4f5a16949cb0ae7bfac60846858d7f7dbcde2ae1a6b83830bf77e5e,0.008940411731600761,0.0,-0.004862641450017691,-0.004862641450017691,-3.469446951953614e-18,0.008940411731600761,0.0,0,1,0.9076923131942749,0.2094469155167731,13,1.661538461366525,0.002050943190907235,0.0013582627536982475,0.008940411731600761,-0.004862641450017687,0.008940411731600761,0.004862641450017687,0.003583381185308099,0.004363874439150095,0.003583381185308099,0,0.008940411731600761,0.0,0.0,0.008940411731600761,0,2.2121981503586685e-09,3.469446951953614e-18,0,0,1,11,13,13,0,1,1,1,0.0,0.0,0.0,1,0.005047868937253952,-0.0005776630714535713,0.004470205865800381,0.004470205865800381,inf,inf,0,0,-0.00486263923781954,-6.938893903907228e-18,1.6615384522538923,0.007427418935518235,6.938893903907228e-18,inf,0,0,0,4,3,0,0,0.03000000026077032
5001,16,2,4,16,28bd4f70c75f76af47656ce10323a35e2e52376fd32ec7c0e4b6425f32ccf788,3a7b5b63d4f5a16949cb0ae7bfac60846858d7f7dbcde2ae1a6b83830bf77e5e,0.020466424524784088,0.03000000026077032,-6.729364395141602e-05,-6.729364395141602e-05,-6.44761778689773e-11,0.020466424524784088,0.03000000026077032,1,3,0.9076921939849854,0.20944694064039504,13,1.661538353333106,0.0022292552544928156,0.001351804268607021,0.009533575735986233,-6.729357947523815e-05,0.009533575735986233,6.729357947523815e-05,0.0021371631883084774,0.006048270035535097,0.0021371631883084774,0,0.020466425456106663,0.03000000026077032,9.313225746154785e-10,0.009640460833907127,0,3.145450341163203e-09,1.734723475976807e-18,10,11,10,11,1,1,1,1,1,1,0.015000000596046448,0.014999999664723873,0.014999999664723873,0,0.006495574489235878,-0.0016753440722823143,0.004820230416953564,0.004820230416953564,0.3213487016462741,0.4330383089615523,1,0,-6.729049850107485e-05,-6.447617960370078e-11,1.6615384505345263,0.008008998178204418,6.447617960370078e-11,124216388.55514202,1,0,0,1,1,1,1,0.012000001035630703
5001,16,2,5,16,28bd4f70c75f76af47656ce10323a35e2e52376fd32ec7c0e4b6425f32ccf788,3a7b5b63d4f5a16949cb0ae7bfac60846858d7f7dbcde2ae1a6b83830bf77e5e,0.005935531109571457,0.0,-0.0009799714898690581,-0.0009799714898690581,0.0,0.005935531109571457,0.0,0,1,0.9076921939849854,0.20944694064039504,13,1.661538353333106,0.0013768519703554122,0.001035363451968989,0.005935531109571457,-0.0009799714898690581,0.005935531109571457,0.0009799714898690581,0.0008460824028588831,0.003310413798317313,0.0008460824028588831,0,0.005935531109571457,0.0,0.0,0.005935531109571457,0,1.1581062740739778e-09,1.734723475976807e-18,0,0,1,11,13,13,0,1,1,1,0.0,0.0,0.0,1,0.0029944386333227158,-2.6673078536987305e-05,0.0029677655547857285,0.0029677655547857285,inf,inf,0,0,-0.000979970331762784,-1.734723475976807e-18,1.6615384505345263,0.004931056581448418,1.734723475976807e-18,inf,0,0,0,5,5,0,0,0.03000000026077032
5001,17,0,1,17,d61eeff10c3f594431e89366b8bead0bc5acaf4ada9f56a4f6a10762f6644c65,3a7b5b63d4f5a16949cb0ae7bfac60846858d7f7dbcde2ae1a6b83830bf77e5e,0.005494385026395321,0.0,-0.00115115474909544,-0.00115115474909544,0.0,0.005494385026395321,0.0,0,1,0.9076921939849854,0.20944694064039504,13,1.661538353333106,0.0015973511131435517,0.0013444996797121488,0.005494385026395321,-0.00115115474909544,0.005494385026395321,0.00115115474909544,0.001017254777252674,0.0028878762386739254,0.001017254777252674,0,0.005494385026395321,0.0,0.0,0.005494385026395321,0,1.0075605454129555e-10,2.168404344971009e-19,0,0,2,11,13,13,0,1,1,1,0.0,0.0,0.0,1,0.011973199900239706,0.009226007387042046,0.0027471925131976604,0.0027471925131976604,inf,inf,0,0,-0.0011511546483393854,-2.168404344971009e-19,1.6615384505345263,0.004564565991698492,2.168404344971009e-19,inf,0,0,0,3,5,0,0,0.044999998062849045
5001,17,0,2,17,d61eeff10c3f594431e89366b8bead0bc5acaf4ada9f56a4f6a10762f6644c65,3a7b5b63d4f5a16949cb0ae7bfac60846858d7f7dbcde2ae1a6b83830bf77e5e,0.016267383471131325,0.029999999329447746,0.00021025554451625794,0.00021025554451625794,0.002076923016745309,0.016267383471131325,0.029999999329447746,1,4,0.9076921939849854,0.20944694064039504,13,1.6615383533331063,0.0031600703368335824,0.0021357687228750546,0.013732615858316422,-0.0018666674722290512,0.013732615858316422,0.0018666674722290512,0.0021293165627866983,0.006471476051956415,0.0021293165627866983,0,0.016267382889054716,0.029999999329447746,5.820766091346741e-10,0.01373261644039303,0,7.047160468023894e-11,4.336808689942018e-19,10,11,10,11,1,1,1,1,1,1,0.012499999720603228,0.014999999664723873,0.012499999720603228,0,0.013054908835329115,0.0061886006151326,0.006866308220196515,0.006866308220196515,0.5493046698936374,1.044392730170326,0,0,0.00021025561498786262,0.0020769230167453087,1.661538450534526,0.011408635121077797,0.0020769230167453087,5.493046698936376,1,0,0,2,2,0,0,0.014999998733401299
5001,17,0,3,17,d61eeff10c3f594431e89366b8bead0bc5acaf4ada9f56a4f6a10762f6644c65,3a7b5b63d4f5a16949cb0ae7bfac60846858d7f7dbcde2ae1a6b83830bf77e5e,0.00601236755028367,0.0,-0.0025822045281529427,-0.0025822045281529427,-4.336808689942018e-19,0.00601236755028367,0.0,0,1,0.9076923131942749,0.2094469155167731,13,1.661538461366525,0.001746362106302154,0.0015393731200836114,0.00601236755028367,-0.0025822045281529422,0.00601236755028367,0.0025822045281529422,0.00457564415410161,0.002422984456643462,0.00457564415410161,0,0.00601236755028367,0.0,0.0,0.00601236755028367,0,4.691421435359944e-10,4.336808689942018e-19,0,0,2,11,13,13,0,1,1,1,0.0,0.0,0.0,1,0.010176361072808504,0.007170177297666669,0.003006183775141835,0.003006183775141835,inf,inf,0,0,-0.002582204997295086,-8.673617379884035e-19,1.6615384522538923,0.004994889936939928,8.673617379884035e-19,inf,0,0,0,4,3,0,0,0.044999998062849045
5001,17,0,4,17,d61eeff10c3f594431e89366b8bead0bc5acaf4ada9f56a4f6a10762f6644c65,3a7b5b63d4f5a16949cb0ae7bfac60846858d7f7dbcde2ae1a6b83830bf77e5e,0.019385308027267456,0.044999998062849045,-0.002185607561841607,-0.002185607561841607,-0.008307692002505059,0.019385308027267456,0.044999998062849045,1,4,0.9076921939849854,0.20944694064039504,13,1.661538353333106,0.012686928648992584,0.011505956915840944,0.02561469003558159,0.006122084440663452,0.02561469003558159,0.006122084440663452,0.0020056667272001505,0.004921696148812771,0.0020056667272001505,0,0.01938530767802149,0.044999998062849045,3.4924596548080444e-10,0.03336413518991321,0,5.835432918127603e-11,1.734723475976807e-18,1,11,10,11,4,1,0,0,1,0,0.0,0.014999999199062586,0.0,1,0.019260321743786335,-0.0025782541488297284,0.016682067594956607,0.016682067594956607,inf,inf,0,0,-0.002185607503487278,-0.00830769200250506,1.6615384505345263,0.027717896743436433,0.00830769200250506,3.336413619459955,1,0,0,1,1,1,1,0.014999998733401299
5001,17,0,5,17,d61eeff10c3f594431e89366b8bead0bc5acaf4ada9f56a4f6a10762f6644c65,3a7b5b63d4f5a16949cb0ae7bfac60846858d7f7dbcde2ae1a6b83830bf77e5e,0.005601170472800732,0.0,-0.0010139750083908439,-0.0010139750083908439,0.0,0.005601170472800732,0.0,0,1,0.007692307233810425,0.20944694064039504,13,1.661538353333106,0.0016595928139420597,0.001378552304834304,0.005601170472800732,-0.0010139750083908439,0.005601170472800732,0.0010139750083908439,0.0014347456162795424,0.0026459218934178352,0.0014347456162795424,0,0.005601170472800732,0.0,0.0,0.005601170472800732,0,3.917813538867332e-10,2.168404344971009e-19,0,0,2,11,13,13,0,1,1,1,0.0,0.0,0.0,1,0.01211131876334548,0.009310733526945114,0.002800585236400366,0.002800585236400366,inf,inf,0,0,-0.00101397461660949,-2.168404344971009e-19,1.6615384505345263,0.004653280054278534,2.168404344971009e-19,inf,0,0,0,5,4,0,0,0.044999998062849045
5001,17,1,0,17,d61eeff10c3f594431e89366b8bead0bc5acaf4ada9f56a4f6a10762f6644c65,3a7b5b63d4f5a16949cb0ae7bfac60846858d7f7dbcde2ae1a6b83830bf77e5e,0.004408068954944611,0.0,0.0020208072382956743,0.0020208072382956743,0.0,0.004408068954944611,0.0,0,1,0.9076921939849854,0.20944694064039504,13,1.661538353333106,0.0014747165710304552,0.0013026996741633443,0.004408068954944611,0.0020208072382956743,0.004408068954944611,0.0020208072382956743,0.002058642916381359,0.005136886611580849,0.002058642916381359,0,0.004408068954944611,0.0,0.0,0.004408068954944611,0,2.031944359298654e-09,0.0,0,0,5,11,13,13,0,1,1,1,0.0,0.0,0.0,1,0.0026627108454704285,-0.00045867636799812317,0.0022040344774723053,0.0022040344774723053,inf,inf,0,0,0.0020208092702400336,0.0,1.6615384505345263,0.0036620880306240085,0.0,inf,0,0,0,3,5,0,0,0.036000002175569534
5001,17,1,2,17,d61eeff10c3f594431e89366b8bead0bc5acaf4ada9f56a4f6a10762f6644c65,3a7b5b63d4f5a16949cb0ae7bfac60846858d7f7dbcde2ae1a6b83830bf77e5e,0.0072136446833610535,0.0,0.001545339822769165,0.001545339822769165,0.0,0.0072136446833610535,0.0,0,1,0.9076921939849854,0.20944694064039504,13,1.6615383533331063,0.0019390119518250272,0.0015229471248282482,0.0072136446833610535,0.001545339822769165,0.0072136446833610535,0.001545339822769165,0.001968062249943614,0.003997315652668476,0.001968062249943614,0,0.0072136446833610535,0.0,0.0,0.0072136446833610535,0,2.1307842261453214e-09,0.0,0,0,1,11,13,13,0,1,1,1,0.0,0.0,0.0,1,0.005415074527263641,-0.0018082521855831146,0.0036068223416805267,0.0036068223416805267,inf,inf,0,0,0.001545337691984939,0.0,1.661538450534526,0.0059928740049491735,0.0,inf,0,0,0,4,3,0,0,0.036000002175569534
5001,17,1,3,17,d61eeff10c3f594431e89366b8bead0bc5acaf4ada9f56a4f6a10762f6644c65,3a7b5b63d4f5a16949cb0ae7bfac60846858d7f7dbcde2ae1a6b83830bf77e5e,0.01964387483894825,0.030000001192092896,-0.011193876154720783,-0.011193876154720783,-0.013500000461004677,0.01964387483894825,0.030000001192092896,1,3,0.9076923131942749,0.2094469155167731,13,1.661538461366525,0.003305337583226057,0.0025140649071459234,0.010356126353144646,0.0023061243062838938,0.010356126353144646,0.0023061243062838938,0.0034550344571471214,0.00671732984483242,0.0034550344571471214,0,0.01964387483894825,0.030000001192092896,0.0,0.0136166512966156,0,2.6597768484210027e-09,1.3877787807814457e-17,10,11,10,11,1,1,1,1,1,1,0.015000000596046448,0.015000000596046448,0.015000000596046448,0,0.007506450638175011,-0.0006981249898672104,0.0068083256483078,0.0068083256483078,0.45388835851795045,0.5004300226596983,1,0,-0.011193878814497632,-0.013500000461004663,1.6615384522538923,0.01131229486012982,0.013500000461004663,0.8379477388023707,1,1,0,2,2,0,0,0.006000000983476639
5001,17,1,4,17,d61eeff10c3f594431e89366b8bead0bc5acaf4ada9f56a4f6a10762f6644c65,3a7b5b63d4f5a16949cb0ae7bfac60846858d7f7dbcde2ae1a6b83830bf77e5e,0.0068274736404418945,0.0,0.002123890444636345,0.002123890444636345,0.0,0.0068274736404418945,0.0,0,1,0.9076921939849854,0.20944694064039504,13,1.661538353333106,0.0018534241422761115,0.001515777109290016,0.0068274736404418945,0.002123890444636345,0.0068274736404418945,0.002123890444636345,0.0021527251228690147,0.003809751244261861,0.0021527251228690147,0,0.0068274736404418945,0.0,0.0,0.0068274736404418945,0,3.85450470152815e-09,0.0,0,0,5,11,13,13,0,1,1,1,0.0,0.0,0.0,1,0.004811406135559082,-0.0013976693153381348,0.0034137368202209473,0.0034137368202209473,inf,inf,0,0,0.0021238942991410464,0.0,1.6615384505345263,0.005672054986802574,0.0,inf,0,0,0,5,4,0,0,0.036000002175569534
5001,17,1,5,17,d61eeff10c3f594431e89366b8bead0bc5acaf4ada9f56a4f6a10762f6644c65,3a7b5b63d4f5a16949cb0ae7bfac60846858d7f7dbcde2ae1a6b83830bf77e5e,0.02238616719841957,0.036000002175569534,-0.0034440376330167055,-0.0034440376330167055,-0.006230769437092977,0.02238616719841957,0.036000002175569534,1,4,0.007692307233810425,0.20944694064039504,13,1.661538353333106,0.00927441892742551,0.00757232744841886,0.013613834977149963,0.0027867318040762715,0.013613834977149963,0.0027867318040762715,0.002488205209374428,0.006078092381358147,0.002488205209374428,0,0.02238616719841957,0.036000002175569534,0.0,0.027841787785291672,0,2.3618614147791206e-09,2.0816681711721685e-17,1,11,1,11,3,1,0,1,1,1,0.0,0.006000000983476639,0.0,1,0.02357415109872818,-0.009653257206082344,0.013920893892645836,0.013920893892645836,inf,inf,0,0,-0.0034440352711552907,-0.006230769437092998,1.6615384505345263,0.023130100468442313,0.006230769437092998,3.7122382238611284,1,0,0,1,1,1,1,0.006000000983476639
5001,17,2,0,17,d61eeff10c3f594431e89366b8bead0bc5acaf4ada9f56a4f6a10762f6644c65,3a7b5b63d4f5a16949cb0ae7bfac60846858d7f7dbcde2ae1a6b83830bf77e5e,0.01790534518659115,0.01799999736249447,0.00013689433399122208,0.00013689433399122208,1.2895235226850765e-10,0.01790534518659115,0.01799999736249447,1,3,0.9076921939849854,0.20944694064039504,13,1.661538353333106,0.0012741046668546118,0.00087074840650756,9.465217590332031e-05,0.00013689420503886982,9.465217590332031e-05,0.00013689420503886982,0.0013439167523756623,0.005461332853883505,0.0013439167523756623,0,0.01790534518659115,0.01799999736249447,0.0,0.005384884774684906,0,3.1858611755641864e-10,3.469446951953614e-18,10,11,10,11,1,1,1,1,1,1,0.00899999774992466,0.008999999612569809,0.00899999774992466,0,0.006301624700427055,-0.0036091823130846024,0.002692442387342453,0.002692442387342453,0.2991603400528619,0.7001806973207084,1,0,0.00013689401540510453,1.289523557379546e-10,1.6615384505345263,0.004473596552418461,1.289523557379546e-10,34691855.9712806,1,0,0,2,2,0,0,0.012000001035630703
5001,17,2,1,17,d61eeff10c3f594431e89366b8bead0bc5acaf4ada9f56a4f6a10762f6644c65,3a7b5b63d4f5a16949cb0ae7bfac60846858d7f7dbcde2ae1a6b83830bf77e5e,0.005574183538556099,0.0,-0.0004262778384145349,-0.0004262778384145349,0.0,0.005574183538556099,0.0,0,1,0.9076921939849854,0.20944694064039504,13,1.661538353333106,0.0013642084154698345,0.001026779545482094,0.005574183538556099,-0.0004262778384145349,0.005574183538556099,0.0004262778384145349,0.0013957503251731396,0.0032558334060013294,0.0013957503251731396,0,0.005574183538556099,0.0,0.0,0.005574183538556099,0,2.155785574359248e-09,1.734723475976807e-18,0,0,1,11,13,13,0,1,1,1,0.0,0.0,0.0,1,0.005073873326182365,-0.002286781556904316,0.0027870917692780495,0.0027870917692780495,inf,inf,0,0,-0.0004262799942001093,-1.734723475976807e-18,1.6615384505345263,0.0046308601398237816,1.734723475976807e-18,inf,0,0,0,3,5,0,0,0.02999999839812517
5001,17,2,3,17,d61eeff10c3f594431e89366b8bead0bc5acaf4ada9f56a4f6a10762f6644c65,3a7b5b63d4f5a16949cb0ae7bfac60846858d7f7dbcde2ae1a6b83830bf77e5e,0.008043722249567509,0.0,-0.0042057097889482975,-0.0042057097889482975,0.0,0.008043722249567509,0.0,0,1,0.9076923131942749,0.2094469155167731,13,1.661538461366525,0.001757110543094077,0.0011474952630742769,0.008043722249567509,-0.0042057097889482975,0.008043722249567509,0.0042057097889482975,0.004354203585535288,0.003350063692778349,0.004354203585535288,0,0.008043722249567509,0.0,0.0,0.008043722249567509,0,1.434813125950063e-09,5.204170427930421e-18,0,0,1,11,13,13,0,1,1,1,0.0,0.0,0.0,1,0.007433325983583927,-0.003411464858800173,0.004021861124783754,0.004021861124783754,inf,inf,0,0,-0.0042057083541351716,-5.204170427930421e-18,1.6615384522538923,0.0066824769084532975,5.204170427930421e-18,inf,0,0,0,4,3,0,0,0.02999999839812517
5001,17,2,4,17,d61eeff10c3f594431e89366b8bead0bc5acaf4ada9f56a4f6a10762f6644c65,3a7b5b63d4f5a16949cb0ae7bfac60846858d7f7dbcde2ae1a6b83830bf77e5e,0.019977325573563576,0.02999999839812517,0.0003556328301783651,0.0003556328301783651,6.44761778689773e-11,0.019977325573563576,0.02999999839812517,1,3,0.9076921939849854,0.20944694064039504,13,1.661538353333106,0.0022883452235891778,0.00126146355963494,0.010022672824561596,0.00035563276570218724,0.010022672824561596,0.00035563276570218724,0.0013625004794448614,0.006479564122855663,0.0013625004794448614,0,0.019977326039224863,0.02999999839812517,4.656612873077393e-10,0.010022672358900309,0,2.0597721861470575e-09,1.734723475976807e-18,10,11,10,11,1,1,1,1,1,1,0.014999998733401299,0.014999999664723873,0.014999998733401299,0,0.010322855785489082,-0.005311519606038928,0.005011336179450154,0.005011336179450154,0.33408910684046556,0.6881904438100137,1,0,0.00035563077040617896,6.447617960370078e-11,1.6615384505345263,0.008326527750711223,6.447617960370078e-11,129141146.4185651,1,0,0,1,1,1,1,0.012000001035630703
5001,17,2,5,17,d61eeff10c3f594431e89366b8bead0bc5acaf4ada9f56a4f6a10762f6644c65,3a7b5b63d4f5a16949cb0ae7bfac60846858d7f7dbcde2ae1a6b83830bf77e5e,0.006724406033754349,0.0,-0.0005151235382072628,-0.0005151235382072628,0.0,0.006724406033754349,0.0,0,1,0.007692307233810425,0.20944694064039504,13,1.661538353333106,0.0014740474674104866,0.0009843666966144855,0.006724406033754349,-0.0005151235382072628,0.006724406033754349,0.0005151235382072628,0.0012135138968005776,0.002366880187764764,0.0012135138968005776,0,0.006724406033754349,0.0,0.0,0.006724406033754349,0,2.711667678595431e-10,1.734723475976807e-18,0,0,1,11,13,13,0,1,1,1,0.0,0.0,0.0,1,0.005088087171316147,-0.0017258841544389725,0.0033622030168771744,0.0033622030168771744,inf,inf,0,0,-0.0005151232670404949,-1.734723475976807e-18,1.6615384505345263,0.00558642959104461,1.734723475976807e-18,inf,0,0,0,5,4,0,0,0.02999999839812517
5001,18,0,1,18,d66f9b98c8a3da4304cbbff47ffeb20ef9578b652c94e403d71a7cf41d46c4b8,3a7b5b63d4f5a16949cb0ae7bfac60846858d7f7dbcde2ae1a6b83830bf77e5e,0.028888344764709473,0.0,0.0057136588729918,0.0057136588729918,0.0,0.028888344764709473,0.0,0,1,0.9076921939849854,0.20944694064039504,13,1.661538353333106,0.007209115500474002,0.005416754875662762,0.028888344764709473,0.0057136588729918,0.028888344764709473,0.0057136588729918,0.00479430565610528,0.015854572877287865,0.00479430565610528,0,0.028888344764709473,0.0,0.0,0.028888344764709473,0,2.7021278270478177e-10,0.0,0,0,1,7,13,13,0,1,1,1,0.0,0.0,0.0,1,0.16024909913539886,-0.14580492675304413,0.014444172382354736,0.014444172382354736,inf,inf,0,0,0.005713659143204583,0.0,1.6615384505345263,0.023999547799431285,0.0,inf,0,0,0,3,3,0,0,0.04500000178813934
5001,18,0,2,18,d66f9b98c8a3da4304cbbff47ffeb20ef9578b652c94e403d71a7cf41d46c4b8,3a7b5b63d4f5a16949cb0ae7bfac60846858d7f7dbcde2ae1a6b83830bf77e5e,0.029889337718486786,0.029999997466802597,-0.004593553487211466,-0.004593553487211466,-0.002076923919411805,0.029889337718486786,0.029999997466802597,1,4,0.9076921939849854,0.20944694064039504,13,1.6615383533331063,0.006853590933963831,0.004883944988250732,0.00011065974831581116,-0.002516629567799661,0.00011065974831581116,0.002516629567799661,0.006899264641106129,0.013688705861568451,0.006899264641106129,0,0.029889337718486786,0.029999997466802597,0.0,0.029583878815174103,0,3.315175307883056e-09,3.469446951953614e-18,10,11,1,11,1,1,1,0,1,0,0.01499999687075615,0.01249999925494194,0.01249999925494194,0,0.15380869433283806,-0.139016754925251,0.014791939407587051,0.014791939407587051,1.1833552231404318,12.304696280044096,0,0,-0.004593556802386774,-0.0020769239194118015,1.661538450534526,0.024577376083682784,0.0020769239194118015,11.833546647507077,1,0,0,2,2,0,0,0.015000004321336746
5001,18,0,3,18,d66f9b98c8a3da4304cbbff47ffeb20ef9578b652c94e403d71a7cf41d46c4b8,3a7b5b63d4f5a16949cb0ae7bfac60846858d7f7dbcde2ae1a6b83830bf77e5e,0.030929364264011383,0.0,-0.0086451331153512,-0.0086451331153512,0.0,0.030929364264011383,0.0,0,1,0.9076923131942749,0.2094469155167731,13,1.661538461366525,0.00849569091471076,0.007024399803940363,0.030929364264011383,-0.0086451331153512,0.030929364264011383,0.0086451331153512,0.011078871786594391,0.015595044940710068,0.011078871786594391,0,0.030929364264011383,0.0,0.0,0.030929364264011383,0,8.190314267075838e-09,1.0408340855860843e-17,0,0,1,7,13,13,0,1,1,1,0.0,0.0,0.0,1,0.14899931848049164,-0.13353463634848595,0.015464682132005692,0.015464682132005692,inf,inf,0,0,-0.008645141305665467,-1.0408340855860843e-17,1.6615384522538923,0.02569516401421116,1.0408340855860843e-17,inf,0,0,0,4,1,0,1,0.04500000178813934
5001,18,0,4,18,d66f9b98c8a3da4304cbbff47ffeb20ef9578b652c94e403d71a7cf41d46c4b8,3a7b5b63d4f5a16949cb0ae7bfac60846858d7f7dbcde2ae1a6b83830bf77e5e,0.027253873646259308,0.04500000178813934,-0.0048707034438848495,-0.0048707034438848495,-0.008307692582790654,0.027253873646259308,0.04500000178813934,1,4,0.9076921939849854,0.20944694064039504,13,1.661538353333106,0.012176420439657137,0.009997190455713215,0.017746128141880035,0.003436989138905805,0.017746128141880035,0.003436989138905805,0.003786563640460372,0.011570763774216175,0.003786563640460372,0,0.027253873646259308,0.04500000178813934,0.0,0.038214318454265594,0,4.817822599201271e-09,6.938893903907228e-18,1,11,1,11,4,1,0,1,1,1,0.0,0.015000000596046448,0.0,1,0.17669140547513962,-0.15758424624800682,0.019107159227132797,0.019107159227132797,inf,inf,0,0,-0.00487069862606225,-0.008307692582790661,1.6615384505345263,0.03174727973636671,0.008307692582790661,3.8214316935765074,1,0,0,1,5,1,0,0.015000004321336746
5001,18,0,5,18,d66f9b98c8a3da4304cbbff47ffeb20ef9578b652c94e403d71a7cf41d46c4b8,3a7b5b63d4f5a16949cb0ae7bfac60846858d7f7dbcde2ae1a6b83830bf77e5e,0.028888337314128876,0.0,0.005713658407330513,0.005713658407330513,0.0,0.028888337314128876,0.0,0,1,0.9076921939849854,0.20944694064039504,13,1.661538353333106,0.007209112900782962,0.0054167510842430535,0.028888337314128876,0.005713658407330513,0.028888337314128876,0.005713658407330513,0.004794306121766567,0.015854578465223312,0.004794306121766567,0,0.028888337314128876,0.0,0.0,0.028888337314128876,0,2.200646470607026e-10,0.0,0,0,1,7,13,13,0,1,1,1,0.0,0.0,0.0,1,0.16024909913539886,-0.14580493047833443,0.014444168657064438,0.014444168657064438,inf,inf,0,0,0.00571365862739516,0.0,1.6615384505345263,0.023999541609718216,0.0,inf,0,0,0,5,4,0,0,0.04500000178813934
5001,18,1,0,18,d66f9b98c8a3da4304cbbff47ffeb20ef9578b652c94e403d71a7cf41d46c4b8,3a7b5b63d4f5a16949cb0ae7bfac60846858d7f7dbcde2ae1a6b83830bf77e5e,0.004831705242395401,0.0,0.00022765186440665275,0.00022765186440665275,6.938893903907228e-18,0.004831705242395401,0.0,0,1,0.9076921939849854,0.20944694064039504,13,1.661538353333106,0.0016129970436168151,0.0013905992874732385,0.004831705242395401,0.0002276518644066458,0.004831705242395401,0.0002276518644066458,0.0018454639939591289,0.005399063229560852,0.0018454639939591289,0,0.004831705242395401,0.0,0.0,0.004831705242395401,0,6.242246650134398e-10,6.938893903907228e-18,0,0,1,12,13,13,0,1,1,1,0.0,0.0,0.0,1,0.0042197369039058685,-0.001803884282708168,0.0024158526211977005,0.0024158526211977005,inf,inf,0,0,0.00022765248863131776,0.0,1.6615384505345263,0.004014032020944601,0.0,inf,0,0,0,3,5,0,0,0.036000002175569534
5001,18,1,2,18,d66f9b98c8a3da4304cbbff47ffeb20ef9578b652c94e403d71a7cf41d46c4b8,3a7b5b63d4f5a16949cb0ae7bfac60846858d7f7dbcde2ae1a6b83830bf77e5e,0.007614955306053162,0.0,0.0013926798710599542,0.0013926798710599542,0.0,0.007614955306053162,0.0,0,1,0.9076921939849854,0.20944694064039504,13,1.6615383533331063,0.0020237438272702325,0.0016240523852540185,0.007614955306053162,0.0013926798710599542,0.007614955306053162,0.0013926798710599542,0.0019909669645130634,0.00470350356772542,0.0019909669645130634,0,0.007614955306053162,0.0,0.0,0.007614955306053162,0,1.135765460846816e-09,0.0,0,0,4,11,13,13,0,1,1,1,0.0,0.0,0.0,1,0.006245981901884079,-0.002438504248857498,0.003807477653026581,0.003807477653026581,inf,inf,0,0,0.0013926787352944933,0.0,1.661538450534526,0.006326270520054619,0.0,inf,0,0,0,4,3,0,0,0.036000002175569534
5001,18,1,3,18,d66f9b98c8a3da4304cbbff47ffeb20ef9578b652c94e403d71a7cf41d46c4b8,3a7b5b63d4f5a16949cb0ae7bfac60846858d7f7dbcde2ae1a6b83830bf77e5e,0.019444284960627556,0.030000001192092896,-0.01132130529731512,-0.01132130529731512,-0.013500000461004677,0.019444284960627556,0.030000001192092896,1,3,0.9076923131942749,0.2094469155167731,13,1.661538461366525,0.0032676828027843794,0.002367950424816481,0.01055571623146534,0.0021786951636895563,0.01055571623146534,0.0021786951636895563,0.0032103031408041716,0.005823095794767141,0.0032103031408041716,0,0.019444284960627556,0.030000001192092896,0.0,0.013875704258680344,0,3.1151351498337476e-09,1.3877787807814457e-17,10,11,10,11,1,1,1,1,1,1,0.015000000596046448,0.015000000596046448,0.015000000596046448,0,0.007920803502202034,-0.0009829513728618622,0.006937852129340172,0.006937852129340172,0.4625234569103139,0.5280535458305062,1,0,-0.01132130218217997,-0.013500000461004663,1.6615384522538923,0.01152750808895024,0.013500000461004663,0.8538894589113495,1,1,0,2,1,0,1,0.006000000983476639
5001,18,1,4,18,d66f9b98c8a3da4304cbbff47ffeb20ef9578b652c94e403d71a7cf41d46c4b8,3a7b5b63d4f5a16949cb0ae7bfac60846858d7f7dbcde2ae1a6b83830bf77e5e,0.007045909762382507,0.0,0.0002632731047924608,0.0002632731047924608,6.938893903907228e-18,0.007045909762382507,0.0,0,1,0.9076921939849854,0.20944694064039504,13,1.661538353333106,0.0019069238812119192,0.0015321939125568908,0.007045909762382507,0.00026327310479245386,0.007045909762382507,0.00026327310479245386,0.0017744987271726131,0.004413234069943428,0.0017744987271726131,0,0.007045909762382507,0.0,0.0,0.007045909762382507,0,3.459726380383721e-09,6.938893903907228e-18,0,0,1,11,13,13,0,1,1,1,0.0,0.0,0.0,1,0.005998976528644562,-0.002476021647453308,0.0035229548811912537,0.0035229548811912537,inf,inf,0,0,0.0002632696450660804,0.0,1.6615384505345263,0.005853524994597562,0.0,inf,0,0,0,5,4,0,0,0.036000002175569534
5001,18,1,5,18,d66f9b98c8a3da4304cbbff47ffeb20ef9578b652c94e403d71a7cf41d46c4b8,3a7b5b63d4f5a16949cb0ae7bfac60846858d7f7dbcde2ae1a6b83830bf77e5e,0.01917063072323799,0.036000002175569534,-0.0027045186143368483,-0.0027045186143368483,-0.006230769437092977,0.01917063072323799,0.036000002175569534,1,4,0.9076921939849854,0.20944694064039504,13,1.661538353333106,0.009657809454740231,0.007975683145269134,0.016829371452331543,0.0035262508227561287,0.016829371452331543,0.0035262508227561287,0.002872263314202428,0.0035662371665239334,0.002872263314202428,0,0.01917063072323799,0.036000002175569534,0.0,0.028172366321086884,0,1.9772681825180882e-09,2.0816681711721685e-17,1,11,1,11,3,1,0,1,1,1,0.0,0.006000000983476639,0.0,1,0.023088738322257996,-0.009002555161714554,0.014086183160543442,0.014086183160543442,inf,inf,0,0,-0.0027045205916050308,-0.006230769437092998,1.6615384505345263,0.023404734942514886,0.006230769437092998,3.7563153602156882,1,0,0,1,2,1,0,0.006000000983476639
5001,18,2,0,18,d66f9b98c8a3da4304cbbff47ffeb20ef9578b652c94e403d71a7cf41d46c4b8,3a7b5b63d4f5a16949cb0ae7bfac60846858d7f7dbcde2ae1a6b83830bf77e5e,0.019314149394631386,0.017999999225139618,7.18655064702034e-05,7.18655064702034e-05,0.0,0.019314149394631386,0.017999999225139618,1,3,0.9076921939849854,0.20944694064039504,13,1.661538353333106,0.0013508958567469342,0.0009173015959164093,0.0013141501694917679,7.18655064702034e-05,0.0013141501694917679,7.18655064702034e-05,0.002409975742921233,0.0059785195626318455,0.002409975742921233,0,0.019314149394631386,0.017999999225139618,0.0,0.005984485149383545,0,1.0597989794774998e-09,3.469446951953614e-18,10,11,10,11,1,1,1,1,1,1,0.008999999612569809,0.008999999612569809,0.008999999612569809,0,0.003140954300761223,0.00014871172606945038,0.0029922425746917725,0.0029922425746917725,0.3324714115001372,0.34899493733026643,1,0,7.186656626918288e-05,-3.469446951953614e-18,1.6615384505345263,0.004971726091176809,3.469446951953614e-18,inf,0,0,0,2,2,0,0,0.012000001035630703
5001,18,2,1,18,d66f9b98c8a3da4304cbbff47ffeb20ef9578b652c94e403d71a7cf41d46c4b8,3a7b5b63d4f5a16949cb0ae7bfac60846858d7f7dbcde2ae1a6b83830bf77e5e,0.005938129499554634,0.0,-0.0009560848702676594,-0.0009560848702676594,0.0,0.005938129499554634,0.0,0,1,0.9076921939849854,0.20944694064039504,13,1.661538353333106,0.001368362044882598,0.0010052887204836105,0.005938129499554634,-0.0009560848702676594,0.005938129499554634,0.0009560848702676594,0.0008359121275134385,0.0032983857672661543,0.0008359121275134385,0,0.005938129499554634,0.0,0.0,0.005938129499554634,0,5.19328049314316e-10,1.734723475976807e-18,0,0,1,11,13,13,0,1,1,1,0.0,0.0,0.0,1,0.0033009685575962067,-0.0003319038078188896,0.002969064749777317,0.002969064749777317,inf,inf,0,0,-0.0009560853895957087,-1.734723475976807e-18,1.6615384505345263,0.004933215243881684,1.734723475976807e-18,inf,0,0,0,3,4,0,0,0.03000000026077032
5001,18,2,3,18,d66f9b98c8a3da4304cbbff47ffeb20ef9578b652c94e403d71a7cf41d46c4b8,3a7b5b63d4f5a16949cb0ae7bfac60846858d7f7dbcde2ae1a6b83830bf77e5e,0.008827663026750088,0.0,-0.004834346938878298,-0.004834346938878298,-3.469446951953614e-18,0.008827663026750088,0.0,0,1,0.9076923131942749,0.2094469155167731,13,1.661538461366525,0.002029949496339738,0.0013430265478304856,0.008827663026750088,-0.004834346938878294,0.008827663026750088,0.004834346938878294,0.003464067354798317,0.0041359467431902885,0.003464067354798317,0,0.008827663026750088,0.0,0.0,0.008827663026750088,0,7.505800113383199e-10,3.469446951953614e-18,0,0,1,11,13,13,0,1,1,1,0.0,0.0,0.0,1,0.005129207856953144,-0.0007153763435781002,0.004413831513375044,0.004413831513375044,inf,inf,0,0,-0.0048343461882982865,-6.938893903907228e-18,1.6615384522538923,0.007333750781242625,6.938893903907228e-18,inf,0,0,0,4,3,0,0,0.03000000026077032
5001,18,2,4,18,d66f9b98c8a3da4304cbbff47ffeb20ef9578b652c94e403d71a7cf41d46c4b8,3a7b5b63d4f5a16949cb0ae7bfac60846858d7f7dbcde2ae1a6b83830bf77e5e,0.020625688135623932,0.03000000026077032,-5.597465860773809e-05,-5.597465860773809e-05,-6.44761778689773e-11,0.020625688135623932,0.03000000026077032,1,3,0.9076921939849854,0.20944694064039504,13,1.661538353333106,0.0021975377660699994,0.0013286982106386557,0.009374312125146389,-5.5974594131560224e-05,0.009374312125146389,5.5974594131560224e-05,0.0021203053183853626,0.0062219868414103985,0.0021203053183853626,0,0.020625687204301357,0.03000000026077032,9.313225746154785e-10,0.00953911803662777,0,1.1733531871810365e-09,1.734723475976807e-18,10,11,10,11,1,1,1,1,1,1,0.015000000596046448,0.014999999664723873,0.014999999664723873,0,0.0065481457859277725,-0.0017785867676138878,0.004769559018313885,0.004769559018313885,0.3179706083281226,0.4365430621526826,1,0,-5.5975831960925274e-05,-6.447617960370078e-11,1.6615384505345263,0.007924805701022228,6.447617960370078e-11,122910596.59135516,1,0,0,1,1,1,1,0.012000001035630703
5001,18,2,5,18,d66f9b98c8a3da4304cbbff47ffeb20ef9578b652c94e403d71a7cf41d46c4b8,3a7b5b63d4f5a16949cb0ae7bfac60846858d7f7dbcde2ae1a6b83830bf77e5e,0.005938127636909485,0.0,-0.0009560842881910503,-0.0009560842881910503,0.0,0.005938127636909485,0.0,0,1,0.9076921939849854,0.20944694064039504,13,1.661538353333106,0.0013683614801895416,0.0010052880371463372,0.005938127636909485,-0.0009560842881910503,0.005938127636909485,0.0009560842881910503,0.0008359123603440821,0.0032983850687742233,0.0008359123603440821,0,0.005938127636909485,0.0,0.0,0.005938127636909485,0,2.3803089464757843e-09,1.734723475976807e-18,0,0,1,11,13,13,0,1,1,1,0.0,0.0,0.0,1,0.0033009666949510574,-0.000331902876496315,0.0029690638184547424,0.0029690638184547424,inf,inf,0,0,-0.0009560819078821038,-1.734723475976807e-18,1.6615384505345263,0.004933213696453417,1.734723475976807e-18,inf,0,0,0,5,5,0,0,0.03000000026077032
5001,19,0,1,19,6c41c3bfa966dfe3da85ea484ee757f508d364f44197da01063803bfb80f8e1a,3a7b5b63d4f5a16949cb0ae7bfac60846858d7f7dbcde2ae1a6b83830bf77e5e,0.005656247027218342,0.0,-0.0010036934399977326,-0.0010036934399977326,0.0,0.005656247027218342,0.0,0,1,0.9076921939849854,0.20944694064039504,13,1.661538353333106,0.0016714053939243855,0.0013873582187841629,0.005656247027218342,-0.0010036934399977326,0.005656247027218342,0.0010036934399977326,0.0014239468146115541,0.0026205528993159533,0.0014239468146115541,0,0.005656247027218342,0.0,0.0,0.005656247027218342,0,3.2110670546148246e-10,2.168404344971009e-19,0,0,2,11,13,13,0,1,1,1,0.0,0.0,0.0,1,0.012002234812825918,0.009174111299216747,0.002828123513609171,0.002828123513609171,inf,inf,0,0,-0.001003693761104438,-2.168404344971009e-19,1.6615384505345263,0.004699035960722442,2.168404344971009e-19,inf,0,0,0,3,4,0,0,0.044999998062849045
5001,19,0,2,19,6c41c3bfa966dfe3da85ea484ee757f508d364f44197da01063803bfb80f8e1a,3a7b5b63d4f5a16949cb0ae7bfac60846858d7f7dbcde2ae1a6b83830bf77e5e,0.0162636898458004,0.029999999329447746,-2.470108120178338e-05,-2.470108120178338e-05,0.002076923016745309,0.0162636898458004,0.029999999329447746,1,4,0.9076921939849854,0.20944694064039504,13,1.6615383533331063,0.0032026734416571562,0.0021997564224272787,0.013736309483647346,-0.0021016240979470926,0.013736309483647346,0.0021016240979470926,0.0020981389097869396,0.007359878625720739,0.0020981389097869396,0,0.016263688914477825,0.029999999329447746,9.313225746154785e-10,0.013736310414969921,0,5.162335064631818e-10,4.336808689942018e-19,10,11,10,11,1,1,1,1,1,1,0.012499999720603228,0.014999999664723873,0.012499999720603228,0,0.012785646133124828,0.005917490925639868,0.0068681552074849606,0.0068681552074849606,0.5494524288800157,1.0228517135125037,0,0,-2.4701597435289845e-05,0.0020769230167453087,1.661538450534526,0.011411703961475199,0.0020769230167453087,5.494524288800159,0,0,0,2,2,0,0,0.014999998733401299
5001,19,0,3,19,6c41c3bfa966dfe3da85ea484ee757f508d364f44197da01063803bfb80f8e1a,3a7b5b63d4f5a16949cb0ae7bfac60846858d7f7dbcde2ae1a6b83830bf77e5e,0.006013538688421249,0.0,-0.002445699879899621,-0.002445699879899621,-4.336808689942018e-19,0.006013538688421249,0.0,0,1,0.9076923131942749,0.2094469155167731,13,1.661538461366525,0.0017408114096733095,0.0015076049851507126,0.006013538688421249,-0.0024456998798996206,0.006013538688421249,0.0024456998798996206,0.005664781667292118,0.003432364435866475,0.005664781667292118,0,0.006013538688421249,0.0,0.0,0.006013538688421249,0,8.603439996014706e-10,4.336808689942018e-19,0,0,2,11,13,13,0,1,1,1,0.0,0.0,0.0,1,0.010531970765441656,0.007525201421231031,0.0030067693442106247,0.0030067693442106247,inf,inf,0,0,-0.0024457007402436206,-8.673617379884035e-19,1.6615384522538923,0.004995862882464172,8.673617379884035e-19,inf,0,0,0,4,3,0,0,0.044999998062849045
5001,19,0,4,19,6c41c3bfa966dfe3da85ea484ee757f508d364f44197da01063803bfb80f8e1a,3a7b5b63d4f5a16949cb0ae7bfac60846858d7f7dbcde2ae1a6b83830bf77e5e,0.01922966167330742,0.044999998062849045,-0.002421754878014326,-0.002421754878014326,-0.008307692002505059,0.01922966167330742,0.044999998062849045,1,4,0.9076921939849854,0.20944694064039504,13,1.661538353333106,0.012656018706083315,0.011466090578431558,0.025770336389541626,0.005885937124490733,0.025770336389541626,0.005885937124490733,0.0021217360626906157,0.006842390168458223,0.0021217360626906157,0,0.019229662022553384,0.044999998062849045,3.4924596548080444e-10,0.03334396390710026,0,4.5573036316914894e-10,1.734723475976807e-18,1,11,10,11,4,1,0,0,1,0,0.0,0.014999999199062586,0.0,1,0.019551151432096958,-0.002879169478546828,0.01667198195355013,0.01667198195355013,inf,inf,0,0,-0.002421754422283963,-0.00830769200250506,1.6615384505345263,0.027701139062441267,0.00830769200250506,3.3343964911179182,1,0,0,1,1,1,1,0.014999998733401299
5001,19,0,5,19,6c41c3bfa966dfe3da85ea484ee757f508d364f44197da01063803bfb80f8e1a,3a7b5b63d4f5a16949cb0ae7bfac60846858d7f7dbcde2ae1a6b83830bf77e5e,0.005656247027218342,0.0,-0.0010036935564130545,-0.0010036935564130545,0.0,0.005656247027218342,0.0,0,1,0.9076921939849854,0.20944694064039504,13,1.661538353333106,0.0016714056006954926,0.0013873583289998523,0.005656247027218342,-0.0010036935564130545,0.005656247027218342,0.0010036935564130545,0.0014239466981962323,0.0026205540634691715,0.0014239466981962323,0,0.005656247027218342,0.0,0.0,0.005656247027218342,0,5.045465729242027e-10,2.168404344971009e-19,0,0,2,11,13,13,0,1,1,1,0.0,0.0,0.0,1,0.012002234812825918,0.009174111299216747,0.002828123513609171,0.002828123513609171,inf,inf,0,0,-0.0010036930518664815,-2.168404344971009e-19,1.6615384505345263,0.004699035960722442,2.168404344971009e-19,inf,0,0,0,5,5,0,0,0.044999998062849045
5001,19,1,0,19,6c41c3bfa966dfe3da85ea484ee757f508d364f44197da01063803bfb80f8e1a,3a7b5b63d4f5a16949cb0ae7bfac60846858d7f7dbcde2ae1a6b83830bf77e5e,0.004891142249107361,0.0,0.0022024039644747972,0.0022024039644747972,0.0,0.004891142249107361,0.0,0,1,0.9076921939849854,0.20944694064039504,13,1.661538353333106,0.001513368685460626,0.001308969447951345,0.004891142249107361,0.0022024039644747972,0.004891142249107361,0.0022024039644747972,0.0019797994755208492,0.005934710148721933,0.0019797994755208492,0,0.004891142249107361,0.0,0.0,0.004891142249107361,0,3.7291301921427156e-09,0.0,0,0,5,11,13,13,0,1,1,1,0.0,0.0,0.0,1,0.0052742622792720795,-0.002828691154718399,0.0024455711245536804,0.0024455711245536804,inf,inf,0,0,0.002202400235344605,0.0,1.6615384505345263,0.0040634104569629015,0.0,inf,0,0,0,3,5,0,0,0.036000002175569534
5001,19,1,2,19,6c41c3bfa966dfe3da85ea484ee757f508d364f44197da01063803bfb80f8e1a,3a7b5b63d4f5a16949cb0ae7bfac60846858d7f7dbcde2ae1a6b83830bf77e5e,0.00770559161901474,0.0,0.0015878845006227493,0.0015878845006227493,0.0,0.00770559161901474,0.0,0,1,0.9076921939849854,0.20944694064039504,13,1.6615383533331063,0.0020592847974359465,0.0016207950707723396,0.00770559161901474,0.0015878845006227493,0.00770559161901474,0.0015878845006227493,0.0020200840663164854,0.004933444317430258,0.0020200840663164854,0,0.00770559161901474,0.0,0.0,0.00770559161901474,0,3.621182104174281e-09,0.0,0,0,5,11,13,13,0,1,1,1,0.0,0.0,0.0,1,0.007932938635349274,-0.004080142825841904,0.00385279580950737,0.00385279580950737,inf,inf,0,0,0.0015878808794406452,0.0,1.661538450534526,0.006401568379554791,0.0,inf,0,0,0,4,3,0,0,0.036000002175569534
5001,19,1,3,19,6c41c3bfa966dfe3da85ea484ee757f508d364f44197da01063803bfb80f8e1a,3a7b5b63d4f5a16949cb0ae7bfac60846858d7f7dbcde2ae1a6b83830bf77e5e,0.020188188180327415,0.030000001192092896,-0.01150117814540863,-0.01150117814540863,-0.013500000461004677,0.020188188180327415,0.030000001192092896,1,3,0.9076923131942749,0.2094469155167731,13,1.661538461366525,0.003284246070489447,0.0025003665077263084,0.00981181301176548,0.0019988223155960466,0.00981181301176548,0.0019988223155960466,0.0033607592340558767,0.006929126568138599,0.0033607592340558767,0,0.020188188180327415,0.030000001192092896,0.0,0.013476943597197533,0,5.804939324366432e-10,1.3877787807814457e-17,10,11,10,11,1,1,1,1,1,1,0.015000000596046448,0.015000000596046448,0.015000000596046448,0,0.009252728894352913,-0.0025142570957541466,0.006738471798598766,0.006738471798598766,0.44923143538906435,0.616848568445501,1,0,-0.011501178725902563,-0.013500000461004663,1.6615384522538923,0.011196230002800296,0.013500000461004663,0.8293503422567349,1,1,0,2,2,0,0,0.006000000983476639
5001,19,1,4,19,6c41c3bfa966dfe3da85ea484ee757f508d364f44197da01063803bfb80f8e1a,3a7b5b63d4f5a16949cb0ae7bfac60846858d7f7dbcde2ae1a6b83830bf77e5e,0.0073949843645095825,0.0,0.002331552328541875,0.002331552328541875,0.0,0.0073949843645095825,0.0,0,1,0.9076921939849854,0.20944694064039504,13,1.661538353333106,0.001956603624841693,0.0015820012201924296,0.0073949843645095825,0.002331552328541875,0.0073949843645095825,0.002331552328541875,0.0021010269410908222,0.004520105663686991,0.0021010269410908222,0,0.0073949843645095825,0.0,0.0,0.0073949843645095825,0,9.12299295136032e-10,0.0,0,0,5,11,13,13,0,1,1,1,0.0,0.0,0.0,1,0.0073881596326828,-0.003690667450428009,0.0036974921822547913,0.0036974921822547913,inf,inf,0,0,0.00233155324084117,0.0,1.6615384505345263,0.00614352543136715,0.0,inf,0,0,0,5,4,0,0,0.036000002175569534
5001,19,1,5,19,6c41c3bfa966dfe3da85ea484ee757f508d364f44197da01063803bfb80f8e1a,3a7b5b63d4f5a16949cb0ae7bfac60846858d7f7dbcde2ae1a6b83830bf77e5e,0.022395193576812744,0.036000002175569534,-0.0034325786400586367,-0.0034325786400586367,-0.006230769437092977,0.022395193576812744,0.036000002175569534,1,4,0.9076921939849854,0.20944694064039504,13,1.661538353333106,0.009274748999306574,0.007572962290789247,0.01360480859875679,0.0027981907970343403,0.01360480859875679,0.0027981907970343403,0.002497506095096469,0.0060841417871415615,0.002497506095096469,0,0.022395193576812744,0.036000002175569534,0.0,0.027856990694999695,0,3.3407742024149645e-09,2.0816681711721685e-17,1,11,1,11,3,1,0,1,1,1,0.0,0.006000000983476639,0.0,1,0.023629844188690186,-0.009701348841190338,0.013928495347499847,0.013928495347499847,inf,inf,0,0,-0.003432581980832839,-0.006230769437092998,1.6615384505345263,0.023142730577962255,0.006230769437092998,3.714265278408317,1,0,0,1,1,1,1,0.006000000983476639
5001,19,2,0,19,6c41c3bfa966dfe3da85ea484ee757f508d364f44197da01063803bfb80f8e1a,3a7b5b63d4f5a16949cb0ae7bfac60846858d7f7dbcde2ae1a6b83830bf77e5e,0.01941344141960144,0.01799999736249447,0.0002516639942768961,0.0002516639942768961,1.2895235226850765e-10,0.01941344141960144,0.01799999736249447,1,3,0.9076921939849854,0.20944694064039504,13,1.661538353333106,0.0013684259005562768,0.0008837777691391798,0.0014134440571069717,0.00025166386532454385,0.0014134440571069717,0.00025166386532454385,0.0017439702060073614,0.006054651457816362,0.0017439702060073614,0,0.019413441885262728,0.01799999736249447,4.656612873077393e-10,0.006353507284075022,0,1.5793188805346414e-10,3.469446951953614e-18,10,11,10,11,1,1,1,1,1,1,0.00899999774992466,0.008999999612569809,0.00899999774992466,0,0.0058118184097111225,-0.0026350647676736116,0.003176753642037511,0.003176753642037511,0.3529727151391903,0.64575776252386,1,0,0.00025166383634500807,1.289523557379546e-10,1.6615384505345263,0.005278298324120919,1.289523557379546e-10,40932158.96611461,1,0,0,2,2,0,0,0.012000001035630703
5001,19,2,1,19,6c41c3bfa966dfe3da85ea484ee757f508d364f44197da01063803bfb80f8e1a,3a7b5b63d4f5a16949cb0ae7bfac60846858d7f7dbcde2ae1a6b83830bf77e5e,0.006756521761417389,0.0,-0.0004906992544420063,-0.0004906992544420063,0.0,0.006756521761417389,0.0,0,1,0.9076921939849854,0.20944694064039504,13,1.661538353333106,0.001474511421243306,0.0009748493734548782,0.006756521761417389,-0.0004906992544420063,0.006756521761417389,0.0004906992544420063,0.0011952699860557914,0.0023995591327548027,0.0011952699860557914,0,0.006756521761417389,0.0,0.0,0.006756521761417389,0,7.936748133707816e-11,1.734723475976807e-18,0,0,1,11,13,13,0,1,1,1,0.0,0.0,0.0,1,0.0052715688943862915,-0.001893308013677597,0.0033782608807086945,0.0033782608807086945,inf,inf,0,0,-0.000490699175074525,-1.734723475976807e-18,1.6615384505345263,0.005613110349234129,1.734723475976807e-18,inf,0,0,0,3,4,0,0,0.02999999839812517
5001,19,2,3,19,6c41c3bfa966dfe3da85ea484ee757f508d364f44197da01063803bfb80f8e1a,3a7b5b63d4f5a16949cb0ae7bfac60846858d7f7dbcde2ae1a6b83830bf77e5e,0.009550032205879688,0.0,-0.005204454064369202,-0.005204454064369202,0.0,0.009550032205879688,0.0,0,1,0.9076923131942749,0.2094469155167731,13,1.661538461366525,0.0020613378542117594,0.0012603811919689178,0.009550032205879688,-0.005204454064369202,0.009550032205879688,0.005204454064369202,0.0038698671851307154,0.003411730984225869,0.0038698671851307154,0,0.009550032205879688,0.0,0.0,0.009550032205879688,0,3.434468785756817e-10,5.204170427930421e-18,0,0,1,11,13,13,0,1,1,1,0.0,0.0,0.0,1,0.007742057554423809,-0.002967041451483965,0.004775016102939844,0.004775016102939844,inf,inf,0,0,-0.00520445440781608,-5.204170427930421e-18,1.6615384522538923,0.007933872865166081,5.204170427930421e-18,inf,0,0,0,4,3,0,0,0.02999999839812517
5001,19,2,4,19,6c41c3bfa966dfe3da85ea484ee757f508d364f44197da01063803bfb80f8e1a,3a7b5b63d4f5a16949cb0ae7bfac60846858d7f7dbcde2ae1a6b83830bf77e5e,0.020831260830163956,0.02999999839812517,0.000512613623868674,0.000512613623868674,6.44761778689773e-11,0.020831260830163956,0.02999999839812517,1,3,0.9076921939849854,0.20944694064039504,13,1.661538353333106,0.002202045715655137,0.001227477152098918,0.009168737567961216,0.0005126135593924962,0.009168737567961216,0.0005126135593924962,0.0016981646185740829,0.006763531360775232,0.0016981646185740829,0,0.02083126036450267,0.02999999839812517,4.656612873077393e-10,0.009914083406329155,0,1.8876391595645803e-10,1.734723475976807e-18,10,11,10,11,1,1,1,1,1,1,0.014999998733401299,0.014999999664723873,0.014999998733401299,0,0.009164642542600632,-0.004207600839436054,0.0049570417031645775,0.0049570417031645775,0.33046947478245237,0.610976221097488,1,0,0.0005126134351047581,6.447617960370078e-11,1.6615384505345263,0.008236315390711102,6.447617960370078e-11,127741988.45736754,1,0,0,1,1,1,1,0.012000001035630703
5001,19,2,5,19,6c41c3bfa966dfe3da85ea484ee757f508d364f44197da01063803bfb80f8e1a,3a7b5b63d4f5a16949cb0ae7bfac60846858d7f7dbcde2ae1a6b83830bf77e5e,0.006756521761417389,0.0,-0.0004906983231194317,-0.0004906983231194317,0.0,0.006756521761417389,0.0,0,1,0.9076921939849854,0.20944694064039504,13,1.661538353333106,0.001474511329339874,0.0009748494836705676,0.006756521761417389,-0.0004906983231194317,0.006756521761417389,0.0004906983231194317,0.001195269636809826,0.002399556105956435,0.001195269636809826,0,0.006756521761417389,0.0,0.0,0.006756521761417389,0,1.2388121552880937e-09,1.734723475976807e-18,0,0,1,11,13,13,0,1,1,1,0.0,0.0,0.0,1,0.0052715688943862915,-0.001893308013677597,0.0033782608807086945,0.0033782608807086945,inf,inf,0,0,-0.000490699561931587,-1.734723475976807e-18,1.6615384505345263,0.005613110349234129,1.734723475976807e-18,inf,0,0,0,5,5,0,0,0.02999999839812517
5001,20,0,1,20,973f20d9523e162468533f74c67b9fc788c2faf0e14a6116ca492d0c6599a9fa,3a7b5b63d4f5a16949cb0ae7bfac60846858d7f7dbcde2ae1a6b83830bf77e5e,0.0061149755492806435,0.0,-0.0012305297423154116,-0.0012305297423154116,0.0,0.0061149755492806435,0.0,0,1,0.007692307233810425,0.20944694064039504,13,1.661538353333106,0.0017869738440172119,0.0015190164696359068,0.0061149755492806435,-0.0012305297423154116,0.0061149755492806435,0.0012305297423154116,0.0015694923931732774,0.0021629745606333017,0.0015694923931732774,0,0.0061149755492806435,0.0,0.0,0.0061149755492806435,0,1.179466706593968e-09,2.168404344971009e-19,0,0,2,11,13,13,0,1,1,1,0.0,0.0,0.0,1,0.011646055150777102,0.00858856737613678,0.0030574877746403217,0.0030574877746403217,inf,inf,0,0,-0.001230528562848705,-2.168404344971009e-19,1.6615384505345263,0.005080133499604137,2.168404344971009e-19,inf,0,0,0,3,3,0,0,0.044999998062849045
5001,20,0,2,20,973f20d9523e162468533f74c67b9fc788c2faf0e14a6116ca492d0c6599a9fa,3a7b5b63d4f5a16949cb0ae7bfac60846858d7f7dbcde2ae1a6b83830bf77e5e,0.017189469188451767,0.029999999329447746,0.0002875751524697989,0.0002875751524697989,0.002076923016745309,0.017189469188451767,0.029999999329447746,1,4,0.9076921939849854,0.20944694064039504,13,1.6615383533331063,0.003037461450301789,0.002048441966631885,0.01281053014099598,-0.0017893478642755103,0.01281053014099598,0.0017893478642755103,0.0021334353368729353,0.006308133248239756,0.0021334353368729353,0,0.017189469886943698,0.029999999329447746,6.984919309616089e-10,0.012810529442504048,0,7.059901678020675e-10,4.336808689942018e-19,10,11,10,11,1,1,1,1,1,1,0.012499999720603228,0.014999999664723873,0.012499999720603228,0,0.01253207609988749,0.006126811378635466,0.006405264721252024,0.006405264721252024,0.5124211891536681,1.002566110400098,0,0,0.0002875758584599667,0.0020769230167453087,1.661538450534526,0.010642593620212552,0.0020769230167453087,5.1242118915366826,1,0,0,2,2,0,0,0.014999998733401299
5001,20,0,3,20,973f20d9523e162468533f74c67b9fc788c2faf0e14a6116ca492d0c6599a9fa,3a7b5b63d4f5a16949cb0ae7bfac60846858d7f7dbcde2ae1a6b83830bf77e5e,0.005968003533780575,0.0,-0.002650053473189473,-0.002650053473189473,-4.336808689942018e-19,0.005968003533780575,0.0,0,1,0.9076923131942749,0.2094469155167731,13,1.661538461366525,0.0017637962423057904,0.001545740936238032,0.005968003533780575,-0.0026500534731894727,0.005968003533780575,0.0026500534731894727,0.004444860387593508,0.0027250295970588923,0.004444860387593508,0,0.005968003533780575,0.0,0.0,0.005968003533780575,0,3.8733735403112535e-10,4.336808689942018e-19,0,0,2,11,13,13,0,1,1,1,0.0,0.0,0.0,1,0.009857306722551584,0.006873304955661297,0.0029840017668902874,0.0029840017668902874,inf,inf,0,0,-0.002650053085852119,-8.673617379884035e-19,1.6615384522538923,0.004958033677281768,8.673617379884035e-19,inf,0,0,0,4,4,0,0,0.044999998062849045
5001,20,0,4,20,973f20d9523e162468533f74c67b9fc788c2faf0e14a6116ca492d0c6599a9fa,3a7b5b63d4f5a16949cb0ae7bfac60846858d7f7dbcde2ae1a6b83830bf77e5e,0.019760768860578537,0.044999998062849045,-0.002172365551814437,-0.002172365551814437,-0.008307692002505059,0.019760768860578537,0.044999998062849045,1,4,0.9076921939849854,0.20944694064039504,13,1.661538353333106,0.012676713915018494,0.011503269658947483,0.025239229202270508,0.006135326450690622,0.025239229202270508,0.006135326450690622,0.0019495402229949832,0.004904850386083126,0.0019495402229949832,0,0.019760769442655146,0.044999998062849045,5.820766091346741e-10,0.0334425283363089,0,8.749648843994762e-10,1.734723475976807e-18,1,11,10,11,4,1,0,0,1,0,0.0,0.014999999199062586,0.0,1,0.01972479373216629,-0.003003529564011842,0.01672126416815445,0.01672126416815445,inf,inf,0,0,-0.0021723646768495525,-0.00830769200250506,1.6615384505345263,0.027783023356933837,0.00830769200250506,3.344252934335587,1,0,0,1,1,1,1,0.014999998733401299
5001,20,0,5,20,973f20d9523e162468533f74c67b9fc788c2faf0e14a6116ca492d0c6599a9fa,3a7b5b63d4f5a16949cb0ae7bfac60846858d7f7dbcde2ae1a6b83830bf77e5e,0.005693704821169376,0.0,-0.0011570547940209508,-0.0011570547940209508,0.0,0.005693704821169376,0.0,0,1,0.007692307233810425,0.20944694064039504,13,1.661538353333106,0.0016370951025150647,0.0013770368280848105,0.005693704821169376,-0.0011570547940209508,0.005693704821169376,0.0011570547940209508,0.001017963164485991,0.0026418287307024,0.001017963164485991,0,0.005693704821169376,0.0,0.0,0.005693704821169376,0,2.530305479031547e-10,2.168404344971009e-19,0,0,2,11,13,13,0,1,1,1,0.0,0.0,0.0,1,0.01178555702790618,0.008938704617321491,0.002846852410584688,0.002846852410584688,inf,inf,0,0,-0.0011570545409904029,-2.168404344971009e-19,1.6615384505345263,0.004730154743183364,2.168404344971009e-19,inf,0,0,0,5,5,0,0,0.044999998062849045
5001,20,1,0,20,973f20d9523e162468533f74c67b9fc788c2faf0e14a6116ca492d0c6599a9fa,3a7b5b63d4f5a16949cb0ae7bfac60846858d7f7dbcde2ae1a6b83830bf77e5e,0.0059006232768297195,0.0,0.000756188586819917,0.000756188586819917,0.0,0.0059006232768297195,0.0,0,1,0.9076921939849854,0.20944694064039504,13,1.661538353333106,0.001575158261202935,0.0012158196000657843,0.0059006232768297195,0.000756188586819917,0.0059006232768297195,0.000756188586819917,0.0018529491499066353,0.005199224688112736,0.0018529491499066353,0,0.0059006232768297195,0.0,0.0,0.0059006232768297195,0,1.2703530276325647e-09,1.734723475976807e-18,0,0,1,11,13,13,0,1,1,1,0.0,0.0,0.0,1,0.004118176177144051,0.0011678645387291908,0.0029503116384148598,0.0029503116384148598,inf,inf,0,0,0.0007561873164668893,-1.734723475976807e-18,1.6615384505345263,0.004902056228285806,1.734723475976807e-18,inf,0,0,0,3,5,0,0,0.03600000124424696
5001,20,1,2,20,973f20d9523e162468533f74c67b9fc788c2faf0e14a6116ca492d0c6599a9fa,3a7b5b63d4f5a16949cb0ae7bfac60846858d7f7dbcde2ae1a6b83830bf77e5e,0.007549036294221878,0.0,0.0014301311457529664,0.0014301311457529664,0.0,0.007549036294221878,0.0,0,1,0.9076921939849854,0.20944694064039504,13,1.6615383533331063,0.0018696832923526263,0.0013495719820790049,0.007549036294221878,0.0014301311457529664,0.007549036294221878,0.0014301311457529664,0.001444260822609067,0.006103113293647766,0.001444260822609067,0,0.007549036294221878,0.0,0.0,0.007549036294221878,0,2.317044028865567e-09,1.734723475976807e-18,0,0,1,11,13,13,0,1,1,1,0.0,0.0,0.0,1,0.00490213930606842,-0.0011276211589574814,0.003774518147110939,0.003774518147110939,inf,inf,0,0,0.0014301334627969953,-1.734723475976807e-18,1.661538450534526,0.00627150703366516,1.734723475976807e-18,inf,0,0,0,4,4,0,0,0.03600000124424696
5001,20,1,3,20,973f20d9523e162468533f74c67b9fc788c2faf0e14a6116ca492d0c6599a9fa,3a7b5b63d4f5a16949cb0ae7bfac60846858d7f7dbcde2ae1a6b83830bf77e5e,0.021343959495425224,0.03000000026077032,-0.011627708561718464,-0.011627708561718464,-0.013500000396528499,0.021343959495425224,0.03000000026077032,1,3,0.9076923131942749,0.2094469155167731,13,1.661538461366525,0.002547513601576068,0.001738110491069111,0.008656040765345097,0.0018722918348100352,0.008656040765345097,0.0018722918348100352,0.004135648254305124,0.009436124935746193,0.004135648254305124,0,0.021343959495425224,0.03000000026077032,0.0,0.011138083413243294,0,7.52720786742489e-10,1.0408340855860843e-17,10,11,10,11,1,1,1,1,1,1,0.014999999664723873,0.015000000596046448,0.014999999664723873,0,0.008814702741801739,0.003245661035180092,0.005569041706621647,0.005569041706621647,0.3712694554066288,0.5876468625883802,1,0,-0.011627707808997677,-0.013500000396528489,1.6615384522538923,0.009253176937757505,0.013500000396528489,0.6854204937754632,1,1,0,2,1,0,1,0.006000000983476639
5001,20,1,4,20,973f20d9523e162468533f74c67b9fc788c2faf0e14a6116ca492d0c6599a9fa,3a7b5b63d4f5a16949cb0ae7bfac60846858d7f7dbcde2ae1a6b83830bf77e5e,0.008719919249415398,0.0,0.0008017939398996532,0.0008017939398996532,0.0,0.008719919249415398,0.0,0,1,0.9076921939849854,0.20944694064039504,13,1.661538353333106,0.002088291692243288,0.001469433285604567,0.008719919249415398,0.0008017939398996532,0.008719919249415398,0.0008017939398996532,0.0018704881658777595,0.0054908678866922855,0.0018704881658777595,0,0.008719919249415398,0.0,0.0,0.008719919249415398,0,3.396577923434063e-09,1.734723475976807e-18,0,0,1,11,13,13,0,1,1,1,0.0,0.0,0.0,1,0.004872038960456848,-0.0005120793357491493,0.004359959624707699,0.004359959624707699,inf,inf,0,0,0.0008017905433217298,-1.734723475976807e-18,1.6615384505345263,0.007244240559229924,1.734723475976807e-18,inf,0,0,0,5,3,0,0,0.03600000124424696
5001,20,1,5,20,973f20d9523e162468533f74c67b9fc788c2faf0e14a6116ca492d0c6599a9fa,3a7b5b63d4f5a16949cb0ae7bfac60846858d7f7dbcde2ae1a6b83830bf77e5e,0.02131468988955021,0.03600000124424696,-0.0021498289424926043,-0.0021498289424926043,-0.006230769243664464,0.02131468988955021,0.03600000124424696,1,4,0.007692307233810425,0.20944694064039504,13,1.661538353333106,0.009630253836270407,0.00791954570973413,0.01468531135469675,0.00408094030117186,0.01468531135469675,0.00408094030117186,0.0031353479716926813,0.00855500902980566,0.0031353479716926813,0,0.02131468988955021,0.03600000124424696,0.0,0.02617753203958273,0,5.123176952115394e-10,3.469446951953614e-18,1,11,1,11,3,1,0,1,1,1,0.0,0.006000000983476639,0.0,1,0.024483787827193737,-0.011395021807402372,0.013088766019791365,0.013088766019791365,inf,inf,0,0,-0.0021498294548102995,-0.006230769243664461,1.6615384505345263,0.021747488011933103,0.006230769243664461,3.4903375749384833,1,0,0,1,2,1,0,0.006000000983476639
5001,20,2,0,20,973f20d9523e162468533f74c67b9fc788c2faf0e14a6116ca492d0c6599a9fa,3a7b5b63d4f5a16949cb0ae7bfac60846858d7f7dbcde2ae1a6b83830bf77e5e,0.017600150778889656,0.01799999736249447,0.00025852755061350763,0.00025852755061350763,1.2895235226850765e-10,0.017600150778889656,0.01799999736249447,1,3,0.9076921939849854,0.20944694064039504,13,1.661538353333106,0.0012292205755538316,0.0008374665692977653,0.0003998465836048126,0.00025852742166115536,0.0003998465836048126,0.00025852742166115536,0.0013952800072729588,0.005376337096095085,0.0013952800072729588,0,0.017600151244550943,0.01799999736249447,4.656612873077393e-10,0.005337124690413475,0,1.4512405964450803e-09,3.469446951953614e-18,10,11,10,11,1,1,1,1,1,1,0.00899999774992466,0.008999999612569809,0.00899999774992466,0,0.007255062460899353,-0.0045865001156926155,0.0026685623452067375,0.0026685623452067375,0.2965070013744255,0.8061182527473505,1,0,0.0002585290018541041,1.289523557379546e-10,1.6615384505345263,0.004433918944209584,1.289523557379546e-10,34384163.97153532,1,0,0,2,2,0,0,0.012000001035630703
5001,20,2,1,20,973f20d9523e162468533f74c67b9fc788c2faf0e14a6116ca492d0c6599a9fa,3a7b5b63d4f5a16949cb0ae7bfac60846858d7f7dbcde2ae1a6b83830bf77e5e,0.006532667204737663,0.0,-0.0003759646788239479,-0.0003759646788239479,0.0,0.006532667204737663,0.0,0,1,0.007692307233810425,0.20944694064039504,13,1.661538353333106,0.0014261662391319983,0.0009789639676110985,0.006532667204737663,-0.0003759646788239479,0.006532667204737663,0.0003759646788239479,0.0013142488896846771,0.0021270418073982,0.0013142488896846771,0,0.006532667204737663,0.0,0.0,0.006532667204737663,0,1.20106540164866e-09,1.734723475976807e-18,0,0,1,11,13,13,0,1,1,1,0.0,0.0,0.0,1,0.006029848009347916,-0.002763514406979084,0.0032663336023688316,0.0032663336023688316,inf,inf,0,0,-0.00037596587988934956,-1.734723475976807e-18,1.6615384505345263,0.005427138872608766,1.734723475976807e-18,inf,0,0,0,3,4,0,0,0.02999999839812517
5001,20,2,3,20,973f20d9523e162468533f74c67b9fc788c2faf0e14a6116ca492d0c6599a9fa,3a7b5b63d4f5a16949cb0ae7bfac60846858d7f7dbcde2ae1a6b83830bf77e5e,0.00770524051040411,0.0,-0.003977237734943628,-0.003977237734943628,0.0,0.00770524051040411,0.0,0,1,0.9076923131942749,0.2094469155167731,13,1.661538461366525,0.0016643664914083119,0.0010777967678901007,0.00770524051040411,-0.003977237734943628,0.00770524051040411,0.003977237734943628,0.0038735305424779654,0.0028348369523882866,0.0038735305424779654,0,0.00770524051040411,0.0,0.0,0.00770524051040411,0,1.4908485973519348e-09,5.204170427930421e-18,0,0,1,11,13,13,0,1,1,1,0.0,0.0,0.0,1,0.008407439105212688,-0.0045548188500106335,0.003852620255202055,0.003852620255202055,inf,inf,0,0,-0.003977236244095031,-5.204170427930421e-18,1.6615384522538923,0.006401276695950418,5.204170427930421e-18,inf,0,0,0,4,3,0,0,0.02999999839812517
5001,20,2,4,20,973f20d9523e162468533f74c67b9fc788c2faf0e14a6116ca492d0c6599a9fa,3a7b5b63d4f5a16949cb0ae7bfac60846858d7f7dbcde2ae1a6b83830bf77e5e,0.019783753901720047,0.02999999839812517,0.000450686871772632,0.000450686871772632,6.44761778689773e-11,0.019783753901720047,0.02999999839812517,1,3,0.9076921939849854,0.20944694064039504,13,1.661538353333106,0.0022968611482241915,0.0012447807618234988,0.010216244496405125,0.00045068680729645413,0.010216244496405125,0.00045068680729645413,0.0013795114355161786,0.006651108153164387,0.0013795114355161786,0,0.019783754367381334,0.02999999839812517,4.656612873077393e-10,0.010216244030743837,0,4.828253075128686e-10,1.734723475976807e-18,10,11,10,11,1,1,1,1,1,1,0.014999998733401299,0.014999999664723873,0.014999998733401299,0,0.011288953945040703,-0.006180831929668784,0.005108122015371919,0.005108122015371919,0.34054149644675574,0.7525969932186052,1,0,0.0004506873545979395,6.447617960370078e-11,1.6615384505345263,0.00848734113856236,6.447617960370078e-11,131635298.34939548,1,0,0,1,1,1,1,0.012000001035630703
5001,20,2,5,20,973f20d9523e162468533f74c67b9fc788c2faf0e14a6116ca492d0c6599a9fa,3a7b5b63d4f5a16949cb0ae7bfac60846858d7f7dbcde2ae1a6b83830bf77e5e,0.0056653134524822235,0.0,-0.00040438398718833923,-0.00040438398718833923,0.0,0.0056653134524822235,0.0,0,1,0.007692307233810425,0.20944694064039504,13,1.661538353333106,0.0013620316949046422,0.0009909736863254795,0.0056653134524822235,-0.00040438398718833923,0.0056653134524822235,0.00040438398718833923,0.0013675445225089788,0.0032284753397107124,0.0013675445225089788,0,0.0056653134524822235,0.0,0.0,0.0056653134524822235,0,4.1283501617250806e-10,1.734723475976807e-18,0,0,1,11,13,13,0,1,1,1,0.0,0.0,0.0,1,0.0053608231246471405,-0.0025281663984060287,0.0028326567262411118,0.0028326567262411118,inf,inf,0,0,-0.0004043844000233554,-1.734723475976807e-18,1.6615384505345263,0.004706568067814861,1.734723475976807e-18,inf,0,0,0,5,5,0,0,0.02999999839812517
5001,21,0,1,21,eafa9112d96e3da05375e2782eaac7fb8b86534a6a7eab1aab92c274fdb6298f,3a7b5b63d4f5a16949cb0ae7bfac60846858d7f7dbcde2ae1a6b83830bf77e5e,0.02910861372947693,0.0,0.005594993010163307,0.005594993010163307,0.0,0.02910861372947693,0.0,0,1,0.9076921939849854,0.20944694064039504,13,1.661538353333106,0.00730996984004534,0.005387742314818341,0.02910861372947693,0.005594993010163307,0.02910861372947693,0.005594993010163307,0.005187909584492445,0.015143283642828465,0.005187909584492445,0,0.02910861372947693,0.0,0.0,0.02910861372947693,0,1.498514208553292e-09,0.0,0,0,1,7,13,13,0,1,1,1,0.0,0.0,0.0,1,0.16010720282793045,-0.14555289596319199,0.014554306864738464,0.014554306864738464,inf,inf,0,0,0.005594991511649099,0.0,1.6615384505345263,0.02418254047664157,0.0,inf,0,0,0,3,3,0,0,0.04500000178813934
5001,21,0,2,21,eafa9112d96e3da05375e2782eaac7fb8b86534a6a7eab1aab92c274fdb6298f,3a7b5b63d4f5a16949cb0ae7bfac60846858d7f7dbcde2ae1a6b83830bf77e5e,0.030689172446727753,0.029999997466802597,-0.004887665156275034,-0.004887665156275034,-0.002076923919411805,0.030689172446727753,0.029999997466802597,1,4,0.9076921939849854,0.20944694064039504,13,1.6615383533331063,0.006852427874103345,0.004686175983333023,0.0006891749799251556,-0.002810741236863229,0.0006891749799251556,0.002810741236863229,0.006652396637946367,0.012388208881020546,0.006652396637946367,0,0.030689172446727753,0.029999997466802597,0.0,0.029715895652770996,0,5.147216548817557e-09,3.469446951953614e-18,10,11,1,11,1,1,1,0,1,0,0.01499999687075615,0.01249999925494194,0.01249999925494194,0,0.15331768617033958,-0.1384597383439541,0.014857947826385498,0.014857947826385498,1.1886358969590602,12.265415624702909,0,0,-0.004887670303491583,-0.0020769239194118015,1.661538450534526,0.02468705160957539,0.0020769239194118015,11.886353360775452,1,0,0,2,1,0,1,0.015000004321336746
5001,21,0,3,21,eafa9112d96e3da05375e2782eaac7fb8b86534a6a7eab1aab92c274fdb6298f,3a7b5b63d4f5a16949cb0ae7bfac60846858d7f7dbcde2ae1a6b83830bf77e5e,0.03048248589038849,0.0,-0.010044533759355545,-0.010044533759355545,0.0,0.03048248589038849,0.0,0,1,0.9076923131942749,0.2094469155167731,13,1.661538461366525,0.008703662812367062,0.007089102497467628,0.03048248589038849,-0.010044533759355545,0.03048248589038849,0.010044533759355545,0.011187829077243805,0.016745490953326225,0.011187829077243805,0,0.03048248589038849,0.0,0.0,0.03048248589038849,0,1.0374684555891633e-08,1.0408340855860843e-17,0,0,1,7,13,13,0,1,1,1,0.0,0.0,0.0,1,0.1473110392689705,-0.13206979632377625,0.015241242945194244,0.015241242945194244,inf,inf,0,0,-0.010044544134040101,-1.0408340855860843e-17,1.6615384522538923,0.0253239112135836,1.0408340855860843e-17,inf,0,0,0,4,2,0,0,0.04500000178813934
5001,21,0,4,21,eafa9112d96e3da05375e2782eaac7fb8b86534a6a7eab1aab92c274fdb6298f,3a7b5b63d4f5a16949cb0ae7bfac60846858d7f7dbcde2ae1a6b83830bf77e5e,0.028448261320590973,0.04500000178813934,-0.004814005922526121,-0.004814005922526121,-0.008307692582790654,0.028448261320590973,0.04500000178813934,1,4,0.9076921939849854,0.20944694064039504,13,1.661538353333106,0.011714292227895324,0.009609351055861927,0.01655174046754837,0.0034936866602645333,0.01655174046754837,0.0034936866602645333,0.00321048591285944,0.01155274547636509,0.00321048591285944,0,0.028448261320590973,0.04500000178813934,0.0,0.036657482385635376,0,1.12152528930487e-09,6.938893903907228e-18,1,11,1,11,4,1,0,1,1,1,0.0,0.015000000596046448,0.0,1,0.17525915056467056,-0.15693040937185287,0.018328741192817688,0.018328741192817688,inf,inf,0,0,-0.0048140070440514104,-0.008307692582790661,1.6615384505345263,0.030453908241762646,0.008307692582790661,3.6657480928997956,1,0,0,1,5,1,0,0.015000004321336746
5001,21,0,5,21,eafa9112d96e3da05375e2782eaac7fb8b86534a6a7eab1aab92c274fdb6298f,3a7b5b63d4f5a16949cb0ae7bfac60846858d7f7dbcde2ae1a6b83830bf77e5e,0.029050782322883606,0.0,0.005811383947730064,0.005811383947730064,0.0,0.029050782322883606,0.0,0,1,0.007692307233810425,0.20944694064039504,13,1.661538353333106,0.007282694388821026,0.005497296798158678,0.029050782322883606,0.005811383947730064,0.029050782322883606,0.005811383947730064,0.005086352117359638,0.015856657177209854,0.005086352117359638,0,0.029050782322883606,0.0,0.0,0.029050782322883606,0,1.4802849016004593e-09,0.0,0,0,1,7,13,13,0,1,1,1,0.0,0.0,0.0,1,0.16371170431375504,-0.14918631315231323,0.014525391161441803,0.014525391161441803,inf,inf,0,0,0.005811385428014966,0.0,1.6615384505345263,0.02413449592378992,0.0,inf,0,0,0,5,4,0,0,0.04500000178813934
5001,21,1,0,21,eafa9112d96e3da05375e2782eaac7fb8b86534a6a7eab1aab92c274fdb6298f,3a7b5b63d4f5a16949cb0ae7bfac60846858d7f7dbcde2ae1a6b83830bf77e5e,0.005489613860845566,0.0,0.0004339901206549257,0.0004339901206549257,6.938893903907228e-18,0.005489613860845566,0.0,0,1,0.9076921939849854,0.20944694064039504,13,1.661538353333106,0.0015974829696230436,0.0013149187586011268,0.005489613860845566,0.00043399012065491877,0.005489613860845566,0.00043399012065491877,0.0017725900979712605,0.004677786026149988,0.0017725900979712605,0,0.005489613860845566,0.0,0.0,0.005489613860845566,0,7.098733961763415e-10,6.938893903907228e-18,0,0,4,12,13,13,0,1,1,1,0.0,0.0,0.0,1,0.005290452390909195,0.002545645460486412,0.002744806930422783,0.002744806930422783,inf,inf,0,0,0.00043398941078152953,0.0,1.6615384505345263,0.0045606022541911,0.0,inf,0,0,0,3,5,0,0,0.036000002175569534
5001,21,1,2,21,eafa9112d96e3da05375e2782eaac7fb8b86534a6a7eab1aab92c274fdb6298f,3a7b5b63d4f5a16949cb0ae7bfac60846858d7f7dbcde2ae1a6b83830bf77e5e,0.007157832384109497,0.0,0.0013445740332826972,0.0013445740332826972,0.0,0.007157832384109497,0.0,0,1,0.9076921939849854,0.20944694064039504,13,1.6615383533331063,0.001926534839595429,0.0014728804135463644,0.007157832384109497,0.0013445740332826972,0.007157832384109497,0.0013445740332826972,0.0020309772808104753,0.004927423316985369,0.0020309772808104753,0,0.007157832384109497,0.0,0.0,0.007157832384109497,0,1.3468859777487907e-09,0.0,0,0,4,11,13,13,0,1,1,1,0.0,0.0,0.0,1,0.006268218159675598,0.0026893019676208496,0.0035789161920547485,0.0035789161920547485,inf,inf,0,0,0.001344575380168675,0.0,1.661538450534526,0.005946506864339573,0.0,inf,0,0,0,4,3,0,0,0.036000002175569534
5001,21,1,3,21,eafa9112d96e3da05375e2782eaac7fb8b86534a6a7eab1aab92c274fdb6298f,3a7b5b63d4f5a16949cb0ae7bfac60846858d7f7dbcde2ae1a6b83830bf77e5e,0.018882323056459427,0.030000001192092896,-0.011275122873485088,-0.011275122873485088,-0.013500000461004677,0.018882323056459427,0.030000001192092896,1,3,0.9076923131942749,0.2094469155167731,13,1.661538461366525,0.0034714799721602217,0.002511098121221249,0.011117678135633469,0.0022248775875195886,0.011117678135633469,0.0022248775875195886,0.003463598433881998,0.0056944978423416615,0.003463598433881998,0,0.018882323056459427,0.030000001192092896,0.0,0.014361405745148659,0,1.985904989065812e-09,1.3877787807814457e-17,10,11,10,11,1,1,1,1,1,1,0.015000000596046448,0.015000000596046448,0.015000000596046448,0,0.010248919948935509,0.0030682170763611794,0.007180702872574329,0.007180702872574329,0.478713505815923,0.683261302778669,1,0,-0.011275124859390077,-0.013500000461004663,1.6615384522538923,0.01193101393699223,0.013500000461004663,0.8837787799678586,1,1,0,2,2,0,0,0.006000000983476639
5001,21,1,4,21,eafa9112d96e3da05375e2782eaac7fb8b86534a6a7eab1aab92c274fdb6298f,3a7b5b63d4f5a16949cb0ae7bfac60846858d7f7dbcde2ae1a6b83830bf77e5e,0.006933346390724182,0.0,0.0005023523117415607,0.0005023523117415607,6.938893903907228e-18,0.006933346390724182,0.0,0,1,0.9076921939849854,0.20944694064039504,13,1.661538353333106,0.0019079770581120216,0.0014566232466838767,0.006933346390724182,0.0005023523117415538,0.006933346390724182,0.0005023523117415538,0.0018653272418305278,0.003947687800973654,0.0018653272418305278,0,0.006933346390724182,0.0,0.0,0.006933346390724182,0,1.1903778449062763e-09,6.938893903907228e-18,0,0,4,11,13,13,0,1,1,1,0.0,0.0,0.0,1,0.00565091148018837,0.0021842382848262787,0.003466673195362091,0.003466673195362091,inf,inf,0,0,0.0005023535021194056,0.0,1.6615384505345263,0.005760010809531504,0.0,inf,0,0,0,5,4,0,0,0.036000002175569534
5001,21,1,5,21,eafa9112d96e3da05375e2782eaac7fb8b86534a6a7eab1aab92c274fdb6298f,3a7b5b63d4f5a16949cb0ae7bfac60846858d7f7dbcde2ae1a6b83830bf77e5e,0.019923433661460876,0.036000002175569534,-0.0032789993565529585,-0.0032789993565529585,-0.006230769437092977,0.019923433661460876,0.036000002175569534,1,4,0.007692307233810425,0.20944694064039504,13,1.661538353333106,0.009418990386163261,0.007762802908053765,0.016076568514108658,0.0029517700805400185,0.016076568514108658,0.0029517700805400185,0.002801608294248581,0.004237865563482046,0.002801608294248581,0,0.019923433661460876,0.036000002175569534,0.0,0.02725652977824211,0,9.208004358995936e-10,2.0816681711721685e-17,1,11,1,11,3,1,0,1,1,1,0.0,0.006000000983476639,0.0,1,0.021942447870969772,-0.008314182981848717,0.013628264889121056,0.013628264889121056,inf,inf,0,0,-0.0032789984357525226,-0.006230769437092998,1.6615384505345263,0.022643886127344286,0.006230769437092998,3.634203826021995,1,0,0,1,1,1,1,0.006000000983476639
5001,21,2,0,21,eafa9112d96e3da05375e2782eaac7fb8b86534a6a7eab1aab92c274fdb6298f,3a7b5b63d4f5a16949cb0ae7bfac60846858d7f7dbcde2ae1a6b83830bf77e5e,0.019837191328406334,0.017999999225139618,0.0001820766628952697,0.0001820766628952697,0.0,0.019837191328406334,0.017999999225139618,1,3,0.9076921939849854,0.20944694064039504,13,1.661538353333106,0.0012688237964590039,0.0008183972546334802,0.001837192103266716,0.0001820766628952697,0.001837192103266716,0.0001820766628952697,0.002304881578311324,0.006040806882083416,0.002304881578311324,0,0.019837191328406334,0.017999999225139618,0.0,0.0058637820184230804,0,1.9217174726526842e-10,3.469446951953614e-18,10,11,10,11,1,1,1,1,1,1,0.008999999612569809,0.008999999612569809,0.008999999612569809,0,0.003477625548839569,-0.0005457345396280289,0.0029318910092115402,0.0029318910092115402,0.3257656817136667,0.3864028553937446,1,0,0.00018207647072352243,-3.469446951953614e-18,1.6615384505345263,0.0048714496445814515,3.469446951953614e-18,inf,0,0,0,2,2,0,0,0.012000001035630703
5001,21,2,1,21,eafa9112d96e3da05375e2782eaac7fb8b86534a6a7eab1aab92c274fdb6298f,3a7b5b63d4f5a16949cb0ae7bfac60846858d7f7dbcde2ae1a6b83830bf77e5e,0.005625685676932335,0.0,-0.0008293769205920398,-0.0008293769205920398,0.0,0.005625685676932335,0.0,0,1,0.9076921939849854,0.20944694064039504,13,1.661538353333106,0.0013403435850629353,0.0009535127622488685,0.005625685676932335,-0.0008293769205920398,0.005625685676932335,0.0008293769205920398,0.000915332289878279,0.0031439480371773243,0.000915332289878279,0,0.005625685676932335,0.0,0.0,0.005625685676932335,0,5.024966172328948e-10,1.734723475976807e-18,0,0,1,11,13,13,0,1,1,1,0.0,0.0,0.0,1,0.003650868311524391,-0.0008380254730582237,0.0028128428384661674,0.0028128428384661674,inf,inf,0,0,-0.0008293764180954226,-1.734723475976807e-18,1.6615384505345263,0.0046736465314222144,1.734723475976807e-18,inf,0,0,0,3,5,0,0,0.03000000026077032
5001,21,2,3,21,eafa9112d96e3da05375e2782eaac7fb8b86534a6a7eab1aab92c274fdb6298f,3a7b5b63d4f5a16949cb0ae7bfac60846858d7f7dbcde2ae1a6b83830bf77e5e,0.008517761714756489,0.0,-0.004741935525089502,-0.004741935525089502,-3.469446951953614e-18,0.008517761714756489,0.0,0,1,0.9076923131942749,0.2094469155167731,13,1.661538461366525,0.0019821948826480897,0.0012677921720686746,0.008517761714756489,-0.004741935525089499,0.008517761714756489,0.004741935525089499,0.003188337432220578,0.004215243272483349,0.003188337432220578,0,0.008517761714756489,0.0,0.0,0.008517761714756489,0,3.3455047586394837e-10,3.469446951953614e-18,0,0,1,11,13,13,0,1,1,1,0.0,0.0,0.0,1,0.00533220823854208,-0.0010733273811638355,0.004258880857378244,0.004258880857378244,inf,inf,0,0,-0.0047419351905390265,-6.938893903907228e-18,1.6615384522538923,0.007076294308101978,6.938893903907228e-18,inf,0,0,0,4,3,0,0,0.03000000026077032
5001,21,2,4,21,eafa9112d96e3da05375e2782eaac7fb8b86534a6a7eab1aab92c274fdb6298f,3a7b5b63d4f5a16949cb0ae7bfac60846858d7f7dbcde2ae1a6b83830bf77e5e,0.021179743111133575,0.03000000026077032,-5.99399209022522e-06,-5.99399209022522e-06,-6.44761778689773e-11,0.021179743111133575,0.03000000026077032,1,3,0.9076921939849854,0.20944694064039504,13,1.661538353333106,0.002042172754200214,0.0011872752740450154,0.008820257149636745,-5.993927614047351e-06,0.008820257149636745,5.993927614047351e-06,0.001998294610530138,0.006795226596295834,0.001998294610530138,0,0.021179742645472288,0.03000000026077032,4.656612873077393e-10,0.008882962167263031,0,1.1570288876300294e-09,1.734723475976807e-18,10,11,10,11,1,1,1,1,1,1,0.015000000596046448,0.014999999664723873,0.014999999664723873,0,0.006693461909890175,-0.0022519808262586594,0.0044414810836315155,0.0044414810836315155,0.2960987455270904,0.44623080396671405,1,0,-5.99283506133759e-06,-6.447617960370078e-11,1.6615384505345263,0.007379691597775517,6.447617960370078e-11,114456092.82582153,1,0,0,1,1,1,1,0.012000001035630703
5001,21,2,5,21,eafa9112d96e3da05375e2782eaac7fb8b86534a6a7eab1aab92c274fdb6298f,3a7b5b63d4f5a16949cb0ae7bfac60846858d7f7dbcde2ae1a6b83830bf77e5e,0.006019387394189835,0.0,-0.0009142588824033737,-0.0009142588824033737,0.0,0.006019387394189835,0.0,0,1,0.007692307233810425,0.20944694064039504,13,1.661538353333106,0.0013749388258935255,0.0009856471824928143,0.006019387394189835,-0.0009142588824033737,0.006019387394189835,0.0009142588824033737,0.0008487560553476214,0.0033769612200558186,0.0008487560553476214,0,0.006019387394189835,0.0,0.0,0.006019387394189835,0,1.5843574854845777e-09,1.734723475976807e-18,0,0,1,11,13,13,0,1,1,1,0.0,0.0,0.0,1,0.003711773082613945,-0.0007020793855190277,0.0030096936970949173,0.0030096936970949173,inf,inf,0,0,-0.0009142604667608592,-1.734723475976807e-18,1.6615384505345263,0.0050007218020546185,1.734723475976807e-18,inf,0,0,0,5,4,0,0,0.03000000026077032
5001,22,0,1,22,5985b05afa749788bcb2af6b2cdad58049b53565e269b02e5fd1fecdebee99d3,3a7b5b63d4f5a16949cb0ae7bfac60846858d7f7dbcde2ae1a6b83830bf77e5e,0.004950392059981823,0.0,0.0001409990800311789,0.0001409990800311789,0.0,0.004950392059981823,0.0,0,1,0.007692307233810425,0.20944694064039504,13,1.661538353333106,0.0011943426869952963,0.0009391736073871338,0.004950392059981823,0.0001409990800311789,0.004950392059981823,0.0001409990800311789,0.0017661296296864748,0.003213999094441533,0.0017661296296864748,0,0.004950392292812467,0.0,2.3283064365386963e-10,0.004950392292812467,0,5.302022362818626e-11,2.168404344971009e-19,0,0,1,11,13,13,0,1,1,1,0.0,0.0,0.0,1,0.010379535611718893,-0.00790433946531266,0.0024751961464062333,0.0024751961464062333,inf,inf,0,0,0.00014099913305140252,-2.168404344971009e-19,1.6615384505345263,0.004112633569868843,2.168404344971009e-19,inf,0,0,0,3,5,0,0,0.044999999925494194
5001,22,0,2,22,5985b05afa749788bcb2af6b2cdad58049b53565e269b02e5fd1fecdebee99d3,3a7b5b63d4f5a16949cb0ae7bfac60846858d7f7dbcde2ae1a6b83830bf77e5e,0.01860971748828888,0.029999999329447746,-0.00034713660716079175,-0.00034713660716079175,0.002076923016745309,0.01860971748828888,0.029999999329447746,1,4,0.9076921939849854,0.20944694064039504,13,1.6615383533331063,0.002727234778511061,0.0017971046745622829,0.011390281841158867,-0.002424059623906101,0.011390281841158867,0.002424059623906101,0.0014881064416840672,0.0035656383261084557,0.0014881064416840672,0,0.018609717721119523,0.029999999329447746,2.3283064365386963e-10,0.011390281608328223,0,2.065769556282293e-10,4.336808689942018e-19,10,11,10,11,1,1,1,1,1,1,0.012499999720603228,0.014999999664723873,0.012499999720603228,0,0.011350757209584117,-0.005655616405420005,0.005695140804164112,0.005695140804164112,0.4556112745168345,0.9080605970634653,1,0,-0.0003471368137377474,0.0020769230167453087,1.661538450534526,0.009462695427326792,0.0020769230167453087,4.556112745168346,0,0,0,2,2,0,0,0.015000000596046448
5001,22,0,3,22,5985b05afa749788bcb2af6b2cdad58049b53565e269b02e5fd1fecdebee99d3,3a7b5b63d4f5a16949cb0ae7bfac60846858d7f7dbcde2ae1a6b83830bf77e5e,0.007051759399473667,0.0,-0.003720811801031232,-0.003720811801031232,-4.336808689942018e-19,0.007051759399473667,0.0,0,1,0.9076923131942749,0.2094469155167731,13,1.661538461366525,0.0016970040296206852,0.001223255526109119,0.007051759399473667,-0.0037208118010312314,0.007051759399473667,0.0037208118010312314,0.004008876625448465,0.0038289877120405436,0.004008876625448465,0,0.007051759632304311,0.0,2.3283064365386963e-10,0.007051759632304311,0,5.800905003745804e-10,4.336808689942018e-19,0,0,10,11,13,13,0,1,1,1,0.0,0.0,0.0,1,0.0106539954431355,-0.0071281156269833446,0.0035258798161521554,0.0035258798161521554,inf,inf,0,0,-0.0037208123811217323,-8.673617379884035e-19,1.6615384522538923,0.005858384892562691,8.673617379884035e-19,inf,0,0,0,4,3,0,0,0.044999999925494194
5001,22,0,4,22,5985b05afa749788bcb2af6b2cdad58049b53565e269b02e5fd1fecdebee99d3,3a7b5b63d4f5a16949cb0ae7bfac60846858d7f7dbcde2ae1a6b83830bf77e5e,0.022678261622786522,0.044999999925494194,-0.0013170726597309113,-0.0013170726597309113,0.0020769229845072202,0.022678261622786522,0.044999999925494194,1,4,0.9076921939849854,0.20944694064039504,13,1.661538353333106,0.0082804419435471,0.004533973160150224,0.022321738302707672,-0.0033939956442381315,0.022321738302707672,0.0033939956442381315,0.002162297023460269,0.005759763531386852,0.002162297023460269,0,0.022678261157125235,0.044999999925494194,4.656612873077393e-10,0.03517006756737828,0,2.778381619824438e-10,0.0,10,4,10,11,1,1,1,1,0,0,0.01500000013038516,0.015000000596046448,0.01500000013038516,0,0.02508402895182371,0.00749899516813457,0.01758503378368914,0.01758503378368914,1.172335575388932,1.6722685822523136,0,0,-0.0013170729375690732,0.0020769229845072202,1.6615384505345263,0.029218209785548153,0.0020769229845072202,14.068027559760765,0,0,0,1,1,1,1,0.015000000596046448
5001,22,0,5,22,5985b05afa749788bcb2af6b2cdad58049b53565e269b02e5fd1fecdebee99d3,3a7b5b63d4f5a16949cb0ae7bfac60846858d7f7dbcde2ae1a6b83830bf77e5e,0.005054760258644819,0.0,-6.829559424659237e-05,-6.829559424659237e-05,0.0,0.005054760258644819,0.0,0,1,0.9076921939849854,0.20944694064039504,13,1.661538353333106,0.0012417488859575408,0.0009377361578348826,0.005054760258644819,-6.829559424659237e-05,0.005054760258644819,6.829559424659237e-05,0.001647675409913063,0.0033276688773185015,0.001647675409913063,0,0.005054760258644819,0.0,0.0,0.005054760258644819,0,8.786662716864235e-11,2.168404344971009e-19,0,0,1,11,13,13,0,1,1,1,0.0,0.0,0.0,1,0.010244648903608322,-0.0077172687742859125,0.0025273801293224096,0.0025273801293224096,inf,inf,0,0,-6.829568211321954e-05,-2.168404344971009e-19,1.6615384505345263,0.004199339263986107,2.168404344971009e-19,inf,0,0,0,5,4,0,0,0.044999999925494194
5001,22,1,0,22,5985b05afa749788bcb2af6b2cdad58049b53565e269b02e5fd1fecdebee99d3,3a7b5b63d4f5a16949cb0ae7bfac60846858d7f7dbcde2ae1a6b83830bf77e5e,0.003951923921704292,0.0,0.0008522029966115952,0.0008522029966115952,0.0,0.003951923921704292,0.0,0,1,0.007692307233810425,0.20944694064039504,13,1.661538353333106,0.0012786586307555288,0.0010581696350898961,0.003951923921704292,0.0008522029966115952,0.003951923921704292,0.0008522029966115952,0.002242694841697812,0.002320777392014861,0.002242694841697812,0,0.003951923921704292,0.0,0.0,0.003951923921704292,0,4.3852530634547193e-10,8.673617379884035e-19,0,0,9,10,13,13,0,1,1,1,0.0,0.0,0.0,1,0.019175884313881397,-0.01719992235302925,0.001975961960852146,0.001975961960852146,inf,inf,0,0,0.0008522034351369015,-8.673617379884035e-19,1.6615384505345263,0.0032831367747494394,8.673617379884035e-19,inf,0,0,0,3,5,0,0,0.035999998450279236
5001,22,1,2,22,5985b05afa749788bcb2af6b2cdad58049b53565e269b02e5fd1fecdebee99d3,3a7b5b63d4f5a16949cb0ae7bfac60846858d7f7dbcde2ae1a6b83830bf77e5e,0.005925308912992477,0.0,0.0016054455190896988,0.0016054455190896988,0.0,0.005925308912992477,0.0,0,1,0.9076921939849854,0.20944694064039504,13,1.6615383533331063,0.0015372891445838885,0.0011209144571123742,0.005925308912992477,0.0016054455190896988,0.005925308912992477,0.0016054455190896988,0.0007915904279798269,0.003417793894186616,0.0007915904279798269,0,0.005925308912992477,0.0,0.0,0.005925308912992477,0,2.0239491627799255e-09,2.6020852139652106e-18,0,0,9,11,13,13,0,1,1,1,0.0,0.0,0.0,1,0.022236001677811146,-0.019273347221314907,0.0029626544564962387,0.0029626544564962387,inf,inf,0,0,0.0016054475430388616,-2.6020852139652106e-18,1.661538450534526,0.004922564295115969,2.6020852139652106e-18,inf,0,0,0,4,4,0,0,0.035999998450279236
5001,22,1,3,22,5985b05afa749788bcb2af6b2cdad58049b53565e269b02e5fd1fecdebee99d3,3a7b5b63d4f5a16949cb0ae7bfac60846858d7f7dbcde2ae1a6b83830bf77e5e,0.01668567582964897,0.029999999329447746,-0.010356883518397808,-0.010356883518397808,-0.01349999962281436,0.01668567582964897,0.029999999329447746,1,3,0.9076923131942749,0.2094469155167731,13,1.661538461366525,0.003333240924430743,0.002257375256020642,0.013314323499798775,0.0031431161044165514,0.013314323499798775,0.0031431161044165514,0.0041582160629332066,0.007933337241411209,0.0041582160629332066,0,0.016685674898326397,0.029999999329447746,9.313225746154785e-10,0.01424210611730814,0,1.4035864311090496e-09,1.734723475976807e-18,10,11,10,11,1,1,1,1,1,1,0.014999999664723873,0.014999999664723873,0.014999999664723873,0,0.026344526559114456,-0.019223473500460386,0.00712105305865407,0.00712105305865407,0.4747368811881342,1.756301809864035,1,0,-0.01035688492198424,-0.013499999622814358,1.6615384522538923,0.01183190347749393,0.013499999622814358,0.8764373191165558,1,1,0,2,2,0,0,0.0059999991208314896
5001,22,1,4,22,5985b05afa749788bcb2af6b2cdad58049b53565e269b02e5fd1fecdebee99d3,3a7b5b63d4f5a16949cb0ae7bfac60846858d7f7dbcde2ae1a6b83830bf77e5e,0.006113305687904358,0.0,0.0008208698709495366,0.0008208698709495366,0.0,0.006113305687904358,0.0,0,1,0.9076921939849854,0.20944694064039504,13,1.661538353333106,0.001603505676813451,0.0011899641455983272,0.006113305687904358,0.0008208698709495366,0.006113305687904358,0.0008208698709495366,0.0024477422703057528,0.003671205136924982,0.0024477422703057528,0,0.006113305687904358,0.0,0.0,0.006113305687904358,0,1.7292786595041187e-09,8.673617379884035e-19,0,0,1,11,13,13,0,1,1,1,0.0,0.0,0.0,1,0.022389178164303303,-0.019332525320351124,0.003056652843952179,0.003056652843952179,inf,inf,0,0,0.0008208681416708771,-8.673617379884035e-19,1.6615384505345263,0.005078746230162257,8.673617379884035e-19,inf,0,0,0,5,3,0,0,0.035999998450279236
5001,22,1,5,22,5985b05afa749788bcb2af6b2cdad58049b53565e269b02e5fd1fecdebee99d3,3a7b5b63d4f5a16949cb0ae7bfac60846858d7f7dbcde2ae1a6b83830bf77e5e,0.01755675859749317,0.035999998450279236,-0.002500900300219655,-0.002500900300219655,0.0020769229522691317,0.01755675859749317,0.035999998450279236,1,4,0.9076921939849854,0.20944694064039504,13,1.661538353333106,0.009465697370443118,0.005799146512380013,0.018443239852786064,-0.004577823252488787,0.018443239852786064,0.004577823252488787,0.00273727485910058,0.0051726847887039185,0.00273727485910058,0,0.01755675859749317,0.035999998450279236,0.0,0.038742100819945335,0,9.111777495712792e-10,1.734723475976807e-18,10,3,1,11,1,1,1,0,0,0,0.006000000052154064,0.023999998345971107,0.006000000052154064,0,0.020058300346136093,0.0006872499361634254,0.019371050409972668,0.019371050409972668,3.228508373598806,3.3430500286304077,0,0,-0.0025009012113974046,0.00207692295226913,1.6615384505345263,0.03218574508341219,0.00207692295226913,15.496841155444809,0,0,0,1,1,1,1,0.0059999991208314896
5001,22,2,0,22,5985b05afa749788bcb2af6b2cdad58049b53565e269b02e5fd1fecdebee99d3,3a7b5b63d4f5a16949cb0ae7bfac60846858d7f7dbcde2ae1a6b83830bf77e5e,0.01914699375629425,0.01799999736249447,0.0001832082198234275,0.0001832082198234275,1.2895235226850765e-10,0.01914699375629425,0.01799999736249447,1,3,0.007692307233810425,0.20944694064039504,13,1.661538353333106,0.001308509224112541,0.0008470848555395591,0.0011469963937997818,0.00018320809087107523,0.0011469963937997818,0.00018320809087107523,0.0016291014617308974,0.005677219945937395,0.0016291014617308974,0,0.01914699375629425,0.01799999736249447,0.0,0.00598549097776413,0,6.322688726745351e-11,3.469446951953614e-18,10,11,10,11,1,1,1,1,1,1,0.00899999774992466,0.008999999612569809,0.00899999774992466,0,0.006627757102251053,-0.003635011613368988,0.002992745488882065,0.002992745488882065,0.3325273596770752,0.7364176399162472,1,0,0.00018320815659654023,1.289523557379546e-10,1.6615384505345263,0.004972561702441299,1.289523557379546e-10,38561231.96807736,1,0,0,2,2,0,0,0.012000001035630703
5001,22,2,1,22,5985b05afa749788bcb2af6b2cdad58049b53565e269b02e5fd1fecdebee99d3,3a7b5b63d4f5a16949cb0ae7bfac60846858d7f7dbcde2ae1a6b83830bf77e5e,0.006962906569242477,0.0,-0.000409253261750564,-0.000409253261750564,0.0,0.006962906569242477,0.0,0,1,0.007692307233810425,0.20944694064039504,13,1.661538353333106,0.00153976343111726,0.0010317378848262088,0.006962906569242477,-0.000409253261750564,0.006962906569242477,0.000409253261750564,0.0014113768702372909,0.002705391263589263,0.0014113768702372909,0,0.006962906569242477,0.0,0.0,0.006962906569242477,0,3.10249217636005e-09,1.734723475976807e-18,0,0,1,11,13,13,0,1,1,1,0.0,0.0,0.0,1,0.006133880466222763,-0.0026524271816015244,0.0034814532846212387,0.0034814532846212387,inf,inf,0,0,-0.0004092501592583876,-1.734723475976807e-18,1.6615384505345263,0.005784568496137911,1.734723475976807e-18,inf,0,0,0,3,4,0,0,0.02999999839812517
5001,22,2,3,22,5985b05afa749788bcb2af6b2cdad58049b53565e269b02e5fd1fecdebee99d3,3a7b5b63d4f5a16949cb0ae7bfac60846858d7f7dbcde2ae1a6b83830bf77e5e,0.009365796111524105,0.0,-0.005302421748638153,-0.005302421748638153,0.0,0.009365796111524105,0.0,0,1,0.9076923131942749,0.2094469155167731,13,1.661538461366525,0.0021140020751059057,0.0013619970155538186,0.009365796111524105,-0.005302421748638153,0.009365796111524105,0.005302421748638153,0.003606886835768819,0.003112673992291093,0.003606886835768819,0,0.009365796111524105,0.0,0.0,0.009365796111524105,0,2.1071953175411107e-09,5.204170427930421e-18,0,0,1,11,13,13,0,1,1,1,0.0,0.0,0.0,1,0.008951525203883648,-0.004268627148121595,0.0046828980557620525,0.0046828980557620525,inf,inf,0,0,-0.0053024196414428355,-5.204170427930421e-18,1.6615384522538923,0.007780815187633642,5.204170427930421e-18,inf,0,0,0,4,3,0,0,0.02999999839812517
5001,22,2,4,22,5985b05afa749788bcb2af6b2cdad58049b53565e269b02e5fd1fecdebee99d3,3a7b5b63d4f5a16949cb0ae7bfac60846858d7f7dbcde2ae1a6b83830bf77e5e,0.021418370306491852,0.02999999839812517,0.00032248193747363985,0.00032248193747363985,6.44761778689773e-11,0.021418370306491852,0.02999999839812517,1,3,0.9076921939849854,0.20944694064039504,13,1.661538353333106,0.0020086773378009885,0.0010905354972598118,0.00858162809163332,0.000322481872997462,0.00858162809163332,0.000322481872997462,0.0016615792410448194,0.007157989777624607,0.0016615792410448194,0,0.02141837077215314,0.02999999839812517,4.656612873077393e-10,0.008865857496857643,0,8.248927235721126e-11,1.734723475976807e-18,10,11,10,11,1,1,1,1,1,1,0.014999998733401299,0.014999999664723873,0.014999998733401299,0,0.009621476754546165,-0.005188548006117344,0.0044329287484288216,0.0044329287484288216,0.2955286081829982,0.6414318377988599,1,0,0.0003224820199629122,6.447617960370078e-11,1.6615384505345263,0.007365481563994381,6.447617960370078e-11,114235700.83193359,1,0,0,1,1,1,1,0.012000001035630703
5001,22,2,5,22,5985b05afa749788bcb2af6b2cdad58049b53565e269b02e5fd1fecdebee99d3,3a7b5b63d4f5a16949cb0ae7bfac60846858d7f7dbcde2ae1a6b83830bf77e5e,0.006651990115642548,0.0,-0.0005277081509120762,-0.0005277081509120762,0.0,0.006651990115642548,0.0,0,1,0.9076921939849854,0.20944694064039504,13,1.661538353333106,0.0015381918798431217,0.0010846733782418382,0.006651990115642548,-0.0005277081509120762,0.006651990115642548,0.0005277081509120762,0.0016125981928780675,0.002479613060131669,0.0016125981928780675,0,0.006651990115642548,0.0,0.0,0.006651990115642548,0,3.5022860306321846e-10,1.734723475976807e-18,0,0,1,11,13,13,0,1,1,1,0.0,0.0,0.0,1,0.006152026355266571,-0.0028260312974452972,0.003325995057821274,0.003325995057821274,inf,inf,0,0,-0.0005277085011406793,-1.734723475976807e-18,1.6615384505345263,0.005526268674857852,1.734723475976807e-18,inf,0,0,0,5,5,0,0,0.02999999839812517
5001,23,0,1,23,a400176916fd5a1cb19036da7a3fe3598373024c04ef6e3f4f0ad7542596c859,3a7b5b63d4f5a16949cb0ae7bfac60846858d7f7dbcde2ae1a6b83830bf77e5e,0.004991851281374693,0.0,-0.0009469391661696136,-0.0009469391661696136,0.0,0.004991851281374693,0.0,0,1,0.007692307233810425,0.20944694064039504,13,1.661538353333106,0.0015377522670616153,0.0013542590365254667,0.004991851281374693,-0.0009469391661696136,0.004991851281374693,0.0009469391661696136,0.0018438348779454827,0.0023836891632527113,0.0018438348779454827,0,0.004991851281374693,0.0,0.0,0.004991851281374693,0,7.934123757297185e-10,2.168404344971009e-19,0,0,1,11,13,13,0,1,1,1,0.0,0.0,0.0,1,0.014850859995931387,-0.01235493435524404,0.0024959256406873465,0.0024959256406873465,inf,inf,0,0,-0.0009469399595819893,-2.168404344971009e-19,1.6615384505345263,0.004147076421677049,2.168404344971009e-19,inf,0,0,0,3,5,0,0,0.044999999925494194
5001,23,0,2,23,a400176916fd5a1cb19036da7a3fe3598373024c04ef6e3f4f0ad7542596c859,3a7b5b63d4f5a16949cb0ae7bfac60846858d7f7dbcde2ae1a6b83830bf77e5e,0.018374545499682426,0.029999999329447746,0.00036365611595101655,0.00036365611595101655,0.002076923016745309,0.018374545499682426,0.029999999329447746,1,4,0.9076921939849854,0.20944694064039504,13,1.6615383533331063,0.0026964755460916175,0.0016784608333451486,0.01162545382976532,-0.0017132669007942926,0.01162545382976532,0.0017132669007942926,0.0017233291873708367,0.00294927298091352,0.0017233291873708367,0,0.018374546352788457,0.029999999329447746,8.531060302630067e-10,0.01162545297665929,0,1.5479426074271885e-10,4.336808689942018e-19,10,11,10,11,1,1,1,1,1,1,0.012499999720603228,0.014999999664723873,0.012499999720603228,0,0.015024751503005973,-0.009212025014676328,0.005812726488329645,0.005812726488329645,0.4650181294603367,1.2019801471068277,1,0,0.0003636562707452773,0.0020769230167453087,1.661538450534526,0.009658068562800236,0.0020769230167453087,4.65018129460337,1,0,0,2,2,0,0,0.015000000596046448
5001,23,0,3,23,a400176916fd5a1cb19036da7a3fe3598373024c04ef6e3f4f0ad7542596c859,3a7b5b63d4f5a16949cb0ae7bfac60846858d7f7dbcde2ae1a6b83830bf77e5e,0.005134098697453737,0.0,-0.0028494016733020544,-0.0028494016733020544,-4.336808689942018e-19,0.005134098697453737,0.0,0,1,0.9076923131942749,0.2094469155167731,13,1.661538461366525,0.0013290882425127698,0.0009890947953836453,0.005134098697453737,-0.002849401673302054,0.005134098697453737,0.002849401673302054,0.004580008331686258,0.0015630513662472367,0.004580008331686258,0,0.005134098697453737,0.0,0.0,0.005134098697453737,0,1.810882702471539e-10,4.336808689942018e-19,0,0,10,11,13,13,0,1,1,1,0.0,0.0,0.0,1,0.01425297511741519,-0.011685925768688321,0.0025670493487268686,0.0025670493487268686,inf,inf,0,0,-0.0028494018543903247,-8.673617379884035e-19,1.6615384522538923,0.004265251201743004,8.673617379884035e-19,inf,0,0,0,4,4,0,0,0.044999999925494194
5001,23,0,4,23,a400176916fd5a1cb19036da7a3fe3598373024c04ef6e3f4f0ad7542596c859,3a7b5b63d4f5a16949cb0ae7bfac60846858d7f7dbcde2ae1a6b83830bf77e5e,0.022330477833747864,0.044999999925494194,-0.0007165551069192588,-0.0007165551069192588,0.0020769229845072202,0.022330477833747864,0.044999999925494194,1,4,0.9076921939849854,0.20944694064039504,13,1.661538353333106,0.0086097047468708,0.004719051072296836,0.02266952209174633,-0.002793478091426479,0.02266952209174633,0.002793478091426479,0.0018460763385519385,0.002813509199768305,0.0018460763385519385,0,0.022330477833747864,0.044999999925494194,0.0,0.036628711968660355,0,2.3435360249624004e-10,4.336808689942018e-19,10,2,10,11,1,1,1,1,0,0,0.01500000013038516,0.015000000596046448,0.01500000013038516,0,0.021788522601127625,0.003474166616797447,0.018314355984330177,0.018314355984330177,1.220957055009033,1.452568160782286,0,0,-0.0007165553412728613,0.00207692298450722,1.6615384505345263,0.03043000666474169,0.00207692298450722,14.65148534237135,0,0,0,1,1,1,1,0.015000000596046448
5001,23,0,5,23,a400176916fd5a1cb19036da7a3fe3598373024c04ef6e3f4f0ad7542596c859,3a7b5b63d4f5a16949cb0ae7bfac60846858d7f7dbcde2ae1a6b83830bf77e5e,0.0051489719189703465,0.0,-0.0012017033295705914,-0.0012017033295705914,0.0,0.0051489719189703465,0.0,0,1,0.9076921939849854,0.20944694064039504,13,1.661538353333106,0.0015282225289382353,0.001284842467563745,0.0051489719189703465,-0.0012017033295705914,0.0051489719189703465,0.0012017033295705914,0.0013731338549405336,0.0025114582385867834,0.0013731338549405336,0,0.0051489719189703465,0.0,0.0,0.0051489719189703465,0,6.744143143250225e-10,2.168404344971009e-19,0,0,2,11,13,13,0,1,1,1,0.0,0.0,0.0,1,0.014818384777754545,-0.012243898818269372,0.0025744859594851732,0.0025744859594851732,inf,inf,0,0,-0.0012017040039849058,-2.168404344971009e-19,1.6615384505345263,0.004277607412045888,2.168404344971009e-19,inf,0,0,0,5,3,0,0,0.044999999925494194
5001,23,1,0,23,a400176916fd5a1cb19036da7a3fe3598373024c04ef6e3f4f0ad7542596c859,3a7b5b63d4f5a16949cb0ae7bfac60846858d7f7dbcde2ae1a6b83830bf77e5e,0.006417825818061829,0.0,0.002405493287369609,0.002405493287369609,0.0,0.006417825818061829,0.0,0,1,0.007692307233810425,0.20944694064039504,13,1.661538353333106,0.0019042308334204267,0.0016662154853696652,0.006417825818061829,0.002405493287369609,0.006417825818061829,0.002405493287369609,0.002488692756742239,0.003093442879617214,0.002488692756742239,0,0.006417825818061829,0.0,0.0,0.006417825818061829,0,1.344856625368207e-09,0.0,0,0,1,11,13,13,0,1,1,1,0.0,0.0,0.0,1,0.004134099930524826,0.0009251870214939117,0.0032089129090309143,0.0032089129090309143,inf,inf,0,0,0.0024054919425129835,0.0,1.6615384505345263,0.005331732182771465,0.0,inf,0,0,0,3,5,0,0,0.035999998450279236
5001,23,1,2,23,a400176916fd5a1cb19036da7a3fe3598373024c04ef6e3f4f0ad7542596c859,3a7b5b63d4f5a16949cb0ae7bfac60846858d7f7dbcde2ae1a6b83830bf77e5e,0.008005328476428986,0.0,0.0008195352857001126,0.0008195352857001126,0.0,0.008005328476428986,0.0,0,1,0.9076921939849854,0.20944694064039504,13,1.6615383533331063,0.0019639346180897656,0.0014522271396140375,0.008005328476428986,0.0008195352857001126,0.008005328476428986,0.0008195352857001126,0.0021632544230669737,0.0030341369565576315,0.0021632544230669737,0,0.008005328476428986,0.0,0.0,0.008005328476428986,0,4.646707761624125e-09,0.0,0,0,1,11,13,13,0,1,1,1,0.0,0.0,0.0,1,0.006729308515787125,-0.002726644277572632,0.004002664238214493,0.004002664238214493,inf,inf,0,0,0.0008195399324078742,0.0,1.661538450534526,0.006650580536372868,0.0,inf,0,0,0,4,4,0,0,0.035999998450279236
5001,23,1,3,23,a400176916fd5a1cb19036da7a3fe3598373024c04ef6e3f4f0ad7542596c859,3a7b5b63d4f5a16949cb0ae7bfac60846858d7f7dbcde2ae1a6b83830bf77e5e,0.019074220210313797,0.030000001192092896,-0.011176370084285736,-0.011176370084285736,-0.01350000046100467,0.019074220210313797,0.030000001192092896,1,3,0.9076923131942749,0.2094469155167731,13,1.661538461366525,0.003610196347202932,0.0027188839908887648,0.010925780981779099,0.002323630376718934,0.010925780981779099,0.002323630376718934,0.0045021609403193,0.008867410011589527,0.0045021609403193,0,0.019074220210313797,0.030000001192092896,0.0,0.015223994851112366,0,1.771536218067582e-09,1.0408340855860843e-17,10,11,1,11,1,1,1,0,1,0,0.015000000596046448,0.015000000596046448,0.015000000596046448,0,0.008749779313802719,0.0011377818882465363,0.007611997425556183,0.007611997425556183,0.5074664748721729,0.5833185977411828,0,0,-0.011176371855821954,-0.01350000046100466,1.6615384522538923,0.012647626421019232,0.01350000046100466,0.936861184379397,1,1,0,2,2,0,0,0.00599999725818634
5001,23,1,4,23,a400176916fd5a1cb19036da7a3fe3598373024c04ef6e3f4f0ad7542596c859,3a7b5b63d4f5a16949cb0ae7bfac60846858d7f7dbcde2ae1a6b83830bf77e5e,0.008449580520391464,0.0,0.0023428325075656176,0.0023428325075656176,0.0,0.008449580520391464,0.0,0,1,0.9076921939849854,0.20944694064039504,13,1.661538353333106,0.0021206076160430534,0.0016592505150998132,0.008449580520391464,0.0023428325075656176,0.008449580520391464,0.0023428325075656176,0.002673643408343196,0.002323951106518507,0.002673643408343196,0,0.008449580520391464,0.0,0.0,0.008449580520391464,0,2.3832244996913055e-09,0.0,0,0,1,11,13,13,0,1,1,1,0.0,0.0,0.0,1,0.004269901663064957,-4.511140286922455e-05,0.004224790260195732,0.004224790260195732,inf,inf,0,0,0.002342830124341118,0.0,1.6615384505345263,0.007019651462758975,0.0,inf,0,0,0,5,3,0,0,0.035999998450279236
5001,23,1,5,23,a400176916fd5a1cb19036da7a3fe3598373024c04ef6e3f4f0ad7542596c859,3a7b5b63d4f5a16949cb0ae7bfac60846858d7f7dbcde2ae1a6b83830bf77e5e,0.02117915078997612,0.035999998450279236,-0.0035599886905401945,-0.0035599886905401945,-0.006230769694997716,0.02117915078997612,0.035999998450279236,1,4,0.9076921939849854,0.20944694064039504,13,1.661538353333106,0.009185374581759219,0.007548772063128343,0.014820847660303116,0.0026707810044575217,0.014820847660303116,0.0026707810044575217,0.004347611218690872,0.004400485660880804,0.004347611218690872,0,0.02117915078997612,0.035999998450279236,0.0,0.027113743126392365,0,5.4389881903871284e-09,1.0408340855860843e-17,1,11,1,11,3,1,0,1,1,1,0.0,0.00599999725818634,0.0,1,0.022704657167196274,-0.009147785604000092,0.013556871563196182,0.013556871563196182,inf,inf,0,0,-0.003559994129528385,-0.006230769694997706,1.6615384505345263,0.022525263371208568,0.006230769694997706,3.615165456892539,1,0,0,1,1,1,1,0.00599999725818634
5001,23,2,0,23,a400176916fd5a1cb19036da7a3fe3598373024c04ef6e3f4f0ad7542596c859,3a7b5b63d4f5a16949cb0ae7bfac60846858d7f7dbcde2ae1a6b83830bf77e5e,0.01907244138419628,0.01799999736249447,0.00031498074531555176,0.00031498074531555176,1.2895235226850765e-10,0.01907244138419628,0.01799999736249447,1,3,0.007692307233810425,0.20944694064039504,13,1.661538353333106,0.001321330089336846,0.0008597837143836643,0.0010724440217018127,0.0003149806163631995,0.0010724440217018127,0.0003149806163631995,0.0016534795286133885,0.005488154944032431,0.0016534795286133885,0,0.019072440918534994,0.01799999736249447,4.656612873077393e-10,0.006034122314304113,0,2.114881804404778e-09,3.469446951953614e-18,10,11,10,11,1,1,1,1,1,1,0.00899999774992466,0.008999999612569809,0.00899999774992466,0,0.006899969186633825,-0.0038829080294817686,0.0030170611571520567,0.0030170611571520567,0.3352291012714212,0.7666634346315905,1,0,0.00031498286019735616,1.289523557379546e-10,1.6615384505345263,0.0050129631202223334,1.289523557379546e-10,38874536.967818,1,0,0,2,2,0,0,0.012000001035630703
5001,23,2,1,23,a400176916fd5a1cb19036da7a3fe3598373024c04ef6e3f4f0ad7542596c859,3a7b5b63d4f5a16949cb0ae7bfac60846858d7f7dbcde2ae1a6b83830bf77e5e,0.006903950124979019,0.0,-0.00038495069020427763,-0.00038495069020427763,0.0,0.006903950124979019,0.0,0,1,0.007692307233810425,0.20944694064039504,13,1.661538353333106,0.0014581241180399447,0.0009133829432126332,0.006903950124979019,-0.00038495069020427763,0.006903950124979019,0.00038495069020427763,0.0012382068671286106,0.003274461254477501,0.0012382068671286106,0,0.006903950124979019,0.0,0.0,0.006903950124979019,0,9.576028095481526e-10,1.734723475976807e-18,0,0,1,11,13,13,0,1,1,1,0.0,0.0,0.0,1,0.00647968053817749,-0.0030277054756879807,0.0034519750624895096,0.0034519750624895096,inf,inf,0,0,-0.0003849497326014681,-1.734723475976807e-18,1.6615384505345263,0.005735589296612644,1.734723475976807e-18,inf,0,0,0,3,4,0,0,0.02999999839812517
5001,23,2,3,23,a400176916fd5a1cb19036da7a3fe3598373024c04ef6e3f4f0ad7542596c859,3a7b5b63d4f5a16949cb0ae7bfac60846858d7f7dbcde2ae1a6b83830bf77e5e,0.008900928311049938,0.0,-0.004771299660205841,-0.004771299660205841,0.0,0.008900928311049938,0.0,0,1,0.9076923131942749,0.2094469155167731,13,1.661538461366525,0.001907599216063494,0.0011812549569374005,0.008900928311049938,-0.004771299660205841,0.008900928311049938,0.004771299660205841,0.003487050300464034,0.003152496414259076,0.003487050300464034,0,0.008900928311049938,0.0,0.0,0.008900928311049938,0,4.708309367384977e-10,5.204170427930421e-18,0,0,1,11,13,13,0,1,1,1,0.0,0.0,0.0,1,0.008981558494269848,-0.004531094338744879,0.004450464155524969,0.004450464155524969,inf,inf,0,0,-0.004771299189374904,-5.204170427930421e-18,1.6615384522538923,0.007394617324782383,5.204170427930421e-18,inf,0,0,0,4,3,0,0,0.02999999839812517
5001,23,2,4,23,a400176916fd5a1cb19036da7a3fe3598373024c04ef6e3f4f0ad7542596c859,3a7b5b63d4f5a16949cb0ae7bfac60846858d7f7dbcde2ae1a6b83830bf77e5e,0.020802972838282585,0.02999999839812517,0.0005425492417998612,0.0005425492417998612,6.44761778689773e-11,0.020802972838282585,0.02999999839812517,1,3,0.9076921939849854,0.20944694064039504,13,1.661538353333106,0.002185170091221508,0.0012229500426607725,0.009197025559842587,0.0005425491773236833,0.009197025559842587,0.0005425491773236833,0.0016826168866828084,0.006735512521117926,0.0016826168866828084,0,0.020802972372621298,0.02999999839812517,4.656612873077393e-10,0.009746689349412918,0,3.537123250546559e-10,1.734723475976807e-18,10,11,10,11,1,1,1,1,1,1,0.014999998733401299,0.014999999664723873,0.014999998733401299,0,0.010927233844995499,-0.00605388917028904,0.004873344674706459,0.004873344674706459,0.3248896724140864,0.7284823178460171,1,0,0.0005425495955121862,6.447617960370078e-11,1.6615384505345263,0.008097249559732456,6.447617960370078e-11,125585132.51718302,1,0,0,1,1,1,1,0.012000001035630703
5001,23,2,5,23,a400176916fd5a1cb19036da7a3fe3598373024c04ef6e3f4f0ad7542596c859,3a7b5b63d4f5a16949cb0ae7bfac60846858d7f7dbcde2ae1a6b83830bf77e5e,0.006586872041225433,0.0,-0.0003076953289564699,-0.0003076953289564699,0.0,0.006586872041225433,0.0,0,1,0.9076921939849854,0.20944694064039504,13,1.661538353333106,0.0014106190296665345,0.0009373194323136256,0.006586872041225433,-0.0003076953289564699,0.006586872041225433,0.0003076953289564699,0.0013765597250312567,0.002952822018414736,0.0013765597250312567,0,0.006586872041225433,0.0,0.0,0.006586872041225433,0,6.947089466191603e-10,1.734723475976807e-18,0,0,1,11,13,13,0,1,1,1,0.0,0.0,0.0,1,0.007009414955973625,-0.0037159789353609085,0.0032934360206127167,0.0032934360206127167,inf,inf,0,0,-0.0003076946342475233,-1.734723475976807e-18,1.6615384505345263,0.00547217058262345,1.734723475976807e-18,inf,0,0,0,5,5,0,0,0.02999999839812517
