seed,state_idx,ego_id,neighbor_id,learned_score,oracle_score,learned_signed,learned_direction_row_aipw,oracle_signed,learned_range,oracle_range,oracle_q_nonconstant,oracle_q_distinct_levels,observed_action_probability,policy_support_entropy,valid_action_count,target_policy_l1_to_uniform,q_centered_rmse,q_centered_mae,abs_error,signed_error,capacity_abs_error,direction_abs_error,proxy_sigma,capacity_sigma,direction_sigma,dr_applied,oracle_argmax_action,oracle_argmin_action,learned_argmax_action,learned_argmin_action,oracle_argmax_count,oracle_argmin_count,oracle_extrema_unique,argmax_match,argmin_match,both_extrema_match,oracle_g_plus,oracle_g_minus,oracle_extrema_gap,extrema_gap_zero,q_raw_sup_error,q_gauge_shift_opt,q_gauge_sup_error,q_gauge_sup_error_check,lambda_C,lambda_C_raw,extrema_stability_certified,extrema_stability_violation
3004,0,0,1,0.01583090052008629,0.029999999329447746,0.00022650789469480515,0.00022650789469480515,0.0,0.01583090052008629,0.029999999329447746,1,3,0.9076921939849854,0.20944694064039504,13,1.661538353333106,0.004602765288282822,0.0029686724260096723,0.014169098809361458,0.00022650789469480515,0.014169098809361458,0.00022650789469480515,0.0025284599978476763,0.0032820955384522676,0.0025284599978476763,0,10,11,10,7,1,1,1,1,0,0,0.014999999664723873,0.014999999664723873,0.014999999664723873,0,0.010121552739292383,0.00045116967521607876,0.009670383064076304,0.009670383064076304,0.6446922186817476,0.6747701977017815,0,0
3004,0,0,2,0.01637975126504898,0.038999997079372406,0.00020964606665074825,0.00020964606665074825,0.020769230038500737,0.01637975126504898,0.038999997079372406,1,4,0.9076921939849854,0.20944694064039504,13,1.661538353333106,0.013422330173589542,0.011020951263727787,0.022620245814323425,-0.02055958397184999,0.022620245814323425,0.02055958397184999,0.002976519288495183,0.003241118509322405,0.002976519288495183,0,1,11,10,7,3,1,0,0,0,0,0.0,0.00899999774992466,0.0,1,0.03300112811848521,0.013238142943009734,0.019762985175475478,0.019762985175475478,inf,inf,0,0
3004,0,0,3,0.013771428726613522,0.0,0.0013452180428430438,0.0013452180428430438,0.0,0.013771428726613522,0.0,0,1,0.9076923131942749,0.2094469155167731,13,1.661538461366525,0.0035664320144289225,0.0024437592902149144,0.013771428726613522,0.0013452180428430438,0.013771428726613522,0.0013452180428430438,0.0028164375107735395,0.005263371858745813,0.0028164375107735395,0,0,0,10,7,13,13,0,1,1,1,0.0,0.0,0.0,1,0.0075877015478909016,-0.0007019871845841408,0.006885714363306761,0.006885714363306761,inf,inf,0,0
3004,0,0,4,0.016046052798628807,0.012000000104308128,-0.0026382815558463335,-0.0026382815558463335,0.0,0.016046052798628807,0.012000000104308128,1,3,0.9076921939849854,0.20944694064039504,13,1.661538353333106,0.0029777258773191315,0.002412374274661908,0.004046052694320679,-0.0026382815558463335,0.004046052694320679,0.0026382815558463335,0.0033096792176365852,0.005746747832745314,0.0033096792176365852,0,10,11,10,7,1,1,1,1,0,0,0.006000000052154064,0.006000000052154064,0.006000000052154064,0,0.010079748928546906,-0.004755674162879586,0.005324074765667319,0.005324074765667319,0.8873457865647717,1.6799581401550434,0,0
3004,0,0,5,0.010280544869601727,0.0,0.00023159947886597365,0.00023159947886597365,0.0,0.010280544869601727,0.0,0,1,0.007692307233810425,0.20944694064039504,13,1.661538353333106,0.0029567857410325317,0.0023671473843491905,0.010280544869601727,0.00023159947886597365,0.010280544869601727,0.00023159947886597365,0.0022842432372272015,0.004034864716231823,0.0022842432372272015,0,0,0,10,7,13,13,0,1,1,1,0.0,0.0,0.0,1,0.009197203442454338,-0.004056930833030492,0.005140272609423846,0.005140272609423846,inf,inf,0,0
3004,0,1,0,0.01937245950102806,0.035999998450279236,0.0012325061252340674,0.0012325061252340674,0.0,0.01937245950102806,0.035999998450279236,1,3,0.9076921939849854,0.20944694064039504,13,1.661538353333106,0.004046787006391424,0.00291055171029262,0.016627538949251175,0.0012325061252340674,0.016627538949251175,0.0012325061252340674,0.0030397980008274317,0.006199545226991177,0.0030397980008274317,0,10,11,10,11,1,1,1,1,1,1,0.017999999225139618,0.017999999225139618,0.017999999225139618,0,0.010674037504941225,0.002360267797484994,0.008313769707456231,0.008313769707456231,0.46187611474142964,0.5930021091352814,1,0
3004,0,1,2,0.015712209045886993,0.017999999225139618,0.00161008071154356,0.00161008071154356,0.0,0.015712209045886993,0.017999999225139618,1,3,0.9076921939849854,0.20944694064039504,13,1.661538353333106,0.002425975500740864,0.002064897709101791,0.0022877901792526245,0.00161008071154356,0.0022877901792526245,0.00161008071154356,0.0013964802492409945,0.005880201235413551,0.0013964802492409945,0,10,11,10,11,1,1,1,1,1,1,0.008999999612569809,0.008999999612569809,0.008999999612569809,0,0.00527532771229744,-0.0009157385211437941,0.0043595891911536455,0.0043595891911536455,0.4843988198693748,0.5861475488209663,1,0
3004,0,1,3,0.013103120028972626,0.0,0.00018256653856951743,0.00018256653856951743,0.0,0.013103120028972626,0.0,0,1,0.9076923131942749,0.2094469155167731,13,1.661538461366525,0.002969156862779601,0.002016731400453326,0.013103120028972626,0.00018256653856951743,0.013103120028972626,0.00018256653856951743,0.004881513305008411,0.004874804522842169,0.004881513305008411,0,0,0,10,7,13,13,0,1,1,1,0.0,0.0,0.0,1,0.008159740827977657,0.0016081805806607008,0.0065515602473169565,0.0065515602473169565,inf,inf,0,0
3004,0,1,4,0.01449106726795435,0.012000000104308128,-1.823832280933857e-05,-1.823832280933857e-05,0.0,0.01449106726795435,0.012000000104308128,1,3,0.9076921939849854,0.20944694064039504,13,1.661538353333106,0.0024617518364782754,0.001992245366626017,0.002491067163646221,-1.823832280933857e-05,0.002491067163646221,1.823832280933857e-05,0.004063786473125219,0.007940312847495079,0.004063786473125219,0,10,11,10,11,1,1,1,1,1,1,0.006000000052154064,0.006000000052154064,0.006000000052154064,0,0.005461714696139097,-0.0012349148746579885,0.004226799821481109,0.004226799821481109,0.7044666307900518,0.9102857747773324,0,0
3004,0,1,5,0.009594245813786983,0.0,0.0021200852934271097,0.0021200852934271097,0.0,0.009594245813786983,0.0,0,1,0.007692307233810425,0.20944694064039504,13,1.661538353333106,0.002895122921309817,0.002433670612710622,0.009594245813786983,0.0021200852934271097,0.009594245813786983,0.0021200852934271097,0.00419173389673233,0.0029293911065906286,0.00419173389673233,0,0,0,10,7,13,13,0,1,1,1,0.0,0.0,0.0,1,0.008554927073419094,-0.003757804341148585,0.004797122732270509,0.004797122732270509,inf,inf,0,0
3004,0,2,0,0.016855552792549133,0.04800000041723251,0.0025258210953325033,0.0025258210953325033,0.02076923029640545,0.016855552792549133,0.04800000041723251,1,4,0.9076921939849854,0.20944694064039504,13,1.661538353333106,0.013082225453810279,0.010352083151201173,0.03114444762468338,-0.018243409201072945,0.03114444762468338,0.018243409201072945,0.00404349435120821,0.004215517081320286,0.00404349435120821,0,1,11,10,11,3,1,0,0,1,0,0.0,0.018000001087784767,0.0,1,0.03281842637807131,0.01017741160467267,0.022641014773398638,0.022641014773398638,inf,inf,0,0
3004,0,2,1,0.015328856185078621,0.029999999329447746,0.0015958839794620872,0.0015958839794620872,0.0,0.015328856185078621,0.029999999329447746,1,3,0.9076921939849854,0.20944694064039504,13,1.661538353333106,0.0041085950775288415,0.0028080726993000185,0.014671143144369125,0.0015958839794620872,0.014671143144369125,0.0015958839794620872,0.0037635371554642916,0.004835861269384623,0.0037635371554642916,0,10,11,10,7,1,1,1,1,0,0,0.014999999664723873,0.014999999664723873,0.014999999664723873,0,0.014353196136653423,-0.005891722161322832,0.008461473975330591,0.008461473975330591,0.5640982776306185,0.956879763831491,0,0
3004,0,2,3,0.011639619246125221,0.0,0.00025310725322924554,0.00025310725322924554,0.0,0.011639619246125221,0.0,0,1,0.9076923131942749,0.2094469155167731,13,1.661538461366525,0.00250065905461757,0.0015538729942188812,0.011639619246125221,0.00025310725322924554,0.011639619246125221,0.00025310725322924554,0.003929719794541597,0.004418001044541597,0.003929719794541597,0,0,0,10,7,13,13,0,1,1,1,0.0,0.0,0.0,1,0.014070634730160236,-0.008250825223512948,0.005819809506647289,0.005819809506647289,inf,inf,0,0
3004,0,2,4,0.01332898810505867,0.012000000104308128,-3.964873030781746e-06,-3.964873030781746e-06,0.0,0.01332898810505867,0.012000000104308128,1,3,0.9076921939849854,0.20944694064039504,13,1.661538353333106,0.0023229514651300306,0.001620609456529984,0.0013289880007505417,-3.964873030781746e-06,0.0013289880007505417,3.964873030781746e-06,0.003891590517014265,0.006079331040382385,0.003891590517014265,0,10,11,10,8,1,1,1,1,0,0,0.006000000052154064,0.006000000052154064,0.006000000052154064,0,0.014372042380273342,-0.010159509256482124,0.004212533123791218,0.004212533123791218,0.7020888478624051,2.395340375891101,0,0
3004,0,2,5,0.008567295037209988,0.0,0.0017723602941259742,0.0017723602941259742,0.0,0.008567295037209988,0.0,0,1,0.007692307233810425,0.20944694064039504,13,1.661538353333106,0.0020578059972506772,0.0015262459796032259,0.008567295037209988,0.0017723602941259742,0.008567295037209988,0.0017723602941259742,0.003105979412794113,0.005637301132082939,0.003105979412794113,0,0,0,11,7,13,13,0,1,1,1,0.0,0.0,0.0,1,0.01645810715854168,-0.012174459639936686,0.004283647518604994,0.004283647518604994,inf,inf,0,0
3004,1,0,1,0.016444088891148567,0.04499999899417162,0.0006199001218192279,0.0006199001218192279,0.0020769230167453096,0.016444088891148567,0.04499999899417162,1,4,0.9076921939849854,0.20944694064039504,13,1.661538353333106,0.00857126209070511,0.005786327774686046,0.028555910103023052,-0.0014570228949260817,0.028555910103023052,0.0014570228949260817,0.004552261903882027,0.006489572115242481,0.004552261903882027,0,10,4,10,0,1,1,1,1,0,0,0.014999999664723873,0.014999999664723873,0.014999999664723873,0,0.01873334776610136,0.0025617899373173714,0.01617155782878399,0.01617155782878399,1.0781038793497655,1.248889878988288,0,0
3004,1,0,2,0.01700485125184059,0.017999999225139618,-0.002547844313085079,-0.002547844313085079,0.0,0.01700485125184059,0.017999999225139618,1,3,0.007692307233810425,0.20944694064039504,13,1.661538353333106,0.002885142134669743,0.002317412850066755,0.0009951479732990265,-0.002547844313085079,0.0009951479732990265,0.002547844313085079,0.011526980437338352,0.0067746941931545734,0.011526980437338352,0,10,11,10,8,1,1,1,1,0,0,0.008999999612569809,0.008999999612569809,0.008999999612569809,0,0.014661774039268494,-0.009712716564536095,0.004949057474732399,0.004949057474732399,0.5498952986420489,1.629086074491736,0,0
3004,1,0,3,0.01644505001604557,0.0,0.000396109651774168,0.000396109651774168,0.0,0.01644505001604557,0.0,0,1,0.9076923131942749,0.2094469155167731,13,1.661538461366525,0.0036798950899760785,0.002349513665547032,0.01644505001604557,0.000396109651774168,0.01644505001604557,0.000396109651774168,0.002999338088557124,0.008442684076726437,0.002999338088557124,0,0,0,10,12,13,13,0,1,1,1,0.0,0.0,0.0,1,0.015213954262435436,-0.006991429137997329,0.008222525124438107,0.008222525124438107,inf,inf,0,0
3004,1,0,4,0.015901202335953712,0.012000000104308128,0.0014410127187147737,0.0014410127187147737,0.0,0.015901202335953712,0.012000000104308128,1,3,0.9076921939849854,0.20944694064039504,13,1.661538353333106,0.002907751868865058,0.002459164338252512,0.003901202231645584,0.0014410127187147737,0.003901202231645584,0.0014410127187147737,0.005261843558400869,0.007147567812353373,0.005261843558400869,0,10,11,10,12,1,1,1,1,0,0,0.006000000052154064,0.006000000052154064,0.006000000052154064,0,0.01575196534395218,-0.010801364471262787,0.004950600872689392,0.004950600872689392,0.8251001382761778,2.625327534505113,0,0
3004,1,0,5,0.009841414168477058,0.0,7.7785924077034e-05,7.7785924077034e-05,0.0,0.009841414168477058,0.0,0,1,0.9076921939849854,0.20944694064039504,13,1.661538353333106,0.0024471809357113246,0.0016791558212782506,0.009841414168477058,7.7785924077034e-05,0.009841414168477058,7.7785924077034e-05,0.0033815347123891115,0.007891856133937836,0.0033815347123891115,0,0,0,10,12,13,13,0,1,1,1,0.0,0.0,0.0,1,0.01390908658504486,-0.008988379500806332,0.004920707084238529,0.004920707084238529,inf,inf,0,0
3004,1,1,0,0.022817373275756836,0.035999998450279236,-0.0037624246906489134,-0.0037624246906489134,0.0,0.022817373275756836,0.035999998450279236,1,3,0.9076921939849854,0.20944694064039504,13,1.661538353333106,0.004599279937600715,0.004023460216149302,0.0131826251745224,-0.0037624246906489134,0.0131826251745224,0.0037624246906489134,0.0055651371367275715,0.0028832724783569574,0.0055651371367275715,0,10,11,10,11,1,1,1,1,1,1,0.017999999225139618,0.017999999225139618,0.017999999225139618,0,0.018084660172462463,-0.011356834322214127,0.006727825850248337,0.006727825850248337,0.3737681188814691,1.0047033861648507,1,0
3004,1,1,2,0.01713689975440502,0.017999999225139618,-0.003978313412517309,-0.003978313412517309,0.0,0.01713689975440502,0.017999999225139618,1,3,0.007692307233810425,0.20944694064039504,13,1.661538353333106,0.0038250929979320517,0.0031838830362057547,0.0008630994707345963,-0.003978313412517309,0.0008630994707345963,0.003978313412517309,0.0048164366744458675,0.004964321851730347,0.0048164366744458675,0,10,11,10,11,1,1,1,1,1,1,0.008999999612569809,0.008999999612569809,0.008999999612569809,0,0.017650015652179718,-0.010865868534892797,0.0067841471172869205,0.0067841471172869205,0.7537941565921705,1.9611129346637863,0,0
3004,1,1,3,0.013630909845232964,0.0,-0.0006009407225064933,-0.0006009407225064933,0.0,0.013630909845232964,0.0,0,1,0.9076923131942749,0.2094469155167731,13,1.661538461366525,0.0034556732507063774,0.0027547793038542098,0.013630909845232964,-0.0006009407225064933,0.013630909845232964,0.0006009407225064933,0.006603448651731014,0.0057132551446557045,0.006603448651731014,0,0,0,2,7,13,13,0,1,1,1,0.0,0.0,0.0,1,0.016190646216273308,-0.009375191410072148,0.00681545480620116,0.00681545480620116,inf,inf,0,0
3004,1,1,4,0.017547575756907463,0.012000000104308128,0.0026300090830773115,0.0026300090830773115,0.0,0.017547575756907463,0.012000000104308128,1,3,0.9076921939849854,0.20944694064039504,13,1.661538353333106,0.003516382063921314,0.0028271366078847435,0.005547575652599335,0.0026300090830773115,0.005547575652599335,0.0026300090830773115,0.006666053086519241,0.004649070557206869,0.006666053086519241,0,10,11,10,7,1,1,1,1,0,0,0.006000000052154064,0.006000000052154064,0.006000000052154064,0,0.018129030242562294,-0.011791263706982136,0.006337766535580158,0.006337766535580158,1.0562944134150185,3.021505014163088,0,0
3004,1,1,5,0.012377407401800156,0.0,0.0048011671751737595,0.0048011671751737595,0.0,0.012377407401800156,0.0,0,1,0.9076921939849854,0.20944694064039504,13,1.661538353333106,0.0035989788641387277,0.0030333238471982747,0.012377407401800156,0.0048011671751737595,0.012377407401800156,0.0048011671751737595,0.004628842696547508,0.00839193444699049,0.004628842696547508,0,0,0,2,7,13,13,0,1,1,1,0.0,0.0,0.0,1,0.019204406067728996,-0.013015702599659562,0.006188703468069434,0.006188703468069434,inf,inf,0,0
3004,1,2,0,0.013400357216596603,0.047999998554587364,0.0013341893209144473,0.0013341893209144473,0.0020769230167453114,0.013400357216596603,0.047999998554587364,1,4,0.9076921939849854,0.20944694064039504,13,1.661538353333106,0.009249043162957648,0.0058562417256993035,0.03459964133799076,-0.000742733695830864,0.03459964133799076,0.000742733695830864,0.006402770522981882,0.006002179812639952,0.006402770522981882,0,10,2,10,11,1,1,1,1,0,0,0.017999999225139618,0.012000000104308128,0.012000000104308128,0,0.0389611036516726,0.01906717661768198,0.01989392703399062,0.01989392703399062,1.657827238422147,3.2467586094174408,0,0
3004,1,2,1,0.01046706922352314,0.02999999839812517,-0.0011233094846829772,-0.0011233094846829772,-6.44761778689773e-11,0.01046706922352314,0.02999999839812517,1,3,0.9076921939849854,0.20944694064039504,13,1.661538353333106,0.004070966325306697,0.002512778802678408,0.01953292917460203,-0.0011233094202067993,0.01953292917460203,0.0011233094202067993,0.004835153929889202,0.004946649540215731,0.004835153929889202,0,10,11,10,11,1,1,1,1,1,1,0.014999999664723873,0.014999998733401299,0.014999998733401299,0,0.020357759203761816,0.010591294849291444,0.009766464354470372,0.009766464354470372,0.6510976786099898,1.3571840615179591,0,0
3004,1,2,3,0.0075857387855648994,0.0,0.0023241452872753143,0.0023241452872753143,1.734723475976807e-18,0.0075857387855648994,0.0,0,1,0.9076923131942749,0.2094469155167731,13,1.661538461366525,0.0021508769238685393,0.0017902800357299886,0.0075857387855648994,0.0023241452872753126,0.0075857387855648994,0.0023241452872753126,0.005518423393368721,0.0060454122722148895,0.005518423393368721,0,0,0,0,8,13,13,0,1,1,1,0.0,0.0,0.0,1,0.015233457554131746,0.011440588277764618,0.003792869276367128,0.003792869276367128,inf,inf,0,0
3004,1,2,4,0.009922968223690987,0.011999999172985554,-0.0018081157468259335,-0.0018081157468259335,-6.447617613425383e-11,0.009922968223690987,0.011999999172985554,1,3,0.9076921939849854,0.20944694064039504,13,1.661538353333106,0.001969227527131527,0.001578484254079105,0.002077030949294567,-0.0018081156823497573,0.002077030949294567,0.0018081156823497573,0.0024507041089236736,0.007319591008126736,0.0024507041089236736,0,10,11,10,8,1,1,1,1,0,0,0.006000000052154064,0.0059999991208314896,0.0059999991208314896,0,0.01222571823745966,0.008780349511653185,0.0034453687258064747,0.0034453687258064747,0.5742282051083051,2.037620004811834,0,0
3004,1,2,5,0.006838281638920307,0.0,-0.0019279536791145802,-0.0019279536791145802,0.0,0.006838281638920307,0.0,0,1,0.9076921939849854,0.20944694064039504,13,1.661538353333106,0.002083845435969188,0.001860941555654112,0.006838281638920307,-0.0019279536791145802,0.006838281638920307,0.0019279536791145802,0.005478649400174618,0.006379046943038702,0.005478649400174618,0,0,0,0,8,13,13,0,1,1,1,0.0,0.0,0.0,1,0.01460575545206666,0.011186614749021828,0.0034191407030448318,0.0034191407030448318,inf,inf,0,0
3004,2,0,1,0.018213527277112007,0.02999999839812517,0.0023915159981697798,0.0023915159981697798,6.44761778689773e-11,0.018213527277112007,0.02999999839812517,1,3,0.007692307233810425,0.20944694064039504,13,1.661538353333106,0.0035437628138272814,0.003111655923080515,0.011786471121013165,0.002391515933693602,0.011786471121013165,0.002391515933693602,0.005362699273973703,0.009089908562600613,0.005362699273973703,0,10,11,10,11,1,1,1,1,1,1,0.014999998733401299,0.014999999664723873,0.014999998733401299,0,0.032263162545859814,-0.026196414604783058,0.0060667479410767555,0.0060667479410767555,0.40444989689016464,2.1508776846772464,1,0
3004,2,0,2,0.01654656045138836,0.01799999736249447,-0.003281537676230073,-0.003281537676230073,1.289523557379546e-10,0.01654656045138836,0.01799999736249447,1,3,0.9076921939849854,0.20944694064039504,13,1.661538353333106,0.0030722596021780617,0.002588288817202022,0.0014534369111061096,-0.0032815378051824287,0.0014534369111061096,0.0032815378051824287,0.006173900328576565,0.006457439623773098,0.006173900328576565,0,10,11,10,11,1,1,1,1,1,1,0.00899999774992466,0.008999999612569809,0.00899999774992466,0,0.032322172774001956,-0.02689494367223233,0.005427229101769626,0.005427229101769626,0.6030256065136304,3.5913534283130826,0,0
3004,2,0,3,0.0077866679057478905,0.0,-0.003525909036397934,-0.003525909036397934,0.0,0.0077866679057478905,0.0,0,1,0.9076923131942749,0.2094469155167731,13,1.661538461366525,0.002551882906215446,0.002226817115766586,0.0077866679057478905,-0.003525909036397934,0.0077866679057478905,0.003525909036397934,0.0024579488672316074,0.00484284944832325,0.0024579488672316074,0,0,0,2,11,13,13,0,1,1,1,0.0,0.0,0.0,1,0.026933738263323903,-0.023040404194034636,0.003893334069289267,0.003893334069289267,inf,inf,0,0
3004,2,0,4,0.013231707736849785,0.011999998241662979,-0.0005216894205659628,-0.0005216894205659628,3.469446951953614e-18,0.013231707736849785,0.011999998241662979,1,3,0.9076921939849854,0.20944694064039504,13,1.661538353333106,0.0023956442974449182,0.0019893616110020313,0.0012317094951868057,-0.0005216894205659663,0.0012317094951868057,0.0005216894205659663,0.003442614572122693,0.005004574544727802,0.003442614572122693,0,10,11,10,11,1,1,1,1,1,1,0.0059999991208314896,0.0059999991208314896,0.0059999991208314896,0,0.029334683436900377,-0.02556993975304067,0.003764743683859706,0.003764743683859706,0.6274573725834116,4.8891146225426665,0,0
3004,2,0,5,0.007299445569515228,0.0,0.0004035910533275455,0.0004035910533275455,3.469446951953614e-18,0.007299445569515228,0.0,0,1,0.9076921939849854,0.20944694064039504,13,1.661538353333106,0.002274101951188879,0.0020328741440564647,0.007299445569515228,0.00040359105332754205,0.007299445569515228,0.00040359105332754205,0.003678048262372613,0.005883967503905296,0.003678048262372613,0,0,0,12,5,13,13,0,1,1,1,0.0,0.0,0.0,1,0.029885776959417854,-0.026236054098262684,0.003649722861155169,0.003649722861155169,inf,inf,0,0
3004,2,1,0,0.018503786996006966,0.035999998450279236,-0.0003861965087708086,-0.0003861965087708086,0.0,0.018503786996006966,0.035999998450279236,1,3,0.9076921939849854,0.20944694064039504,13,1.661538353333106,0.005376163515774924,0.004159334305806096,0.01749621145427227,-0.0003861965087708086,0.01749621145427227,0.0003861965087708086,0.005903028417378664,0.004022286739200354,0.005903028417378664,0,10,11,10,8,1,1,1,1,0,0,0.017999999225139618,0.017999999225139618,0.017999999225139618,0,0.014223906211555004,0.003662021365016699,0.010561884846538305,0.010561884846538305,0.5867714056224567,0.7902170457701604,0,0
3004,2,1,2,0.014067557640373707,0.017999999225139618,-0.00416075112298131,-0.00416075112298131,1.734723475976807e-18,0.014067557640373707,0.017999999225139618,1,3,0.9076921939849854,0.20944694064039504,13,1.661538353333106,0.003973521352067735,0.003348478438475957,0.003932441584765911,-0.004160751122981312,0.003932441584765911,0.004160751122981312,0.0043750302866101265,0.005021811928600073,0.0043750302866101265,0,10,11,0,8,1,1,1,0,0,0,0.008999999612569809,0.008999999612569809,0.008999999612569809,0,0.0076666176319122314,-0.0006328389281406999,0.007033778703771532,0.007033778703771532,0.7815310007289151,0.8518464402159178,0,0
3004,2,1,3,0.011383596807718277,0.0,0.0006821385468356311,0.0006821385468356311,1.734723475976807e-18,0.011383596807718277,0.0,0,1,0.9076923131942749,0.2094469155167731,13,1.661538461366525,0.003495197427113761,0.003064012758367689,0.011383596807718277,0.0006821385468356294,0.011383596807718277,0.0006821385468356294,0.009467671625316143,0.005010789725929499,0.009467671625316143,0,0,0,6,8,13,13,0,1,1,1,0.0,0.0,0.0,1,0.010136043652892113,0.004444245249032974,0.0056917984038591385,0.0056917984038591385,inf,inf,0,0
3004,2,1,4,0.015545693226158619,0.011999999172985554,0.0014319842448458076,0.0014319842448458076,-6.447617613425383e-11,0.015545693226158619,0.011999999172985554,1,3,0.9076921939849854,0.20944694064039504,13,1.661538353333106,0.003234800513798996,0.002888500216532741,0.003545694053173065,0.0014319843093219837,0.003545694053173065,0.0014319843093219837,0.006117887329310179,0.005514367949217558,0.006117887329310179,0,10,11,10,8,1,1,1,1,0,0,0.006000000052154064,0.0059999991208314896,0.0059999991208314896,0,0.005840573459863663,-0.0005957656539976597,0.005244807805866003,0.005244807805866003,0.8741347623962933,0.9734290526119721,0,0
3004,2,1,5,0.01244485192000866,0.0,0.0054311431013047695,0.0054311431013047695,0.0,0.01244485192000866,0.0,0,1,0.9076921939849854,0.20944694064039504,13,1.661538353333106,0.003920510536987272,0.003280827026130885,0.01244485192000866,0.0054311431013047695,0.01244485192000866,0.0054311431013047695,0.006219891365617514,0.0043290662579238415,0.006219891365617514,0,0,0,6,12,13,13,0,1,1,1,0.0,0.0,0.0,1,0.007493068464100361,0.0012706425040960312,0.00622242596000433,0.00622242596000433,inf,inf,0,0
3004,2,2,0,0.01668315939605236,0.047999998554587364,8.404336404055357e-05,8.404336404055357e-05,0.0020769230167453096,0.01668315939605236,0.047999998554587364,1,4,0.9076921939849854,0.20944694064039504,13,1.661538353333106,0.009569130767614308,0.006149649102042413,0.031316839158535004,-0.001992879652704756,0.031316839158535004,0.001992879652704756,0.004009920638054609,0.0063257040455937386,0.004009920638054609,0,10,2,10,8,1,1,1,1,0,0,0.017999999225139618,0.012000000104308128,0.012000000104308128,0,0.024546148255467415,0.005412168568000197,0.019133979687467217,0.019133979687467217,1.594498293429007,2.0455123368419876,0,0
3004,2,2,1,0.014100651256740093,0.04499999899417162,0.001439561601728201,0.001439561601728201,0.0020769230167453096,0.014100651256740093,0.04499999899417162,1,4,0.007692307233810425,0.20944694064039504,13,1.661538353333106,0.008451575443715229,0.005378666708587542,0.030899347737431526,-0.0006373614150171087,0.030899347737431526,0.0006373614150171087,0.004484483040869236,0.006830261554569006,0.004484483040869236,0,10,4,10,11,1,1,1,1,0,0,0.014999999664723873,0.014999999664723873,0.014999999664723873,0,0.020905068144202232,0.0039473859360441566,0.016957682208158076,0.016957682208158076,1.1305121724794545,1.3936712407644618,0,0
3004,2,2,3,0.011532352305948734,0.0,0.0015078767901286483,0.0015078767901286483,0.0,0.011532352305948734,0.0,0,1,0.9076923131942749,0.2094469155167731,13,1.661538461366525,0.0028219371874087244,0.0023289560874202152,0.011532352305948734,0.0015078767901286483,0.011532352305948734,0.0015078767901286483,0.004233218729496002,0.007204906549304724,0.004233218729496002,0,0,0,10,8,13,13,0,1,1,1,0.0,0.0,0.0,1,0.011909368447959423,-0.00614319222222548,0.005766176225733943,0.005766176225733943,inf,inf,0,0
3004,2,2,4,0.01332326140254736,0.012000000104308128,-0.0010627968003973365,-0.0010627968003973365,0.0,0.01332326140254736,0.012000000104308128,1,3,0.9076921939849854,0.20944694064039504,13,1.661538353333106,0.0021288307838427624,0.0018686000491938822,0.0013232612982392311,-0.0010627968003973365,0.0013232612982392311,0.0010627968003973365,0.00460462924093008,0.007141293026506901,0.00460462924093008,0,10,11,10,8,1,1,1,1,0,0,0.006000000052154064,0.006000000052154064,0.006000000052154064,0,0.012333921156823635,-0.008672290539834648,0.0036616306169889867,0.0036616306169889867,0.6102717641934723,2.055653508268825,0,0
3004,2,2,5,0.006531118415296078,0.0,0.002511049387976527,0.002511049387976527,0.0,0.006531118415296078,0.0,0,1,0.9076921939849854,0.20944694064039504,13,1.661538353333106,0.002262669257686347,0.002049084361532383,0.006531118415296078,0.002511049387976527,0.006531118415296078,0.002511049387976527,0.0029360114131122828,0.005739210639148951,0.0029360114131122828,0,0,0,11,8,13,13,0,1,1,1,0.0,0.0,0.0,1,0.01098612230271101,-0.007720563095062971,0.003265559207648039,0.003265559207648039,inf,inf,0,0
3004,3,0,1,0.02446892112493515,0.030000001192092896,-0.0059919473715126514,-0.0059919473715126514,0.0,0.02446892112493515,0.030000001192092896,1,3,0.9076921939849854,0.20944694064039504,13,1.661538353333106,0.007633445148792909,0.006062705312254867,0.005531080067157745,-0.0059919473715126514,0.005531080067157745,0.0059919473715126514,0.014094863086938858,0.009896395727992058,0.014094863086938858,0,10,11,12,7,1,1,1,0,0,0,0.015000000596046448,0.015000000596046448,0.015000000596046448,0,0.04330536350607872,0.031070902943611145,0.012234460562467575,0.012234460562467575,0.8156306717542541,2.88702411901855,0,0
3004,3,0,2,0.02036084607243538,0.038999997079372406,0.0011700093746185303,0.0011700093746185303,0.0004153875176722832,0.02036084607243538,0.038999997079372406,1,5,0.9076921939849854,0.20944694064039504,13,1.6615383533331063,0.009739095971745005,0.007253907135957796,0.018639151006937027,0.0007546218569462471,0.018639151006937027,0.0007546218569462471,0.007997367531061172,0.011515257880091667,0.007997367531061172,0,10,1,12,2,1,1,1,0,0,0,0.00899999588727951,0.021000005304813385,0.00899999588727951,0,0.04840484634041786,0.030472328886389732,0.01793251745402813,0.01793251745402813,1.9925028498483806,5.37831871777105,0,0
3004,3,0,3,0.021947670727968216,0.0,0.011165154166519642,0.011165154166519642,1.3877787807814457e-17,0.021947670727968216,0.0,0,1,0.9076923131942749,0.2094469155167731,13,1.661538461366525,0.006840718725491514,0.005559028429392527,0.021947670727968216,0.011165154166519628,0.021947670727968216,0.011165154166519628,0.010602956637740135,0.012187245301902294,0.010602956637740135,0,0,0,12,1,13,13,0,1,1,1,0.0,0.0,0.0,1,0.03558460995554924,0.024610774591565132,0.010973835363984108,0.010973835363984108,inf,inf,0,0
3004,3,0,4,0.02559005469083786,0.01199999451637268,-0.0038446094840765,-0.0038446094840765,0.0,0.02559005469083786,0.01199999451637268,1,3,0.007692307233810425,0.20944694064039504,13,1.661538353333106,0.007051943909532969,0.0056962239495395904,0.01359006017446518,-0.0038446094840765,0.01359006017446518,0.0038446094840765,0.009415223263204098,0.012687142007052898,0.009415223263204098,0,10,11,12,2,1,1,1,0,0,0,0.00599999725818634,0.00599999725818634,0.00599999725818634,0,0.040982119739055634,0.028187092393636703,0.01279502734541893,0.01279502734541893,2.1325055320586213,6.830356411103357,0,0
3004,3,0,5,0.028229497373104095,0.0,-0.002277835039421916,-0.002277835039421916,0.0,0.028229497373104095,0.0,0,1,0.007692307233810425,0.20944694064039504,13,1.661538353333106,0.008018615159008313,0.006639391448370804,0.028229497373104095,-0.002277835039421916,0.028229497373104095,0.002277835039421916,0.008661709725856781,0.009079443290829659,0.008661709725856781,0,0,0,11,2,13,13,0,1,1,1,0.0,0.0,0.0,1,0.041470274329185486,0.027355525642633438,0.014114748686552048,0.014114748686552048,inf,inf,0,0
3004,3,1,0,0.020377211272716522,0.035999998450279236,0.004461055621504784,0.004461055621504784,0.0,0.020377211272716522,0.035999998450279236,1,3,0.9076921939849854,0.20944694064039504,13,1.661538353333106,0.0042959037784534755,0.003657821764254711,0.015622787177562714,0.004461055621504784,0.015622787177562714,0.004461055621504784,0.0046953922137618065,0.0075844693928956985,0.0046953922137618065,0,10,11,10,11,1,1,1,1,1,1,0.017999999225139618,0.017999999225139618,0.017999999225139618,0,0.02181077003479004,-0.013999376446008682,0.007811393588781357,0.007811393588781357,0.43396632916914846,1.2117094985386514,1,0
3004,3,1,2,0.018008319661021233,0.017999999225139618,0.0018565681530162692,0.0018565681530162692,-0.0016615385616914563,0.018008319661021233,0.017999999225139618,1,4,0.9076921939849854,0.20944694064039504,13,1.6615383533331063,0.0029042309483373148,0.002337093762612554,8.320435881614685e-06,0.0035181067147077253,8.320435881614685e-06,0.0035181067147077253,0.0068637835793197155,0.004703524988144636,0.0068637835793197155,0,10,11,10,11,1,1,1,1,1,1,0.008999999845400453,0.006999999284744263,0.006999999284744263,0,0.021540781250223517,-0.01603172835893929,0.005509052891284227,0.005509052891284227,0.7870076363137078,3.0772547787496647,0,0
3004,3,1,3,0.013576730154454708,0.0,-0.0006917216815054417,-0.0006917216815054417,0.0,0.013576730154454708,0.0,0,1,0.9076923131942749,0.2094469155167731,13,1.661538461366525,0.003794191841577002,0.002659484942460201,0.013576730154454708,-0.0006917216815054417,0.013576730154454708,0.0006917216815054417,0.0057838717475533485,0.007540435530245304,0.0057838717475533485,0,0,0,10,12,13,13,0,1,1,1,0.0,0.0,0.0,1,0.01648651994764805,-0.009698154754005373,0.006788365193642676,0.006788365193642676,inf,inf,0,0
3004,3,1,4,0.016801290214061737,0.012000000104308128,4.5235888137540314e-06,4.5235888137540314e-06,0.0,0.016801290214061737,0.012000000104308128,1,3,0.007692307233810425,0.20944694064039504,13,1.661538353333106,0.003053385440735027,0.002392272745981019,0.004801290109753609,4.5235888137540314e-06,0.004801290109753609,4.5235888137540314e-06,0.009814223274588585,0.0064980387687683105,0.009814223274588585,0,10,11,10,11,1,1,1,1,1,1,0.006000000052154064,0.006000000052154064,0.006000000052154064,0,0.020233212038874626,-0.014904544688761234,0.005328667350113392,0.005328667350113392,0.8881112172991305,3.372201977166765,0,0
3004,3,1,5,0.013718884438276291,0.0,0.0018197741592302918,0.0018197741592302918,0.0,0.013718884438276291,0.0,0,1,0.007692307233810425,0.20944694064039504,13,1.661538353333106,0.00392921586230886,0.0030904267446176534,0.013718884438276291,0.0018197741592302918,0.013718884438276291,0.0018197741592302918,0.007837857119739056,0.003232185496017337,0.007837857119739056,0,0,0,6,12,13,13,0,1,1,1,0.0,0.0,0.0,1,0.02031726948916912,-0.013457827037200332,0.006859442451968789,0.006859442451968789,inf,inf,0,0
3004,3,2,0,0.014887726865708828,0.047999998554587364,0.002696741372346878,0.002696741372346878,0.002076923016745308,0.014887726865708828,0.047999998554587364,1,4,0.9076921939849854,0.20944694064039504,13,1.661538353333106,0.009440749461040865,0.006315778059190546,0.033112271688878536,0.0006198183556015702,0.033112271688878536,0.0006198183556015702,0.0040850262157619,0.006226681638509035,0.0040850262157619,0,10,2,10,11,1,1,1,1,0,0,0.017999999225139618,0.012000000104308128,0.012000000104308128,0,0.02385356742888689,0.004428298678249121,0.01942526875063777,0.01942526875063777,1.6187723818155544,1.9877972684619565,0,0
3004,3,2,1,0.01583952084183693,0.044999999925494194,-0.002401379169896245,-0.002401379169896245,0.00207692295226913,0.01583952084183693,0.044999999925494194,1,4,0.9076921939849854,0.20944694064039504,13,1.661538353333106,0.008414642150851404,0.005742695524230512,0.029160479083657265,-0.004478302122165375,0.029160479083657265,0.004478302122165375,0.008547089993953705,0.010071869939565659,0.008547089993953705,0,10,4,10,11,1,1,1,1,0,0,0.015000000596046448,0.014999999664723873,0.014999999664723873,0,0.020886460319161415,0.004396744538098574,0.01648971578106284,0.01648971578106284,1.0993144099757812,1.3924307190673462,0,0
3004,3,2,3,0.013590927235782146,0.0,0.0003938017471227795,0.0003938017471227795,-3.469446951953614e-18,0.013590927235782146,0.0,0,1,0.9076923131942749,0.2094469155167731,13,1.661538461366525,0.0035996295397845435,0.0029075650839939624,0.013590927235782146,0.00039380174712278296,0.013590927235782146,0.00039380174712278296,0.0025242664851248264,0.010227961465716362,0.0025242664851248264,0,0,0,10,1,13,13,0,1,1,1,0.0,0.0,0.0,1,0.009682691656053066,-0.002887228038161993,0.006795463617891073,0.006795463617891073,inf,inf,0,0
3004,3,2,4,0.01507224328815937,0.012000001035630703,-0.0006813894142396748,-0.0006813894142396748,-6.44761778689773e-11,0.01507224328815937,0.012000001035630703,1,3,0.007692307233810425,0.20944694064039504,13,1.661538353333106,0.0033051325860372137,0.0029781759446541943,0.0030722422525286674,-0.0006813893497634969,0.0030722422525286674,0.0006813893497634969,0.004103367682546377,0.009286923334002495,0.004103367682546377,0,10,11,10,1,1,1,1,1,0,0,0.006000000983476639,0.006000000052154064,0.006000000052154064,0,0.010938279330730438,-0.005758230574429035,0.005180048756301403,0.005180048756301403,0.8633414518791063,1.823046539275192,0,0
3004,3,2,5,0.011187378317117691,0.0,0.0027442602440714836,0.0027442602440714836,0.0,0.011187378317117691,0.0,0,1,0.007692307233810425,0.20944694064039504,13,1.661538353333106,0.0032217678019697024,0.002722110985034316,0.011187378317117691,0.0027442602440714836,0.011187378317117691,0.0027442602440714836,0.004480344709008932,0.007449827156960964,0.004480344709008932,0,0,0,11,1,13,13,0,1,1,1,0.0,0.0,0.0,1,0.015071535017341375,-0.009477846091613173,0.005593688925728202,0.005593688925728202,inf,inf,0,0
3004,4,0,1,0.02933596447110176,0.030000001192092896,-0.001313883694820106,-0.001313883694820106,0.0,0.02933596447110176,0.030000001192092896,1,3,0.9076921939849854,0.20944694064039504,13,1.661538353333106,0.00784536788419633,0.005595242262944667,0.0006640367209911346,-0.001313883694820106,0.0006640367209911346,0.001313883694820106,0.010781797580420971,0.014966555871069431,0.010781797580420971,0,10,11,10,3,1,1,1,1,0,0,0.015000000596046448,0.015000000596046448,0.015000000596046448,0,0.07246150262653828,0.057062518782913685,0.015398983843624592,0.015398983843624592,1.0265988821149317,4.830766649811799,0,0
3004,4,0,2,0.030562857165932655,0.038999997079372406,0.00433486420661211,0.00433486420661211,0.0008307667823938547,0.030562857165932655,0.038999997079372406,1,5,0.9076921939849854,0.20944694064039504,13,1.6615383533331063,0.009778298777414486,0.00696530849975947,0.00843713991343975,0.0035040974242182554,0.00843713991343975,0.0035040974242182554,0.006962974090129137,0.01704125851392746,0.006962974090129137,0,10,1,10,3,1,1,1,1,0,0,0.00899999588727951,0.021000005304813385,0.00899999588727951,0,0.07338910177350044,0.05273890867829323,0.020650193095207214,0.020650193095207214,2.2944669479676048,8.154348367784007,0,0
3004,4,0,3,0.027096979320049286,0.0,0.011888869106769562,0.011888869106769562,1.3877787807814457e-17,0.027096979320049286,0.0,0,1,0.9076923131942749,0.2094469155167731,13,1.661538461366525,0.008052773808596857,0.006067364041269179,0.027096979320049286,0.011888869106769548,0.027096979320049286,0.011888869106769548,0.012697541154921055,0.01902465894818306,0.012697541154921055,0,0,0,9,1,13,13,0,1,1,1,0.0,0.0,0.0,1,0.06594194937497377,0.052393459249287844,0.01354849012568593,0.01354849012568593,inf,inf,0,0
3004,4,0,4,0.035556476563215256,0.01199999451637268,-3.9701350033283234e-05,-3.9701350033283234e-05,0.0,0.035556476563215256,0.01199999451637268,1,3,0.9076921939849854,0.20944694064039504,13,1.661538353333106,0.007730912111938078,0.005774514606365791,0.023556482046842575,-3.9701350033283234e-05,0.023556482046842575,3.9701350033283234e-05,0.008324039168655872,0.01443161629140377,0.008324039168655872,0,10,11,10,3,1,1,1,1,0,0,0.00599999725818634,0.00599999725818634,0.00599999725818634,0,0.06737142102792859,0.05259318114258349,0.014778239885345101,0.014778239885345101,2.463041106424142,11.228575302431622,0,0
3004,4,0,5,0.0375736765563488,0.0,-0.0012770952889695764,-0.0012770952889695764,0.0,0.0375736765563488,0.0,0,1,0.9076921939849854,0.20944694064039504,13,1.661538353333106,0.010207082500321749,0.007320585748808977,0.0375736765563488,-0.0012770952889695764,0.0375736765563488,0.0012770952889695764,0.007342679426074028,0.01965765282511711,0.007342679426074028,0,0,0,11,3,13,13,0,1,1,1,0.0,0.0,0.0,1,0.08183473348617554,0.06304789520800114,0.0187868382781744,0.0187868382781744,inf,inf,0,0
3004,4,1,0,0.01613561064004898,0.035999998450279236,0.00265505607239902,0.00265505607239902,0.0,0.01613561064004898,0.035999998450279236,1,3,0.9076921939849854,0.20944694064039504,13,1.661538353333106,0.004533626993650904,0.003166195341336304,0.019864387810230255,0.00265505607239902,0.019864387810230255,0.00265505607239902,0.004317284096032381,0.005304153077304363,0.004317284096032381,0,10,11,10,11,1,1,1,1,1,1,0.017999999225139618,0.017999999225139618,0.017999999225139618,0,0.013593478128314018,-0.0036612837575376034,0.009932194370776415,0.009932194370776415,0.55178859990753,0.7551932618601865,0,0
3004,4,1,2,0.014798766933381557,0.017999999225139618,-0.0009102481999434531,-0.0009102481999434531,-0.0012461538809709811,0.014798766933381557,0.017999999225139618,1,4,0.9076921939849854,0.20944694064039504,13,1.6615383533331063,0.0028987725723295067,0.002369234861927272,0.0032012322917580605,0.00033590568102752805,0.0032012322917580605,0.00033590568102752805,0.003175385296344757,0.004637174773961306,0.003175385296344757,0,10,11,10,8,1,1,1,1,0,0,0.008999999845400453,0.007499999366700649,0.007499999366700649,0,0.012691792799159884,-0.00773297983687371,0.004958812962286174,0.004958812962286174,0.6611751174677263,1.6922391827805148,0,0
3004,4,1,3,0.011737954802811146,0.0,-0.0012786732986569405,-0.0012786732986569405,0.0,0.011737954802811146,0.0,0,1,0.9076923131942749,0.2094469155167731,13,1.661538461366525,0.0031374400579819084,0.0025432409164798855,0.011737954802811146,-0.0012786732986569405,0.011737954802811146,0.0012786732986569405,0.0031816239934414625,0.005251683294773102,0.0031816239934414625,0,0,0,10,8,13,13,0,1,1,1,0.0,0.0,0.0,1,0.008655553683638573,-0.0027865763986483216,0.005868977284990251,0.005868977284990251,inf,inf,0,0
3004,4,1,4,0.013466676697134972,0.012000000104308128,-0.0017072417540475726,-0.0017072417540475726,0.0,0.013466676697134972,0.012000000104308128,1,3,0.9076921939849854,0.20944694064039504,13,1.661538353333106,0.002470242476037018,0.0021473340712179095,0.0014666765928268433,-0.0017072417540475726,0.0014666765928268433,0.0017072417540475726,0.0036295359022915363,0.008474799804389477,0.0036295359022915363,0,10,11,10,11,1,1,1,1,1,1,0.006000000052154064,0.006000000052154064,0.006000000052154064,0,0.009518691338598728,-0.005811264738440514,0.0037074266001582146,0.0037074266001582146,0.6179044279886645,1.586448542643165,0,0
3004,4,1,5,0.00867771077901125,0.0,0.0006869773496873677,0.0006869773496873677,0.0,0.00867771077901125,0.0,0,1,0.9076921939849854,0.20944694064039504,13,1.661538353333106,0.0023646733222071493,0.0020564725297398468,0.00867771077901125,0.0006869773496873677,0.00867771077901125,0.0006869773496873677,0.005563176237046719,0.004394834395498037,0.005563176237046719,0,0,0,6,7,13,13,0,1,1,1,0.0,0.0,0.0,1,0.010334554128348827,-0.0059956987970508635,0.004338855331297964,0.004338855331297964,inf,inf,0,0
3004,4,2,0,0.012626993469893932,0.047999998554587364,0.002610792638733983,0.002610792638733983,0.002076923016745308,0.012626993469893932,0.047999998554587364,1,4,0.9076921939849854,0.20944694064039504,13,1.661538353333106,0.01012195396862304,0.006478099240618344,0.03537300508469343,0.0005338696219886752,0.03537300508469343,0.0005338696219886752,0.00518248975276947,0.008285127580165863,0.00518248975276947,0,10,2,12,11,1,1,1,0,0,0,0.017999999225139618,0.012000000104308128,0.012000000104308128,0,0.03100411966443062,0.008322441019117832,0.022681678645312786,0.022681678645312786,1.8901398706796528,2.5836766162443454,0,0
3004,4,2,1,0.01548000331968069,0.03000000026077032,-0.0006688347202725708,-0.0006688347202725708,-6.44761778689773e-11,0.01548000331968069,0.03000000026077032,1,3,0.9076921939849854,0.20944694064039504,13,1.661538353333106,0.004307150532763114,0.0033117130222405206,0.01451999694108963,-0.000668834655796393,0.01451999694108963,0.000668834655796393,0.005699855741113424,0.007345759775489569,0.005699855741113424,0,10,11,12,11,1,1,1,0,1,0,0.015000000596046448,0.014999999664723873,0.014999999664723873,0,0.009698113426566124,-0.001519612967967987,0.008178500458598137,0.008178500458598137,0.5452333760934581,0.6465409095557237,0,0
3004,4,2,3,0.009964710101485252,0.0,-0.0020905681885778904,-0.0020905681885778904,-3.469446951953614e-18,0.009964710101485252,0.0,0,1,0.9076923131942749,0.2094469155167731,13,1.661538461366525,0.0032077406380625834,0.0029104393879337423,0.009964710101485252,-0.002090568188577887,0.009964710101485252,0.002090568188577887,0.004341503139585257,0.005672217346727848,0.004341503139585257,0,0,0,6,1,13,13,0,1,1,1,0.0,0.0,0.0,1,0.005843643099069595,0.0008612880483269691,0.004982355050742626,0.004982355050742626,inf,inf,0,0
3004,4,2,4,0.013784145005047321,0.012000001035630703,-0.0029872606974095106,-0.0029872606974095106,-6.44761778689773e-11,0.013784145005047321,0.012000001035630703,1,3,0.9076921939849854,0.20944694064039504,13,1.661538353333106,0.003628228503945345,0.0029571806493948194,0.0017841439694166183,-0.0029872606329333327,0.0017841439694166183,0.0029872606329333327,0.005469482857733965,0.007234855089336634,0.005469482857733965,0,10,11,12,1,1,1,1,0,0,0,0.006000000983476639,0.006000000052154064,0.006000000052154064,0,0.008960599079728127,0.002068526577204466,0.006892072502523661,0.006892072502523661,1.1486787404358993,1.4934331669732528,0,0
3004,4,2,5,0.00896515790373087,0.0,0.0014933031052350998,0.0014933031052350998,0.0,0.00896515790373087,0.0,0,1,0.9076921939849854,0.20944694064039504,13,1.661538353333106,0.0024375716597065944,0.0019424889655508234,0.00896515790373087,0.0014933031052350998,0.00896515790373087,0.0014933031052350998,0.0048345960676670074,0.006525211501866579,0.0048345960676670074,0,0,0,6,1,13,13,0,1,1,1,0.0,0.0,0.0,1,0.007943200878798962,-0.003460621926933527,0.004482578951865435,0.004482578951865435,inf,inf,0,0
3004,5,0,1,0.013101302087306976,0.029999999329447746,0.0005396919441409409,0.0005396919441409409,-3.2238088717648217e-11,0.013101302087306976,0.029999999329447746,1,3,0.9076921939849854,0.20944694064039504,13,1.661538353333106,0.00447214512352894,0.0035799298650370194,0.01689869724214077,0.0005396919763790296,0.01689869724214077,0.0005396919763790296,0.007475757971405983,0.004237724933773279,0.007475757971405983,0,10,11,2,11,1,1,1,0,1,0,0.014999999897554517,0.01499999943189323,0.01499999943189323,0,0.017477884888648987,0.009012903086841106,0.00846498180180788,0.00846498180180788,0.5643321414939194,1.1651923700401774,0,0
3004,5,0,2,0.01771889440715313,0.017999999225139618,0.0028791928198188543,0.0028791928198188543,0.001246153848732892,0.01771889440715313,0.017999999225139618,1,4,0.9076921939849854,0.20944694064039504,13,1.6615383533331063,0.0029369255042876598,0.0022077454578134192,0.00028110481798648834,0.0016330389710859624,0.00028110481798648834,0.0016330389710859624,0.00398115674033761,0.005717060994356871,0.00398115674033761,0,10,11,2,11,1,1,1,0,1,0,0.007499999599531293,0.008999999612569809,0.007499999599531293,0,0.01794666051864624,0.012166192755103111,0.005780467763543129,0.005780467763543129,0.7707290762928007,2.3928881969230775,0,0
3004,5,0,3,0.010713232681155205,0.0,-0.0012710996670648456,-0.0012710996670648456,0.0,0.010713232681155205,0.0,0,1,0.9076923131942749,0.2094469155167731,13,1.661538461366525,0.002688432419892801,0.0019943542150262544,0.010713232681155205,-0.0012710996670648456,0.010713232681155205,0.0012710996670648456,0.004643449559807777,0.005359269678592682,0.004643449559807777,0,0,0,2,12,13,13,0,1,1,1,0.0,0.0,0.0,1,0.016800808953121305,0.011444192845374346,0.005356616107746959,0.005356616107746959,inf,inf,0,0
3004,5,0,4,0.014565358869731426,0.0360000014770776,-0.0014670789241790771,-0.0014670789241790771,-0.024923077168086376,0.014565358869731426,0.0360000014770776,1,4,0.9076921939849854,0.20944694064039504,13,1.661538353333106,0.007952230292808424,0.004841763972574791,0.021434642607346177,0.0234559982439073,0.021434642607346177,0.0234559982439073,0.007910801097750664,0.006023297552019358,0.007910801097750664,0,10,4,2,11,1,1,1,0,0,0,0.006000000983476639,0.023999999510124326,0.006000000983476639,0,0.023680434562265873,-0.008125789347104728,0.015554645215161145,0.015554645215161145,2.5924404442594216,3.946738446790135,0,0
3004,5,0,5,0.011321766301989555,0.0,-0.0013176905922591686,-0.0013176905922591686,2.168404344971009e-19,0.011321766301989555,0.0,0,1,0.9076921939849854,0.20944694064039504,13,1.661538353333106,0.0031259272328340118,0.002570435311094191,0.011321766301989555,-0.0013176905922591688,0.011321766301989555,0.0013176905922591688,0.005241286940872669,0.004805779084563255,0.005241286940872669,0,0,0,2,7,13,13,0,1,1,1,0.0,0.0,0.0,1,0.01378726796247065,0.00812638457864523,0.005660883383825421,0.005660883383825421,inf,inf,0,0
3004,5,1,0,0.016039660200476646,0.035999998450279236,0.0022049450781196356,0.0022049450781196356,9.671426680346595e-11,0.016039660200476646,0.035999998450279236,1,3,0.9076921939849854,0.20944694064039504,13,1.661538353333106,0.004532725017069561,0.003181039157307007,0.01996033824980259,0.0022049449814053688,0.01996033824980259,0.0022049449814053688,0.005109069403260946,0.0034482234623283148,0.005109069403260946,0,10,11,10,11,1,1,1,1,1,1,0.017999998526647687,0.01799999992363155,0.017999998526647687,0,0.016937741776928306,-0.0069575723027810454,0.00998016947414726,0.00998016947414726,0.5544539050585113,0.9409857312962117,0,0
3004,5,1,2,0.012208022177219391,0.017999999225139618,-0.0013319129357114434,-0.0013319129357114434,0.001246153848732892,0.012208022177219391,0.017999999225139618,1,4,0.9076921939849854,0.20944694064039504,13,1.6615383533331063,0.002786387203179944,0.0024045349061544213,0.005791977047920227,-0.0025780667844443354,0.005791977047920227,0.0025780667844443354,0.002035943092778325,0.0025950970593839884,0.002035943092778325,0,10,11,10,11,1,1,1,1,1,1,0.007499999599531293,0.008999999612569809,0.007499999599531293,0,0.00808198656886816,-0.003819073084741831,0.004262913484126329,0.004262913484126329,0.5683884948997513,1.0775982667216726,0,0
3004,5,1,3,0.009536203928291798,0.0,-0.0019613902550190687,-0.0019613902550190687,0.0,0.009536203928291798,0.0,0,1,0.9076923131942749,0.2094469155167731,13,1.661538461366525,0.0024562946124015877,0.0019244258043603535,0.009536203928291798,-0.0019613902550190687,0.009536203928291798,0.0019613902550190687,0.003865417093038559,0.0034377113915979862,0.003865417093038559,0,0,0,10,12,13,13,0,1,1,1,0.0,0.0,0.0,1,0.008577801985666156,-0.003809699905104935,0.004768102080561221,0.004768102080561221,inf,inf,0,0
3004,5,1,4,0.013237136416137218,0.012000000104308128,0.0001201961058541201,0.0001201961058541201,-3.223808893448865e-11,0.013237136416137218,0.012000000104308128,1,3,0.9076921939849854,0.20944694064039504,13,1.661538353333106,0.0020528447670633077,0.001655328675526602,0.0012371363118290901,0.00012019613809220904,0.0012371363118290901,0.00012019613809220904,0.006268730387091637,0.0026946698781102896,0.006268730387091637,0,10,11,10,11,1,1,1,1,1,1,0.006000000284984708,0.0059999998193234205,0.0059999998193234205,0,0.009046417893841863,-0.005318711588188307,0.0037277063056535553,0.0037277063056535553,0.6212844029841826,1.5077363610424186,0,0
3004,5,1,5,0.007006545551121235,0.0,0.0003205208049621433,0.0003205208049621433,2.168404344971009e-19,0.007006545551121235,0.0,0,1,0.9076921939849854,0.20944694064039504,13,1.661538353333106,0.0019831503565467504,0.0015930932624122272,0.007006545551121235,0.0003205208049621431,0.007006545551121235,0.0003205208049621431,0.0037604619283229113,0.00389235932379961,0.0037604619283229113,0,0,0,10,12,13,13,0,1,1,1,0.0,0.0,0.0,1,0.009903263067826629,-0.006399990350473672,0.0035032727173529565,0.0035032727173529565,inf,inf,0,0
3004,5,2,0,0.019586358219385147,0.04799999762326479,0.003707694821059704,0.003707694821059704,0.00207692295226913,0.019586358219385147,0.04799999762326479,1,4,0.9076921939849854,0.20944694064039504,13,1.661538353333106,0.008404454949740493,0.005311721362746679,0.028413639403879642,0.0016307718687905738,0.028413639403879642,0.0016307718687905738,0.006067348178476095,0.00457302201539278,0.006067348178476095,0,10,2,10,11,1,1,1,1,0,0,0.017999999225139618,0.011999999172985554,0.011999999172985554,0,0.02215721271932125,0.0038498323410749435,0.018307380378246307,0.018307380378246307,1.525615136662672,1.8464345205291062,0,0
3004,5,2,1,0.01253469567745924,0.03000000026077032,0.0008203249308280647,0.0008203249308280647,-6.44761778689773e-11,0.01253469567745924,0.03000000026077032,1,3,0.9076921939849854,0.20944694064039504,13,1.661538353333106,0.004402435756306201,0.0032294400411068333,0.01746530458331108,0.0008203249953042425,0.01746530458331108,0.0008203249953042425,0.006945784203708172,0.0062509868294000626,0.006945784203708172,0,10,11,10,11,1,1,1,1,1,1,0.015000000596046448,0.014999999664723873,0.014999999664723873,0,0.015386762097477913,-0.0066541098058223724,0.00873265229165554,0.00873265229165554,0.582176832456369,1.0257841627599236,0,0
3004,5,2,3,0.010278329253196716,0.0,-0.0002495672961231321,-0.0002495672961231321,0.0,0.010278329253196716,0.0,0,1,0.9076923131942749,0.2094469155167731,13,1.661538461366525,0.0032986887746140913,0.00272729417540618,0.010278329253196716,-0.0002495672961231321,0.010278329253196716,0.0002495672961231321,0.005358620546758175,0.008441687561571598,0.005358620546758175,0,0,0,10,12,13,13,0,1,1,1,0.0,0.0,0.0,1,0.010429717600345612,-0.005290552973747253,0.005139164626598358,0.005139164626598358,inf,inf,0,0
3004,5,2,4,0.012225995771586895,0.012000001035630703,-0.0005454067140817642,-0.0005454067140817642,-6.44761778689773e-11,0.012225995771586895,0.012000001035630703,1,3,0.9076921939849854,0.20944694064039504,13,1.661538353333106,0.0022205255936467118,0.0017264197586027129,0.00022599473595619202,-0.0005454066496055864,0.00022599473595619202,0.0005454066496055864,0.005306579172611237,0.003775109304115176,0.005306579172611237,0,10,11,10,11,1,1,1,1,1,1,0.006000000983476639,0.006000000052154064,0.006000000052154064,0,0.007718950510025024,-0.003521234728395939,0.0041977157816290855,0.0041977157816290855,0.6996192908568494,1.2864917404882086,0,0
3004,5,2,5,0.009048458188772202,0.0,0.0005950229824520648,0.0005950229824520648,-3.469446951953614e-18,0.009048458188772202,0.0,0,1,0.9076921939849854,0.20944694064039504,13,1.661538353333106,0.002568612922251334,0.0021587159131934656,0.009048458188772202,0.0005950229824520682,0.009048458188772202,0.0005950229824520682,0.0029782457277178764,0.00911207590252161,0.0029782457277178764,0,0,0,6,12,13,13,0,1,1,1,0.0,0.0,0.0,1,0.012253498658537865,-0.007729269564151764,0.004524229094386101,0.004524229094386101,inf,inf,0,0
3004,6,0,1,0.019118603318929672,0.029999999329447746,0.003541120095178485,0.003541120095178485,0.0,0.019118603318929672,0.029999999329447746,1,3,0.9076921939849854,0.20944694064039504,13,1.661538353333106,0.0043313091184547965,0.00390012582113757,0.010881396010518074,0.003541120095178485,0.010881396010518074,0.003541120095178485,0.006733370944857597,0.0025732512585818768,0.006733370944857597,0,10,11,10,11,1,1,1,1,1,1,0.014999999664723873,0.014999999664723873,0.014999999664723873,0,0.028542205691337585,-0.022174404934048653,0.006367800757288933,0.006367800757288933,0.4245200599746916,1.9028137552870408,1,0
3004,6,0,2,0.02390410378575325,0.017999999225139618,-0.003751081181690097,-0.003751081181690097,-0.0012461538809709811,0.02390410378575325,0.017999999225139618,1,4,0.9076921939849854,0.20944694064039504,13,1.6615383533331063,0.0033903918942475063,0.0031716482460322467,0.005904104560613632,-0.002504927300719116,0.005904104560613632,0.002504927300719116,0.004447343293577433,0.006391807459294796,0.004447343293577433,0,10,11,10,11,1,1,1,1,1,1,0.008999999845400453,0.007499999366700649,0.007499999366700649,0,0.03056951309554279,-0.025809413520619273,0.004760099574923515,0.004760099574923515,0.6346799969154594,4.07593542357734,0,0
3004,6,0,3,0.013696828857064247,0.0,-0.0029433034360408783,-0.0029433034360408783,0.0,0.013696828857064247,0.0,0,1,0.9076923131942749,0.2094469155167731,13,1.661538461366525,0.00410789696034067,0.003213204972490051,0.013696828857064247,-0.0029433034360408783,0.013696828857064247,0.0029433034360408783,0.006524568423628807,0.00609253253787756,0.006524568423628807,0,0,0,8,1,13,13,0,1,1,1,0.0,0.0,0.0,1,0.030982522293925285,-0.024134107865393162,0.0068484144285321236,0.0068484144285321236,inf,inf,0,0
3004,6,0,4,0.02403002232313156,0.03599999938160181,0.0018823019927367568,0.0018823019927367568,0.0020769230167453096,0.02403002232313156,0.03599999938160181,1,4,0.9076921939849854,0.20944694064039504,13,1.661538353333106,0.009120252721311943,0.006000358258655084,0.01196997705847025,-0.00019462102400855281,0.01196997705847025,0.00019462102400855281,0.0037946817465126514,0.004720231518149376,0.0037946817465126514,0,10,1,10,11,1,1,1,1,0,0,0.006000000052154064,0.023999999277293682,0.006000000052154064,0,0.03180883079767227,-0.01308252103626728,0.01872630976140499,0.01872630976140499,3.1210515997715778,5.301471753529829,0,0
3004,6,0,5,0.017712436616420746,0.0,-0.0019408412044867873,-0.0019408412044867873,0.0,0.017712436616420746,0.0,0,1,0.9076921939849854,0.20944694064039504,13,1.661538353333106,0.004134739284187945,0.003168849505969053,0.017712436616420746,-0.0019408412044867873,0.017712436616420746,0.0019408412044867873,0.003430717159062624,0.0050070988945662975,0.003430717159062624,0,0,0,8,6,13,13,0,1,1,1,0.0,0.0,0.0,1,0.03274275362491608,-0.023886535316705704,0.008856218308210373,0.008856218308210373,inf,inf,0,0
3004,6,1,0,0.0173611082136631,0.035999998450279236,0.0010428744135424495,0.0010428744135424495,0.0,0.0173611082136631,0.035999998450279236,1,3,0.007692307233810425,0.20944694064039504,13,1.661538353333106,0.004311504880149336,0.0031611739531071225,0.018638890236616135,0.0010428744135424495,0.018638890236616135,0.0010428744135424495,0.003811683040112257,0.005311019252985716,0.003811683040112257,0,10,11,10,11,1,1,1,1,1,1,0.017999999225139618,0.017999999225139618,0.017999999225139618,0,0.017386061139404774,-0.008066615555435419,0.009319445583969355,0.009319445583969355,0.5177469991750552,0.9658923271020262,0,0
3004,6,1,2,0.012994805350899696,0.017999999225139618,-0.0010675570229068398,-0.0010675570229068398,-0.0012461538809709811,0.012994805350899696,0.017999999225139618,1,4,0.9076921939849854,0.20944694064039504,13,1.6615383533331063,0.0025089796647964923,0.0019115835687244787,0.005005193874239922,0.00017859685806414127,0.005005193874239922,0.00017859685806414127,0.0028364667668938637,0.0074177999049425125,0.0028364667668938637,0,10,11,10,11,1,1,1,1,1,1,0.008999999845400453,0.007499999366700649,0.007499999366700649,0,0.015353479189798236,-0.010465507628396153,0.0048879715614020824,0.0048879715614020824,0.6517295965522684,2.0471307314993066,0,0
3004,6,1,3,0.013048795983195305,0.0,-0.001387032214552164,-0.001387032214552164,0.0,0.013048795983195305,0.0,0,1,0.9076923131942749,0.2094469155167731,13,1.661538461366525,0.00278772842570851,0.0018402873965520303,0.013048795983195305,-0.001387032214552164,0.013048795983195305,0.001387032214552164,0.004695346113294363,0.004668119363486767,0.004695346113294363,0,0,0,10,12,13,13,0,1,1,1,0.0,0.0,0.0,1,0.011085115373134613,-0.004560717148706317,0.006524398224428296,0.006524398224428296,inf,inf,0,0
3004,6,1,4,0.014350645244121552,0.012000000104308128,0.002606811700388789,0.002606811700388789,0.0,0.014350645244121552,0.012000000104308128,1,3,0.9076921939849854,0.20944694064039504,13,1.661538353333106,0.0023163848901138714,0.001705387679545881,0.002350645139813423,0.002606811700388789,0.002350645139813423,0.002606811700388789,0.0036145951598882675,0.007954268716275692,0.0036145951598882675,0,10,11,10,11,1,1,1,1,1,1,0.006000000052154064,0.006000000052154064,0.006000000052154064,0,0.013538175262510777,-0.008936652215197682,0.004601523047313094,0.004601523047313094,0.7669205012191789,2.2563625241387166,0,0
3004,6,1,5,0.008338152430951595,0.0,0.001544103492051363,0.001544103492051363,0.0,0.008338152430951595,0.0,0,1,0.9076921939849854,0.20944694064039504,13,1.661538353333106,0.002142560439164253,0.0015600611560443452,0.008338152430951595,0.001544103492051363,0.008338152430951595,0.001544103492051363,0.0038262384478002787,0.003509702393785119,0.0038262384478002787,0,0,0,5,12,13,13,0,1,1,1,0.0,0.0,0.0,1,0.013845826499164104,-0.009676750283688307,0.004169076215475798,0.004169076215475798,inf,inf,0,0
3004,6,2,0,0.021320154890418053,0.047999998554587364,0.0018396894447505474,0.0018396894447505474,0.002076923016745308,0.021320154890418053,0.047999998554587364,1,4,0.007692307233810425,0.20944694064039504,13,1.661538353333106,0.008780551518355639,0.0053635922170343344,0.02667984366416931,-0.00023723357199476047,0.02667984366416931,0.00023723357199476047,0.004194050095975399,0.002874848898500204,0.004194050095975399,0,10,2,10,11,1,1,1,1,0,0,0.017999999225139618,0.012000000104308128,0.012000000104308128,0,0.018961098045110703,0.0009538935264572501,0.018007204518653452,0.018007204518653452,1.5006003635107197,1.5800914900245264,0,0
3004,6,2,1,0.019777394831180573,0.03000000026077032,-0.0029788294341415167,-0.0029788294341415167,-6.44761778689773e-11,0.019777394831180573,0.03000000026077032,1,3,0.9076921939849854,0.20944694064039504,13,1.661538353333106,0.0032758315430709453,0.002319802249059875,0.010222605429589748,-0.002978829369665339,0.010222605429589748,0.002978829369665339,0.006446999963372946,0.005683098919689655,0.006446999963372946,0,10,11,10,11,1,1,1,1,1,1,0.015000000596046448,0.014999999664723873,0.014999999664723873,0,0.013014771044254303,-0.006011804332956672,0.007002966711297631,0.007002966711297631,0.4668644578550759,0.8676514223438074,1,0
3004,6,2,3,0.02129627764225006,0.0,-0.0009531366522423923,-0.0009531366522423923,-3.469446951953614e-18,0.02129627764225006,0.0,0,1,0.9076923131942749,0.2094469155167731,13,1.661538461366525,0.004747686902099346,0.0029849893573296845,0.02129627764225006,-0.0009531366522423888,0.02129627764225006,0.0009531366522423888,0.003442749148234725,0.008789323270320892,0.003442749148234725,0,0,0,10,9,13,13,0,1,1,1,0.0,0.0,0.0,1,0.015008727088570595,-0.004360588267445564,0.01064813882112503,0.01064813882112503,inf,inf,0,0
3004,6,2,4,0.020516028627753258,0.036000000312924385,0.0013477952452376485,0.0013477952452376485,0.0020769229522691335,0.020516028627753258,0.036000000312924385,1,4,0.9076921939849854,0.20944694064039504,13,1.661538353333106,0.00810989288490615,0.004946350434122706,0.015483971685171127,-0.000729127707031485,0.015483971685171127,0.000729127707031485,0.003633440937846899,0.007077340502291918,0.003633440937846899,0,10,2,10,9,1,1,1,1,0,0,0.006000000983476639,0.023999999277293682,0.006000000983476639,0,0.019617761485278606,0.0026649986393749714,0.016952762845903635,0.016952762845903635,2.825460011188287,3.2696263782795745,0,0
3004,6,2,5,0.010946905240416527,0.0,0.00023281598987523466,0.00023281598987523466,0.0,0.010946905240416527,0.0,0,1,0.9076921939849854,0.20944694064039504,13,1.661538353333106,0.002793711321700861,0.002110114987917553,0.010946905240416527,0.00023281598987523466,0.010946905240416527,0.00023281598987523466,0.0027289369609206915,0.00644787959754467,0.0027289369609206915,0,0,0,10,1,13,13,0,1,1,1,0.0,0.0,0.0,1,0.013782647904008627,-0.008309195516631007,0.00547345238737762,0.00547345238737762,inf,inf,0,0
3004,7,0,1,0.014980902895331383,0.02999999839812517,0.0006699853693135083,0.0006699853693135083,-6.447617439953035e-11,0.014980902895331383,0.02999999839812517,1,3,0.9076921939849854,0.20944694064039504,13,1.661538353333106,0.004322025600572139,0.0036039509474349446,0.015019095502793789,0.0006699854337896827,0.015019095502793789,0.0006699854337896827,0.0043626464903354645,0.0031497282907366753,0.0043626464903354645,0,10,11,10,11,1,1,1,1,1,1,0.014999999664723873,0.014999998733401299,0.014999998733401299,0,0.020714983344078064,0.013205435825511813,0.007509547518566251,0.007509547518566251,0.5006365435114565,1.3809990062166408,0,0
3004,7,0,2,0.017173487693071365,0.01799999736249447,-0.0031122907530516386,-0.0031122907530516386,0.0012461531394949363,0.017173487693071365,0.01799999736249447,1,4,0.9076921939849854,0.20944694064039504,13,1.6615383533331063,0.0032325813745957455,0.0024789003875745823,0.0008265096694231033,-0.004358443892546575,0.0008265096694231033,0.004358443892546575,0.005084380507469177,0.0033820192329585552,0.005084380507469177,0,10,11,1,11,1,1,1,0,1,0,0.007500000298023224,0.00899999774992466,0.007500000298023224,0,0.025046393740922213,0.018598182359710336,0.006448211381211877,0.006448211381211877,0.8597614833310651,3.339519032755731,0,0
3004,7,0,3,0.011904405429959297,0.0,-0.0029414957389235497,-0.0029414957389235497,3.469446951953614e-18,0.011904405429959297,0.0,0,1,0.9076923131942749,0.2094469155167731,13,1.661538461366525,0.0033296642136381566,0.0024734903126955032,0.011904405429959297,-0.002941495738923553,0.011904405429959297,0.002941495738923553,0.005158688873052597,0.00750183267518878,0.005158688873052597,0,0,0,8,6,13,13,0,1,1,1,0.0,0.0,0.0,1,0.020664287731051445,0.014712085016071796,0.005952202714979649,0.005952202714979649,inf,inf,0,0
3004,7,0,4,0.017669782042503357,0.03599999914877117,-0.0038495901972055435,-0.0038495901972055435,-0.008307692260409769,0.017669782042503357,0.03599999914877117,1,4,0.9076921939849854,0.20944694064039504,13,1.661538353333106,0.012254663362106602,0.010893842618714069,0.01833021710626781,0.004458102063204225,0.01833021710626781,0.004458102063204225,0.003233312861993909,0.006303636357188225,0.003233312861993909,0,1,11,1,11,4,1,0,1,1,1,0.0,0.0059999991208314896,0.0,1,0.018563576973974705,0.0010754164541140199,0.017488160519860685,0.017488160519860685,inf,inf,0,0
3004,7,0,5,0.015281879343092442,0.0,-0.001125324866734445,-0.001125324866734445,3.469446951953614e-18,0.015281879343092442,0.0,0,1,0.9076921939849854,0.20944694064039504,13,1.661538353333106,0.0037483442798390454,0.0028366199584358184,0.015281879343092442,-0.0011253248667344486,0.015281879343092442,0.0011253248667344486,0.005048979073762894,0.008562535978853703,0.005048979073762894,0,0,0,8,6,13,13,0,1,1,1,0.0,0.0,0.0,1,0.025175561429932714,0.01753462164197117,0.007640939787961543,0.007640939787961543,inf,inf,0,0
3004,7,1,0,0.016600722447037697,0.035999998450279236,0.0017626270418986678,0.0017626270418986678,-3.223808850080778e-11,0.016600722447037697,0.035999998450279236,1,3,0.9076921939849854,0.20944694064039504,13,1.661538353333106,0.004667757449655622,0.0035372144300159967,0.01939927600324154,0.0017626270741367563,0.01939927600324154,0.0017626270741367563,0.0023020468652248383,0.004596864338964224,0.0023020468652248383,0,10,11,10,11,1,1,1,1,1,1,0.01799999945797026,0.017999998992308974,0.017999998992308974,0,0.019637597259134054,-0.009937959490343928,0.009699637768790126,0.009699637768790126,0.5388687951001875,1.090977686583471,0,0
3004,7,1,2,0.0122876251116395,0.017999999225139618,-0.0014419411309063435,-0.0014419411309063435,0.0012461538487328924,0.0122876251116395,0.017999999225139618,1,4,0.9076921939849854,0.20944694064039504,13,1.6615383533331063,0.0036817033505116225,0.0033570808198677715,0.005712374113500118,-0.002688094979639236,0.005712374113500118,0.002688094979639236,0.00228712847456336,0.005906291771680117,0.00228712847456336,0,10,11,6,12,1,1,1,0,0,0,0.007499999599531293,0.008999999612569809,0.007499999599531293,0,0.01546649169176817,-0.00932267913594842,0.00614381255581975,0.00614381255581975,0.8191750511831631,2.0621990023485783,0,0
3004,7,1,3,0.011492403224110603,0.0,-0.0007688756450079381,-0.0007688756450079381,0.0,0.011492403224110603,0.0,0,1,0.9076923131942749,0.2094469155167731,13,1.661538461366525,0.0025971852046377105,0.0017942963884426998,0.011492403224110603,-0.0007688756450079381,0.011492403224110603,0.0007688756450079381,0.003858047304674983,0.0059112561866641045,0.003858047304674983,0,0,0,10,12,13,13,0,1,1,1,0.0,0.0,0.0,1,0.01296243048273027,-0.007216229103505611,0.005746201379224658,0.005746201379224658,inf,inf,0,0
3004,7,1,4,0.011826062574982643,0.011999999871477485,0.0019270200282335281,0.0019270200282335281,-1.6119044033563457e-11,0.011826062574982643,0.011999999871477485,1,3,0.9076921939849854,0.20944694064039504,13,1.661538353333106,0.002654662806804828,0.0021666832593374356,0.00017393729649484158,0.0019270200443525722,0.00017393729649484158,0.0019270200443525722,0.0021136265713721514,0.005135362036526203,0.0021136265713721514,0,10,11,10,11,1,1,1,1,1,1,0.006000000052154064,0.0059999998193234205,0.0059999998193234205,0,0.01509076519869268,-0.010872211074456573,0.004218554124236107,0.004218554124236107,0.7030923752114053,2.5151276088528887,0,0
3004,7,1,5,0.008406274020671844,0.0,0.0019067422254011035,0.0019067422254011035,8.673617379884035e-19,0.008406274020671844,0.0,0,1,0.9076921939849854,0.20944694064039504,13,1.661538353333106,0.0023982254042327553,0.0019376817429383126,0.008406274020671844,0.0019067422254011026,0.008406274020671844,0.0019067422254011026,0.004785318858921528,0.0061937784776091576,0.004785318858921528,0,0,0,10,12,13,13,0,1,1,1,0.0,0.0,0.0,1,0.01589647284708917,-0.01169333583675325,0.004203137010335922,0.004203137010335922,inf,inf,0,0
3004,7,2,0,0.016339128836989403,0.035999998450279236,-0.004375999327749014,-0.004375999327749014,-3.469446951953614e-18,0.016339128836989403,0.035999998450279236,1,3,0.9076921939849854,0.20944694064039504,13,1.661538353333106,0.0051538181266852275,0.004139479955096217,0.019660869613289833,-0.00437599932774901,0.019660869613289833,0.00437599932774901,0.005655304994434118,0.007476164028048515,0.005655304994434118,0,10,11,10,11,1,1,1,1,1,1,0.017999999225139618,0.017999999225139618,0.017999999225139618,0,0.012220611795783043,0.0023901769891381264,0.009830434806644917,0.009830434806644917,0.5461352905457509,0.6789229067696392,0,0
3004,7,2,1,0.015194461680948734,0.03000000026077032,-0.0009798997780308127,-0.0009798997780308127,-6.44761778689773e-11,0.015194461680948734,0.03000000026077032,1,3,0.9076921939849854,0.20944694064039504,13,1.661538353333106,0.005258876266352525,0.004435198006809816,0.014805538579821587,-0.0009798997135546349,0.014805538579821587,0.0009798997135546349,0.0022833074908703566,0.006401728838682175,0.0022833074908703566,0,10,11,10,12,1,1,1,1,0,0,0.015000000596046448,0.014999999664723873,0.014999999664723873,0,0.011603505350649357,0.0027454039081931114,0.008858101442456245,0.008858101442456245,0.5905401093633498,0.7735670406671945,0,0
3004,7,2,3,0.017652569338679314,0.0,0.0018087619682773948,0.0018087619682773948,0.0,0.017652569338679314,0.0,0,1,0.9076923131942749,0.2094469155167731,13,1.661538461366525,0.0046493373839199,0.0038125878695905563,0.017652569338679314,0.0018087619682773948,0.017652569338679314,0.0018087619682773948,0.006313061807304621,0.011504074558615685,0.006313061807304621,0,0,0,10,2,13,13,0,1,1,1,0.0,0.0,0.0,1,0.012295428663492203,0.003469143994152546,0.008826284669339657,0.008826284669339657,inf,inf,0,0
3004,7,2,4,0.013052706606686115,0.03599999938160181,0.002757725305855274,0.002757725305855274,0.0020769228877929556,0.013052706606686115,0.03599999938160181,1,4,0.9076921939849854,0.20944694064039504,13,1.661538353333106,0.007926474655051774,0.004750174233282106,0.022947292774915695,0.0006808024180623186,0.022947292774915695,0.0006808024180623186,0.0030880935955792665,0.007520169951021671,0.0030880935955792665,0,10,2,10,12,1,1,1,1,0,0,0.006000000983476639,0.023999998345971107,0.006000000983476639,0,0.027166870422661304,0.010345363058149815,0.01682150736451149,0.01682150736451149,2.80358410120867,4.527810994944161,0,0
3004,7,2,5,0.012371251359581947,0.0,-0.0024363978300243616,-0.0024363978300243616,-3.469446951953614e-18,0.012371251359581947,0.0,0,1,0.9076921939849854,0.20944694064039504,13,1.661538353333106,0.0037497264850128364,0.0032750615883155687,0.012371251359581947,-0.002436397830024358,0.012371251359581947,0.002436397830024358,0.0036270655691623688,0.009989786893129349,0.0036270655691623688,0,0,0,10,2,13,13,0,1,1,1,0.0,0.0,0.0,1,0.007003422826528549,-0.0008177971467375755,0.006185625679790974,0.006185625679790974,inf,inf,0,0
3004,8,0,1,0.021407969295978546,0.029999999329447746,-0.0008701083133928478,-0.0008701083133928478,-3.2238088717648217e-11,0.021407969295978546,0.029999999329447746,1,3,0.9076921939849854,0.20944694064039504,13,1.661538353333106,0.003785671244700653,0.003218353682572363,0.0085920300334692,-0.0008701082811547591,0.0085920300334692,0.0008701082811547591,0.004966673906892538,0.008703245781362057,0.004966673906892538,0,10,11,10,11,1,1,1,1,1,1,0.014999999897554517,0.01499999943189323,0.01499999943189323,0,0.008055761689320207,0.0018561665201559663,0.00619959516916424,0.00619959516916424,0.41330636026442547,0.5370507996281602,1,0
3004,8,0,2,0.02092190459370613,0.017999999225139618,-0.0028399527072906494,-0.0028399527072906494,0.001246153848732892,0.02092190459370613,0.017999999225139618,1,4,0.9076921939849854,0.20944694064039504,13,1.6615383533331063,0.0035256157153989408,0.002756998768681109,0.002921905368566513,-0.004086106556023541,0.002921905368566513,0.004086106556023541,0.003635568544268608,0.006702499929815531,0.003635568544268608,0,10,11,2,11,1,1,1,0,1,0,0.007499999599531293,0.008999999612569809,0.007499999599531293,0,0.009651988744735718,0.00299860502127558,0.006653383723460138,0.006653383723460138,0.8871178771630783,1.286931901348223,0,0
3004,8,0,3,0.009746911004185677,0.0,-0.0032547861337661743,-0.0032547861337661743,0.0,0.009746911004185677,0.0,0,1,0.007692308165132999,0.2094469155167731,13,1.661538461366525,0.0030680088663071437,0.0026809769522773445,0.009746911004185677,-0.0032547861337661743,0.009746911004185677,0.0032547861337661743,0.004359327256679535,0.005370986182242632,0.004359327256679535,0,0,0,8,11,13,13,0,1,1,1,0.0,0.0,0.0,1,0.006249485770240426,-0.0013760302681475878,0.004873455502092838,0.004873455502092838,inf,inf,0,0
3004,8,0,4,0.02092692255973816,0.036000000312924385,-0.0009939651936292648,-0.0009939651936292648,-0.008307692421600215,0.02092692255973816,0.036000000312924385,1,4,0.9076921939849854,0.20944694064039504,13,1.661538353333106,0.011954693838684544,0.01069713956552431,0.015073077753186226,0.00731372722797095,0.015073077753186226,0.00731372722797095,0.004029335454106331,0.007136480882763863,0.004029335454106331,0,1,11,10,11,4,1,0,0,1,0,0.0,0.0059999998193234205,0.0,1,0.03229667927371338,-0.014742337312782183,0.017554341960931197,0.017554341960931197,inf,inf,0,0
3004,8,0,5,0.009422658011317253,0.0,-0.0008121677674353123,-0.0008121677674353123,2.168404344971009e-19,0.009422658011317253,0.0,0,1,0.9076921939849854,0.20944694064039504,13,1.661538353333106,0.0026987780316832747,0.002083230101346374,0.009422658011317253,-0.0008121677674353125,0.009422658011317253,0.0008121677674353125,0.005086725112050772,0.003422820707783103,0.005086725112050772,0,0,0,8,9,13,13,0,1,1,1,0.0,0.0,0.0,1,0.005996556719765067,0.0012852279469370842,0.004711328772827983,0.004711328772827983,inf,inf,0,0
3004,8,1,0,0.01605699025094509,0.035999998450279236,0.001927973236888647,0.001927973236888647,-3.223808850080778e-11,0.01605699025094509,0.035999998450279236,1,3,0.9076921939849854,0.20944694064039504,13,1.661538353333106,0.004535678943015016,0.003306536818854511,0.019943008199334145,0.0019279732691267356,0.019943008199334145,0.0019279732691267356,0.0038861455395817757,0.004833605140447617,0.0038861455395817757,0,10,11,10,11,1,1,1,1,1,1,0.01799999945797026,0.017999998992308974,0.017999998992308974,0,0.012263744371011853,-0.002292240154929459,0.009971504216082394,0.009971504216082394,0.5539724874619721,0.6813191698650592,0,0
3004,8,1,2,0.012857037596404552,0.017999999225139618,-2.0721150576719083e-05,-2.0721150576719083e-05,0.0012461538487328924,0.012857037596404552,0.017999999225139618,1,4,0.9076921939849854,0.20944694064039504,13,1.6615383533331063,0.00305228714548239,0.0026654513861388844,0.0051429616287350655,-0.0012668749993096115,0.0051429616287350655,0.0012668749993096115,0.0023187233600765467,0.005446793511509895,0.0023187233600765467,0,10,11,6,11,1,1,1,0,1,0,0.007499999599531293,0.008999999612569809,0.007499999599531293,0,0.005504329456016421,0.00030262337531894445,0.005201706080697477,0.005201706080697477,0.693560847792919,0.7339106333232885,0,0
3004,8,1,3,0.01049245335161686,0.0,-0.002093317685648799,-0.002093317685648799,0.0,0.01049245335161686,0.0,0,1,0.007692308165132999,0.2094469155167731,13,1.661538461366525,0.0023776582172342835,0.0016478268242270282,0.01049245335161686,-0.002093317685648799,0.01049245335161686,0.002093317685648799,0.004266197793185711,0.005597610957920551,0.004266197793185711,0,0,0,10,12,13,13,0,1,1,1,0.0,0.0,0.0,1,0.009778901701793075,-0.004532675025984645,0.00524622667580843,0.00524622667580843,inf,inf,0,0
3004,8,1,4,0.011591938324272633,0.011999999871477485,0.0022637390065938234,0.0022637390065938234,-1.6119044033563457e-11,0.011591938324272633,0.011999999871477485,1,3,0.9076921939849854,0.20944694064039504,13,1.661538353333106,0.0021874952321837083,0.001849615551013301,0.0004080615472048521,0.0022637390227128675,0.0004080615472048521,0.0022637390227128675,0.0026718408335000277,0.005230426322668791,0.0026718408335000277,0,10,11,10,11,1,1,1,1,1,1,0.006000000052154064,0.0059999998193234205,0.0059999998193234205,0,0.004553288919851184,-0.0009916882554534823,0.0035616006643977016,0.0035616006643977016,0.5936001286078904,0.7588815094938832,0,0
3004,8,1,5,0.007957467809319496,0.0,0.0006821633432991803,0.0006821633432991803,8.673617379884035e-19,0.007957467809319496,0.0,0,1,0.9076921939849854,0.20944694064039504,13,1.661538353333106,0.0020529923771086594,0.0016637232082967574,0.007957467809319496,0.0006821633432991794,0.007957467809319496,0.0006821633432991794,0.00501216808333993,0.006707327906042337,0.00501216808333993,0,0,0,6,12,13,13,0,1,1,1,0.0,0.0,0.0,1,0.0058507591020315886,-0.0018720250227488577,0.003978734079282731,0.003978734079282731,inf,inf,0,0
3004,8,2,0,0.019948475062847137,0.04799999762326479,0.004096139222383499,0.004096139222383499,0.00207692295226913,0.019948475062847137,0.04799999762326479,1,4,0.9076921939849854,0.20944694064039504,13,1.661538353333106,0.008437417281657865,0.0055445938552977775,0.028051522560417652,0.002019216270114369,0.028051522560417652,0.002019216270114369,0.005080606788396835,0.00442084576934576,0.005080606788396835,0,10,2,10,11,1,1,1,1,0,0,0.017999999225139618,0.011999999172985554,0.011999999172985554,0,0.027681722305715084,0.009568302426487207,0.018113419879227877,0.018113419879227877,1.509451760630524,2.3068103511233806,0,0
3004,8,2,1,0.0141041474416852,0.03000000026077032,-0.0002704714424908161,-0.0002704714424908161,-6.44761778689773e-11,0.0141041474416852,0.03000000026077032,1,3,0.9076921939849854,0.20944694064039504,13,1.661538353333106,0.004272950060678357,0.0033451869047781417,0.01589585281908512,-0.00027047137801463825,0.01589585281908512,0.00027047137801463825,0.0032744547352194786,0.005081153940409422,0.0032744547352194786,0,10,11,10,11,1,1,1,1,1,1,0.015000000596046448,0.014999999664723873,0.014999999664723873,0,0.00840195082128048,-0.00045402441173791885,0.00794792640954256,0.00794792640954256,0.5298617724795043,0.5601300672719146,0,0
3004,8,2,3,0.011512097902595997,0.0,0.00014222583558876067,0.00014222583558876067,0.0,0.011512097902595997,0.0,0,1,0.007692308165132999,0.2094469155167731,13,1.661538461366525,0.0035946418986182267,0.0030254055718345755,0.011512097902595997,0.00014222583558876067,0.011512097902595997,0.00014222583558876067,0.006606529466807842,0.008409477770328522,0.006606529466807842,0,0,0,10,12,13,13,0,1,1,1,0.0,0.0,0.0,1,0.01326760184019804,-0.007511552888900042,0.005756048951297998,0.005756048951297998,inf,inf,0,0
3004,8,2,4,0.013976594433188438,0.03599999938160181,0.004287044983357191,0.004287044983357191,0.002076922887792952,0.013976594433188438,0.03599999938160181,1,4,0.9076921939849854,0.20944694064039504,13,1.661538353333106,0.008138106710788216,0.004664016534855381,0.022023404948413372,0.002210122095564239,0.022023404948413372,0.002210122095564239,0.004987754393368959,0.0038216039538383484,0.004987754393368959,0,10,2,10,11,1,1,1,1,0,0,0.006000000983476639,0.023999998345971107,0.006000000983476639,0,0.028589575551450253,0.012293324340134859,0.016296251211315393,0.016296251211315393,2.716041423358684,4.7649284775424015,0,0
3004,8,2,5,0.01005773525685072,0.0,-0.0005366347613744438,-0.0005366347613744438,-3.469446951953614e-18,0.01005773525685072,0.0,0,1,0.9076921939849854,0.20944694064039504,13,1.661538353333106,0.0025592513132595184,0.0017979890438755588,0.01005773525685072,-0.0005366347613744403,0.01005773525685072,0.0005366347613744403,0.0040209428407251835,0.006356982979923487,0.0040209428407251835,0,0,0,6,12,13,13,0,1,1,1,0.0,0.0,0.0,1,0.007036547176539898,-0.002007679548114538,0.00502886762842536,0.00502886762842536,inf,inf,0,0
3004,9,0,1,0.03317480534315109,0.030000001192092896,0.011743378825485706,0.011743378825485706,0.0,0.03317480534315109,0.030000001192092896,1,3,0.9076921939849854,0.20944694064039504,13,1.661538353333106,0.01040550669450699,0.00900618572162806,0.003174804151058197,0.011743378825485706,0.003174804151058197,0.011743378825485706,0.009215124882757664,0.009291402995586395,0.009215124882757664,0,10,11,9,2,1,1,1,0,0,0,0.015000000596046448,0.015000000596046448,0.015000000596046448,0,0.1073534432798624,0.08969309460371733,0.017660348676145077,0.017660348676145077,1.1773565316257266,7.156895934268,0,0
3004,9,0,2,0.027826204895973206,0.01799999177455902,0.012949757277965546,0.012949757277965546,-0.0012461563633038436,0.027826204895973206,0.01799999177455902,1,4,0.9076921939849854,0.20944694064039504,13,1.6615383533331063,0.008568188978840473,0.007152013392490747,0.009826213121414185,0.01419591364126939,0.009826213121414185,0.01419591364126939,0.00849485769867897,0.008625898510217667,0.00849485769867897,0,10,11,9,2,1,1,1,0,0,0,0.00899999588727951,0.007499992847442627,0.007499992847442627,0,0.10529611958190799,0.09063301584683359,0.014663103735074401,0.014663103735074401,1.9550823625217557,14.039496000027816,0,0
3004,9,0,3,0.03706212714314461,0.0,0.011563879437744617,0.011563879437744617,0.0,0.03706212714314461,0.0,0,1,0.9076923131942749,0.2094469155167731,13,1.661538461366525,0.010705052457524993,0.00897862747230308,0.03706212714314461,0.011563879437744617,0.03706212714314461,0.011563879437744617,0.004160764627158642,0.01616138219833374,0.004160764627158642,0,0,0,9,1,13,13,0,1,1,1,0.0,0.0,0.0,1,0.11854740418493748,0.10001634061336517,0.018531063571572304,0.018531063571572304,inf,inf,0,0
3004,9,0,4,0.03305473178625107,0.035999998450279236,-0.003601926611736417,-0.003601926611736417,-0.008307692582790654,0.03305473178625107,0.035999998450279236,1,4,0.9076921939849854,0.20944694064039504,13,1.661538353333106,0.018949833133809418,0.015688391222574434,0.0029452666640281677,0.004705765971054238,0.0029452666640281677,0.004705765971054238,0.00701946672052145,0.00869346410036087,0.00701946672052145,0,1,11,9,2,4,1,0,0,0,0,0.0,0.00599999725818634,0.0,1,0.1213568365201354,0.08982946956530213,0.03152736695483327,0.03152736695483327,inf,inf,0,0
3004,9,0,5,0.04269876331090927,0.0,0.0085036875680089,0.0085036875680089,-1.3877787807814457e-17,0.04269876331090927,0.0,0,1,0.9076921939849854,0.20944694064039504,13,1.661538353333106,0.013156254675622182,0.011163064857294572,0.04269876331090927,0.008503687568008914,0.04269876331090927,0.008503687568008914,0.010469811037182808,0.013899127021431923,0.010469811037182808,0,0,0,9,2,13,13,0,1,1,1,0.0,0.0,0.0,1,0.127189539372921,0.10584015678614378,0.02134938258677721,0.02134938258677721,inf,inf,0,0
3004,9,1,0,0.015284656547009945,0.03599999751895666,0.000934008916374296,0.000934008916374296,-6.447617873633904e-11,0.015284656547009945,0.03599999751895666,1,3,0.9076921939849854,0.20944694064039504,13,1.661538353333106,0.004539889529118201,0.0030990263458187057,0.020715340971946716,0.0009340089808504747,0.020715340971946716,0.0009340089808504747,0.0028830026276409626,0.004367782734334469,0.0028830026276409626,0,10,11,10,11,1,1,1,1,1,1,0.017999999225139618,0.017999998293817043,0.017999998293817043,0,0.01676358818076551,-0.006405917811207473,0.010357670369558036,0.010357670369558036,0.5754261861855771,0.9313105427639825,0,0
3004,9,1,2,0.011129360646009445,0.017999999225139618,-0.0012410891940817237,-0.0012410891940817237,-0.0012461538809709818,0.011129360646009445,0.017999999225139618,1,4,0.9076921939849854,0.20944694064039504,13,1.6615383533331063,0.00264104647259914,0.0021016373982399522,0.006870638579130173,5.064686889258083e-06,0.006870638579130173,5.064686889258083e-06,0.002115876879543066,0.0035364890936762094,0.002115876879543066,0,10,11,10,11,1,1,1,1,1,1,0.008999999845400453,0.007499999366700649,0.007499999366700649,0,0.012017451925203204,-0.007729133823886514,0.0042883181013166904,0.0042883181013166904,0.571775795122924,1.6023270586607854,0,0
3004,9,1,3,0.008641643449664116,0.0,-0.001478102058172226,-0.001478102058172226,8.673617379884035e-19,0.008641643449664116,0.0,0,1,0.9076923131942749,0.2094469155167731,13,1.661538461366525,0.0020167827375025646,0.0014315437437338236,0.008641643449664116,-0.0014781020581722268,0.008641643449664116,0.0014781020581722268,0.0038616806268692017,0.004612762946635485,0.0038616806268692017,0,0,0,10,12,13,13,0,1,1,1,0.0,0.0,0.0,1,0.0061488281935453415,-0.0018280064687132835,0.004320821724832058,0.004320821724832058,inf,inf,0,0
3004,9,1,4,0.010712578892707825,0.012000000104308128,0.000928049033973366,0.000928049033973366,0.0,0.010712578892707825,0.012000000104308128,1,3,0.9076921939849854,0.20944694064039504,13,1.661538353333106,0.0015199348650597033,0.0012988548384174794,0.0012874212116003036,0.000928049033973366,0.0012874212116003036,0.000928049033973366,0.003088015131652355,0.004158242605626583,0.003088015131652355,0,10,11,10,11,1,1,1,1,1,1,0.006000000052154064,0.006000000052154064,0.006000000052154064,0,0.008388224057853222,-0.005571027984842658,0.002817196073010564,0.002817196073010564,0.46953267475375443,1.3980373308233156,1,0
3004,9,1,5,0.006643147207796574,0.0,0.0010750662768259645,0.0010750662768259645,0.0,0.006643147207796574,0.0,0,1,0.9076921939849854,0.20944694064039504,13,1.661538353333106,0.0018200954309968151,0.0013790854952744477,0.006643147207796574,0.0010750662768259645,0.006643147207796574,0.0010750662768259645,0.004495866596698761,0.005923856981098652,0.004495866596698761,0,0,0,1,12,13,13,0,1,1,1,0.0,0.0,0.0,1,0.010534776374697685,-0.007213202770799398,0.003321573603898287,0.003321573603898287,inf,inf,0,0
3004,9,2,0,0.021469170227646828,0.047999998554587364,0.0019221020629629493,0.0019221020629629493,0.002076923016745308,0.021469170227646828,0.047999998554587364,1,4,0.9076921939849854,0.20944694064039504,13,1.661538353333106,0.007980372487846962,0.0051139514265063956,0.026530828326940536,-0.0001548209537823586,0.026530828326940536,0.0001548209537823586,0.0035484146792441607,0.00811930000782013,0.0035484146792441607,0,10,2,10,11,1,1,1,1,0,0,0.017999999225139618,0.012000000104308128,0.012000000104308128,0,0.019779044203460217,0.0036766338162124157,0.0161024103872478,0.0161024103872478,1.341867520606676,1.6482536692944967,0,0
3004,9,2,1,0.01848551630973816,0.03000000026077032,0.0005469362367875874,0.0005469362367875874,-6.44761778689773e-11,0.01848551630973816,0.03000000026077032,1,3,0.9076921939849854,0.20944694064039504,13,1.661538353333106,0.0036968714713758303,0.0025568684926752508,0.011514483951032162,0.0005469363012637653,0.011514483951032162,0.0005469363012637653,0.003225955879315734,0.008609593845903873,0.003225955879315734,0,10,11,10,2,1,1,1,1,0,0,0.015000000596046448,0.014999999664723873,0.014999999664723873,0,0.011039968580007553,-0.0035073417238891125,0.007532626856118441,0.007532626856118441,0.5021751349657183,0.7359979217846724,0,0
3004,9,2,3,0.015968874096870422,0.0,-0.00010471077257534489,-0.00010471077257534489,-3.469446951953614e-18,0.015968874096870422,0.0,0,1,0.9076923131942749,0.2094469155167731,13,1.661538461366525,0.004277883347951039,0.0032947023327534017,0.015968874096870422,-0.00010471077257534142,0.015968874096870422,0.00010471077257534142,0.004672690760344267,0.01245581079274416,0.004672690760344267,0,0,0,10,2,13,13,0,1,1,1,0.0,0.0,0.0,1,0.009396945126354694,-0.0014125076122581959,0.007984437514096498,0.007984437514096498,inf,inf,0,0
3004,9,2,4,0.014779816381633282,0.036000000312924385,0.0009940356248989701,0.0009940356248989701,0.00207692295226913,0.014779816381633282,0.036000000312924385,1,4,0.9076921939849854,0.20944694064039504,13,1.661538353333106,0.007791002584729444,0.00441737430026898,0.021220183931291103,-0.0010828873273701599,0.021220183931291103,0.0010828873273701599,0.0030271713621914387,0.006896789651364088,0.0030271713621914387,0,10,2,10,11,1,1,1,1,0,0,0.006000000983476639,0.023999999277293682,0.006000000983476639,0,0.022296403534710407,0.005914858542382717,0.01638154499232769,0.01638154499232769,2.730257051197277,3.7160666466742787,0,0
3004,9,2,5,0.0110134556889534,0.0,0.0007346399943344295,0.0007346399943344295,0.0,0.0110134556889534,0.0,0,1,0.9076921939849854,0.20944694064039504,13,1.661538353333106,0.002937445642718379,0.0021870391630738444,0.0110134556889534,0.0007346399943344295,0.0110134556889534,0.0007346399943344295,0.0026532565243542194,0.0125174755230546,0.0026532565243542194,0,0,0,10,2,13,13,0,1,1,1,0.0,0.0,0.0,1,0.011873776093125343,-0.0063670482486486435,0.0055067278444767,0.0055067278444767,inf,inf,0,0
3004,10,0,1,0.017867354676127434,0.029999997466802597,-0.002874265192076564,-0.002874265192076564,-2.579047045370153e-10,0.017867354676127434,0.029999997466802597,1,3,0.9076921939849854,0.20944694064039504,13,1.661538353333106,0.004354637995466992,0.0038905221550069613,0.012132642790675163,-0.0028742649341718593,0.012132642790675163,0.0028742649341718593,0.004249763675034046,0.0067290752194821835,0.004249763675034046,0,10,11,10,11,1,1,1,1,1,1,0.015000000596046448,0.01499999687075615,0.01499999687075615,0,0.015820354223251343,0.009398182854056358,0.0064221713691949844,0.0064221713691949844,0.4281448472643077,1.054690501575674,1,0
3004,10,0,2,0.01866268739104271,0.017999999225139618,-0.004242477007210255,-0.004242477007210255,0.001246153268447292,0.01866268739104271,0.017999999225139618,1,4,0.9076921939849854,0.20944694064039504,13,1.6615383533331063,0.0031342134829186164,0.0025669014268725585,0.0006626881659030914,-0.005488630275657547,0.0006626881659030914,0.005488630275657547,0.003117149928584695,0.005856835283339024,0.003117149928584695,0,10,11,10,11,1,1,1,1,1,1,0.007500000298023224,0.008999999612569809,0.007500000298023224,0,0.016202064231038094,0.0105326222255826,0.005669442005455494,0.005669442005455494,0.7559255706896157,2.160275144963457,0,0
3004,10,0,3,0.009896872565150261,0.0,-0.0019024508073925972,-0.0019024508073925972,0.0,0.009896872565150261,0.0,0,1,0.9076923131942749,0.2094469155167731,13,1.661538461366525,0.003042636256554805,0.002239315886292938,0.009896872565150261,-0.0019024508073925972,0.009896872565150261,0.0019024508073925972,0.006030733697116375,0.0032914497423917055,0.006030733697116375,0,0,0,8,3,13,13,0,1,1,1,0.0,0.0,0.0,1,0.017881037667393684,0.012932601384818554,0.0049484362825751305,0.0049484362825751305,inf,inf,0,0
3004,10,0,4,0.019712937995791435,0.03600000194273889,0.0008033031481318176,0.0008033031481318176,-0.008307692518314484,0.019712937995791435,0.03600000194273889,1,4,0.007692307233810425,0.20944694064039504,13,1.661538353333106,0.011925596810071337,0.010721455763518455,0.016287063946947455,0.009110995666446301,0.016287063946947455,0.009110995666446301,0.003790280083194375,0.006040097214281559,0.003790280083194375,0,1,11,10,11,4,1,0,0,1,0,0.0,0.006000000983476639,0.0,1,0.02270931168459356,-0.0058927981881424785,0.01681651349645108,0.01681651349645108,inf,inf,0,0
3004,10,0,5,0.012700775638222694,0.0,-0.0011037929216399789,-0.0011037929216399789,0.0,0.012700775638222694,0.0,0,1,0.9076921939849854,0.20944694064039504,13,1.661538353333106,0.0031879320358322596,0.0022997322696200486,0.012700775638222694,-0.0011037929216399789,0.012700775638222694,0.0011037929216399789,0.0057313465513288975,0.0063584293238818645,0.0057313465513288975,0,0,0,8,9,13,13,0,1,1,1,0.0,0.0,0.0,1,0.017666900530457497,0.01131651271134615,0.006350387819111347,0.006350387819111347,inf,inf,0,0
3004,10,1,0,0.015609681606292725,0.03599999938160181,0.001006178674288094,0.001006178674288094,6.44761778689773e-11,0.015609681606292725,0.03599999938160181,1,3,0.007692307233810425,0.20944694064039504,13,1.661538353333106,0.004554325206887346,0.0031293117160186962,0.020390317775309086,0.0010061786098119162,0.020390317775309086,0.0010061786098119162,0.005010073538869619,0.004569092765450478,0.005010073538869619,0,10,11,10,11,1,1,1,1,1,1,0.017999999225139618,0.018000000156462193,0.017999999225139618,0,0.014730423223227262,-0.004535264102742076,0.010195159120485187,0.010195159120485187,0.5663977532980203,0.8183568809633105,0,0
3004,10,1,2,0.010857482440769672,0.017999999225139618,-0.0011047617299482226,-0.0011047617299482226,0.0012461540421614264,0.010857482440769672,0.017999999225139618,1,4,0.9076921939849854,0.20944694064039504,13,1.6615383533331063,0.00308909102249788,0.0026824053972077794,0.0071425167843699455,-0.002350915772109649,0.0071425167843699455,0.002350915772109649,0.002633493859320879,0.005867321975529194,0.002633493859320879,0,10,11,6,12,1,1,1,0,0,0,0.007499999366700649,0.008999999612569809,0.007499999366700649,0,0.009226027876138687,-0.003797286655753851,0.005428741220384836,0.005428741220384836,0.7238322238383085,1.2301371540244999,0,0
3004,10,1,3,0.010257774963974953,0.0,-0.001064858166500926,-0.001064858166500926,0.0,0.010257774963974953,0.0,0,1,0.9076923131942749,0.2094469155167731,13,1.661538461366525,0.0022124557406614713,0.0014898216836815754,0.010257774963974953,-0.001064858166500926,0.010257774963974953,0.001064858166500926,0.003818920347839594,0.0056387209333479404,0.003818920347839594,0,0,0,10,12,13,13,0,1,1,1,0.0,0.0,0.0,1,0.006549137644469738,-0.0014202503953129053,0.005128887249156833,0.005128887249156833,inf,inf,0,0
3004,10,1,4,0.01094459742307663,0.011999999871477485,0.0021063564345240593,0.0021063564345240593,-1.6119044033563457e-11,0.01094459742307663,0.011999999871477485,1,3,0.007692307233810425,0.20944694064039504,13,1.661538353333106,0.002143608496386363,0.0017391472707706443,0.001055402448400855,0.0021063564506431033,0.001055402448400855,0.0021063564506431033,0.00413367198780179,0.004331250675022602,0.00413367198780179,0,10,11,10,11,1,1,1,1,1,1,0.006000000052154064,0.0059999998193234205,0.0059999998193234205,0,0.011044260812923312,-0.007385582895949483,0.0036586779169738293,0.0036586779169738293,0.6097796711911224,1.8407101909160888,0,0
3004,10,1,5,0.007659800350666046,0.0,0.0012879158603027463,0.0012879158603027463,1.734723475976807e-18,0.007659800350666046,0.0,0,1,0.9076921939849854,0.20944694064039504,13,1.661538353333106,0.0019498829683690475,0.0015898268647800535,0.007659800350666046,0.0012879158603027446,0.007659800350666046,0.0012879158603027446,0.004791837651282549,0.006894140969961882,0.004791837651282549,0,0,0,10,12,13,13,0,1,1,1,0.0,0.0,0.0,1,0.01006860751658678,-0.0062387073412537575,0.003829900175333023,0.003829900175333023,inf,inf,0,0
3004,10,2,0,0.021786050871014595,0.047999996691942215,0.004089826717972755,0.004089826717972755,0.0020769230812214892,0.021786050871014595,0.047999996691942215,1,4,0.007692307233810425,0.20944694064039504,13,1.661538353333106,0.007860930022919137,0.00513845415766621,0.02621394582092762,0.002012903636751266,0.02621394582092762,0.002012903636751266,0.006117695942521095,0.006811611820012331,0.006117695942521095,0,10,2,10,11,1,1,1,1,0,0,0.017999998293817043,0.011999998241662979,0.011999998241662979,0,0.019426649436354637,0.0034366073086857796,0.015990042127668858,0.015990042127668858,1.3325037058882878,1.6188876902420664,0,0
3004,10,2,1,0.016405463218688965,0.029999999329447746,0.0001636685337871313,0.0001636685337871313,1.734723475976807e-18,0.016405463218688965,0.029999999329447746,1,3,0.9076921939849854,0.20944694064039504,13,1.661538353333106,0.004250610651745204,0.003246820759363666,0.013594536110758781,0.00016366853378712957,0.013594536110758781,0.00016366853378712957,0.003938972484320402,0.006143208593130112,0.003938972484320402,0,10,11,10,12,1,1,1,1,0,0,0.014999999664723873,0.014999999664723873,0.014999999664723873,0,0.01543677846348146,-0.00731375797840883,0.00812302048507263,0.00812302048507263,0.541534711109086,1.0291185872346902,0,0
3004,10,2,3,0.011657590977847576,0.0,0.0008706101216375828,0.0008706101216375828,0.0,0.011657590977847576,0.0,0,1,0.9076923131942749,0.2094469155167731,13,1.661538461366525,0.003661299660372769,0.003172945462652212,0.011657590977847576,0.0008706101216375828,0.011657590977847576,0.0008706101216375828,0.005659583956003189,0.009280730038881302,0.005659583956003189,0,0,0,10,2,13,13,0,1,1,1,0.0,0.0,0.0,1,0.013420246308669448,-0.007591450936160982,0.005828795372508466,0.005828795372508466,inf,inf,0,0
3004,10,2,4,0.013826364651322365,0.03599999938160181,0.005259925965219736,0.005259925965219736,0.002076922887792952,0.013826364651322365,0.03599999938160181,1,4,0.007692307233810425,0.20944694064039504,13,1.661538353333106,0.007835060693266291,0.0045868397728931285,0.022173634730279446,0.003183003077426784,0.022173634730279446,0.003183003077426784,0.005968399345874786,0.005040286108851433,0.005968399345874786,0,10,2,10,11,1,1,1,1,0,0,0.006000000983476639,0.023999998345971107,0.006000000983476639,0,0.01949957199394703,0.0038696457631886005,0.01562992623075843,0.01562992623075843,2.604987278135716,3.2499281329531056,0,0
3004,10,2,5,0.009840697050094604,0.0,0.0015309518203139305,0.0015309518203139305,1.734723475976807e-18,0.009840697050094604,0.0,0,1,0.9076921939849854,0.20944694064039504,13,1.661538353333106,0.002924399812777599,0.00219858606475455,0.009840697050094604,0.0015309518203139288,0.009840697050094604,0.0015309518203139288,0.002802276751026511,0.010140257887542248,0.002802276751026511,0,0,0,5,2,13,13,0,1,1,1,0.0,0.0,0.0,1,0.016018920752685517,-0.011098572140326723,0.004920348612358794,0.004920348612358794,inf,inf,0,0
3004,11,0,1,0.021428409963846207,0.029999999329447746,-4.50031366199255e-05,-4.50031366199255e-05,0.0,0.021428409963846207,0.029999999329447746,1,3,0.9076921939849854,0.20944694064039504,13,1.661538353333106,0.0037286148757076525,0.002965573782339615,0.00857158936560154,-4.50031366199255e-05,0.00857158936560154,4.50031366199255e-05,0.0039046301972121,0.009334354661405087,0.0039046301972121,0,10,11,10,11,1,1,1,1,1,1,0.014999999664723873,0.014999999664723873,0.014999999664723873,0,0.008906302973628044,-0.0019335763063281775,0.006972726667299867,0.006972726667299867,0.4648484548768304,0.5937535448466289,1,0
3004,11,0,2,0.024181082844734192,0.017999999225139618,-0.0021815577056258917,-0.0021815577056258917,-0.0012461538809709811,0.024181082844734192,0.017999999225139618,1,4,0.9076921939849854,0.20944694064039504,13,1.6615383533331063,0.003476025710990804,0.0026306618203425546,0.006181083619594574,-0.0009354038246549106,0.006181083619594574,0.0009354038246549106,0.004299561958760023,0.009365953505039215,0.004299561958760023,0,10,11,10,11,1,1,1,1,1,1,0.008999999845400453,0.007499999366700649,0.007499999366700649,0,0.012561236275359988,-0.005223049898631871,0.0073381863767281175,0.0073381863767281175,0.9784249328485323,1.6748316448039708,0,0
3004,11,0,3,0.010965920984745026,0.0,-0.003656327724456787,-0.003656327724456787,0.0,0.010965920984745026,0.0,0,1,0.007692308165132999,0.2094469155167731,13,1.661538461366525,0.0034779522502952427,0.002918292045009119,0.010965920984745026,-0.003656327724456787,0.010965920984745026,0.003656327724456787,0.004685515072196722,0.004782580304890871,0.004685515072196722,0,0,0,10,3,13,13,0,1,1,1,0.0,0.0,0.0,1,0.00691487779840827,-0.001431917306035757,0.005482960492372513,0.005482960492372513,inf,inf,0,0
3004,11,0,4,0.021947596222162247,0.03599999938160181,-0.00011858165817102417,-0.00011858165817102417,-0.008307692066981238,0.021947596222162247,0.03599999938160181,1,4,0.9076921939849854,0.20944694064039504,13,1.661538353333106,0.013013946739994214,0.01158338610703517,0.014052403159439564,0.008189110408810214,0.014052403159439564,0.008189110408810214,0.004070124123245478,0.00597476027905941,0.004070124123245478,0,1,11,10,11,4,1,0,0,1,0,0.0,0.006000000052154064,0.0,1,0.03943519573658705,-0.018852658569812775,0.020582537166774273,0.020582537166774273,inf,inf,0,0
3004,11,0,5,0.009636851027607918,0.0,0.0014190765796229243,0.0014190765796229243,0.0,0.009636851027607918,0.0,0,1,0.9076921939849854,0.20944694064039504,13,1.661538353333106,0.0028528175550238425,0.002326397378185004,0.009636851027607918,0.0014190765796229243,0.009636851027607918,0.0014190765796229243,0.004057795740664005,0.0021935561671853065,0.004057795740664005,0,0,0,2,3,13,13,0,1,1,1,0.0,0.0,0.0,1,0.008173628710210323,-0.0033552032546140254,0.004818425455596298,0.004818425455596298,inf,inf,0,0
3004,11,1,0,0.015190789476037025,0.03599999751895666,0.0016172733157873154,0.0016172733157873154,-6.447617700161556e-11,0.015190789476037025,0.03599999751895666,1,3,0.9076921939849854,0.20944694064039504,13,1.661538353333106,0.004560914542003803,0.0031720153910256704,0.020809208042919636,0.0016172733802634924,0.020809208042919636,0.0016172733802634924,0.0040090070106089115,0.004340566694736481,0.0040090070106089115,0,10,11,10,11,1,1,1,1,1,1,0.017999999225139618,0.017999998293817043,0.017999998293817043,0,0.01465710171032697,-0.004252497630659491,0.010404604079667479,0.010404604079667479,0.5780336147721433,0.814283505535756,0,0
3004,11,1,2,0.011765257455408573,0.017999999225139618,-0.0008381898514926434,-0.0008381898514926434,-0.0012461538809709818,0.011765257455408573,0.017999999225139618,1,4,0.9076921939849854,0.20944694064039504,13,1.6615383533331063,0.002580486141023333,0.0022111505424306237,0.006234741769731045,0.0004079640294783384,0.006234741769731045,0.0004079640294783384,0.0020621311850845814,0.003856963012367487,0.0020621311850845814,0,10,11,10,11,1,1,1,1,1,1,0.008999999845400453,0.007499999366700649,0.007499999366700649,0,0.009594469098374248,-0.005597532959654927,0.00399693613871932,0.00399693613871932,0.5329248634960387,1.2792626544707275,0,0
3004,11,1,3,0.008673688396811485,0.0,-0.0019297199323773384,-0.0019297199323773384,8.673617379884035e-19,0.008673688396811485,0.0,0,1,0.007692308165132999,0.2094469155167731,13,1.661538461366525,0.0021335864438897447,0.0016674700016762027,0.008673688396811485,-0.0019297199323773393,0.008673688396811485,0.0019297199323773393,0.0044990782625973225,0.005464976187795401,0.0044990782625973225,0,0,0,10,12,13,13,0,1,1,1,0.0,0.0,0.0,1,0.006409838795661926,-0.002072994480840862,0.0043368443148210645,0.0043368443148210645,inf,inf,0,0
3004,11,1,4,0.011055623181164265,0.012000000104308128,0.0022215512581169605,0.0022215512581169605,0.0,0.011055623181164265,0.012000000104308128,1,3,0.9076921939849854,0.20944694064039504,13,1.661538353333106,0.00160555052654852,0.0013272211798769835,0.0009443769231438637,0.0022215512581169605,0.0009443769231438637,0.0022215512581169605,0.0033882593270391226,0.004291681572794914,0.0033882593270391226,0,10,11,10,11,1,1,1,1,1,1,0.006000000052154064,0.006000000052154064,0.006000000052154064,0,0.006508374586701393,-0.003941655624657869,0.002566718962043524,0.002566718962043524,0.42778648995545326,1.0847290883547271,1,0
3004,11,1,5,0.00662302365526557,0.0,0.001075875130482018,0.001075875130482018,0.0,0.00662302365526557,0.0,0,1,0.9076921939849854,0.20944694064039504,13,1.661538353333106,0.0020617090489401476,0.0017601648158222967,0.00662302365526557,0.001075875130482018,0.00662302365526557,0.001075875130482018,0.004424716345965862,0.0057798707857728004,0.004424716345965862,0,0,0,6,12,13,13,0,1,1,1,0.0,0.0,0.0,1,0.00795474462211132,-0.004643232794478536,0.003311511827632785,0.003311511827632785,inf,inf,0,0
3004,11,2,0,0.02068355679512024,0.047999998554587364,0.0025918351020663977,0.0025918351020663977,0.002076923016745308,0.02068355679512024,0.047999998554587364,1,4,0.9076921939849854,0.20944694064039504,13,1.661538353333106,0.007868952392803922,0.005191237946762841,0.027316441759467125,0.0005149120853210898,0.027316441759467125,0.0005149120853210898,0.005168513394892216,0.0051630097441375256,0.005168513394892216,0,10,2,10,11,1,1,1,1,0,0,0.017999999225139618,0.012000000104308128,0.012000000104308128,0,0.02338945958763361,0.007969764526933432,0.015419695060700178,0.015419695060700178,1.2849745772222405,1.9491216153603652,0,0
3004,11,2,1,0.015742965042591095,0.03000000026077032,0.0011715431464836001,0.0011715431464836001,-6.44761778689773e-11,0.015742965042591095,0.03000000026077032,1,3,0.9076921939849854,0.20944694064039504,13,1.661538353333106,0.003778229085629189,0.0027678536041777523,0.014257035218179226,0.001171543210959778,0.014257035218179226,0.001171543210959778,0.001191428629681468,0.004493723623454571,0.001191428629681468,0,10,11,10,11,1,1,1,1,1,1,0.015000000596046448,0.014999999664723873,0.014999999664723873,0,0.008169284090399742,-0.0010407669469714165,0.007128517143428326,0.007128517143428326,0.4752344868508736,0.544618951533165,1,0
3004,11,2,3,0.013184922747313976,0.0,0.0003297880757600069,0.0003297880757600069,-3.469446951953614e-18,0.013184922747313976,0.0,0,1,0.007692308165132999,0.2094469155167731,13,1.661538461366525,0.0038301365385843235,0.0031304679061534136,0.013184922747313976,0.0003297880757600104,0.013184922747313976,0.0003297880757600104,0.005564763210713863,0.0077223991975188255,0.005564763210713863,0,0,0,10,12,13,13,0,1,1,1,0.0,0.0,0.0,1,0.007845736108720303,-0.0012532747350633144,0.006592461373656988,0.006592461373656988,inf,inf,0,0
3004,11,2,4,0.015806667506694794,0.036000000312924385,0.00399025296792388,0.00399025296792388,0.0020769229522691335,0.015806667506694794,0.036000000312924385,1,4,0.9076921939849854,0.20944694064039504,13,1.661538353333106,0.007735167201431872,0.004697400977361132,0.02019333280622959,0.0019133300156547461,0.02019333280622959,0.0019133300156547461,0.005249769426882267,0.00358499470166862,0.005249769426882267,0,10,2,10,11,1,1,1,1,0,0,0.006000000983476639,0.023999999277293682,0.006000000983476639,0,0.024372919462621212,0.008714546915143728,0.015658372547477484,0.015658372547477484,2.6097283301451064,4.062152577931508,0,0
3004,11,2,5,0.008567485958337784,0.0,0.0013784876791760325,0.0013784876791760325,0.0,0.008567485958337784,0.0,0,1,0.9076921939849854,0.20944694064039504,13,1.661538353333106,0.002742386455479399,0.0023245749741616336,0.008567485958337784,0.0013784876791760325,0.008567485958337784,0.0013784876791760325,0.0037854895927011967,0.006184976547956467,0.0037854895927011967,0,0,0,6,2,13,13,0,1,1,1,0.0,0.0,0.0,1,0.007601112127304077,-0.0033173691481351852,0.004283742979168892,0.004283742979168892,inf,inf,0,0
3004,12,0,1,0.020310018211603165,0.029999999329447746,-0.0012813524808734655,-0.0012813524808734655,-3.2238088717648217e-11,0.020310018211603165,0.029999999329447746,1,3,0.9076921939849854,0.20944694064039504,13,1.661538353333106,0.004205571223559866,0.0035022613206690933,0.009689981117844582,-0.0012813524486353768,0.009689981117844582,0.0012813524486353768,0.004224611446261406,0.008845319971442223,0.004224611446261406,0,10,11,10,11,1,1,1,1,1,1,0.014999999897554517,0.01499999943189323,0.01499999943189323,0,0.009462138405069709,-0.0025392533279955387,0.00692288507707417,0.00692288507707417,0.46152568928466925,0.630809250895781,1,0
3004,12,0,2,0.020473778247833252,0.017999999225139618,-0.003531901864334941,-0.003531901864334941,0.001246153848732892,0.020473778247833252,0.017999999225139618,1,4,0.9076921939849854,0.20944694064039504,13,1.6615383533331063,0.0037339387783107253,0.0029177304946944203,0.002473779022693634,-0.004778055713067833,0.002473779022693634,0.004778055713067833,0.0032184661831706762,0.005553531926125288,0.0032184661831706762,0,10,11,2,11,1,1,1,0,1,0,0.007499999599531293,0.008999999612569809,0.007499999599531293,0,0.007995313731953502,-0.0006609013071283698,0.007334412424825132,0.007334412424825132,0.97792170886029,1.0660418878493225,0,0
3004,12,0,3,0.010554449632763863,0.0,-0.0038862014189362526,-0.0038862014189362526,0.0,0.010554449632763863,0.0,0,1,0.9076923131942749,0.2094469155167731,13,1.661538461366525,0.003271367731574439,0.0027562460659578797,0.010554449632763863,-0.0038862014189362526,0.010554449632763863,0.0038862014189362526,0.004678317345678806,0.006913597229868174,0.004678317345678806,0,0,0,8,12,13,13,0,1,1,1,0.0,0.0,0.0,1,0.006720938486978412,-0.0014437136705964804,0.005277224816381931,0.005277224816381931,inf,inf,0,0
3004,12,0,4,0.02044084295630455,0.036000000312924385,-0.00048537226393818855,-0.00048537226393818855,-0.008307692421600215,0.02044084295630455,0.036000000312924385,1,4,0.9076921939849854,0.20944694064039504,13,1.661538353333106,0.011826578340921249,0.010561805964480623,0.015559157356619835,0.007822320157662026,0.015559157356619835,0.007822320157662026,0.004441159777343273,0.005878310650587082,0.004441159777343273,0,1,11,10,11,4,1,0,0,1,0,0.0,0.0059999998193234205,0.0,1,0.035936548840254545,-0.018484864151105285,0.01745168468914926,0.01745168468914926,inf,inf,0,0
3004,12,0,5,0.011138185858726501,0.0,-0.00020223059982527047,-0.00020223059982527047,2.168404344971009e-19,0.011138185858726501,0.0,0,1,0.9076921939849854,0.20944694064039504,13,1.661538353333106,0.003131636410078552,0.002241417186985002,0.011138185858726501,-0.0002022305998252707,0.011138185858726501,0.0002022305998252707,0.00445594172924757,0.005740209482610226,0.00445594172924757,0,0,0,8,7,13,13,0,1,1,1,0.0,0.0,0.0,1,0.008121910272166133,-0.002552817575633526,0.005569092696532607,0.005569092696532607,inf,inf,0,0
3004,12,1,0,0.015670914202928543,0.035999998450279236,0.0017297659069299698,0.0017297659069299698,-3.223808850080778e-11,0.015670914202928543,0.035999998450279236,1,3,0.9076921939849854,0.20944694064039504,13,1.661538353333106,0.004525936313560764,0.0032250986354612913,0.020329084247350693,0.0017297659391680583,0.020329084247350693,0.0017297659391680583,0.004913171753287315,0.0052770692855119705,0.004913171753287315,0,10,11,10,11,1,1,1,1,1,1,0.01799999945797026,0.017999998992308974,0.017999998992308974,0,0.016129542258568108,-0.005965000076685101,0.010164542181883007,0.010164542181883007,0.564696819495718,0.896085731196981,0,0
3004,12,1,2,0.010796325281262398,0.017999999225139618,-0.00017316958110313863,-0.00017316958110313863,0.0012461538487328924,0.010796325281262398,0.017999999225139618,1,4,0.9076921939849854,0.20944694064039504,13,1.6615383533331063,0.00292288790185122,0.002522315705999644,0.00720367394387722,-0.001419323429836031,0.00720367394387722,0.001419323429836031,0.002593659097328782,0.003971369005739689,0.002593659097328782,0,10,11,10,11,1,1,1,1,1,1,0.007499999599531293,0.008999999612569809,0.007499999599531293,0,0.009486695751547813,-0.004599400795996189,0.004887294955551624,0.004887294955551624,0.6516393622017063,1.2648928344130415,0,0
3004,12,1,3,0.010119506157934666,0.0,-0.002024994231760502,-0.002024994231760502,0.0,0.010119506157934666,0.0,0,1,0.9076923131942749,0.2094469155167731,13,1.661538461366525,0.0022709239516301967,0.0015291076783123894,0.010119506157934666,-0.002024994231760502,0.010119506157934666,0.002024994231760502,0.0038980580866336823,0.005083531141281128,0.0038980580866336823,0,0,0,10,12,13,13,0,1,1,1,0.0,0.0,0.0,1,0.00672978232614696,-0.0016700291707820725,0.005059753155364888,0.005059753155364888,inf,inf,0,0
3004,12,1,4,0.011579114943742752,0.011999999871477485,0.00214931252412498,0.00214931252412498,-1.6119044033563457e-11,0.011579114943742752,0.011999999871477485,1,3,0.9076921939849854,0.20944694064039504,13,1.661538353333106,0.0020035534956804857,0.0016090400522497628,0.00042088492773473263,0.002149312540244024,0.00042088492773473263,0.002149312540244024,0.003987045492976904,0.004707918502390385,0.003987045492976904,0,10,11,10,11,1,1,1,1,1,1,0.006000000052154064,0.0059999998193234205,0.0059999998193234205,0,0.009140387875959277,-0.0057111328933387995,0.0034292549826204777,0.0034292549826204777,0.5715425143141374,1.5233980252002703,0,0
3004,12,1,5,0.00708350632339716,0.0,0.0007655078079551458,0.0007655078079551458,8.673617379884035e-19,0.00708350632339716,0.0,0,1,0.9076921939849854,0.20944694064039504,13,1.661538353333106,0.0018577341330413017,0.0014352972161840406,0.00708350632339716,0.000765507807955145,0.00708350632339716,0.000765507807955145,0.004620067309588194,0.006140748038887978,0.004620067309588194,0,0,0,5,12,13,13,0,1,1,1,0.0,0.0,0.0,1,0.010179388104006648,-0.006637634942308068,0.00354175316169858,0.00354175316169858,inf,inf,0,0
3004,12,2,0,0.021056998521089554,0.04799999762326479,0.004270784556865692,0.004270784556865692,0.00207692295226913,0.021056998521089554,0.04799999762326479,1,4,0.9076921939849854,0.20944694064039504,13,1.661538353333106,0.00814656594373316,0.005402815484127702,0.026942999102175236,0.002193861604596562,0.026942999102175236,0.002193861604596562,0.005836980417370796,0.005494368262588978,0.005836980417370796,0,10,2,10,11,1,1,1,1,0,0,0.017999999225139618,0.011999999172985554,0.011999999172985554,0,0.01966534275561571,0.0028721517883241177,0.016793190967291594,0.016793190967291594,1.3994326770535528,1.6387786759091125,0,0
3004,12,2,1,0.015827562659978867,0.03000000026077032,0.0003364519216120243,0.0003364519216120243,-6.44761778689773e-11,0.015827562659978867,0.03000000026077032,1,3,0.9076921939849854,0.20944694064039504,13,1.661538353333106,0.004410252764583442,0.003290180397941869,0.014172437600791454,0.0003364519860882022,0.014172437600791454,0.0003364519860882022,0.0034966685343533754,0.005350228864699602,0.0034966685343533754,0,10,11,10,12,1,1,1,1,0,0,0.015000000596046448,0.014999999664723873,0.014999999664723873,0,0.015896557364612818,-0.0076659610494971275,0.00823059631511569,0.00823059631511569,0.5487064332722572,1.0597705146619048,0,0
3004,12,2,3,0.012255057692527771,0.0,0.0001158971936092712,0.0001158971936092712,0.0,0.012255057692527771,0.0,0,1,0.9076923131942749,0.2094469155167731,13,1.661538461366525,0.00366460858877178,0.003037363847375974,0.012255057692527771,0.0001158971936092712,0.012255057692527771,0.0001158971936092712,0.006468810141086578,0.008184099569916725,0.006468810141086578,0,0,0,10,12,13,13,0,1,1,1,0.0,0.0,0.0,1,0.013947980012744665,-0.007820451399311423,0.006127528613433242,0.006127528613433242,inf,inf,0,0
3004,12,2,4,0.014401567168533802,0.03599999938160181,0.005272462964057922,0.005272462964057922,0.002076922887792952,0.014401567168533802,0.03599999938160181,1,4,0.9076921939849854,0.20944694064039504,13,1.661538353333106,0.008030306264678731,0.004695889578592144,0.02159843221306801,0.0031955400762649702,0.02159843221306801,0.0031955400762649702,0.005901723634451628,0.0048736706376075745,0.005901723634451628,0,10,2,10,11,1,1,1,1,0,0,0.006000000983476639,0.023999998345971107,0.006000000983476639,0,0.02084125019609928,0.0046682278625667095,0.016173022333532572,0.016173022333532572,2.695503280428011,3.473541129992121,0,0
3004,12,2,5,0.010006457567214966,0.0,0.0007160156965255737,0.0007160156965255737,-3.469446951953614e-18,0.010006457567214966,0.0,0,1,0.9076921939849854,0.20944694064039504,13,1.661538353333106,0.0028128364445229996,0.0020767185484340204,0.010006457567214966,0.0007160156965255772,0.010006457567214966,0.0007160156965255772,0.002837532199919224,0.009495657868683338,0.002837532199919224,0,0,0,5,12,13,13,0,1,1,1,0.0,0.0,0.0,1,0.015285865869373083,-0.010282637318596244,0.005003228550776839,0.005003228550776839,inf,inf,0,0
3004,13,0,1,0.03198207914829254,0.030000001192092896,0.011173702776432037,0.011173702776432037,0.0,0.03198207914829254,0.030000001192092896,1,3,0.9076921939849854,0.20944694064039504,13,1.661538353333106,0.010001801292761708,0.008651638282297631,0.001982077956199646,0.011173702776432037,0.001982077956199646,0.011173702776432037,0.008799334987998009,0.009087460115551949,0.008799334987998009,0,10,11,9,2,1,1,1,0,0,0,0.015000000596046448,0.015000000596046448,0.015000000596046448,0,0.10572186671197414,0.08854879532009363,0.017173071391880512,0.017173071391880512,1.1448713806322661,7.048124167397652,0,0
3004,13,0,2,0.026170996949076653,0.01799999177455902,0.012206933461129665,0.012206933461129665,-0.0012461563633038436,0.026170996949076653,0.01799999177455902,1,4,0.9076921939849854,0.20944694064039504,13,1.6615383533331063,0.008194327043104502,0.0068469069038446136,0.008171005174517632,0.013453089824433509,0.008171005174517632,0.013453089824433509,0.008168576285243034,0.008840985596179962,0.008168576285243034,0,10,11,9,2,1,1,1,0,0,0,0.00899999588727951,0.007499992847442627,0.007499992847442627,0,0.10326987272128463,0.0894343729596585,0.013835499761626124,0.013835499761626124,1.844735060826598,13.769329494293844,0,0
3004,13,0,3,0.03616256266832352,0.0,0.011326459236443043,0.011326459236443043,0.0,0.03616256266832352,0.0,0,1,0.9076923131942749,0.2094469155167731,13,1.661538461366525,0.010341440577374425,0.008676296320451787,0.03616256266832352,0.011326459236443043,0.03616256266832352,0.011326459236443043,0.004339712206274271,0.017052633687853813,0.004339712206274271,0,0,0,9,1,13,13,0,1,1,1,0.0,0.0,0.0,1,0.11649844609200954,0.09841716568917036,0.018081280402839184,0.018081280402839184,inf,inf,0,0
3004,13,0,4,0.03185102343559265,0.035999998450279236,-0.0036919412668794394,-0.0036919412668794394,-0.008307692582790654,0.03185102343559265,0.035999998450279236,1,4,0.9076921939849854,0.20944694064039504,13,1.661538353333106,0.01866236589709643,0.015527337798490547,0.0041489750146865845,0.004615751315911215,0.0041489750146865845,0.004615751315911215,0.006532945670187473,0.007578852586448193,0.006532945670187473,0,1,11,9,2,4,1,0,0,0,0,0.0,0.00599999725818634,0.0,1,0.1192774036899209,0.08835189091041684,0.03092551277950406,0.03092551277950406,inf,inf,0,0
3004,13,0,5,0.04154568538069725,0.0,0.007922342978417873,0.007922342978417873,-1.3877787807814457e-17,0.04154568538069725,0.0,0,1,0.9076921939849854,0.20944694064039504,13,1.661538353333106,0.012787584795223395,0.010814829459468992,0.04154568538069725,0.007922342978417887,0.04154568538069725,0.007922342978417887,0.010113422758877277,0.014027048833668232,0.010113422758877277,0,0,0,9,2,13,13,0,1,1,1,0.0,0.0,0.0,1,0.12514200527220964,0.10436916211619973,0.020772843156009912,0.020772843156009912,inf,inf,0,0
3004,13,1,0,0.01507376879453659,0.03599999751895666,0.0005658629233948886,0.0005658629233948886,-6.447617873633904e-11,0.01507376879453659,0.03599999751895666,1,3,0.9076921939849854,0.20944694064039504,13,1.661538353333106,0.004524970127440845,0.0030097284811664614,0.02092622872442007,0.0005658629878710674,0.02092622872442007,0.0005658629878710674,0.0025383459869772196,0.004108465742319822,0.0025383459869772196,0,10,11,10,11,1,1,1,1,1,1,0.017999999225139618,0.017999998293817043,0.017999998293817043,0,0.015090354951098561,-0.004627240472473204,0.010463114478625357,0.010463114478625357,0.5812841928001411,0.8383531323045771,0,0
3004,13,1,2,0.011513731442391872,0.017999999225139618,-0.0011455438798293471,-0.0011455438798293471,-0.0012461538809709818,0.011513731442391872,0.017999999225139618,1,4,0.9076921939849854,0.20944694064039504,13,1.6615383533331063,0.0024399526517063105,0.001935734093938706,0.0064862677827477455,0.00010061000114163464,0.0064862677827477455,0.00010061000114163464,0.0020612378139048815,0.00327870761975646,0.0020612378139048815,0,10,11,10,11,1,1,1,1,1,1,0.008999999845400453,0.007499999366700649,0.007499999366700649,0,0.009542305720970035,-0.005528662353754044,0.004013643367215991,0.004013643367215991,0.5351524941503624,1.2723075368962096,0,0
3004,13,1,3,0.008359945379197598,0.0,-0.0015855577075853944,-0.0015855577075853944,8.673617379884035e-19,0.008359945379197598,0.0,0,1,0.9076923131942749,0.2094469155167731,13,1.661538461366525,0.0019731673304219963,0.001351282331188755,0.008359945379197598,-0.0015855577075853952,0.008359945379197598,0.0015855577075853952,0.003674957435578108,0.004066051449626684,0.003674957435578108,0,0,0,10,12,13,13,0,1,1,1,0.0,0.0,0.0,1,0.004419040691573173,0.00023906808928586543,0.004179972602287307,0.004179972602287307,inf,inf,0,0
3004,13,1,4,0.011075128801167011,0.012000000104308128,0.0005218079313635826,0.0005218079313635826,0.0,0.011075128801167011,0.012000000104308128,1,3,0.9076921939849854,0.20944694064039504,13,1.661538353333106,0.0014256888980784667,0.0011532816528921296,0.0009248713031411171,0.0005218079313635826,0.0009248713031411171,0.0005218079313635826,0.0031027167569845915,0.0041520497761666775,0.0031027167569845915,0,10,11,10,11,1,1,1,1,1,1,0.006000000052154064,0.006000000052154064,0.006000000052154064,0,0.006337176077067852,-0.0037739386316388845,0.0025632374454289675,0.0025632374454289675,0.4272062371914043,1.056196003663823,1,0
3004,13,1,5,0.006221778690814972,0.0,0.0006807994213886559,0.0006807994213886559,0.0,0.006221778690814972,0.0,0,1,0.9076921939849854,0.20944694064039504,13,1.661538353333106,0.001678531720430355,0.0012625260719445332,0.006221778690814972,0.0006807994213886559,0.006221778690814972,0.0006807994213886559,0.004066298715770245,0.005868082866072655,0.004066298715770245,0,0,0,5,12,13,13,0,1,1,1,0.0,0.0,0.0,1,0.008117466233670712,-0.0050065768882632256,0.003110889345407486,0.003110889345407486,inf,inf,0,0
3004,13,2,0,0.021492760628461838,0.047999998554587364,0.001860872725956142,0.001860872725956142,0.002076923016745308,0.021492760628461838,0.047999998554587364,1,4,0.9076921939849854,0.20944694064039504,13,1.661538353333106,0.007912896321166615,0.005153789036196365,0.026507237926125526,-0.00021605029078916593,0.026507237926125526,0.00021605029078916593,0.0035409836564213037,0.007970274426043034,0.0035409836564213037,0,10,2,10,11,1,1,1,1,0,0,0.017999999225139618,0.012000000104308128,0.012000000104308128,0,0.019089718349277973,0.003328979481011629,0.015760738868266344,0.015760738868266344,1.3133948942723817,1.5908098486119646,0,0
3004,13,2,1,0.019332155585289,0.03000000026077032,0.0003196361940354109,0.0003196361940354109,-6.44761778689773e-11,0.019332155585289,0.03000000026077032,1,3,0.9076921939849854,0.20944694064039504,13,1.661538353333106,0.003735980517065879,0.0024962441764286992,0.01066784467548132,0.00031963625851158875,0.01066784467548132,0.00031963625851158875,0.0033161931205540895,0.008683738298714161,0.0033161931205540895,0,10,11,10,2,1,1,1,1,0,0,0.015000000596046448,0.014999999664723873,0.014999999664723873,0,0.011622254736721516,-0.003873420413583517,0.007748834323137999,0.007748834323137999,0.5165889664225297,0.7748169997666106,0,0
3004,13,2,3,0.016797807067632675,0.0,-2.3062340915203094e-05,-2.3062340915203094e-05,-3.469446951953614e-18,0.016797807067632675,0.0,0,1,0.9076923131942749,0.2094469155167731,13,1.661538461366525,0.0044169216414030096,0.0033557765384221224,0.016797807067632675,-2.3062340915199625e-05,0.016797807067632675,2.3062340915199625e-05,0.0045250351540744305,0.012444647960364819,0.0045250351540744305,0,0,0,10,2,13,13,0,1,1,1,0.0,0.0,0.0,1,0.010115156881511211,-0.0017162528820335865,0.008398903999477625,0.008398903999477625,inf,inf,0,0
3004,13,2,4,0.014730650000274181,0.036000000312924385,0.0008418234647251666,0.0008418234647251666,0.00207692295226913,0.014730650000274181,0.036000000312924385,1,4,0.9076921939849854,0.20944694064039504,13,1.661538353333106,0.007724201572172682,0.004446394421909688,0.021269350312650204,-0.0012350994875439635,0.021269350312650204,0.0012350994875439635,0.003124179318547249,0.006591273471713066,0.003124179318547249,0,10,2,10,11,1,1,1,1,0,0,0.006000000983476639,0.023999999277293682,0.006000000983476639,0,0.021631461568176746,0.005418078973889351,0.016213382594287395,0.016213382594287395,2.7022299894512214,3.6052430037507457,0,0
3004,13,2,5,0.01169503666460514,0.0,0.0006315060891211033,0.0006315060891211033,0.0,0.01169503666460514,0.0,0,1,0.9076921939849854,0.20944694064039504,13,1.661538353333106,0.0030494967404988906,0.0022327397679965176,0.01169503666460514,0.0006315060891211033,0.01169503666460514,0.0006315060891211033,0.002707134000957012,0.012574829161167145,0.002707134000957012,0,0,0,10,2,13,13,0,1,1,1,0.0,0.0,0.0,1,0.012463792692869902,-0.006616274593397975,0.005847518099471927,0.005847518099471927,inf,inf,0,0
3004,14,0,1,0.02081514708697796,0.029999999329447746,-0.001001959084533155,-0.001001959084533155,-3.2238088717648217e-11,0.02081514708697796,0.029999999329447746,1,3,0.9076921939849854,0.20944694064039504,13,1.661538353333106,0.003915522331664147,0.0033413461814551845,0.009184852242469788,-0.0010019590522950662,0.009184852242469788,0.0010019590522950662,0.00461876904591918,0.009274273179471493,0.00461876904591918,0,10,11,10,11,1,1,1,1,1,1,0.014999999897554517,0.01499999943189323,0.01499999943189323,0,0.010058136424049735,-0.004385357024148107,0.0056727793999016285,0.0056727793999016285,0.3781853076500842,0.6705424536659629,1,0
3004,14,0,2,0.020964428782463074,0.017999999225139618,-0.003411945654079318,-0.003411945654079318,0.001246153848732892,0.020964428782463074,0.017999999225139618,1,4,0.9076921939849854,0.20944694064039504,13,1.6615383533331063,0.003375351493263538,0.0024781232760370483,0.002964429557323456,-0.00465809950281221,0.002964429557323456,0.00465809950281221,0.0036405965220183134,0.007613589055836201,0.0036405965220183134,0,10,11,10,11,1,1,1,1,1,1,0.007499999599531293,0.008999999612569809,0.007499999599531293,0,0.010291045298799872,-0.00346638064365834,0.006824664655141532,0.006824664655141532,0.9099553359400225,1.3721394464398378,0,0
3004,14,0,3,0.00947902537882328,0.0,-0.0032604888547211885,-0.0032604888547211885,0.0,0.00947902537882328,0.0,0,1,0.9076923131942749,0.2094469155167731,13,1.661538461366525,0.0030581783724974295,0.0026475619896695283,0.00947902537882328,-0.0032604888547211885,0.00947902537882328,0.0032604888547211885,0.004323807079344988,0.004851479083299637,0.004323807079344988,0,0,0,8,12,13,13,0,1,1,1,0.0,0.0,0.0,1,0.007141435751691461,-0.0024019229458644986,0.004739512805826962,0.004739512805826962,inf,inf,0,0
3004,14,0,4,0.02057177945971489,0.036000000312924385,-0.00010452124843141064,-0.00010452124843141064,-0.008307692421600215,0.02057177945971489,0.036000000312924385,1,4,0.9076921939849854,0.20944694064039504,13,1.661538353333106,0.012205223209437512,0.010929747038250844,0.015428220853209496,0.008203171173168804,0.015428220853209496,0.008203171173168804,0.004654475022107363,0.007129397708922625,0.004654475022107363,0,1,11,10,11,4,1,0,0,1,0,0.0,0.0059999998193234205,0.0,1,0.03828175226226449,-0.02048686519265175,0.01779488706961274,0.01779488706961274,inf,inf,0,0
3004,14,0,5,0.011498208157718182,0.0,-0.0002037190570263192,-0.0002037190570263192,2.168404344971009e-19,0.011498208157718182,0.0,0,1,0.9076921939849854,0.20944694064039504,13,1.661538353333106,0.0030175964920914873,0.0021880318272236134,0.011498208157718182,-0.00020371905702631942,0.011498208157718182,0.00020371905702631942,0.004731075372546911,0.0033399497624486685,0.004731075372546911,0,0,0,8,9,13,13,0,1,1,1,0.0,0.0,0.0,1,0.009460724657401443,-0.0037116205785423517,0.005749104078859091,0.005749104078859091,inf,inf,0,0
3004,14,1,0,0.015589927323162556,0.035999998450279236,0.001727907918393612,0.001727907918393612,-3.223808850080778e-11,0.015589927323162556,0.035999998450279236,1,3,0.9076921939849854,0.20944694064039504,13,1.661538353333106,0.004522572745418769,0.0032005329676986446,0.02041007112711668,0.0017279079506317004,0.02041007112711668,0.0017279079506317004,0.00490573700517416,0.005263032857328653,0.00490573700517416,0,10,11,10,11,1,1,1,1,1,1,0.01799999945797026,0.017999998992308974,0.017999998992308974,0,0.015621418948285282,-0.0054163834429346025,0.01020503550535068,0.01020503550535068,0.566946448703196,0.867856656823147,0,0
3004,14,1,2,0.010828282684087753,0.017999999225139618,-0.00011812095908680931,-0.00011812095908680931,0.0012461538487328924,0.010828282684087753,0.017999999225139618,1,4,0.9076921939849854,0.20944694064039504,13,1.6615383533331063,0.002862757784931427,0.002479073351811199,0.007171716541051865,-0.0013642748078197017,0.007171716541051865,0.0013642748078197017,0.0026588072068989277,0.0037391148507595062,0.0026588072068989277,0,10,11,10,11,1,1,1,1,1,1,0.007499999599531293,0.008999999612569809,0.007499999599531293,0,0.00865142047405243,-0.003979607252404094,0.0046718132216483355,0.0046718132216483355,0.6229084628138243,1.1535227914669612,0,0
3004,14,1,3,0.009959965944290161,0.0,-0.002017875434830785,-0.002017875434830785,0.0,0.009959965944290161,0.0,0,1,0.9076923131942749,0.2094469155167731,13,1.661538461366525,0.002241969379739069,0.0015036097022335557,0.009959965944290161,-0.002017875434830785,0.009959965944290161,0.002017875434830785,0.0038292461540549994,0.004940270446240902,0.0038292461540549994,0,0,0,10,12,13,13,0,1,1,1,0.0,0.0,0.0,1,0.005973453400656581,-0.0009934705885825679,0.004979982812074013,0.004979982812074013,inf,inf,0,0
3004,14,1,4,0.011549314484000206,0.011999999871477485,0.0021149914246052504,0.0021149914246052504,-1.6119044033563457e-11,0.011549314484000206,0.011999999871477485,1,3,0.9076921939849854,0.20944694064039504,13,1.661538353333106,0.001954241266064439,0.0015777959626101885,0.0004506853874772787,0.0021149914407242944,0.0004506853874772787,0.0021149914407242944,0.004014862701296806,0.004539608024060726,0.004014862701296806,0,10,11,10,11,1,1,1,1,1,1,0.006000000052154064,0.0059999998193234205,0.0059999998193234205,0,0.00839525437913835,-0.0049988452810794115,0.003396409098058939,0.003396409098058939,0.5660682000557008,1.3992091053237776,0,0
3004,14,1,5,0.006993592716753483,0.0,0.0006764482823200524,0.0006764482823200524,8.673617379884035e-19,0.006993592716753483,0.0,0,1,0.9076921939849854,0.20944694064039504,13,1.661538353333106,0.0018243868121643335,0.0014043051925812953,0.006993592716753483,0.0006764482823200515,0.006993592716753483,0.0006764482823200515,0.004533696454018354,0.00598872872069478,0.004533696454018354,0,0,0,5,12,13,13,0,1,1,1,0.0,0.0,0.0,1,0.009446334792301059,-0.005949538433924317,0.0034967963583767414,0.0034967963583767414,inf,inf,0,0
3004,14,2,0,0.021151211112737656,0.04799999762326479,0.004274898674339056,0.004274898674339056,0.00207692295226913,0.021151211112737656,0.04799999762326479,1,4,0.9076921939849854,0.20944694064039504,13,1.661538353333106,0.00814051483088063,0.00541138059883957,0.026848786510527134,0.002197975722069926,0.026848786510527134,0.002197975722069926,0.005786029621958733,0.0057184225879609585,0.005786029621958733,0,10,2,10,11,1,1,1,1,0,0,0.017999999225139618,0.011999999172985554,0.011999999172985554,0,0.01944904588162899,0.002751651220023632,0.016697394661605358,0.016697394661605358,1.3914496510295267,1.6207539351679923,0,0
3004,14,2,1,0.016015438362956047,0.03000000026077032,0.00029217274277471006,0.00029217274277471006,-6.44761778689773e-11,0.016015438362956047,0.03000000026077032,1,3,0.9076921939849854,0.20944694064039504,13,1.661538353333106,0.004421726632359136,0.0032940019891988595,0.013984561897814274,0.00029217280725088793,0.013984561897814274,0.00029217280725088793,0.003518255427479744,0.005325617268681526,0.003518255427479744,0,10,11,10,12,1,1,1,1,0,0,0.015000000596046448,0.014999999664723873,0.014999999664723873,0,0.016189245507121086,-0.007889498490840197,0.00829974701628089,0.00829974701628089,0.5533164801196464,1.0792830579319286,0,0
3004,14,2,3,0.012418370693922043,0.0,0.00013108800339978188,0.00013108800339978188,0.0,0.012418370693922043,0.0,0,1,0.9076923131942749,0.2094469155167731,13,1.661538461366525,0.0036800039613161958,0.0030485029613389774,0.012418370693922043,0.00013108800339978188,0.012418370693922043,0.00013108800339978188,0.006481495685875416,0.008179988712072372,0.006481495685875416,0,0,0,10,12,13,13,0,1,1,1,0.0,0.0,0.0,1,0.014203910250216722,-0.007994724670425057,0.006209185579791665,0.006209185579791665,inf,inf,0,0
3004,14,2,4,0.01456623524427414,0.03599999938160181,0.005288729909807444,0.005288729909807444,0.002076922887792952,0.01456623524427414,0.03599999938160181,1,4,0.9076921939849854,0.20944694064039504,13,1.661538353333106,0.00802831386687794,0.004717510684046169,0.02143376413732767,0.0032118070220144915,0.02143376413732767,0.0032118070220144915,0.0058509879745543,0.004957192111760378,0.0058509879745543,0,10,2,10,11,1,1,1,1,0,0,0.006000000983476639,0.023999998345971107,0.006000000983476639,0,0.020599869079887867,0.004405176267027855,0.016194692812860012,0.016194692812860012,2.699115026390573,3.4333109505511255,0,0
3004,14,2,5,0.010091140866279602,0.0,0.0006807675235904753,0.0006807675235904753,-3.469446951953614e-18,0.010091140866279602,0.0,0,1,0.9076921939849854,0.20944694064039504,13,1.661538353333106,0.0028312149802876677,0.0020768009677264816,0.010091140866279602,0.0006807675235904788,0.010091140866279602,0.0006807675235904788,0.0027904873713850975,0.009461536072194576,0.0027904873713850975,0,0,0,5,12,13,13,0,1,1,1,0.0,0.0,0.0,1,0.015543738845735788,-0.010498168179765344,0.005045570665970445,0.005045570665970445,inf,inf,0,0
3004,15,0,1,0.030968982726335526,0.030000001192092896,0.010917049832642078,0.010917049832642078,0.0,0.030968982726335526,0.030000001192092896,1,3,0.9076921939849854,0.20944694064039504,13,1.661538353333106,0.009600390192512806,0.008262869235150207,0.00096898153424263,0.010917049832642078,0.00096898153424263,0.010917049832642078,0.008046746253967285,0.010119302198290825,0.008046746253967285,0,10,11,9,2,1,1,1,0,0,0,0.015000000596046448,0.015000000596046448,0.015000000596046448,0,0.10220597498118877,0.0857427017763257,0.01646327320486307,0.01646327320486307,1.0975515033780932,6.813731394659225,0,0
3004,15,0,2,0.02526969090104103,0.01799999177455902,0.011469961144030094,0.011469961144030094,-0.0012461563633038436,0.02526969090104103,0.01799999177455902,1,4,0.9076921939849854,0.20944694064039504,13,1.6615383533331063,0.00776394929434887,0.006458417738418607,0.00726969912648201,0.012716117507333938,0.00726969912648201,0.012716117507333938,0.007376216817647219,0.009796006605029106,0.007376216817647219,0,10,11,9,2,1,1,1,0,0,0,0.00899999588727951,0.007499992847442627,0.007499992847442627,0,0.10010552313178778,0.08672067662701011,0.01338484650477767,0.01338484650477767,1.7846479026098911,13.347415813326021,0,0
3004,15,0,3,0.03609263151884079,0.0,0.011433709412813187,0.011433709412813187,0.0,0.03609263151884079,0.0,0,1,0.007692308165132999,0.2094469155167731,13,1.661538461366525,0.01035788016929669,0.008705843504540314,0.03609263151884079,0.011433709412813187,0.03609263151884079,0.011433709412813187,0.0043741194531321526,0.017289968207478523,0.0043741194531321526,0,0,0,9,1,13,13,0,1,1,1,0.0,0.0,0.0,1,0.11593129299581051,0.09788497816771269,0.01804631482809782,0.01804631482809782,inf,inf,0,0
3004,15,0,4,0.03165038675069809,0.035999998450279236,-0.001990986056625843,-0.001990986056625843,-0.008307692582790654,0.03165038675069809,0.035999998450279236,1,4,0.9076921939849854,0.20944694064039504,13,1.661538353333106,0.018747366162888347,0.01573136416346541,0.004349611699581146,0.006316706526164811,0.004349611699581146,0.006316706526164811,0.0077972812578082085,0.007782078348100185,0.0077972812578082085,0,1,11,9,2,4,1,0,0,0,0,0.0,0.00599999725818634,0.0,1,0.11691772192716599,0.08609252795577049,0.030825193971395493,0.030825193971395493,inf,inf,0,0
3004,15,0,5,0.041258543729782104,0.0,0.008424743078649044,0.008424743078649044,-1.3877787807814457e-17,0.041258543729782104,0.0,0,1,0.9076921939849854,0.20944694064039504,13,1.661538353333106,0.01264257353891517,0.010590827037420498,0.041258543729782104,0.008424743078649058,0.041258543729782104,0.008424743078649058,0.009037396870553493,0.013266732916235924,0.009037396870553493,0,0,0,9,2,13,13,0,1,1,1,0.0,0.0,0.0,1,0.12157340347766876,0.10094413161277771,0.020629271864891052,0.020629271864891052,inf,inf,0,0
3004,15,1,0,0.01508431974798441,0.03599999751895666,0.0010985425906255841,0.0010985425906255841,-6.447617873633904e-11,0.01508431974798441,0.03599999751895666,1,3,0.9076921939849854,0.20944694064039504,13,1.661538353333106,0.004531526653454572,0.0030733710650969245,0.020915677770972252,0.0010985426551017629,0.020915677770972252,0.0010985426551017629,0.0024448619224131107,0.003797224722802639,0.0024448619224131107,0,10,11,10,11,1,1,1,1,1,1,0.017999999225139618,0.017999998293817043,0.017999998293817043,0,0.013007508435748605,-0.002549669627796902,0.010457838807951703,0.010457838807951703,0.5809910999571564,0.7226394260390931,0,0
3004,15,1,2,0.012712722644209862,0.017999999225139618,-0.0011058264644816518,-0.0011058264644816518,-0.0012461538809709818,0.012712722644209862,0.017999999225139618,1,4,0.9076921939849854,0.20944694064039504,13,1.6615383533331063,0.0022224069427108856,0.0018068273695042501,0.005287276580929756,0.00014032741648933,0.005287276580929756,0.00014032741648933,0.0019366113701835275,0.0033058859407901764,0.0019366113701835275,0,10,11,10,11,1,1,1,1,1,1,0.008999999845400453,0.007499999366700649,0.007499999366700649,0,0.007118223933503032,-0.0034537072060629725,0.003664516727440059,0.003664516727440059,0.4886022715828747,0.949096604608706,1,0
3004,15,1,3,0.00830298662185669,0.0,-0.001644072006456554,-0.001644072006456554,8.673617379884035e-19,0.00830298662185669,0.0,0,1,0.007692308165132999,0.2094469155167731,13,1.661538461366525,0.001967427451887906,0.0013612177674679263,0.00830298662185669,-0.0016440720064565548,0.00830298662185669,0.0016440720064565548,0.003626379882916808,0.0038813366554677486,0.003626379882916808,0,0,0,10,12,13,13,0,1,1,1,0.0,0.0,0.0,1,0.004894187826721463,0.0007426944393955637,0.0041514933873259,0.0041514933873259,inf,inf,0,0
3004,15,1,4,0.011450974270701408,0.012000000104308128,0.0009763265843503177,0.0009763265843503177,0.0,0.011450974270701408,0.012000000104308128,1,3,0.9076921939849854,0.20944694064039504,13,1.661538353333106,0.0014364780971554364,0.0011731767090114617,0.00054902583360672,0.0009763265843503177,0.00054902583360672,0.0009763265843503177,0.003153774421662092,0.004632267635315657,0.003153774421662092,0,10,11,10,11,1,1,1,1,1,1,0.006000000052154064,0.006000000052154064,0.006000000052154064,0,0.0044551994651556015,-0.001891642576083541,0.0025635568890720606,0.0025635568890720606,0.42725947779812373,0.7425332377382459,1,0
3004,15,1,5,0.006356442347168922,0.0,0.0007064719684422016,0.0007064719684422016,0.0,0.006356442347168922,0.0,0,1,0.9076921939849854,0.20944694064039504,13,1.661538353333106,0.0017926779768948303,0.0014301933645761225,0.006356442347168922,0.0007064719684422016,0.006356442347168922,0.0007064719684422016,0.003803789848461747,0.005889473017305136,0.003803789848461747,0,0,0,5,12,13,13,0,1,1,1,0.0,0.0,0.0,1,0.005526131018996239,-0.0023479098454117775,0.003178221173584461,0.003178221173584461,inf,inf,0,0
3004,15,2,0,0.021287422627210617,0.047999998554587364,0.0024235874880105257,0.0024235874880105257,0.002076923016745308,0.021287422627210617,0.047999998554587364,1,4,0.9076921939849854,0.20944694064039504,13,1.661538353333106,0.008031125919263016,0.0052910163756129305,0.026712575927376747,0.0003466644712652178,0.026712575927376747,0.0003466644712652178,0.003288162872195244,0.007361215073615313,0.003288162872195244,0,10,2,10,11,1,1,1,1,0,0,0.017999999225139618,0.012000000104308128,0.012000000104308128,0,0.020915270783007145,0.004791421350091696,0.01612384943291545,0.01612384943291545,1.343654107730117,1.7429392167670348,0,0
3004,15,2,1,0.019174182787537575,0.03000000026077032,0.0006614685407839715,0.0006614685407839715,-6.44761778689773e-11,0.019174182787537575,0.03000000026077032,1,3,0.9076921939849854,0.20944694064039504,13,1.661538353333106,0.0038399326735415805,0.002704635879697179,0.010825817473232746,0.0006614686052601494,0.010825817473232746,0.0006614686052601494,0.0025649620220065117,0.007975693792104721,0.0025649620220065117,0,10,11,10,2,1,1,1,1,0,0,0.015000000596046448,0.014999999664723873,0.014999999664723873,0,0.010042671114206314,-0.0021911142393946648,0.00785155687481165,0.00785155687481165,0.5234371366871751,0.6695114225785007,0,0
3004,15,2,3,0.01699722185730934,0.0,1.263370086235227e-05,1.263370086235227e-05,-3.469446951953614e-18,0.01699722185730934,0.0,0,1,0.007692308165132999,0.2094469155167731,13,1.661538461366525,0.004461464935132433,0.003383948693614034,0.01699722185730934,1.263370086235574e-05,0.01699722185730934,1.263370086235574e-05,0.0044890111312270164,0.012531510554254055,0.0044890111312270164,0,0,0,10,2,13,13,0,1,1,1,0.0,0.0,0.0,1,0.010369949974119663,-0.0018713395111262798,0.008498610462993383,0.008498610462993383,inf,inf,0,0
3004,15,2,4,0.01473911851644516,0.036000000312924385,0.001508797169663012,0.001508797169663012,0.00207692295226913,0.01473911851644516,0.036000000312924385,1,4,0.9076921939849854,0.20944694064039504,13,1.661538353333106,0.007786359764547111,0.004477885160484963,0.021260881796479225,-0.000568125782606118,0.021260881796479225,0.000568125782606118,0.0029988077003508806,0.005955815315246582,0.0029988077003508806,0,10,2,10,11,1,1,1,1,0,0,0.006000000983476639,0.023999999277293682,0.006000000983476639,0,0.02309275884181261,0.006773831322789192,0.01631892751902342,0.01631892751902342,2.7198208073571988,3.848792509435848,0,0
3004,15,2,5,0.011478714644908905,0.0,0.0010011176345869899,0.0010011176345869899,0.0,0.011478714644908905,0.0,0,1,0.9076921939849854,0.20944694064039504,13,1.661538353333106,0.003099854011465247,0.002423512479345474,0.011478714644908905,0.0010011176345869899,0.011478714644908905,0.0010011176345869899,0.0026111523620784283,0.011629822663962841,0.0026111523620784283,0,0,0,10,2,13,13,0,1,1,1,0.0,0.0,0.0,1,0.011192049831151962,-0.00545269250869751,0.0057393573224544525,0.0057393573224544525,inf,inf,0,0
3004,16,0,1,0.02859560400247574,0.030000001192092896,0.0016443036729469895,0.0016443036729469895,1.3877787807814457e-17,0.02859560400247574,0.030000001192092896,1,3,0.007692307233810425,0.20944694064039504,13,1.661538353333106,0.00997574044809519,0.008599881552158581,0.001404397189617157,0.0016443036729469757,0.001404397189617157,0.0016443036729469757,0.011596489697694778,0.0077855815179646015,0.011596489697694778,0,10,11,0,2,1,1,1,0,0,0,0.015000000596046448,0.015000000596046448,0.015000000596046448,0,0.11675206199288368,0.10023482982069254,0.016517232172191143,0.016517232172191143,1.1011487677236889,7.783470490238249,0,0
3004,16,0,2,0.024970900267362595,0.018000006675720215,0.010866562835872173,0.010866562835872173,0.0012461563633038297,0.024970900267362595,0.018000006675720215,1,4,0.9076921939849854,0.20944694064039504,13,1.6615383533331063,0.007715688896539197,0.00678687691605876,0.00697089359164238,0.009620406472568344,0.00697089359164238,0.009620406472568344,0.008131174370646477,0.011044573038816452,0.008131174370646477,0,10,11,0,4,1,1,1,0,0,0,0.007500000298023224,0.009000003337860107,0.007500000298023224,0,0.1224442021921277,0.10995875159278512,0.012485450599342585,0.012485450599342585,1.6647266804287164,16.325892976884326,0,0
3004,16,0,3,0.04073747247457504,0.0,0.011698279529809952,0.011698279529809952,1.3877787807814457e-17,0.04073747247457504,0.0,0,1,0.9076923131942749,0.2094469155167731,13,1.661538461366525,0.010797070264207616,0.008577629731287463,0.04073747247457504,0.011698279529809938,0.04073747247457504,0.011698279529809938,0.004413539543747902,0.017311466857790947,0.004413539543747902,0,0,0,9,1,13,13,0,1,1,1,0.0,0.0,0.0,1,0.12840158492326736,0.10803284775465727,0.020368737168610096,0.020368737168610096,inf,inf,0,0
3004,16,0,4,0.03299739211797714,0.035999998450279236,0.001883672084659338,0.001883672084659338,-0.008307692582790668,0.03299739211797714,0.035999998450279236,1,4,0.9076921939849854,0.20944694064039504,13,1.661538353333106,0.018555909631462347,0.015247753454846216,0.0030026063323020935,0.010191364667450006,0.0030026063323020935,0.010191364667450006,0.00761245796456933,0.008178086951375008,0.00761245796456933,0,1,11,0,2,4,1,0,0,0,0,0.0,0.00599999725818634,0.0,1,0.1268244832754135,0.09532578615471721,0.031498697120696306,0.031498697120696306,inf,inf,0,0
3004,16,0,5,0.039447084069252014,0.0,0.005991620477288961,0.005991620477288961,0.0,0.039447084069252014,0.0,0,1,0.9076921939849854,0.20944694064039504,13,1.661538353333106,0.012400455021874212,0.009904222793092011,0.039447084069252014,0.005991620477288961,0.039447084069252014,0.005991620477288961,0.011091694235801697,0.015947801992297173,0.011091694235801697,0,0,0,11,2,13,13,0,1,1,1,0.0,0.0,0.0,1,0.13132956437766552,0.11160602141171694,0.01972354296594858,0.01972354296594858,inf,inf,0,0
3004,16,1,0,0.017705773934721947,0.035999998450279236,0.00034128609695471823,0.00034128609695471823,3.469446951953614e-18,0.017705773934721947,0.035999998450279236,1,3,0.9076921939849854,0.20944694064039504,13,1.661538353333106,0.003972429736715448,0.0025399860722073444,0.01829422451555729,0.00034128609695471476,0.01829422451555729,0.00034128609695471476,0.0037532062269747257,0.005093510262668133,0.0037532062269747257,0,10,11,10,11,1,1,1,1,1,1,0.017999999225139618,0.017999999225139618,0.017999999225139618,0,0.0094979926943779,-0.0003508804365992546,0.009147112257778645,0.009147112257778645,0.5081729250856506,0.5276662835136443,0,0
3004,16,1,2,0.011979970149695873,0.017999999225139618,-0.0028514082077890635,-0.0028514082077890635,0.0012461532684472885,0.011979970149695873,0.017999999225139618,1,4,0.9076921939849854,0.20944694064039504,13,1.6615383533331063,0.00253310999067974,0.0021936920576194337,0.006020029075443745,-0.004097561476236352,0.006020029075443745,0.004097561476236352,0.002944106701761484,0.007217037957161665,0.002944106701761484,0,10,11,10,11,1,1,1,1,1,1,0.007500000298023224,0.008999999612569809,0.007500000298023224,0,0.006935597397387028,0.003141750581562519,0.0037938468158245087,0.0037938468158245087,0.5058462220094115,0.9247462829054879,0,0
3004,16,1,3,0.007489233277738094,0.0,-0.003286059945821762,-0.003286059945821762,0.0,0.007489233277738094,0.0,0,1,0.9076923131942749,0.2094469155167731,13,1.661538461366525,0.002231023017905985,0.0017470801524685684,0.007489233277738094,-0.003286059945821762,0.007489233277738094,0.003286059945821762,0.005511408671736717,0.006612952332943678,0.005511408671736717,0,0,0,7,12,13,13,0,1,1,1,0.0,0.0,0.0,1,0.008092639036476612,0.004348022397607565,0.003744616638869047,0.003744616638869047,inf,inf,0,0
3004,16,1,4,0.014229224063456059,0.012000001035630703,0.000651511421892792,0.000651511421892792,6.447618133842425e-11,0.014229224063456059,0.012000001035630703,1,3,0.9076921939849854,0.20944694064039504,13,1.661538353333106,0.0014829390939517847,0.0011356521023095712,0.0022292230278253555,0.0006515113574166106,0.0022292230278253555,0.0006515113574166106,0.0030853834468871355,0.00607388187199831,0.0030853834468871355,0,10,11,10,11,1,1,1,1,1,1,0.006000000052154064,0.006000000983476639,0.006000000052154064,0,0.004607189446687698,0.0017037643119692802,0.002903425134718418,0.002903425134718418,0.4839041849134747,0.7678649011067372,1,0
3004,16,1,5,0.004724003374576569,0.0,2.2522483789089165e-07,2.2522483789089165e-07,3.469446951953614e-18,0.004724003374576569,0.0,0,1,0.9076921939849854,0.20944694064039504,13,1.661538353333106,0.0013912615423469384,0.001098332122056442,0.004724003374576569,2.252248378874222e-07,0.004724003374576569,2.252248378874222e-07,0.0029615701641887426,0.005691832397133112,0.0029615701641887426,0,0,0,7,12,13,13,0,1,1,1,0.0,0.0,0.0,1,0.004391372203826904,0.00202937051653862,0.0023620016872882843,0.0023620016872882843,inf,inf,0,0
3004,16,2,0,0.021404463797807693,0.04799999762326479,0.0032066695857793093,0.0032066695857793093,0.00207692295226913,0.021404463797807693,0.04799999762326479,1,4,0.9076921939849854,0.20944694064039504,13,1.661538353333106,0.008017963193494309,0.0050942449273883245,0.026595533825457096,0.0011297466335101793,0.026595533825457096,0.0011297466335101793,0.0033405697904527187,0.005970096681267023,0.0033405697904527187,0,10,2,10,11,1,1,1,1,0,0,0.017999999225139618,0.011999999172985554,0.011999999172985554,0,0.019427345134317875,0.0026050300803035498,0.016822315054014325,0.016822315054014325,1.4018596844477114,1.618945539434102,0,0
3004,16,2,1,0.01890920288860798,0.03000000026077032,-0.0004607949813362211,-0.0004607949813362211,-6.44761778689773e-11,0.01890920288860798,0.03000000026077032,1,3,0.007692307233810425,0.20944694064039504,13,1.661538353333106,0.0040939986303171316,0.003037760971036888,0.011090797372162342,-0.00046079491686004323,0.011090797372162342,0.00046079491686004323,0.004364206455647945,0.0065210117027163506,0.004364206455647945,0,10,11,10,12,1,1,1,1,0,0,0.015000000596046448,0.014999999664723873,0.014999999664723873,0,0.012300441041588783,-0.004184494726359844,0.008115946315228939,0.008115946315228939,0.5410630997756319,0.8200294211016714,0,0
3004,16,2,3,0.017025044187903404,0.0,-0.00018827167514245957,-0.00018827167514245957,0.0,0.017025044187903404,0.0,0,1,0.9076923131942749,0.2094469155167731,13,1.661538461366525,0.004470677573717985,0.0034323633268211026,0.017025044187903404,-0.00018827167514245957,0.017025044187903404,0.00018827167514245957,0.006086737848818302,0.012162270955741405,0.006086737848818302,0,0,0,10,2,13,13,0,1,1,1,0.0,0.0,0.0,1,0.012211024761199951,-0.003698502667248249,0.008512522093951702,0.008512522093951702,inf,inf,0,0
3004,16,2,4,0.015843098983168602,0.03599999938160181,0.0022458883468061686,0.0022458883468061686,0.0020769228877929556,0.015843098983168602,0.03599999938160181,1,4,0.9076921939849854,0.20944694064039504,13,1.661538353333106,0.00785145537797213,0.0042806870177300015,0.02015690039843321,0.00016896545901321294,0.02015690039843321,0.00016896545901321294,0.004268823191523552,0.00702237244695425,0.004268823191523552,0,10,2,10,12,1,1,1,1,0,0,0.006000000983476639,0.023999998345971107,0.006000000983476639,0,0.02179451286792755,0.004200255498290062,0.01759425736963749,0.01759425736963749,2.932375747619074,3.6324182159215157,0,0
3004,16,2,5,0.01339782401919365,0.0,-0.0004927274421788752,-0.0004927274421788752,-3.469446951953614e-18,0.01339782401919365,0.0,0,1,0.9076921939849854,0.20944694064039504,13,1.661538353333106,0.0036052214899757505,0.00277098439104811,0.01339782401919365,-0.0004927274421788717,0.01339782401919365,0.0004927274421788717,0.002145932288840413,0.011627997271716595,0.002145932288840413,0,0,0,10,2,13,13,0,1,1,1,0.0,0.0,0.0,1,0.014811256434768438,-0.008112344658002257,0.006698911776766181,0.006698911776766181,inf,inf,0,0
3004,17,0,1,0.019686855375766754,0.029999999329447746,-0.003511756891384721,-0.003511756891384721,0.0,0.019686855375766754,0.029999999329447746,1,3,0.9076921939849854,0.20944694064039504,13,1.661538353333106,0.0033444806749392303,0.002807080560396894,0.010313143953680992,-0.003511756891384721,0.010313143953680992,0.003511756891384721,0.005140526220202446,0.010115706361830235,0.005140526220202446,0,10,11,10,11,1,1,1,1,1,1,0.014999999664723873,0.014999999664723873,0.014999999664723873,0,0.009510782081633806,-0.0043542098719626665,0.00515657220967114,0.00515657220967114,0.3437714883286342,0.6340521529477571,1,0
3004,17,0,2,0.022402457892894745,0.017999999225139618,-0.0015280632069334388,-0.0015280632069334388,-0.0012461538809709811,0.022402457892894745,0.017999999225139618,1,4,0.9076921939849854,0.20944694064039504,13,1.6615383533331063,0.00303108365565707,0.0023056201432892203,0.004402458667755127,-0.00028190932596245766,0.004402458667755127,0.00028190932596245766,0.0046777790412306786,0.009337417781352997,0.0046777790412306786,0,10,11,10,11,1,1,1,1,1,1,0.008999999845400453,0.007499999366700649,0.007499999366700649,0,0.011593737406656146,-0.005546930129639804,0.006046807277016342,0.006046807277016342,0.8062410383477691,1.5458317847507215,0,0
3004,17,0,3,0.008281045593321323,0.0,-0.0030003655701875687,-0.0030003655701875687,0.0,0.008281045593321323,0.0,0,1,0.9076923131942749,0.2094469155167731,13,1.661538461366525,0.0026556072435413498,0.0022298240036698136,0.008281045593321323,-0.0030003655701875687,0.008281045593321323,0.0030003655701875687,0.003971562720835209,0.00384170631878078,0.003971562720835209,0,0,0,10,3,13,13,0,1,1,1,0.0,0.0,0.0,1,0.006524307653307915,-0.0023837850312702358,0.004140522622037679,0.004140522622037679,inf,inf,0,0
3004,17,0,4,0.021825218573212624,0.03599999938160181,-0.0003093140257988125,-0.0003093140257988125,-0.008307692066981238,0.021825218573212624,0.03599999938160181,1,4,0.9076921939849854,0.20944694064039504,13,1.661538353333106,0.012990844036381479,0.01163190267098373,0.014174780808389187,0.007998378041182426,0.014174780808389187,0.007998378041182426,0.0039560142904520035,0.007910128682851791,0.0039560142904520035,0,1,11,10,11,4,1,0,0,1,0,0.0,0.006000000052154064,0.0,1,0.03764651296660304,-0.01868794858455658,0.01895856438204646,0.01895856438204646,inf,inf,0,0
3004,17,0,5,0.00991083960980177,0.0,0.001082217087969184,0.001082217087969184,0.0,0.00991083960980177,0.0,0,1,0.9076921939849854,0.20944694064039504,13,1.661538353333106,0.0025045814133037064,0.0018838366173957225,0.00991083960980177,0.001082217087969184,0.00991083960980177,0.001082217087969184,0.004298465326428413,0.002613344229757786,0.004298465326428413,0,0,0,8,6,13,13,0,1,1,1,0.0,0.0,0.0,1,0.008798227645456791,-0.0038428076659329236,0.004955419979523867,0.004955419979523867,inf,inf,0,0
3004,17,1,0,0.016397176310420036,0.035999998450279236,0.0006906278431415558,0.0006906278431415558,0.0,0.016397176310420036,0.035999998450279236,1,3,0.9076921939849854,0.20944694064039504,13,1.661538353333106,0.0040977683212732475,0.0025107460372017685,0.0196028221398592,0.0006906278431415558,0.0196028221398592,0.0006906278431415558,0.003938969224691391,0.004527343902736902,0.003938969224691391,0,10,11,10,11,1,1,1,1,1,1,0.017999999225139618,0.017999999225139618,0.017999999225139618,0,0.014571493724361062,-0.004770083003677428,0.009801410720683634,0.009801410720683634,0.5445228412562673,0.8095274639795457,0,0
3004,17,1,2,0.01250762864947319,0.017999999225139618,-0.0016791176749393344,-0.0016791176749393344,-0.0012461538809709811,0.01250762864947319,0.017999999225139618,1,4,0.9076921939849854,0.20944694064039504,13,1.6615383533331063,0.0017403496780781225,0.001391993492522095,0.005492370575666428,-0.00043296379396835327,0.005492370575666428,0.00043296379396835327,0.0027187999803572893,0.003648200072348118,0.0027187999803572893,0,10,11,10,11,1,1,1,1,1,1,0.008999999845400453,0.007499999366700649,0.007499999366700649,0,0.007828727131709456,-0.005081643670564517,0.002747083461144939,0.002747083461144939,0.3662778257477931,1.0438303723688738,1,0
3004,17,1,3,0.010788161307573318,0.0,-0.003076135413721204,-0.003076135413721204,0.0,0.010788161307573318,0.0,0,1,0.9076923131942749,0.2094469155167731,13,1.661538461366525,0.0024898168380378016,0.0017336068420306526,0.010788161307573318,-0.003076135413721204,0.010788161307573318,0.003076135413721204,0.0033943140879273415,0.0030168388038873672,0.0033943140879273415,0,0,0,10,12,13,13,0,1,1,1,0.0,0.0,0.0,1,0.006380941718816757,-0.0009868612978607416,0.005394080420956016,0.005394080420956016,inf,inf,0,0
3004,17,1,4,0.014130252413451672,0.012000000104308128,0.0008100194972939789,0.0008100194972939789,0.0,0.014130252413451672,0.012000000104308128,1,3,0.9076921939849854,0.20944694064039504,13,1.661538353333106,0.0014501637126767678,0.0012266388598322516,0.0021302523091435432,0.0008100194972939789,0.0021302523091435432,0.0008100194972939789,0.00337759661488235,0.003062276868149638,0.00337759661488235,0,10,11,10,11,1,1,1,1,1,1,0.006000000052154064,0.006000000052154064,0.006000000052154064,0,0.007056202739477158,-0.004425627237651497,0.0026305755018256605,0.0026305755018256605,0.4384292464932989,1.1760337796903695,1,0
3004,17,1,5,0.0076839979737997055,0.0,-0.00021152135741431266,-0.00021152135741431266,0.0,0.0076839979737997055,0.0,0,1,0.9076921939849854,0.20944694064039504,13,1.661538353333106,0.0017735768057643897,0.0012617908203257965,0.0076839979737997055,-0.00021152135741431266,0.0076839979737997055,0.00021152135741431266,0.002648197114467621,0.004635913763195276,0.002648197114467621,0,0,0,10,12,13,13,0,1,1,1,0.0,0.0,0.0,1,0.008101166225969791,-0.004259167282725684,0.003841998943244107,0.003841998943244107,inf,inf,0,0
3004,17,2,0,0.022561583667993546,0.047999998554587364,0.0031611768063157797,0.0031611768063157797,0.002076923016745308,0.022561583667993546,0.047999998554587364,1,4,0.9076921939849854,0.20944694064039504,13,1.661538353333106,0.007842040530903,0.005142988207248541,0.02543841488659382,0.0010842537895704718,0.02543841488659382,0.0010842537895704718,0.0049940976314246655,0.0063289073295891285,0.0049940976314246655,0,10,2,10,11,1,1,1,1,0,0,0.017999999225139618,0.012000000104308128,0.012000000104308128,0,0.020348775200545788,0.005174674559384584,0.015174100641161203,0.015174100641161203,1.2645083757718918,1.6957312519722696,0,0
3004,17,2,1,0.016631904989480972,0.03000000026077032,-0.001260722754523158,-0.001260722754523158,-6.447618133842425e-11,0.016631904989480972,0.03000000026077032,1,3,0.9076921939849854,0.20944694064039504,13,1.661538353333106,0.0036596307176520854,0.002696079686945359,0.013368095271289349,-0.0012607226900469767,0.013368095271289349,0.0012607226900469767,0.004125263076275587,0.006098355166614056,0.004125263076275587,0,10,11,10,11,1,1,1,1,1,1,0.015000000596046448,0.014999999664723873,0.014999999664723873,0,0.014488678891211748,-0.007059707306325436,0.0074289715848863125,0.0074289715848863125,0.4952647833957847,0.9659119476705976,1,0
3004,17,2,3,0.01258875522762537,0.0,-1.1117818758066278e-05,-1.1117818758066278e-05,-3.469446951953614e-18,0.01258875522762537,0.0,0,1,0.9076923131942749,0.2094469155167731,13,1.661538461366525,0.0036511394891311304,0.0030503184396839704,0.01258875522762537,-1.1117818758062809e-05,0.01258875522762537,1.1117818758062809e-05,0.005449556279927492,0.008106681518256664,0.005449556279927492,0,0,0,10,12,13,13,0,1,1,1,0.0,0.0,0.0,1,0.011199667118489742,-0.004905289504677057,0.006294377613812685,0.006294377613812685,inf,inf,0,0
3004,17,2,4,0.016287032514810562,0.036000000312924385,0.003535660682246089,0.003535660682246089,0.0020769229522691335,0.016287032514810562,0.036000000312924385,1,4,0.9076921939849854,0.20944694064039504,13,1.661538353333106,0.0079927282465575,0.004828588629262688,0.019712967798113823,0.0014587377299769555,0.019712967798113823,0.0014587377299769555,0.005175421945750713,0.00465775141492486,0.005175421945750713,0,10,2,10,11,1,1,1,1,0,0,0.006000000983476639,0.023999999277293682,0.006000000983476639,0,0.022361508570611477,0.006299568805843592,0.016061939764767885,0.016061939764767885,2.6769895220018713,3.7269174842125325,0,0
3004,17,2,5,0.008002227172255516,0.0,0.001413926831446588,0.001413926831446588,0.0,0.008002227172255516,0.0,0,1,0.9076921939849854,0.20944694064039504,13,1.661538353333106,0.0024351905926078402,0.0019229614622229656,0.008002227172255516,0.001413926831446588,0.008002227172255516,0.001413926831446588,0.002279330510646105,0.008522392250597477,0.002279330510646105,0,0,0,6,12,13,13,0,1,1,1,0.0,0.0,0.0,1,0.012493919115513563,-0.008492805296555161,0.004001113818958402,0.004001113818958402,inf,inf,0,0
3004,18,0,1,0.025910716503858566,0.030000001192092896,0.010486687533557415,0.010486687533557415,-1.3877787807814457e-17,0.025910716503858566,0.030000001192092896,1,3,0.9076921939849854,0.20944694064039504,13,1.661538353333106,0.00913837250898298,0.007886659001281274,0.004089284688234329,0.010486687533557429,0.004089284688234329,0.010486687533557429,0.008436786010861397,0.009039291180670261,0.008436786010861397,0,10,11,0,2,1,1,1,0,0,0,0.015000000596046448,0.015000000596046448,0.015000000596046448,0,0.0977286845445633,0.08216233365237713,0.015566350892186165,0.015566350892186165,1.0377566849089985,6.515245377411628,0,0
3004,18,0,2,0.02388177253305912,0.018000006675720215,0.009992118924856186,0.009992118924856186,0.0012461563633038297,0.02388177253305912,0.018000006675720215,1,4,0.9076921939849854,0.20944694064039504,13,1.6615383533331063,0.007590886279765865,0.006658860383081366,0.005881765857338905,0.008745962561552356,0.005881765857338905,0.008745962561552356,0.0073342276737093925,0.011575297452509403,0.0073342276737093925,0,10,11,0,2,1,1,1,0,0,0,0.007500000298023224,0.009000003337860107,0.007500000298023224,0,0.11497540958225727,0.10303452331572771,0.01194088626652956,0.01194088626652956,1.5921181056055187,15.33005400180602,0,0
3004,18,0,3,0.042004622519016266,0.0,0.01422055158764124,0.01422055158764124,1.3877787807814457e-17,0.042004622519016266,0.0,0,1,0.007692308165132999,0.2094469155167731,13,1.661538461366525,0.011944418368147983,0.009875756881293461,0.042004622519016266,0.014220551587641225,0.042004622519016266,0.014220551587641225,0.0052702478133141994,0.019633235409855843,0.0052702478133141994,0,0,0,9,1,13,13,0,1,1,1,0.0,0.0,0.0,1,0.1325631197541952,0.11156080849468708,0.021002311259508133,0.021002311259508133,inf,inf,0,0
3004,18,0,4,0.033058032393455505,0.035999998450279236,0.002641358645632863,0.002641358645632863,-0.008307692582790668,0.033058032393455505,0.035999998450279236,1,4,0.007692307233810425,0.20944694064039504,13,1.661538353333106,0.01877654797806707,0.015528961173988902,0.0029419660568237305,0.010949051228423531,0.0029419660568237305,0.010949051228423531,0.007655647583305836,0.008182752877473831,0.007655647583305836,0,1,11,0,2,4,1,0,0,0,0,0.0,0.00599999725818634,0.0,1,0.1267321091145277,0.09520309185609221,0.03152901725843549,0.03152901725843549,inf,inf,0,0
3004,18,0,5,0.04171038419008255,0.0,0.005582581739872694,0.005582581739872694,0.0,0.04171038419008255,0.0,0,1,0.9076921939849854,0.20944694064039504,13,1.661538353333106,0.01280046135671981,0.010206960191255842,0.04171038419008255,0.005582581739872694,0.04171038419008255,0.005582581739872694,0.010755041614174843,0.01585410162806511,0.010755041614174843,0,0,0,11,2,13,13,0,1,1,1,0.0,0.0,0.0,1,0.12527749687433243,0.10442230384796858,0.02085519302636385,0.02085519302636385,inf,inf,0,0
3004,18,1,0,0.015509136021137238,0.035999998450279236,0.0011871979804709554,0.0011871979804709554,-3.223808850080778e-11,0.015509136021137238,0.035999998450279236,1,3,0.9076921939849854,0.20944694064039504,13,1.661538353333106,0.0045055634467078606,0.003186807224283149,0.020490862429142,0.0011871980127090439,0.020490862429142,0.0011871980127090439,0.0026147090829908848,0.0037857908755540848,0.0026147090829908848,0,10,11,10,11,1,1,1,1,1,1,0.01799999945797026,0.017999998992308974,0.017999998992308974,0,0.014739312071469612,-0.004493880936934147,0.010245431134535465,0.010245431134535465,0.5691906504502098,0.818850716478785,0,0
3004,18,1,2,0.010434424504637718,0.017999999225139618,-0.0010048504918813705,-0.0010048504918813705,0.0012461538487328924,0.010434424504637718,0.017999999225139618,1,4,0.9076921939849854,0.20944694064039504,13,1.6615383533331063,0.0028619468716054746,0.002561573041106999,0.0075655747205019,-0.002251004340614263,0.0075655747205019,0.002251004340614263,0.002526902826502919,0.0030502656009048223,0.002526902826502919,0,10,11,10,11,1,1,1,1,1,1,0.007499999599531293,0.008999999612569809,0.007499999599531293,0,0.008076963946223259,-0.0036938684061169624,0.0043830955401062965,0.0043830955401062965,0.5844127698860431,1.0769285836665943,0,0
3004,18,1,3,0.010076716542243958,0.0,-0.0010491524590179324,-0.0010491524590179324,0.0,0.010076716542243958,0.0,0,1,0.007692308165132999,0.2094469155167731,13,1.661538461366525,0.0022255978072870295,0.0014834201690801503,0.010076716542243958,-0.0010491524590179324,0.010076716542243958,0.0010491524590179324,0.0033427951857447624,0.005007511004805565,0.0033427951857447624,0,0,0,10,12,13,13,0,1,1,1,0.0,0.0,0.0,1,0.00583799253217876,-0.0007996344065759331,0.0050383581256028265,0.0050383581256028265,inf,inf,0,0
3004,18,1,4,0.010813693515956402,0.011999999871477485,0.0017187142511829734,0.0017187142511829734,-1.6119044033563457e-11,0.010813693515956402,0.011999999871477485,1,3,0.007692307233810425,0.20944694064039504,13,1.661538353333106,0.0019318861572589611,0.001620344365754071,0.0011863063555210829,0.0017187142673020174,0.0011863063555210829,0.0017187142673020174,0.0026526665315032005,0.004017628729343414,0.0026526665315032005,0,10,11,10,11,1,1,1,1,1,1,0.006000000052154064,0.0059999998193234205,0.0059999998193234205,0,0.007548310561105609,-0.004204952158033848,0.003343358403071761,0.003343358403071761,0.5572264172915874,1.2580517980676842,0,0
3004,18,1,5,0.008030734956264496,0.0,0.0004021058848593384,0.0004021058848593384,8.673617379884035e-19,0.008030734956264496,0.0,0,1,0.9076921939849854,0.20944694064039504,13,1.661538353333106,0.002054612636564985,0.0016397120287785162,0.008030734956264496,0.00040210588485933754,0.008030734956264496,0.00040210588485933754,0.0040594106540083885,0.005900159943848848,0.0040594106540083885,0,0,0,10,12,13,13,0,1,1,1,0.0,0.0,0.0,1,0.009141098475083709,-0.005125730996951461,0.004015367478132248,0.004015367478132248,inf,inf,0,0
3004,18,2,0,0.02092599868774414,0.04799999762326479,0.0031732467468827963,0.0031732467468827963,0.00207692295226913,0.02092599868774414,0.04799999762326479,1,4,0.9076921939849854,0.20944694064039504,13,1.661538353333106,0.007964736852027638,0.005272604662858875,0.02707399893552065,0.0010963237946136663,0.02707399893552065,0.0010963237946136663,0.002857878804206848,0.007354868110269308,0.002857878804206848,0,10,2,10,11,1,1,1,1,0,0,0.017999999225139618,0.011999999172985554,0.011999999172985554,0,0.01872730255126953,0.002347065368667245,0.016380237182602286,0.016380237182602286,1.3650198592911191,1.5606086534929526,0,0
3004,18,2,1,0.01860623247921467,0.03000000026077032,-0.00019959772180300206,-0.00019959772180300206,-6.44761778689773e-11,0.01860623247921467,0.03000000026077032,1,3,0.9076921939849854,0.20944694064039504,13,1.661538353333106,0.004183580254605387,0.003125322563849257,0.011393767781555653,-0.0001995976573268242,0.011393767781555653,0.0001995976573268242,0.0025779586285352707,0.006461501587182283,0.0025779586285352707,0,10,11,10,12,1,1,1,1,0,0,0.015000000596046448,0.014999999664723873,0.014999999664723873,0,0.012973863631486893,-0.004892239812761545,0.008081623818725348,0.008081623818725348,0.5387749332909147,0.86492426143169,0,0
3004,18,2,3,0.017294012010097504,0.0,0.00032958900555968285,0.00032958900555968285,0.0,0.017294012010097504,0.0,0,1,0.007692308165132999,0.2094469155167731,13,1.661538461366525,0.004391923151859548,0.003410674730789732,0.017294012010097504,0.00032958900555968285,0.017294012010097504,0.00032958900555968285,0.005990228615701199,0.012410114519298077,0.005990228615701199,0,0,0,10,2,13,13,0,1,1,1,0.0,0.0,0.0,1,0.013110966421663761,-0.004463959950953722,0.00864700647071004,0.00864700647071004,inf,inf,0,0
3004,18,2,4,0.015715625137090683,0.03599999938160181,0.0021332330070436,0.0021332330070436,0.0020769228877929556,0.015715625137090683,0.03599999938160181,1,4,0.007692307233810425,0.20944694064039504,13,1.661538353333106,0.00788880496209274,0.0043257634712041484,0.020284374244511127,5.631011925064447e-05,0.020284374244511127,5.631011925064447e-05,0.004387407097965479,0.007660156115889549,0.004387407097965479,0,10,2,10,12,1,1,1,1,0,0,0.006000000983476639,0.023999998345971107,0.006000000983476639,0,0.022917501628398895,0.00534809147939086,0.017569410149008036,0.017569410149008036,2.928234544859628,3.819582978654711,0,0
3004,18,2,5,0.013218484818935394,0.0,-4.806198921869509e-05,-4.806198921869509e-05,-3.469446951953614e-18,0.013218484818935394,0.0,0,1,0.9076921939849854,0.20944694064039504,13,1.661538353333106,0.0035994306123725327,0.0027198723831473016,0.013218484818935394,-4.806198921869162e-05,0.013218484818935394,4.806198921869162e-05,0.0027671686839312315,0.012460409663617611,0.0027671686839312315,0,0,0,10,2,13,13,0,1,1,1,0.0,0.0,0.0,1,0.016025202814489603,-0.009415960172191262,0.006609242642298341,0.006609242642298341,inf,inf,0,0
3004,19,0,1,0.024700693786144257,0.029999999329447746,-0.0032299060840159655,-0.0032299060840159655,0.0,0.024700693786144257,0.029999999329447746,1,3,0.9076921939849854,0.20944694064039504,13,1.661538353333106,0.0038779350361331138,0.00341179711777254,0.00529930554330349,-0.0032299060840159655,0.00529930554330349,0.0032299060840159655,0.0030727286357432604,0.008314513601362705,0.0030727286357432604,0,10,11,10,11,1,1,1,1,1,1,0.014999999664723873,0.014999999664723873,0.014999999664723873,0,0.007920943200588226,-0.002376271993853152,0.0055446712067350745,0.0055446712067350745,0.3696447553778758,0.5280628918423405,1,0
3004,19,0,2,0.02827100269496441,0.017999999225139618,-0.0034933032002300024,-0.0034933032002300024,-0.0012461538809709811,0.02827100269496441,0.017999999225139618,1,4,0.9076921939849854,0.20944694064039504,13,1.6615383533331063,0.003934394949402412,0.0034084623492152025,0.010271003469824791,-0.0022471493192590215,0.010271003469824791,0.0022471493192590215,0.003823680803179741,0.005720431916415691,0.003823680803179741,0,10,11,10,11,1,1,1,1,1,1,0.008999999845400453,0.007499999366700649,0.007499999366700649,0,0.010672578355297446,-0.004122081212699413,0.006550497142598033,0.006550497142598033,0.8733996927628656,1.423010567531882,0,0
3004,19,0,3,0.015606082044541836,0.0,-0.004205755423754454,-0.004205755423754454,0.0,0.015606082044541836,0.0,0,1,0.007692308165132999,0.2094469155167731,13,1.661538461366525,0.00430146715865091,0.0032764535952502717,0.015606082044541836,-0.004205755423754454,0.015606082044541836,0.004205755423754454,0.002551357727497816,0.0036425853613764048,0.002551357727497816,0,0,0,10,11,13,13,0,1,1,1,0.0,0.0,0.0,1,0.009597341530025005,-0.0017943005077540874,0.007803041022270918,0.007803041022270918,inf,inf,0,0
3004,19,0,4,0.0226243007928133,0.03599999938160181,-0.0042647323571145535,-0.0042647323571145535,-0.008307692066981238,0.0226243007928133,0.03599999938160181,1,4,0.9076921939849854,0.20944694064039504,13,1.661538353333106,0.012467450621518387,0.011027895374300743,0.01337569858878851,0.004042959709866685,0.01337569858878851,0.004042959709866685,0.004733159206807613,0.006985069718211889,0.004733159206807613,0,1,11,10,11,4,1,0,0,1,0,0.0,0.006000000052154064,0.0,1,0.037849548272788525,-0.01917016226798296,0.018679386004805565,0.018679386004805565,inf,inf,0,0
3004,19,0,5,0.012764538638293743,0.0,-0.0019248118624091148,-0.0019248118624091148,0.0,0.012764538638293743,0.0,0,1,0.9076921939849854,0.20944694064039504,13,1.661538353333106,0.003802551407220283,0.0031681909093622274,0.012764538638293743,-0.0019248118624091148,0.012764538638293743,0.0019248118624091148,0.0038197769317775965,0.005296292249113321,0.0038197769317775965,0,0,0,8,6,13,13,0,1,1,1,0.0,0.0,0.0,1,0.011702410876750946,-0.005320141732227057,0.006382269144523889,0.006382269144523889,inf,inf,0,0
3004,19,1,0,0.014676332473754883,0.03599999751895666,0.0012884772149845958,0.0012884772149845958,-6.447617700161556e-11,0.014676332473754883,0.03599999751895666,1,3,0.9076921939849854,0.20944694064039504,13,1.661538353333106,0.00461583834050385,0.0031705613154366877,0.02132366504520178,0.0012884772794607728,0.02132366504520178,0.0012884772794607728,0.0030914393719285727,0.003867941675707698,0.0030914393719285727,0,10,11,10,11,1,1,1,1,1,1,0.017999999225139618,0.017999998293817043,0.017999998293817043,0,0.01194310700520873,-0.0012812747154384851,0.010661832289770246,0.010661832289770246,0.5923240722435268,0.6635060076261874,0,0
3004,19,1,2,0.01180051825940609,0.017999999225139618,-0.0008264963398687541,-0.0008264963398687541,-0.0012461538809709818,0.01180051825940609,0.017999999225139618,1,4,0.9076921939849854,0.20944694064039504,13,1.6615383533331063,0.002431585973570713,0.0019785217174808304,0.006199480965733528,0.0004196575411022276,0.006199480965733528,0.0004196575411022276,0.0019262979039922357,0.003098997985944152,0.0019262979039922357,0,10,11,10,11,1,1,1,1,1,1,0.008999999845400453,0.007499999366700649,0.007499999366700649,0,0.006350536539684981,-0.0025513246364425868,0.0037992119032423943,0.0037992119032423943,0.5065616298730061,0.8467382767898376,0,0
3004,19,1,3,0.008326901122927666,0.0,-0.0017789840931072831,-0.0017789840931072831,8.673617379884035e-19,0.008326901122927666,0.0,0,1,0.007692308165132999,0.2094469155167731,13,1.661538461366525,0.00198936925711763,0.0014291013055067708,0.008326901122927666,-0.001778984093107284,0.008326901122927666,0.001778984093107284,0.0038076238706707954,0.004025485832244158,0.0038076238706707954,0,0,0,10,12,13,13,0,1,1,1,0.0,0.0,0.0,1,0.004388853732962161,0.00022540325880981982,0.0041634504741523415,0.0041634504741523415,inf,inf,0,0
3004,19,1,4,0.010842539370059967,0.012000000104308128,0.0011353610316291451,0.0011353610316291451,0.0,0.010842539370059967,0.012000000104308128,1,3,0.9076921939849854,0.20944694064039504,13,1.661538353333106,0.0015854381850230453,0.0013226845643356353,0.0011574607342481613,0.0011353610316291451,0.0011574607342481613,0.0011353610316291451,0.0030825738795101643,0.0044892290607094765,0.0030825738795101643,0,10,11,10,11,1,1,1,1,1,1,0.006000000052154064,0.006000000052154064,0.006000000052154064,0,0.003767332062125206,-0.0011341447243466973,0.0026331873377785087,0.0026331873377785087,0.43886455248165646,0.6278886715630433,1,0
3004,19,1,5,0.007114328444004059,0.0,0.0004923673695884645,0.0004923673695884645,0.0,0.007114328444004059,0.0,0,1,0.9076921939849854,0.20944694064039504,13,1.661538353333106,0.001960981444728713,0.0015624084967304265,0.007114328444004059,0.0004923673695884645,0.007114328444004059,0.0004923673695884645,0.0038708702195435762,0.005295595154166222,0.0038708702195435762,0,0,0,5,12,13,13,0,1,1,1,0.0,0.0,0.0,1,0.0055207740515470505,-0.001963609945960343,0.0035571641055867076,0.0035571641055867076,inf,inf,0,0
3004,19,2,0,0.027571266517043114,0.047999998554587364,0.0015758057124912739,0.0015758057124912739,0.002076923016745308,0.027571266517043114,0.047999998554587364,1,4,0.9076921939849854,0.20944694064039504,13,1.661538353333106,0.008313519528936043,0.005124019998946837,0.02042873203754425,-0.000501117304254034,0.02042873203754425,0.000501117304254034,0.00442747725173831,0.0036967480555176735,0.00442747725173831,0,10,2,10,11,1,1,1,1,0,0,0.017999999225139618,0.012000000104308128,0.012000000104308128,0,0.02151845209300518,0.00529906852170825,0.01621938357129693,0.01621938357129693,1.3516152858593724,1.7932043254966161,0,0
3004,19,2,1,0.02188309282064438,0.03000000026077032,0.0005000397213734686,0.0005000397213734686,-6.44761778689773e-11,0.02188309282064438,0.03000000026077032,1,3,0.9076921939849854,0.20944694064039504,13,1.661538353333106,0.0028121196937182106,0.002096852480527565,0.008116907440125942,0.0005000397858496465,0.008116907440125942,0.0005000397858496465,0.0016287321923300624,0.003990082535892725,0.0016287321923300624,0,10,11,10,11,1,1,1,1,1,1,0.015000000596046448,0.014999999664723873,0.014999999664723873,0,0.010891837999224663,-0.005103780189529061,0.0057880578096956015,0.0057880578096956015,0.38587052927125187,0.7261225495117479,1,0
3004,19,2,3,0.017269572243094444,0.0,-0.0019582072272896767,-0.0019582072272896767,-3.469446951953614e-18,0.017269572243094444,0.0,0,1,0.007692308165132999,0.2094469155167731,13,1.661538461366525,0.004388583633070201,0.003167914821815914,0.017269572243094444,-0.001958207227289673,0.017269572243094444,0.001958207227289673,0.005668541882187128,0.008874005638062954,0.005668541882187128,0,0,0,10,9,13,13,0,1,1,1,0.0,0.0,0.0,1,0.01246141828596592,-0.0038266321644186974,0.008634786121547222,0.008634786121547222,inf,inf,0,0
3004,19,2,4,0.01600531116127968,0.036000000312924385,-0.0005355165922082961,-0.0005355165922082961,0.00207692295226913,0.01600531116127968,0.036000000312924385,1,4,0.9076921939849854,0.20944694064039504,13,1.661538353333106,0.008634575126514008,0.004861094178797225,0.019994689151644707,-0.002612439544477426,0.019994689151644707,0.002612439544477426,0.002512642415240407,0.0039390744641423225,0.002512642415240407,0,10,2,10,11,1,1,1,1,0,0,0.006000000983476639,0.023999999277293682,0.006000000983476639,0,0.021504192613065243,0.0036279032938182354,0.017876289319247007,0.017876289319247007,2.979381064849222,3.584031514708996,0,0
3004,19,2,5,0.010486180894076824,0.0,0.0009953221306204796,0.0009953221306204796,0.0,0.010486180894076824,0.0,0,1,0.9076921939849854,0.20944694064039504,13,1.661538353333106,0.002610054766406985,0.00192572778234115,0.010486180894076824,0.0009953221306204796,0.010486180894076824,0.0009953221306204796,0.0030704375822097063,0.00718131335452199,0.0030704375822097063,0,0,0,10,12,13,13,0,1,1,1,0.0,0.0,0.0,1,0.01179980207234621,-0.006556711625307798,0.005243090447038412,0.005243090447038412,inf,inf,0,0
3004,20,0,1,0.02587830275297165,0.029999999329447746,-0.004280576948076487,-0.004280576948076487,0.0,0.02587830275297165,0.029999999329447746,1,3,0.9076921939849854,0.20944694064039504,13,1.661538353333106,0.0038759505074437805,0.0033067145864286375,0.004121696576476097,-0.004280576948076487,0.004121696576476097,0.004280576948076487,0.005354775581508875,0.004993030801415443,0.005354775581508875,0,10,11,10,11,1,1,1,1,1,1,0.014999999664723873,0.014999999664723873,0.014999999664723873,0,0.03084939904510975,-0.024197512306272984,0.006651886738836765,0.006651886738836765,0.4434591258345349,2.0566266489765046,1,0
3004,20,0,2,0.030581049621105194,0.017999999225139618,-0.003580814925953746,-0.003580814925953746,-0.0012461538809709811,0.030581049621105194,0.017999999225139618,1,4,0.9076921939849854,0.20944694064039504,13,1.6615383533331063,0.004096776421503188,0.0036920891226043364,0.012581050395965576,-0.002334661044982765,0.012581050395965576,0.002334661044982765,0.00394854974001646,0.007211819291114807,0.00394854974001646,0,10,11,10,11,1,1,1,1,1,1,0.008999999845400453,0.007499999366700649,0.007499999366700649,0,0.0310449271928519,-0.024584719096310437,0.006460208096541464,0.006460208096541464,0.8613611522721231,4.139323975237745,0,0
3004,20,0,3,0.015364034101366997,0.0,-0.004145482089370489,-0.004145482089370489,0.0,0.015364034101366997,0.0,0,1,0.9076923131942749,0.2094469155167731,13,1.661538461366525,0.004282737690101754,0.0033622870342971305,0.015364034101366997,-0.004145482089370489,0.015364034101366997,0.004145482089370489,0.006120926700532436,0.004850301891565323,0.006120926700532436,0,0,0,10,1,13,13,0,1,1,1,0.0,0.0,0.0,1,0.030720805749297142,-0.023038788698613644,0.007682017050683498,0.007682017050683498,inf,inf,0,0
3004,20,0,4,0.029681628569960594,0.03599999938160181,0.00021311019372660667,0.00021311019372660667,0.0020769230167453096,0.029681628569960594,0.03599999938160181,1,4,0.9076921939849854,0.20944694064039504,13,1.661538353333106,0.009248082655872734,0.006338992051383447,0.006318370811641216,-0.001863812823018703,0.006318370811641216,0.001863812823018703,0.0056854658760130405,0.004649301525205374,0.0056854658760130405,0,10,4,10,11,1,1,1,1,0,0,0.006000000052154064,0.023999999277293682,0.006000000052154064,0,0.031339031644165516,-0.012620671186596155,0.01871836045756936,0.01871836045756936,3.119726715810489,5.223171895292646,0,0
3004,20,0,5,0.015055430121719837,0.0,-0.003814398543909192,-0.003814398543909192,0.0,0.015055430121719837,0.0,0,1,0.9076921939849854,0.20944694064039504,13,1.661538353333106,0.0037841964996912676,0.002965961081477312,0.015055430121719837,-0.003814398543909192,0.015055430121719837,0.003814398543909192,0.0047143977135419846,0.006536960601806641,0.0047143977135419846,0,0,0,8,6,13,13,0,1,1,1,0.0,0.0,0.0,1,0.029869424179196358,-0.02234170911833644,0.007527715060859919,0.007527715060859919,inf,inf,0,0
3004,20,1,0,0.014599589630961418,0.03599999751895666,0.0010042291833087802,0.0010042291833087802,-6.447617873633904e-11,0.014599589630961418,0.03599999751895666,1,3,0.007692307233810425,0.20944694064039504,13,1.661538353333106,0.004614731371558728,0.0031588173157276484,0.021400407887995243,0.001004229247784959,0.021400407887995243,0.001004229247784959,0.002322847954928875,0.004210418555885553,0.002322847954928875,0,10,11,10,11,1,1,1,1,1,1,0.017999999225139618,0.017999998293817043,0.017999998293817043,0,0.014692858676426113,-0.003992654790636152,0.01070020388578996,0.01070020388578996,0.5944558277800202,0.8162700038406712,0,0
3004,20,1,2,0.011398691684007645,0.017999999225139618,-0.0010627162409946322,-0.0010627162409946322,-0.0012461538809709818,0.011398691684007645,0.017999999225139618,1,4,0.9076921939849854,0.20944694064039504,13,1.6615383533331063,0.002468100749412692,0.0020484628249510858,0.006601307541131973,0.00018343763997634953,0.006601307541131973,0.00018343763997634953,0.0022867636289447546,0.0036624183412641287,0.0022867636289447546,0,10,11,10,11,1,1,1,1,1,1,0.008999999845400453,0.007499999366700649,0.007499999366700649,0,0.008608127944171429,-0.004687314038164914,0.003920813906006515,0.003920813906006515,0.5227752316106307,1.1477504894721424,0,0
3004,20,1,3,0.008584012277424335,0.0,-0.0020135899540036917,-0.0020135899540036917,8.673617379884035e-19,0.008584012277424335,0.0,0,1,0.9076923131942749,0.2094469155167731,13,1.661538461366525,0.00206149951030491,0.0014890458140079314,0.008584012277424335,-0.0020135899540036925,0.008584012277424335,0.0020135899540036925,0.00396673334762454,0.004314627032727003,0.00396673334762454,0,0,0,10,12,13,13,0,1,1,1,0.0,0.0,0.0,1,0.004957762237609131,0.0006657562535110628,0.0042920059840980684,0.0042920059840980684,inf,inf,0,0
3004,20,1,4,0.011192591860890388,0.012000000104308128,0.0017901965184137225,0.0017901965184137225,0.0,0.011192591860890388,0.012000000104308128,1,3,0.9076921939849854,0.20944694064039504,13,1.661538353333106,0.0015124752212554685,0.0012096855486329844,0.0008074082434177399,0.0017901965184137225,0.0008074082434177399,0.0017901965184137225,0.003586563980206847,0.0038278810679912567,0.003586563980206847,0,10,11,10,11,1,1,1,1,1,1,0.006000000052154064,0.006000000052154064,0.006000000052154064,0,0.005633866414427757,-0.0029258602298796177,0.0027080061845481396,0.0027080061845481396,0.45133436016820305,0.9389777275760421,1,0
3004,20,1,5,0.006517928093671799,0.0,0.0005530730704776943,0.0005530730704776943,0.0,0.006517928093671799,0.0,0,1,0.9076921939849854,0.20944694064039504,13,1.661538353333106,0.00174455253037042,0.0013613504572556568,0.006517928093671799,0.0005530730704776943,0.006517928093671799,0.0005530730704776943,0.003870624117553234,0.00554342195391655,0.003870624117553234,0,0,0,5,12,13,13,0,1,1,1,0.0,0.0,0.0,1,0.007152917794883251,-0.003893953748047352,0.0032589640468358994,0.0032589640468358994,inf,inf,0,0
3004,20,2,0,0.02419460192322731,0.047999998554587364,0.000864812929648906,0.000864812929648906,0.002076923016745308,0.02419460192322731,0.047999998554587364,1,4,0.007692307233810425,0.20944694064039504,13,1.661538353333106,0.00851669260170387,0.005373652682766406,0.023805396631360054,-0.0012121100870964019,0.023805396631360054,0.0012121100870964019,0.0016753996023908257,0.004045552108436823,0.0016753996023908257,0,10,2,10,11,1,1,1,1,0,0,0.017999999225139618,0.012000000104308128,0.012000000104308128,0,0.019844154827296734,0.002721500815823674,0.01712265401147306,0.01712265401147306,1.4268878218864218,1.6536795545670429,0,0
3004,20,2,1,0.022156808525323868,0.03000000026077032,-0.000890259922016412,-0.000890259922016412,-6.44761778689773e-11,0.022156808525323868,0.03000000026077032,1,3,0.9076921939849854,0.20944694064039504,13,1.661538353333106,0.0032565073902235454,0.00240513631115122,0.007843191735446453,-0.0008902598575402342,0.007843191735446453,0.0008902598575402342,0.0022038081660866737,0.005234263371676207,0.0022038081660866737,0,10,11,10,11,1,1,1,1,1,1,0.015000000596046448,0.014999999664723873,0.014999999664723873,0,0.012834830675274134,-0.0061365102883428335,0.0066983203869313,0.0066983203869313,0.4465547024433621,0.8556553974769974,1,0
3004,20,2,3,0.022909684106707573,0.0,-0.001205486012622714,-0.001205486012622714,-3.469446951953614e-18,0.022909684106707573,0.0,0,1,0.9076923131942749,0.2094469155167731,13,1.661538461366525,0.005141465340522999,0.0033128027633361557,0.022909684106707573,-0.0012054860126227106,0.022909684106707573,0.0012054860126227106,0.00418587913736701,0.009214986115694046,0.00418587913736701,0,0,0,10,9,13,13,0,1,1,1,0.0,0.0,0.0,1,0.01563760032877326,-0.004182758508250117,0.011454841820523143,0.011454841820523143,inf,inf,0,0
3004,20,2,4,0.021705858409404755,0.036000000312924385,0.002124122343957424,0.002124122343957424,0.0020769229522691335,0.021705858409404755,0.036000000312924385,1,4,0.9076921939849854,0.20944694064039504,13,1.661538353333106,0.0084710484968409,0.005381379138744442,0.01429414190351963,4.719939168829068e-05,0.01429414190351963,4.719939168829068e-05,0.0046608950942754745,0.007192972581833601,0.0046608950942754745,0,10,2,10,11,1,1,1,1,0,0,0.006000000983476639,0.023999999277293682,0.006000000983476639,0,0.020427118055522442,0.0038837811443954706,0.01654333691112697,0.01654333691112697,2.7572223665771975,3.4045191178762373,0,0
3004,20,2,5,0.013648521155118942,0.0,-0.0006946748471818864,-0.0006946748471818864,0.0,0.013648521155118942,0.0,0,1,0.9076921939849854,0.20944694064039504,13,1.661538353333106,0.0031885157850333537,0.0021662871138407635,0.013648521155118942,-0.0006946748471818864,0.013648521155118942,0.0006946748471818864,0.002665726700797677,0.005872986279428005,0.002665726700797677,0,0,0,10,1,13,13,0,1,1,1,0.0,0.0,0.0,1,0.01457024971023202,-0.007745988899841905,0.006824260810390115,0.006824260810390115,inf,inf,0,0
3004,21,0,1,0.02569788694381714,0.02999999839812517,-0.005260361824184656,-0.005260361824184656,-6.447617439953035e-11,0.02569788694381714,0.02999999839812517,1,3,0.9076921939849854,0.20944694064039504,13,1.661538353333106,0.004271440610892938,0.0037378682341625002,0.004302111454308033,-0.005260361759708482,0.004302111454308033,0.005260361759708482,0.005722986534237862,0.00368371675722301,0.005722986534237862,0,10,11,10,11,1,1,1,1,1,1,0.014999999664723873,0.014999998733401299,0.014999998733401299,0,0.012711770832538605,0.005856307223439217,0.006855463609099388,0.006855463609099388,0.457030945864946,0.8474514603946349,1,0
3004,21,0,2,0.02957209385931492,0.01799999736249447,-0.005552183836698532,-0.005552183836698532,0.0012461531394949363,0.02957209385931492,0.01799999736249447,1,4,0.9076921939849854,0.20944694064039504,13,1.6615383533331063,0.004553213973982304,0.0035300152121420353,0.01157209649682045,-0.006798336976193468,0.01157209649682045,0.006798336976193468,0.005294169299304485,0.006593066733330488,0.005294169299304485,0,10,11,10,11,1,1,1,1,1,1,0.007500000298023224,0.00899999774992466,0.007500000298023224,0,0.020359815389383584,0.011206161841982976,0.009153653547400609,0.009153653547400609,1.2204870911556147,2.714641944047632,0,0
3004,21,0,3,0.02323894388973713,0.0,-0.0026815126184374094,-0.0026815126184374094,3.469446951953614e-18,0.02323894388973713,0.0,0,1,0.9076923131942749,0.2094469155167731,13,1.661538461366525,0.005635434125877856,0.0037550027564873362,0.02323894388973713,-0.002681512618437413,0.02323894388973713,0.002681512618437413,0.004849292803555727,0.007460414431989193,0.004849292803555727,0,0,0,10,6,13,13,0,1,1,1,0.0,0.0,0.0,1,0.023431563284248114,0.011812091572210193,0.011619471712037921,0.011619471712037921,inf,inf,0,0
3004,21,0,4,0.026952257379889488,0.03599999914877117,-0.003966089803725481,-0.003966089803725481,-0.008307692260409769,0.026952257379889488,0.03599999914877117,1,4,0.9076921939849854,0.20944694064039504,13,1.661538353333106,0.012394556224435548,0.010707895078602628,0.009047741768881679,0.004341602456684288,0.009047741768881679,0.004341602456684288,0.002273749327287078,0.0015274323523044586,0.002273749327287078,0,1,11,10,11,4,1,0,0,1,0,0.0,0.0059999991208314896,0.0,1,0.020683671114966273,-0.0006124402862042189,0.020071230828762054,0.020071230828762054,inf,inf,0,0
3004,21,0,5,0.020734641700983047,0.0,-0.006357597187161446,-0.006357597187161446,3.469446951953614e-18,0.020734641700983047,0.0,0,1,0.9076921939849854,0.20944694064039504,13,1.661538353333106,0.005389170048200533,0.0038639265801426923,0.020734641700983047,-0.006357597187161449,0.020734641700983047,0.006357597187161449,0.005500784143805504,0.007244015112519264,0.005500784143805504,0,0,0,10,6,13,13,0,1,1,1,0.0,0.0,0.0,1,0.019525964744389057,0.009158643428236246,0.010367321316152811,0.010367321316152811,inf,inf,0,0
3004,21,1,0,0.014534150250256062,0.035999998450279236,-0.001218318473547697,-0.001218318473547697,-3.223808850080778e-11,0.014534150250256062,0.035999998450279236,1,3,0.9076921939849854,0.20944694064039504,13,1.661538353333106,0.004683184049596505,0.00322719950906756,0.021465848200023174,-0.0012183184413096086,0.021465848200023174,0.0012183184413096086,0.004880853928625584,0.00382919586263597,0.004880853928625584,0,10,11,10,11,1,1,1,1,1,1,0.01799999945797026,0.017999998992308974,0.017999998992308974,0,0.015167015313636512,-0.004434091359144077,0.010732923954492435,0.010732923954492435,0.5962735864084432,0.8426120090405039,0,0
3004,21,1,2,0.01006018090993166,0.017999999225139618,-0.0008853645995259285,-0.0008853645995259285,0.0012461538487328924,0.01006018090993166,0.017999999225139618,1,4,0.9076921939849854,0.20944694064039504,13,1.6615383533331063,0.0029757256784214343,0.002611923351134422,0.007939818315207958,-0.002131518448258821,0.007939818315207958,0.002131518448258821,0.002547062933444977,0.00343121774494648,0.002547062933444977,0,10,11,10,11,1,1,1,1,1,1,0.007499999599531293,0.008999999612569809,0.007499999599531293,0,0.007759660482406616,-0.003293906687758863,0.004465753794647753,0.004465753794647753,0.5954338710800514,1.0346214528986843,0,0
3004,21,1,3,0.009522084146738052,0.0,-0.0010815998539328575,-0.0010815998539328575,0.0,0.009522084146738052,0.0,0,1,0.9076923131942749,0.2094469155167731,13,1.661538461366525,0.002106556221380588,0.0014092979963714555,0.009522084146738052,-0.0010815998539328575,0.009522084146738052,0.0010815998539328575,0.0037968913093209267,0.00416873162612319,0.0037968913093209267,0,0,0,10,12,13,13,0,1,1,1,0.0,0.0,0.0,1,0.004947155131958425,0.00018611300038173795,0.004761042131576687,0.004761042131576687,inf,inf,0,0
3004,21,1,4,0.010395869612693787,0.011999999871477485,0.0015016705729067326,0.0015016705729067326,-1.6119044033563457e-11,0.010395869612693787,0.011999999871477485,1,3,0.9076921939849854,0.20944694064039504,13,1.661538353333106,0.0019441060072158353,0.0015832342223964146,0.001604130258783698,0.0015016705890257766,0.001604130258783698,0.0015016705890257766,0.0025715078227221966,0.003652022685855627,0.0025715078227221966,0,10,11,10,11,1,1,1,1,1,1,0.006000000052154064,0.0059999998193234205,0.0059999998193234205,0,0.007381031988188624,-0.003709004959091544,0.0036720270290970802,0.0036720270290970802,0.6120045232786607,1.2301720350753167,0,0
3004,21,1,5,0.007139472756534815,0.0,0.0003990165423601866,0.0003990165423601866,8.673617379884035e-19,0.007139472756534815,0.0,0,1,0.9076921939849854,0.20944694064039504,13,1.661538353333106,0.0018050919620672583,0.0013324281355068528,0.007139472756534815,0.0003990165423601857,0.007139472756534815,0.0003990165423601857,0.003992933314293623,0.005730865057557821,0.003992933314293623,0,0,0,10,12,13,13,0,1,1,1,0.0,0.0,0.0,1,0.008484503952786326,-0.004914767574518919,0.0035697363782674074,0.0035697363782674074,inf,inf,0,0
3004,21,2,0,0.022870780900120735,0.035999998450279236,0.0003790652845054865,0.0003790652845054865,-3.469446951953614e-18,0.022870780900120735,0.035999998450279236,1,3,0.9076921939849854,0.20944694064039504,13,1.661538353333106,0.003985706201560161,0.0029059987978117003,0.0131292175501585,0.00037906528450548996,0.0131292175501585,0.00037906528450548996,0.008419136516749859,0.007776922546327114,0.008419136516749859,0,10,11,10,11,1,1,1,1,1,1,0.017999999225139618,0.017999999225139618,0.017999999225139618,0,0.009438220411539078,-0.0015694508329033852,0.007868769578635693,0.007868769578635693,0.43715388429827323,0.5243456009907617,1,0
3004,21,2,1,0.020325910300016403,0.03000000026077032,-0.0011644746409729123,-0.0011644746409729123,-6.44761778689773e-11,0.020325910300016403,0.03000000026077032,1,3,0.9076921939849854,0.20944694064039504,13,1.661538353333106,0.004074623864498626,0.0030984498295910964,0.009674089960753918,-0.0011644745764967344,0.009674089960753918,0.0011644745764967344,0.0016818015137687325,0.00917523168027401,0.0016818015137687325,0,10,11,10,9,1,1,1,1,0,0,0.015000000596046448,0.014999999664723873,0.014999999664723873,0,0.008080322295427322,0.00028748856857419014,0.007792833726853132,0.007792833726853132,0.5195222600691028,0.5386881650691069,0,0
3004,21,2,3,0.02353612706065178,0.0,-0.00048252474516630173,-0.00048252474516630173,0.0,0.02353612706065178,0.0,0,1,0.9076923131942749,0.2094469155167731,13,1.661538461366525,0.00573721691213576,0.004008186077313311,0.02353612706065178,-0.00048252474516630173,0.02353612706065178,0.00048252474516630173,0.004819585010409355,0.01378409843891859,0.004819585010409355,0,0,0,10,9,13,13,0,1,1,1,0.0,0.0,0.0,1,0.01590866968035698,0.00414060615003109,0.01176806353032589,0.01176806353032589,inf,inf,0,0
3004,21,2,4,0.01787676103413105,0.03599999938160181,0.0022637112997472286,0.0022637112997472286,0.0020769228877929556,0.01787676103413105,0.03599999938160181,1,4,0.9076921939849854,0.20944694064039504,13,1.661538353333106,0.00815309844003313,0.004843920899125246,0.01812323834747076,0.000186788411954273,0.01812323834747076,0.000186788411954273,0.0036588963121175766,0.008101833052933216,0.0036588963121175766,0,10,2,10,9,1,1,1,1,0,0,0.006000000983476639,0.023999998345971107,0.006000000983476639,0,0.025818786583840847,0.008551597129553556,0.01726718945428729,0.01726718945428729,2.877864437329141,4.3031303919687725,0,0
3004,21,2,5,0.017467882484197617,0.0,-0.002245456911623478,-0.002245456911623478,-3.469446951953614e-18,0.017467882484197617,0.0,0,1,0.9076921939849854,0.20944694064039504,13,1.661538353333106,0.004359832835439867,0.00344005373675795,0.017467882484197617,-0.0022454569116234745,0.017467882484197617,0.0022454569116234745,0.004138182383030653,0.01042659766972065,0.004138182383030653,0,0,0,10,2,13,13,0,1,1,1,0.0,0.0,0.0,1,0.009883147664368153,-0.0011492068879306316,0.008733940776437521,0.008733940776437521,inf,inf,0,0
3004,22,0,1,0.022272704169154167,0.030000001192092896,0.001425543799996376,0.001425543799996376,0.0,0.022272704169154167,0.030000001192092896,1,3,0.9076921939849854,0.20944694064039504,13,1.661538353333106,0.005318338703962359,0.004469761084875411,0.007727297022938728,0.001425543799996376,0.007727297022938728,0.001425543799996376,0.01179466675966978,0.008603437803685665,0.01179466675966978,0,10,11,10,11,1,1,1,1,1,1,0.015000000596046448,0.015000000596046448,0.015000000596046448,0,0.07677604258060455,0.06872876547276974,0.008047277107834816,0.008047277107834816,0.5364851192043177,5.118402635319923,0,0
3004,22,0,2,0.0305741298943758,0.01799999177455902,0.00726429233327508,0.00726429233327508,-0.0012461563633038436,0.0305741298943758,0.01799999177455902,1,4,0.9076921939849854,0.20944694064039504,13,1.6615383533331063,0.005191591976214307,0.0044629933125168615,0.01257413811981678,0.008510448696578923,0.01257413811981678,0.008510448696578923,0.006803148426115513,0.007923142053186893,0.006803148426115513,0,10,11,10,11,1,1,1,1,1,1,0.00899999588727951,0.007499992847442627,0.007499992847442627,0,0.08228348009288311,0.07328468281775713,0.00899879727512598,0.00899879727512598,1.1998407809408007,10.97114114194661,0,0
3004,22,0,3,0.03605395182967186,0.0,0.007511102128773928,0.007511102128773928,0.0,0.03605395182967186,0.0,0,1,0.007692308165132999,0.2094469155167731,13,1.661538461366525,0.00850830683944079,0.006441496406301591,0.03605395182967186,0.007511102128773928,0.03605395182967186,0.007511102128773928,0.0076896920800209045,0.015591699630022049,0.0076896920800209045,0,0,0,9,1,13,13,0,1,1,1,0.0,0.0,0.0,1,0.10220642061904073,0.08417944447137415,0.018026976147666574,0.018026976147666574,inf,inf,0,0
3004,22,0,4,0.02878010831773281,0.035999998450279236,0.001264049089513719,0.001264049089513719,-0.008307692582790668,0.02878010831773281,0.035999998450279236,1,4,0.007692307233810425,0.20944694064039504,13,1.661538353333106,0.01767782423496321,0.015244229437684165,0.007219890132546425,0.009571741672304387,0.007219890132546425,0.009571741672304387,0.00954698957502842,0.009174357168376446,0.00954698957502842,0,1,11,10,11,4,1,0,0,1,0,0.0,0.00599999725818634,0.0,1,0.08498062752187252,0.05957063753157854,0.02540998999029398,0.02540998999029398,inf,inf,0,0
3004,22,0,5,0.03200020641088486,0.0,-0.0006964015774428844,-0.0006964015774428844,-1.3877787807814457e-17,0.03200020641088486,0.0,0,1,0.9076921939849854,0.20944694064039504,13,1.661538353333106,0.009398302888920374,0.007467155317230337,0.03200020641088486,-0.0006964015774428706,0.03200020641088486,0.0006964015774428706,0.011957711540162563,0.012921294197440147,0.011957711540162563,0,0,0,9,1,13,13,0,1,1,1,0.0,0.0,0.0,1,0.09963509906083345,0.08363499538972974,0.016000103671103716,0.016000103671103716,inf,inf,0,0
3004,22,1,0,0.015412517823278904,0.03599999751895666,0.001106343581341207,0.001106343581341207,-6.447617873633904e-11,0.015412517823278904,0.03599999751895666,1,3,0.9076921939849854,0.20944694064039504,13,1.661538353333106,0.004490008384187259,0.0031363534997355122,0.020587479695677757,0.0011063436458173858,0.020587479695677757,0.0011063436458173858,0.002531913109123707,0.0038762877229601145,0.002531913109123707,0,10,11,10,11,1,1,1,1,1,1,0.017999999225139618,0.017999998293817043,0.017999998293817043,0,0.012841946750995703,-0.0025482067503617145,0.010293740000633989,0.010293740000633989,0.5718744986864729,0.7134415537920846,0,0
3004,22,1,2,0.012468227185308933,0.017999999225139618,-0.0009260149672627449,-0.0009260149672627449,-0.0012461538809709818,0.012468227185308933,0.017999999225139618,1,4,0.9076921939849854,0.20944694064039504,13,1.6615383533331063,0.0021847705048004176,0.0018002534996078917,0.005531772039830685,0.00032013891370823687,0.005531772039830685,0.00032013891370823687,0.001983177149668336,0.0035213876981288195,0.001983177149668336,0,10,11,10,11,1,1,1,1,1,1,0.008999999845400453,0.007499999366700649,0.007499999366700649,0,0.006747799692675471,-0.003163004177622497,0.0035847955150529742,0.0035847955150529742,0.4779727757003764,0.8997067016612188,1,0
3004,22,1,3,0.00822606310248375,0.0,-0.0016808732179924846,-0.0016808732179924846,8.673617379884035e-19,0.00822606310248375,0.0,0,1,0.007692308165132999,0.2094469155167731,13,1.661538461366525,0.0019635916516589037,0.001410674524890292,0.00822606310248375,-0.0016808732179924854,0.00822606310248375,0.0016808732179924854,0.0035499620717018843,0.0035104791168123484,0.0035499620717018843,0,0,0,10,12,13,13,0,1,1,1,0.0,0.0,0.0,1,0.005641573283355683,0.001528541644802317,0.004113031638553366,0.004113031638553366,inf,inf,0,0
3004,22,1,4,0.011863257735967636,0.012000000104308128,0.0022094901651144028,0.0022094901651144028,0.0,0.011863257735967636,0.012000000104308128,1,3,0.007692307233810425,0.20944694064039504,13,1.661538353333106,0.0015499626238525707,0.00119236756264943,0.00013674236834049225,0.0022094901651144028,0.00013674236834049225,0.0022094901651144028,0.00345209171064198,0.0043442463502287865,0.00345209171064198,0,10,11,10,11,1,1,1,1,1,1,0.006000000052154064,0.006000000052154064,0.006000000052154064,0,0.004360882565379143,-0.001786699052900076,0.002574183512479067,0.002574183512479067,0.4290305816838964,0.7268137545788086,1,0
3004,22,1,5,0.006430888548493385,0.0,0.0003439901920501143,0.0003439901920501143,0.0,0.006430888548493385,0.0,0,1,0.9076921939849854,0.20944694064039504,13,1.661538353333106,0.0017211768452073826,0.0013488384250264901,0.006430888548493385,0.0003439901920501143,0.006430888548493385,0.0003439901920501143,0.004011776298284531,0.005525428801774979,0.004011776298284531,0,0,0,5,12,13,13,0,1,1,1,0.0,0.0,0.0,1,0.005312848836183548,-0.0020974044455215335,0.0032154443906620145,0.0032154443906620145,inf,inf,0,0
3004,22,2,0,0.024963486939668655,0.047999998554587364,0.0012608049437403679,0.0012608049437403679,0.002076923016745308,0.024963486939668655,0.047999998554587364,1,4,0.9076921939849854,0.20944694064039504,13,1.661538353333106,0.008416831855827433,0.00521685660282183,0.02303651161491871,-0.00081611807300494,0.02303651161491871,0.00081611807300494,0.0026363388169556856,0.005323403049260378,0.0026363388169556856,0,10,2,10,11,1,1,1,1,0,0,0.017999999225139618,0.012000000104308128,0.012000000104308128,0,0.021079888567328453,0.003626577788963914,0.01745331077836454,0.01745331077836454,1.4544425522211966,1.7566573653412343,0,0
3004,22,2,1,0.023891452699899673,0.03000000026077032,-0.0013534030877053738,-0.0013534030877053738,-6.44761778689773e-11,0.023891452699899673,0.03000000026077032,1,3,0.9076921939849854,0.20944694064039504,13,1.661538353333106,0.0032306763912791484,0.002335274426718436,0.006108547560870647,-0.001353403023229196,0.006108547560870647,0.001353403023229196,0.0023978070821613073,0.006629094947129488,0.0023978070821613073,0,10,11,10,11,1,1,1,1,1,1,0.015000000596046448,0.014999999664723873,0.014999999664723873,0,0.010681298561394215,-0.0038986834697425365,0.006782615091651678,0.006782615091651678,0.45217434955032954,0.7120865866759898,1,0
3004,22,2,3,0.024715913459658623,0.0,-0.0014083482092246413,-0.0014083482092246413,-3.469446951953614e-18,0.024715913459658623,0.0,0,1,0.007692308165132999,0.2094469155167731,13,1.661538461366525,0.005468683005039177,0.003385348399803483,0.024715913459658623,-0.0014083482092246379,0.024715913459658623,0.0014083482092246379,0.0037475409917533398,0.010369922034442425,0.0037475409917533398,0,0,0,10,9,13,13,0,1,1,1,0.0,0.0,0.0,1,0.01398818427696824,-0.0016302273143082857,0.012357956962659955,0.012357956962659955,inf,inf,0,0
3004,22,2,4,0.023131122812628746,0.036000000312924385,0.0022875925060361624,0.0022875925060361624,0.0020769229522691335,0.023131122812628746,0.036000000312924385,1,4,0.007692307233810425,0.20944694064039504,13,1.661538353333106,0.0084530813108649,0.005458437380265203,0.012868877500295639,0.0002106695537670289,0.012868877500295639,0.0002106695537670289,0.00437477882951498,0.007332082837820053,0.00437477882951498,0,10,2,10,11,1,1,1,1,0,0,0.006000000983476639,0.023999999277293682,0.006000000983476639,0,0.021986684761941433,0.005399623420089483,0.01658706134185195,0.01658706134185195,2.764509770503529,3.6644468596739252,0,0
3004,22,2,5,0.014920753426849842,0.0,-0.0013042992213740945,-0.0013042992213740945,0.0,0.014920753426849842,0.0,0,1,0.9076921939849854,0.20944694064039504,13,1.661538353333106,0.0035417429812297824,0.002238944646786656,0.014920753426849842,-0.0013042992213740945,0.014920753426849842,0.0013042992213740945,0.003016791772097349,0.006013629026710987,0.003016791772097349,0,0,0,10,1,13,13,0,1,1,1,0.0,0.0,0.0,1,0.01108464878052473,-0.0036242720670998096,0.007460376713424921,0.007460376713424921,inf,inf,0,0
3004,23,0,1,0.02634848654270172,0.030000001192092896,0.0018346757860854268,0.0018346757860854268,0.0,0.02634848654270172,0.030000001192092896,1,3,0.9076921939849854,0.20944694064039504,13,1.661538353333106,0.00706368258473047,0.006039879725661856,0.0036515146493911743,0.0018346757860854268,0.0036515146493911743,0.0018346757860854268,0.01307282131165266,0.009089702740311623,0.01307282131165266,0,10,11,10,1,1,1,1,1,0,0,0.015000000596046448,0.015000000596046448,0.015000000596046448,0,0.09759521577507257,0.08700831467285752,0.010586901102215052,0.010586901102215052,0.7057933787686277,6.506347459799152,0,0
3004,23,0,2,0.03029278665781021,0.01799999177455902,0.009079490788280964,0.009079490788280964,-0.0012461563633038436,0.03029278665781021,0.01799999177455902,1,4,0.9076921939849854,0.20944694064039504,13,1.6615383533331063,0.006175439534815913,0.0054637167393367676,0.01229279488325119,0.010325647151584808,0.01229279488325119,0.010325647151584808,0.007447073236107826,0.006315305363386869,0.007447073236107826,0,10,11,10,11,1,1,1,1,1,1,0.00899999588727951,0.007499992847442627,0.007499992847442627,0,0.09873496275395155,0.08908845530822873,0.009646507445722818,0.009646507445722818,1.2862022193810647,13.164674255338594,0,0
3004,23,0,3,0.04004858806729317,0.0,0.006604209542274475,0.006604209542274475,0.0,0.04004858806729317,0.0,0,1,0.9076923131942749,0.2094469155167731,13,1.661538461366525,0.009408260733478058,0.007271797390731833,0.04004858806729317,0.006604209542274475,0.04004858806729317,0.006604209542274475,0.009439789690077305,0.019007842987775803,0.009439789690077305,0,0,0,9,1,13,13,0,1,1,1,0.0,0.0,0.0,1,0.11456530494615436,0.09454101114533842,0.02002429380081594,0.02002429380081594,inf,inf,0,0
3004,23,0,4,0.023864740505814552,0.035999998450279236,-0.005864293780177832,-0.005864293780177832,-0.008307692582790654,0.023864740505814552,0.035999998450279236,1,4,0.9076921939849854,0.20944694064039504,13,1.661538353333106,0.01756365284029028,0.015355642989674623,0.012135257944464684,0.002443398802612823,0.012135257944464684,0.002443398802612823,0.004583348985761404,0.006068961229175329,0.004583348985761404,0,1,11,9,2,4,1,0,0,0,0,0.0,0.00599999725818634,0.0,1,0.11326273833401501,0.08633036783430725,0.02693237049970776,0.02693237049970776,inf,inf,0,0
3004,23,0,5,0.03551876172423363,0.0,0.0006326649454422295,0.0006326649454422295,-1.3877787807814457e-17,0.03551876172423363,0.0,0,1,0.007692307233810425,0.20944694064039504,13,1.661538353333106,0.010367616786704236,0.008351900228009886,0.03551876172423363,0.0006326649454422434,0.03551876172423363,0.0006326649454422434,0.012152553535997868,0.016887621954083443,0.012152553535997868,0,0,0,9,1,13,13,0,1,1,1,0.0,0.0,0.0,1,0.1133506407495588,0.09559126000385731,0.017759380745701492,0.017759380745701492,inf,inf,0,0
3004,23,1,0,0.014989588409662247,0.03599999751895666,0.0003333670611027628,0.0003333670611027628,-6.447617873633904e-11,0.014989588409662247,0.03599999751895666,1,3,0.9076921939849854,0.20944694064039504,13,1.661538353333106,0.004560101143198348,0.0030849404239024106,0.021010409109294415,0.00033336712557894155,0.021010409109294415,0.00033336712557894155,0.0027682764921337366,0.003956255502998829,0.0027682764921337366,0,10,11,10,11,1,1,1,1,1,1,0.017999999225139618,0.017999998293817043,0.017999998293817043,0,0.013723329815547913,-0.0032181251735892147,0.010505204641958699,0.010505204641958699,0.5836225354291956,0.7624072842419015,0,0
3004,23,1,2,0.011853695847094059,0.017999999225139618,-0.0012413733638823032,-0.0012413733638823032,-0.0012461538809709818,0.011853695847094059,0.017999999225139618,1,4,0.9076921939849854,0.20944694064039504,13,1.6615383533331063,0.002262316777454833,0.0017826940420706421,0.006146303378045559,4.780517088678535e-06,0.006146303378045559,4.780517088678535e-06,0.0025102340150624514,0.0037342109717428684,0.0025102340150624514,0,10,11,10,11,1,1,1,1,1,1,0.008999999845400453,0.007499999366700649,0.007499999366700649,0,0.007312830304726958,-0.003530419198796153,0.003782411105930805,0.003782411105930805,0.5043215233756398,0.9750441229629024,0,0
3004,23,1,3,0.007770046126097441,0.0,-0.001937330700457096,-0.001937330700457096,8.673617379884035e-19,0.007770046126097441,0.0,0,1,0.9076923131942749,0.2094469155167731,13,1.661538461366525,0.0019352341150990504,0.0014909052251446883,0.007770046126097441,-0.001937330700457097,0.007770046126097441,0.001937330700457097,0.003380369395017624,0.003344763070344925,0.003380369395017624,0,0,0,10,12,13,13,0,1,1,1,0.0,0.0,0.0,1,0.005792601965367794,0.0019075789023190737,0.0038850230630487204,0.0038850230630487204,inf,inf,0,0
3004,23,1,4,0.011606365442276001,0.012000000104308128,-3.9583926991326734e-05,-3.9583926991326734e-05,0.0,0.011606365442276001,0.012000000104308128,1,3,0.9076921939849854,0.20944694064039504,13,1.661538353333106,0.0014856437442737312,0.0011372863640182118,0.0003936346620321274,-3.9583926991326734e-05,0.0003936346620321274,3.9583926991326734e-05,0.003235402051359415,0.0042055160738527775,0.003235402051359415,0,10,11,10,11,1,1,1,1,1,1,0.006000000052154064,0.006000000052154064,0.006000000052154064,0,0.005068773403763771,-0.0023171650245785713,0.0027516083791851997,0.0027516083791851997,0.45860139254454557,0.8447955599507082,1,0
3004,23,1,5,0.006009882315993309,0.0,0.00038546571158804,0.00038546571158804,0.0,0.006009882315993309,0.0,0,1,0.007692307233810425,0.20944694064039504,13,1.661538353333106,0.00155289789005969,0.0011032594632379403,0.006009882315993309,0.00038546571158804,0.006009882315993309,0.00038546571158804,0.003758602309972048,0.0050884876400232315,0.003758602309972048,0,0,0,5,12,13,13,0,1,1,1,0.0,0.0,0.0,1,0.006196330301463604,-0.0031913891434669495,0.0030049411579966545,0.0030049411579966545,inf,inf,0,0
3004,23,2,0,0.024918407201766968,0.047999998554587364,-0.00018331116007175297,-0.00018331116007175297,0.002076923016745308,0.024918407201766968,0.047999998554587364,1,4,0.9076921939849854,0.20944694064039504,13,1.661538353333106,0.00817429809739116,0.005276488013477369,0.023081591352820396,-0.002260234176817061,0.023081591352820396,0.002260234176817061,0.002829283708706498,0.005378470756113529,0.002829283708706498,0,10,2,10,11,1,1,1,1,0,0,0.017999999225139618,0.012000000104308128,0.012000000104308128,0,0.019794948399066925,0.003730036085471511,0.016064912313595414,0.016064912313595414,1.3387426811628058,1.6495790189168686,0,0
3004,23,2,1,0.024360228329896927,0.03000000026077032,-0.0018357274821028113,-0.0018357274821028113,-6.44761778689773e-11,0.024360228329896927,0.03000000026077032,1,3,0.9076921939849854,0.20944694064039504,13,1.661538353333106,0.0033102874677208662,0.0024710390716791153,0.005639771930873394,-0.0018357274176266335,0.005639771930873394,0.0018357274176266335,0.003679996822029352,0.006455390714108944,0.003679996822029352,0,10,11,10,11,1,1,1,1,1,1,0.015000000596046448,0.014999999664723873,0.014999999664723873,0,0.010658425278961658,-0.004051835276186466,0.006606590002775192,0.006606590002775192,0.4404393433629326,0.7105617011464023,1,0
3004,23,2,3,0.02391768991947174,0.0,-0.0017851032316684723,-0.0017851032316684723,-3.469446951953614e-18,0.02391768991947174,0.0,0,1,0.9076923131942749,0.2094469155167731,13,1.661538461366525,0.005675912316579914,0.003528246402564133,0.02391768991947174,-0.0017851032316684688,0.02391768991947174,0.0017851032316684688,0.0038116155192255974,0.012557369656860828,0.0038116155192255974,0,0,0,10,9,13,13,0,1,1,1,0.0,0.0,0.0,1,0.012171509675681591,-0.00021266518160700798,0.011958844494074583,0.011958844494074583,inf,inf,0,0
3004,23,2,4,0.019065620377659798,0.036000000312924385,-0.0011141574941575527,-0.0011141574941575527,0.00207692295226913,0.019065620377659798,0.036000000312924385,1,4,0.9076921939849854,0.20944694064039504,13,1.661538353333106,0.008175951173882926,0.005096567816723734,0.016934379935264587,-0.0031910804464266827,0.016934379935264587,0.0031910804464266827,0.0032591817434877157,0.004201942589133978,0.0032591817434877157,0,10,2,10,11,1,1,1,1,0,0,0.006000000983476639,0.023999999277293682,0.006000000983476639,0,0.021174760535359383,0.004419669508934021,0.01675509102642536,0.01675509102642536,2.792514713342063,3.529126177424372,0,0
3004,23,2,5,0.015227457508444786,0.0,-0.0006111243856139481,-0.0006111243856139481,0.0,0.015227457508444786,0.0,0,1,0.007692307233810425,0.20944694064039504,13,1.661538353333106,0.0036027124196576755,0.0023769714797918615,0.015227457508444786,-0.0006111243856139481,0.015227457508444786,0.0006111243856139481,0.003944713156670332,0.009091828018426895,0.003944713156670332,0,0,0,10,2,13,13,0,1,1,1,0.0,0.0,0.0,1,0.012629310134798288,-0.005015581147745252,0.007613728987053037,0.007613728987053037,inf,inf,0,0
