seed,state_idx,ego_id,neighbor_id,fixed_panel_step_index,fixed_panel_step_hash,fixed_panel_fingerprint,learned_score,oracle_score,learned_signed,learned_direction_row_aipw,oracle_signed,learned_range,oracle_range,oracle_q_nonconstant,oracle_q_distinct_levels,observed_action_probability,policy_support_entropy,valid_action_count,target_policy_l1_to_uniform,q_centered_rmse,q_centered_mae,abs_error,signed_error,capacity_abs_error,direction_abs_error,proxy_sigma,capacity_sigma,direction_sigma,dr_applied,learned_q_range,oracle_q_range_from_surface,capacity_head_q_range_consistency_abs,capacity_q_error_bound,capacity_q_error_bound_violation,direction_head_q_consistency_abs,oracle_direction_q_consistency_abs,oracle_argmax_action,oracle_argmin_action,learned_argmax_action,learned_argmin_action,oracle_argmax_count,oracle_argmin_count,oracle_extrema_unique,argmax_match,argmin_match,both_extrema_match,oracle_g_plus,oracle_g_minus,oracle_extrema_gap,extrema_gap_zero,q_raw_sup_error,q_gauge_shift_opt,q_gauge_sup_error,q_gauge_sup_error_check,lambda_C,lambda_C_raw,extrema_stability_certified,extrema_stability_violation,learned_direction_from_q,oracle_direction_from_q,direction_weight_l1,direction_q_error_bound,direction_sign_margin,lambda_D,direction_sign_match_from_q,direction_sign_certified,direction_sign_violation,oracle_capacity_rank,learned_capacity_rank,oracle_capacity_topk_member,learned_capacity_topk_member,oracle_capacity_margin_to_topk_boundary
5011,0,0,1,0,6f5da716e41a44fdb42ca7ca912fd950fbebcf410ca737582537138b3ddf824a,a535ba1b8d7e99504ccb325b7821a57fea9edfbe5f0a6ebe332b4f8e534117ba,0.010931962169706821,0.0,0.001322236959822476,0.001322236959822476,6.938893903907228e-18,0.010931962169706821,0.0,0,1,0.9076921939849854,0.20944694064039504,13,1.661538353333106,0.0028658267863734825,0.002337090571868349,0.010931962169706821,0.001322236959822469,0.010931962169706821,0.001322236959822469,0.006347185932099819,0.0057128374464809895,0.006347185932099819,0,0.010931961936876178,0.0,2.3283064365386963e-10,0.010931961936876178,0,7.860529744468936e-10,6.938893903907228e-18,0,0,8,9,13,13,0,1,1,1,0.0,0.0,0.0,1,0.04548338591121137,0.04001740494277328,0.005465980968438089,0.005465980968438089,inf,inf,0,0,0.0013222361737695015,0.0,1.6615384505345263,0.009081937548949832,0.0,inf,0,0,0,4,5,0,0,0.04800000041723251
5011,0,0,2,0,6f5da716e41a44fdb42ca7ca912fd950fbebcf410ca737582537138b3ddf824a,a535ba1b8d7e99504ccb325b7821a57fea9edfbe5f0a6ebe332b4f8e534117ba,0.01684914529323578,0.030000001192092896,-0.004652789328247309,-0.004652789328247309,0.0,0.01684914529323578,0.030000001192092896,1,3,0.9076921939849854,0.20944694064039504,13,1.661538353333106,0.00390655170561551,0.0032360791187380717,0.013150855898857117,-0.004652789328247309,0.013150855898857117,0.004652789328247309,0.002423761645331979,0.005810616537928581,0.002423761645331979,0,0.016849144478328526,0.030000001192092896,8.149072527885437e-10,0.01315085671376437,0,2.455996147773809e-09,0.0,10,11,10,11,1,1,1,1,1,1,0.015000000596046448,0.015000000596046448,0.015000000596046448,0,0.04452043026685715,0.03794500190997496,0.006575428356882185,0.006575428356882185,0.4383618730398765,2.968028566518284,1,0,-0.0046527917842434565,0.0,1.6615384505345263,0.010925327043694812,0.0,inf,0,0,0,2,1,0,1,0.017999999225139618
5011,0,0,3,0,6f5da716e41a44fdb42ca7ca912fd950fbebcf410ca737582537138b3ddf824a,a535ba1b8d7e99504ccb325b7821a57fea9edfbe5f0a6ebe332b4f8e534117ba,0.016753483563661575,0.04800000041723251,-0.007709246128797531,-0.007709246128797531,-0.024507692835107446,0.016753483563661575,0.04800000041723251,1,4,0.9076923131942749,0.2094469155167731,13,1.661538461366525,0.013650680433495111,0.011918796114788867,0.031246516853570938,0.016798446706309915,0.031246516853570938,0.016798446706309915,0.005069130100309849,0.006634321995079517,0.005069130100309849,0,0.016753482632339,0.04800000041723251,9.313225746154785e-10,0.04318695981055498,0,1.1729790107967153e-09,6.938893903907228e-18,1,11,10,11,4,1,0,0,1,0,0.0,0.018000001087784767,0.0,1,0.03505690395832062,0.013463424053043127,0.02159347990527749,0.02159347990527749,inf,inf,0,0,-0.00770924495581852,-0.02450769283510744,1.6615384522538923,0.035878397180590285,0.02450769283510744,1.4639646996552134,1,0,0,1,2,1,0,0.017999999225139618
5011,0,0,4,0,6f5da716e41a44fdb42ca7ca912fd950fbebcf410ca737582537138b3ddf824a,a535ba1b8d7e99504ccb325b7821a57fea9edfbe5f0a6ebe332b4f8e534117ba,0.011068284511566162,0.0,0.0010411064140498638,0.0010411064140498638,0.0,0.011068284511566162,0.0,0,1,0.9076921939849854,0.20944694064039504,13,1.661538353333106,0.003000435672335979,0.002517108326039371,0.011068284511566162,0.0010411064140498638,0.011068284511566162,0.0010411064140498638,0.0025398319121450186,0.006563924718648195,0.0025398319121450186,0,0.011068284278735518,0.0,2.3283064365386963e-10,0.011068284278735518,0,7.215059461343487e-10,3.469446951953614e-18,0,0,8,3,13,13,0,1,1,1,0.0,0.0,0.0,1,0.04509069281630218,0.03955655067693442,0.005534142139367759,0.005534142139367759,inf,inf,0,0,0.0010411056925439177,3.469446951953614e-18,1.6615384505345263,0.009195189955282936,3.469446951953614e-18,inf,0,0,0,5,4,0,0,0.04800000041723251
5011,0,0,5,0,6f5da716e41a44fdb42ca7ca912fd950fbebcf410ca737582537138b3ddf824a,a535ba1b8d7e99504ccb325b7821a57fea9edfbe5f0a6ebe332b4f8e534117ba,0.01431343238800764,0.024000000208616257,-0.0018845765152946115,-0.0018845765152946115,-2.579047045370153e-10,0.01431343238800764,0.024000000208616257,1,3,0.9076921939849854,0.20944694064039504,13,1.661538353333106,0.003174268037189449,0.00281986730867589,0.009686567820608616,-0.001884576257389907,0.009686567820608616,0.001884576257389907,0.002368566580116749,0.007216797210276127,0.002368566580116749,0,0.014313432155176997,0.024000000208616257,2.3283064365386963e-10,0.00968656805343926,0,1.0549578849383678e-09,3.469446951953614e-18,10,11,10,11,1,1,1,1,1,1,0.012000001966953278,0.011999998241662979,0.011999998241662979,0,0.04202004708349705,0.03717676305677742,0.00484328402671963,0.00484328402671963,0.4036070613664056,3.5016711033845818,1,0,-0.0018845775702524964,-2.5790470800646226e-10,1.6615384505345263,0.008047302637254354,2.5790470800646226e-10,31202620.143920425,1,0,0,3,3,0,0,0.024000000208616257
5011,0,1,0,0,6f5da716e41a44fdb42ca7ca912fd950fbebcf410ca737582537138b3ddf824a,a535ba1b8d7e99504ccb325b7821a57fea9edfbe5f0a6ebe332b4f8e534117ba,0.007947932928800583,0.0,-0.0036943701561540365,-0.0036943701561540365,0.0,0.007947932928800583,0.0,0,1,0.9076921939849854,0.20944694064039504,13,1.661538353333106,0.002646423769493058,0.0021737284693844924,0.007947932928800583,-0.0036943701561540365,0.007947932928800583,0.0036943701561540365,0.0027590643148869276,0.005021755583584309,0.0027590643148869276,0,0.007947933278046548,0.0,3.4924596548080444e-10,0.007947933278046548,0,3.068690648810879e-10,0.0,0,0,1,10,13,13,0,1,1,1,0.0,0.0,0.0,1,0.00685283774510026,-0.0028788711060769856,0.003973966639023274,0.003973966639023274,inf,inf,0,0,-0.0036943704630231014,0.0,1.6615384505345263,0.006602898371878631,0.0,inf,0,0,0,2,5,0,0,0.04800000041723251
5011,0,1,2,0,6f5da716e41a44fdb42ca7ca912fd950fbebcf410ca737582537138b3ddf824a,a535ba1b8d7e99504ccb325b7821a57fea9edfbe5f0a6ebe332b4f8e534117ba,0.008341404609382153,0.0,-0.004744656849652529,-0.004744656849652529,0.0,0.008341404609382153,0.0,0,1,0.9076921939849854,0.20944694064039504,13,1.661538353333106,0.00261593227844661,0.0022899324491829475,0.008341404609382153,-0.004744656849652529,0.008341404609382153,0.004744656849652529,0.0029220262076705694,0.004800674505531788,0.0029220262076705694,0,0.008341404260136187,0.0,3.4924596548080444e-10,0.008341404260136187,0,5.866979549754014e-10,0.0,0,0,9,3,13,13,0,1,1,1,0.0,0.0,0.0,1,0.007136955391615629,-0.0029662532615475357,0.0041707021300680935,0.0041707021300680935,inf,inf,0,0,-0.004744657436350484,0.0,1.6615384505345263,0.006929781954834389,0.0,inf,0,0,0,3,4,0,0,0.04800000041723251
5011,0,1,3,0,6f5da716e41a44fdb42ca7ca912fd950fbebcf410ca737582537138b3ddf824a,a535ba1b8d7e99504ccb325b7821a57fea9edfbe5f0a6ebe332b4f8e534117ba,0.009859430603682995,0.0,-0.0009235961479134858,-0.0009235961479134858,0.0,0.009859430603682995,0.0,0,1,0.9076923131942749,0.2094469155167731,13,1.661538461366525,0.003013370846677526,0.002324908117787119,0.009859430603682995,-0.0009235961479134858,0.009859430603682995,0.0009235961479134858,0.0030670699197798967,0.005894422996789217,0.0030670699197798967,0,0.009859430370852351,0.0,2.3283064365386963e-10,0.009859430370852351,0,1.1965489037958632e-11,0.0,0,0,9,3,13,13,0,1,1,1,0.0,0.0,0.0,1,0.005957671906799078,-0.0010279567213729024,0.004929715185426176,0.004929715185426176,inf,inf,0,0,-0.0009235961598789748,0.0,1.6615384522538923,0.008190911339245517,0.0,inf,0,0,0,4,2,0,0,0.04800000041723251
5011,0,1,4,0,6f5da716e41a44fdb42ca7ca912fd950fbebcf410ca737582537138b3ddf824a,a535ba1b8d7e99504ccb325b7821a57fea9edfbe5f0a6ebe332b4f8e534117ba,0.012518667615950108,0.04800000041723251,0.002978327451273799,0.002978327451273799,0.02076923029640545,0.012518667615950108,0.04800000041723251,1,4,0.9076921939849854,0.20944694064039504,13,1.661538353333106,0.013411700750865955,0.011691597388497935,0.035481332801282406,-0.01779090284513165,0.035481332801282406,0.01779090284513165,0.006054222583770752,0.006428188644349575,0.006054222583770752,0,0.012518667441327125,0.04800000041723251,1.7462298274040222e-10,0.0420030583627522,0,2.959871974253514e-10,0.0,1,11,7,11,3,1,0,0,1,0,0.0,0.018000001087784767,0.0,1,0.03597962111234665,0.01497809193097055,0.0210015291813761,0.0210015291813761,inf,inf,0,0,0.0029783271552866015,0.02076923029640545,1.6615384505345263,0.034894848254879283,0.02076923029640545,1.680122361632177,1,0,0,1,1,1,1,0.04800000041723251
5011,0,1,5,0,6f5da716e41a44fdb42ca7ca912fd950fbebcf410ca737582537138b3ddf824a,a535ba1b8d7e99504ccb325b7821a57fea9edfbe5f0a6ebe332b4f8e534117ba,0.009181725792586803,0.0,-0.003544483333826065,-0.003544483333826065,0.0,0.009181725792586803,0.0,0,1,0.9076921939849854,0.20944694064039504,13,1.661538353333106,0.002983140214165231,0.0025374473505873876,0.009181725792586803,-0.003544483333826065,0.009181725792586803,0.003544483333826065,0.0035911686718463898,0.004226082470268011,0.0035911686718463898,0,0.009181726025417447,0.0,2.3283064365386963e-10,0.009181726025417447,0,3.786623896384622e-10,0.0,0,0,6,10,13,13,0,1,1,1,0.0,0.0,0.0,1,0.006237968802452087,-0.0016471057897433639,0.0045908630127087235,0.0045908630127087235,inf,inf,0,0,-0.0035444837124884547,0.0,1.6615384505345263,0.00762789541675232,0.0,inf,0,0,0,5,3,0,0,0.04800000041723251
5011,0,2,0,0,6f5da716e41a44fdb42ca7ca912fd950fbebcf410ca737582537138b3ddf824a,a535ba1b8d7e99504ccb325b7821a57fea9edfbe5f0a6ebe332b4f8e534117ba,0.013647112995386124,0.024000000208616257,-0.004358972888439894,-0.004358972888439894,0.0,0.013647112995386124,0.024000000208616257,1,3,0.9076921939849854,0.20944694064039504,13,1.661538353333106,0.0032632378094013476,0.002727888987438213,0.010352887213230133,-0.004358972888439894,0.010352887213230133,0.004358972888439894,0.00296070147305727,0.004133007023483515,0.00296070147305727,0,0.013647112995386124,0.024000000208616257,0.0,0.01124555990099907,0,1.2839382794796461e-09,2.6020852139652106e-18,10,11,10,11,1,1,1,1,1,1,0.012000000104308128,0.012000000104308128,0.012000000104308128,0,0.01868996862322092,0.013067188672721386,0.005622779950499535,0.005622779950499535,0.4685649918020331,1.557497371730107,1,0,-0.004358974172378173,2.6020852139652106e-18,1.6615384505345263,0.009342465086649597,2.6020852139652106e-18,inf,0,0,0,2,3,0,0,0.011999998241662979
5011,0,2,1,0,6f5da716e41a44fdb42ca7ca912fd950fbebcf410ca737582537138b3ddf824a,a535ba1b8d7e99504ccb325b7821a57fea9edfbe5f0a6ebe332b4f8e534117ba,0.009270917624235153,0.0,0.0009029546636156738,0.0009029546636156738,0.0,0.009270917624235153,0.0,0,1,0.9076921939849854,0.20944694064039504,13,1.661538353333106,0.0029409408199307335,0.0025393393678733935,0.009270917624235153,0.0009029546636156738,0.009270917624235153,0.0009029546636156738,0.004319353029131889,0.0041886791586875916,0.004319353029131889,0,0.00927091739140451,0.0,2.3283064365386963e-10,0.00927091739140451,0,5.98003330881669e-12,3.469446951953614e-18,0,0,10,3,13,13,0,1,1,1,0.0,0.0,0.0,1,0.01891227695159614,0.014276818255893886,0.004635458695702255,0.004635458695702255,inf,inf,0,0,0.0009029546576356405,3.469446951953614e-18,1.6615384505345263,0.00770199285877392,3.469446951953614e-18,inf,0,0,0,4,5,0,0,0.035999998450279236
5011,0,2,3,0,6f5da716e41a44fdb42ca7ca912fd950fbebcf410ca737582537138b3ddf824a,a535ba1b8d7e99504ccb325b7821a57fea9edfbe5f0a6ebe332b4f8e534117ba,0.01889471337199211,0.035999998450279236,-0.008010000921785831,-0.008010000921785831,-0.016199999212101107,0.01889471337199211,0.035999998450279236,1,3,0.9076923131942749,0.2094469155167731,13,1.661538461366525,0.004383054038334737,0.0031462338444440676,0.017105285078287125,0.008189998290315276,0.017105285078287125,0.008189998290315276,0.0018699598731473088,0.0031028578523546457,0.0018699598731473088,0,0.018894712906330824,0.035999998450279236,4.656612873077393e-10,0.017105285543948412,0,5.0132382620193816e-11,0.0,10,11,10,11,1,1,1,1,1,1,0.017999999225139618,0.017999999225139618,0.017999999225139618,0,0.011832961346954107,0.0032803185749799013,0.008552642771974206,0.008552642771974206,0.47514684111925937,0.6573867697965039,1,0,-0.008010000871653449,-0.016199999212101107,1.6615384522538923,0.014210544834026461,0.016199999212101107,0.8771941682201713,1,1,0,1,1,1,1,0.011999998241662979
5011,0,2,4,0,6f5da716e41a44fdb42ca7ca912fd950fbebcf410ca737582537138b3ddf824a,a535ba1b8d7e99504ccb325b7821a57fea9edfbe5f0a6ebe332b4f8e534117ba,0.011456256732344627,0.0,-0.0020151296630501747,-0.0020151296630501747,3.469446951953614e-18,0.011456256732344627,0.0,0,1,0.9076921939849854,0.20944694064039504,13,1.661538353333106,0.0035206218612022825,0.0030155736751876464,0.011456256732344627,-0.002015129663050178,0.011456256732344627,0.002015129663050178,0.006253228057175875,0.003377762623131275,0.006253228057175875,0,0.011456256441306323,0.0,2.9103830456733704e-10,0.011456256441306323,0,4.660221761439154e-10,8.673617379884035e-19,0,0,8,3,13,13,0,1,1,1,0.0,0.0,0.0,1,0.017189862846862525,0.011461734626209363,0.005728128220653161,0.005728128220653161,inf,inf,0,0,-0.0020151291970279986,2.6020852139652106e-18,1.6615384505345263,0.009517505288207146,2.6020852139652106e-18,inf,0,0,0,5,4,0,0,0.035999998450279236
5011,0,2,5,0,6f5da716e41a44fdb42ca7ca912fd950fbebcf410ca737582537138b3ddf824a,a535ba1b8d7e99504ccb325b7821a57fea9edfbe5f0a6ebe332b4f8e534117ba,0.017580712214112282,0.024000000208616257,-0.001754367258399725,-0.001754367258399725,0.0,0.017580712214112282,0.024000000208616257,1,3,0.9076921939849854,0.20944694064039504,13,1.661538353333106,0.0024308262446010114,0.0022575560979236514,0.006419287994503975,-0.001754367258399725,0.006419287994503975,0.001754367258399725,0.0036421699915081263,0.005213993135839701,0.0036421699915081263,0,0.017580712214112282,0.024000000208616257,0.0,0.006634169025346637,0,2.8389709810436314e-10,2.6020852139652106e-18,10,11,10,11,1,1,1,1,1,1,0.012000000104308128,0.012000000104308128,0.012000000104308128,0,0.015343134058639407,0.012026049545966089,0.0033170845126733184,0.0033170845126733184,0.27642370698667323,1.2785944937726341,1,0,-0.001754367542296823,2.6020852139652106e-18,1.6615384505345263,0.0055114634614792995,2.6020852139652106e-18,inf,0,0,0,3,2,0,0,0.011999998241662979
5011,1,0,1,1,5f6c0a0bc4b3dd63e7df6ccc2836f49e4959ae5572111d85b9088c0da5aed446,a535ba1b8d7e99504ccb325b7821a57fea9edfbe5f0a6ebe332b4f8e534117ba,0.011785244569182396,0.0,0.0006064138142392039,0.0006064138142392039,0.0,0.011785244569182396,0.0,0,1,0.9076921939849854,0.20944694064039504,13,1.661538353333106,0.0030102719593787905,0.002355714292766956,0.011785244569182396,0.0006064138142392039,0.011785244569182396,0.0006064138142392039,0.006064543500542641,0.0062344856560230255,0.006064543500542641,0,0.011785244336351752,0.0,2.3283064365386963e-10,0.011785244336351752,0,9.714837745020133e-11,3.469446951953614e-18,0,0,8,7,13,13,0,1,1,1,0.0,0.0,0.0,1,0.03333057463169098,0.027437952463515103,0.005892622168175876,0.005892622168175876,inf,inf,0,0,0.0006064137170908265,3.469446951953614e-18,1.6615384505345263,0.009790818306896347,3.469446951953614e-18,inf,0,0,0,4,5,0,0,0.047999998554587364
5011,1,0,2,1,5f6c0a0bc4b3dd63e7df6ccc2836f49e4959ae5572111d85b9088c0da5aed446,a535ba1b8d7e99504ccb325b7821a57fea9edfbe5f0a6ebe332b4f8e534117ba,0.013497762382030487,0.03000000026077032,0.0009730373858474195,0.0009730373858474195,6.44761778689773e-11,0.013497762382030487,0.03000000026077032,1,3,0.9076921939849854,0.20944694064039504,13,1.6615383533331063,0.004688523370909357,0.0037063983229082627,0.016502237878739834,0.0009730373213712416,0.016502237878739834,0.0009730373213712416,0.004657525569200516,0.0078006284311413765,0.004657525569200516,0,0.013497762090992182,0.03000000026077032,2.9103830456733704e-10,0.01650223816977814,0,3.504135618823123e-10,8.673617379884035e-19,10,11,10,11,1,1,1,1,1,1,0.014999999664723873,0.015000000596046448,0.014999999664723873,0,0.033758874342311174,0.025507755257422104,0.00825111908488907,0.00825111908488907,0.5500746179543972,2.2505916731253888,0,0,0.0009730377362609814,6.447617873633904e-11,1.661538450534526,0.013709551619482441,6.447617873633904e-11,212629716.7135881,1,0,0,2,4,0,0,0.017999998293817043
5011,1,0,3,1,5f6c0a0bc4b3dd63e7df6ccc2836f49e4959ae5572111d85b9088c0da5aed446,a535ba1b8d7e99504ccb325b7821a57fea9edfbe5f0a6ebe332b4f8e534117ba,0.019959457218647003,0.047999998554587364,-0.007306709885597229,-0.007306709885597229,-0.024507691287679177,0.019959457218647003,0.047999998554587364,1,4,0.9076923131942749,0.2094469155167731,13,1.661538461366525,0.013727116970895166,0.0119198744003413,0.02804054133594036,0.017200981402081948,0.02804054133594036,0.017200981402081948,0.006185958627611399,0.007682211697101593,0.006185958627611399,0,0.01995945628732443,0.047999998554587364,9.313225746154785e-10,0.04138582246378064,0,3.603556862630253e-10,3.469446951953614e-18,1,11,10,7,4,1,0,0,0,0,0.0,0.017999999225139618,0.0,1,0.02532616024836898,0.004633249016478658,0.02069291123189032,0.02069291123189032,inf,inf,0,0,-0.007306710245952915,-0.024507691287679174,1.6615384522538923,0.034382067700862225,0.024507691287679174,1.40290928661025,1,0,0,1,1,1,1,0.017999998293817043
5011,1,0,4,1,5f6c0a0bc4b3dd63e7df6ccc2836f49e4959ae5572111d85b9088c0da5aed446,a535ba1b8d7e99504ccb325b7821a57fea9edfbe5f0a6ebe332b4f8e534117ba,0.013948734849691391,0.0,-0.0022149637807160616,-0.0022149637807160616,3.469446951953614e-18,0.013948734849691391,0.0,0,1,0.9076921939849854,0.20944694064039504,13,1.661538353333106,0.0035449933657231265,0.0029588976718923467,0.013948734849691391,-0.002214963780716065,0.013948734849691391,0.002214963780716065,0.004049555864185095,0.005813779309391975,0.004049555864185095,0,0.013948734536825214,0.0,3.128661774098873e-10,0.013948734536825214,0,4.3717838594040104e-10,8.673617379884035e-19,0,0,8,7,13,13,0,1,1,1,0.0,0.0,0.0,1,0.03204817324876785,0.025073805980355246,0.006974367268412607,0.006974367268412607,inf,inf,0,0,-0.0022149633435376757,2.6020852139652106e-18,1.6615384505345263,0.011588179384617,2.6020852139652106e-18,inf,0,0,0,5,2,0,0,0.047999998554587364
5011,1,0,5,1,5f6c0a0bc4b3dd63e7df6ccc2836f49e4959ae5572111d85b9088c0da5aed446,a535ba1b8d7e99504ccb325b7821a57fea9edfbe5f0a6ebe332b4f8e534117ba,0.013540576212108135,0.024000000208616257,0.0017182142473757267,0.0017182142473757267,-3.469446951953614e-18,0.013540576212108135,0.024000000208616257,1,3,0.9076921939849854,0.20944694064039504,13,1.661538353333106,0.003283854035161028,0.0025556690587259867,0.010459423996508121,0.0017182142473757302,0.010459423996508121,0.0017182142473757302,0.005441779270768166,0.006594987586140633,0.005441779270768166,0,0.01354057650314644,0.024000000208616257,2.9103830456733704e-10,0.011006024666130543,0,6.356212492106272e-10,5.204170427930421e-18,10,11,10,11,1,1,1,1,1,1,0.012000000104308128,0.012000000104308128,0.012000000104308128,0,0.030041784048080444,0.024538771715015173,0.005503012333065271,0.005503012333065271,0.4585843571025996,2.503481982245577,1,0,0.001718214882996976,1.734723475976807e-18,1.6615384505345263,0.00914346658515366,1.734723475976807e-18,inf,0,0,0,3,3,0,0,0.023999998345971107
5011,1,1,0,1,5f6c0a0bc4b3dd63e7df6ccc2836f49e4959ae5572111d85b9088c0da5aed446,a535ba1b8d7e99504ccb325b7821a57fea9edfbe5f0a6ebe332b4f8e534117ba,0.00786247756332159,0.0,0.0004491940198931843,0.0004491940198931843,0.0,0.00786247756332159,0.0,0,1,0.9076921939849854,0.20944694064039504,13,1.661538353333106,0.0023498223468708655,0.001858358309995493,0.00786247756332159,0.0004491940198931843,0.00786247756332159,0.0004491940198931843,0.004351341165602207,0.004943995736539364,0.004351341165602207,0,0.007862477796152234,0.0,2.3283064365386963e-10,0.007862477796152234,0,4.1714478724551307e-10,0.0,0,0,2,12,13,13,0,1,1,1,0.0,0.0,0.0,1,0.010334187187254429,-0.006402948289178312,0.003931238898076117,0.003931238898076117,inf,inf,0,0,0.00044919360274839706,0.0,1.6615384505345263,0.00653190458739045,0.0,inf,0,0,0,2,4,0,0,0.035999998450279236
5011,1,1,2,1,5f6c0a0bc4b3dd63e7df6ccc2836f49e4959ae5572111d85b9088c0da5aed446,a535ba1b8d7e99504ccb325b7821a57fea9edfbe5f0a6ebe332b4f8e534117ba,0.0064682746306061745,0.0,0.0012366658775135875,0.0012366658775135875,0.0,0.0064682746306061745,0.0,0,1,0.9076921939849854,0.20944694064039504,13,1.6615383533331063,0.0022135403535775856,0.0020253559872067182,0.0064682746306061745,0.0012366658775135875,0.0064682746306061745,0.0012366658775135875,0.0031706138979643583,0.005365013610571623,0.0031706138979643583,0,0.0064682746306061745,0.0,0.0,0.0064682746306061745,0,4.6081051301161136e-12,0.0,0,0,2,3,13,13,0,1,1,1,0.0,0.0,0.0,1,0.008573425002396107,-0.0053392876870930195,0.0032341373153030872,0.0032341373153030872,inf,inf,0,0,0.0012366658729054823,0.0,1.661538450534526,0.005373643503684584,0.0,inf,0,0,0,3,5,0,0,0.035999998450279236
5011,1,1,3,1,5f6c0a0bc4b3dd63e7df6ccc2836f49e4959ae5572111d85b9088c0da5aed446,a535ba1b8d7e99504ccb325b7821a57fea9edfbe5f0a6ebe332b4f8e534117ba,0.009412700310349464,0.0,-0.000399044860387221,-0.000399044860387221,0.0,0.009412700310349464,0.0,0,1,0.9076923131942749,0.2094469155167731,13,1.661538461366525,0.002972625015534992,0.0023272092476178557,0.009412700310349464,-0.000399044860387221,0.009412700310349464,0.000399044860387221,0.0030230563133955,0.005880390759557486,0.0030230563133955,0,0.009412700776010752,0.0,4.656612873077393e-10,0.009412700776010752,0,9.045466806134606e-11,0.0,0,0,1,10,13,13,0,1,1,1,0.0,0.0,0.0,1,0.010140378959476948,-0.005434028571471572,0.004706350388005376,0.004706350388005376,inf,inf,0,0,-0.00039904495084188904,0.0,1.6615384522538923,0.007819782139450959,0.0,inf,0,0,0,4,2,0,0,0.035999998450279236
5011,1,1,4,1,5f6c0a0bc4b3dd63e7df6ccc2836f49e4959ae5572111d85b9088c0da5aed446,a535ba1b8d7e99504ccb325b7821a57fea9edfbe5f0a6ebe332b4f8e534117ba,0.012832647189497948,0.035999998450279236,0.003307458944618702,0.003307458944618702,0.0,0.012832647189497948,0.035999998450279236,1,3,0.9076921939849854,0.20944694064039504,13,1.661538353333106,0.0056189229279556266,0.003742125816643238,0.023167351260781288,0.003307458944618702,0.023167351260781288,0.003307458944618702,0.004536553751677275,0.006525052711367607,0.004536553751677275,0,0.012832647189497948,0.035999998450279236,0.0,0.02538323774933815,0,6.272641074091256e-10,0.0,10,11,1,11,1,1,1,0,1,0,0.017999999225139618,0.017999999225139618,0.017999999225139618,0,0.023571541532874107,-0.010879922658205032,0.012691618874669075,0.012691618874669075,0.7050899678341865,1.309530141532063,0,0,0.0033074583173545945,0.0,1.6615384505345263,0.021087612759792405,0.0,inf,0,0,0,1,1,1,1,0.035999998450279236
5011,1,1,5,1,5f6c0a0bc4b3dd63e7df6ccc2836f49e4959ae5572111d85b9088c0da5aed446,a535ba1b8d7e99504ccb325b7821a57fea9edfbe5f0a6ebe332b4f8e534117ba,0.008460893295705318,0.0,0.001649515237659216,0.001649515237659216,0.0,0.008460893295705318,0.0,0,1,0.9076921939849854,0.20944694064039504,13,1.661538353333106,0.0027252633424228105,0.002320861763502719,0.008460893295705318,0.001649515237659216,0.008460893295705318,0.001649515237659216,0.00637737475335598,0.004575194790959358,0.00637737475335598,0,0.008460893615847453,0.0,3.2014213502407074e-10,0.008460893615847453,0,1.2913063543798509e-10,0.0,0,0,6,10,13,13,0,1,1,1,0.0,0.0,0.0,1,0.008771496824920177,-0.004541050016996451,0.004230446807923727,0.004230446807923727,inf,inf,0,0,0.0016495151085285805,0.0,1.6615384505345263,0.007029050034306322,0.0,inf,0,0,0,5,3,0,0,0.035999998450279236
5011,1,2,0,1,5f6c0a0bc4b3dd63e7df6ccc2836f49e4959ae5572111d85b9088c0da5aed446,a535ba1b8d7e99504ccb325b7821a57fea9edfbe5f0a6ebe332b4f8e534117ba,0.01930970698595047,0.024000000208616257,-0.0008229258819483221,-0.0008229258819483221,0.0,0.01930970698595047,0.024000000208616257,1,3,0.9076921939849854,0.20944694064039504,13,1.661538353333106,0.0034770248923475075,0.0028566717426430363,0.004690293222665787,-0.0008229258819483221,0.004690293222665787,0.0008229258819483221,0.0027013577055186033,0.0047232722863554955,0.0027013577055186033,0,0.01930970640387386,0.024000000208616257,5.820766091346741e-10,0.01197877898812294,0,5.391694946413339e-10,2.168404344971009e-19,10,11,10,11,1,1,1,1,1,1,0.012000000104308128,0.012000000104308128,0.012000000104308128,0,0.013069462031126022,0.007080072537064552,0.00598938949406147,0.00598938949406147,0.49911578683330304,1.089121826460147,1,0,-0.0008229253427788274,-2.168404344971009e-19,1.6615384505345263,0.009951600939610665,2.168404344971009e-19,inf,0,0,0,3,3,0,0,0.017999999225139618
5011,1,2,1,1,5f6c0a0bc4b3dd63e7df6ccc2836f49e4959ae5572111d85b9088c0da5aed446,a535ba1b8d7e99504ccb325b7821a57fea9edfbe5f0a6ebe332b4f8e534117ba,0.014538399875164032,0.0,-4.5464062736755295e-07,-4.5464062736755295e-07,0.0,0.014538399875164032,0.0,0,1,0.9076921939849854,0.20944694064039504,13,1.661538353333106,0.0047611637053219,0.0037878140167900798,0.014538399875164032,-4.5464062736755295e-07,0.014538399875164032,4.5464062736755295e-07,0.004850544035434723,0.004924599546939135,0.004850544035434723,0,0.014538399875164032,0.0,0.0,0.014538399875164032,0,1.3730973242101485e-09,0.0,0,0,10,3,13,13,0,1,1,1,0.0,0.0,0.0,1,0.020481904968619347,0.01321270503103733,0.007269199937582016,0.007269199937582016,inf,inf,0,0,-4.532675300433428e-07,0.0,1.6615384505345263,0.012078055200915698,0.0,inf,0,0,0,4,4,0,0,0.041999999433755875
5011,1,2,3,1,5f6c0a0bc4b3dd63e7df6ccc2836f49e4959ae5572111d85b9088c0da5aed446,a535ba1b8d7e99504ccb325b7821a57fea9edfbe5f0a6ebe332b4f8e534117ba,0.019320446997880936,0.035999998450279236,-0.007447509560734034,-0.007447509560734034,-0.016199999212101107,0.019320446997880936,0.035999998450279236,1,3,0.9076923131942749,0.2094469155167731,13,1.661538461366525,0.004772342624473291,0.0035823014118438637,0.0166795514523983,0.008752489651367074,0.0166795514523983,0.008752489651367074,0.0026237289421260357,0.007339434698224068,0.0026237289421260357,0,0.01932044606655836,0.035999998450279236,9.313225746154785e-10,0.01759679615497589,0,9.442826893676926e-10,6.938893903907228e-18,10,11,10,11,1,1,1,1,1,1,0.017999999225139618,0.017999999225139618,0.017999999225139618,0,0.009235269390046597,0.00043687131255865097,0.008798398077487946,0.008798398077487946,0.4887999142355352,0.513070543755813,1,0,-0.007447508616451344,-0.016199999212101114,1.6615384522538923,0.014618876723982942,0.016199999212101114,0.9023998416656033,1,1,0,2,2,0,0,0.006000000983476639
5011,1,2,4,1,5f6c0a0bc4b3dd63e7df6ccc2836f49e4959ae5572111d85b9088c0da5aed446,a535ba1b8d7e99504ccb325b7821a57fea9edfbe5f0a6ebe332b4f8e534117ba,0.013518380001187325,0.0,-0.002732938388362527,-0.002732938388362527,0.0,0.013518380001187325,0.0,0,1,0.9076921939849854,0.20944694064039504,13,1.661538353333106,0.004168740666356194,0.0036375344560079324,0.013518380001187325,-0.002732938388362527,0.013518380001187325,0.002732938388362527,0.0026863764505833387,0.0038277823477983475,0.0026863764505833387,0,0.013518379535526037,0.0,4.656612873077393e-10,0.013518379535526037,0,5.299479743925417e-10,1.0842021724855044e-19,0,0,10,3,13,13,0,1,1,1,0.0,0.0,0.0,1,0.01628459058701992,0.009525400819256902,0.006759189767763019,0.006759189767763019,inf,inf,0,0,-0.0027329389183105013,-1.0842021724855044e-19,1.6615384505345263,0.01123065369359779,1.0842021724855044e-19,inf,0,0,0,5,5,0,0,0.041999999433755875
5011,1,2,5,1,5f6c0a0bc4b3dd63e7df6ccc2836f49e4959ae5572111d85b9088c0da5aed446,a535ba1b8d7e99504ccb325b7821a57fea9edfbe5f0a6ebe332b4f8e534117ba,0.022303791716694832,0.041999999433755875,0.0013022468192502856,0.0013022468192502856,0.002076923016745309,0.022303791716694832,0.041999999433755875,1,4,0.9076921939849854,0.20944694064039504,13,1.661538353333106,0.008542734299592696,0.005516189577598015,0.019696207717061043,-0.0007746761974950236,0.019696207717061043,0.0007746761974950236,0.0051232585683465,0.003325349185615778,0.0051232585683465,0,0.022303792415186763,0.041999999433755875,6.984919309616089e-10,0.03502214839681983,0,2.2420620221508258e-10,4.336808689942018e-19,10,1,10,11,1,1,1,1,0,0,0.012000000104308128,0.017999999225139618,0.012000000104308128,0,0.037095542065799236,0.01958446786738932,0.017511074198409915,0.017511074198409915,1.4592561705164695,3.0912951452793354,0,0,0.0013022470434564878,0.0020769230167453096,1.6615384505345263,0.02909532309082113,0.0020769230167453096,14.008859671850347,1,0,0,1,1,1,1,0.006000000983476639
5011,2,0,1,2,ec57836863e398bfecf3510be71e7497174dc75295b92f5232684ff6ea7600d2,a535ba1b8d7e99504ccb325b7821a57fea9edfbe5f0a6ebe332b4f8e534117ba,0.0352935791015625,0.0,-0.0026343390345573425,-0.0026343390345573425,1.3877787807814457e-17,0.0352935791015625,0.0,0,1,0.9076921939849854,0.20944694064039504,13,1.661538353333106,0.009625925070872775,0.0073926590890045,0.0352935791015625,-0.0026343390345573564,0.0352935791015625,0.0026343390345573564,0.012031542137265205,0.01414776872843504,0.012031542137265205,0,0.035293578170239925,0.0,9.313225746154785e-10,0.035293578170239925,0,1.3427901967427713e-09,1.3877787807814457e-17,0,0,8,1,13,13,0,1,1,1,0.0,0.0,0.0,1,0.1021443186327815,0.08449752954766154,0.017646789085119963,0.017646789085119963,inf,inf,0,0,-0.002634337691767146,0.0,1.6615384505345263,0.029320818593399814,0.0,inf,0,0,0,4,3,0,0,0.04800000041723251
5011,2,0,2,2,ec57836863e398bfecf3510be71e7497174dc75295b92f5232684ff6ea7600d2,a535ba1b8d7e99504ccb325b7821a57fea9edfbe5f0a6ebe332b4f8e534117ba,0.036718595772981644,0.030000001192092896,0.004066624213010073,0.004066624213010073,0.0020769210824599926,0.036718595772981644,0.030000001192092896,1,4,0.9076921939849854,0.20944694064039504,13,1.6615383533331063,0.009902568989822318,0.007400957215508475,0.006718594580888748,0.00198970313055008,0.006718594580888748,0.00198970313055008,0.0052431002259254456,0.013225598260760307,0.0052431002259254456,0,0.036718595154525246,0.030000001192092896,6.184563972055912e-10,0.03547446115408093,0,7.766356646329853e-10,6.938893903907228e-18,10,11,10,3,1,1,1,1,0,0,0.012500002980232239,0.015000000596046448,0.012500002980232239,0,0.11483032314572483,0.09709309256868437,0.017737230577040464,0.017737230577040464,1.4189781078524928,9.18642366144391,0,0,0.004066623436374408,0.0020769210824599857,1.661538450534526,0.02947109060974943,0.0020769210824599857,14.1897979940782,1,0,0,2,1,0,1,0.017999999225139618
5011,2,0,3,2,ec57836863e398bfecf3510be71e7497174dc75295b92f5232684ff6ea7600d2,a535ba1b8d7e99504ccb325b7821a57fea9edfbe5f0a6ebe332b4f8e534117ba,0.03639473021030426,0.04800000041723251,0.0020692211110144854,0.0020692211110144854,-0.024507691803488593,0.03639473021030426,0.04800000041723251,1,4,0.9076923131942749,0.2094469155167731,13,1.661538461366525,0.01965151484310285,0.01669126360803931,0.011605270206928253,0.02657691291450308,0.011605270206928253,0.02657691291450308,0.012168548069894314,0.016441836953163147,0.012168548069894314,0,0.03639473207294941,0.04800000041723251,1.862645149230957e-09,0.06829650211147964,0,4.808059692572308e-10,6.938893903907228e-18,1,11,10,7,4,1,0,0,0,0,0.0,0.017999999225139618,0.0,1,0.11612375150434673,0.08197550044860691,0.03414825105573982,0.03414825105573982,inf,inf,0,0,0.002069220630208516,-0.024507691803488586,1.6615384522538923,0.05673863220633128,0.024507691803488586,2.3151356994890366,0,0,0,1,2,1,0,0.017999999225139618
5011,2,0,4,2,ec57836863e398bfecf3510be71e7497174dc75295b92f5232684ff6ea7600d2,a535ba1b8d7e99504ccb325b7821a57fea9edfbe5f0a6ebe332b4f8e534117ba,0.0316818542778492,0.0,-0.01583852432668209,-0.01583852432668209,1.3877787807814457e-17,0.0316818542778492,0.0,0,1,0.9076921939849854,0.20944694064039504,13,1.661538353333106,0.009892016917753538,0.008047118672781442,0.0316818542778492,-0.015838524326682105,0.0316818542778492,0.015838524326682105,0.010518219321966171,0.011140587739646435,0.010518219321966171,0,0.0316818542778492,0.0,0.0,0.0316818542778492,0,4.07172910318887e-09,1.3877787807814457e-17,0,0,10,3,13,13,0,1,1,1,0.0,0.0,0.0,1,0.12056410126388073,0.10472317412495613,0.0158409271389246,0.0158409271389246,inf,inf,0,0,-0.015838528398411194,0.0,1.6615384505345263,0.026320309533439105,0.0,inf,0,0,0,5,4,0,0,0.04800000041723251
5011,2,0,5,2,ec57836863e398bfecf3510be71e7497174dc75295b92f5232684ff6ea7600d2,a535ba1b8d7e99504ccb325b7821a57fea9edfbe5f0a6ebe332b4f8e534117ba,0.031381670385599136,0.024000003933906555,0.0018515920965000987,0.0018515920965000987,1.0316188181480612e-09,0.031381670385599136,0.024000003933906555,1,3,0.007692307233810425,0.20944694064039504,13,1.661538353333106,0.008626364862878447,0.006690601823774319,0.007381666451692581,0.0018515910648812806,0.007381666451692581,0.0018515910648812806,0.0052779726684093475,0.011026735417544842,0.0052779726684093475,0,0.031381670385599136,0.024000003933906555,0.0,0.031381670385599136,0,2.926776494771577e-09,2.7755575615628914e-17,10,11,8,1,1,1,1,0,0,0,0.01199999451637268,0.012000009417533875,0.01199999451637268,0,0.09593278914690018,0.08024195395410061,0.015690835192799568,0.015690835192799568,1.307570196918935,7.994402748768791,0,0,0.0018515950232765935,1.0316188459036368e-09,1.6615384505345263,0.02607092599383681,1.0316188459036368e-09,25271858.979078874,1,0,0,3,5,0,0,0.023999996483325958
5011,2,1,0,2,ec57836863e398bfecf3510be71e7497174dc75295b92f5232684ff6ea7600d2,a535ba1b8d7e99504ccb325b7821a57fea9edfbe5f0a6ebe332b4f8e534117ba,0.008062243461608887,0.0,0.001916001085191965,0.001916001085191965,0.0,0.008062243461608887,0.0,0,1,0.9076921939849854,0.20944694064039504,13,1.661538353333106,0.002417682135428109,0.0020874062947499753,0.008062243461608887,0.001916001085191965,0.008062243461608887,0.001916001085191965,0.004394119139760733,0.0065202852711081505,0.004394119139760733,0,0.008062243927270174,0.0,4.656612873077393e-10,0.008062243927270174,0,5.711804076588556e-11,0.0,0,0,2,12,13,13,0,1,1,1,0.0,0.0,0.0,1,0.004302599001675844,0.0002714770380407572,0.004031121963635087,0.004031121963635087,inf,inf,0,0,0.0019160011423100059,0.0,1.6615384505345263,0.00669786414137394,0.0,inf,0,0,0,2,4,0,0,0.035999998450279236
5011,2,1,2,2,ec57836863e398bfecf3510be71e7497174dc75295b92f5232684ff6ea7600d2,a535ba1b8d7e99504ccb325b7821a57fea9edfbe5f0a6ebe332b4f8e534117ba,0.008651555515825748,0.0,0.0012617803877219558,0.0012617803877219558,0.0,0.008651555515825748,0.0,0,1,0.9076921939849854,0.20944694064039504,13,1.6615383533331063,0.0026271745349735593,0.0022680144503880732,0.008651555515825748,0.0012617803877219558,0.008651555515825748,0.0012617803877219558,0.00376880238763988,0.006951075047254562,0.00376880238763988,0,0.008651555282995105,0.0,2.3283064365386963e-10,0.008651555282995105,0,2.7316714688863097e-10,0.0,0,0,6,3,13,13,0,1,1,1,0.0,0.0,0.0,1,0.00521407276391983,0.0008882951224222779,0.004325777641497552,0.004325777641497552,inf,inf,0,0,0.0012617806608891027,0.0,1.661538450534526,0.00718744587981074,0.0,inf,0,0,0,3,2,0,0,0.035999998450279236
5011,2,1,3,2,ec57836863e398bfecf3510be71e7497174dc75295b92f5232684ff6ea7600d2,a535ba1b8d7e99504ccb325b7821a57fea9edfbe5f0a6ebe332b4f8e534117ba,0.00779092637822032,0.0,-0.002326259622350335,-0.002326259622350335,0.0,0.00779092637822032,0.0,0,1,0.9076923131942749,0.2094469155167731,13,1.661538461366525,0.0028725934155044834,0.0026394880559989778,0.00779092637822032,-0.002326259622350335,0.00779092637822032,0.002326259622350335,0.0028309246990829706,0.005020644515752792,0.0028309246990829706,0,0.00779092637822032,0.0,0.0,0.00779092637822032,0,2.823213563971083e-10,0.0,0,0,6,3,13,13,0,1,1,1,0.0,0.0,0.0,1,0.004793643485754728,0.0008981802966445684,0.00389546318911016,0.00389546318911016,inf,inf,0,0,-0.0023262593400289787,0.0,1.6615384522538923,0.006472461878046106,0.0,inf,0,0,0,4,5,0,0,0.035999998450279236
5011,2,1,4,2,ec57836863e398bfecf3510be71e7497174dc75295b92f5232684ff6ea7600d2,a535ba1b8d7e99504ccb325b7821a57fea9edfbe5f0a6ebe332b4f8e534117ba,0.01277092844247818,0.035999998450279236,-0.0019360678270459175,-0.0019360678270459175,0.0,0.01277092844247818,0.035999998450279236,1,3,0.9076921939849854,0.20944694064039504,13,1.661538353333106,0.005915186693468163,0.0035552451725961018,0.023229070007801056,-0.0019360678270459175,0.023229070007801056,0.0019360678270459175,0.0039043675642460585,0.004459291230887175,0.0039043675642460585,0,0.01277092844247818,0.035999998450279236,0.0,0.027310342411510646,0,7.282073728742677e-11,0.0,10,11,2,11,1,1,1,0,1,0,0.017999999225139618,0.017999999225139618,0.017999999225139618,0,0.016558979521505535,-0.0029038083157502115,0.013655171205755323,0.013655171205755323,0.7586206551989119,0.9199433463518437,0,0,-0.0019360677542251802,0.0,1.6615384505345263,0.022688592006994378,0.0,inf,0,0,0,1,1,1,1,0.035999998450279236
5011,2,1,5,2,ec57836863e398bfecf3510be71e7497174dc75295b92f5232684ff6ea7600d2,a535ba1b8d7e99504ccb325b7821a57fea9edfbe5f0a6ebe332b4f8e534117ba,0.008209520019590855,0.0,0.0008158193086273968,0.0008158193086273968,0.0,0.008209520019590855,0.0,0,1,0.007692307233810425,0.20944694064039504,13,1.661538353333106,0.0027646277605601725,0.0024073675499413404,0.008209520019590855,0.0008158193086273968,0.008209520019590855,0.0008158193086273968,0.0029539489187300205,0.005418672226369381,0.0029539489187300205,0,0.008209520019590855,0.0,0.0,0.008209520019590855,0,1.2869853641996054e-10,0.0,0,0,1,7,13,13,0,1,1,1,0.0,0.0,0.0,1,0.00439860112965107,0.0002938411198556423,0.004104760009795427,0.004104760009795427,inf,inf,0,0,0.0008158194373259332,0.0,1.6615384505345263,0.0068202165864915815,0.0,inf,0,0,0,5,3,0,0,0.035999998450279236
5011,2,2,0,2,ec57836863e398bfecf3510be71e7497174dc75295b92f5232684ff6ea7600d2,a535ba1b8d7e99504ccb325b7821a57fea9edfbe5f0a6ebe332b4f8e534117ba,0.017640970647335052,0.024000000208616257,-0.000744998746085912,-0.000744998746085912,0.0020769226298882424,0.017640970647335052,0.024000000208616257,1,4,0.9076921939849854,0.20944694064039504,13,1.661538353333106,0.0034987242832345733,0.0027623251190728687,0.006359029561281204,-0.0028219213759741544,0.006359029561281204,0.0028219213759741544,0.0025205735582858324,0.0052200015634298325,0.0025205735582858324,0,0.017640971578657627,0.024000000208616257,9.313225746154785e-10,0.011923393234610558,0,6.640064123542011e-10,8.673617379884035e-19,10,11,10,11,1,1,1,1,1,1,0.00950000062584877,0.012000000104308128,0.00950000062584877,0,0.011517833918333054,0.005556137301027775,0.005961696617305279,0.005961696617305279,0.6275469710058714,1.212403490479139,0,0,-0.0007449994100923243,0.0020769226298882415,1.6615384505345263,0.009905588160074339,0.0020769226298882415,4.769358288809899,0,0,0,2,2,0,0,0.011999998241662979
5011,2,2,1,2,ec57836863e398bfecf3510be71e7497174dc75295b92f5232684ff6ea7600d2,a535ba1b8d7e99504ccb325b7821a57fea9edfbe5f0a6ebe332b4f8e534117ba,0.01415308564901352,0.0,0.002728687599301338,0.002728687599301338,0.0,0.01415308564901352,0.0,0,1,0.9076921939849854,0.20944694064039504,13,1.661538353333106,0.004504522107758215,0.0038100769357568417,0.01415308564901352,0.002728687599301338,0.01415308564901352,0.002728687599301338,0.007227001246064901,0.004473273642361164,0.007227001246064901,0,0.01415308564901352,0.0,0.0,0.01415308564901352,0,1.1138437359947684e-09,1.734723475976807e-18,0,0,12,3,13,13,0,1,1,1,0.0,0.0,0.0,1,0.013292614370584488,0.006216071546077728,0.00707654282450676,0.00707654282450676,inf,inf,0,0,0.002728688713145074,1.734723475976807e-18,1.6615384505345263,0.011757947999772181,1.734723475976807e-18,inf,0,0,0,4,4,0,0,0.035999998450279236
5011,2,2,3,2,ec57836863e398bfecf3510be71e7497174dc75295b92f5232684ff6ea7600d2,a535ba1b8d7e99504ccb325b7821a57fea9edfbe5f0a6ebe332b4f8e534117ba,0.016773158684372902,0.035999998450279236,-0.006165292579680681,-0.006165292579680681,-0.016199999212101107,0.016773158684372902,0.035999998450279236,1,3,0.9076923131942749,0.2094469155167731,13,1.661538461366525,0.0049855313022900615,0.0038408363711904493,0.019226839765906334,0.010034706632420426,0.019226839765906334,0.010034706632420426,0.0025347506161779165,0.007292449474334717,0.0025347506161779165,0,0.016773158684372902,0.035999998450279236,0.0,0.019226839765906334,0,2.563350228260153e-09,0.0,10,11,10,11,1,1,1,1,1,1,0.017999999225139618,0.017999999225139618,0.017999999225139618,0,0.010979287326335907,-0.00136586744338274,0.009613419882953167,0.009613419882953167,0.5340789053772085,0.6099604332761156,0,0,-0.006165290016330453,-0.016199999212101107,1.6615384522538923,0.0159730667931888,0.016199999212101107,0.9859918253117697,1,1,0,1,3,1,0,0.011999998241662979
5011,2,2,4,2,ec57836863e398bfecf3510be71e7497174dc75295b92f5232684ff6ea7600d2,a535ba1b8d7e99504ccb325b7821a57fea9edfbe5f0a6ebe332b4f8e534117ba,0.012879335321485996,0.0,-0.005791097413748503,-0.005791097413748503,0.0,0.012879335321485996,0.0,0,1,0.9076921939849854,0.20944694064039504,13,1.661538353333106,0.004239385126450477,0.003516425042462772,0.012879335321485996,-0.005791097413748503,0.012879335321485996,0.005791097413748503,0.005763682071119547,0.0034173429012298584,0.005763682071119547,0,0.012879335321485996,0.0,0.0,0.012879335321485996,0,8.980352962997817e-10,1.734723475976807e-18,0,0,10,3,13,13,0,1,1,1,0.0,0.0,0.0,1,0.008801039308309555,0.002361371647566557,0.006439667660742998,0.006439667660742998,inf,inf,0,0,-0.005791096515713206,1.734723475976807e-18,1.6615384505345263,0.010699755426988219,1.734723475976807e-18,inf,0,0,0,5,5,0,0,0.035999998450279236
5011,2,2,5,2,ec57836863e398bfecf3510be71e7497174dc75295b92f5232684ff6ea7600d2,a535ba1b8d7e99504ccb325b7821a57fea9edfbe5f0a6ebe332b4f8e534117ba,0.02087126299738884,0.024000000208616257,-0.005533009301871061,-0.005533009301871061,0.0,0.02087126299738884,0.024000000208616257,1,3,0.007692307233810425,0.20944694064039504,13,1.661538353333106,0.003693318403332942,0.003083937696715784,0.003128737211227417,-0.005533009301871061,0.003128737211227417,0.005533009301871061,0.003963177092373371,0.005502808373421431,0.003963177092373371,0,0.020871262066066265,0.024000000208616257,9.313225746154785e-10,0.014143988490104675,0,6.097652565165146e-10,6.505213034913027e-19,10,11,10,11,1,1,1,1,1,1,0.012000000104308128,0.012000000104308128,0.012000000104308128,0,0.015275832265615463,0.008203838020563126,0.007071994245052338,0.007071994245052338,0.5893328486316776,1.2729860110693896,0,0,-0.005533008692105805,-6.505213034913027e-19,1.6615384505345263,0.011750390360113348,6.505213034913027e-19,inf,0,0,0,3,1,0,1,0.011999998241662979
5011,3,0,1,3,271685f7e99e80da4cf1531a2a762d624c658b7b8ad2b104b507669df00a6df3,a535ba1b8d7e99504ccb325b7821a57fea9edfbe5f0a6ebe332b4f8e534117ba,0.03141811862587929,0.0,-0.0019416920840740204,-0.0019416920840740204,0.0,0.03141811862587929,0.0,0,1,0.9076921939849854,0.20944694064039504,13,1.661538353333106,0.006823282536818939,0.004654437365539416,0.03141811862587929,-0.0019416920840740204,0.03141811862587929,0.0019416920840740204,0.011389906518161297,0.012423204258084297,0.011389906518161297,0,0.03141811955720186,0.0,9.313225746154785e-10,0.03141811955720186,0,3.468817412130565e-10,6.938893903907228e-18,0,0,8,1,13,13,0,1,1,1,0.0,0.0,0.0,1,0.08056592848151922,0.06485686870291829,0.01570905977860093,0.01570905977860093,inf,inf,0,0,-0.0019416917371922792,6.938893903907228e-18,1.6615384505345263,0.02610120684389084,6.938893903907228e-18,inf,0,0,0,4,1,0,1,0.047999996691942215
5011,3,0,2,3,271685f7e99e80da4cf1531a2a762d624c658b7b8ad2b104b507669df00a6df3,a535ba1b8d7e99504ccb325b7821a57fea9edfbe5f0a6ebe332b4f8e534117ba,0.028439998626708984,0.029999997466802597,0.00248288013972342,0.00248288013972342,-0.001903849741587249,0.028439998626708984,0.029999997466802597,1,4,0.9076921939849854,0.20944694064039504,13,1.6615383533331063,0.007708816501150449,0.006225920277826775,0.0015599988400936127,0.004386729881310669,0.0015599988400936127,0.004386729881310669,0.005456257611513138,0.006226849276572466,0.005456257611513138,0,0.02843999769538641,0.029999997466802597,9.313225746154785e-10,0.02843999769538641,0,4.5725455886935773e-10,0.0,10,11,8,1,1,1,1,0,0,0,0.01499999687075615,0.012499995529651642,0.012499995529651642,0,0.08173372596502304,0.06751372711732984,0.014219998847693205,0.014219998847693205,1.1376003146530322,6.538700415623337,0,0,0.0024828796824688613,-0.001903849741587249,1.661538450534526,0.023627074851998914,0.001903849741587249,12.410157343772783,0,0,0,2,2,0,0,0.017999999225139618
5011,3,0,3,3,271685f7e99e80da4cf1531a2a762d624c658b7b8ad2b104b507669df00a6df3,a535ba1b8d7e99504ccb325b7821a57fea9edfbe5f0a6ebe332b4f8e534117ba,0.024924159049987793,0.047999996691942215,-0.004527151584625244,-0.004527151584625244,-0.024507690771869754,0.024924159049987793,0.047999996691942215,1,4,0.9076923131942749,0.2094469155167731,13,1.661538461366525,0.015669317363998705,0.013237334437910798,0.023075837641954422,0.01998053918724451,0.023075837641954422,0.01998053918724451,0.0066116186790168285,0.011365366168320179,0.0066116186790168285,0,0.024924159049987793,0.047999996691942215,0.0,0.052987244445830584,0,2.720083611476576e-10,3.469446951953614e-18,1,11,2,7,4,1,0,1,0,0,0.0,0.017999999225139618,0.0,1,0.06600350420922041,0.03950988198630512,0.026493622222915292,0.026493622222915292,inf,inf,0,0,-0.004527151312616883,-0.02450769077186975,1.6615384522538923,0.044020172062862,0.02450769077186975,1.7961778803488466,1,0,0,1,5,1,0,0.017999999225139618
5011,3,0,4,3,271685f7e99e80da4cf1531a2a762d624c658b7b8ad2b104b507669df00a6df3,a535ba1b8d7e99504ccb325b7821a57fea9edfbe5f0a6ebe332b4f8e534117ba,0.02551661990582943,0.0,-0.0017239180160686374,-0.0017239180160686374,1.3877787807814457e-17,0.02551661990582943,0.0,0,1,0.9076921939849854,0.20944694064039504,13,1.661538353333106,0.006637411730631121,0.005206599940419109,0.02551661990582943,-0.0017239180160686512,0.02551661990582943,0.0017239180160686512,0.0060858954675495625,0.01250678114593029,0.0060858954675495625,0,0.02551661990582943,0.0,0.0,0.02551661990582943,0,3.9737981828713576e-10,6.938893903907228e-18,0,0,8,1,13,13,0,1,1,1,0.0,0.0,0.0,1,0.08319508749991655,0.07043677754700184,0.012758309952914715,0.012758309952914715,inf,inf,0,0,-0.0017239184134484557,6.938893903907228e-18,1.6615384505345263,0.02119842255060514,6.938893903907228e-18,inf,0,0,0,5,4,0,0,0.047999996691942215
5011,3,0,5,3,271685f7e99e80da4cf1531a2a762d624c658b7b8ad2b104b507669df00a6df3,a535ba1b8d7e99504ccb325b7821a57fea9edfbe5f0a6ebe332b4f8e534117ba,0.0277016069740057,0.024000003933906555,-0.0025581426452845335,-0.0025581426452845335,1.3877787807814457e-17,0.0277016069740057,0.024000003933906555,1,3,0.007692307233810425,0.20944694064039504,13,1.661538353333106,0.006556627587506292,0.004911716570030655,0.003701603040099144,-0.0025581426452845474,0.003701603040099144,0.0025581426452845474,0.004864151123911142,0.008154453709721565,0.004864151123911142,0,0.027701606508344412,0.024000003933906555,4.656612873077393e-10,0.027701606508344412,0,2.5887284850478753e-10,6.938893903907228e-18,10,11,8,1,1,1,1,0,0,0,0.012000001966953278,0.012000001966953278,0.012000001966953278,0,0.07439284725114703,0.060542043996974826,0.013850803254172206,0.013850803254172206,1.1542334153207505,6.199402921434261,0,0,-0.002558142904157382,6.938893903907228e-18,1.6615384505345263,0.023013642177595862,6.938893903907228e-18,inf,0,0,0,3,3,0,0,0.02399999275803566
5011,3,1,0,3,271685f7e99e80da4cf1531a2a762d624c658b7b8ad2b104b507669df00a6df3,a535ba1b8d7e99504ccb325b7821a57fea9edfbe5f0a6ebe332b4f8e534117ba,0.007533470168709755,0.0,0.00015195035666693002,0.00015195035666693002,0.0,0.007533470168709755,0.0,0,1,0.007692307233810425,0.20944694064039504,13,1.661538353333106,0.0019593829916468575,0.0015516702837266648,0.007533470168709755,0.00015195035666693002,0.007533470168709755,0.00015195035666693002,0.0028523807413876057,0.004578776191920042,0.0028523807413876057,0,0.0075334703287808225,0.0,1.6007106751203537e-10,0.0075334703287808225,0,1.9522065116805293e-10,0.0,0,0,1,3,13,13,0,1,1,1,0.0,0.0,0.0,1,0.007328178733587265,-0.003561443569196854,0.0037667351643904112,0.0037667351643904112,inf,inf,0,0,0.0001519505518875812,0.0,1.6615384505345263,0.006258575308615158,0.0,inf,0,0,0,2,5,0,0,0.035999998450279236
5011,3,1,2,3,271685f7e99e80da4cf1531a2a762d624c658b7b8ad2b104b507669df00a6df3,a535ba1b8d7e99504ccb325b7821a57fea9edfbe5f0a6ebe332b4f8e534117ba,0.009314127266407013,0.0,-0.0007233026553876698,-0.0007233026553876698,0.0,0.009314127266407013,0.0,0,1,0.9076921939849854,0.20944694064039504,13,1.6615383533331063,0.0025515107755033975,0.002123264889487688,0.009314127266407013,-0.0007233026553876698,0.009314127266407013,0.0007233026553876698,0.0032857826445251703,0.005360595881938934,0.0032857826445251703,0,0.009314126800745726,0.0,4.656612873077393e-10,0.009314126800745726,0,9.522618717866527e-11,0.0,0,0,7,3,13,13,0,1,1,1,0.0,0.0,0.0,1,0.0061579481698572636,-0.0015008847694844007,0.004657063400372863,0.004657063400372863,inf,inf,0,0,-0.000723302750613857,0.0,1.661538450534526,0.007737889906296578,0.0,inf,0,0,0,3,2,0,0,0.035999998450279236
5011,3,1,3,3,271685f7e99e80da4cf1531a2a762d624c658b7b8ad2b104b507669df00a6df3,a535ba1b8d7e99504ccb325b7821a57fea9edfbe5f0a6ebe332b4f8e534117ba,0.007741812616586685,0.0,-0.0014382804511114955,-0.0014382804511114955,0.0,0.007741812616586685,0.0,0,1,0.9076923131942749,0.2094469155167731,13,1.661538461366525,0.002184620867905872,0.0018074683272954867,0.007741812616586685,-0.0014382804511114955,0.007741812616586685,0.0014382804511114955,0.00359538896009326,0.004507674835622311,0.00359538896009326,0,0.007741812616586685,0.0,0.0,0.007741812616586685,0,7.217738277713603e-11,0.0,0,0,1,3,13,13,0,1,1,1,0.0,0.0,0.0,1,0.005541926249861717,-0.0016710199415683746,0.0038709063082933426,0.0038709063082933426,inf,inf,0,0,-0.0014382803789341127,0.0,1.6615384522538923,0.006431659676301549,0.0,inf,0,0,0,4,4,0,0,0.035999998450279236
5011,3,1,4,3,271685f7e99e80da4cf1531a2a762d624c658b7b8ad2b104b507669df00a6df3,a535ba1b8d7e99504ccb325b7821a57fea9edfbe5f0a6ebe332b4f8e534117ba,0.01422750111669302,0.035999998450279236,0.001731674070470035,0.001731674070470035,0.0,0.01422750111669302,0.035999998450279236,1,3,0.9076921939849854,0.20944694064039504,13,1.661538353333106,0.004683486889153841,0.0030785605208755373,0.021772497333586216,0.001731674070470035,0.021772497333586216,0.001731674070470035,0.004521496128290892,0.005309426691383123,0.004521496128290892,0,0.01422750111669302,0.035999998450279236,0.0,0.021772497333586216,0,2.210251729903301e-11,0.0,10,11,10,11,1,1,1,1,1,1,0.017999999225139618,0.017999999225139618,0.017999999225139618,0,0.014385180547833443,-0.0034989318810403347,0.010886248666793108,0.010886248666793108,0.6047916186345651,0.7991767315046572,0,0,0.0017316740483675178,0.0,1.6615384505345263,0.018087920741956972,0.0,inf,0,0,0,1,1,1,1,0.035999998450279236
5011,3,1,5,3,271685f7e99e80da4cf1531a2a762d624c658b7b8ad2b104b507669df00a6df3,a535ba1b8d7e99504ccb325b7821a57fea9edfbe5f0a6ebe332b4f8e534117ba,0.007823491469025612,0.0,0.0005291656707413495,0.0005291656707413495,0.0,0.007823491469025612,0.0,0,1,0.007692307233810425,0.20944694064039504,13,1.661538353333106,0.002332847392590167,0.001954918082516927,0.007823491469025612,0.0005291656707413495,0.007823491469025612,0.0005291656707413495,0.002221157541498542,0.0043719857931137085,0.002221157541498542,0,0.007823491701856256,0.0,2.3283064365386963e-10,0.007823491701856256,0,9.663678299416667e-11,0.0,0,0,7,3,13,13,0,1,1,1,0.0,0.0,0.0,1,0.00582460081204772,-0.0019128549611195922,0.003911745850928128,0.003911745850928128,inf,inf,0,0,0.0005291655741045665,0.0,1.6615384505345263,0.006499516140035983,0.0,inf,0,0,0,5,3,0,0,0.035999998450279236
5011,3,2,0,3,271685f7e99e80da4cf1531a2a762d624c658b7b8ad2b104b507669df00a6df3,a535ba1b8d7e99504ccb325b7821a57fea9edfbe5f0a6ebe332b4f8e534117ba,0.01671912521123886,0.024000000208616257,-0.0014868989819660783,-0.0014868989819660783,0.0,0.01671912521123886,0.024000000208616257,1,3,0.007692307233810425,0.20944694064039504,13,1.661538353333106,0.0037605133483516414,0.003243151782135639,0.007280874997377396,-0.0014868989819660783,0.007280874997377396,0.0014868989819660783,0.0018946065101772547,0.005822688806802034,0.0018946065101772547,0,0.01671912567690015,0.024000000208616257,4.656612873077393e-10,0.012535014655441046,0,1.522035796008847e-11,2.168404344971009e-19,10,11,10,0,1,1,1,1,0,0,0.012000000104308128,0.012000000104308128,0.012000000104308128,0,0.0151680214330554,0.008900514105334878,0.006267507327720523,0.006267507327720523,0.5222922727700995,1.2640017751008117,0,0,-0.0014868989667457203,-2.168404344971009e-19,1.6615384505345263,0.010413704414014548,2.168404344971009e-19,inf,0,0,0,2,3,0,0,0.011999998241662979
5011,3,2,1,3,271685f7e99e80da4cf1531a2a762d624c658b7b8ad2b104b507669df00a6df3,a535ba1b8d7e99504ccb325b7821a57fea9edfbe5f0a6ebe332b4f8e534117ba,0.016108404844999313,0.0,-0.004851680714637041,-0.004851680714637041,0.0,0.016108404844999313,0.0,0,1,0.9076921939849854,0.20944694064039504,13,1.661538353333106,0.004646441468740267,0.0038216527242808654,0.016108404844999313,-0.004851680714637041,0.016108404844999313,0.004851680714637041,0.0061576045118272305,0.005143899470567703,0.0061576045118272305,0,0.016108405776321888,0.0,9.313225746154785e-10,0.016108405776321888,0,6.912212330290046e-10,1.0842021724855044e-19,0,0,12,0,13,13,0,1,1,1,0.0,0.0,0.0,1,0.022094372659921646,0.014040169771760702,0.008054202888160944,0.008054202888160944,inf,inf,0,0,-0.004851680023415808,-1.0842021724855044e-19,1.6615384505345263,0.013382367787085642,1.0842021724855044e-19,inf,0,0,0,4,4,0,0,0.035999998450279236
5011,3,2,3,3,271685f7e99e80da4cf1531a2a762d624c658b7b8ad2b104b507669df00a6df3,a535ba1b8d7e99504ccb325b7821a57fea9edfbe5f0a6ebe332b4f8e534117ba,0.01762886345386505,0.035999998450279236,-0.006688006687909365,-0.006688006687909365,-0.016199999212101107,0.01762886345386505,0.035999998450279236,1,3,0.9076923131942749,0.2094469155167731,13,1.661538461366525,0.0052356801260000085,0.004172506527258799,0.018371134996414185,0.009511992524191742,0.018371134996414185,0.009511992524191742,0.0027520086150616407,0.008335640653967857,0.0027520086150616407,0,0.01762886345386505,0.035999998450279236,0.0,0.019137154333293438,0,6.892979442438274e-10,6.938893903907228e-18,10,11,10,7,1,1,1,1,0,0,0.017999999225139618,0.017999999225139618,0.017999999225139618,0,0.012680343352258205,0.0031117661856114864,0.009568577166646719,0.009568577166646719,0.5315876432529402,0.7044635498955056,0,0,-0.0066880059986114205,-0.016199999212101114,1.6615384522538923,0.015898558895742123,0.016199999212101114,0.9813925721592739,1,1,0,1,2,1,0,0.011999998241662979
5011,3,2,4,3,271685f7e99e80da4cf1531a2a762d624c658b7b8ad2b104b507669df00a6df3,a535ba1b8d7e99504ccb325b7821a57fea9edfbe5f0a6ebe332b4f8e534117ba,0.013676797971129417,0.0,-0.0024340462405234575,-0.0024340462405234575,0.0,0.013676797971129417,0.0,0,1,0.9076921939849854,0.20944694064039504,13,1.661538353333106,0.00410797826241556,0.003630274261992711,0.013676797971129417,-0.0024340462405234575,0.013676797971129417,0.0024340462405234575,0.0019290262134745717,0.004554152023047209,0.0019290262134745717,0,0.013676797971129417,0.0,0.0,0.013676797971129417,0,1.7014446058657984e-10,1.0842021724855044e-19,0,0,12,3,13,13,0,1,1,1,0.0,0.0,0.0,1,0.017784839496016502,0.010946440510451794,0.006838398985564709,0.006838398985564709,inf,inf,0,0,-0.002434046410667918,-1.0842021724855044e-19,1.6615384505345263,0.011362262854612063,1.0842021724855044e-19,inf,0,0,0,5,5,0,0,0.035999998450279236
5011,3,2,5,3,271685f7e99e80da4cf1531a2a762d624c658b7b8ad2b104b507669df00a6df3,a535ba1b8d7e99504ccb325b7821a57fea9edfbe5f0a6ebe332b4f8e534117ba,0.02075592242181301,0.024000000208616257,-0.006873523350805044,-0.006873523350805044,4.336808689942018e-19,0.02075592242181301,0.024000000208616257,1,3,0.007692307233810425,0.20944694064039504,13,1.661538353333106,0.004482807395964258,0.003485760910535705,0.0032440777868032455,-0.006873523350805044,0.0032440777868032455,0.006873523350805044,0.004625197499990463,0.004148859530687332,0.004625197499990463,0,0.02075592242181301,0.024000000208616257,0.0,0.01777714304625988,0,2.4611410392311184e-10,5.421010862427522e-19,10,11,10,0,1,1,1,1,0,0,0.012000000104308128,0.012000000104308128,0.012000000104308128,0,0.02228337712585926,0.01339480560272932,0.00888857152312994,0.00888857152312994,0.7407142871556183,1.8569480776803735,0,0,-0.00687352310469094,-1.0842021724855044e-19,1.6615384505345263,0.014768703356006635,1.0842021724855044e-19,inf,0,0,0,3,1,0,1,0.011999998241662979
5011,4,0,1,4,ea753b8fbea792cc47479cd1ad44f5f5ed729f5c6e9872e47b812119185911c5,a535ba1b8d7e99504ccb325b7821a57fea9edfbe5f0a6ebe332b4f8e534117ba,0.012403045780956745,0.0,0.0011541461572051048,0.0011541461572051048,3.469446951953614e-18,0.012403045780956745,0.0,0,1,0.9076921939849854,0.20944694064039504,13,1.661538353333106,0.0034861649757923436,0.002838563063793634,0.012403045780956745,0.0011541461572051014,0.012403045780956745,0.0011541461572051014,0.003341163042932749,0.005060471128672361,0.003341163042932749,0,0.012403045780956745,0.0,0.0,0.012403045780956745,0,1.2971671670830576e-09,1.734723475976807e-18,0,0,8,7,13,13,0,1,1,1,0.0,0.0,0.0,1,0.01565058995038271,-0.009449067059904337,0.006201522890478373,0.006201522890478373,inf,inf,0,0,0.0011541448600379377,5.204170427930421e-18,1.6615384505345263,0.010304068734399832,5.204170427930421e-18,inf,0,0,0,4,5,0,0,0.04800000041723251
5011,4,0,2,4,ea753b8fbea792cc47479cd1ad44f5f5ed729f5c6e9872e47b812119185911c5,a535ba1b8d7e99504ccb325b7821a57fea9edfbe5f0a6ebe332b4f8e534117ba,0.01840706542134285,0.030000001192092896,0.002441838849335909,0.002441838849335909,-0.0019038457440642281,0.01840706542134285,0.030000001192092896,1,4,0.007692307233810425,0.20944694064039504,13,1.6615383533331063,0.004191045604137412,0.0036862711008836535,0.011592935770750046,0.004345684593400137,0.011592935770750046,0.004345684593400137,0.003811762435361743,0.006349046248942614,0.003811762435361743,0,0.018407066352665424,0.030000001192092896,9.313225746154785e-10,0.012114894576370716,0,1.8442089175230159e-10,3.469446951953614e-18,10,11,10,11,1,1,1,1,1,1,0.015000000596046448,0.01250000111758709,0.01250000111758709,0,0.019511210732162,-0.01345376344397664,0.006057447288185358,0.006057447288185358,0.48459573972859327,1.5608967190179182,1,0,0.0024418390337568006,-0.0019038457440642247,1.661538450534526,0.010064681581406066,0.0019038457440642247,5.286500554357172,0,0,0,2,2,0,0,0.017999999225139618
5011,4,0,3,4,ea753b8fbea792cc47479cd1ad44f5f5ed729f5c6e9872e47b812119185911c5,a535ba1b8d7e99504ccb325b7821a57fea9edfbe5f0a6ebe332b4f8e534117ba,0.01920723170042038,0.04800000041723251,0.005706163588911295,0.005706163588911295,0.0020769228877929556,0.01920723170042038,0.04800000041723251,1,4,0.9076921939849854,0.20944694064039504,13,1.661538353333106,0.009800661553261505,0.006413020998151345,0.028792768716812134,0.0036292407011183393,0.028792768716812134,0.0036292407011183393,0.008074332028627396,0.004111131187528372,0.008074332028627396,0,0.019207230769097805,0.04800000041723251,9.313225746154785e-10,0.041335576213896275,0,1.6170981307489507e-09,0.0,10,4,10,7,1,1,1,1,0,0,0.018000001087784767,0.012000000104308128,0.012000000104308128,0,0.022091190330684185,-0.0014234022237360477,0.020667788106948137,0.020667788106948137,1.7223156606080512,1.8409325115549966,0,0,0.005706165206009426,0.0020769228877929556,1.6615384505345263,0.03434032462719452,0.0020769228877929556,16.53423188170761,1,0,0,1,1,1,1,0.017999999225139618
5011,4,0,4,4,ea753b8fbea792cc47479cd1ad44f5f5ed729f5c6e9872e47b812119185911c5,a535ba1b8d7e99504ccb325b7821a57fea9edfbe5f0a6ebe332b4f8e534117ba,0.015369953587651253,0.0,-0.003054199507459998,-0.003054199507459998,0.0,0.015369953587651253,0.0,0,1,0.007692307233810425,0.20944694064039504,13,1.661538353333106,0.004274132515115189,0.0035761807929481984,0.015369953587651253,-0.003054199507459998,0.015369953587651253,0.003054199507459998,0.004200265742838383,0.007406359072774649,0.004200265742838383,0,0.015369953587651253,0.0,0.0,0.015369953587651253,0,1.5529131713182265e-10,1.734723475976807e-18,0,0,8,7,13,13,0,1,1,1,0.0,0.0,0.0,1,0.019540036097168922,-0.011855059303343296,0.007684976793825626,0.007684976793825626,inf,inf,0,0,-0.0030541996627513153,1.734723475976807e-18,1.6615384505345263,0.012768884434406822,1.734723475976807e-18,inf,0,0,0,5,4,0,0,0.04800000041723251
5011,4,0,5,4,ea753b8fbea792cc47479cd1ad44f5f5ed729f5c6e9872e47b812119185911c5,a535ba1b8d7e99504ccb325b7821a57fea9edfbe5f0a6ebe332b4f8e534117ba,0.017820850014686584,0.024000000208616257,0.001677833148278296,0.001677833148278296,0.0,0.017820850014686584,0.024000000208616257,1,3,0.007692307233810425,0.20944694064039504,13,1.661538353333106,0.0035040165102456586,0.0028933506657385973,0.006179150193929672,0.001677833148278296,0.006179150193929672,0.001677833148278296,0.002106442814692855,0.005068626254796982,0.002106442814692855,0,0.017820850014686584,0.024000000208616257,0.0,0.013533827848732471,0,6.390229422004179e-10,3.469446951953614e-18,10,11,10,11,1,1,1,1,1,1,0.012000000104308128,0.012000000104308128,0.012000000104308128,0,0.020691351033747196,-0.01392443710938096,0.006766913924366236,0.006766913924366236,0.5639094887954911,1.724279237824238,0,0,0.0016778337873012382,3.469446951953614e-18,1.6615384505345263,0.011243487676791987,3.469446951953614e-18,inf,0,0,0,3,3,0,0,0.024000000208616257
5011,4,1,0,4,ea753b8fbea792cc47479cd1ad44f5f5ed729f5c6e9872e47b812119185911c5,a535ba1b8d7e99504ccb325b7821a57fea9edfbe5f0a6ebe332b4f8e534117ba,0.0075375111773610115,0.0,0.0006406662869267166,0.0006406662869267166,-4.336808689942018e-19,0.0075375111773610115,0.0,0,1,0.9076921939849854,0.20944694064039504,13,1.661538353333106,0.0016778039202339943,0.0011721287575721213,0.0075375111773610115,0.000640666286926717,0.0075375111773610115,0.000640666286926717,0.0037986000534147024,0.003969702869653702,0.0037986000534147024,0,0.007537511410191655,0.0,2.3283064365386963e-10,0.007537511410191655,0,2.0483551855556004e-10,4.336808689942018e-19,0,0,1,4,13,13,0,1,1,1,0.0,0.0,0.0,1,0.005127219948917627,0.0013584642438217998,0.0037687557050958276,0.0037687557050958276,inf,inf,0,0,0.000640666082091198,0.0,1.6615384505345263,0.006261932514688077,0.0,inf,0,0,0,2,5,0,0,0.03599999938160181
5011,4,1,2,4,ea753b8fbea792cc47479cd1ad44f5f5ed729f5c6e9872e47b812119185911c5,a535ba1b8d7e99504ccb325b7821a57fea9edfbe5f0a6ebe332b4f8e534117ba,0.00821783859282732,0.0,0.0001368826924590394,0.0001368826924590394,0.0,0.00821783859282732,0.0,0,1,0.007692307233810425,0.20944694064039504,13,1.6615383533331063,0.0018438053745699536,0.0012901777455124439,0.00821783859282732,0.0001368826924590394,0.00821783859282732,0.0001368826924590394,0.0034925537183880806,0.0036229442339390516,0.0034925537183880806,0,0.008217838825657964,0.0,2.3283064365386963e-10,0.008217838825657964,0,3.1598486414236016e-11,0.0,0,0,1,4,13,13,0,1,1,1,0.0,0.0,0.0,1,0.005546953529119492,0.0014380341162905097,0.004108919412828982,0.004108919412828982,inf,inf,0,0,0.00013688266086055298,0.0,1.661538450534526,0.0068271275945631016,0.0,inf,0,0,0,3,4,0,0,0.03599999938160181
5011,4,1,3,4,ea753b8fbea792cc47479cd1ad44f5f5ed729f5c6e9872e47b812119185911c5,a535ba1b8d7e99504ccb325b7821a57fea9edfbe5f0a6ebe332b4f8e534117ba,0.008547220379114151,0.0,-0.0011759415501728654,-0.0011759415501728654,-4.336808689942018e-19,0.008547220379114151,0.0,0,1,0.9076921939849854,0.20944694064039504,13,1.661538353333106,0.001967691720335604,0.0014034775018584556,0.008547220379114151,-0.001175941550172865,0.008547220379114151,0.001175941550172865,0.003113893559202552,0.005282765720039606,0.003113893559202552,0,0.008547220844775438,0.0,4.656612873077393e-10,0.008547220844775438,0,3.4223795672416735e-12,0.0,0,0,1,4,13,13,0,1,1,1,0.0,0.0,0.0,1,0.006357797654345632,0.0020841872319579124,0.004273610422387719,0.004273610422387719,inf,inf,0,0,-0.0011759415467504858,-4.336808689942018e-19,1.6615384505345263,0.007100768039402293,4.336808689942018e-19,inf,0,0,0,4,3,0,0,0.03599999938160181
5011,4,1,4,4,ea753b8fbea792cc47479cd1ad44f5f5ed729f5c6e9872e47b812119185911c5,a535ba1b8d7e99504ccb325b7821a57fea9edfbe5f0a6ebe332b4f8e534117ba,0.016200954094529152,0.03599999938160181,0.0014974739169701934,0.0014974739169701934,3.223808850080778e-11,0.016200954094529152,0.03599999938160181,1,3,0.007692307233810425,0.20944694064039504,13,1.661538353333106,0.00413349533023607,0.002357896896817628,0.01979904528707266,0.0014974738847321049,0.01979904528707266,0.0014974738847321049,0.003925897181034088,0.0027220486663281918,0.003925897181034088,0,0.016200954094529152,0.03599999938160181,0.0,0.01979904528707266,0,2.753359606283423e-12,5.421010862427522e-20,10,11,10,11,1,1,1,1,1,1,0.01799999945797026,0.01799999992363155,0.01799999945797026,0,0.012287606485188007,-0.002388083841651678,0.00989952264353633,0.00989952264353633,0.5499734967576845,0.6826448252889891,0,0,0.0014974739142168338,3.223808855501789e-11,1.6615384505345263,0.016448437514172812,3.223808855501789e-11,510217517.5833307,1,0,0,1,1,1,1,0.03599999938160181
5011,4,1,5,4,ea753b8fbea792cc47479cd1ad44f5f5ed729f5c6e9872e47b812119185911c5,a535ba1b8d7e99504ccb325b7821a57fea9edfbe5f0a6ebe332b4f8e534117ba,0.009220696985721588,0.0,-0.00039871365879662335,-0.00039871365879662335,0.0,0.009220696985721588,0.0,0,1,0.007692307233810425,0.20944694064039504,13,1.661538353333106,0.002382466987689038,0.0017562945963699127,0.009220696985721588,-0.00039871365879662335,0.009220696985721588,0.00039871365879662335,0.0030636456795036793,0.004531722981482744,0.0030636456795036793,0,0.009220697218552232,0.0,2.3283064365386963e-10,0.009220697218552232,0,1.3030716588223468e-11,4.336808689942018e-19,0,0,1,4,13,13,0,1,1,1,0.0,0.0,0.0,1,0.008868138073012233,0.004257789463736117,0.004610348609276116,0.004610348609276116,inf,inf,0,0,-0.00039871367182733994,-4.336808689942018e-19,1.6615384505345263,0.007660271484680646,4.336808689942018e-19,inf,0,0,0,5,2,0,0,0.03599999938160181
5011,4,2,0,4,ea753b8fbea792cc47479cd1ad44f5f5ed729f5c6e9872e47b812119185911c5,a535ba1b8d7e99504ccb325b7821a57fea9edfbe5f0a6ebe332b4f8e534117ba,0.018348855897784233,0.023999996483325958,-0.00023768888786435127,-0.00023768888786435127,0.0,0.018348855897784233,0.023999996483325958,1,3,0.9076921939849854,0.20944694064039504,13,1.661538353333106,0.003388582086167498,0.0026670852152509456,0.005651140585541725,-0.00023768888786435127,0.005651140585541725,0.00023768888786435127,0.004812367260456085,0.0031579823698848486,0.004812367260456085,0,0.018348855315707624,0.023999996483325958,5.820766091346741e-10,0.013245129957795143,0,6.31546094934099e-10,0.0,10,11,10,11,1,1,1,1,1,1,0.011999998241662979,0.011999998241662979,0.011999998241662979,0,0.06841091252863407,-0.0617883475497365,0.0066225649788975716,0.0066225649788975716,0.5518804957741232,5.700910212729629,0,0,-0.0002376895194104462,0.0,1.6615384505345263,0.011003646353601688,0.0,inf,0,0,0,2,3,0,0,0.012000005692243576
5011,4,2,1,4,ea753b8fbea792cc47479cd1ad44f5f5ed729f5c6e9872e47b812119185911c5,a535ba1b8d7e99504ccb325b7821a57fea9edfbe5f0a6ebe332b4f8e534117ba,0.012112803757190704,0.0,-0.003850097069516778,-0.003850097069516778,-1.3877787807814457e-17,0.012112803757190704,0.0,0,1,0.9076921939849854,0.20944694064039504,13,1.661538353333106,0.003931583301790735,0.0032099419626126276,0.012112803757190704,-0.003850097069516764,0.012112803757190704,0.003850097069516764,0.002236452652141452,0.0048082745634019375,0.002236452652141452,0,0.012112803757190704,0.0,0.0,0.012112803757190704,0,1.4162607874651512e-09,1.3877787807814457e-17,0,0,12,3,13,13,0,1,1,1,0.0,0.0,0.0,1,0.0643368223682046,-0.05828042048960924,0.006056401878595352,0.006056401878595352,inf,inf,0,0,-0.0038500984857775655,0.0,1.6615384505345263,0.010062944593175716,0.0,inf,0,0,0,4,5,0,0,0.036000002175569534
5011,4,2,3,4,ea753b8fbea792cc47479cd1ad44f5f5ed729f5c6e9872e47b812119185911c5,a535ba1b8d7e99504ccb325b7821a57fea9edfbe5f0a6ebe332b4f8e534117ba,0.021686691790819168,0.036000002175569534,-0.0006485793855972588,-0.0006485793855972588,-2.579047114759092e-10,0.021686691790819168,0.036000002175569534,1,3,0.9076921939849854,0.20944694064039504,13,1.661538353333106,0.004620926908599329,0.003575418567244989,0.014313310384750366,-0.0006485791276925473,0.014313310384750366,0.0006485791276925473,0.006109342910349369,0.005241961218416691,0.006109342910349369,0,0.021686692096409388,0.036000002175569534,3.055902197957039e-10,0.016699184197932482,0,7.252033262100666e-10,0.0,10,11,10,11,1,1,1,1,1,1,0.018000002950429916,0.017999999225139618,0.017999999225139618,0,0.06902388110756874,-0.0606742890086025,0.008349592098966241,0.008349592098966241,0.4638662476887677,3.8346602266052794,1,0,-0.000648580110800585,-2.579047114759092e-10,1.6615384505345263,0.01387316831871169,2.579047114759092e-10,53791837.45546881,1,0,0,1,2,1,0,0.012000005692243576
5011,4,2,4,4,ea753b8fbea792cc47479cd1ad44f5f5ed729f5c6e9872e47b812119185911c5,a535ba1b8d7e99504ccb325b7821a57fea9edfbe5f0a6ebe332b4f8e534117ba,0.013455115258693695,0.0,-0.0007136196945793927,-0.0007136196945793927,0.0,0.013455115258693695,0.0,0,1,0.007692307233810425,0.20944694064039504,13,1.661538353333106,0.003908158636101501,0.003264892052792939,0.013455115258693695,-0.0007136196945793927,0.013455115258693695,0.0007136196945793927,0.0051976218819618225,0.005593597888946533,0.0051976218819618225,0,0.013455114793032408,0.0,4.656612873077393e-10,0.013455114793032408,0,5.137698122839596e-10,0.0,0,0,12,3,13,13,0,1,1,1,0.0,0.0,0.0,1,0.06998038850724697,-0.06325283111073077,0.006727557396516204,0.006727557396516204,inf,inf,0,0,-0.000713620208349205,0.0,1.6615384505345263,0.011178095292489625,0.0,inf,0,0,0,5,4,0,0,0.036000002175569534
5011,4,2,5,4,ea753b8fbea792cc47479cd1ad44f5f5ed729f5c6e9872e47b812119185911c5,a535ba1b8d7e99504ccb325b7821a57fea9edfbe5f0a6ebe332b4f8e534117ba,0.023035213351249695,0.023999996483325958,-0.004660977050662041,-0.004660977050662041,-1.3877787807814457e-17,0.023035213351249695,0.023999996483325958,1,3,0.007692307233810425,0.20944694064039504,13,1.661538353333106,0.003006236664157971,0.0017970436026711434,0.0009647831320762634,-0.004660977050662027,0.0009647831320762634,0.004660977050662027,0.004025690723210573,0.0037711968179792166,0.004025690723210573,0,0.02303521241992712,0.023999996483325958,9.313225746154785e-10,0.013812482357025146,0,1.5237238519538732e-09,1.0408340855860843e-17,10,11,10,11,1,1,1,1,1,1,0.011999998241662979,0.011999998241662979,0.011999998241662979,0,0.06701823696494102,-0.06011199578642845,0.006906241178512573,0.006906241178512573,0.5755201825392514,5.584853898749699,0,0,-0.004660978574385893,-3.469446951953614e-18,1.6615384505345263,0.011474985266763521,3.469446951953614e-18,inf,0,0,0,3,1,0,1,0.012000005692243576
5011,5,0,1,5,2fb19537334109cfb3f4c0c288a9954c48fc7e435726231f770d55336c803def,a535ba1b8d7e99504ccb325b7821a57fea9edfbe5f0a6ebe332b4f8e534117ba,0.03443580120801926,0.0,0.0064804465509951115,0.0064804465509951115,1.3877787807814457e-17,0.03443580120801926,0.0,0,1,0.9076921939849854,0.20944694064039504,13,1.661538353333106,0.010159610075606377,0.008167556757052271,0.03443580120801926,0.006480446550995098,0.03443580120801926,0.006480446550995098,0.00824554730206728,0.013765186071395874,0.00824554730206728,0,0.03443580097518861,0.0,2.3283064365386963e-10,0.03443580097518861,0,1.871665971514558e-09,6.938893903907228e-18,0,0,9,3,13,13,0,1,1,1,0.0,0.0,0.0,1,0.13470201939344406,0.11748411890584975,0.017217900487594306,0.017217900487594306,inf,inf,0,0,0.006480448422661083,6.938893903907228e-18,1.6615384505345263,0.02860820369761511,6.938893903907228e-18,inf,0,0,0,4,3,0,0,0.035999998450279236
5011,5,0,2,5,2fb19537334109cfb3f4c0c288a9954c48fc7e435726231f770d55336c803def,a535ba1b8d7e99504ccb325b7821a57fea9edfbe5f0a6ebe332b4f8e534117ba,0.043622709810733795,0.030000001192092896,0.008141238242387772,0.008141238242387772,-0.002076921082459965,0.043622709810733795,0.030000001192092896,1,4,0.9076921939849854,0.20944694064039504,13,1.6615383533331063,0.011814138457254361,0.00926042183373983,0.0136227086186409,0.010218159324847736,0.0136227086186409,0.010218159324847736,0.006372634321451187,0.025530828163027763,0.006372634321451187,0,0.04362271027639508,0.030000001192092896,4.656612873077393e-10,0.049096907023340464,0,4.153259975520074e-10,1.3877787807814457e-17,10,11,10,3,1,1,1,1,0,0,0.015000000596046448,0.012500002980232239,0.012500002980232239,0,0.14045305363833904,0.11590460012666881,0.024548453511670232,0.024548453511670232,1.9638758127091378,11.236241612138365,0,0,0.00814123865771377,-0.0020769210824599788,1.661538450534526,0.040788199410799406,0.0020769210824599788,19.63878153833771,0,0,0,2,1,0,1,0.00599999725818634
5011,5,0,3,5,2fb19537334109cfb3f4c0c288a9954c48fc7e435726231f770d55336c803def,a535ba1b8d7e99504ccb325b7821a57fea9edfbe5f0a6ebe332b4f8e534117ba,0.028039181604981422,0.035999998450279236,0.004443360958248377,0.004443360958248377,-0.016199999212101093,0.028039181604981422,0.035999998450279236,1,3,0.9076923131942749,0.2094469155167731,13,1.661538461366525,0.010197720039269999,0.008314847791865027,0.007960816845297813,0.02064336017034947,0.007960816845297813,0.02064336017034947,0.015287489630281925,0.022208625450730324,0.015287489630281925,0,0.028039181604981422,0.035999998450279236,0.0,0.03982109576463699,0,2.5255618187058904e-09,1.3877787807814457e-17,10,11,0,3,1,1,1,0,0,0,0.017999999225139618,0.017999999225139618,0.017999999225139618,0,0.11491856724023819,0.09500801935791969,0.019910547882318497,0.019910547882318497,1.1061415966346553,6.384365121512766,0,0,0.0044433634838101956,-0.01619999921210108,1.6615384522538923,0.03308214091191449,0.01619999921210108,2.0421075630178294,0,0,0,1,5,1,0,0.00599999725818634
5011,5,0,4,5,2fb19537334109cfb3f4c0c288a9954c48fc7e435726231f770d55336c803def,a535ba1b8d7e99504ccb325b7821a57fea9edfbe5f0a6ebe332b4f8e534117ba,0.03690695762634277,0.0,-0.0003739303501788527,-0.0003739303501788527,1.3877787807814457e-17,0.03690695762634277,0.0,0,1,0.007692307233810425,0.20944694064039504,13,1.661538353333106,0.01122507254495499,0.009545615064145545,0.03690695762634277,-0.00037393035017886656,0.03690695762634277,0.00037393035017886656,0.010175100527703762,0.013636836782097816,0.010175100527703762,0,0.03690695855766535,0.0,9.313225746154785e-10,0.03690695855766535,0,1.3372228775676565e-09,2.0816681711721685e-17,0,0,10,3,13,13,0,1,1,1,0.0,0.0,0.0,1,0.14684751257300377,0.1283940332941711,0.018453479278832674,0.018453479278832674,inf,inf,0,0,-0.0003739290129559751,-6.938893903907228e-18,1.6615384505345263,0.03066116536792263,6.938893903907228e-18,inf,0,0,0,5,2,0,0,0.035999998450279236
5011,5,0,5,5,2fb19537334109cfb3f4c0c288a9954c48fc7e435726231f770d55336c803def,a535ba1b8d7e99504ccb325b7821a57fea9edfbe5f0a6ebe332b4f8e534117ba,0.03348437696695328,0.024000003933906555,0.00455952575430274,0.00455952575430274,1.3877787807814457e-17,0.03348437696695328,0.024000003933906555,1,3,0.9076921939849854,0.20944694064039504,13,1.661538353333106,0.009638517646213275,0.0076198710030762435,0.009484373033046722,0.004559525754302726,0.009484373033046722,0.004559525754302726,0.0131902527064085,0.016596471890807152,0.0131902527064085,0,0.03348437696695328,0.024000003933906555,0.0,0.03801685571670532,0,2.692214912808355e-09,0.0,10,11,10,3,1,1,1,1,0,0,0.012000001966953278,0.012000001966953278,0.012000001966953278,0,0.12312159687280655,0.10411316901445389,0.01900842785835266,0.01900842785835266,1.5840353952190873,10.26013139096729,0,0,0.004559528446517653,1.3877787807814457e-17,1.6615384505345263,0.031583233770864604,1.3877787807814457e-17,inf,0,0,0,3,4,0,0,0.01199999451637268
5011,5,1,0,5,2fb19537334109cfb3f4c0c288a9954c48fc7e435726231f770d55336c803def,a535ba1b8d7e99504ccb325b7821a57fea9edfbe5f0a6ebe332b4f8e534117ba,0.009668814949691296,0.0,0.00106149073690176,0.00106149073690176,0.0,0.009668814949691296,0.0,0,1,0.9076921939849854,0.20944694064039504,13,1.661538353333106,0.0027755810281177296,0.002173741272314501,0.009668814949691296,0.00106149073690176,0.009668814949691296,0.00106149073690176,0.004273604601621628,0.004241958726197481,0.004273604601621628,0,0.00966881460044533,0.0,3.4924596548080444e-10,0.00966881460044533,0,1.2281788216647604e-10,4.336808689942018e-19,0,0,5,10,13,13,0,1,1,1,0.0,0.0,0.0,1,0.007909714942798018,-0.0030753076425753534,0.004834407300222665,0.004834407300222665,inf,inf,0,0,0.0010614908597196423,-4.336808689942018e-19,1.6615384505345263,0.00803255361486477,4.336808689942018e-19,inf,0,0,0,2,3,0,0,0.03599999938160181
5011,5,1,2,5,2fb19537334109cfb3f4c0c288a9954c48fc7e435726231f770d55336c803def,a535ba1b8d7e99504ccb325b7821a57fea9edfbe5f0a6ebe332b4f8e534117ba,0.01297867763787508,0.0,-0.001917635672725737,-0.001917635672725737,0.0,0.01297867763787508,0.0,0,1,0.9076921939849854,0.20944694064039504,13,1.6615383533331063,0.0036947773136210196,0.003057176273415339,0.01297867763787508,-0.001917635672725737,0.01297867763787508,0.001917635672725737,0.007620096672326326,0.006299775559455156,0.007620096672326326,0,0.012978677987121046,0.0,3.4924596548080444e-10,0.012978677987121046,0,3.853508467183131e-10,0.0,0,0,5,4,13,13,0,1,1,1,0.0,0.0,0.0,1,0.008086219197139144,-0.0015968802035786211,0.006489338993560523,0.006489338993560523,inf,inf,0,0,-0.0019176360580765838,0.0,1.661538450534526,0.010782286256353833,0.0,inf,0,0,0,3,1,0,1,0.03599999938160181
5011,5,1,3,5,2fb19537334109cfb3f4c0c288a9954c48fc7e435726231f770d55336c803def,a535ba1b8d7e99504ccb325b7821a57fea9edfbe5f0a6ebe332b4f8e534117ba,0.009645863436162472,0.0,0.0027667221147567034,0.0027667221147567034,4.336808689942018e-19,0.009645863436162472,0.0,0,1,0.9076923131942749,0.2094469155167731,13,1.661538461366525,0.0030828755628204297,0.0026157905382776536,0.009645863436162472,0.002766722114756703,0.009645863436162472,0.002766722114756703,0.002517850138247013,0.004356380086392164,0.002517850138247013,0,0.009645863581681624,0.0,1.4551915228366852e-10,0.009645863581681624,0,2.65529328559444e-10,2.168404344971009e-19,0,0,5,4,13,13,0,1,1,1,0.0,0.0,0.0,1,0.006201443960890174,-0.0013785121700493619,0.004822931790840812,0.004822931790840812,inf,inf,0,0,0.002766721849227375,2.168404344971009e-19,1.6615384522538923,0.008013486623079736,2.168404344971009e-19,inf,0,0,0,4,4,0,0,0.03599999938160181
5011,5,1,4,5,2fb19537334109cfb3f4c0c288a9954c48fc7e435726231f770d55336c803def,a535ba1b8d7e99504ccb325b7821a57fea9edfbe5f0a6ebe332b4f8e534117ba,0.009347628802061081,0.03599999938160181,0.0031814761459827423,0.0031814761459827423,3.223808850080778e-11,0.009347628802061081,0.03599999938160181,1,3,0.007692307233810425,0.20944694064039504,13,1.661538353333106,0.005528085392328107,0.0034069835784233354,0.02665237057954073,0.003181476113744654,0.02665237057954073,0.003181476113744654,0.0043024844489991665,0.0018687458941712976,0.0043024844489991665,0,0.009347628685645759,0.03599999938160181,1.1641532182693481e-10,0.02665237069595605,0,2.019615854761958e-10,5.421010862427522e-20,10,11,10,11,1,1,1,1,1,1,0.01799999945797026,0.01799999992363155,0.01799999945797026,0,0.013880619895644486,-0.0005544345476664603,0.013326185347978026,0.013326185347978026,0.7403436527370167,0.771145572979351,0,0,0.003181475944021157,3.223808855501789e-11,1.6615384505345263,0.022141969354615317,3.223808855501789e-11,686826370.5159683,1,0,0,1,5,1,0,0.03599999938160181
5011,5,1,5,5,2fb19537334109cfb3f4c0c288a9954c48fc7e435726231f770d55336c803def,a535ba1b8d7e99504ccb325b7821a57fea9edfbe5f0a6ebe332b4f8e534117ba,0.012018604204058647,0.0,0.004036141559481621,0.004036141559481621,0.0,0.012018604204058647,0.0,0,1,0.9076921939849854,0.20944694064039504,13,1.661538353333106,0.0036131108841209636,0.003300730123415773,0.012018604204058647,0.004036141559481621,0.012018604204058647,0.004036141559481621,0.003198070451617241,0.004856225568801165,0.003198070451617241,0,0.012018603971228004,0.0,2.3283064365386963e-10,0.012018603971228004,0,2.51511926736836e-10,4.336808689942018e-19,0,0,5,10,13,13,0,1,1,1,0.0,0.0,0.0,1,0.006242247065529227,-0.0002329450799152255,0.006009301985614002,0.006009301985614002,inf,inf,0,0,0.004036141307969694,-4.336808689942018e-19,1.6615384505345263,0.00998468630997114,4.336808689942018e-19,inf,0,0,0,5,2,0,0,0.03599999938160181
5011,5,2,0,5,2fb19537334109cfb3f4c0c288a9954c48fc7e435726231f770d55336c803def,a535ba1b8d7e99504ccb325b7821a57fea9edfbe5f0a6ebe332b4f8e534117ba,0.034157298505306244,0.024000003933906555,0.00659123994410038,0.00659123994410038,1.0316188181480612e-09,0.034157298505306244,0.024000003933906555,1,3,0.9076921939849854,0.20944694064039504,13,1.661538353333106,0.009023744849658873,0.007223461859324978,0.010157294571399689,0.006591238912481562,0.010157294571399689,0.006591238912481562,0.007368355058133602,0.012184328399598598,0.007368355058133602,0,0.034157298505306244,0.024000003933906555,0.0,0.034157298505306244,0,9.613446573519813e-09,1.3877787807814457e-17,10,11,5,8,1,1,1,0,0,0,0.01199999451637268,0.012000009417533875,0.01199999451637268,0,0.12779155373573303,-0.11071290448307991,0.017078649252653122,0.017078649252653122,1.423221421422416,10.64930101104425,0,0,0.0065912495575469535,1.031618832025849e-09,1.6615384505345263,0.028376832416475914,1.031618832025849e-09,27507090.347265862,1,0,0,2,3,0,0,0.011999979615211487
5011,5,2,1,5,2fb19537334109cfb3f4c0c288a9954c48fc7e435726231f770d55336c803def,a535ba1b8d7e99504ccb325b7821a57fea9edfbe5f0a6ebe332b4f8e534117ba,0.02005568891763687,0.0,0.0029983825515955687,0.0029983825515955687,2.7755575615628914e-17,0.02005568891763687,0.0,0,1,0.9076921939849854,0.20944694064039504,13,1.661538353333106,0.006614599633967914,0.005986368867772571,0.02005568891763687,0.002998382551595541,0.02005568891763687,0.002998382551595541,0.005709325894713402,0.00920120719820261,0.005709325894713402,0,0.02005568891763687,0.0,0.0,0.02005568891763687,0,3.436782025634244e-09,2.7755575615628914e-17,0,0,6,8,13,13,0,1,1,1,0.0,0.0,0.0,1,0.12348058819770813,-0.1134527437388897,0.010027844458818436,0.010027844458818436,inf,inf,0,0,0.0029983859883775943,0.0,1.6615384505345263,0.016661649144306418,0.0,inf,0,0,0,4,4,0,0,0.03599998354911804
5011,5,2,3,5,2fb19537334109cfb3f4c0c288a9954c48fc7e435726231f770d55336c803def,a535ba1b8d7e99504ccb325b7821a57fea9edfbe5f0a6ebe332b4f8e534117ba,0.04041014611721039,0.03599998354911804,0.004202166106551886,0.004202166106551886,-0.01619999250657861,0.04041014611721039,0.03599998354911804,1,3,0.9076923131942749,0.2094469155167731,13,1.661538461366525,0.012418417854335834,0.010681254006701814,0.004410162568092346,0.020402158613130494,0.004410162568092346,0.020402158613130494,0.0046931360848248005,0.01350230909883976,0.0046931360848248005,0,0.04041014611721039,0.03599998354911804,0.0,0.044685326516628265,0,5.489628529531387e-09,2.7755575615628914e-17,10,11,5,8,1,1,1,0,0,0,0.01799999177455902,0.01799999177455902,0.01799999177455902,0,0.13412895053625107,-0.11178628727793694,0.022342663258314133,0.022342663258314133,1.2412596371234454,7.451611768280215,0,0,0.004202160616923356,-0.016199992506578637,1.6615384522538923,0.03712319412944917,0.016199992506578637,2.2915562531509726,0,0,0,1,1,1,1,0.011999979615211487
5011,5,2,4,5,2fb19537334109cfb3f4c0c288a9954c48fc7e435726231f770d55336c803def,a535ba1b8d7e99504ccb325b7821a57fea9edfbe5f0a6ebe332b4f8e534117ba,0.019926894456148148,0.0,0.006997964810580015,0.006997964810580015,2.7755575615628914e-17,0.019926894456148148,0.0,0,1,0.007692307233810425,0.20944694064039504,13,1.661538353333106,0.006097870256347746,0.0053506954270001695,0.019926894456148148,0.006997964810579987,0.019926894456148148,0.006997964810579987,0.005463866516947746,0.006749541498720646,0.005463866516947746,0,0.019926894456148148,0.0,0.0,0.019926894456148148,0,1.8445146625356568e-09,2.7755575615628914e-17,0,0,5,8,13,13,0,1,1,1,0.0,0.0,0.0,1,0.12830805405974388,-0.11834460683166981,0.009963447228074074,0.009963447228074074,inf,inf,0,0,0.006997962966065353,0.0,1.6615384505345263,0.016554650669316717,0.0,inf,0,0,0,5,5,0,0,0.03599998354911804
5011,5,2,5,5,2fb19537334109cfb3f4c0c288a9954c48fc7e435726231f770d55336c803def,a535ba1b8d7e99504ccb325b7821a57fea9edfbe5f0a6ebe332b4f8e534117ba,0.03829685226082802,0.024000003933906555,0.0033058214467018843,0.0033058214467018843,1.0316188459036368e-09,0.03829685226082802,0.024000003933906555,1,3,0.9076921939849854,0.20944694064039504,13,1.661538353333106,0.010288436354414711,0.008042240327984621,0.014296848326921463,0.0033058204150830384,0.014296848326921463,0.0033058204150830384,0.004609557334333658,0.015245777554810047,0.004609557334333658,0,0.03829685226082802,0.024000003933906555,0.0,0.03904592618346214,0,3.463402009629135e-09,1.3877787807814457e-17,10,11,5,8,1,1,1,0,0,0,0.01199999451637268,0.012000009417533875,0.01199999451637268,0,0.12552553787827492,-0.10600257478654385,0.01952296309173107,0.01952296309173107,1.6269143344269135,10.46046626996446,0,0,0.003305824910103894,1.031618832025849e-09,1.6615384505345263,0.03243815384527759,1.031618832025849e-09,31443933.396966908,1,0,0,3,2,0,0,0.011999979615211487
5011,6,0,1,6,eb4e083b61177a5d1e22d8993e13778bc109cac96daa0a290711898035151423,a535ba1b8d7e99504ccb325b7821a57fea9edfbe5f0a6ebe332b4f8e534117ba,0.011033084243535995,0.0,0.0007896614260971546,0.0007896614260971546,0.0,0.011033084243535995,0.0,0,1,0.9076921939849854,0.20944694064039504,13,1.661538353333106,0.003153138955945556,0.0026539285507427867,0.011033084243535995,0.0007896614260971546,0.011033084243535995,0.0007896614260971546,0.0025912346318364143,0.004409066867083311,0.0025912346318364143,0,0.011033084243535995,0.0,0.0,0.011033084243535995,0,1.083701281490157e-09,2.6020852139652106e-18,0,0,8,11,13,13,0,1,1,1,0.0,0.0,0.0,1,0.006310522556304932,-0.0007939804345369339,0.005516542121767998,0.005516542121767998,inf,inf,0,0,0.0007896625097984361,-2.6020852139652106e-18,1.6615384505345263,0.009165946849310847,2.6020852139652106e-18,inf,0,0,0,4,5,0,0,0.035999998450279236
5011,6,0,2,6,eb4e083b61177a5d1e22d8993e13778bc109cac96daa0a290711898035151423,a535ba1b8d7e99504ccb325b7821a57fea9edfbe5f0a6ebe332b4f8e534117ba,0.01692262291908264,0.029999999329447746,0.0003189692215528339,0.0003189692215528339,0.002076922758840598,0.01692262291908264,0.029999999329447746,1,4,0.9076921939849854,0.20944694064039504,13,1.6615383533331063,0.004545889610696844,0.003857086291371365,0.013077376410365105,-0.0017579535372877642,0.013077376410365105,0.0017579535372877642,0.0027922161389142275,0.004232317209243774,0.0027922161389142275,0,0.01692262222059071,0.029999999329447746,6.984919309616089e-10,0.01565679907798767,0,1.8932185272615976e-09,0.0,10,11,8,11,1,1,1,0,1,0,0.01249999925494194,0.015000000596046448,0.01249999925494194,0,0.008643323555588722,-0.0008149240165948868,0.007828399538993835,0.007828399538993835,0.626272000448227,0.6914659256616786,0,0,0.0003189711147713612,0.002076922758840598,1.661538450534526,0.013007186840185016,0.002076922758840598,6.262720548859519,1,0,0,2,3,0,0,0.0059999991208314896
5011,6,0,3,6,eb4e083b61177a5d1e22d8993e13778bc109cac96daa0a290711898035151423,a535ba1b8d7e99504ccb325b7821a57fea9edfbe5f0a6ebe332b4f8e534117ba,0.020602166652679443,0.035999998450279236,-0.009319362230598927,-0.009319362230598927,-0.016199999212101107,0.020602166652679443,0.035999998450279236,1,3,0.9076923131942749,0.2094469155167731,13,1.661538461366525,0.004928358131644691,0.00404899096744653,0.015397831797599792,0.006880636981502181,0.015397831797599792,0.006880636981502181,0.0035455150064080954,0.010514900088310242,0.0035455150064080954,0,0.02060216572135687,0.035999998450279236,9.313225746154785e-10,0.01676732301712036,0,3.41945097237506e-10,3.469446951953614e-18,10,11,10,11,1,1,1,1,1,1,0.017999999225139618,0.017999999225139618,0.017999999225139618,0,0.01967472117394209,-0.011291059665381908,0.00838366150856018,0.00838366150856018,0.46575899274768734,1.093040112271976,1,0,-0.009319362572544024,-0.01619999921210111,1.6615384522538923,0.013929775967153614,0.01619999921210111,0.8598627558418842,1,1,0,1,1,1,1,0.0059999991208314896
5011,6,0,4,6,eb4e083b61177a5d1e22d8993e13778bc109cac96daa0a290711898035151423,a535ba1b8d7e99504ccb325b7821a57fea9edfbe5f0a6ebe332b4f8e534117ba,0.01347288303077221,0.0,-0.0036808557342737913,-0.0036808557342737913,0.0,0.01347288303077221,0.0,0,1,0.9076921939849854,0.20944694064039504,13,1.661538353333106,0.0037775079838247238,0.0030482832959594108,0.01347288303077221,-0.0036808557342737913,0.01347288303077221,0.0036808557342737913,0.003540513338521123,0.0068602715618908405,0.003540513338521123,0,0.013472882565110922,0.0,4.656612873077393e-10,0.013472882565110922,0,1.1061443297780138e-09,0.0,0,0,8,7,13,13,0,1,1,1,0.0,0.0,0.0,1,0.008628684561699629,-0.001892243279144168,0.006736441282555461,0.006736441282555461,inf,inf,0,0,-0.0036808546281294615,0.0,1.6615384505345263,0.011192856210734018,0.0,inf,0,0,0,5,4,0,0,0.035999998450279236
5011,6,0,5,6,eb4e083b61177a5d1e22d8993e13778bc109cac96daa0a290711898035151423,a535ba1b8d7e99504ccb325b7821a57fea9edfbe5f0a6ebe332b4f8e534117ba,0.016992276534438133,0.024000000208616257,0.001235733856447041,0.001235733856447041,0.0,0.016992276534438133,0.024000000208616257,1,3,0.9076921939849854,0.20944694064039504,13,1.661538353333106,0.0030475446210374273,0.002464088098801804,0.0070077236741781235,0.001235733856447041,0.0070077236741781235,0.001235733856447041,0.00355879170820117,0.005904878955334425,0.00355879170820117,0,0.016992276534438133,0.024000000208616257,0.0,0.010961676016449928,0,1.9061760329897037e-10,2.6020852139652106e-18,10,11,10,11,1,1,1,1,1,1,0.012000000104308128,0.012000000104308128,0.012000000104308128,0,0.009233709424734116,-0.0037528714165091515,0.005480838008224964,0.005480838008224964,0.4567364967153029,0.7694757787059614,1,0,0.0012357340470646443,-2.6020852139652106e-18,1.6615384505345263,0.009106623091816847,2.6020852139652106e-18,inf,0,0,0,3,2,0,0,0.011999998241662979
5011,6,1,0,6,eb4e083b61177a5d1e22d8993e13778bc109cac96daa0a290711898035151423,a535ba1b8d7e99504ccb325b7821a57fea9edfbe5f0a6ebe332b4f8e534117ba,0.006280252709984779,0.0,0.000347973924363032,0.000347973924363032,-4.336808689942018e-19,0.006280252709984779,0.0,0,1,0.9076921939849854,0.20944694064039504,13,1.661538353333106,0.0017256452279058748,0.001477846005082836,0.006280252709984779,0.0003479739243630324,0.006280252709984779,0.0003479739243630324,0.0035397533793002367,0.003578054951503873,0.0035397533793002367,0,0.006280252942815423,0.0,2.3283064365386963e-10,0.006280252942815423,0,2.5903787795322764e-11,4.336808689942018e-19,0,0,1,3,13,13,0,1,1,1,0.0,0.0,0.0,1,0.00617941259406507,-0.0030392861226573586,0.0031401264714077115,0.0031401264714077115,inf,inf,0,0,0.0003479739502668198,0.0,1.6615384505345263,0.005217440871785219,0.0,inf,0,0,0,2,5,0,0,0.03599999938160181
5011,6,1,2,6,eb4e083b61177a5d1e22d8993e13778bc109cac96daa0a290711898035151423,a535ba1b8d7e99504ccb325b7821a57fea9edfbe5f0a6ebe332b4f8e534117ba,0.007887188345193863,0.0,-0.0001837065356085077,-0.0001837065356085077,0.0,0.007887188345193863,0.0,0,1,0.9076921939849854,0.20944694064039504,13,1.6615383533331063,0.0019936963827527367,0.0015175084407116181,0.007887188345193863,-0.0001837065356085077,0.007887188345193863,0.0001837065356085077,0.0021743394900113344,0.004158589988946915,0.0021743394900113344,0,0.007887188694439828,0.0,3.4924596548080444e-10,0.007887188694439828,0,2.394496480435937e-10,0.0,0,0,1,4,13,13,0,1,1,1,0.0,0.0,0.0,1,0.0058975068386644125,-0.0019539124914444983,0.003943594347219914,0.003943594347219914,inf,inf,0,0,-0.00018370677505815574,0.0,1.661538450534526,0.006552433641216492,0.0,inf,0,0,0,3,3,0,0,0.03599999938160181
5011,6,1,3,6,eb4e083b61177a5d1e22d8993e13778bc109cac96daa0a290711898035151423,a535ba1b8d7e99504ccb325b7821a57fea9edfbe5f0a6ebe332b4f8e534117ba,0.007165193557739258,0.0,-0.0007461656932719052,-0.0007461656932719052,4.336808689942018e-19,0.007165193557739258,0.0,0,1,0.9076923131942749,0.2094469155167731,13,1.661538461366525,0.0018364090997445672,0.001442937042630283,0.007165193557739258,-0.0007461656932719056,0.007165193557739258,0.0007461656932719056,0.0027034960221499205,0.006186734884977341,0.0027034960221499205,0,0.007165193324908614,0.0,2.3283064365386963e-10,0.007165193324908614,0,2.3073165123302375e-10,2.168404344971009e-19,0,0,1,3,13,13,0,1,1,1,0.0,0.0,0.0,1,0.0038302477914839983,-0.0002476511290296912,0.003582596662454307,0.003582596662454307,inf,inf,0,0,-0.000746165462540254,2.168404344971009e-19,1.6615384522538923,0.00595262211358429,2.168404344971009e-19,inf,0,0,0,4,4,0,0,0.03599999938160181
5011,6,1,4,6,eb4e083b61177a5d1e22d8993e13778bc109cac96daa0a290711898035151423,a535ba1b8d7e99504ccb325b7821a57fea9edfbe5f0a6ebe332b4f8e534117ba,0.012140654027462006,0.03599999938160181,0.0014479379169642925,0.0014479379169642925,3.223808850080778e-11,0.012140654027462006,0.03599999938160181,1,3,0.9076921939849854,0.20944694064039504,13,1.661538353333106,0.005093524504711647,0.002893949685254569,0.023859345354139805,0.001447937884726204,0.023859345354139805,0.001447937884726204,0.00371847883798182,0.002929284470155835,0.00371847883798182,0,0.012140653794631362,0.03599999938160181,2.3283064365386963e-10,0.02415502816438675,0,9.913956201118568e-11,5.421010862427522e-20,10,11,2,11,1,1,1,0,1,0,0.01799999945797026,0.01799999992363155,0.01799999945797026,0,0.018562021665275097,-0.006484507583081722,0.012077514082193375,0.012077514082193375,0.6709730247711504,1.0312234569016043,0,0,0.0014479378178247305,3.223808855501789e-11,1.6615384505345263,0.020067254034436502,3.223808855501789e-11,622470342.8117177,1,0,0,1,1,1,1,0.03599999938160181
5011,6,1,5,6,eb4e083b61177a5d1e22d8993e13778bc109cac96daa0a290711898035151423,a535ba1b8d7e99504ccb325b7821a57fea9edfbe5f0a6ebe332b4f8e534117ba,0.008099576458334923,0.0,0.000155768429976888,0.000155768429976888,0.0,0.008099576458334923,0.0,0,1,0.9076921939849854,0.20944694064039504,13,1.661538353333106,0.002214835570079201,0.0017654256807011965,0.008099576458334923,0.000155768429976888,0.008099576458334923,0.000155768429976888,0.0038047712296247482,0.004314758814871311,0.0038047712296247482,0,0.00809957692399621,0.0,4.656612873077393e-10,0.00809957692399621,0,3.707558782553577e-11,4.336808689942018e-19,0,0,1,4,13,13,0,1,1,1,0.0,0.0,0.0,1,0.004422432975843549,0.0003726445138454437,0.004049788461998105,0.004049788461998105,inf,inf,0,0,0.00015576839290130018,-4.336808689942018e-19,1.6615384505345263,0.006728879246140934,4.336808689942018e-19,inf,0,0,0,5,2,0,0,0.03599999938160181
5011,6,2,0,6,eb4e083b61177a5d1e22d8993e13778bc109cac96daa0a290711898035151423,a535ba1b8d7e99504ccb325b7821a57fea9edfbe5f0a6ebe332b4f8e534117ba,0.018702762201428413,0.024000000208616257,5.1128831728419755e-06,5.1128831728419755e-06,0.0,0.018702762201428413,0.024000000208616257,1,3,0.9076921939849854,0.20944694064039504,13,1.661538353333106,0.004639246432955969,0.0038353964912335903,0.005297238007187843,5.1128831728419755e-06,0.005297238007187843,5.1128831728419755e-06,0.0049998643808066845,0.00850619189441204,0.0049998643808066845,0,0.01870276196859777,0.024000000208616257,2.3283064365386963e-10,0.015725411707535386,0,8.030849336232437e-10,0.0,10,11,10,3,1,1,1,1,0,0,0.012000000104308128,0.012000000104308128,0.012000000104308128,0,0.01483189919963479,0.006969193345867097,0.007862705853767693,0.007862705853767693,0.6552254821185292,1.2359915892259017,0,0,5.113686257775599e-06,0.0,1.6615384505345263,0.013064188101277923,0.0,inf,0,0,0,2,4,0,0,0.012000000104308128
5011,6,2,1,6,eb4e083b61177a5d1e22d8993e13778bc109cac96daa0a290711898035151423,a535ba1b8d7e99504ccb325b7821a57fea9edfbe5f0a6ebe332b4f8e534117ba,0.021638117730617523,0.0,-0.006730993743985891,-0.006730993743985891,-8.673617379884035e-19,0.021638117730617523,0.0,0,1,0.9076921939849854,0.20944694064039504,13,1.661538353333106,0.006136906430816203,0.004908834644675961,0.021638117730617523,-0.0067309937439858905,0.021638117730617523,0.0067309937439858905,0.003685574745759368,0.01047090906649828,0.003685574745759368,0,0.021638117730617523,0.0,0.0,0.021638117730617523,0,4.206886540514265e-10,0.0,0,0,12,1,13,13,0,1,1,1,0.0,0.0,0.0,1,0.0218318123370409,0.01101275347173214,0.010819058865308762,0.010819058865308762,inf,inf,0,0,-0.006730993323297237,-8.673617379884035e-19,1.6615384505345263,0.01797628230330695,8.673617379884035e-19,inf,0,0,0,4,1,0,1,0.036000000312924385
5011,6,2,3,6,eb4e083b61177a5d1e22d8993e13778bc109cac96daa0a290711898035151423,a535ba1b8d7e99504ccb325b7821a57fea9edfbe5f0a6ebe332b4f8e534117ba,0.02116445265710354,0.036000000312924385,-0.006288742180913687,-0.006288742180913687,-0.01619999934105346,0.02116445265710354,0.036000000312924385,1,3,0.9076923131942749,0.2094469155167731,13,1.661538461366525,0.005213467243170663,0.004357490666519256,0.014835547655820847,0.009911257160139773,0.014835547655820847,0.009911257160139773,0.0036797847133129835,0.010761656798422337,0.0036797847133129835,0,0.02116445265710354,0.036000000312924385,0.0,0.018816277384757996,0,1.1530333458853459e-10,6.938893903907228e-18,10,11,10,7,1,1,1,1,0,0,0.018000001087784767,0.017999999225139618,0.017999999225139618,0,0.017522383481264114,0.008114244788885117,0.009408138692378998,0.009408138692378998,0.5226743942988155,0.9734657908646772,0,0,-0.006288742296217021,-0.016199999341053466,1.6615384522538923,0.015631984201525357,0.016199999341053466,0.9649373356399672,1,1,0,1,2,1,0,0.012000000104308128
5011,6,2,4,6,eb4e083b61177a5d1e22d8993e13778bc109cac96daa0a290711898035151423,a535ba1b8d7e99504ccb325b7821a57fea9edfbe5f0a6ebe332b4f8e534117ba,0.01956348307430744,0.0,0.00021447846665978432,0.00021447846665978432,0.0,0.01956348307430744,0.0,0,1,0.9076921939849854,0.20944694064039504,13,1.661538353333106,0.005996132007510932,0.00501884054117037,0.01956348307430744,0.00021447846665978432,0.01956348307430744,0.00021447846665978432,0.004472753964364529,0.006088794209063053,0.004472753964364529,0,0.01956348237581551,0.0,6.984919309616089e-10,0.01956348237581551,0,4.76036743010666e-10,6.505213034913027e-19,0,0,12,1,13,13,0,1,1,1,0.0,0.0,0.0,1,0.017871279269456863,0.008089538081549108,0.009781741187907755,0.009781741187907755,inf,inf,0,0,0.0002144779906230413,-6.505213034913027e-19,1.6615384505345263,0.01625273909688601,6.505213034913027e-19,inf,0,0,0,5,3,0,0,0.036000000312924385
5011,6,2,5,6,eb4e083b61177a5d1e22d8993e13778bc109cac96daa0a290711898035151423,a535ba1b8d7e99504ccb325b7821a57fea9edfbe5f0a6ebe332b4f8e534117ba,0.017903290688991547,0.024000000208616257,-0.005462661851197481,-0.005462661851197481,0.0,0.017903290688991547,0.024000000208616257,1,3,0.9076921939849854,0.20944694064039504,13,1.661538353333106,0.004800351287201319,0.003918177310443489,0.00609670951962471,-0.005462661851197481,0.00609670951962471,0.005462661851197481,0.0035483003593981266,0.009346622042357922,0.0035483003593981266,0,0.017903289757668972,0.024000000208616257,9.313225746154785e-10,0.014556202106177807,0,1.3113733007483197e-09,6.505213034913027e-19,10,11,10,7,1,1,1,1,0,0,0.012000000104308128,0.012000000104308128,0.012000000104308128,0,0.020632874220609665,0.013354773167520761,0.007278101053088903,0.007278101053088903,0.6065084158187621,1.7194061701051355,0,0,-0.00546266053982418,-6.505213034913027e-19,1.6615384505345263,0.01209284474658304,6.505213034913027e-19,inf,0,0,0,3,5,0,0,0.012000000104308128
5011,7,0,1,7,5a77a08ed5901bc7d6ab01efe7ad6f6d17bebdae58314b1701eab8ac0d43c816,a535ba1b8d7e99504ccb325b7821a57fea9edfbe5f0a6ebe332b4f8e534117ba,0.03817174583673477,0.0,0.004727121442556381,0.004727121442556381,-1.3877787807814457e-17,0.03817174583673477,0.0,0,1,0.007692307233810425,0.20944694064039504,13,1.661538353333106,0.010826513132353558,0.008840516540249423,0.03817174583673477,0.004727121442556395,0.03817174583673477,0.004727121442556395,0.007284253370016813,0.013492797501385212,0.007284253370016813,0,0.0381717449054122,0.0,9.313225746154785e-10,0.0381717449054122,0,5.83008200744084e-10,6.938893903907228e-18,0,0,8,1,13,13,0,1,1,1,0.0,0.0,0.0,1,0.1368789877742529,0.11779311532154679,0.0190858724527061,0.0190858724527061,inf,inf,0,0,0.004727122025564582,-6.938893903907228e-18,1.6615384505345263,0.03171191094216889,6.938893903907228e-18,inf,0,0,0,4,1,0,1,0.035999998450279236
5011,7,0,2,7,5a77a08ed5901bc7d6ab01efe7ad6f6d17bebdae58314b1701eab8ac0d43c816,a535ba1b8d7e99504ccb325b7821a57fea9edfbe5f0a6ebe332b4f8e534117ba,0.03571556136012077,0.030000001192092896,0.007197447121143341,0.007197447121143341,-0.0020769210824599788,0.03571556136012077,0.030000001192092896,1,4,0.9076921939849854,0.20944694064039504,13,1.6615383533331063,0.012396410614104814,0.009424717622924838,0.005715560168027878,0.00927436820360332,0.005715560168027878,0.00927436820360332,0.004027726594358683,0.010665987618267536,0.004027726594358683,0,0.03571556136012077,0.030000001192092896,0.0,0.04423381760716438,0,3.1138672699354553e-09,6.938893903907228e-18,10,11,10,3,1,1,1,1,0,0,0.015000000596046448,0.012500002980232239,0.012500002980232239,0,0.15500422939658165,0.13288732059299946,0.02211690880358219,0.02211690880358219,1.7693522824401182,12.400335395256187,0,0,0.007197444007276071,-0.002076921082459972,1.661538450534526,0.03674809438411737,0.002076921082459972,17.69354391674418,0,0,0,2,3,0,0,0.00599999725818634
5011,7,0,3,7,5a77a08ed5901bc7d6ab01efe7ad6f6d17bebdae58314b1701eab8ac0d43c816,a535ba1b8d7e99504ccb325b7821a57fea9edfbe5f0a6ebe332b4f8e534117ba,0.037714771926403046,0.035999998450279236,0.006436191499233246,0.006436191499233246,-0.016199999212101107,0.037714771926403046,0.035999998450279236,1,3,0.9076923131942749,0.2094469155167731,13,1.661538461366525,0.01291287936215905,0.010553767188237263,0.0017147734761238098,0.022636190711334353,0.0017147734761238098,0.022636190711334353,0.01425377931445837,0.01928534545004368,0.01425377931445837,0,0.03771477099508047,0.035999998450279236,9.313225746154785e-10,0.04989436361938715,0,3.689325253283804e-09,2.0816681711721685e-17,10,11,10,7,1,1,1,1,0,0,0.017999999225139618,0.017999999225139618,0.017999999225139618,0,0.1336686983704567,0.10872151656076312,0.024947181809693575,0.024947181809693575,1.3859546046452715,7.426039118033344,0,0,0.006436195188558499,-0.016199999212101086,1.6615384522538923,0.04145070185217472,0.016199999212101086,2.5586854239605055,0,0,0,1,2,1,0,0.00599999725818634
5011,7,0,4,7,5a77a08ed5901bc7d6ab01efe7ad6f6d17bebdae58314b1701eab8ac0d43c816,a535ba1b8d7e99504ccb325b7821a57fea9edfbe5f0a6ebe332b4f8e534117ba,0.03319510817527771,0.0,0.00300402007997036,0.00300402007997036,0.0,0.03319510817527771,0.0,0,1,0.9076921939849854,0.20944694064039504,13,1.661538353333106,0.011711026101544729,0.009647453501379704,0.03319510817527771,0.00300402007997036,0.03319510817527771,0.00300402007997036,0.013016382232308388,0.013521170243620872,0.013016382232308388,0,0.033195109106600285,0.0,9.313225746154785e-10,0.033195109106600285,0,1.5132053839128634e-09,6.938893903907228e-18,0,0,8,1,13,13,0,1,1,1,0.0,0.0,0.0,1,0.1519535593688488,0.13535600481554866,0.016597554553300142,0.016597554553300142,inf,inf,0,0,0.0030040215931757437,-6.938893903907228e-18,1.6615384505345263,0.02757747507515259,6.938893903907228e-18,inf,0,0,0,5,4,0,0,0.035999998450279236
5011,7,0,5,7,5a77a08ed5901bc7d6ab01efe7ad6f6d17bebdae58314b1701eab8ac0d43c816,a535ba1b8d7e99504ccb325b7821a57fea9edfbe5f0a6ebe332b4f8e534117ba,0.03207330405712128,0.024000003933906555,0.008031193166971207,0.008031193166971207,1.3877787807814457e-17,0.03207330405712128,0.024000003933906555,1,3,0.007692307233810425,0.20944694064039504,13,1.661538353333106,0.011239988990820475,0.009403684540216386,0.008073300123214722,0.008031193166971193,0.008073300123214722,0.008031193166971193,0.00617910036817193,0.013322150334715843,0.00617910036817193,0,0.032073305919766426,0.024000003933906555,1.862645149230957e-09,0.03588967211544514,0,1.3051009474518427e-09,0.0,10,11,8,1,1,1,1,0,0,0,0.012000001966953278,0.012000001966953278,0.012000001966953278,0,0.13058368675410748,0.1126388506963849,0.01794483605772257,0.01794483605772257,1.4954027596946007,10.881972112481396,0,0,0.00803119186187026,1.3877787807814457e-17,1.6615384505345263,0.029816035098444455,1.3877787807814457e-17,inf,0,0,0,3,5,0,0,0.01199999451637268
5011,7,1,0,7,5a77a08ed5901bc7d6ab01efe7ad6f6d17bebdae58314b1701eab8ac0d43c816,a535ba1b8d7e99504ccb325b7821a57fea9edfbe5f0a6ebe332b4f8e534117ba,0.008768292143940926,0.0,-0.0009321991237811744,-0.0009321991237811744,0.0,0.008768292143940926,0.0,0,1,0.9076921939849854,0.20944694064039504,13,1.661538353333106,0.0019434195712168974,0.0013330425852193283,0.008768292143940926,-0.0009321991237811744,0.008768292143940926,0.0009321991237811744,0.0028880005702376366,0.005237158853560686,0.0028880005702376366,0,0.00876829237677157,0.0,2.3283064365386963e-10,0.00876829237677157,0,7.272428106767925e-10,0.0,0,0,1,4,13,13,0,1,1,1,0.0,0.0,0.0,1,0.010482179699465632,-0.006098033511079848,0.004384146188385785,0.004384146188385785,inf,inf,0,0,-0.0009321998510239851,0.0,1.6615384505345263,0.007284427464767366,0.0,inf,0,0,0,2,5,0,0,0.035999998450279236
5011,7,1,2,7,5a77a08ed5901bc7d6ab01efe7ad6f6d17bebdae58314b1701eab8ac0d43c816,a535ba1b8d7e99504ccb325b7821a57fea9edfbe5f0a6ebe332b4f8e534117ba,0.010361134074628353,0.0,0.0006866601179353893,0.0006866601179353893,0.0,0.010361134074628353,0.0,0,1,0.9076921939849854,0.20944694064039504,13,1.6615383533331063,0.002285650872241765,0.0016070052612154088,0.010361134074628353,0.0006866601179353893,0.010361134074628353,0.0006866601179353893,0.0038767196238040924,0.005265605170279741,0.0038767196238040924,0,0.010361134191043675,0.0,1.1641532182693481e-10,0.010361134191043675,0,3.5737554387148263e-10,1.0842021724855044e-19,0,0,1,4,13,13,0,1,1,1,0.0,0.0,0.0,1,0.010944507783278823,-0.005763940687756985,0.0051805670955218375,0.0051805670955218375,inf,inf,0,0,0.0006866597605598454,-1.0842021724855044e-19,1.661538450534526,0.008607711424783504,1.0842021724855044e-19,inf,0,0,0,3,4,0,0,0.035999998450279236
5011,7,1,3,7,5a77a08ed5901bc7d6ab01efe7ad6f6d17bebdae58314b1701eab8ac0d43c816,a535ba1b8d7e99504ccb325b7821a57fea9edfbe5f0a6ebe332b4f8e534117ba,0.010634473524987698,0.0,-0.0010348274372518063,-0.0010348274372518063,0.0,0.010634473524987698,0.0,0,1,0.9076923131942749,0.2094469155167731,13,1.661538461366525,0.002236963032726063,0.001326809696489449,0.010634473524987698,-0.0010348274372518063,0.010634473524987698,0.0010348274372518063,0.0024951198138296604,0.005541925318539143,0.0024951198138296604,0,0.010634473292157054,0.0,2.3283064365386963e-10,0.010634473292157054,0,3.9629805990634703e-10,4.336808689942018e-19,0,0,1,4,13,13,0,1,1,1,0.0,0.0,0.0,1,0.009877449600026011,-0.0045602129539474845,0.005317236646078527,0.005317236646078527,inf,inf,0,0,-0.0010348278335498662,-4.336808689942018e-19,1.6615384522538923,0.008834793147192993,4.336808689942018e-19,inf,0,0,0,4,2,0,0,0.035999998450279236
5011,7,1,4,7,5a77a08ed5901bc7d6ab01efe7ad6f6d17bebdae58314b1701eab8ac0d43c816,a535ba1b8d7e99504ccb325b7821a57fea9edfbe5f0a6ebe332b4f8e534117ba,0.015077163465321064,0.035999998450279236,-0.0004976438940502703,-0.0004976438940502703,-3.223808893448865e-11,0.015077163465321064,0.035999998450279236,1,3,0.9076921939849854,0.20944694064039504,13,1.661538353333106,0.004714062015810682,0.002906765331054029,0.020922834984958172,-0.0004976438618121814,0.020922834984958172,0.0004976438618121814,0.0025509572587907314,0.00555373402312398,0.0025509572587907314,0,0.015077163785463199,0.035999998450279236,3.2014213502407074e-10,0.021415581926703453,0,1.290147242510864e-10,1.0842021724855044e-19,10,11,1,11,1,1,1,0,1,0,0.01799999945797026,0.017999998992308974,0.017999998992308974,0,0.020047860220074654,-0.009340069256722927,0.010707790963351727,0.010707790963351727,0.5948773090446807,1.1137700745783756,0,0,-0.0004976440230649946,-3.223808904290887e-11,1.6615384505345263,0.017791406405895032,3.223808904290887e-11,551875341.687117,1,0,0,1,1,1,1,0.035999998450279236
5011,7,1,5,7,5a77a08ed5901bc7d6ab01efe7ad6f6d17bebdae58314b1701eab8ac0d43c816,a535ba1b8d7e99504ccb325b7821a57fea9edfbe5f0a6ebe332b4f8e534117ba,0.010510804131627083,0.0,-0.0001924880052683875,-0.0001924880052683875,0.0,0.010510804131627083,0.0,0,1,0.007692307233810425,0.20944694064039504,13,1.661538353333106,0.002426880820173516,0.001591705364456191,0.010510804131627083,-0.0001924880052683875,0.010510804131627083,0.0001924880052683875,0.0034733435604721308,0.005470957141369581,0.0034733435604721308,0,0.010510804131627083,0.0,0.0,0.010510804131627083,0,7.448212467793536e-11,2.168404344971009e-19,0,0,1,4,13,13,0,1,1,1,0.0,0.0,0.0,1,0.008204731857404113,-0.0029493297915905714,0.005255402065813541,0.005255402065813541,inf,inf,0,0,-0.00019248793078626282,2.168404344971009e-19,1.6615384505345263,0.00873205260536778,2.168404344971009e-19,inf,0,0,0,5,3,0,0,0.035999998450279236
5011,7,2,0,7,5a77a08ed5901bc7d6ab01efe7ad6f6d17bebdae58314b1701eab8ac0d43c816,a535ba1b8d7e99504ccb325b7821a57fea9edfbe5f0a6ebe332b4f8e534117ba,0.02039829082787037,0.024000000208616257,-0.0009838849073275924,-0.0009838849073275924,0.0,0.02039829082787037,0.024000000208616257,1,3,0.9076921939849854,0.20944694064039504,13,1.661538353333106,0.0047282776427222326,0.003977710286433638,0.0036017093807458878,-0.0009838849073275924,0.0036017093807458878,0.0009838849073275924,0.003523303894326091,0.010940877720713615,0.003523303894326091,0,0.020398291148012504,0.024000000208616257,3.2014213502407074e-10,0.014976162085076794,0,4.2628279595460783e-10,1.734723475976807e-18,10,11,10,3,1,1,1,1,0,0,0.012000000104308128,0.012000000104308128,0.012000000104308128,0,0.02544906293042004,0.017960981887881644,0.007488081042538397,0.007488081042538397,0.624006748120785,2.120755225767336,0,0,-0.0009838844810447964,1.734723475976807e-18,1.6615384505345263,0.012441734572896209,1.734723475976807e-18,inf,0,0,0,2,5,0,0,0.011999998241662979
5011,7,2,1,7,5a77a08ed5901bc7d6ab01efe7ad6f6d17bebdae58314b1701eab8ac0d43c816,a535ba1b8d7e99504ccb325b7821a57fea9edfbe5f0a6ebe332b4f8e534117ba,0.021986940875649452,0.0,-0.006102850195020437,-0.006102850195020437,0.0,0.021986940875649452,0.0,0,1,0.007692307233810425,0.20944694064039504,13,1.661538353333106,0.006068297486869589,0.004596759529354481,0.021986940875649452,-0.006102850195020437,0.021986940875649452,0.006102850195020437,0.002366577507928014,0.011375555768609047,0.002366577507928014,0,0.021986941574141383,0.0,6.984919309616089e-10,0.021986941574141383,0,9.950232165989448e-10,8.673617379884035e-19,0,0,12,1,13,13,0,1,1,1,0.0,0.0,0.0,1,0.03470420464873314,0.023710733861662447,0.010993470787070692,0.010993470787070692,inf,inf,0,0,-0.006102849199997221,8.673617379884035e-19,1.6615384505345263,0.018266074417546015,8.673617379884035e-19,inf,0,0,0,4,2,0,0,0.035999998450279236
5011,7,2,3,7,5a77a08ed5901bc7d6ab01efe7ad6f6d17bebdae58314b1701eab8ac0d43c816,a535ba1b8d7e99504ccb325b7821a57fea9edfbe5f0a6ebe332b4f8e534117ba,0.024149075150489807,0.035999998450279236,-0.007364591117948294,-0.007364591117948294,-0.016199999212101107,0.024149075150489807,0.035999998450279236,1,3,0.9076923131942749,0.2094469155167731,13,1.661538461366525,0.004798680848786335,0.0040917978043386915,0.011850923299789429,0.008835408094152813,0.011850923299789429,0.008835408094152813,0.004073509946465492,0.01089481171220541,0.004073509946465492,0,0.024149075150489807,0.035999998450279236,0.0,0.017270472832024097,0,6.715865953632605e-10,0.0,10,11,10,11,1,1,1,1,1,1,0.017999999225139618,0.017999999225139618,0.017999999225139618,0,0.023308420553803444,0.014673184137791395,0.008635236416012049,0.008635236416012049,0.4797353770966659,1.294912308732205,1,0,-0.007364590446361698,-0.016199999212101107,1.6615384522538923,0.014347777349507108,0.016199999212101107,0.8856653115630757,1,1,0,1,1,1,1,0.011999998241662979
5011,7,2,4,7,5a77a08ed5901bc7d6ab01efe7ad6f6d17bebdae58314b1701eab8ac0d43c816,a535ba1b8d7e99504ccb325b7821a57fea9edfbe5f0a6ebe332b4f8e534117ba,0.02045966312289238,0.0,0.0003506997600197792,0.0003506997600197792,0.0,0.02045966312289238,0.0,0,1,0.9076921939849854,0.20944694064039504,13,1.661538353333106,0.005818573462032516,0.0044643576380923485,0.02045966312289238,0.0003506997600197792,0.02045966312289238,0.0003506997600197792,0.00544965174049139,0.006905185524374247,0.00544965174049139,0,0.02045966254081577,0.0,5.820766091346741e-10,0.02045966254081577,0,1.2021282276911127e-09,8.673617379884035e-19,0,0,12,1,13,13,0,1,1,1,0.0,0.0,0.0,1,0.03210154548287392,0.02187171421246603,0.010229831270407885,0.010229831270407885,inf,inf,0,0,0.0003507009621480069,8.673617379884035e-19,1.6615384505345263,0.01699725799826316,8.673617379884035e-19,inf,0,0,0,5,4,0,0,0.035999998450279236
5011,7,2,5,7,5a77a08ed5901bc7d6ab01efe7ad6f6d17bebdae58314b1701eab8ac0d43c816,a535ba1b8d7e99504ccb325b7821a57fea9edfbe5f0a6ebe332b4f8e534117ba,0.021745219826698303,0.024000000208616257,-0.006914856377989054,-0.006914856377989054,4.336808689942018e-19,0.021745219826698303,0.024000000208616257,1,3,0.007692307233810425,0.20944694064039504,13,1.661538353333106,0.004783098326418203,0.003986149089488051,0.0022547803819179535,-0.006914856377989054,0.0022547803819179535,0.006914856377989054,0.0019824914634227753,0.008649962022900581,0.0019824914634227753,0,0.021745220758020878,0.024000000208616257,9.313225746154785e-10,0.015338934026658535,0,3.0370000091151095e-10,5.421010862427522e-19,10,11,10,0,1,1,1,1,0,0,0.012000000104308128,0.012000000104308128,0.012000000104308128,0,0.02260267175734043,0.014933204744011164,0.0076694670133292675,0.0076694670133292675,0.6391222455553018,1.8835559634058527,0,0,-0.006914856074289053,-1.0842021724855044e-19,1.6615384505345263,0.012743114337752772,1.0842021724855044e-19,inf,0,0,0,3,3,0,0,0.011999998241662979
5011,8,0,1,8,141f8730a53dacb7cee5e8ce5bbc3d6004fdd2ccc36d8899a1dead312a169bd7,a535ba1b8d7e99504ccb325b7821a57fea9edfbe5f0a6ebe332b4f8e534117ba,0.033587746322155,0.0,0.009334196336567402,0.009334196336567402,2.7755575615628914e-17,0.033587746322155,0.0,0,1,0.9076921939849854,0.20944694064039504,13,1.661538353333106,0.011198582958985964,0.009521392499201399,0.033587746322155,0.009334196336567374,0.033587746322155,0.009334196336567374,0.005518533289432526,0.016232388094067574,0.005518533289432526,0,0.03358774445950985,0.0,1.862645149230957e-09,0.03358774445950985,0,3.1619909433844295e-09,2.7755575615628914e-17,0,0,8,1,13,13,0,1,1,1,0.0,0.0,0.0,1,0.14727867022156715,0.13048479799181223,0.016793872229754925,0.016793872229754925,inf,inf,0,0,0.009334199498558345,0.0,1.6615384505345263,0.027903664443101807,0.0,inf,0,0,0,4,4,0,0,0.035999998450279236
5011,8,0,2,8,141f8730a53dacb7cee5e8ce5bbc3d6004fdd2ccc36d8899a1dead312a169bd7,a535ba1b8d7e99504ccb325b7821a57fea9edfbe5f0a6ebe332b4f8e534117ba,0.0399431437253952,0.030000001192092896,0.007120428141206503,0.007120428141206503,-0.002076921082459965,0.0399431437253952,0.030000001192092896,1,4,0.007692307233810425,0.20944694064039504,13,1.6615383533331063,0.01304635010888242,0.010291055947013154,0.009943142533302307,0.009197349223666468,0.009943142533302307,0.009197349223666468,0.003761015832424164,0.011942491866648197,0.003761015832424164,0,0.03994314558804035,0.030000001192092896,1.862645149230957e-09,0.04843530245125294,0,2.9915688537496266e-09,1.3877787807814457e-17,10,11,0,3,1,1,1,0,0,0,0.015000000596046448,0.012500002980232239,0.012500002980232239,0,0.16161198168992996,0.1373943304643035,0.02421765122562647,0.02421765122562647,1.937411636135188,12.92895545269121,0,0,0.007120425149637649,-0.0020769210824599788,1.661538450534526,0.04023855869301297,0.0020769210824599788,19.374139457120343,0,0,0,2,2,0,0,0.00599999725818634
5011,8,0,3,8,141f8730a53dacb7cee5e8ce5bbc3d6004fdd2ccc36d8899a1dead312a169bd7,a535ba1b8d7e99504ccb325b7821a57fea9edfbe5f0a6ebe332b4f8e534117ba,0.046604909002780914,0.035999998450279236,0.012448410503566265,0.012448410503566265,-0.016199999212101093,0.046604909002780914,0.035999998450279236,1,3,0.9076923131942749,0.2094469155167731,13,1.661538461366525,0.015022777876027798,0.012062018990693008,0.010604910552501678,0.02864840971566736,0.010604910552501678,0.02864840971566736,0.01181276049464941,0.023420797660946846,0.01181276049464941,0,0.04660490807145834,0.035999998450279236,9.313225746154785e-10,0.059731646440923214,0,2.6456025634113978e-09,6.938893903907228e-18,10,11,0,7,1,1,1,0,0,0,0.017999999225139618,0.017999999225139618,0.017999999225139618,0,0.15188641101121902,0.12202058779075742,0.029865823220461607,0.029865823220461607,1.659212472562201,8.438134308310833,0,0,0.012448413149168829,-0.016199999212101086,1.6615384522538923,0.04962321368901414,0.016199999212101086,3.063161487807145,0,0,0,1,1,1,1,0.00599999725818634
5011,8,0,4,8,141f8730a53dacb7cee5e8ce5bbc3d6004fdd2ccc36d8899a1dead312a169bd7,a535ba1b8d7e99504ccb325b7821a57fea9edfbe5f0a6ebe332b4f8e534117ba,0.0372026190161705,0.0,0.0008221122552640736,0.0008221122552640736,1.3877787807814457e-17,0.0372026190161705,0.0,0,1,0.007692307233810425,0.20944694064039504,13,1.661538353333106,0.012464232443528327,0.010644673551680776,0.0372026190161705,0.0008221122552640597,0.0372026190161705,0.0008221122552640597,0.010486552491784096,0.018545091152191162,0.010486552491784096,0,0.03720262087881565,0.0,1.862645149230957e-09,0.03720262087881565,0,3.5919320157118406e-09,1.3877787807814457e-17,0,0,0,7,13,13,0,1,1,1,0.0,0.0,0.0,1,0.16092517971992493,0.1423238692805171,0.018601310439407825,0.018601310439407825,inf,inf,0,0,0.0008221086633320579,0.0,1.6615384505345263,0.030906792525405388,0.0,inf,0,0,0,5,3,0,0,0.035999998450279236
5011,8,0,5,8,141f8730a53dacb7cee5e8ce5bbc3d6004fdd2ccc36d8899a1dead312a169bd7,a535ba1b8d7e99504ccb325b7821a57fea9edfbe5f0a6ebe332b4f8e534117ba,0.031920913606882095,0.024000003933906555,0.011630728840827942,0.011630728840827942,2.7755575615628914e-17,0.031920913606882095,0.024000003933906555,1,3,0.9076921939849854,0.20944694064039504,13,1.661538353333106,0.011804082180894073,0.009836590016734672,0.00792090967297554,0.011630728840827914,0.00792090967297554,0.011630728840827914,0.003975975327193737,0.012938462197780609,0.003975975327193737,0,0.031920913606882095,0.024000003933906555,0.0,0.040564458817243576,0,7.14430463052973e-09,2.0816681711721685e-17,10,11,0,3,1,1,1,0,0,0,0.012000001966953278,0.012000001966953278,0.012000001966953278,0,0.14678093418478966,0.12649870477616787,0.020282229408621788,0.020282229408621788,1.690185507008822,12.231742510460302,0,0,0.011630735985132572,6.938893903907228e-18,1.6615384505345263,0.033699704024987245,6.938893903907228e-18,inf,0,0,0,3,5,0,0,0.01199999451637268
5011,8,1,0,8,141f8730a53dacb7cee5e8ce5bbc3d6004fdd2ccc36d8899a1dead312a169bd7,a535ba1b8d7e99504ccb325b7821a57fea9edfbe5f0a6ebe332b4f8e534117ba,0.00712678674608469,0.0,0.00029281925526447594,0.00029281925526447594,0.0,0.00712678674608469,0.0,0,1,0.9076921939849854,0.20944694064039504,13,1.661538353333106,0.0015888694905881835,0.0011304681555825403,0.00712678674608469,0.00029281925526447594,0.00712678674608469,0.00029281925526447594,0.0022035425063222647,0.003773462027311325,0.0022035425063222647,0,0.007126786804292351,0.0,5.820766091346741e-11,0.007126786804292351,0,1.4044562691648e-10,4.336808689942018e-19,0,0,1,4,13,13,0,1,1,1,0.0,0.0,0.0,1,0.00466772192157805,-0.0011043285194318742,0.0035633934021461755,0.0035633934021461755,inf,inf,0,0,0.00029281939571010286,-4.336808689942018e-19,1.6615384505345263,0.005920715152046911,4.336808689942018e-19,inf,0,0,0,2,5,0,0,0.03599999938160181
5011,8,1,2,8,141f8730a53dacb7cee5e8ce5bbc3d6004fdd2ccc36d8899a1dead312a169bd7,a535ba1b8d7e99504ccb325b7821a57fea9edfbe5f0a6ebe332b4f8e534117ba,0.009041933342814445,0.0,0.00036782724782824516,0.00036782724782824516,0.0,0.009041933342814445,0.0,0,1,0.007692307233810425,0.20944694064039504,13,1.6615383533331063,0.0019135227893859112,0.0012294232747834396,0.009041933342814445,0.00036782724782824516,0.009041933342814445,0.00036782724782824516,0.0034370427019894123,0.004901418928056955,0.0034370427019894123,0,0.009041933655680623,0.0,3.128661774098873e-10,0.009041933655680623,0,1.0485636599451287e-10,0.0,0,0,1,4,13,13,0,1,1,1,0.0,0.0,0.0,1,0.006162532372400165,-0.0016415655445598532,0.0045209668278403115,0.0045209668278403115,inf,inf,0,0,0.00036782735268461116,0.0,1.661538450534526,0.007511760218047783,0.0,inf,0,0,0,3,4,0,0,0.03599999938160181
5011,8,1,3,8,141f8730a53dacb7cee5e8ce5bbc3d6004fdd2ccc36d8899a1dead312a169bd7,a535ba1b8d7e99504ccb325b7821a57fea9edfbe5f0a6ebe332b4f8e534117ba,0.010007336735725403,0.0,-0.000616098812315613,-0.000616098812315613,4.336808689942018e-19,0.010007336735725403,0.0,0,1,0.9076923131942749,0.2094469155167731,13,1.661538461366525,0.002154032377402472,0.00147732359924789,0.010007336735725403,-0.0006160988123156135,0.010007336735725403,0.0006160988123156135,0.002853178419172764,0.00500497268512845,0.002853178419172764,0,0.010007336270064116,0.0,4.656612873077393e-10,0.010007336270064116,0,2.1058236968421462e-10,2.168404344971009e-19,0,0,1,4,13,13,0,1,1,1,0.0,0.0,0.0,1,0.00612969440408051,0.0011260262690484524,0.005003668135032058,0.005003668135032058,inf,inf,0,0,-0.0006160990228979827,2.168404344971009e-19,1.6615384522538923,0.008313787008673286,2.168404344971009e-19,inf,0,0,0,4,2,0,0,0.03599999938160181
5011,8,1,4,8,141f8730a53dacb7cee5e8ce5bbc3d6004fdd2ccc36d8899a1dead312a169bd7,a535ba1b8d7e99504ccb325b7821a57fea9edfbe5f0a6ebe332b4f8e534117ba,0.01604067161679268,0.03599999938160181,0.00026650470681488514,0.00026650470681488514,3.223808893448865e-11,0.01604067161679268,0.03599999938160181,1,3,0.007692307233810425,0.20944694064039504,13,1.661538353333106,0.004210829413278557,0.0024431817364099174,0.01995932776480913,0.0002665046745767962,0.01995932776480913,0.0002665046745767962,0.0023210144136101007,0.0039025002624839544,0.0023210144136101007,0,0.01604067161679268,0.03599999938160181,0.0,0.01995932776480913,0,8.53825341592257e-11,8.673617379884035e-19,10,11,10,11,1,1,1,1,1,1,0.01799999945797026,0.01799999992363155,0.01799999945797026,0,0.012206729501485825,-0.0022270656190812588,0.009979663882404566,0.009979663882404566,0.5544257879399906,0.678151659392455,0,0,0.000266504621432351,3.223808806712691e-11,1.6615384505345263,0.016581595264025858,3.223808806712691e-11,514347973.41266847,1,0,0,1,1,1,1,0.03599999938160181
5011,8,1,5,8,141f8730a53dacb7cee5e8ce5bbc3d6004fdd2ccc36d8899a1dead312a169bd7,a535ba1b8d7e99504ccb325b7821a57fea9edfbe5f0a6ebe332b4f8e534117ba,0.009468283504247665,0.0,-0.00048533137305639684,-0.00048533137305639684,0.0,0.009468283504247665,0.0,0,1,0.9076921939849854,0.20944694064039504,13,1.661538353333106,0.0022204644613836124,0.0015510729773758124,0.009468283504247665,-0.00048533137305639684,0.009468283504247665,0.00048533137305639684,0.00242160027846694,0.005336142610758543,0.00242160027846694,0,0.009468283038586378,0.0,4.656612873077393e-10,0.009468283038586378,0,2.9388872758995266e-10,4.336808689942018e-19,0,0,1,4,13,13,0,1,1,1,0.0,0.0,0.0,1,0.0069855928886681795,0.0022514513693749905,0.004734141519293189,0.004734141519293189,inf,inf,0,0,-0.00048533107916766925,-4.336808689942018e-19,1.6615384505345263,0.007865958164577573,4.336808689942018e-19,inf,0,0,0,5,3,0,0,0.03599999938160181
5011,8,2,0,8,141f8730a53dacb7cee5e8ce5bbc3d6004fdd2ccc36d8899a1dead312a169bd7,a535ba1b8d7e99504ccb325b7821a57fea9edfbe5f0a6ebe332b4f8e534117ba,0.016117824241518974,0.024000002071261406,-0.0024645281955599785,-0.0024645281955599785,-1.289523557379546e-10,0.016117824241518974,0.024000002071261406,1,3,0.9076921939849854,0.20944694064039504,13,1.661538353333106,0.005300387062818431,0.004838493889605505,0.007882177829742432,-0.0024645280666076227,0.007882177829742432,0.0024645280666076227,0.004208491649478674,0.0040841298177838326,0.004208491649478674,0,0.016117824241518974,0.024000002071261406,0.0,0.016117824241518974,0,7.04067823140142e-10,3.469446951953614e-18,10,11,8,3,1,1,1,0,0,0,0.012000001966953278,0.012000000104308128,0.012000000104308128,0,0.07069279626011848,-0.062633884139359,0.008058912120759487,0.008058912120759487,0.671576004225721,5.891066303802699,0,0,-0.0024645274914921553,-1.2895235920740156e-10,1.6615384505345263,0.013390192358120633,1.2895235920740156e-10,103838289.12028208,1,0,0,2,5,0,0,0.01199999637901783
5011,8,2,1,8,141f8730a53dacb7cee5e8ce5bbc3d6004fdd2ccc36d8899a1dead312a169bd7,a535ba1b8d7e99504ccb325b7821a57fea9edfbe5f0a6ebe332b4f8e534117ba,0.018308088183403015,0.0,-0.0072809066623449326,-0.0072809066623449326,0.0,0.018308088183403015,0.0,0,1,0.9076921939849854,0.20944694064039504,13,1.661538353333106,0.005552467198487536,0.004510986469906463,0.018308088183403015,-0.0072809066623449326,0.018308088183403015,0.0072809066623449326,0.005201223772019148,0.004289035685360432,0.005201223772019148,0,0.01830808725208044,0.0,9.313225746154785e-10,0.01830808725208044,0,9.508860331075564e-10,3.469446951953614e-18,0,0,12,0,13,13,0,1,1,1,0.0,0.0,0.0,1,0.06443566270172596,-0.05528161907568574,0.00915404362604022,0.00915404362604022,inf,inf,0,0,-0.0072809057114588994,3.469446951953614e-18,1.6615384505345263,0.015209795462536325,3.469446951953614e-18,inf,0,0,0,4,3,0,0,0.035999998450279236
5011,8,2,3,8,141f8730a53dacb7cee5e8ce5bbc3d6004fdd2ccc36d8899a1dead312a169bd7,a535ba1b8d7e99504ccb325b7821a57fea9edfbe5f0a6ebe332b4f8e534117ba,0.021734122186899185,0.035999998450279236,-0.01013986300677061,-0.01013986300677061,-0.016199999212101107,0.021734122186899185,0.035999998450279236,1,3,0.9076923131942749,0.2094469155167731,13,1.661538461366525,0.005682046830942746,0.0050552340896700965,0.01426587626338005,0.006060136205330496,0.01426587626338005,0.006060136205330496,0.004755744710564613,0.006862910930067301,0.004755744710564613,0,0.02173412125557661,0.035999998450279236,9.313225746154785e-10,0.017558539286255836,0,3.217296325186414e-10,6.938893903907228e-18,10,11,10,11,1,1,1,1,1,1,0.017999999225139618,0.017999999225139618,0.017999999225139618,0,0.07641758769750595,-0.06763831805437803,0.008779269643127918,0.008779269643127918,0.4877372233920094,4.245421721506392,1,0,-0.010139862685040978,-0.016199999212101114,1.6615384522538923,0.014587094094762342,0.016199999212101114,0.9004379508775556,1,1,0,1,1,1,1,0.01199999637901783
5011,8,2,4,8,141f8730a53dacb7cee5e8ce5bbc3d6004fdd2ccc36d8899a1dead312a169bd7,a535ba1b8d7e99504ccb325b7821a57fea9edfbe5f0a6ebe332b4f8e534117ba,0.017524218186736107,0.0,-0.0013462333008646965,-0.0013462333008646965,0.0,0.017524218186736107,0.0,0,1,0.007692307233810425,0.20944694064039504,13,1.661538353333106,0.005303005674731086,0.00458477161956962,0.017524218186736107,-0.0013462333008646965,0.017524218186736107,0.0013462333008646965,0.005162426270544529,0.005955114495009184,0.005162426270544529,0,0.017524218186736107,0.0,0.0,0.017524218186736107,0,2.9856445094011974e-09,0.0,0,0,12,3,13,13,0,1,1,1,0.0,0.0,0.0,1,0.06780214235186577,-0.059040033258497715,0.008762109093368053,0.008762109093368053,inf,inf,0,0,-0.001346236286509206,0.0,1.6615384505345263,0.014558581166409238,0.0,inf,0,0,0,5,4,0,0,0.035999998450279236
5011,8,2,5,8,141f8730a53dacb7cee5e8ce5bbc3d6004fdd2ccc36d8899a1dead312a169bd7,a535ba1b8d7e99504ccb325b7821a57fea9edfbe5f0a6ebe332b4f8e534117ba,0.019666526466608047,0.024000002071261406,-0.0077318549156188965,-0.0077318549156188965,-1.289523557379546e-10,0.019666526466608047,0.024000002071261406,1,3,0.9076921939849854,0.20944694064039504,13,1.661538353333106,0.005335395874107267,0.004653686811849916,0.0043334756046533585,-0.007731854786666541,0.0043334756046533585,0.007731854786666541,0.0051980349235236645,0.006351374555379152,0.0051980349235236645,0,0.019666527397930622,0.024000002071261406,9.313225746154785e-10,0.01775312889367342,0,8.586244493180573e-10,0.0,10,11,4,11,1,1,1,0,1,0,0.012000001966953278,0.012000000104308128,0.012000000104308128,0,0.06651169806718826,-0.05763513362035155,0.00887656444683671,0.00887656444683671,0.7397136974732132,5.542641457420475,0,0,-0.007731855774243346,-1.289523557379546e-10,1.6615384505345263,0.014748753137066932,1.289523557379546e-10,114373661.90531659,1,0,0,3,2,0,0,0.01199999637901783
5011,9,0,1,9,1f9f43fc5840de174b1cf6d80b27fc4b4177d6e9602bcdbc9e7dfdfb3945bd3d,a535ba1b8d7e99504ccb325b7821a57fea9edfbe5f0a6ebe332b4f8e534117ba,0.007066044956445694,0.0,-0.0007194289937615395,-0.0007194289937615395,1.734723475976807e-18,0.007066044956445694,0.0,0,1,0.9076921939849854,0.20944694064039504,13,1.661538353333106,0.00209756242381582,0.001644325238713146,0.007066044956445694,-0.0007194289937615412,0.007066044956445694,0.0007194289937615412,0.0045275562442839146,0.004756154026836157,0.0045275562442839146,0,0.007066044956445694,0.0,0.0,0.007066044956445694,0,9.695420941785438e-10,1.734723475976807e-18,0,0,8,11,13,13,0,1,1,1,0.0,0.0,0.0,1,0.01962844841182232,0.016095425933599472,0.003533022478222847,0.003533022478222847,inf,inf,0,0,-0.0007194299633036336,0.0,1.6615384505345263,0.005870252694170041,0.0,inf,0,0,0,4,5,0,0,0.036000000312924385
5011,9,0,2,9,1f9f43fc5840de174b1cf6d80b27fc4b4177d6e9602bcdbc9e7dfdfb3945bd3d,a535ba1b8d7e99504ccb325b7821a57fea9edfbe5f0a6ebe332b4f8e534117ba,0.01156507059931755,0.030000001192092896,0.0006006201729178429,0.0006006201729178429,-0.0020769226298882407,0.01156507059931755,0.030000001192092896,1,4,0.9076921939849854,0.20944694064039504,13,1.6615383533331063,0.005983813651641659,0.004332106141649054,0.018434930592775345,0.0026775428028060835,0.018434930592775345,0.0026775428028060835,0.005151709541678429,0.010173374786973,0.005151709541678429,0,0.01156507059931755,0.030000001192092896,0.0,0.025301000103354454,0,9.5600089823622e-10,2.6020852139652106e-18,10,11,8,11,1,1,1,0,1,0,0.015000000596046448,0.01250000111758709,0.01250000111758709,0,0.02414802461862564,0.011497524566948414,0.012650500051677227,0.012650500051677227,1.0120399136507587,1.9318417967699353,0,0,0.0006006211289187411,-0.0020769226298882433,1.661538450534526,0.021019292254350723,0.0020769226298882433,10.120402152622193,0,0,0,2,2,0,0,0.0059999991208314896
5011,9,0,3,9,1f9f43fc5840de174b1cf6d80b27fc4b4177d6e9602bcdbc9e7dfdfb3945bd3d,a535ba1b8d7e99504ccb325b7821a57fea9edfbe5f0a6ebe332b4f8e534117ba,0.012102829292416573,0.036000000312924385,-0.006547612603753805,-0.006547612603753805,-0.016199999341053463,0.012102829292416573,0.036000000312924385,1,3,0.9076923131942749,0.2094469155167731,13,1.661538461366525,0.006288449521552948,0.004537211698011534,0.023897171020507812,0.009652386737299658,0.023897171020507812,0.009652386737299658,0.0037103137001395226,0.00566382659599185,0.0037103137001395226,0,0.012102829292416573,0.036000000312924385,0.0,0.02732609212398529,0,1.5481958024615716e-09,0.0,10,11,1,11,1,1,1,0,1,0,0.018000001087784767,0.017999999225139618,0.017999999225139618,0,0.015098083764314651,0.0014350377023220062,0.013663046061992645,0.013663046061992645,0.7590581472309295,0.838782467458553,0,0,-0.006547611055558003,-0.016199999341053463,1.6615384522538923,0.022701676406916897,0.016199999341053463,1.4013381068101105,1,0,0,1,1,1,1,0.0059999991208314896
5011,9,0,4,9,1f9f43fc5840de174b1cf6d80b27fc4b4177d6e9602bcdbc9e7dfdfb3945bd3d,a535ba1b8d7e99504ccb325b7821a57fea9edfbe5f0a6ebe332b4f8e534117ba,0.009717132896184921,0.0,-0.0014646411873400211,-0.0014646411873400211,1.734723475976807e-18,0.009717132896184921,0.0,0,1,0.9076921939849854,0.20944694064039504,13,1.661538353333106,0.003040810976901701,0.002566557201231725,0.009717132896184921,-0.0014646411873400229,0.009717132896184921,0.0014646411873400229,0.005545436404645443,0.007133902050554752,0.005545436404645443,0,0.009717132896184921,0.0,0.0,0.009717132896184921,0,1.2347473130752684e-09,1.734723475976807e-18,0,0,8,11,13,13,0,1,1,1,0.0,0.0,0.0,1,0.019225940108299255,0.014367373660206795,0.004858566448092461,0.004858566448092461,inf,inf,0,0,-0.001464639952592708,0.0,1.6615384505345263,0.008072694967982585,0.0,inf,0,0,0,5,4,0,0,0.036000000312924385
5011,9,0,5,9,1f9f43fc5840de174b1cf6d80b27fc4b4177d6e9602bcdbc9e7dfdfb3945bd3d,a535ba1b8d7e99504ccb325b7821a57fea9edfbe5f0a6ebe332b4f8e534117ba,0.011030614376068115,0.024000000208616257,-0.0029673688113689423,-0.0029673688113689423,0.0,0.011030614376068115,0.024000000208616257,1,3,0.9076921939849854,0.20944694064039504,13,1.661538353333106,0.004335366781674249,0.0031034020409428866,0.012969385832548141,-0.0029673688113689423,0.012969385832548141,0.0029673688113689423,0.004409376066178083,0.005880923010408878,0.004409376066178083,0,0.011030614376068115,0.024000000208616257,0.0,0.017701828852295876,0,1.1515672304618363e-09,0.0,10,11,8,11,1,1,1,0,1,0,0.012000000104308128,0.012000000104308128,0.012000000104308128,0,0.019409922882914543,0.010559008456766605,0.008850914426147938,0.008850914426147938,0.7375761957677288,1.6174935595164015,0,0,-0.002967367659801712,0.0,1.6615384505345263,0.01470613464143553,0.0,inf,0,0,0,3,3,0,0,0.012000000104308128
5011,9,1,0,9,1f9f43fc5840de174b1cf6d80b27fc4b4177d6e9602bcdbc9e7dfdfb3945bd3d,a535ba1b8d7e99504ccb325b7821a57fea9edfbe5f0a6ebe332b4f8e534117ba,0.009325285442173481,0.0,0.003855641232803464,0.003855641232803464,-4.336808689942018e-19,0.009325285442173481,0.0,0,1,0.9076921939849854,0.20944694064039504,13,1.661538353333106,0.0026284320789057877,0.002189243632195154,0.009325285442173481,0.0038556412328034644,0.009325285442173481,0.0038556412328034644,0.0036118028219789267,0.0038811960257589817,0.0036118028219789267,0,0.009325285587692633,0.0,1.4551915228366852e-10,0.009325285587692633,0,2.0553090219338488e-10,4.336808689942018e-19,0,0,5,4,13,13,0,1,1,1,0.0,0.0,0.0,1,0.005847006803378463,-0.0011843640095321462,0.004662642793846317,0.004662642793846317,inf,inf,0,0,0.0038556410272725617,0.0,1.6615384505345263,0.0077471602830833835,0.0,inf,0,0,0,2,4,0,0,0.03599999938160181
5011,9,1,2,9,1f9f43fc5840de174b1cf6d80b27fc4b4177d6e9602bcdbc9e7dfdfb3945bd3d,a535ba1b8d7e99504ccb325b7821a57fea9edfbe5f0a6ebe332b4f8e534117ba,0.012380268424749374,0.0,-0.0017827050760388374,-0.0017827050760388374,0.0,0.012380268424749374,0.0,0,1,0.9076921939849854,0.20944694064039504,13,1.6615383533331063,0.0035308010676002952,0.002923809389890992,0.012380268424749374,-0.0017827050760388374,0.012380268424749374,0.0017827050760388374,0.007103448733687401,0.005390460602939129,0.007103448733687401,0,0.012380267959088087,0.0,4.656612873077393e-10,0.012380267959088087,0,3.9765601705585296e-10,0.0,0,0,0,4,13,13,0,1,1,1,0.0,0.0,0.0,1,0.007109058788046241,0.0009189248085021973,0.0061901339795440435,0.0061901339795440435,inf,inf,0,0,-0.0017827046783828204,0.0,1.661538450534526,0.01028514562097273,0.0,inf,0,0,0,3,1,0,1,0.03599999938160181
5011,9,1,3,9,1f9f43fc5840de174b1cf6d80b27fc4b4177d6e9602bcdbc9e7dfdfb3945bd3d,a535ba1b8d7e99504ccb325b7821a57fea9edfbe5f0a6ebe332b4f8e534117ba,0.011407814919948578,0.0,0.0003336647932883352,0.0003336647932883352,4.336808689942018e-19,0.011407814919948578,0.0,0,1,0.9076923131942749,0.2094469155167731,13,1.661538461366525,0.0031930116769554938,0.0025721390746873476,0.011407814919948578,0.00033366479328833477,0.011407814919948578,0.00033366479328833477,0.003042686264961958,0.004444040358066559,0.003042686264961958,0,0.011407814919948578,0.0,0.0,0.011407814919948578,0,4.88433300424064e-11,2.168404344971009e-19,0,0,0,4,13,13,0,1,1,1,0.0,0.0,0.0,1,0.008379007456824183,0.0026750999968498945,0.005703907459974289,0.005703907459974289,inf,inf,0,0,0.00033366484213166525,2.168404344971009e-19,1.6615384522538923,0.00947726157284511,2.168404344971009e-19,inf,0,0,0,4,2,0,0,0.03599999938160181
5011,9,1,4,9,1f9f43fc5840de174b1cf6d80b27fc4b4177d6e9602bcdbc9e7dfdfb3945bd3d,a535ba1b8d7e99504ccb325b7821a57fea9edfbe5f0a6ebe332b4f8e534117ba,0.010715008713304996,0.03599999938160181,0.0007060022908262908,0.0007060022908262908,3.223808893448865e-11,0.010715008713304996,0.03599999938160181,1,3,0.9076921939849854,0.20944694064039504,13,1.661538353333106,0.005262053148242163,0.003273512679789376,0.025284990668296814,0.0007060022585882019,0.025284990668296814,0.0007060022585882019,0.0032432840671390295,0.0025819812435656786,0.0032432840671390295,0,0.010715008480474353,0.03599999938160181,2.3283064365386963e-10,0.025284990901127458,0,1.5898193829119722e-10,8.673617379884035e-19,10,11,10,11,1,1,1,1,1,1,0.01799999945797026,0.01799999992363155,0.01799999945797026,0,0.01274062879383564,9.813334327191114e-05,0.012642495450563729,0.012642495450563729,0.7023608795146785,0.7078127320828439,0,0,0.0007060021318443526,3.223808806712691e-11,1.6615384505345263,0.021005992301819456,3.223808806712691e-11,651589270.9915141,1,0,0,1,3,1,0,0.03599999938160181
5011,9,1,5,9,1f9f43fc5840de174b1cf6d80b27fc4b4177d6e9602bcdbc9e7dfdfb3945bd3d,a535ba1b8d7e99504ccb325b7821a57fea9edfbe5f0a6ebe332b4f8e534117ba,0.009305765852332115,0.0,0.004013974219560623,0.004013974219560623,0.0,0.009305765852332115,0.0,0,1,0.9076921939849854,0.20944694064039504,13,1.661538353333106,0.003084409167225959,0.002774371261317173,0.009305765852332115,0.004013974219560623,0.009305765852332115,0.004013974219560623,0.001651969738304615,0.0032677287235856056,0.001651969738304615,0,0.009305765852332115,0.0,0.0,0.009305765852332115,0,8.210465727437333e-11,4.336808689942018e-19,0,0,5,12,13,13,0,1,1,1,0.0,0.0,0.0,1,0.007611594861373305,0.0029587119352072477,0.004652882926166058,0.004652882926166058,inf,inf,0,0,0.004013974137455966,-4.336808689942018e-19,1.6615384505345263,0.007730943887660504,4.336808689942018e-19,inf,0,0,0,5,5,0,0,0.03599999938160181
5011,9,2,0,9,1f9f43fc5840de174b1cf6d80b27fc4b4177d6e9602bcdbc9e7dfdfb3945bd3d,a535ba1b8d7e99504ccb325b7821a57fea9edfbe5f0a6ebe332b4f8e534117ba,0.039630256593227386,0.024000000208616257,0.020102327689528465,0.020102327689528465,0.0,0.039630256593227386,0.024000000208616257,1,3,0.9076921939849854,0.20944694064039504,13,1.661538353333106,0.010976959265084038,0.009031885805038305,0.01563025638461113,0.020102327689528465,0.01563025638461113,0.020102327689528465,0.01055997610092163,0.01687692664563656,0.01055997610092163,0,0.039630256593227386,0.024000000208616257,0.0,0.039630256593227386,0,3.964686835777886e-09,2.6020852139652106e-18,10,11,5,8,1,1,1,0,0,0,0.012000000104308128,0.012000000104308128,0.012000000104308128,0,0.12408085912466049,0.1042657308280468,0.019815128296613693,0.019815128296613693,1.6512606770311486,10.34007150384225,0,0,0.0201023316542153,2.6020852139652106e-18,1.6615384505345263,0.03292359756709836,2.6020852139652106e-18,inf,0,0,0,2,3,0,0,0.011999998241662979
5011,9,2,1,9,1f9f43fc5840de174b1cf6d80b27fc4b4177d6e9602bcdbc9e7dfdfb3945bd3d,a535ba1b8d7e99504ccb325b7821a57fea9edfbe5f0a6ebe332b4f8e534117ba,0.025101996958255768,0.0,0.002893025754019618,0.002893025754019618,3.469446951953614e-18,0.025101996958255768,0.0,0,1,0.9076921939849854,0.20944694064039504,13,1.661538353333106,0.008480828075904742,0.007841264266939558,0.025101996958255768,0.0028930257540196146,0.025101996958255768,0.0028930257540196146,0.0078123873099684715,0.014888117089867592,0.0078123873099684715,0,0.025101996958255768,0.0,0.0,0.025101996958255768,0,3.322855463006036e-09,0.0,0,0,5,8,13,13,0,1,1,1,0.0,0.0,0.0,1,0.11690907925367355,0.10435808077454567,0.012550998479127884,0.012550998479127884,inf,inf,0,0,0.002893029076875081,3.469446951953614e-18,1.6615384505345263,0.02085396656567134,3.469446951953614e-18,inf,0,0,0,4,5,0,0,0.035999998450279236
5011,9,2,3,9,1f9f43fc5840de174b1cf6d80b27fc4b4177d6e9602bcdbc9e7dfdfb3945bd3d,a535ba1b8d7e99504ccb325b7821a57fea9edfbe5f0a6ebe332b4f8e534117ba,0.049540258944034576,0.035999998450279236,0.005968507379293442,0.005968507379293442,-0.016199999212101107,0.049540258944034576,0.035999998450279236,1,3,0.9076923131942749,0.2094469155167731,13,1.661538461366525,0.014345865692998127,0.012171716203350993,0.01354026049375534,0.02216850659139455,0.01354026049375534,0.02216850659139455,0.008307365700602531,0.01538430992513895,0.008307365700602531,0,0.049540258944034576,0.035999998450279236,0.0,0.05196111649274826,0,2.8895684039964564e-09,0.0,10,11,5,8,1,1,1,0,0,0,0.017999999225139618,0.017999999225139618,0.017999999225139618,0,0.13247814774513245,0.10649758949875832,0.02598055824637413,0.02598055824637413,1.443364409154446,7.359897413779187,0,0,0.005968510268861846,-0.016199999212101107,1.6615384522538923,0.04316769653737257,0.016199999212101107,2.6646727553620546,0,0,0,1,1,1,1,0.011999998241662979
5011,9,2,4,9,1f9f43fc5840de174b1cf6d80b27fc4b4177d6e9602bcdbc9e7dfdfb3945bd3d,a535ba1b8d7e99504ccb325b7821a57fea9edfbe5f0a6ebe332b4f8e534117ba,0.026772432029247284,0.0,0.009198908694088459,0.009198908694088459,3.469446951953614e-18,0.026772432029247284,0.0,0,1,0.9076921939849854,0.20944694064039504,13,1.661538353333106,0.008681819847308963,0.0077434242124388205,0.026772432029247284,0.009198908694088456,0.026772432029247284,0.009198908694088456,0.010960021987557411,0.007540527265518904,0.010960021987557411,0,0.026772432029247284,0.0,0.0,0.026772432029247284,0,1.178836669946115e-08,3.469446951953614e-18,0,0,5,8,13,13,0,1,1,1,0.0,0.0,0.0,1,0.11638634651899338,0.10300013050436974,0.013386216014623642,0.013386216014623642,inf,inf,0,0,0.009198920482455158,0.0,1.6615384505345263,0.02224171261545823,0.0,inf,0,0,0,5,4,0,0,0.035999998450279236
5011,9,2,5,9,1f9f43fc5840de174b1cf6d80b27fc4b4177d6e9602bcdbc9e7dfdfb3945bd3d,a535ba1b8d7e99504ccb325b7821a57fea9edfbe5f0a6ebe332b4f8e534117ba,0.044381722807884216,0.024000000208616257,0.003882579505443573,0.003882579505443573,0.0,0.044381722807884216,0.024000000208616257,1,3,0.9076921939849854,0.20944694064039504,13,1.661538353333106,0.012173891959500686,0.010001351560890322,0.02038172259926796,0.003882579505443573,0.02038172259926796,0.003882579505443573,0.007411309517920017,0.01682981662452221,0.007411309517920017,0,0.044381722807884216,0.024000000208616257,0.0,0.044381722807884216,0,4.61068595108971e-09,1.734723475976807e-18,10,11,5,8,1,1,1,0,0,0,0.012000000104308128,0.012000000104308128,0.012000000104308128,0,0.13543735444545746,0.11324649304151535,0.022190861403942108,0.022190861403942108,1.8492384342542922,11.28644610568245,0,0,0.003882574894757622,1.734723475976807e-18,1.6615384505345263,0.03687096947313239,1.734723475976807e-18,inf,0,0,0,3,2,0,0,0.011999998241662979
5011,10,0,1,10,3a2ed38d2f0a9f7658b7b412cc2f48667f78b9e69276ef4906e0cd51039c8f44,a535ba1b8d7e99504ccb325b7821a57fea9edfbe5f0a6ebe332b4f8e534117ba,0.03191568702459335,0.0,0.002861489774659276,0.002861489774659276,0.0,0.03191568702459335,0.0,0,1,0.9076921939849854,0.20944694064039504,13,1.661538353333106,0.008932895510632862,0.006617025959239335,0.03191568702459335,0.002861489774659276,0.03191568702459335,0.002861489774659276,0.010438419878482819,0.013214193284511566,0.010438419878482819,0,0.0319156888872385,0.0,1.862645149230957e-09,0.0319156888872385,0,1.4969777266740647e-09,6.938893903907228e-18,0,0,8,3,13,13,0,1,1,1,0.0,0.0,0.0,1,0.08267362602055073,0.06671578157693148,0.01595784444361925,0.01595784444361925,inf,inf,0,0,0.0028614882776815493,-6.938893903907228e-18,1.6615384505345263,0.02651457213072213,6.938893903907228e-18,inf,0,0,0,4,4,0,0,0.035999998450279236
5011,10,0,2,10,3a2ed38d2f0a9f7658b7b412cc2f48667f78b9e69276ef4906e0cd51039c8f44,a535ba1b8d7e99504ccb325b7821a57fea9edfbe5f0a6ebe332b4f8e534117ba,0.03417573869228363,0.030000001192092896,0.0021537693683058023,0.0021537693683058023,0.0020769210824599788,0.03417573869228363,0.030000001192092896,1,4,0.9076921939849854,0.20944694064039504,13,1.6615383533331063,0.010597455975581739,0.00825768663167689,0.004175737500190735,7.68482858458236e-05,0.004175737500190735,7.68482858458236e-05,0.006454117130488157,0.013162970542907715,0.006454117130488157,0,0.034175737760961056,0.030000001192092896,9.313225746154785e-10,0.04215348372235894,0,1.2813998469078658e-09,0.0,10,11,10,3,1,1,1,1,0,0,0.012500002980232239,0.015000000596046448,0.012500002980232239,0,0.1018732008524239,0.08079645899124444,0.02107674186117947,0.02107674186117947,1.6861389468875059,8.149854125117272,0,0,0.0021537680869059554,0.0020769210824599788,1.661538450534526,0.03501981701434032,0.0020769210824599788,16.86140956923679,1,0,0,2,1,0,1,0.00599999725818634
5011,10,0,3,10,3a2ed38d2f0a9f7658b7b412cc2f48667f78b9e69276ef4906e0cd51039c8f44,a535ba1b8d7e99504ccb325b7821a57fea9edfbe5f0a6ebe332b4f8e534117ba,0.03294124826788902,0.035999998450279236,0.005604408215731382,0.005604408215731382,-0.016199999212101093,0.03294124826788902,0.035999998450279236,1,3,0.007692308165132999,0.2094469155167731,13,1.661538461366525,0.011827009461767237,0.010042788671638221,0.003058750182390213,0.021804407427832476,0.003058750182390213,0.021804407427832476,0.013908982276916504,0.01700136624276638,0.013908982276916504,0,0.03294124826788902,0.035999998450279236,0.0,0.04122979519888759,0,1.0889054883472804e-09,6.938893903907228e-18,10,11,0,7,1,1,1,0,0,0,0.017999999225139618,0.017999999225139618,0.017999999225139618,0,0.10241281380876899,0.0817979162093252,0.020614897599443793,0.020614897599443793,1.1452721381594333,5.689601012078634,0,0,0.005604407126825894,-0.016199999212101086,1.6615384522538923,0.03425244505075232,0.016199999212101086,2.11434856275588,0,0,0,1,3,1,0,0.00599999725818634
5011,10,0,4,10,3a2ed38d2f0a9f7658b7b412cc2f48667f78b9e69276ef4906e0cd51039c8f44,a535ba1b8d7e99504ccb325b7821a57fea9edfbe5f0a6ebe332b4f8e534117ba,0.03321758657693863,0.0,-0.0027915500104427338,-0.0027915500104427338,0.0,0.03321758657693863,0.0,0,1,0.9076921939849854,0.20944694064039504,13,1.661538353333106,0.010369833376370935,0.008954154630604933,0.03321758657693863,-0.0027915500104427338,0.03321758657693863,0.0027915500104427338,0.006570382043719292,0.009581407532095909,0.006570382043719292,0,0.03321758797392249,0.0,1.3969838619232178e-09,0.03321758797392249,0,1.1385014840603613e-09,6.938893903907228e-18,0,0,8,3,13,13,0,1,1,1,0.0,0.0,0.0,1,0.1060995701700449,0.08949077618308365,0.016608793986961246,0.016608793986961246,inf,inf,0,0,-0.002791551148944218,-6.938893903907228e-18,1.6615384505345263,0.027596149826342745,6.938893903907228e-18,inf,0,0,0,5,2,0,0,0.035999998450279236
5011,10,0,5,10,3a2ed38d2f0a9f7658b7b412cc2f48667f78b9e69276ef4906e0cd51039c8f44,a535ba1b8d7e99504ccb325b7821a57fea9edfbe5f0a6ebe332b4f8e534117ba,0.029017087072134018,0.024000003933906555,0.007314864546060562,0.007314864546060562,0.0,0.029017087072134018,0.024000003933906555,1,3,0.9076921939849854,0.20944694064039504,13,1.661538353333106,0.008802776544870482,0.006780132166380007,0.005017083138227463,0.007314864546060562,0.005017083138227463,0.007314864546060562,0.00878597330302,0.013001649640500546,0.00878597330302,0,0.029017088003456593,0.024000003933906555,9.313225746154785e-10,0.029017088003456593,0,3.2183485694156633e-09,6.938893903907228e-18,10,11,4,3,1,1,1,0,0,0,0.012000001966953278,0.012000001966953278,0.012000001966953278,0,0.06922462675720453,0.054716082755476236,0.014508544001728296,0.014508544001728296,1.2090451352994172,5.768717950867154,0,0,0.0073148677644091315,-6.938893903907228e-18,1.6615384505345263,0.02410650372014363,6.938893903907228e-18,inf,0,0,0,3,5,0,0,0.01199999451637268
5011,10,1,0,10,3a2ed38d2f0a9f7658b7b412cc2f48667f78b9e69276ef4906e0cd51039c8f44,a535ba1b8d7e99504ccb325b7821a57fea9edfbe5f0a6ebe332b4f8e534117ba,0.008089561015367508,0.0,0.0005621244199573994,0.0005621244199573994,0.0,0.008089561015367508,0.0,0,1,0.9076921939849854,0.20944694064039504,13,1.661538353333106,0.001990888452500279,0.0015836695688583797,0.008089561015367508,0.0005621244199573994,0.008089561015367508,0.0005621244199573994,0.0027059614658355713,0.0041138422675430775,0.0027059614658355713,0,0.008089561481028795,0.0,4.656612873077393e-10,0.008089561481028795,0,1.7537769066849895e-10,4.336808689942018e-19,0,0,1,4,13,13,0,1,1,1,0.0,0.0,0.0,1,0.004733182257041335,0.0006884015165269375,0.004044780740514398,0.004044780740514398,inf,inf,0,0,0.00056212459533509,-4.336808689942018e-19,1.6615384505345263,0.006720558724346186,4.336808689942018e-19,inf,0,0,0,2,5,0,0,0.03599999938160181
5011,10,1,2,10,3a2ed38d2f0a9f7658b7b412cc2f48667f78b9e69276ef4906e0cd51039c8f44,a535ba1b8d7e99504ccb325b7821a57fea9edfbe5f0a6ebe332b4f8e534117ba,0.009383456781506538,0.0,0.0004965403932146728,0.0004965403932146728,0.0,0.009383456781506538,0.0,0,1,0.9076921939849854,0.20944694064039504,13,1.6615383533331063,0.0020986130779215937,0.0013792479697328347,0.009383456781506538,0.0004965403932146728,0.009383456781506538,0.0004965403932146728,0.002797110937535763,0.00463575916364789,0.002797110937535763,0,0.009383456315845251,0.0,4.656612873077393e-10,0.009383456315845251,0,1.4929989536338617e-11,0.0,0,0,1,4,13,13,0,1,1,1,0.0,0.0,0.0,1,0.005493023665621877,0.0008012955076992512,0.0046917281579226255,0.0046917281579226255,inf,inf,0,0,0.0004965403782846833,0.0,1.661538450534526,0.0077954867338439655,0.0,inf,0,0,0,3,3,0,0,0.03599999938160181
5011,10,1,3,10,3a2ed38d2f0a9f7658b7b412cc2f48667f78b9e69276ef4906e0cd51039c8f44,a535ba1b8d7e99504ccb325b7821a57fea9edfbe5f0a6ebe332b4f8e534117ba,0.008903129026293755,0.0,-0.001538185402750969,-0.001538185402750969,4.336808689942018e-19,0.008903129026293755,0.0,0,1,0.007692308165132999,0.2094469155167731,13,1.661538461366525,0.002129932281427101,0.00164367417672638,0.008903129026293755,-0.0015381854027509694,0.008903129026293755,0.0015381854027509694,0.003469697665423155,0.0062468647956848145,0.003469697665423155,0,0.008903129491955042,0.0,4.656612873077393e-10,0.008903129491955042,0,4.110510629790065e-11,2.168404344971009e-19,0,0,1,4,13,13,0,1,1,1,0.0,0.0,0.0,1,0.005628988379612565,0.001177423633635044,0.004451564745977521,0.004451564745977521,inf,inf,0,0,-0.0015381854438560752,2.168404344971009e-19,1.6615384522538923,0.007396445998139481,2.168404344971009e-19,inf,0,0,0,4,4,0,0,0.03599999938160181
5011,10,1,4,10,3a2ed38d2f0a9f7658b7b412cc2f48667f78b9e69276ef4906e0cd51039c8f44,a535ba1b8d7e99504ccb325b7821a57fea9edfbe5f0a6ebe332b4f8e534117ba,0.014058532193303108,0.03599999938160181,0.0012841465650126338,0.0012841465650126338,3.223808850080778e-11,0.014058532193303108,0.03599999938160181,1,3,0.9076921939849854,0.20944694064039504,13,1.661538353333106,0.004726841280737376,0.0029715779523321116,0.021941467188298702,0.0012841465327745453,0.021941467188298702,0.0012841465327745453,0.0038916838821023703,0.003202321706339717,0.0038916838821023703,0,0.014058531960472465,0.03599999938160181,2.3283064365386963e-10,0.021941467421129346,0,4.649869515035293e-10,5.421010862427522e-20,10,11,10,11,1,1,1,1,1,1,0.01799999945797026,0.01799999992363155,0.01799999945797026,0,0.012502402300015092,-0.001531668589450419,0.010970733710564673,0.010970733710564673,0.6094852244957661,0.6945779264720546,0,0,0.0012841461000256823,3.223808855501789e-11,1.6615384505345263,0.018228295890678523,3.223808855501789e-11,565427316.1874937,1,0,0,1,1,1,1,0.03599999938160181
5011,10,1,5,10,3a2ed38d2f0a9f7658b7b412cc2f48667f78b9e69276ef4906e0cd51039c8f44,a535ba1b8d7e99504ccb325b7821a57fea9edfbe5f0a6ebe332b4f8e534117ba,0.009919817559421062,0.0,0.0006981087499298155,0.0006981087499298155,0.0,0.009919817559421062,0.0,0,1,0.9076921939849854,0.20944694064039504,13,1.661538353333106,0.0024253946433651892,0.0019167341808884917,0.009919817559421062,0.0006981087499298155,0.009919817559421062,0.0006981087499298155,0.0026597946416586637,0.00260503520257771,0.0026597946416586637,0,0.009919817559421062,0.0,0.0,0.009919817559421062,0,5.015153249285365e-10,4.336808689942018e-19,0,0,1,4,13,13,0,1,1,1,0.0,0.0,0.0,1,0.00800593919120729,0.0030460304114967585,0.004959908779710531,0.004959908779710531,inf,inf,0,0,0.0006981082484144906,-4.336808689942018e-19,1.6615384505345263,0.00824107914863283,4.336808689942018e-19,inf,0,0,0,5,2,0,0,0.03599999938160181
5011,10,2,0,10,3a2ed38d2f0a9f7658b7b412cc2f48667f78b9e69276ef4906e0cd51039c8f44,a535ba1b8d7e99504ccb325b7821a57fea9edfbe5f0a6ebe332b4f8e534117ba,0.017560893669724464,0.024000000208616257,-0.00040195416659116745,-0.00040195416659116745,0.0,0.017560893669724464,0.024000000208616257,1,3,0.9076921939849854,0.20944694064039504,13,1.661538353333106,0.0047423268259694255,0.004062688209601408,0.006439106538891792,-0.00040195416659116745,0.006439106538891792,0.00040195416659116745,0.005612886976450682,0.00962126161903143,0.005612886976450682,0,0.017560893669724464,0.024000000208616257,0.0,0.01580539532005787,0,6.420997414324781e-10,0.0,10,11,10,3,1,1,1,1,0,0,0.012000000104308128,0.012000000104308128,0.012000000104308128,0,0.012586517259478569,0.0046838195994496346,0.007902697660028934,0.007902697660028934,0.6585581326113307,1.048876429172686,0,0,-0.0004019548086909089,0.0,1.6615384505345263,0.013130636025087303,0.0,inf,0,0,0,2,4,0,0,0.012000000104308128
5011,10,2,1,10,3a2ed38d2f0a9f7658b7b412cc2f48667f78b9e69276ef4906e0cd51039c8f44,a535ba1b8d7e99504ccb325b7821a57fea9edfbe5f0a6ebe332b4f8e534117ba,0.018782977014780045,0.0,-0.0034115298185497522,-0.0034115298185497522,0.0,0.018782977014780045,0.0,0,1,0.9076921939849854,0.20944694064039504,13,1.661538353333106,0.005969279060048737,0.004947153443591834,0.018782977014780045,-0.0034115298185497522,0.018782977014780045,0.0034115298185497522,0.0036104689352214336,0.00978156365454197,0.0036104689352214336,0,0.018782977014780045,0.0,0.0,0.018782977014780045,0,1.6309161052913135e-09,1.734723475976807e-18,0,0,12,3,13,13,0,1,1,1,0.0,0.0,0.0,1,0.015850795432925224,0.006459306925535202,0.009391488507390022,0.009391488507390022,inf,inf,0,0,-0.003411528187633647,-1.734723475976807e-18,1.6615384505345263,0.015604319262781628,1.734723475976807e-18,inf,0,0,0,4,2,0,0,0.036000000312924385
5011,10,2,3,10,3a2ed38d2f0a9f7658b7b412cc2f48667f78b9e69276ef4906e0cd51039c8f44,a535ba1b8d7e99504ccb325b7821a57fea9edfbe5f0a6ebe332b4f8e534117ba,0.021196074783802032,0.036000000312924385,-0.006202118471264839,-0.006202118471264839,-0.01619999934105346,0.021196074783802032,0.036000000312924385,1,3,0.007692308165132999,0.2094469155167731,13,1.661538461366525,0.00526694431418737,0.004164072205505428,0.014803925529122353,0.00999788086978862,0.014803925529122353,0.00999788086978862,0.003908578306436539,0.01017118338495493,0.003908578306436539,0,0.021196074783802032,0.036000000312924385,0.0,0.019751114770770073,0,2.628032186834106e-09,6.938893903907228e-18,10,11,10,7,1,1,1,1,0,0,0.018000001087784767,0.017999999225139618,0.017999999225139618,0,0.019281581044197083,0.009406023658812046,0.009875557385385036,0.009875557385385036,0.5486421005836702,1.071198993012597,0,0,-0.006202115843232652,-0.016199999341053466,1.6615384522538923,0.016408618333257147,0.016199999341053466,1.0128777160919387,1,0,0,1,1,1,1,0.012000000104308128
5011,10,2,4,10,3a2ed38d2f0a9f7658b7b412cc2f48667f78b9e69276ef4906e0cd51039c8f44,a535ba1b8d7e99504ccb325b7821a57fea9edfbe5f0a6ebe332b4f8e534117ba,0.017141448333859444,0.0,0.0009875340620055795,0.0009875340620055795,0.0,0.017141448333859444,0.0,0,1,0.9076921939849854,0.20944694064039504,13,1.661538353333106,0.005603605858923025,0.004875389715799918,0.017141448333859444,0.0009875340620055795,0.017141448333859444,0.0009875340620055795,0.00357332662679255,0.008941655978560448,0.00357332662679255,0,0.017141448333859444,0.0,0.0,0.017141448333859444,0,2.9823241098903e-11,0.0,0,0,9,3,13,13,0,1,1,1,0.0,0.0,0.0,1,0.013976896181702614,0.005406172014772892,0.008570724166929722,0.008570724166929722,inf,inf,0,0,0.0009875340321823384,0.0,1.6615384505345263,0.01424058775227923,0.0,inf,0,0,0,5,5,0,0,0.036000000312924385
5011,10,2,5,10,3a2ed38d2f0a9f7658b7b412cc2f48667f78b9e69276ef4906e0cd51039c8f44,a535ba1b8d7e99504ccb325b7821a57fea9edfbe5f0a6ebe332b4f8e534117ba,0.01865970529615879,0.024000000208616257,-0.003807349829003215,-0.003807349829003215,0.0,0.01865970529615879,0.024000000208616257,1,3,0.9076921939849854,0.20944694064039504,13,1.661538353333106,0.0049449148816374505,0.004314113716931032,0.005340294912457466,-0.003807349829003215,0.005340294912457466,0.003807349829003215,0.004344165790826082,0.006821326911449432,0.004344165790826082,0,0.01865970529615879,0.024000000208616257,0.0,0.016413899138569832,0,3.2223987367352436e-10,0.0,10,11,10,7,1,1,1,1,0,0,0.012000000104308128,0.012000000104308128,0.012000000104308128,0,0.016005801036953926,0.00779885146766901,0.008206949569284916,0.008206949569284916,0.683912458162274,1.3338167414854998,0,0,-0.0038073501512430885,0.0,1.6615384505345263,0.013636162270964657,0.0,inf,0,0,0,3,3,0,0,0.012000000104308128
5011,11,0,1,11,1d679ee72125d5de3b1346ed4d74ce3766258e600ecfc1935eccf682c3fa1759,a535ba1b8d7e99504ccb325b7821a57fea9edfbe5f0a6ebe332b4f8e534117ba,0.012419117614626884,0.0,0.0007376142893917859,0.0007376142893917859,1.734723475976807e-18,0.012419117614626884,0.0,0,1,0.007692307233810425,0.20944694064039504,13,1.661538353333106,0.0035089541406039897,0.002835265531606928,0.012419117614626884,0.0007376142893917841,0.012419117614626884,0.0007376142893917841,0.0031136376783251762,0.007530756760388613,0.0031136376783251762,0,0.012419117148965597,0.0,4.656612873077393e-10,0.012419117148965597,0,8.252457623508791e-10,1.734723475976807e-18,0,0,8,7,13,13,0,1,1,1,0.0,0.0,0.0,1,0.007590526714920998,0.001380968140438199,0.006209558574482799,0.006209558574482799,inf,inf,0,0,0.0007376151146375482,0.0,1.6615384505345263,0.01031742033234953,0.0,inf,0,0,0,4,5,0,0,0.04800000041723251
5011,11,0,2,11,1d679ee72125d5de3b1346ed4d74ce3766258e600ecfc1935eccf682c3fa1759,a535ba1b8d7e99504ccb325b7821a57fea9edfbe5f0a6ebe332b4f8e534117ba,0.020342031493782997,0.030000001192092896,0.0027640091720968485,0.0027640091720968485,-0.0020769226298882407,0.020342031493782997,0.030000001192092896,1,4,0.9076921939849854,0.20944694064039504,13,1.6615383533331063,0.004167438225972244,0.003650290111752128,0.009657969698309898,0.004840931801985089,0.009657969698309898,0.004840931801985089,0.0038439007475972176,0.009015914984047413,0.0038439007475972176,0,0.020342030795291066,0.030000001192092896,6.984919309616089e-10,0.013258563820272684,0,2.0897075007908494e-09,2.6020852139652106e-18,10,11,10,11,1,1,1,1,1,1,0.015000000596046448,0.01250000111758709,0.01250000111758709,0,0.008669225964695215,-0.002039944054558873,0.006629281910136342,0.006629281910136342,0.5303425053945924,0.6935380151684867,0,0,0.0027640112618043493,-0.0020769226298882433,1.661538450534526,0.0110148067931245,0.0020769226298882433,5.303426634490084,0,0,0,2,2,0,0,0.017999999225139618
5011,11,0,3,11,1d679ee72125d5de3b1346ed4d74ce3766258e600ecfc1935eccf682c3fa1759,a535ba1b8d7e99504ccb325b7821a57fea9edfbe5f0a6ebe332b4f8e534117ba,0.02132963389158249,0.04800000041723251,-0.009187408722937107,-0.009187408722937107,-0.014330768662734103,0.02132963389158249,0.04800000041723251,1,5,0.9076923131942749,0.2094469155167731,13,1.661538461366525,0.009709113167373535,0.005999822588361932,0.026670366525650024,0.0051433599397969956,0.026670366525650024,0.0051433599397969956,0.003760470077395439,0.01000246498733759,0.003760470077395439,0,0.02132963389158249,0.04800000041723251,0.0,0.04203617945313454,0,1.613094952751526e-09,3.469446951953614e-18,10,1,10,7,1,1,1,1,0,0,0.015000000596046448,0.012000000104308128,0.012000000104308128,0,0.023538144305348396,0.002520054578781128,0.02101808972656727,0.02101808972656727,1.7515074619892337,1.9615120083955624,0,0,-0.009187407109842154,-0.014330768662734106,1.6615384522538923,0.03492236427361401,0.014330768662734106,2.436880051272234,1,0,0,1,1,1,1,0.017999999225139618
5011,11,0,4,11,1d679ee72125d5de3b1346ed4d74ce3766258e600ecfc1935eccf682c3fa1759,a535ba1b8d7e99504ccb325b7821a57fea9edfbe5f0a6ebe332b4f8e534117ba,0.013228582218289375,0.0,-0.004121206700801849,-0.004121206700801849,1.734723475976807e-18,0.013228582218289375,0.0,0,1,0.9076921939849854,0.20944694064039504,13,1.661538353333106,0.004266958891293355,0.0036038790316976744,0.013228582218289375,-0.004121206700801851,0.013228582218289375,0.004121206700801851,0.0037562537472695112,0.008621707558631897,0.0037562537472695112,0,0.013228581752628088,0.0,4.656612873077393e-10,0.013228581752628088,0,1.5881927778113591e-09,1.734723475976807e-18,0,0,8,7,13,13,0,1,1,1,0.0,0.0,0.0,1,0.007389450445771217,0.0007751595694571733,0.006614290876314044,0.006614290876314044,inf,inf,0,0,-0.004121208288994627,0.0,1.6615384505345263,0.010989898614015491,0.0,inf,0,0,0,5,4,0,0,0.04800000041723251
5011,11,0,5,11,1d679ee72125d5de3b1346ed4d74ce3766258e600ecfc1935eccf682c3fa1759,a535ba1b8d7e99504ccb325b7821a57fea9edfbe5f0a6ebe332b4f8e534117ba,0.020180856809020042,0.024000000208616257,0.0009743968839757144,0.0009743968839757144,0.0,0.020180856809020042,0.024000000208616257,1,3,0.9076921939849854,0.20944694064039504,13,1.661538353333106,0.0032530056602670726,0.0024826906390003197,0.0038191433995962143,0.0009743968839757144,0.0038191433995962143,0.0009743968839757144,0.0033167661167681217,0.011408155784010887,0.0033167661167681217,0,0.02018085727468133,0.024000000208616257,4.656612873077393e-10,0.012895079795271158,0,6.645184055797948e-11,0.0,10,11,10,11,1,1,1,1,1,1,0.012000000104308128,0.012000000104308128,0.012000000104308128,0,0.006517148111015558,-6.960821337997913e-05,0.006447539897635579,0.006447539897635579,0.5372949867992787,0.5430956711971888,0,0,0.0009743968175238739,0.0,1.6615384505345263,0.010712835451276959,0.0,inf,0,0,0,3,3,0,0,0.024000000208616257
5011,11,1,0,11,1d679ee72125d5de3b1346ed4d74ce3766258e600ecfc1935eccf682c3fa1759,a535ba1b8d7e99504ccb325b7821a57fea9edfbe5f0a6ebe332b4f8e534117ba,0.007176758721470833,0.0,0.0007986425771377981,0.0007986425771377981,0.0,0.007176758721470833,0.0,0,1,0.9076921939849854,0.20944694064039504,13,1.661538353333106,0.0020630698625794066,0.0017614393348987464,0.007176758721470833,0.0007986425771377981,0.007176758721470833,0.0007986425771377981,0.003915038425475359,0.004763405304402113,0.003915038425475359,0,0.007176758605055511,0.0,1.1641532182693481e-10,0.007176758605055511,0,6.070668611898866e-10,0.0,0,0,1,4,13,13,0,1,1,1,0.0,0.0,0.0,1,0.008706619031727314,-0.0051182397291995585,0.0035883793025277555,0.0035883793025277555,inf,inf,0,0,0.0007986419700709369,0.0,1.6615384505345263,0.005962230186252131,0.0,inf,0,0,0,2,5,0,0,0.035999998450279236
5011,11,1,2,11,1d679ee72125d5de3b1346ed4d74ce3766258e600ecfc1935eccf682c3fa1759,a535ba1b8d7e99504ccb325b7821a57fea9edfbe5f0a6ebe332b4f8e534117ba,0.008066490292549133,0.0,0.0004053142911288887,0.0004053142911288887,0.0,0.008066490292549133,0.0,0,1,0.9076921939849854,0.20944694064039504,13,1.6615383533331063,0.002570010767717948,0.002172561905886867,0.008066490292549133,0.0004053142911288887,0.008066490292549133,0.0004053142911288887,0.0037785738240927458,0.005736020393669605,0.0037785738240927458,0,0.008066490001510829,0.0,2.9103830456733704e-10,0.008066490001510829,0,3.7431781589256086e-10,0.0,0,0,7,4,13,13,0,1,1,1,0.0,0.0,0.0,1,0.008970222435891628,-0.004936977435136214,0.004033245000755414,0.004033245000755414,inf,inf,0,0,0.00040531391681107283,0.0,1.661538450534526,0.006701391649181275,0.0,inf,0,0,0,3,4,0,0,0.035999998450279236
5011,11,1,3,11,1d679ee72125d5de3b1346ed4d74ce3766258e600ecfc1935eccf682c3fa1759,a535ba1b8d7e99504ccb325b7821a57fea9edfbe5f0a6ebe332b4f8e534117ba,0.010138001292943954,0.0,-0.0021821281407028437,-0.0021821281407028437,0.0,0.010138001292943954,0.0,0,1,0.9076923131942749,0.2094469155167731,13,1.661538461366525,0.002490780254456857,0.0018449596266438576,0.010138001292943954,-0.0021821281407028437,0.010138001292943954,0.0021821281407028437,0.0023269744124263525,0.004671132192015648,0.0023269744124263525,0,0.01013800106011331,0.0,2.3283064365386963e-10,0.01013800106011331,0,1.3981795278852904e-10,0.0,0,0,1,4,13,13,0,1,1,1,0.0,0.0,0.0,1,0.007299363613128662,-0.0022303630830720067,0.005069000530056655,0.005069000530056655,inf,inf,0,0,-0.0021821282805207965,0.0,1.6615384522538923,0.008422339295184494,0.0,inf,0,0,0,4,2,0,0,0.035999998450279236
5011,11,1,4,11,1d679ee72125d5de3b1346ed4d74ce3766258e600ecfc1935eccf682c3fa1759,a535ba1b8d7e99504ccb325b7821a57fea9edfbe5f0a6ebe332b4f8e534117ba,0.01733921281993389,0.035999998450279236,-0.0015237536281347275,-0.0015237536281347275,0.0,0.01733921281993389,0.035999998450279236,1,3,0.9076921939849854,0.20944694064039504,13,1.661538353333106,0.004205072807810696,0.0028707946143691713,0.018660785630345345,-0.0015237536281347275,0.018660785630345345,0.0015237536281347275,0.0025387003552168608,0.002877870574593544,0.0025387003552168608,0,0.01733921281993389,0.035999998450279236,0.0,0.018660785630345345,0,5.182550348072079e-10,0.0,10,11,10,11,1,1,1,1,1,1,0.017999999225139618,0.017999999225139618,0.017999999225139618,0,0.017178256064653397,-0.007847863249480724,0.009330392815172672,0.009330392815172672,0.5183551787125313,0.9543476002299746,0,0,-0.0015237541463897623,0.0,1.6615384505345263,0.015502806421000478,0.0,inf,0,0,0,1,1,1,1,0.035999998450279236
5011,11,1,5,11,1d679ee72125d5de3b1346ed4d74ce3766258e600ecfc1935eccf682c3fa1759,a535ba1b8d7e99504ccb325b7821a57fea9edfbe5f0a6ebe332b4f8e534117ba,0.009705412201583385,0.0,-0.0011156770633533597,-0.0011156770633533597,0.0,0.009705412201583385,0.0,0,1,0.9076921939849854,0.20944694064039504,13,1.661538353333106,0.0025893394031986264,0.0019704959418668727,0.009705412201583385,-0.0011156770633533597,0.009705412201583385,0.0011156770633533597,0.0018389108590781689,0.004458520095795393,0.0018389108590781689,0,0.009705411968752742,0.0,2.3283064365386963e-10,0.009705411968752742,0,5.708922549106654e-11,0.0,0,0,1,11,13,13,0,1,1,1,0.0,0.0,0.0,1,0.006770288106054068,-0.0019175821216776967,0.004852705984376371,0.004852705984376371,inf,inf,0,0,-0.0011156770062641342,0.0,1.6615384505345263,0.008062957582180338,0.0,inf,0,0,0,5,3,0,0,0.035999998450279236
5011,11,2,0,11,1d679ee72125d5de3b1346ed4d74ce3766258e600ecfc1935eccf682c3fa1759,a535ba1b8d7e99504ccb325b7821a57fea9edfbe5f0a6ebe332b4f8e534117ba,0.02110379934310913,0.024000000208616257,-0.0003011634398717433,-0.0003011634398717433,0.0,0.02110379934310913,0.024000000208616257,1,3,0.9076921939849854,0.20944694064039504,13,1.661538353333106,0.004346308101773351,0.003668112283539489,0.002896200865507126,-0.0003011634398717433,0.002896200865507126,0.0003011634398717433,0.00355544057674706,0.009919400326907635,0.00355544057674706,0,0.021103798411786556,0.024000000208616257,9.313225746154785e-10,0.014800263568758965,0,1.2740557870857816e-09,2.168404344971009e-19,10,11,10,0,1,1,1,1,0,0,0.012000000104308128,0.012000000104308128,0.012000000104308128,0,0.022833245806396008,0.015433114022016525,0.007400131784379482,0.007400131784379482,0.616677643337916,1.9027704673267984,0,0,-0.00030116216581595624,-2.168404344971009e-19,1.6615384505345263,0.012295603498769184,2.168404344971009e-19,inf,0,0,0,2,1,0,1,0.011999998241662979
5011,11,2,1,11,1d679ee72125d5de3b1346ed4d74ce3766258e600ecfc1935eccf682c3fa1759,a535ba1b8d7e99504ccb325b7821a57fea9edfbe5f0a6ebe332b4f8e534117ba,0.01681981235742569,0.0,-0.0053132385946810246,-0.0053132385946810246,0.0,0.01681981235742569,0.0,0,1,0.007692307233810425,0.20944694064039504,13,1.661538353333106,0.005107643226975502,0.004067550727425242,0.01681981235742569,-0.0053132385946810246,0.01681981235742569,0.0053132385946810246,0.003598621115088463,0.005748514086008072,0.003598621115088463,0,0.016819813288748264,0.0,9.313225746154785e-10,0.016819813288748264,0,7.241979030347956e-10,0.0,0,0,10,0,13,13,0,1,1,1,0.0,0.0,0.0,1,0.02649761363863945,0.018087706994265318,0.008409906644374132,0.008409906644374132,inf,inf,0,0,-0.005313239318878928,0.0,1.6615384505345263,0.013973383255033413,0.0,inf,0,0,0,4,5,0,0,0.035999998450279236
5011,11,2,3,11,1d679ee72125d5de3b1346ed4d74ce3766258e600ecfc1935eccf682c3fa1759,a535ba1b8d7e99504ccb325b7821a57fea9edfbe5f0a6ebe332b4f8e534117ba,0.020407337695360184,0.035999998450279236,-0.0053176493383944035,-0.0053176493383944035,-0.016407691552676268,0.020407337695360184,0.035999998450279236,1,4,0.9076923131942749,0.2094469155167731,13,1.661538461366525,0.004679283723306336,0.0036688859646136942,0.015592660754919052,0.011090042214281864,0.015592660754919052,0.011090042214281864,0.006172620691359043,0.01137702725827694,0.006172620691359043,0,0.020407337695360184,0.035999998450279236,0.0,0.017601991072297096,0,1.8422116774760577e-09,0.0,10,11,10,11,1,1,1,1,1,1,0.014999998733401299,0.017999999225139618,0.014999998733401299,0,0.015949096530675888,0.00714810099452734,0.008800995536148548,0.008800995536148548,0.5867330852869275,1.0632731918277554,0,0,-0.005317647496182726,-0.016407691552676268,1.6615384522538923,0.014623192501425674,0.016407691552676268,0.8912400903246183,1,1,0,1,2,1,0,0.011999998241662979
5011,11,2,4,11,1d679ee72125d5de3b1346ed4d74ce3766258e600ecfc1935eccf682c3fa1759,a535ba1b8d7e99504ccb325b7821a57fea9edfbe5f0a6ebe332b4f8e534117ba,0.0172056183218956,0.0,-0.002079410245642066,-0.002079410245642066,0.0,0.0172056183218956,0.0,0,1,0.9076921939849854,0.20944694064039504,13,1.661538353333106,0.004983991988321885,0.003916535383233657,0.0172056183218956,-0.002079410245642066,0.0172056183218956,0.002079410245642066,0.005763114430010319,0.006090096198022366,0.005763114430010319,0,0.017205617390573025,0.0,9.313225746154785e-10,0.017205617390573025,0,1.736718144296212e-09,0.0,0,0,10,0,13,13,0,1,1,1,0.0,0.0,0.0,1,0.028943507000803947,0.020340698305517435,0.008602808695286512,0.008602808695286512,inf,inf,0,0,-0.0020794085089239217,0.0,1.6615384505345263,0.014293897429811301,0.0,inf,0,0,0,5,4,0,0,0.035999998450279236
5011,11,2,5,11,1d679ee72125d5de3b1346ed4d74ce3766258e600ecfc1935eccf682c3fa1759,a535ba1b8d7e99504ccb325b7821a57fea9edfbe5f0a6ebe332b4f8e534117ba,0.019508972764015198,0.024000000208616257,-0.004921863321214914,-0.004921863321214914,4.336808689942018e-19,0.019508972764015198,0.024000000208616257,1,3,0.9076921939849854,0.20944694064039504,13,1.661538353333106,0.0038425927915748293,0.003018113294032198,0.004491027444601059,-0.004921863321214914,0.004491027444601059,0.004921863321214914,0.0033301685471087694,0.008729448541998863,0.0033301685471087694,0,0.019508971832692623,0.024000000208616257,9.313225746154785e-10,0.014531721360981464,0,1.1784819647919775e-10,5.421010862427522e-19,10,11,10,0,1,1,1,1,0,0,0.012000000104308128,0.012000000104308128,0.012000000104308128,0,0.024565329775214195,0.017299469094723463,0.007265860680490732,0.007265860680490732,0.605488384777781,2.0471107968069915,0,0,-0.004921863439063111,-1.0842021724855044e-19,1.6615384505345263,0.01207250689686231,1.0842021724855044e-19,inf,0,0,0,3,3,0,0,0.011999998241662979
5011,12,0,1,12,83b947b866ffaf7aa7d4c12e28f0924860f329cc1acad131e3de476e06002bda,a535ba1b8d7e99504ccb325b7821a57fea9edfbe5f0a6ebe332b4f8e534117ba,0.03336538374423981,0.0,0.007529358845204115,0.007529358845204115,1.3877787807814457e-17,0.03336538374423981,0.0,0,1,0.9076921939849854,0.20944694064039504,13,1.661538353333106,0.010203360870579398,0.008567025427590812,0.03336538374423981,0.007529358845204101,0.03336538374423981,0.007529358845204101,0.008528882637619972,0.014739683829247952,0.008528882637619972,0,0.03336538252187893,0.0,1.2223608791828156e-09,0.03336538252187893,0,1.6063668398930142e-09,6.938893903907228e-18,0,0,8,1,13,13,0,1,1,1,0.0,0.0,0.0,1,0.13201570510864258,0.11533301384770311,0.016682691260939464,0.016682691260939464,inf,inf,0,0,0.007529360451570955,6.938893903907228e-18,1.6615384505345263,0.02771893298844724,6.938893903907228e-18,inf,0,0,0,4,4,0,0,0.04800000041723251
5011,12,0,2,12,83b947b866ffaf7aa7d4c12e28f0924860f329cc1acad131e3de476e06002bda,a535ba1b8d7e99504ccb325b7821a57fea9edfbe5f0a6ebe332b4f8e534117ba,0.039113469421863556,0.030000001192092896,0.00622297078371048,0.00622297078371048,-0.002076921082459965,0.039113469421863556,0.030000001192092896,1,4,0.9076921939849854,0.20944694064039504,13,1.6615383533331063,0.012479016294318978,0.009833557487151324,0.00911346822977066,0.008299891866170445,0.00911346822977066,0.008299891866170445,0.0040290020406246185,0.0077429357916116714,0.0040290020406246185,0,0.039113468024879694,0.030000001192092896,1.3969838619232178e-09,0.04895333060994744,0,1.1301041213940266e-09,1.3877787807814457e-17,10,11,0,3,1,1,1,0,0,0,0.015000000596046448,0.012500002980232239,0.012500002980232239,0,0.149502944201231,0.12502627889625728,0.02447666530497372,0.02447666530497372,1.958132757542668,11.960232684556798,0,0,0.006222971913814601,-0.0020769210824599788,1.661538450534526,0.04066892054507823,0.0020769210824599788,19.581350918210394,0,0,0,2,1,0,1,0.017999999225139618
5011,12,0,3,12,83b947b866ffaf7aa7d4c12e28f0924860f329cc1acad131e3de476e06002bda,a535ba1b8d7e99504ccb325b7821a57fea9edfbe5f0a6ebe332b4f8e534117ba,0.03607579693198204,0.04800000041723251,0.008515427820384502,0.008515427820384502,-0.014330768275877023,0.03607579693198204,0.04800000041723251,1,5,0.9076923131942749,0.2094469155167731,13,1.661538461366525,0.012694952785323396,0.010645516139603932,0.011924203485250473,0.022846196096261526,0.011924203485250473,0.022846196096261526,0.013451754115521908,0.020031675696372986,0.013451754115521908,0,0.036075797863304615,0.04800000041723251,9.313225746154785e-10,0.04760867636650801,0,1.4302394824028397e-09,6.938893903907228e-18,10,1,0,7,1,1,1,0,0,0,0.015000000596046448,0.012000001966953278,0.012000001966953278,0,0.12864995561540127,0.10484561743214726,0.023804338183254004,0.023804338183254004,1.9836945234516299,10.720827877336145,0,0,0.00851542639014502,-0.014330768275877016,1.6615384522538923,0.03955182322193209,0.014330768275877016,2.759923436101446,0,0,0,1,3,1,0,0.017999999225139618
5011,12,0,4,12,83b947b866ffaf7aa7d4c12e28f0924860f329cc1acad131e3de476e06002bda,a535ba1b8d7e99504ccb325b7821a57fea9edfbe5f0a6ebe332b4f8e534117ba,0.036246586591005325,0.0,0.000658943026792258,0.000658943026792258,1.3877787807814457e-17,0.036246586591005325,0.0,0,1,0.9076921939849854,0.20944694064039504,13,1.661538353333106,0.011450865847496996,0.0094089683520018,0.036246586591005325,0.0006589430267922441,0.036246586591005325,0.0006589430267922441,0.009052320383489132,0.016168344765901566,0.009052320383489132,0,0.036246586591005325,0.0,0.0,0.036246586591005325,0,6.159921947523905e-10,2.0816681711721685e-17,0,0,0,3,13,13,0,1,1,1,0.0,0.0,0.0,1,0.14695238694548607,0.1288290936499834,0.018123293295502663,0.018123293295502663,inf,inf,0,0,0.0006589424108000633,-6.938893903907228e-18,1.6615384505345263,0.030112548660792264,6.938893903907228e-18,inf,0,0,0,5,2,0,0,0.04800000041723251
5011,12,0,5,12,83b947b866ffaf7aa7d4c12e28f0924860f329cc1acad131e3de476e06002bda,a535ba1b8d7e99504ccb325b7821a57fea9edfbe5f0a6ebe332b4f8e534117ba,0.03200024738907814,0.024000003933906555,0.009108194150030613,0.009108194150030613,1.3877787807814457e-17,0.03200024738907814,0.024000003933906555,1,3,0.9076921939849854,0.20944694064039504,13,1.661538353333106,0.010819011103004102,0.008790225181838817,0.008000243455171585,0.009108194150030599,0.008000243455171585,0.009108194150030599,0.005328604020178318,0.011599935591220856,0.005328604020178318,0,0.032000246457755566,0.024000003933906555,9.313225746154785e-10,0.03664687741547823,0,1.8208790499713023e-09,0.0,10,11,8,3,1,1,1,0,0,0,0.012000001966953278,0.012000001966953278,0.012000001966953278,0,0.12517093122005463,0.10684749251231551,0.018323438707739115,0.018323438707739115,1.5269529753578297,10.430909225245294,0,0,0.009108192329151563,1.3877787807814457e-17,1.6615384505345263,0.03044509795892121,1.3877787807814457e-17,inf,0,0,0,3,5,0,0,0.023999996483325958
5011,12,1,0,12,83b947b866ffaf7aa7d4c12e28f0924860f329cc1acad131e3de476e06002bda,a535ba1b8d7e99504ccb325b7821a57fea9edfbe5f0a6ebe332b4f8e534117ba,0.00808198656886816,0.0,-0.00012462835002224892,-0.00012462835002224892,0.0,0.00808198656886816,0.0,0,1,0.9076921939849854,0.20944694064039504,13,1.661538353333106,0.0019792713796155316,0.0015528268957808174,0.00808198656886816,-0.00012462835002224892,0.00808198656886816,0.00012462835002224892,0.002785846358165145,0.0031717601232230663,0.002785846358165145,0,0.00808198656886816,0.0,0.0,0.00808198656886816,0,1.6864846151543045e-10,4.336808689942018e-19,0,0,1,4,13,13,0,1,1,1,0.0,0.0,0.0,1,0.0048597275745123625,-0.0008187342900782824,0.00404099328443408,0.00404099328443408,inf,inf,0,0,-0.00012462851867071044,-4.336808689942018e-19,1.6615384505345263,0.0067142657204390275,4.336808689942018e-19,inf,0,0,0,2,5,0,0,0.03599999938160181
5011,12,1,2,12,83b947b866ffaf7aa7d4c12e28f0924860f329cc1acad131e3de476e06002bda,a535ba1b8d7e99504ccb325b7821a57fea9edfbe5f0a6ebe332b4f8e534117ba,0.010304664261639118,0.0,-1.7446232959628105e-05,-1.7446232959628105e-05,0.0,0.010304664261639118,0.0,0,1,0.9076921939849854,0.20944694064039504,13,1.6615383533331063,0.002530952350960964,0.0018929941882792661,0.010304664261639118,-1.7446232959628105e-05,0.010304664261639118,1.7446232959628105e-05,0.003385088872164488,0.0032805439550429583,0.003385088872164488,0,0.010304664610885084,0.0,3.4924596548080444e-10,0.010304664610885084,0,7.533774949372574e-11,0.0,0,0,1,4,13,13,0,1,1,1,0.0,0.0,0.0,1,0.006052734097465873,-0.0009004017920233309,0.005152332305442542,0.005152332305442542,inf,inf,0,0,-1.744615762187861e-05,0.0,1.661538450534526,0.008560798235423984,0.0,inf,0,0,0,3,4,0,0,0.03599999938160181
5011,12,1,3,12,83b947b866ffaf7aa7d4c12e28f0924860f329cc1acad131e3de476e06002bda,a535ba1b8d7e99504ccb325b7821a57fea9edfbe5f0a6ebe332b4f8e534117ba,0.011958809569478035,0.0,-0.0021164396312087774,-0.0021164396312087774,4.336808689942018e-19,0.011958809569478035,0.0,0,1,0.9076923131942749,0.2094469155167731,13,1.661538461366525,0.0026517023161708795,0.001933443949598483,0.011958809569478035,-0.002116439631208778,0.011958809569478035,0.002116439631208778,0.0023209627252072096,0.00528022600337863,0.0023209627252072096,0,0.011958809569478035,0.0,0.0,0.011958809569478035,0,1.0056522628532072e-10,2.168404344971009e-19,0,0,1,4,13,13,0,1,1,1,0.0,0.0,0.0,1,0.007921138079836965,0.0019417332950979471,0.0059794047847390175,0.0059794047847390175,inf,inf,0,0,-0.002116439530643551,2.168404344971009e-19,1.6615384522538923,0.009935010971434784,2.168404344971009e-19,inf,0,0,0,4,2,0,0,0.03599999938160181
5011,12,1,4,12,83b947b866ffaf7aa7d4c12e28f0924860f329cc1acad131e3de476e06002bda,a535ba1b8d7e99504ccb325b7821a57fea9edfbe5f0a6ebe332b4f8e534117ba,0.018485335633158684,0.03599999938160181,0.0006549482350237668,0.0006549482350237668,3.223808850080778e-11,0.018485335633158684,0.03599999938160181,1,3,0.9076921939849854,0.20944694064039504,13,1.661538353333106,0.0038592072586114763,0.002312948217080939,0.017514663748443127,0.0006549482027856783,0.017514663748443127,0.0006549482027856783,0.003939575515687466,0.004100553225725889,0.003939575515687466,0,0.018485335167497396,0.03599999938160181,4.656612873077393e-10,0.017514664214104414,0,2.483619744326343e-10,5.421010862427522e-20,10,11,10,11,1,1,1,1,1,1,0.01799999945797026,0.01799999992363155,0.01799999945797026,0,0.010768578853458166,-0.002011246746405959,0.008757332107052207,0.008757332107052207,0.48651846504220464,0.598254398762769,1,0,0.0006549479866617923,3.223808855501789e-11,1.6615384505345263,0.014550644019967782,3.223808855501789e-11,451349464.9391352,1,0,0,1,1,1,1,0.03599999938160181
5011,12,1,5,12,83b947b866ffaf7aa7d4c12e28f0924860f329cc1acad131e3de476e06002bda,a535ba1b8d7e99504ccb325b7821a57fea9edfbe5f0a6ebe332b4f8e534117ba,0.010748395696282387,0.0,-0.000860967265907675,-0.000860967265907675,0.0,0.010748395696282387,0.0,0,1,0.9076921939849854,0.20944694064039504,13,1.661538353333106,0.002735998698771458,0.002104775123187953,0.010748395696282387,-0.000860967265907675,0.010748395696282387,0.000860967265907675,0.0020614061504602432,0.002844010479748249,0.0020614061504602432,0,0.010748396161943674,0.0,4.656612873077393e-10,0.010748396161943674,0,8.362440991407927e-11,4.336808689942018e-19,0,0,1,4,13,13,0,1,1,1,0.0,0.0,0.0,1,0.007674721768125892,0.0023005236871540546,0.005374198080971837,0.005374198080971837,inf,inf,0,0,-0.0008609673495320849,-4.336808689942018e-19,1.6615384505345263,0.00892943675232357,4.336808689942018e-19,inf,0,0,0,5,3,0,0,0.03599999938160181
5011,12,2,0,12,83b947b866ffaf7aa7d4c12e28f0924860f329cc1acad131e3de476e06002bda,a535ba1b8d7e99504ccb325b7821a57fea9edfbe5f0a6ebe332b4f8e534117ba,0.019802892580628395,0.024000000208616257,-0.00275367870926857,-0.00275367870926857,4.336808689942018e-19,0.019802892580628395,0.024000000208616257,1,3,0.9076921939849854,0.20944694064039504,13,1.661538353333106,0.004565020692887202,0.00393387133024148,0.004197107627987862,-0.0027536787092685704,0.004197107627987862,0.0027536787092685704,0.00440562330186367,0.0047849188558757305,0.00440562330186367,0,0.019802893046289682,0.024000000208616257,4.656612873077393e-10,0.014917409513145685,0,9.996943073700693e-11,5.421010862427522e-19,10,11,10,0,1,1,1,1,0,0,0.012000000104308128,0.012000000104308128,0.012000000104308128,0,0.020219355821609497,0.012760651065036654,0.007458704756572843,0.007458704756572843,0.6215587243116013,1.684946303821325,0,0,-0.0027536788092380007,-1.0842021724855044e-19,1.6615384505345263,0.012392924744230541,1.0842021724855044e-19,inf,0,0,0,2,1,0,1,0.011999998241662979
5011,12,2,1,12,83b947b866ffaf7aa7d4c12e28f0924860f329cc1acad131e3de476e06002bda,a535ba1b8d7e99504ccb325b7821a57fea9edfbe5f0a6ebe332b4f8e534117ba,0.017461689189076424,0.0,-0.005149553529918194,-0.005149553529918194,0.0,0.017461689189076424,0.0,0,1,0.9076921939849854,0.20944694064039504,13,1.661538353333106,0.0052832622965379135,0.004253876500228452,0.017461689189076424,-0.005149553529918194,0.017461689189076424,0.005149553529918194,0.002273678546771407,0.0037476045545190573,0.002273678546771407,0,0.017461689189076424,0.0,0.0,0.017461689189076424,0,1.8824212449225497e-09,0.0,0,0,10,4,13,13,0,1,1,1,0.0,0.0,0.0,1,0.026509804651141167,0.017778960056602955,0.008730844594538212,0.008730844594538212,inf,inf,0,0,-0.005149551647496949,0.0,1.6615384505345263,0.014506633999466764,0.0,inf,0,0,0,4,4,0,0,0.035999998450279236
5011,12,2,3,12,83b947b866ffaf7aa7d4c12e28f0924860f329cc1acad131e3de476e06002bda,a535ba1b8d7e99504ccb325b7821a57fea9edfbe5f0a6ebe332b4f8e534117ba,0.017833443358540535,0.035999998450279236,-0.004610785748809576,-0.004610785748809576,-0.016407691552676268,0.017833443358540535,0.035999998450279236,1,4,0.9076923131942749,0.2094469155167731,13,1.661538461366525,0.004787418952071721,0.003675751057425899,0.0181665550917387,0.011796905803866692,0.0181665550917387,0.011796905803866692,0.004394205287098885,0.008296861313283443,0.004394205287098885,0,0.017833443358540535,0.035999998450279236,0.0,0.018188267946243286,0,4.272709790142937e-12,0.0,10,11,10,0,1,1,1,1,0,0,0.014999998733401299,0.017999999225139618,0.014999998733401299,0,0.0140538290143013,0.004959695041179657,0.009094133973121643,0.009094133973121643,0.6062756494019729,0.9369220134003671,0,0,-0.004610785744536866,-0.016407691552676268,1.6615384522538923,0.015110253286290076,0.016407691552676268,0.9209249965346548,1,1,0,1,3,1,0,0.011999998241662979
5011,12,2,4,12,83b947b866ffaf7aa7d4c12e28f0924860f329cc1acad131e3de476e06002bda,a535ba1b8d7e99504ccb325b7821a57fea9edfbe5f0a6ebe332b4f8e534117ba,0.016650304198265076,0.0,-0.0013966746628284454,-0.0013966746628284454,0.0,0.016650304198265076,0.0,0,1,0.9076921939849854,0.20944694064039504,13,1.661538353333106,0.004737339483310469,0.003876842073434909,0.016650304198265076,-0.0013966746628284454,0.016650304198265076,0.0013966746628284454,0.003658737987279892,0.0056138066574931145,0.003658737987279892,0,0.01665030512958765,0.0,9.313225746154785e-10,0.01665030512958765,0,2.4149087850949824e-10,1.0842021724855044e-19,0,0,10,4,13,13,0,1,1,1,0.0,0.0,0.0,1,0.024426225572824478,0.016101073008030653,0.008325152564793825,0.008325152564793825,inf,inf,0,0,-0.001396674904319324,-1.0842021724855044e-19,1.6615384505345263,0.01383256109297107,1.0842021724855044e-19,inf,0,0,0,5,5,0,0,0.035999998450279236
5011,12,2,5,12,83b947b866ffaf7aa7d4c12e28f0924860f329cc1acad131e3de476e06002bda,a535ba1b8d7e99504ccb325b7821a57fea9edfbe5f0a6ebe332b4f8e534117ba,0.018639232963323593,0.024000000208616257,-0.004694510251283646,-0.004694510251283646,4.336808689942018e-19,0.018639232963323593,0.024000000208616257,1,3,0.9076921939849854,0.20944694064039504,13,1.661538353333106,0.004057126937447672,0.0030263953417892283,0.005360767245292664,-0.004694510251283646,0.005360767245292664,0.004694510251283646,0.002092324895784259,0.005786489695310593,0.002092324895784259,0,0.018639233894646168,0.024000000208616257,9.313225746154785e-10,0.015615139156579971,0,5.182438592848948e-10,5.421010862427522e-19,10,11,10,0,1,1,1,1,0,0,0.012000000104308128,0.012000000104308128,0.012000000104308128,0,0.022777737118303776,0.01497016754001379,0.007807569578289986,0.007807569578289986,0.6506307925353254,1.8981447433593208,0,0,-0.004694509733039786,-1.0842021724855044e-19,1.6615384505345263,0.012972577059552447,1.0842021724855044e-19,inf,0,0,0,3,2,0,0,0.011999998241662979
5011,13,0,1,13,bbc2ad1d943dd11eb25cfa2c45116f63a9423c6ec44ee6c68eb48a87327b35ab,a535ba1b8d7e99504ccb325b7821a57fea9edfbe5f0a6ebe332b4f8e534117ba,0.011363194324076176,0.0,0.0014180144062265754,0.0014180144062265754,1.734723475976807e-18,0.011363194324076176,0.0,0,1,0.9076921939849854,0.20944694064039504,13,1.661538353333106,0.0029633604619008764,0.0024045572875166783,0.011363194324076176,0.0014180144062265736,0.011363194324076176,0.0014180144062265736,0.002637716708704829,0.004154493100941181,0.002637716708704829,0,0.011363194324076176,0.0,0.0,0.011363194324076176,0,1.2102832260690866e-09,1.734723475976807e-18,0,0,8,6,13,13,0,1,1,1,0.0,0.0,0.0,1,0.00847441703081131,0.002792819868773222,0.005681597162038088,0.005681597162038088,inf,inf,0,0,0.0014180156165098014,0.0,1.6615384505345263,0.009440192145174126,0.0,inf,0,0,0,4,5,0,0,0.04800000041723251
5011,13,0,2,13,bbc2ad1d943dd11eb25cfa2c45116f63a9423c6ec44ee6c68eb48a87327b35ab,a535ba1b8d7e99504ccb325b7821a57fea9edfbe5f0a6ebe332b4f8e534117ba,0.018677247688174248,0.029999999329447746,0.0014031436294317245,0.0014031436294317245,0.002076922758840598,0.018677247688174248,0.029999999329447746,1,4,0.007692307233810425,0.20944694064039504,13,1.6615383533331063,0.003888677546835885,0.0031955123041376206,0.011322751641273499,-0.0006737791294088736,0.011322751641273499,0.0006737791294088736,0.0024448568001389503,0.005067240446805954,0.0024448568001389503,0,0.01867724792100489,0.029999999329447746,2.3283064365386963e-10,0.013249356299638748,0,2.826411518025429e-10,0.0,10,11,10,11,1,1,1,1,1,1,0.01249999925494194,0.015000000596046448,0.01249999925494194,0,0.0074678510427474976,0.0008431728929281235,0.006624678149819374,0.006624678149819374,0.5299742835744788,0.5974281190292906,0,0,0.0014031439120728764,0.002076922758840598,1.661538450534526,0.011007157468340814,0.002076922758840598,5.299743296416737,1,0,0,2,2,0,0,0.018000001087784767
5011,13,0,3,13,bbc2ad1d943dd11eb25cfa2c45116f63a9423c6ec44ee6c68eb48a87327b35ab,a535ba1b8d7e99504ccb325b7821a57fea9edfbe5f0a6ebe332b4f8e534117ba,0.022651053965091705,0.04800000041723251,-0.009416838176548481,-0.009416838176548481,-0.014330768662734103,0.022651053965091705,0.04800000041723251,1,5,0.9076923131942749,0.2094469155167731,13,1.661538461366525,0.009257756074179575,0.005865120676142225,0.025348946452140808,0.004913930486185622,0.025348946452140808,0.004913930486185622,0.002587304450571537,0.014245313592255116,0.002587304450571537,0,0.022651053965091705,0.04800000041723251,0.0,0.038063688203692436,0,5.827581438244689e-10,3.469446951953614e-18,10,1,10,11,1,1,1,1,0,0,0.015000000596046448,0.012000000104308128,0.012000000104308128,0,0.022670507431030273,0.0036386633291840553,0.019031844101846218,0.019031844101846218,1.5859869947012402,1.8892089361642022,0,0,-0.009416837593790337,-0.014330768662734106,1.6615384522538923,0.03162214079251893,0.014330768662734106,2.2065906956372485,1,0,0,1,1,1,1,0.018000001087784767
5011,13,0,4,13,bbc2ad1d943dd11eb25cfa2c45116f63a9423c6ec44ee6c68eb48a87327b35ab,a535ba1b8d7e99504ccb325b7821a57fea9edfbe5f0a6ebe332b4f8e534117ba,0.012154122814536095,0.0,-0.004293646663427353,-0.004293646663427353,1.734723475976807e-18,0.012154122814536095,0.0,0,1,0.007692307233810425,0.20944694064039504,13,1.661538353333106,0.003541509695361953,0.003047758311077335,0.012154122814536095,-0.004293646663427355,0.012154122814536095,0.004293646663427355,0.003851779503747821,0.004785394761711359,0.003851779503747821,0,0.012154122348874807,0.0,4.656612873077393e-10,0.012154122348874807,0,4.873737221092189e-10,1.734723475976807e-18,0,0,8,6,13,13,0,1,1,1,0.0,0.0,0.0,1,0.007513698190450668,0.0014366370160132647,0.006077061174437404,0.006077061174437404,inf,inf,0,0,-0.004293647150801075,0.0,1.6615384505345263,0.010097270807578253,0.0,inf,0,0,0,5,4,0,0,0.04800000041723251
5011,13,0,5,13,bbc2ad1d943dd11eb25cfa2c45116f63a9423c6ec44ee6c68eb48a87327b35ab,a535ba1b8d7e99504ccb325b7821a57fea9edfbe5f0a6ebe332b4f8e534117ba,0.01760326698422432,0.024000000208616257,0.0023716252762824297,0.0023716252762824297,0.0,0.01760326698422432,0.024000000208616257,1,3,0.9076921939849854,0.20944694064039504,13,1.661538353333106,0.00269018404590567,0.0021595255025392453,0.006396733224391937,0.0023716252762824297,0.006396733224391937,0.0023716252762824297,0.0035949992015957832,0.006435550283640623,0.0035949992015957832,0,0.017603266052901745,0.024000000208616257,9.313225746154785e-10,0.009569938760250807,0,1.9921393701327617e-10,0.0,10,11,10,11,1,1,1,1,1,1,0.012000000104308128,0.012000000104308128,0.012000000104308128,0,0.005243414547294378,-0.0004584451671689749,0.004784969380125403,0.004784969380125403,0.39874744487773367,0.4369512084764013,1,0,0.0023716254754963667,0.0,1.6615384505345263,0.007950410609708716,0.0,inf,0,0,0,3,3,0,0,0.024000000208616257
5011,13,1,0,13,bbc2ad1d943dd11eb25cfa2c45116f63a9423c6ec44ee6c68eb48a87327b35ab,a535ba1b8d7e99504ccb325b7821a57fea9edfbe5f0a6ebe332b4f8e534117ba,0.007339879870414734,0.0,-0.0005640794406645,-0.0005640794406645,-4.336808689942018e-19,0.007339879870414734,0.0,0,1,0.9076921939849854,0.20944694064039504,13,1.661538353333106,0.0021428226115392693,0.001738640802124372,0.007339879870414734,-0.0005640794406644996,0.007339879870414734,0.0005640794406644996,0.0039986963383853436,0.005062435753643513,0.0039986963383853436,0,0.007339879870414734,0.0,0.0,0.007339879870414734,0,6.365485148533689e-10,4.336808689942018e-19,0,0,1,4,13,13,0,1,1,1,0.0,0.0,0.0,1,0.005512345349416137,-0.0018424054142087698,0.003669939935207367,0.003669939935207367,inf,inf,0,0,-0.0005640800772130149,0.0,1.6615384505345263,0.0060977463134992286,0.0,inf,0,0,0,2,5,0,0,0.03599999938160181
5011,13,1,2,13,bbc2ad1d943dd11eb25cfa2c45116f63a9423c6ec44ee6c68eb48a87327b35ab,a535ba1b8d7e99504ccb325b7821a57fea9edfbe5f0a6ebe332b4f8e534117ba,0.009050474502146244,0.0,-0.0005217333673499525,-0.0005217333673499525,0.0,0.009050474502146244,0.0,0,1,0.007692307233810425,0.20944694064039504,13,1.6615383533331063,0.0026044361038913004,0.0021179309121702283,0.009050474502146244,-0.0005217333673499525,0.009050474502146244,0.0005217333673499525,0.002631397917866707,0.0046689012087881565,0.002631397917866707,0,0.009050474356627092,0.0,1.4551915228366852e-10,0.009050474356627092,0,2.7053891592243584e-10,0.0,0,0,1,11,13,13,0,1,1,1,0.0,0.0,0.0,1,0.006420082179829478,-0.0018948450015159324,0.004525237178313546,0.004525237178313546,inf,inf,0,0,-0.0005217330968110365,0.0,1.661538450534526,0.00751885556955632,0.0,inf,0,0,0,3,4,0,0,0.03599999938160181
5011,13,1,3,13,bbc2ad1d943dd11eb25cfa2c45116f63a9423c6ec44ee6c68eb48a87327b35ab,a535ba1b8d7e99504ccb325b7821a57fea9edfbe5f0a6ebe332b4f8e534117ba,0.009958543814718723,0.0,-0.003149508498609066,-0.003149508498609066,4.336808689942018e-19,0.009958543814718723,0.0,0,1,0.9076923131942749,0.2094469155167731,13,1.661538461366525,0.002658250796702363,0.0020097012469026993,0.009958543814718723,-0.0031495084986090664,0.009958543814718723,0.0031495084986090664,0.002825763775035739,0.007988028228282928,0.002825763775035739,0,0.009958544047549367,0.0,2.3283064365386963e-10,0.009958544047549367,0,5.183589781368458e-10,2.168404344971009e-19,0,0,1,4,13,13,0,1,1,1,0.0,0.0,0.0,1,0.006360142026096582,0.001380870002321899,0.0049792720237746835,0.0049792720237746835,inf,inf,0,0,-0.003149509016968044,2.168404344971009e-19,1.6615384522538923,0.008273251931733694,2.168404344971009e-19,inf,0,0,0,4,3,0,0,0.03599999938160181
5011,13,1,4,13,bbc2ad1d943dd11eb25cfa2c45116f63a9423c6ec44ee6c68eb48a87327b35ab,a535ba1b8d7e99504ccb325b7821a57fea9edfbe5f0a6ebe332b4f8e534117ba,0.016972657293081284,0.03599999938160181,6.28097914159298e-05,6.28097914159298e-05,3.223808893448865e-11,0.016972657293081284,0.03599999938160181,1,3,0.007692307233810425,0.20944694064039504,13,1.661538353333106,0.004361977572960777,0.002668668984052499,0.019027342088520527,6.280975917784086e-05,0.019027342088520527,6.280975917784086e-05,0.0015610408736392856,0.003931318875402212,0.0015610408736392856,0,0.016972658107988536,0.03599999938160181,8.149072527885437e-10,0.019027341273613274,0,1.595915366005285e-10,8.673617379884035e-19,10,11,10,11,1,1,1,1,1,1,0.01799999945797026,0.01799999992363155,0.01799999945797026,0,0.01345676847267896,-0.003943097835872322,0.009513670636806637,0.009513670636806637,0.5285372735160865,0.7475982709944141,0,0,6.28096318243932e-05,3.223808806712691e-11,1.6615384505345263,0.01580732956877552,3.223808806712691e-11,490330863.78637356,1,0,0,1,1,1,1,0.03599999938160181
5011,13,1,5,13,bbc2ad1d943dd11eb25cfa2c45116f63a9423c6ec44ee6c68eb48a87327b35ab,a535ba1b8d7e99504ccb325b7821a57fea9edfbe5f0a6ebe332b4f8e534117ba,0.011138477362692356,0.0,-0.0009952242253348231,-0.0009952242253348231,0.0,0.011138477362692356,0.0,0,1,0.9076921939849854,0.20944694064039504,13,1.661538353333106,0.002813755233235342,0.0021835162480686892,0.011138477362692356,-0.0009952242253348231,0.011138477362692356,0.0009952242253348231,0.002616781508550048,0.004289858043193817,0.002616781508550048,0,0.011138477129861712,0.0,2.3283064365386963e-10,0.011138477129861712,0,4.0150769948371634e-10,4.336808689942018e-19,0,0,1,11,13,13,0,1,1,1,0.0,0.0,0.0,1,0.005883617326617241,0.0003143787616863847,0.005569238564930856,0.005569238564930856,inf,inf,0,0,-0.0009952238238271236,-4.336808689942018e-19,1.6615384505345263,0.009253504015832343,4.336808689942018e-19,inf,0,0,0,5,2,0,0,0.03599999938160181
5011,13,2,0,13,bbc2ad1d943dd11eb25cfa2c45116f63a9423c6ec44ee6c68eb48a87327b35ab,a535ba1b8d7e99504ccb325b7821a57fea9edfbe5f0a6ebe332b4f8e534117ba,0.021869409829378128,0.023999998345971107,-0.004185025114566088,-0.004185025114566088,-1.289523487990607e-10,0.021869409829378128,0.023999998345971107,1,3,0.9076921939849854,0.20944694064039504,13,1.661538353333106,0.006192823616619269,0.0050020417606336815,0.0021305885165929794,-0.004185024985613739,0.0021305885165929794,0.004185024985613739,0.005083369091153145,0.012003541924059391,0.005083369091153145,0,0.021869408898055553,0.023999998345971107,9.313225746154785e-10,0.02029680018313229,0,8.332597719457047e-11,6.938893903907228e-18,10,11,10,3,1,1,1,1,0,0,0.012000000104308128,0.011999998241662979,0.011999998241662979,0,0.04705900349654257,0.03691060340497643,0.010148400091566145,0.010148400091566145,0.845700131549333,3.921584199334104,0,0,-0.004185025197892065,-1.289523557379546e-10,1.6615384505345263,0.01686195696354526,1.289523557379546e-10,130761139.39175034,1,0,0,2,3,0,0,0.012000000104308128
5011,13,2,1,13,bbc2ad1d943dd11eb25cfa2c45116f63a9423c6ec44ee6c68eb48a87327b35ab,a535ba1b8d7e99504ccb325b7821a57fea9edfbe5f0a6ebe332b4f8e534117ba,0.027128178626298904,0.0,-0.005553508177399635,-0.005553508177399635,6.938893903907228e-18,0.027128178626298904,0.0,0,1,0.9076921939849854,0.20944694064039504,13,1.661538353333106,0.007154877794006819,0.005968777223809804,0.027128178626298904,-0.005553508177399642,0.027128178626298904,0.005553508177399642,0.005577568896114826,0.00950606819242239,0.005577568896114826,0,0.02712817769497633,0.0,9.313225746154785e-10,0.02712817769497633,0,5.055749777160834e-10,1.3877787807814457e-17,0,0,7,1,13,13,0,1,1,1,0.0,0.0,0.0,1,0.05512728728353977,0.04156319843605161,0.013564088847488165,0.013564088847488165,inf,inf,0,0,-0.005553507671824658,-6.938893903907228e-18,1.6615384505345263,0.022537255166568133,6.938893903907228e-18,inf,0,0,0,4,1,0,1,0.035999998450279236
5011,13,2,3,13,bbc2ad1d943dd11eb25cfa2c45116f63a9423c6ec44ee6c68eb48a87327b35ab,a535ba1b8d7e99504ccb325b7821a57fea9edfbe5f0a6ebe332b4f8e534117ba,0.021862279623746872,0.035999998450279236,-0.0013595125637948513,-0.0013595125637948513,-0.01640769155267626,0.021862279623746872,0.035999998450279236,1,4,0.9076923131942749,0.2094469155167731,13,1.661538461366525,0.006689714082558617,0.00522446452182602,0.014137718826532364,0.01504817898888141,0.014137718826532364,0.01504817898888141,0.012190055102109909,0.010392541065812111,0.012190055102109909,0,0.02186228008940816,0.035999998450279236,4.656612873077393e-10,0.02693568402901292,0,2.017104410584336e-09,0.0,10,11,10,3,1,1,1,1,0,0,0.014999998733401299,0.017999999225139618,0.014999998733401299,0,0.0523625873029232,0.03889474528841674,0.01346784201450646,0.01346784201450646,0.8978562101153312,3.4908394482943943,0,0,-0.0013595105466904407,-0.01640769155267626,1.6615384522538923,0.022377337375983006,0.01640769155267626,1.3638321578718997,1,0,0,1,4,1,0,0.012000000104308128
5011,13,2,4,13,bbc2ad1d943dd11eb25cfa2c45116f63a9423c6ec44ee6c68eb48a87327b35ab,a535ba1b8d7e99504ccb325b7821a57fea9edfbe5f0a6ebe332b4f8e534117ba,0.021643156185746193,0.0,-0.0005832924507558346,-0.0005832924507558346,6.938893903907228e-18,0.021643156185746193,0.0,0,1,0.007692307233810425,0.20944694064039504,13,1.661538353333106,0.006378956749942763,0.005487963745019022,0.021643156185746193,-0.0005832924507558415,0.021643156185746193,0.0005832924507558415,0.008403199724853039,0.010110014118254185,0.008403199724853039,0,0.021643155720084906,0.0,4.656612873077393e-10,0.021643155720084906,0,6.99626435778089e-10,6.938893903907228e-18,0,0,10,3,13,13,0,1,1,1,0.0,0.0,0.0,1,0.05286152567714453,0.042039947817102075,0.010821577860042453,0.010821577860042453,inf,inf,0,0,-0.0005832917511293988,0.0,1.6615384505345263,0.017980467709913673,0.0,inf,0,0,0,5,5,0,0,0.035999998450279236
5011,13,2,5,13,bbc2ad1d943dd11eb25cfa2c45116f63a9423c6ec44ee6c68eb48a87327b35ab,a535ba1b8d7e99504ccb325b7821a57fea9edfbe5f0a6ebe332b4f8e534117ba,0.024622337892651558,0.023999998345971107,-0.0005103970761410892,-0.0005103970761410892,-1.289523487990607e-10,0.024622337892651558,0.023999998345971107,1,3,0.9076921939849854,0.20944694064039504,13,1.661538353333106,0.0065424739503316,0.00503427787689415,0.0006223395466804504,-0.0005103969471887404,0.0006223395466804504,0.0005103969471887404,0.006905504502356052,0.011603443883359432,0.006905504502356052,0,0.024622337892651558,0.023999998345971107,0.0,0.024622337892651558,0,2.482559669989004e-10,1.0408340855860843e-17,10,11,7,1,1,1,1,0,0,0,0.012000000104308128,0.011999998241662979,0.011999998241662979,0,0.049765110947191715,0.037453942000865936,0.012311168946325779,0.012311168946325779,1.0259308958548379,4.1470931865982665,0,0,-0.0005103973243970562,-1.2895235920740156e-10,1.6615384505345263,0.02045548057534691,1.2895235920740156e-10,158628199.60080898,1,0,0,3,2,0,0,0.012000000104308128
5011,14,0,1,14,30df0796e68639cad6d498f47e69dc3d4e787c66441305bc9ed9db837cbf4c8d,a535ba1b8d7e99504ccb325b7821a57fea9edfbe5f0a6ebe332b4f8e534117ba,0.030632734298706055,0.0,-0.0011597889242693782,-0.0011597889242693782,0.0,0.030632734298706055,0.0,0,1,0.9076921939849854,0.20944694064039504,13,1.661538353333106,0.00903038887993617,0.007144371168853263,0.030632734298706055,-0.0011597889242693782,0.030632734298706055,0.0011597889242693782,0.009853125549852848,0.015488646924495697,0.009853125549852848,0,0.030632734298706055,0.0,0.0,0.030632734298706055,0,7.659611164084756e-09,6.938893903907228e-18,0,0,8,3,13,13,0,1,1,1,0.0,0.0,0.0,1,0.06793325394392014,0.05261688679456711,0.015316367149353027,0.015316367149353027,inf,inf,0,0,-0.0011597965838805423,6.938893903907228e-18,1.6615384505345263,0.025448732941153948,6.938893903907228e-18,inf,0,0,0,4,3,0,0,0.04800000041723251
5011,14,0,2,14,30df0796e68639cad6d498f47e69dc3d4e787c66441305bc9ed9db837cbf4c8d,a535ba1b8d7e99504ccb325b7821a57fea9edfbe5f0a6ebe332b4f8e534117ba,0.037913303822278976,0.0299999937415123,-0.001305768615566194,-0.001305768615566194,0.002076920566650542,0.037913303822278976,0.0299999937415123,1,4,0.9076921939849854,0.20944694064039504,13,1.6615383533331063,0.010659134921720777,0.008908337456058468,0.007913310080766678,-0.003382689182216736,0.007913310080766678,0.003382689182216736,0.0077702985145151615,0.018712593242526054,0.0077702985145151615,0,0.03791330475360155,0.0299999937415123,9.313225746154785e-10,0.0383231732994318,0,2.8348816349943462e-11,0.0,10,11,10,3,1,1,1,1,0,0,0.012500002980232239,0.01499999314546585,0.012500002980232239,0,0.08287782780826092,0.06371624115854502,0.0191615866497159,0.0191615866497159,1.532926566499098,6.630224643892134,0,0,-0.0013057685872173777,0.002076920566650542,1.661538450534526,0.03183771299175202,0.002076920566650542,15.329287745990605,0,0,0,2,1,0,1,0.018000006675720215
5011,14,0,3,14,30df0796e68639cad6d498f47e69dc3d4e787c66441305bc9ed9db837cbf4c8d,a535ba1b8d7e99504ccb325b7821a57fea9edfbe5f0a6ebe332b4f8e534117ba,0.028416303917765617,0.04800000041723251,0.0028772230725735426,0.0028772230725735426,-0.013949999307203462,0.028416303917765617,0.04800000041723251,1,5,0.007692308165132999,0.2094469155167731,13,1.661538461366525,0.010103408469770743,0.008636058368802777,0.019583696499466896,0.016827222379777004,0.019583696499466896,0.016827222379777004,0.013814758509397507,0.009464630857110023,0.013814758509397507,0,0.02841630345210433,0.04800000041723251,4.656612873077393e-10,0.032349660992622375,0,1.0585252301423265e-09,6.938893903907228e-18,10,1,10,1,1,1,1,1,1,1,0.017999999225139618,0.012000001966953278,0.012000001966953278,0,0.09093297831714153,0.07475814782083035,0.016174830496311188,0.016174830496311188,1.3479023204208584,7.577746951005611,0,0,0.0028772241310987727,-0.013949999307203455,1.6615384522538923,0.026875102828309946,0.013949999307203455,1.9265307643730325,0,0,0,1,5,1,0,0.018000006675720215
5011,14,0,4,14,30df0796e68639cad6d498f47e69dc3d4e787c66441305bc9ed9db837cbf4c8d,a535ba1b8d7e99504ccb325b7821a57fea9edfbe5f0a6ebe332b4f8e534117ba,0.03518684208393097,0.0,-0.009248169139027596,-0.009248169139027596,0.0,0.03518684208393097,0.0,0,1,0.9076921939849854,0.20944694064039504,13,1.661538353333106,0.009846003404018863,0.008096243743922494,0.03518684208393097,-0.009248169139027596,0.03518684208393097,0.009248169139027596,0.01523461751639843,0.012868939898908138,0.01523461751639843,0,0.03518684022128582,0.0,1.862645149230957e-09,0.03518684022128582,0,1.1990362175362534e-10,6.938893903907228e-18,0,0,10,3,13,13,0,1,1,1,0.0,0.0,0.0,1,0.0974335428327322,0.07984012272208929,0.01759342011064291,0.01759342011064291,inf,inf,0,0,-0.009248169019123974,6.938893903907228e-18,1.6615384505345263,0.029232143990240596,6.938893903907228e-18,inf,0,0,0,5,2,0,0,0.04800000041723251
5011,14,0,5,14,30df0796e68639cad6d498f47e69dc3d4e787c66441305bc9ed9db837cbf4c8d,a535ba1b8d7e99504ccb325b7821a57fea9edfbe5f0a6ebe332b4f8e534117ba,0.029013345018029213,0.024000003933906555,0.006074152421206236,0.006074152421206236,0.0,0.029013345018029213,0.024000003933906555,1,3,0.007692307233810425,0.20944694064039504,13,1.661538353333106,0.008990451823157764,0.007741699998195355,0.005013341084122658,0.006074152421206236,0.005013341084122658,0.006074152421206236,0.008989298716187477,0.016583407297730446,0.008989298716187477,0,0.029013345018029213,0.024000003933906555,0.0,0.029013345018029213,0,1.333597884900506e-10,6.938893903907228e-18,10,11,4,1,1,1,1,0,0,0,0.012000001966953278,0.012000001966953278,0.012000001966953278,0,0.05529997684061527,0.040793304331600666,0.014506672509014606,0.014506672509014606,1.2088891775988397,4.60833064802035,0,0,0.006074152287846447,-6.938893903907228e-18,1.6615384505345263,0.02410339416303994,6.938893903907228e-18,inf,0,0,0,3,4,0,0,0.023999996483325958
5011,14,1,0,14,30df0796e68639cad6d498f47e69dc3d4e787c66441305bc9ed9db837cbf4c8d,a535ba1b8d7e99504ccb325b7821a57fea9edfbe5f0a6ebe332b4f8e534117ba,0.008710382506251335,0.0,-0.0002736706519499421,-0.0002736706519499421,0.0,0.008710382506251335,0.0,0,1,0.9076921939849854,0.20944694064039504,13,1.661538353333106,0.0022947766261316917,0.0018118051508959582,0.008710382506251335,-0.0002736706519499421,0.008710382506251335,0.0002736706519499421,0.0019200664246454835,0.0063788252882659435,0.0019200664246454835,0,0.008710382273420691,0.0,2.3283064365386963e-10,0.008710382273420691,0,3.223594449101169e-10,4.336808689942018e-19,0,0,1,4,13,13,0,1,1,1,0.0,0.0,0.0,1,0.005288236774504185,0.000933045637793839,0.004355191136710346,0.004355191136710346,inf,inf,0,0,-0.000273670974309387,-4.336808689942018e-19,1.6615384505345263,0.00723631753307141,4.336808689942018e-19,inf,0,0,0,2,5,0,0,0.03599999938160181
5011,14,1,2,14,30df0796e68639cad6d498f47e69dc3d4e787c66441305bc9ed9db837cbf4c8d,a535ba1b8d7e99504ccb325b7821a57fea9edfbe5f0a6ebe332b4f8e534117ba,0.010223127901554108,0.0,0.00016255637456197292,0.00016255637456197292,0.0,0.010223127901554108,0.0,0,1,0.9076921939849854,0.20944694064039504,13,1.6615383533331063,0.00262620698262079,0.0019111059380133122,0.010223127901554108,0.00016255637456197292,0.010223127901554108,0.00016255637456197292,0.002857727464288473,0.0057748109102249146,0.002857727464288473,0,0.010223127668723464,0.0,2.3283064365386963e-10,0.010223127668723464,0,1.4323758520430607e-10,0.0,0,0,1,4,13,13,0,1,1,1,0.0,0.0,0.0,1,0.005999950226396322,0.0008883863920345902,0.005111563834361732,0.005111563834361732,inf,inf,0,0,0.0001625562313243877,0.0,1.661538450534526,0.008493059853153713,0.0,inf,0,0,0,3,4,0,0,0.03599999938160181
5011,14,1,3,14,30df0796e68639cad6d498f47e69dc3d4e787c66441305bc9ed9db837cbf4c8d,a535ba1b8d7e99504ccb325b7821a57fea9edfbe5f0a6ebe332b4f8e534117ba,0.0113661028444767,0.0,-0.002133303787559271,-0.002133303787559271,4.336808689942018e-19,0.0113661028444767,0.0,0,1,0.007692308165132999,0.2094469155167731,13,1.661538461366525,0.0026859126933283244,0.0019691522555569043,0.0113661028444767,-0.0021333037875592713,0.0113661028444767,0.0021333037875592713,0.0026779191102832556,0.008449830114841461,0.0026779191102832556,0,0.011366102378815413,0.0,4.656612873077393e-10,0.011366102378815413,0,2.0344757996337837e-10,2.168404344971009e-19,0,0,1,4,13,13,0,1,1,1,0.0,0.0,0.0,1,0.007586699677631259,0.0019036484882235527,0.005683051189407706,0.005683051189407706,inf,inf,0,0,-0.002133303991006851,2.168404344971009e-19,1.6615384522538923,0.009442608077328121,2.168404344971009e-19,inf,0,0,0,4,3,0,0,0.03599999938160181
5011,14,1,4,14,30df0796e68639cad6d498f47e69dc3d4e787c66441305bc9ed9db837cbf4c8d,a535ba1b8d7e99504ccb325b7821a57fea9edfbe5f0a6ebe332b4f8e534117ba,0.017161546275019646,0.03599999938160181,0.00012504072219599038,0.00012504072219599038,3.223808893448865e-11,0.017161546275019646,0.03599999938160181,1,3,0.9076921939849854,0.20944694064039504,13,1.661538353333106,0.004323765266899904,0.0027115318025930746,0.018838453106582165,0.00012504068995790145,0.018838453106582165,0.00012504068995790145,0.002128652995452285,0.004426221828907728,0.002128652995452285,0,0.017161546973511577,0.03599999938160181,6.984919309616089e-10,0.018838452408090234,0,1.1209429391645376e-10,8.673617379884035e-19,10,11,10,11,1,1,1,1,1,1,0.01799999945797026,0.01799999992363155,0.01799999945797026,0,0.011696037137880921,-0.0022768109338358045,0.009419226204045117,0.009419226204045117,0.5232903604268919,0.6497798605600517,0,0,0.00012504061010169647,3.223808806712691e-11,1.6615384505345263,0.01565040651230333,3.223808806712691e-11,485463234.65944016,1,0,0,1,1,1,1,0.03599999938160181
5011,14,1,5,14,30df0796e68639cad6d498f47e69dc3d4e787c66441305bc9ed9db837cbf4c8d,a535ba1b8d7e99504ccb325b7821a57fea9edfbe5f0a6ebe332b4f8e534117ba,0.011658474802970886,0.0,-0.0003921960305888206,-0.0003921960305888206,0.0,0.011658474802970886,0.0,0,1,0.007692307233810425,0.20944694064039504,13,1.661538353333106,0.0028771885151882377,0.0021054038086343973,0.011658474802970886,-0.0003921960305888206,0.011658474802970886,0.0003921960305888206,0.0030502709560096264,0.004754141438752413,0.0030502709560096264,0,0.011658475268632174,0.0,4.656612873077393e-10,0.011658475268632174,0,4.893030043640056e-10,4.336808689942018e-19,0,0,1,4,13,13,0,1,1,1,0.0,0.0,0.0,1,0.009395472006872296,0.0035662343725562096,0.005829237634316087,0.005829237634316087,inf,inf,0,0,-0.0003921955412858162,-4.336808689942018e-19,1.6615384505345263,0.009685502466719098,4.336808689942018e-19,inf,0,0,0,5,2,0,0,0.03599999938160181
5011,14,2,0,14,30df0796e68639cad6d498f47e69dc3d4e787c66441305bc9ed9db837cbf4c8d,a535ba1b8d7e99504ccb325b7821a57fea9edfbe5f0a6ebe332b4f8e534117ba,0.017685141414403915,0.024000000208616257,-0.003297051414847374,-0.003297051414847374,0.0,0.017685141414403915,0.024000000208616257,1,3,0.9076921939849854,0.20944694064039504,13,1.661538353333106,0.003991891945349692,0.0033715032702366986,0.006314858794212341,-0.003297051414847374,0.006314858794212341,0.003297051414847374,0.00485643558204174,0.004778427071869373,0.00485643558204174,0,0.01768514048308134,0.024000000208616257,9.313225746154785e-10,0.013662888668477535,0,1.905972707352127e-09,8.673617379884035e-19,10,11,10,0,1,1,1,1,0,0,0.012000000104308128,0.012000000104308128,0.012000000104308128,0,0.01225685141980648,0.005425407085567713,0.006831444334238768,0.006831444334238768,0.5692870229047919,1.021404276105476,0,0,-0.0032970495088746666,8.673617379884035e-19,1.6615384505345263,0.01135070743402395,8.673617379884035e-19,inf,0,0,0,2,2,0,0,0.011999998241662979
5011,14,2,1,14,30df0796e68639cad6d498f47e69dc3d4e787c66441305bc9ed9db837cbf4c8d,a535ba1b8d7e99504ccb325b7821a57fea9edfbe5f0a6ebe332b4f8e534117ba,0.0154259717091918,0.0,-0.005522564053535461,-0.005522564053535461,-1.734723475976807e-18,0.0154259717091918,0.0,0,1,0.9076921939849854,0.20944694064039504,13,1.661538353333106,0.00490533131505405,0.003959072423139973,0.0154259717091918,-0.00552256405353546,0.0154259717091918,0.00552256405353546,0.0010737039847299457,0.005117953754961491,0.0010737039847299457,0,0.0154259717091918,0.0,0.0,0.0154259717091918,0,1.3573637006047967e-11,8.673617379884035e-19,0,0,12,1,13,13,0,1,1,1,0.0,0.0,0.0,1,0.016317667439579964,0.008604681584984064,0.0077129858545959,0.0077129858545959,inf,inf,0,0,-0.005522564067109098,-8.673617379884035e-19,1.6615384505345263,0.012815422565839991,8.673617379884035e-19,inf,0,0,0,4,4,0,0,0.035999998450279236
5011,14,2,3,14,30df0796e68639cad6d498f47e69dc3d4e787c66441305bc9ed9db837cbf4c8d,a535ba1b8d7e99504ccb325b7821a57fea9edfbe5f0a6ebe332b4f8e534117ba,0.02277284301817417,0.035999998450279236,-0.0063996813260018826,-0.0063996813260018826,-0.016026922326097984,0.02277284301817417,0.035999998450279236,1,4,0.007692308165132999,0.2094469155167731,13,1.661538461366525,0.0044825428718017315,0.0038440064554648287,0.013227155432105064,0.009627241000096102,0.013227155432105064,0.009627241000096102,0.004800060298293829,0.009766594506800175,0.004800060298293829,0,0.022772842552512884,0.035999998450279236,4.656612873077393e-10,0.0163302649743855,0,4.227362609271479e-10,3.469446951953614e-18,10,11,10,11,1,1,1,1,1,1,0.017999999225139618,0.01549999974668026,0.01549999974668026,0,0.015117114875465631,0.0069519823882728815,0.00816513248719275,0.00816513248719275,0.5267827497185302,0.9752977498405035,0,0,-0.0063996817487381435,-0.016026922326097988,1.6615384522538923,0.013566681595218216,0.016026922326097988,0.8464932517409437,1,1,0,1,1,1,1,0.011999998241662979
5011,14,2,4,14,30df0796e68639cad6d498f47e69dc3d4e787c66441305bc9ed9db837cbf4c8d,a535ba1b8d7e99504ccb325b7821a57fea9edfbe5f0a6ebe332b4f8e534117ba,0.014633504673838615,0.0,-0.001966657815501094,-0.001966657815501094,-1.734723475976807e-18,0.014633504673838615,0.0,0,1,0.9076921939849854,0.20944694064039504,13,1.661538353333106,0.0045588422020696965,0.0038584057440066485,0.014633504673838615,-0.001966657815501092,0.014633504673838615,0.001966657815501092,0.00462134787812829,0.004707135260105133,0.00462134787812829,0,0.014633504673838615,0.0,0.0,0.014633504673838615,0,9.264371804429405e-10,2.6020852139652106e-18,0,0,10,0,13,13,0,1,1,1,0.0,0.0,0.0,1,0.015538470819592476,0.008221718482673168,0.007316752336919308,0.007316752336919308,inf,inf,0,0,-0.0019666568890639134,8.673617379884035e-19,1.6615384505345263,0.012157065340829781,8.673617379884035e-19,inf,0,0,0,5,5,0,0,0.035999998450279236
5011,14,2,5,14,30df0796e68639cad6d498f47e69dc3d4e787c66441305bc9ed9db837cbf4c8d,a535ba1b8d7e99504ccb325b7821a57fea9edfbe5f0a6ebe332b4f8e534117ba,0.015754595398902893,0.024000000208616257,-0.003944168332964182,-0.003944168332964182,0.0,0.015754595398902893,0.024000000208616257,1,3,0.007692307233810425,0.20944694064039504,13,1.661538353333106,0.003528564593958336,0.0026008098127221213,0.008245404809713364,-0.003944168332964182,0.008245404809713364,0.003944168332964182,0.0024778535589575768,0.00490129878744483,0.0024778535589575768,0,0.015754595398902893,0.024000000208616257,0.0,0.01384277269244194,0,3.2141099885751867e-09,0.0,10,11,10,0,1,1,1,1,0,0,0.012000000104308128,0.012000000104308128,0.012000000104308128,0,0.008212825283408165,-0.0012914389371871948,0.00692138634622097,0.00692138634622097,0.5767821905048249,0.6844021010016219,0,0,-0.003944165118854193,0.0,1.6615384505345263,0.011500149545250818,0.0,inf,0,0,0,3,3,0,0,0.011999998241662979
5011,15,0,1,15,244fb3f3a7cf017ea9205ce8cd22d4dec633a4ae3504e65cf653d0f21d96d04a,a535ba1b8d7e99504ccb325b7821a57fea9edfbe5f0a6ebe332b4f8e534117ba,0.01249389536678791,0.0,0.0004271758662071079,0.0004271758662071079,1.734723475976807e-18,0.01249389536678791,0.0,0,1,0.9076921939849854,0.20944694064039504,13,1.661538353333106,0.0034775988237237773,0.0027292181445649393,0.01249389536678791,0.00042717586620710617,0.01249389536678791,0.00042717586620710617,0.0034966813400387764,0.005791649222373962,0.0034966813400387764,0,0.01249389536678791,0.0,0.0,0.01249389536678791,0,7.169922936617334e-10,1.734723475976807e-18,0,0,8,7,13,13,0,1,1,1,0.0,0.0,0.0,1,0.007082998752593994,0.0008360510692000389,0.006246947683393955,0.006246947683393955,inf,inf,0,0,0.00042717514921481424,0.0,1.6615384505345263,0.010379543774436641,0.0,inf,0,0,0,4,5,0,0,0.04800000041723251
5011,15,0,2,15,244fb3f3a7cf017ea9205ce8cd22d4dec633a4ae3504e65cf653d0f21d96d04a,a535ba1b8d7e99504ccb325b7821a57fea9edfbe5f0a6ebe332b4f8e534117ba,0.01984134130179882,0.030000001192092896,0.002118677133694291,0.002118677133694291,-0.0020769226298882407,0.01984134130179882,0.030000001192092896,1,4,0.9076921939849854,0.20944694064039504,13,1.6615383533331063,0.0041408397783358475,0.0036741621649724896,0.010158659890294075,0.004195599763582532,0.010158659890294075,0.004195599763582532,0.004246040713042021,0.006487363018095493,0.004246040713042021,0,0.01984134191297926,0.030000001192092896,6.111804395914078e-10,0.012753238203004003,0,4.4633526301990356e-10,2.6020852139652106e-18,10,11,10,11,1,1,1,1,1,1,0.015000000596046448,0.01250000111758709,0.01250000111758709,0,0.011188787641003728,-0.004812168539501727,0.006376619101502001,0.006376619101502001,0.5101294825110302,0.8951029312518598,0,0,0.002118676687359028,-0.0020769226298882433,1.661538450534526,0.010594997821558497,0.0020769226298882433,5.101296345414947,0,0,0,2,2,0,0,0.017999999225139618
5011,15,0,3,15,244fb3f3a7cf017ea9205ce8cd22d4dec633a4ae3504e65cf653d0f21d96d04a,a535ba1b8d7e99504ccb325b7821a57fea9edfbe5f0a6ebe332b4f8e534117ba,0.02061782218515873,0.04800000041723251,-0.0089908791705966,-0.0089908791705966,-0.014330768662734103,0.02061782218515873,0.04800000041723251,1,5,0.9076923131942749,0.2094469155167731,13,1.661538461366525,0.009803424507134244,0.006162405917806738,0.027382178232073784,0.005339889492137503,0.027382178232073784,0.005339889492137503,0.0034392348024994135,0.009186457842588425,0.0034392348024994135,0,0.02061782218515873,0.04800000041723251,0.0,0.04203498363494873,0,9.322456695493031e-11,3.469446951953614e-18,10,1,10,7,1,1,1,1,0,0,0.015000000596046448,0.012000000104308128,0.012000000104308128,0,0.021092131733894348,7.463991641998291e-05,0.021017491817474365,0.021017491817474365,1.7514576362319247,1.757677629212857,0,0,-0.008990879077372033,-0.014330768662734106,1.6615384522538923,0.034921370824665204,0.014330768662734106,2.4368107284764937,1,0,0,1,1,1,1,0.017999999225139618
5011,15,0,4,15,244fb3f3a7cf017ea9205ce8cd22d4dec633a4ae3504e65cf653d0f21d96d04a,a535ba1b8d7e99504ccb325b7821a57fea9edfbe5f0a6ebe332b4f8e534117ba,0.01369420811533928,0.0,-0.0031639207154512405,-0.0031639207154512405,0.0,0.01369420811533928,0.0,0,1,0.007692307233810425,0.20944694064039504,13,1.661538353333106,0.004208734242016607,0.0035040026927399917,0.01369420811533928,-0.0031639207154512405,0.01369420811533928,0.0031639207154512405,0.0039651766419410706,0.00628322409465909,0.0039651766419410706,0,0.01369420811533928,0.0,0.0,0.01369420811533928,0,1.033400483241298e-10,8.673617379884035e-19,0,0,8,7,13,13,0,1,1,1,0.0,0.0,0.0,1,0.007433360442519188,-0.0005862563848495483,0.00684710405766964,0.00684710405766964,inf,inf,0,0,-0.003163920612111192,-8.673617379884035e-19,1.6615384505345263,0.01137672666662908,8.673617379884035e-19,inf,0,0,0,5,4,0,0,0.04800000041723251
5011,15,0,5,15,244fb3f3a7cf017ea9205ce8cd22d4dec633a4ae3504e65cf653d0f21d96d04a,a535ba1b8d7e99504ccb325b7821a57fea9edfbe5f0a6ebe332b4f8e534117ba,0.018924802541732788,0.024000000208616257,0.0009742676629684865,0.0009742676629684865,0.0,0.018924802541732788,0.024000000208616257,1,3,0.9076921939849854,0.20944694064039504,13,1.661538353333106,0.003159999428835957,0.002489156244025075,0.005075197666883469,0.0009742676629684865,0.005075197666883469,0.0009742676629684865,0.003381810849532485,0.009236318059265614,0.003381810849532485,0,0.018924802890978754,0.024000000208616257,3.4924596548080444e-10,0.012924651382490993,0,5.6487825614987e-10,0.0,10,11,10,11,1,1,1,1,1,1,0.012000000104308128,0.012000000104308128,0.012000000104308128,0,0.009402037365362048,-0.002939711674116552,0.006462325691245496,0.006462325691245496,0.5385271362560615,0.7835031069696922,0,0,0.0009742682278467427,0.0,1.6615384505345263,0.010737402615881504,0.0,inf,0,0,0,3,3,0,0,0.024000000208616257
5011,15,1,0,15,244fb3f3a7cf017ea9205ce8cd22d4dec633a4ae3504e65cf653d0f21d96d04a,a535ba1b8d7e99504ccb325b7821a57fea9edfbe5f0a6ebe332b4f8e534117ba,0.007228773552924395,0.0,0.0003407972399145365,0.0003407972399145365,0.0,0.007228773552924395,0.0,0,1,0.9076921939849854,0.20944694064039504,13,1.661538353333106,0.001992162137663497,0.0016622467396351008,0.007228773552924395,0.0003407972399145365,0.007228773552924395,0.0003407972399145365,0.0032511218450963497,0.0035822063218802214,0.0032511218450963497,0,0.007228773552924395,0.0,0.0,0.007228773552924395,0,8.824994294359678e-10,0.0,0,0,1,4,13,13,0,1,1,1,0.0,0.0,0.0,1,0.014764345716685057,0.01114995894022286,0.0036143867764621973,0.0036143867764621973,inf,inf,0,0,0.0003407981224139659,0.0,1.6615384505345263,0.006005442604195481,0.0,inf,0,0,0,2,5,0,0,0.03599999938160181
5011,15,1,2,15,244fb3f3a7cf017ea9205ce8cd22d4dec633a4ae3504e65cf653d0f21d96d04a,a535ba1b8d7e99504ccb325b7821a57fea9edfbe5f0a6ebe332b4f8e534117ba,0.008932853117585182,0.0,-7.319446740439162e-05,-7.319446740439162e-05,0.0,0.008932853117585182,0.0,0,1,0.9076921939849854,0.20944694064039504,13,1.6615383533331063,0.002466162563611604,0.0018529410435426867,0.008932853117585182,-7.319446740439162e-05,0.008932853117585182,7.319446740439162e-05,0.0028779292479157448,0.004068014211952686,0.0028779292479157448,0,0.008932852651923895,0.0,4.656612873077393e-10,0.008932852651923895,0,6.305086782537606e-10,1.734723475976807e-18,0,0,7,4,13,13,0,1,1,1,0.0,0.0,0.0,1,0.0157650881446898,0.011298661818727851,0.0044664263259619474,0.0044664263259619474,inf,inf,0,0,-7.319509791306987e-05,1.734723475976807e-18,1.661538450534526,0.007421139077065431,1.734723475976807e-18,inf,0,0,0,3,4,0,0,0.03599999938160181
5011,15,1,3,15,244fb3f3a7cf017ea9205ce8cd22d4dec633a4ae3504e65cf653d0f21d96d04a,a535ba1b8d7e99504ccb325b7821a57fea9edfbe5f0a6ebe332b4f8e534117ba,0.01041303388774395,0.0,-0.0022288833279162645,-0.0022288833279162645,0.0,0.01041303388774395,0.0,0,1,0.9076923131942749,0.2094469155167731,13,1.661538461366525,0.002501171649675889,0.0020248026686263154,0.01041303388774395,-0.0022288833279162645,0.01041303388774395,0.0022288833279162645,0.002531236968934536,0.0040073697455227375,0.002531236968934536,0,0.010413034004159272,0.0,1.1641532182693481e-10,0.010413034004159272,0,5.723082559076775e-10,1.734723475976807e-18,0,0,1,4,13,13,0,1,1,1,0.0,0.0,0.0,1,0.019354789634235203,0.014148272632155567,0.005206517002079636,0.005206517002079636,inf,inf,0,0,-0.0022288839002245204,1.734723475976807e-18,1.6615384522538923,0.008650828201268973,1.734723475976807e-18,inf,0,0,0,4,2,0,0,0.03599999938160181
5011,15,1,4,15,244fb3f3a7cf017ea9205ce8cd22d4dec633a4ae3504e65cf653d0f21d96d04a,a535ba1b8d7e99504ccb325b7821a57fea9edfbe5f0a6ebe332b4f8e534117ba,0.01891408860683441,0.03599999938160181,0.0005506420857273042,0.0005506420857273042,3.223808850080778e-11,0.01891408860683441,0.03599999938160181,1,3,0.007692307233810425,0.20944694064039504,13,1.661538353333106,0.0037757403146625058,0.0022228329818552504,0.0170859107747674,0.0005506420534892157,0.0170859107747674,0.0005506420534892157,0.0042564524337649345,0.0035175196826457977,0.0042564524337649345,0,0.018914089538156986,0.03599999938160181,9.313225746154785e-10,0.017085909843444824,0,3.1483386709295347e-10,5.421010862427522e-20,10,11,10,11,1,1,1,1,1,1,0.01799999945797026,0.01799999992363155,0.01799999945797026,0,0.011307635344564915,-0.0027646804228425026,0.008542954921722412,0.008542954921722412,0.47460862105413326,0.6282019825038373,1,0,0.0005506417708934371,3.223808855501789e-11,1.6615384505345263,0.014194448083624963,3.223808855501789e-11,440300548.81822646,1,0,0,1,1,1,1,0.03599999938160181
5011,15,1,5,15,244fb3f3a7cf017ea9205ce8cd22d4dec633a4ae3504e65cf653d0f21d96d04a,a535ba1b8d7e99504ccb325b7821a57fea9edfbe5f0a6ebe332b4f8e534117ba,0.009456136263906956,0.0,-0.0018197385361418128,-0.0018197385361418128,-6.938893903907228e-18,0.009456136263906956,0.0,0,1,0.9076921939849854,0.20944694064039504,13,1.661538353333106,0.0025542209919585694,0.002168992696847965,0.009456136263906956,-0.0018197385361418059,0.009456136263906956,0.0018197385361418059,0.0023368801921606064,0.0026805081870406866,0.0023368801921606064,0,0.009456136380322278,0.0,1.1641532182693481e-10,0.009456136380322278,0,1.6973534817249503e-10,5.204170427930421e-18,0,0,1,11,13,13,0,1,1,1,0.0,0.0,0.0,1,0.019240593654103577,0.014512525463942438,0.004728068190161139,0.004728068190161139,inf,inf,0,0,-0.001819738705877161,-1.734723475976807e-18,1.6615384505345263,0.00785586709470192,1.734723475976807e-18,inf,0,0,0,5,3,0,0,0.03599999938160181
5011,15,2,0,15,244fb3f3a7cf017ea9205ce8cd22d4dec633a4ae3504e65cf653d0f21d96d04a,a535ba1b8d7e99504ccb325b7821a57fea9edfbe5f0a6ebe332b4f8e534117ba,0.020987503230571747,0.024000000208616257,-4.798445661435835e-05,-4.798445661435835e-05,0.0,0.020987503230571747,0.024000000208616257,1,3,0.9076921939849854,0.20944694064039504,13,1.661538353333106,0.004446912196622622,0.003788250625221687,0.00301249697804451,-4.798445661435835e-05,0.00301249697804451,4.798445661435835e-05,0.004314161371439695,0.00802687183022499,0.004314161371439695,0,0.02098750416189432,0.024000000208616257,9.313225746154785e-10,0.012646309100091457,0,1.478512520747266e-09,2.168404344971009e-19,10,11,10,0,1,1,1,1,0,0,0.012000000104308128,0.012000000104308128,0.012000000104308128,0,0.022733671590685844,0.016410517040640116,0.006323154550045729,0.006323154550045729,0.5269295412568912,1.894472616089746,0,0,-4.79829781018376e-05,-2.168404344971009e-19,1.6615384505345263,0.01050616441357332,2.168404344971009e-19,inf,0,0,0,2,3,0,0,0.011999998241662979
5011,15,2,1,15,244fb3f3a7cf017ea9205ce8cd22d4dec633a4ae3504e65cf653d0f21d96d04a,a535ba1b8d7e99504ccb325b7821a57fea9edfbe5f0a6ebe332b4f8e534117ba,0.01937326043844223,0.0,-0.00635196128860116,-0.00635196128860116,0.0,0.01937326043844223,0.0,0,1,0.9076921939849854,0.20944694064039504,13,1.661538353333106,0.00581607629355289,0.004620826400860526,0.01937326043844223,-0.00635196128860116,0.01937326043844223,0.00635196128860116,0.002687714993953705,0.007548224646598101,0.002687714993953705,0,0.019373259507119656,0.0,9.313225746154785e-10,0.019373259507119656,0,4.93400625911633e-10,0.0,0,0,10,0,13,13,0,1,1,1,0.0,0.0,0.0,1,0.0318390354514122,0.022152405697852373,0.009686629753559828,0.009686629753559828,inf,inf,0,0,-0.006351960795200534,0.0,1.6615384505345263,0.016094707791631437,0.0,inf,0,0,0,4,4,0,0,0.035999998450279236
5011,15,2,3,15,244fb3f3a7cf017ea9205ce8cd22d4dec633a4ae3504e65cf653d0f21d96d04a,a535ba1b8d7e99504ccb325b7821a57fea9edfbe5f0a6ebe332b4f8e534117ba,0.021671047434210777,0.035999998450279236,-0.0057850792072713375,-0.0057850792072713375,-0.016407691552676268,0.021671047434210777,0.035999998450279236,1,4,0.9076923131942749,0.2094469155167731,13,1.661538461366525,0.004473242902671424,0.0033819016796597357,0.014328951016068459,0.01062261234540493,0.014328951016068459,0.01062261234540493,0.005320653319358826,0.011600545607507229,0.005320653319358826,0,0.021671047434210777,0.035999998450279236,0.0,0.017171528190374374,0,1.8591516841651168e-09,0.0,10,11,10,11,1,1,1,1,1,1,0.014999998733401299,0.017999999225139618,0.014999998733401299,0,0.016594277694821358,0.00800851359963417,0.008585764095187187,0.008585764095187187,0.5723843213445617,1.10628527306939,0,0,-0.005785077348119653,-0.016407691552676268,1.6615384522538923,0.01426557718613436,0.016407691552676268,0.8694445004853527,1,1,0,1,2,1,0,0.011999998241662979
5011,15,2,4,15,244fb3f3a7cf017ea9205ce8cd22d4dec633a4ae3504e65cf653d0f21d96d04a,a535ba1b8d7e99504ccb325b7821a57fea9edfbe5f0a6ebe332b4f8e534117ba,0.01937144622206688,0.0,-0.0010246725287288427,-0.0010246725287288427,0.0,0.01937144622206688,0.0,0,1,0.007692307233810425,0.20944694064039504,13,1.661538353333106,0.005409375501123543,0.004315603733856297,0.01937144622206688,-0.0010246725287288427,0.01937144622206688,0.0010246725287288427,0.004775047767907381,0.009531408548355103,0.004775047767907381,0,0.019371447153389454,0.0,9.313225746154785e-10,0.019371447153389454,0,2.216886233613602e-09,1.0842021724855044e-19,0,0,10,4,13,13,0,1,1,1,0.0,0.0,0.0,1,0.03237831965088844,0.022692596074193716,0.009685723576694727,0.009685723576694727,inf,inf,0,0,-0.0010246703118426091,-1.0842021724855044e-19,1.6615384505345263,0.016093202143927086,1.0842021724855044e-19,inf,0,0,0,5,5,0,0,0.035999998450279236
5011,15,2,5,15,244fb3f3a7cf017ea9205ce8cd22d4dec633a4ae3504e65cf653d0f21d96d04a,a535ba1b8d7e99504ccb325b7821a57fea9edfbe5f0a6ebe332b4f8e534117ba,0.023658692836761475,0.024000000208616257,-0.006204383913427591,-0.006204383913427591,4.336808689942018e-19,0.023658692836761475,0.024000000208616257,1,3,0.9076921939849854,0.20944694064039504,13,1.661538353333106,0.00427878200194715,0.003646016506665557,0.0003413073718547821,-0.006204383913427591,0.0003413073718547821,0.006204383913427591,0.005421062931418419,0.01068052276968956,0.005421062931418419,0,0.02365869376808405,0.024000000208616257,9.313225746154785e-10,0.014296934939920902,0,1.4810579871890606e-09,5.421010862427522e-19,10,11,10,0,1,1,1,1,0,0,0.012000000104308128,0.012000000104308128,0.012000000104308128,0,0.025790348649024963,0.018641881179064512,0.007148467469960451,0.007148467469960451,0.5957056173186261,2.1491957020705317,0,0,-0.006204382432369604,-1.0842021724855044e-19,1.6615384505345263,0.011877453563734553,1.0842021724855044e-19,inf,0,0,0,3,1,0,1,0.011999998241662979
5011,16,0,1,16,6f791a7b98c66aba1bbdb034ea41897e3cc560e141a7b27a28113737625e5d5c,a535ba1b8d7e99504ccb325b7821a57fea9edfbe5f0a6ebe332b4f8e534117ba,0.01143654529005289,0.0,-5.359295755624771e-06,-5.359295755624771e-06,1.734723475976807e-18,0.01143654529005289,0.0,0,1,0.9076921939849854,0.20944694064039504,13,1.661538353333106,0.0030317655069373515,0.0022852616549948967,0.01143654529005289,-5.359295755626506e-06,0.01143654529005289,5.359295755626506e-06,0.003026335034519434,0.004659178666770458,0.003026335034519434,0,0.01143654529005289,0.0,0.0,0.01143654529005289,0,6.806173706228047e-10,1.734723475976807e-18,0,0,8,11,13,13,0,1,1,1,0.0,0.0,0.0,1,0.009346362203359604,0.0036280895583331585,0.005718272645026445,0.005718272645026445,inf,inf,0,0,-5.358615138254148e-06,0.0,1.6615384505345263,0.009501129870351208,0.0,inf,0,0,0,4,5,0,0,0.04800000041723251
5011,16,0,2,16,6f791a7b98c66aba1bbdb034ea41897e3cc560e141a7b27a28113737625e5d5c,a535ba1b8d7e99504ccb325b7821a57fea9edfbe5f0a6ebe332b4f8e534117ba,0.017702313140034676,0.030000001192092896,0.0012933543184772134,0.0012933543184772134,-0.0020769226298882407,0.017702313140034676,0.030000001192092896,1,4,0.9076921939849854,0.20944694064039504,13,1.6615383533331063,0.003946777513942313,0.003357880431938277,0.01229768805205822,0.003370276948365454,0.01229768805205822,0.003370276948365454,0.0028324532322585583,0.006820509675890207,0.0028324532322585583,0,0.017702313838526607,0.030000001192092896,6.984919309616089e-10,0.013411257416009903,0,5.25153922951993e-10,2.6020852139652106e-18,10,11,10,11,1,1,1,1,1,1,0.015000000596046448,0.01250000111758709,0.01250000111758709,0,0.007933078333735466,-0.0012274496257305145,0.0067056287080049515,0.0067056287080049515,0.5364502486780064,0.6346462099570445,0,0,0.0012933548436311363,-0.0020769226298882433,1.661538450534526,0.011141659933358384,0.0020769226298882433,5.364504085526721,0,0,0,2,2,0,0,0.017999999225139618
5011,16,0,3,16,6f791a7b98c66aba1bbdb034ea41897e3cc560e141a7b27a28113737625e5d5c,a535ba1b8d7e99504ccb325b7821a57fea9edfbe5f0a6ebe332b4f8e534117ba,0.021977826952934265,0.04800000041723251,-0.009769431315362453,-0.009769431315362453,-0.014330768662734103,0.021977826952934265,0.04800000041723251,1,5,0.9076923131942749,0.2094469155167731,13,1.661538461366525,0.009306710576611157,0.0056525538923472346,0.02602217346429825,0.004561337347371649,0.02602217346429825,0.004561337347371649,0.0035468225833028555,0.012308303266763687,0.0035468225833028555,0,0.021977826952934265,0.04800000041723251,0.0,0.03971637040376663,0,1.8898572290426685e-10,3.469446951953614e-18,10,1,10,11,1,1,1,1,0,0,0.015000000596046448,0.012000000104308128,0.012000000104308128,0,0.023198237642645836,0.00334005244076252,0.019858185201883316,0.019858185201883316,1.654848752439095,1.9331864534165646,0,0,-0.009769431504348176,-0.014330768662734106,1.6615384522538923,0.032995138304908356,0.014330768662734106,2.3023983626718705,1,0,0,1,1,1,1,0.017999999225139618
5011,16,0,4,16,6f791a7b98c66aba1bbdb034ea41897e3cc560e141a7b27a28113737625e5d5c,a535ba1b8d7e99504ccb325b7821a57fea9edfbe5f0a6ebe332b4f8e534117ba,0.01206920389086008,0.0,-0.0031865432392805815,-0.0031865432392805815,1.734723475976807e-18,0.01206920389086008,0.0,0,1,0.9076921939849854,0.20944694064039504,13,1.661538353333106,0.0035379955174547413,0.0029244720054096016,0.01206920389086008,-0.003186543239280583,0.01206920389086008,0.003186543239280583,0.002465785015374422,0.005040578544139862,0.002465785015374422,0,0.01206920389086008,0.0,0.0,0.01206920389086008,0,9.632585224253476e-11,1.734723475976807e-18,0,0,8,11,13,13,0,1,1,1,0.0,0.0,0.0,1,0.008148852735757828,0.0021142507903277874,0.00603460194543004,0.00603460194543004,inf,inf,0,0,-0.0031865431429547292,0.0,1.6615384505345263,0.010026723166002467,0.0,inf,0,0,0,5,4,0,0,0.04800000041723251
5011,16,0,5,16,6f791a7b98c66aba1bbdb034ea41897e3cc560e141a7b27a28113737625e5d5c,a535ba1b8d7e99504ccb325b7821a57fea9edfbe5f0a6ebe332b4f8e534117ba,0.01672133430838585,0.024000000208616257,-5.378853529691696e-06,-5.378853529691696e-06,0.0,0.01672133430838585,0.024000000208616257,1,3,0.9076921939849854,0.20944694064039504,13,1.661538353333106,0.0026796835154407547,0.002039258704471165,0.007278665900230408,-5.378853529691696e-06,0.007278665900230408,5.378853529691696e-06,0.004637242294847965,0.005829547997564077,0.004637242294847965,0,0.016721333609893918,0.024000000208616257,6.984919309616089e-10,0.009754549246281385,0,5.570381586550432e-10,8.673617379884035e-19,10,11,10,11,1,1,1,1,1,1,0.012000000104308128,0.012000000104308128,0.012000000104308128,0,0.005102548748254776,0.0002252741251140833,0.004877274623140693,0.004877274623140693,0.4064395483954787,0.4252123919918056,1,0,-5.378296491533041e-06,-8.673617379884035e-19,1.6615384505345263,0.008103779320164553,8.673617379884035e-19,inf,0,0,0,3,3,0,0,0.024000000208616257
5011,16,1,0,16,6f791a7b98c66aba1bbdb034ea41897e3cc560e141a7b27a28113737625e5d5c,a535ba1b8d7e99504ccb325b7821a57fea9edfbe5f0a6ebe332b4f8e534117ba,0.00962444394826889,0.0,0.0001235911768162623,0.0001235911768162623,-4.336808689942018e-19,0.00962444394826889,0.0,0,1,0.9076921939849854,0.20944694064039504,13,1.661538353333106,0.0022321538614897005,0.0015462275577940532,0.00962444394826889,0.00012359117681626274,0.00962444394826889,0.00012359117681626274,0.0036818459630012512,0.005498441867530346,0.0036818459630012512,0,0.009624443715438247,0.0,2.3283064365386963e-10,0.009624443715438247,0,2.2894776612741863e-10,4.336808689942018e-19,0,0,1,4,13,13,0,1,1,1,0.0,0.0,0.0,1,0.005404449533671141,0.0005922276759520173,0.004812221857719123,0.004812221857719123,inf,inf,0,0,0.00012359094786849618,0.0,1.6615384505345263,0.007995691649103012,0.0,inf,0,0,0,2,5,0,0,0.03599999938160181
5011,16,1,2,16,6f791a7b98c66aba1bbdb034ea41897e3cc560e141a7b27a28113737625e5d5c,a535ba1b8d7e99504ccb325b7821a57fea9edfbe5f0a6ebe332b4f8e534117ba,0.010075394064188004,0.0,-0.00014255735732149333,-0.00014255735732149333,0.0,0.010075394064188004,0.0,0,1,0.9076921939849854,0.20944694064039504,13,1.6615383533331063,0.0025680213381801173,0.0019724750050933225,0.010075394064188004,-0.00014255735732149333,0.010075394064188004,0.00014255735732149333,0.0037386263720691204,0.004342570435255766,0.0037386263720691204,0,0.010075393598526716,0.0,4.656612873077393e-10,0.010075393598526716,0,1.5285842903944857e-10,0.0,0,0,1,4,13,13,0,1,1,1,0.0,0.0,0.0,1,0.005819078767672181,0.000781381968408823,0.005037696799263358,0.005037696799263358,inf,inf,0,0,-0.00014255751017992237,0.0,1.661538450534526,0.008370326934110781,0.0,inf,0,0,0,3,4,0,0,0.03599999938160181
5011,16,1,3,16,6f791a7b98c66aba1bbdb034ea41897e3cc560e141a7b27a28113737625e5d5c,a535ba1b8d7e99504ccb325b7821a57fea9edfbe5f0a6ebe332b4f8e534117ba,0.011008800938725471,0.0,-0.00292146485298872,-0.00292146485298872,4.336808689942018e-19,0.011008800938725471,0.0,0,1,0.9076923131942749,0.2094469155167731,13,1.661538461366525,0.002631135717858254,0.002027747074566429,0.011008800938725471,-0.0029214648529887204,0.011008800938725471,0.0029214648529887204,0.0033373432233929634,0.007058578077703714,0.0033373432233929634,0,0.011008801404386759,0.0,4.656612873077393e-10,0.011008801404386759,0,1.3747759224427836e-10,2.168404344971009e-19,0,0,1,4,13,13,0,1,1,1,0.0,0.0,0.0,1,0.009112526895478368,0.0036081261932849884,0.005504400702193379,0.005504400702193379,inf,inf,0,0,-0.002921464990466312,2.168404344971009e-19,1.6615384522538923,0.009145773423307626,2.168404344971009e-19,inf,0,0,0,4,2,0,0,0.03599999938160181
5011,16,1,4,16,6f791a7b98c66aba1bbdb034ea41897e3cc560e141a7b27a28113737625e5d5c,a535ba1b8d7e99504ccb325b7821a57fea9edfbe5f0a6ebe332b4f8e534117ba,0.019750438630580902,0.03599999938160181,0.0010187808657065034,0.0010187808657065034,3.223808893448865e-11,0.019750438630580902,0.03599999938160181,1,3,0.9076921939849854,0.20944694064039504,13,1.661538353333106,0.003654175633424275,0.0022357390083086034,0.01624956075102091,0.0010187808334684145,0.01624956075102091,0.0010187808334684145,0.003291831584647298,0.00407509645447135,0.003291831584647298,0,0.01975043909624219,0.03599999938160181,4.656612873077393e-10,0.01624956028535962,0,9.43362749028509e-12,8.673617379884035e-19,10,11,10,11,1,1,1,1,1,1,0.01799999945797026,0.01799999992363155,0.01799999945797026,0,0.009232889395207167,-0.0011081092525273561,0.00812478014267981,0.00812478014267981,0.4513766881855222,0.5129383151797215,1,0,0.001018780856272876,3.223808806712691e-11,1.6615384505345263,0.0134996346092019,3.223808806712691e-11,418747990.9197047,1,0,0,1,1,1,1,0.03599999938160181
5011,16,1,5,16,6f791a7b98c66aba1bbdb034ea41897e3cc560e141a7b27a28113737625e5d5c,a535ba1b8d7e99504ccb325b7821a57fea9edfbe5f0a6ebe332b4f8e534117ba,0.010942870751023293,0.0,-0.0036210024263709784,-0.0036210024263709784,0.0,0.010942870751023293,0.0,0,1,0.9076921939849854,0.20944694064039504,13,1.661538353333106,0.0028280323309329593,0.0023094282873710563,0.010942870751023293,-0.0036210024263709784,0.010942870751023293,0.0036210024263709784,0.006587854120880365,0.004708125721663237,0.006587854120880365,0,0.01094287121668458,0.0,4.656612873077393e-10,0.01094287121668458,0,5.511215615816578e-12,0.0,0,0,1,11,13,13,0,1,1,1,0.0,0.0,0.0,1,0.00803889543749392,0.0025674598291516304,0.00547143560834229,0.00547143560834229,inf,inf,0,0,-0.0036210024208597627,0.0,1.6615384505345263,0.009091000642884482,0.0,inf,0,0,0,5,3,0,0,0.03599999938160181
5011,16,2,0,16,6f791a7b98c66aba1bbdb034ea41897e3cc560e141a7b27a28113737625e5d5c,a535ba1b8d7e99504ccb325b7821a57fea9edfbe5f0a6ebe332b4f8e534117ba,0.01773294061422348,0.024000000208616257,-0.0016426410293206573,-0.0016426410293206573,0.0,0.01773294061422348,0.024000000208616257,1,3,0.9076921939849854,0.20944694064039504,13,1.661538353333106,0.0042619002224204144,0.003646641539839598,0.0062670595943927765,-0.0016426410293206573,0.0062670595943927765,0.0016426410293206573,0.00596701679751277,0.008263782598078251,0.00596701679751277,0,0.017732941545546055,0.024000000208616257,9.313225746154785e-10,0.013500478118658066,0,1.757108598378354e-09,2.168404344971009e-19,10,11,10,4,1,1,1,1,0,0,0.012000000104308128,0.012000000104308128,0.012000000104308128,0,0.022769522853195667,0.016019283793866634,0.006750239059329033,0.006750239059329033,0.5625199167211361,1.8974602212729286,0,0,-0.0016426392722120589,-2.168404344971009e-19,1.6615384505345263,0.0112157817473752,2.168404344971009e-19,inf,0,0,0,2,2,0,0,0.011999998241662979
5011,16,2,1,16,6f791a7b98c66aba1bbdb034ea41897e3cc560e141a7b27a28113737625e5d5c,a535ba1b8d7e99504ccb325b7821a57fea9edfbe5f0a6ebe332b4f8e534117ba,0.01738685369491577,0.0,-0.003823518520221114,-0.003823518520221114,0.0,0.01738685369491577,0.0,0,1,0.9076921939849854,0.20944694064039504,13,1.661538353333106,0.005421818930384029,0.004475949365182742,0.01738685369491577,-0.003823518520221114,0.01738685369491577,0.003823518520221114,0.00283984187990427,0.006076928228139877,0.00283984187990427,0,0.017386854626238346,0.0,9.313225746154785e-10,0.017386854626238346,0,2.1924381407578686e-09,0.0,0,0,10,1,13,13,0,1,1,1,0.0,0.0,0.0,1,0.028371846303343773,0.0196784189902246,0.008693427313119173,0.008693427313119173,inf,inf,0,0,-0.0038235163277829734,0.0,1.6615384505345263,0.01444446374767456,0.0,inf,0,0,0,4,3,0,0,0.035999998450279236
5011,16,2,3,16,6f791a7b98c66aba1bbdb034ea41897e3cc560e141a7b27a28113737625e5d5c,a535ba1b8d7e99504ccb325b7821a57fea9edfbe5f0a6ebe332b4f8e534117ba,0.017368393018841743,0.035999998450279236,-0.004698959644883871,-0.004698959644883871,-0.016407691552676268,0.017368393018841743,0.035999998450279236,1,4,0.9076923131942749,0.2094469155167731,13,1.661538461366525,0.004761685952025953,0.0036608291095530494,0.018631605431437492,0.011708731907792397,0.018631605431437492,0.011708731907792397,0.005277493502944708,0.007944460958242416,0.005277493502944708,0,0.017368393018841743,0.035999998450279236,0.0,0.018631605431437492,0,3.6776360689411147e-10,0.0,10,11,10,11,1,1,1,1,1,1,0.014999998733401299,0.017999999225139618,0.014999998733401299,0,0.01588948629796505,0.0065736835822463036,0.009315802715718746,0.009315802715718746,0.6210535668229592,1.059299175978134,0,0,-0.004698960012647478,-0.016407691552676268,1.6615384522538923,0.015478564425777932,0.016407691552676268,0.9433724650469318,1,1,0,1,4,1,0,0.011999998241662979
5011,16,2,4,16,6f791a7b98c66aba1bbdb034ea41897e3cc560e141a7b27a28113737625e5d5c,a535ba1b8d7e99504ccb325b7821a57fea9edfbe5f0a6ebe332b4f8e534117ba,0.015776479616761208,0.0,-0.0030305401887744665,-0.0030305401887744665,0.0,0.015776479616761208,0.0,0,1,0.9076921939849854,0.20944694064039504,13,1.661538353333106,0.004783991150900209,0.004150101881937163,0.015776479616761208,-0.0030305401887744665,0.015776479616761208,0.0030305401887744665,0.005794947501271963,0.0062850103713572025,0.005794947501271963,0,0.015776479616761208,0.0,0.0,0.015776479616761208,0,2.8964244093432345e-09,0.0,0,0,10,4,13,13,0,1,1,1,0.0,0.0,0.0,1,0.026942813768982887,0.019054573960602283,0.007888239808380604,0.007888239808380604,inf,inf,0,0,-0.003030537292350057,0.0,1.6615384505345263,0.013106613748661478,0.0,inf,0,0,0,5,5,0,0,0.035999998450279236
5011,16,2,5,16,6f791a7b98c66aba1bbdb034ea41897e3cc560e141a7b27a28113737625e5d5c,a535ba1b8d7e99504ccb325b7821a57fea9edfbe5f0a6ebe332b4f8e534117ba,0.018437843769788742,0.024000000208616257,-0.004201266448944807,-0.004201266448944807,0.0,0.018437843769788742,0.024000000208616257,1,3,0.9076921939849854,0.20944694064039504,13,1.661538353333106,0.004189530598791213,0.0034461392850212787,0.005562156438827515,-0.004201266448944807,0.005562156438827515,0.004201266448944807,0.008269204758107662,0.006115395575761795,0.008269204758107662,0,0.018437844701111317,0.024000000208616257,9.313225746154785e-10,0.015320808626711369,0,1.942281541329749e-09,2.710505431213761e-19,10,11,10,0,1,1,1,1,0,0,0.012000000104308128,0.012000000104308128,0.012000000104308128,0,0.024140210822224617,0.016479806508868933,0.007660404313355684,0.007660404313355684,0.6383670205640679,2.0116842176991336,0,0,-0.004201268391226348,-2.710505431213761e-19,1.6615384505345263,0.012728056313281005,2.710505431213761e-19,inf,0,0,0,3,1,0,1,0.011999998241662979
5011,17,0,1,17,9aaf662520f33272f315f4bc5b04d26c94ab38ed90125ee5c56a400d23b9a3e2,a535ba1b8d7e99504ccb325b7821a57fea9edfbe5f0a6ebe332b4f8e534117ba,0.032407090067863464,0.0,0.000551250297576189,0.000551250297576189,2.7755575615628914e-17,0.032407090067863464,0.0,0,1,0.9076921939849854,0.20944694064039504,13,1.661538353333106,0.009245346553005226,0.007251098123792361,0.032407090067863464,0.0005512502975761613,0.032407090067863464,0.0005512502975761613,0.009538382291793823,0.014450999908149242,0.009538382291793823,0,0.032407091464847326,0.0,1.3969838619232178e-09,0.032407091464847326,0,2.0989890121142496e-09,2.7755575615628914e-17,0,0,8,1,13,13,0,1,1,1,0.0,0.0,0.0,1,0.08778243651613593,0.07157889078371227,0.016203545732423663,0.016203545732423663,inf,inf,0,0,0.0005512523965652012,0.0,1.6615384505345263,0.026922814269416548,0.0,inf,0,0,0,4,4,0,0,0.04800000041723251
5011,17,0,2,17,9aaf662520f33272f315f4bc5b04d26c94ab38ed90125ee5c56a400d23b9a3e2,a535ba1b8d7e99504ccb325b7821a57fea9edfbe5f0a6ebe332b4f8e534117ba,0.03756691515445709,0.030000001192092896,-0.000668311957269907,-0.000668311957269907,0.0020769210824599788,0.03756691515445709,0.030000001192092896,1,4,0.9076921939849854,0.20944694064039504,13,1.6615383533331063,0.011307194642964005,0.009178251945606525,0.007566913962364197,-0.0027452330397298857,0.007566913962364197,0.0027452330397298857,0.007192071061581373,0.01571093499660492,0.007192071061581373,0,0.03756691550370306,0.030000001192092896,3.4924596548080444e-10,0.04160316754132509,0,1.2948451148103723e-09,6.938893903907228e-18,10,11,10,3,1,1,1,1,0,0,0.012500002980232239,0.015000000596046448,0.012500002980232239,0,0.1032583424821496,0.08245675871148705,0.020801583770662546,0.020801583770662546,1.6641263048943746,8.260665429075853,0,0,-0.0006683106624247922,0.002076921082459972,1.661538450534526,0.03456263126697079,0.002076921082459972,16.641282886894142,0,0,0,2,1,0,1,0.017999999225139618
5011,17,0,3,17,9aaf662520f33272f315f4bc5b04d26c94ab38ed90125ee5c56a400d23b9a3e2,a535ba1b8d7e99504ccb325b7821a57fea9edfbe5f0a6ebe332b4f8e534117ba,0.02934376895427704,0.04800000041723251,0.0049521890468895435,0.0049521890468895435,-0.013949999307203462,0.02934376895427704,0.04800000041723251,1,5,0.9076923131942749,0.2094469155167731,13,1.661538461366525,0.011399744337033687,0.010118821856273701,0.018656231462955475,0.018902188354093005,0.018656231462955475,0.018902188354093005,0.013925725594162941,0.013243839144706726,0.013925725594162941,0,0.029343769885599613,0.04800000041723251,9.313225746154785e-10,0.036235634004697204,0,3.688589537975684e-10,6.938893903907228e-18,10,1,0,1,1,1,1,0,1,0,0.017999999225139618,0.012000001966953278,0.012000001966953278,0,0.09815133060328662,0.08003351360093802,0.018117817002348602,0.018117817002348602,1.5098178360506218,8.179276209586039,0,0,0.00495218867803059,-0.013949999307203455,1.6615384522538923,0.03010344962030155,0.013949999307203455,2.157953484969482,0,0,0,1,5,1,0,0.017999999225139618
5011,17,0,4,17,9aaf662520f33272f315f4bc5b04d26c94ab38ed90125ee5c56a400d23b9a3e2,a535ba1b8d7e99504ccb325b7821a57fea9edfbe5f0a6ebe332b4f8e534117ba,0.03524263948202133,0.0,-0.0022046633530408144,-0.0022046633530408144,0.0,0.03524263948202133,0.0,0,1,0.9076921939849854,0.20944694064039504,13,1.661538353333106,0.010114541122086628,0.00838700176034806,0.03524263948202133,-0.0022046633530408144,0.03524263948202133,0.0022046633530408144,0.005894230213016272,0.013255635276436806,0.005894230213016272,0,0.03524264134466648,0.0,1.862645149230957e-09,0.03524264134466648,0,9.552282641094034e-10,0.0,0,0,10,3,13,13,0,1,1,1,0.0,0.0,0.0,1,0.11006790027022362,0.09244657959789038,0.01762132067233324,0.01762132067233324,inf,inf,0,0,-0.0022046643082690785,0.0,1.6615384505345263,0.02927850184628059,0.0,inf,0,0,0,5,2,0,0,0.04800000041723251
5011,17,0,5,17,9aaf662520f33272f315f4bc5b04d26c94ab38ed90125ee5c56a400d23b9a3e2,a535ba1b8d7e99504ccb325b7821a57fea9edfbe5f0a6ebe332b4f8e534117ba,0.03271091729402542,0.024000003933906555,0.00662376219406724,0.00662376219406724,2.7755575615628914e-17,0.03271091729402542,0.024000003933906555,1,3,0.9076921939849854,0.20944694064039504,13,1.661538353333106,0.009984011207737587,0.008751539017498141,0.008710913360118866,0.006623762194067212,0.008710913360118866,0.006623762194067212,0.007209233473986387,0.01303272694349289,0.007209233473986387,0,0.03271091915667057,0.024000003933906555,1.862645149230957e-09,0.03271091915667057,0,6.367144294444627e-10,2.0816681711721685e-17,10,11,4,1,1,1,1,0,0,0,0.012000001966953278,0.012000001966953278,0.012000001966953278,0,0.07447078637778759,0.058115326799452305,0.016355459578335285,0.016355459578335285,1.3629547414555825,6.205897847589706,0,0,0.006623762830781669,6.938893903907228e-18,1.6615384505345263,0.027175224965567287,6.938893903907228e-18,inf,0,0,0,3,3,0,0,0.023999996483325958
5011,17,1,0,17,9aaf662520f33272f315f4bc5b04d26c94ab38ed90125ee5c56a400d23b9a3e2,a535ba1b8d7e99504ccb325b7821a57fea9edfbe5f0a6ebe332b4f8e534117ba,0.008082211948931217,0.0,0.0001579628005856648,0.0001579628005856648,0.0,0.008082211948931217,0.0,0,1,0.9076921939849854,0.20944694064039504,13,1.661538353333106,0.0022369088771266856,0.0017147642794855976,0.008082211948931217,0.0001579628005856648,0.008082211948931217,0.0001579628005856648,0.002219820162281394,0.005358661990612745,0.002219820162281394,0,0.008082211643340997,0.0,3.055902197957039e-10,0.008082211643340997,0,2.460780095317472e-10,4.336808689942018e-19,0,0,1,3,13,13,0,1,1,1,0.0,0.0,0.0,1,0.004863059846684337,-0.000821954025013838,0.004041105821670499,0.004041105821670499,inf,inf,0,0,0.00015796255450765528,-4.336808689942018e-19,1.6615384505345263,0.006714452705384454,4.336808689942018e-19,inf,0,0,0,2,5,0,0,0.03599999938160181
5011,17,1,2,17,9aaf662520f33272f315f4bc5b04d26c94ab38ed90125ee5c56a400d23b9a3e2,a535ba1b8d7e99504ccb325b7821a57fea9edfbe5f0a6ebe332b4f8e534117ba,0.009833572432398796,0.0,-0.00047442319919355214,-0.00047442319919355214,0.0,0.009833572432398796,0.0,0,1,0.9076921939849854,0.20944694064039504,13,1.6615383533331063,0.0026920312521111264,0.002123263147907585,0.009833572432398796,-0.00047442319919355214,0.009833572432398796,0.00047442319919355214,0.0029284697957336903,0.005245590582489967,0.0029284697957336903,0,0.009833572781644762,0.0,3.4924596548080444e-10,0.009833572781644762,0,1.2448256574842942e-10,0.0,0,0,1,4,13,13,0,1,1,1,0.0,0.0,0.0,1,0.005732030374929309,-0.0008152439841069281,0.004916786390822381,0.004916786390822381,inf,inf,0,0,-0.0004744230747109864,0.0,1.661538450534526,0.008169429641416263,0.0,inf,0,0,0,3,4,0,0,0.03599999938160181
5011,17,1,3,17,9aaf662520f33272f315f4bc5b04d26c94ab38ed90125ee5c56a400d23b9a3e2,a535ba1b8d7e99504ccb325b7821a57fea9edfbe5f0a6ebe332b4f8e534117ba,0.010904219001531601,0.0,-0.0027089749928563833,-0.0027089749928563833,4.336808689942018e-19,0.010904219001531601,0.0,0,1,0.9076923131942749,0.2094469155167731,13,1.661538461366525,0.0027538655654882013,0.0020802043407284736,0.010904219001531601,-0.0027089749928563838,0.010904219001531601,0.0027089749928563838,0.002827397780492902,0.0084368996322155,0.002827397780492902,0,0.010904219467192888,0.0,4.656612873077393e-10,0.010904219467192888,0,2.511024782200777e-10,2.168404344971009e-19,0,0,1,4,13,13,0,1,1,1,0.0,0.0,0.0,1,0.007665763841941953,0.0022136541083455086,0.005452109733596444,0.005452109733596444,inf,inf,0,0,-0.002708974741753905,2.168404344971009e-19,1.6615384522538923,0.009058889968278217,2.168404344971009e-19,inf,0,0,0,4,2,0,0,0.03599999938160181
5011,17,1,4,17,9aaf662520f33272f315f4bc5b04d26c94ab38ed90125ee5c56a400d23b9a3e2,a535ba1b8d7e99504ccb325b7821a57fea9edfbe5f0a6ebe332b4f8e534117ba,0.01644832268357277,0.03599999938160181,0.0008749116095714271,0.0008749116095714271,3.223808850080778e-11,0.01644832268357277,0.03599999938160181,1,3,0.9076921939849854,0.20944694064039504,13,1.661538353333106,0.004412695517655913,0.0027161503318124092,0.01955167669802904,0.0008749115773333386,0.01955167669802904,0.0008749115773333386,0.004307383205741644,0.003940812777727842,0.004307383205741644,0,0.01644832326564938,0.03599999938160181,5.820766091346741e-10,0.019551676115952432,0,4.340541532969755e-11,5.421010862427522e-20,10,11,10,11,1,1,1,1,1,1,0.01799999945797026,0.01799999992363155,0.01799999945797026,0,0.013470634236000478,-0.003694796178024262,0.009775838057976216,0.009775838057976216,0.5431021306863179,0.7483685912021395,0,0,0.0008749115661660118,3.223808855501789e-11,1.6615384505345263,0.016242930819526255,3.223808855501789e-11,503842862.5135725,1,0,0,1,1,1,1,0.03599999938160181
5011,17,1,5,17,9aaf662520f33272f315f4bc5b04d26c94ab38ed90125ee5c56a400d23b9a3e2,a535ba1b8d7e99504ccb325b7821a57fea9edfbe5f0a6ebe332b4f8e534117ba,0.01083723921328783,0.0,-0.0008842240204103291,-0.0008842240204103291,0.0,0.01083723921328783,0.0,0,1,0.9076921939849854,0.20944694064039504,13,1.661538353333106,0.002789801088462385,0.0020805481234400054,0.01083723921328783,-0.0008842240204103291,0.01083723921328783,0.0008842240204103291,0.0026073262561112642,0.004020783118903637,0.0026073262561112642,0,0.010837239446118474,0.0,2.3283064365386963e-10,0.010837239446118474,0,2.108556120504479e-10,4.336808689942018e-19,0,0,1,4,13,13,0,1,1,1,0.0,0.0,0.0,1,0.006897462531924248,0.0014788428088650107,0.005418619723059237,0.005418619723059237,inf,inf,0,0,-0.0008842242312659412,-4.336808689942018e-19,1.6615384505345263,0.00900324501868767,4.336808689942018e-19,inf,0,0,0,5,3,0,0,0.03599999938160181
5011,17,2,0,17,9aaf662520f33272f315f4bc5b04d26c94ab38ed90125ee5c56a400d23b9a3e2,a535ba1b8d7e99504ccb325b7821a57fea9edfbe5f0a6ebe332b4f8e534117ba,0.01841885782778263,0.024000000208616257,-0.0031884759664535522,-0.0031884759664535522,0.0,0.01841885782778263,0.024000000208616257,1,3,0.9076921939849854,0.20944694064039504,13,1.661538353333106,0.004289631474843931,0.0037384019922134435,0.005581142380833626,-0.0031884759664535522,0.005581142380833626,0.0031884759664535522,0.004856570158153772,0.005941756069660187,0.004856570158153772,0,0.018418858293443918,0.024000000208616257,4.656612873077393e-10,0.013371812645345926,0,3.657406226834081e-10,2.168404344971009e-19,10,11,10,0,1,1,1,1,0,0,0.012000000104308128,0.012000000104308128,0.012000000104308128,0,0.01350175216794014,0.006815845845267177,0.006685906322672963,0.006685906322672963,0.5571588553797305,1.1251460042148556,0,0,-0.003188476332194175,-2.168404344971009e-19,1.6615384505345263,0.011108890431793028,2.168404344971009e-19,inf,0,0,0,2,3,0,0,0.012000000104308128
5011,17,2,1,17,9aaf662520f33272f315f4bc5b04d26c94ab38ed90125ee5c56a400d23b9a3e2,a535ba1b8d7e99504ccb325b7821a57fea9edfbe5f0a6ebe332b4f8e534117ba,0.01702672429382801,0.0,-0.006030650343745947,-0.006030650343745947,-8.673617379884035e-19,0.01702672429382801,0.0,0,1,0.9076921939849854,0.20944694064039504,13,1.661538353333106,0.005392706935040448,0.004417443818815008,0.01702672429382801,-0.006030650343745946,0.01702672429382801,0.006030650343745946,0.0009708752622827888,0.006676184944808483,0.0009708752622827888,0,0.017026724759489298,0.0,4.656612873077393e-10,0.017026724759489298,0,1.0035000816421835e-09,0.0,0,0,10,1,13,13,0,1,1,1,0.0,0.0,0.0,1,0.018270255997776985,0.009756893618032336,0.008513362379744649,0.008513362379744649,inf,inf,0,0,-0.006030649340245865,-8.673617379884035e-19,1.6615384505345263,0.014145278937279852,8.673617379884035e-19,inf,0,0,0,4,5,0,0,0.036000000312924385
5011,17,2,3,17,9aaf662520f33272f315f4bc5b04d26c94ab38ed90125ee5c56a400d23b9a3e2,a535ba1b8d7e99504ccb325b7821a57fea9edfbe5f0a6ebe332b4f8e534117ba,0.02081478014588356,0.036000000312924385,-0.006208853330463171,-0.006208853330463171,-0.01602692245505034,0.02081478014588356,0.036000000312924385,1,4,0.9076923131942749,0.2094469155167731,13,1.661538461366525,0.004433381722944184,0.0037114295403103863,0.015185220167040825,0.00981806912458717,0.015185220167040825,0.00981806912458717,0.004729457199573517,0.010229548439383507,0.004729457199573517,0,0.020814781077206135,0.036000000312924385,9.313225746154785e-10,0.01657482422888279,0,5.648321307200055e-10,3.469446951953614e-18,10,11,10,11,1,1,1,1,1,1,0.018000001087784767,0.01549999974668026,0.01549999974668026,0,0.009661816991865635,-0.0013744048774242401,0.008287412114441395,0.008287412114441395,0.534671758057052,0.6233430419206925,0,0,-0.00620885276563104,-0.016026922455050344,1.6615384522538923,0.013769853897819113,0.016026922455050344,0.8591701829492541,1,1,0,1,1,1,1,0.012000000104308128
5011,17,2,4,17,9aaf662520f33272f315f4bc5b04d26c94ab38ed90125ee5c56a400d23b9a3e2,a535ba1b8d7e99504ccb325b7821a57fea9edfbe5f0a6ebe332b4f8e534117ba,0.01708030514419079,0.0,-0.0019498016918078065,-0.0019498016918078065,0.0,0.01708030514419079,0.0,0,1,0.9076921939849854,0.20944694064039504,13,1.661538353333106,0.005028560188495215,0.004172378362944493,0.01708030514419079,-0.0019498016918078065,0.01708030514419079,0.0019498016918078065,0.0025349659845232964,0.004639804363250732,0.0025349659845232964,0,0.01708030514419079,0.0,0.0,0.01708030514419079,0,4.552912478451854e-10,6.505213034913027e-19,0,0,10,0,13,13,0,1,1,1,0.0,0.0,0.0,1,0.01859070546925068,0.010050552897155285,0.008540152572095394,0.008540152572095394,inf,inf,0,0,-0.0019498012365165586,-6.505213034913027e-19,1.6615384505345263,0.014189791871967831,6.505213034913027e-19,inf,0,0,0,5,4,0,0,0.036000000312924385
5011,17,2,5,17,9aaf662520f33272f315f4bc5b04d26c94ab38ed90125ee5c56a400d23b9a3e2,a535ba1b8d7e99504ccb325b7821a57fea9edfbe5f0a6ebe332b4f8e534117ba,0.019931307062506676,0.024000000208616257,-0.004364958964288235,-0.004364958964288235,0.0,0.019931307062506676,0.024000000208616257,1,3,0.9076921939849854,0.20944694064039504,13,1.661538353333106,0.003931226297959027,0.0034812169766725875,0.004068693146109581,-0.004364958964288235,0.004068693146109581,0.004364958964288235,0.002575178164988756,0.00938933901488781,0.002575178164988756,0,0.01993130659684539,0.024000000208616257,4.656612873077393e-10,0.01240966934710741,0,2.2591852780889932e-10,6.505213034913027e-19,10,11,10,0,1,1,1,1,0,0,0.012000000104308128,0.012000000104308128,0.012000000104308128,0,0.013052865397185087,0.006848030723631382,0.006204834673553705,0.006204834673553705,0.517069551634929,1.0877387736437576,0,0,-0.004364958738369707,-6.505213034913027e-19,1.6615384505345263,0.010309571389319327,6.505213034913027e-19,inf,0,0,0,3,2,0,0,0.012000000104308128
5011,18,0,1,18,fb930d18a3dab0d00118db5634d574b1bd51716a95cbcc21e8b517a264e2d582,a535ba1b8d7e99504ccb325b7821a57fea9edfbe5f0a6ebe332b4f8e534117ba,0.011451811529695988,0.0,-2.8498625397332944e-05,-2.8498625397332944e-05,1.734723475976807e-18,0.011451811529695988,0.0,0,1,0.9076921939849854,0.20944694064039504,13,1.661538353333106,0.00292986612483249,0.0021753248554715037,0.011451811529695988,-2.849862539733468e-05,0.011451811529695988,2.849862539733468e-05,0.003280333476141095,0.004297895822674036,0.003280333476141095,0,0.011451811529695988,0.0,0.0,0.011451811529695988,0,5.416599044294479e-10,1.734723475976807e-18,0,0,8,11,13,13,0,1,1,1,0.0,0.0,0.0,1,0.008511260151863098,0.0027853543870151043,0.005725905764847994,0.005725905764847994,inf,inf,0,0,-2.8498083737428515e-05,0.0,1.6615384505345263,0.009513812592432247,0.0,inf,0,0,0,4,5,0,0,0.04800000041723251
5011,18,0,2,18,fb930d18a3dab0d00118db5634d574b1bd51716a95cbcc21e8b517a264e2d582,a535ba1b8d7e99504ccb325b7821a57fea9edfbe5f0a6ebe332b4f8e534117ba,0.01690797321498394,0.030000001192092896,0.0012277155183255672,0.0012277155183255672,-0.0020769226298882407,0.01690797321498394,0.030000001192092896,1,4,0.9076921939849854,0.20944694064039504,13,1.6615383533331063,0.004116606866000421,0.003499091288747167,0.013092027977108955,0.003304638148213808,0.013092027977108955,0.003304638148213808,0.0034177599009126425,0.0068053388968110085,0.0034177599009126425,0,0.01690797321498394,0.030000001192092896,0.0,0.015062239021062851,0,4.0021828559555495e-10,2.6020852139652106e-18,10,11,8,11,1,1,1,0,1,0,0.015000000596046448,0.01250000111758709,0.01250000111758709,0,0.010312048718333244,-0.002780929207801819,0.0075311195105314255,0.0075311195105314255,0.6024895069757544,0.824963823709146,0,0,0.0012277159185438528,-0.0020769226298882433,1.661538450534526,0.012513244642318724,0.0020769226298882433,6.02489686531657,0,0,0,2,2,0,0,0.017999999225139618
5011,18,0,3,18,fb930d18a3dab0d00118db5634d574b1bd51716a95cbcc21e8b517a264e2d582,a535ba1b8d7e99504ccb325b7821a57fea9edfbe5f0a6ebe332b4f8e534117ba,0.02119644358754158,0.04800000041723251,-0.009530240669846535,-0.009530240669846535,-0.014330768662734103,0.02119644358754158,0.04800000041723251,1,5,0.9076923131942749,0.2094469155167731,13,1.661538461366525,0.009325514401066062,0.005702254059311202,0.026803556829690933,0.004800527992887568,0.026803556829690933,0.004800527992887568,0.0032267977949231863,0.01056883204728365,0.0032267977949231863,0,0.021196444518864155,0.04800000041723251,9.313225746154785e-10,0.03944553714245558,0,8.914446784913377e-10,3.469446951953614e-18,10,1,10,11,1,1,1,1,0,0,0.015000000596046448,0.012000000104308128,0.012000000104308128,0,0.022313348948955536,0.002590580377727747,0.01972276857122779,0.01972276857122779,1.6435640333158916,1.8594457295833526,0,0,-0.009530239778401856,-0.014330768662734106,1.6615384522538923,0.032770138365999534,0.014330768662734106,2.2866978832206937,1,0,0,1,1,1,1,0.017999999225139618
5011,18,0,4,18,fb930d18a3dab0d00118db5634d574b1bd51716a95cbcc21e8b517a264e2d582,a535ba1b8d7e99504ccb325b7821a57fea9edfbe5f0a6ebe332b4f8e534117ba,0.012767821550369263,0.0,-0.0027742565143853426,-0.0027742565143853426,1.734723475976807e-18,0.012767821550369263,0.0,0,1,0.9076921939849854,0.20944694064039504,13,1.661538353333106,0.003524258526771885,0.00287611780346498,0.012767821550369263,-0.0027742565143853443,0.012767821550369263,0.0027742565143853443,0.002541816793382168,0.005144408904016018,0.002541816793382168,0,0.012767821550369263,0.0,0.0,0.012767821550369263,0,6.48806915311273e-10,1.734723475976807e-18,0,0,8,11,13,13,0,1,1,1,0.0,0.0,0.0,1,0.007866483181715012,0.0014825724065303802,0.006383910775184631,0.006383910775184631,inf,inf,0,0,-0.0027742558655784273,0.0,1.6615384505345263,0.010607113217750938,0.0,inf,0,0,0,5,4,0,0,0.04800000041723251
5011,18,0,5,18,fb930d18a3dab0d00118db5634d574b1bd51716a95cbcc21e8b517a264e2d582,a535ba1b8d7e99504ccb325b7821a57fea9edfbe5f0a6ebe332b4f8e534117ba,0.0167221762239933,0.024000000208616257,0.0006169489934109151,0.0006169489934109151,0.0,0.0167221762239933,0.024000000208616257,1,3,0.9076921939849854,0.20944694064039504,13,1.661538353333106,0.0026914155358050474,0.0020557723597750158,0.007277823984622955,0.0006169489934109151,0.007277823984622955,0.0006169489934109151,0.002618434140458703,0.005816950928419828,0.002618434140458703,0,0.016722176456823945,0.024000000208616257,2.3283064365386963e-10,0.009827351197600365,0,2.923254234163397e-10,0.0,10,11,10,11,1,1,1,1,1,1,0.012000000104308128,0.012000000104308128,0.012000000104308128,0,0.005143508315086365,0.0002298327162861824,0.004913675598800182,0.004913675598800182,0.409472963007402,0.4286256891981018,1,0,0.0006169492857363386,0.0,1.6615384505345263,0.008164260940859766,0.0,inf,0,0,0,3,3,0,0,0.024000000208616257
5011,18,1,0,18,fb930d18a3dab0d00118db5634d574b1bd51716a95cbcc21e8b517a264e2d582,a535ba1b8d7e99504ccb325b7821a57fea9edfbe5f0a6ebe332b4f8e534117ba,0.008567464537918568,0.0,-2.6240013539791107e-06,-2.6240013539791107e-06,-4.336808689942018e-19,0.008567464537918568,0.0,0,1,0.9076921939849854,0.20944694064039504,13,1.661538353333106,0.0020440717615554833,0.0015981691722763624,0.008567464537918568,-2.624001353978677e-06,0.008567464537918568,2.624001353978677e-06,0.0031025202479213476,0.003947960678488016,0.0031025202479213476,0,0.008567464828956872,0.0,2.9103830456733704e-10,0.008567464828956872,0,4.255374524975153e-11,4.336808689942018e-19,0,0,1,4,13,13,0,1,1,1,0.0,0.0,0.0,1,0.00496793701313436,-0.0006842045986559242,0.004283732414478436,0.004283732414478436,inf,inf,0,0,-2.623958800233861e-06,0.0,1.6615384505345263,0.007117586118457026,0.0,inf,0,0,0,2,5,0,0,0.03599999938160181
5011,18,1,2,18,fb930d18a3dab0d00118db5634d574b1bd51716a95cbcc21e8b517a264e2d582,a535ba1b8d7e99504ccb325b7821a57fea9edfbe5f0a6ebe332b4f8e534117ba,0.010358080267906189,0.0,0.00012076451821485534,0.00012076451821485534,0.0,0.010358080267906189,0.0,0,1,0.9076921939849854,0.20944694064039504,13,1.6615383533331063,0.0026099774710464764,0.0019389368468322433,0.010358080267906189,0.00012076451821485534,0.010358080267906189,0.00012076451821485534,0.0032053771428763866,0.0036346542183309793,0.0032053771428763866,0,0.010358080267906189,0.0,0.0,0.010358080267906189,0,4.226609388001401e-10,0.0,0,0,1,4,13,13,0,1,1,1,0.0,0.0,0.0,1,0.005534592783078551,-0.0003555526491254568,0.0051790401339530945,0.0051790401339530945,inf,inf,0,0,0.00012076494087579414,0.0,1.661538450534526,0.00860517431942455,0.0,inf,0,0,0,3,4,0,0,0.03599999938160181
5011,18,1,3,18,fb930d18a3dab0d00118db5634d574b1bd51716a95cbcc21e8b517a264e2d582,a535ba1b8d7e99504ccb325b7821a57fea9edfbe5f0a6ebe332b4f8e534117ba,0.011875851079821587,0.0,-0.002470014151185751,-0.002470014151185751,4.336808689942018e-19,0.011875851079821587,0.0,0,1,0.9076923131942749,0.2094469155167731,13,1.661538461366525,0.002681574842747963,0.0019424838484430234,0.011875851079821587,-0.0024700141511857514,0.011875851079821587,0.0024700141511857514,0.002607093658298254,0.005294266622513533,0.002607093658298254,0,0.0118758506141603,0.0,4.656612873077393e-10,0.0118758506141603,0,3.67345959206844e-10,2.168404344971009e-19,0,0,1,4,13,13,0,1,1,1,0.0,0.0,0.0,1,0.008302700938656926,0.0023647756315767765,0.00593792530708015,0.00593792530708015,inf,inf,0,0,-0.00247001451853171,2.168404344971009e-19,1.6615384522538923,0.00986609122432517,2.168404344971009e-19,inf,0,0,0,4,2,0,0,0.03599999938160181
5011,18,1,4,18,fb930d18a3dab0d00118db5634d574b1bd51716a95cbcc21e8b517a264e2d582,a535ba1b8d7e99504ccb325b7821a57fea9edfbe5f0a6ebe332b4f8e534117ba,0.019084816798567772,0.03599999938160181,0.0002204714110121131,0.0002204714110121131,3.223808893448865e-11,0.019084816798567772,0.03599999938160181,1,3,0.9076921939849854,0.20944694064039504,13,1.661538353333106,0.0037394318286839675,0.002213282413855085,0.01691518258303404,0.00022047137877402416,0.01691518258303404,0.00022047137877402416,0.0026404159143567085,0.003610092680901289,0.0026404159143567085,0,0.019084816798567772,0.03599999938160181,0.0,0.01691518258303404,0,1.4003913176643956e-10,8.673617379884035e-19,10,11,10,11,1,1,1,1,1,1,0.01799999945797026,0.01799999992363155,0.01799999945797026,0,0.011202773079276085,-0.0027451817877590656,0.00845759129151702,0.00845759129151702,0.46986619701102617,0.622376300923475,1,0,0.00022047127097298133,3.223808806712691e-11,1.6615384505345263,0.014052613129761492,3.223808806712691e-11,435900947.36700284,1,0,0,1,1,1,1,0.03599999938160181
5011,18,1,5,18,fb930d18a3dab0d00118db5634d574b1bd51716a95cbcc21e8b517a264e2d582,a535ba1b8d7e99504ccb325b7821a57fea9edfbe5f0a6ebe332b4f8e534117ba,0.011130249127745628,0.0,-0.0009840211132541299,-0.0009840211132541299,0.0,0.011130249127745628,0.0,0,1,0.9076921939849854,0.20944694064039504,13,1.661538353333106,0.0027398000895076874,0.0020808795114501087,0.011130249127745628,-0.0009840211132541299,0.011130249127745628,0.0009840211132541299,0.001964920898899436,0.003168524708598852,0.001964920898899436,0,0.011130248662084341,0.0,4.656612873077393e-10,0.011130248662084341,0,3.751350432547318e-10,4.336808689942018e-19,0,0,1,11,13,13,0,1,1,1,0.0,0.0,0.0,1,0.007996265077963471,0.002431140746921301,0.0055651243310421705,0.0055651243310421705,inf,inf,0,0,-0.0009840214883891731,-4.336808689942018e-19,1.6615384505345263,0.009246668058031801,4.336808689942018e-19,inf,0,0,0,5,3,0,0,0.03599999938160181
5011,18,2,0,18,fb930d18a3dab0d00118db5634d574b1bd51716a95cbcc21e8b517a264e2d582,a535ba1b8d7e99504ccb325b7821a57fea9edfbe5f0a6ebe332b4f8e534117ba,0.020438482984900475,0.024000000208616257,-0.0007157547515816987,-0.0007157547515816987,0.0,0.020438482984900475,0.024000000208616257,1,3,0.9076921939849854,0.20944694064039504,13,1.661538353333106,0.004548342438933647,0.003954649698981167,0.003561517223715782,-0.0007157547515816987,0.003561517223715782,0.0007157547515816987,0.004538216162472963,0.004930770490318537,0.004538216162472963,0,0.020438483450561762,0.024000000208616257,4.656612873077393e-10,0.01459785969927907,0,8.65318130517656e-10,2.168404344971009e-19,10,11,10,0,1,1,1,1,0,0,0.012000000104308128,0.012000000104308128,0.012000000104308128,0,0.017669396474957466,0.010370466625317931,0.007298929849639535,0.007298929849639535,0.6082441488495605,1.4724496934474163,0,0,-0.0007157538862635681,-2.168404344971009e-19,1.6615384505345263,0.012127452592930276,2.168404344971009e-19,inf,0,0,0,2,1,0,1,0.011999998241662979
5011,18,2,1,18,fb930d18a3dab0d00118db5634d574b1bd51716a95cbcc21e8b517a264e2d582,a535ba1b8d7e99504ccb325b7821a57fea9edfbe5f0a6ebe332b4f8e534117ba,0.018123921006917953,0.0,-0.005438107531517744,-0.005438107531517744,0.0,0.018123921006917953,0.0,0,1,0.9076921939849854,0.20944694064039504,13,1.661538353333106,0.005476639003875202,0.004423429252656958,0.018123921006917953,-0.005438107531517744,0.018123921006917953,0.005438107531517744,0.0025184082332998514,0.003928480204194784,0.0025184082332998514,0,0.018123921938240528,0.0,9.313225746154785e-10,0.018123921938240528,0,1.7768719698732505e-09,0.0,0,0,10,4,13,13,0,1,1,1,0.0,0.0,0.0,1,0.026064949110150337,0.017002988141030073,0.009061960969120264,0.009061960969120264,inf,inf,0,0,-0.005438105754645774,0.0,1.6615384505345263,0.015056796587436439,0.0,inf,0,0,0,4,4,0,0,0.035999998450279236
5011,18,2,3,18,fb930d18a3dab0d00118db5634d574b1bd51716a95cbcc21e8b517a264e2d582,a535ba1b8d7e99504ccb325b7821a57fea9edfbe5f0a6ebe332b4f8e534117ba,0.019534483551979065,0.035999998450279236,-0.005172880366444588,-0.005172880366444588,-0.016407691552676268,0.019534483551979065,0.035999998450279236,1,4,0.9076923131942749,0.2094469155167731,13,1.661538461366525,0.0046139276311105825,0.0035917940687322045,0.01646551489830017,0.01123481118623168,0.01646551489830017,0.01123481118623168,0.004437531344592571,0.009126397781074047,0.004437531344592571,0,0.01953448448330164,0.035999998450279236,9.313225746154785e-10,0.017664349637925625,0,4.587469033118241e-10,0.0,10,11,10,11,1,1,1,1,1,1,0.014999998733401299,0.017999999225139618,0.014999998733401299,0,0.012086215429008007,0.0032540406100451946,0.008832174818962812,0.008832174818962812,0.5888117043167301,0.8057477633044718,0,0,-0.005172879907697684,-0.016407691552676268,1.6615384522538923,0.014674998078735273,0.016407691552676268,0.8943974861802925,1,1,0,1,2,1,0,0.011999998241662979
5011,18,2,4,18,fb930d18a3dab0d00118db5634d574b1bd51716a95cbcc21e8b517a264e2d582,a535ba1b8d7e99504ccb325b7821a57fea9edfbe5f0a6ebe332b4f8e534117ba,0.017097383737564087,0.0,-0.0010635405778884888,-0.0010635405778884888,0.0,0.017097383737564087,0.0,0,1,0.9076921939849854,0.20944694064039504,13,1.661538353333106,0.004955300614923937,0.004078676505289839,0.017097383737564087,-0.0010635405778884888,0.017097383737564087,0.0010635405778884888,0.004874858073890209,0.00572678679600358,0.004874858073890209,0,0.017097382806241512,0.0,9.313225746154785e-10,0.017097382806241512,0,3.594056562777892e-11,0.0,0,0,10,4,13,13,0,1,1,1,0.0,0.0,0.0,1,0.02420755662024021,0.015658865217119455,0.008548691403120756,0.008548691403120756,inf,inf,0,0,-0.0010635406138290544,0.0,1.6615384505345263,0.014203979468039087,0.0,inf,0,0,0,5,5,0,0,0.035999998450279236
5011,18,2,5,18,fb930d18a3dab0d00118db5634d574b1bd51716a95cbcc21e8b517a264e2d582,a535ba1b8d7e99504ccb325b7821a57fea9edfbe5f0a6ebe332b4f8e534117ba,0.019463203847408295,0.024000000208616257,-0.00496284756809473,-0.00496284756809473,4.336808689942018e-19,0.019463203847408295,0.024000000208616257,1,3,0.9076921939849854,0.20944694064039504,13,1.661538353333106,0.003999085292098022,0.0030425419182290693,0.004536796361207962,-0.00496284756809473,0.004536796361207962,0.00496284756809473,0.002234232844784856,0.006177105009555817,0.002234232844784856,0,0.019463203381747007,0.024000000208616257,4.656612873077393e-10,0.015499189961701632,0,6.692062928109754e-10,5.421010862427522e-19,10,11,10,0,1,1,1,1,0,0,0.012000000104308128,0.012000000104308128,0.012000000104308128,0,0.021141900680959225,0.013392305700108409,0.007749594980850816,0.007749594980850816,0.6457995761240559,1.7618250414322127,0,0,-0.004962848237301023,-1.0842021724855044e-19,1.6615384505345263,0.012876250036753006,1.0842021724855044e-19,inf,0,0,0,3,3,0,0,0.011999998241662979
5011,19,0,1,19,e6ef3b1f064e45a39d9ce5159efb46e122534fd9d1820ddb37c4fbebef460984,a535ba1b8d7e99504ccb325b7821a57fea9edfbe5f0a6ebe332b4f8e534117ba,0.03405894711613655,0.0,0.002002471825107932,0.002002471825107932,0.0,0.03405894711613655,0.0,0,1,0.9076921939849854,0.20944694064039504,13,1.661538353333106,0.00922123857660681,0.006907772077192393,0.03405894711613655,0.002002471825107932,0.03405894711613655,0.002002471825107932,0.009684531018137932,0.016433922573924065,0.009684531018137932,0,0.03405894653405994,0.0,5.820766091346741e-10,0.03405894653405994,0,8.935407769597448e-10,6.938893903907228e-18,0,0,8,3,13,13,0,1,1,1,0.0,0.0,0.0,1,0.0785006427904591,0.061471169523429126,0.01702947326702997,0.01702947326702997,inf,inf,0,0,0.002002470931567155,-6.938893903907228e-18,1.6615384505345263,0.028295124625520116,6.938893903907228e-18,inf,0,0,0,4,3,0,0,0.04800000041723251
5011,19,0,2,19,e6ef3b1f064e45a39d9ce5159efb46e122534fd9d1820ddb37c4fbebef460984,a535ba1b8d7e99504ccb325b7821a57fea9edfbe5f0a6ebe332b4f8e534117ba,0.03651057556271553,0.030000001192092896,0.0009725199197418988,0.0009725199197418988,0.0020769210824599788,0.03651057556271553,0.030000001192092896,1,4,0.9076921939849854,0.20944694064039504,13,1.6615383533331063,0.010694654957694026,0.008324054565787668,0.006510574370622635,-0.00110440116271808,0.006510574370622635,0.00110440116271808,0.008209907449781895,0.016236362978816032,0.008209907449781895,0,0.036510574631392956,0.030000001192092896,9.313225746154785e-10,0.041548988432623446,0,4.2284939417124023e-10,0.0,10,11,10,3,1,1,1,1,0,0,0.012500002980232239,0.015000000596046448,0.012500002980232239,0,0.09349301329348236,0.07271851907717064,0.020774494216311723,0.020774494216311723,1.6619591410630008,7.479439280241303,0,0,0.0009725194968925046,0.0020769210824599788,1.661538450534526,0.034517620930809054,0.0020769210824599788,16.61961122274572,1,0,0,2,1,0,1,0.017999999225139618
5011,19,0,3,19,e6ef3b1f064e45a39d9ce5159efb46e122534fd9d1820ddb37c4fbebef460984,a535ba1b8d7e99504ccb325b7821a57fea9edfbe5f0a6ebe332b4f8e534117ba,0.029256291687488556,0.04800000041723251,0.004878629930317402,0.004878629930317402,-0.013949999307203462,0.029256291687488556,0.04800000041723251,1,5,0.007692308165132999,0.2094469155167731,13,1.661538461366525,0.011366836056129734,0.010088978672796893,0.018743708729743958,0.018828629237520864,0.018743708729743958,0.018828629237520864,0.013952185399830341,0.013206169940531254,0.013952185399830341,0,0.029256291687488556,0.04800000041723251,0.0,0.03600670152809471,0,1.6803590290048742e-09,6.938893903907228e-18,10,1,0,1,1,1,1,0,1,0,0.017999999225139618,0.012000001966953278,0.012000001966953278,0,0.09738625155296177,0.07938290078891441,0.018003350764047354,0.018003350764047354,1.5002789844223907,8.115519632509486,0,0,0.004878628249958373,-0.013949999307203455,1.6615384522538923,0.02991325956387917,0.013949999307203455,2.144319788491506,0,0,0,1,5,1,0,0.017999999225139618
5011,19,0,4,19,e6ef3b1f064e45a39d9ce5159efb46e122534fd9d1820ddb37c4fbebef460984,a535ba1b8d7e99504ccb325b7821a57fea9edfbe5f0a6ebe332b4f8e534117ba,0.03523211181163788,0.0,-0.0022709255572408438,-0.0022709255572408438,0.0,0.03523211181163788,0.0,0,1,0.9076921939849854,0.20944694064039504,13,1.661538353333106,0.01018361730377203,0.00847986144407724,0.03523211181163788,-0.0022709255572408438,0.03523211181163788,0.0022709255572408438,0.004878601524978876,0.012651492841541767,0.004878601524978876,0,0.03523211367428303,0.0,1.862645149230957e-09,0.03523211367428303,0,3.5846494435970433e-10,6.938893903907228e-18,0,0,8,3,13,13,0,1,1,1,0.0,0.0,0.0,1,0.09957281686365604,0.08195676002651453,0.017616056837141514,0.017616056837141514,inf,inf,0,0,-0.0022709251987758994,-6.938893903907228e-18,1.6615384505345263,0.02926975578171226,6.938893903907228e-18,inf,0,0,0,5,2,0,0,0.04800000041723251
5011,19,0,5,19,e6ef3b1f064e45a39d9ce5159efb46e122534fd9d1820ddb37c4fbebef460984,a535ba1b8d7e99504ccb325b7821a57fea9edfbe5f0a6ebe332b4f8e534117ba,0.03074488416314125,0.024000003933906555,0.00662750331684947,0.00662750331684947,0.0,0.03074488416314125,0.024000003933906555,1,3,0.9076921939849854,0.20944694064039504,13,1.661538353333106,0.009155605227761498,0.007686043632101024,0.0067448802292346954,0.00662750331684947,0.0067448802292346954,0.00662750331684947,0.008226240053772926,0.015493822284042835,0.008226240053772926,0,0.030744883231818676,0.024000003933906555,9.313225746154785e-10,0.030744883231818676,0,1.5823402605558146e-09,6.938893903907228e-18,10,11,4,1,1,1,1,0,0,0,0.012000001966953278,0.012000001966953278,0.012000001966953278,0,0.06285599153488874,0.047483549918979406,0.015372441615909338,0.015372441615909338,1.281036591347518,5.237998435999213,0,0,0.006627504899189731,-6.938893903907228e-18,1.6615384505345263,0.02554190282343047,6.938893903907228e-18,inf,0,0,0,3,4,0,0,0.023999996483325958
5011,19,1,0,19,e6ef3b1f064e45a39d9ce5159efb46e122534fd9d1820ddb37c4fbebef460984,a535ba1b8d7e99504ccb325b7821a57fea9edfbe5f0a6ebe332b4f8e534117ba,0.007836289703845978,0.0,0.00011370532592991367,0.00011370532592991367,0.0,0.007836289703845978,0.0,0,1,0.9076921939849854,0.20944694064039504,13,1.661538353333106,0.0022139678166419098,0.0017742213025722189,0.007836289703845978,0.00011370532592991367,0.007836289703845978,0.00011370532592991367,0.0022193281911313534,0.0063116708770394325,0.0022193281911313534,0,0.007836290169507265,0.0,4.656612873077393e-10,0.007836290169507265,0,3.7641627662066135e-11,4.336808689942018e-19,0,0,1,3,13,13,0,1,1,1,0.0,0.0,0.0,1,0.005033708410337567,0.0011155633255839348,0.0039181450847536325,0.0039181450847536325,inf,inf,0,0,0.00011370536357154133,-4.336808689942018e-19,1.6615384505345263,0.006510148713091021,4.336808689942018e-19,inf,0,0,0,2,5,0,0,0.03599999938160181
5011,19,1,2,19,e6ef3b1f064e45a39d9ce5159efb46e122534fd9d1820ddb37c4fbebef460984,a535ba1b8d7e99504ccb325b7821a57fea9edfbe5f0a6ebe332b4f8e534117ba,0.009931182488799095,0.0,0.00014717601879965514,0.00014717601879965514,0.0,0.009931182488799095,0.0,0,1,0.9076921939849854,0.20944694064039504,13,1.6615383533331063,0.0026725626202347805,0.0020123942846090657,0.009931182488799095,0.00014717601879965514,0.009931182488799095,0.00014717601879965514,0.003279751865193248,0.0061485073529183865,0.003279751865193248,0,0.009931182255968451,0.0,2.3283064365386963e-10,0.009931182255968451,0,1.149686205612066e-11,0.0,0,0,1,4,13,13,0,1,1,1,0.0,0.0,0.0,1,0.005795770324766636,0.0008301791967824101,0.004965591127984226,0.004965591127984226,inf,inf,0,0,0.00014717600730279308,0.0,1.661538450534526,0.0082505205887789,0.0,inf,0,0,0,3,4,0,0,0.03599999938160181
5011,19,1,3,19,e6ef3b1f064e45a39d9ce5159efb46e122534fd9d1820ddb37c4fbebef460984,a535ba1b8d7e99504ccb325b7821a57fea9edfbe5f0a6ebe332b4f8e534117ba,0.010973452590405941,0.0,-0.0027397561352699995,-0.0027397561352699995,4.336808689942018e-19,0.010973452590405941,0.0,0,1,0.007692308165132999,0.2094469155167731,13,1.661538461366525,0.0027768180317377937,0.0021007020753524516,0.010973452590405941,-0.00273975613527,0.010973452590405941,0.00273975613527,0.002861276501789689,0.008407174609601498,0.002861276501789689,0,0.010973452590405941,0.0,0.0,0.010973452590405941,0,3.986965761877681e-10,2.168404344971009e-19,0,0,1,4,13,13,0,1,1,1,0.0,0.0,0.0,1,0.007816876051947474,0.002330149756744504,0.0054867262952029705,0.0054867262952029705,inf,inf,0,0,-0.0027397557365734233,2.168404344971009e-19,1.6615384522538923,0.009116406716472276,2.168404344971009e-19,inf,0,0,0,4,2,0,0,0.03599999938160181
5011,19,1,4,19,e6ef3b1f064e45a39d9ce5159efb46e122534fd9d1820ddb37c4fbebef460984,a535ba1b8d7e99504ccb325b7821a57fea9edfbe5f0a6ebe332b4f8e534117ba,0.016590934246778488,0.03599999938160181,0.0005643141339533031,0.0005643141339533031,3.223808850080778e-11,0.016590934246778488,0.03599999938160181,1,3,0.9076921939849854,0.20944694064039504,13,1.661538353333106,0.004351772796764293,0.0027189648850716253,0.019409065134823322,0.0005643141017152146,0.019409065134823322,0.0005643141017152146,0.004252251703292131,0.0046720439568161964,0.004252251703292131,0,0.016590934013947845,0.03599999938160181,2.3283064365386963e-10,0.019409065367653966,0,1.4522669546969402e-10,5.421010862427522e-20,10,11,10,11,1,1,1,1,1,1,0.01799999945797026,0.01799999992363155,0.01799999945797026,0,0.011253465199843049,-0.001548932516016066,0.009704532683826983,0.009704532683826983,0.5391407208920715,0.6251925299286663,0,0,0.0005643139887266076,3.223808855501789e-11,1.6615384505345263,0.016124454198647553,3.223808855501789e-11,500167811.4733563,1,0,0,1,1,1,1,0.03599999938160181
5011,19,1,5,19,e6ef3b1f064e45a39d9ce5159efb46e122534fd9d1820ddb37c4fbebef460984,a535ba1b8d7e99504ccb325b7821a57fea9edfbe5f0a6ebe332b4f8e534117ba,0.010816614143550396,0.0,-0.0004537956556305289,-0.0004537956556305289,0.0,0.010816614143550396,0.0,0,1,0.9076921939849854,0.20944694064039504,13,1.661538353333106,0.0027642556616588967,0.002075650386074258,0.010816614143550396,-0.0004537956556305289,0.010816614143550396,0.0004537956556305289,0.0025530897546559572,0.004693661816418171,0.0025530897546559572,0,0.010816614143550396,0.0,0.0,0.010816614143550396,0,7.070111748656849e-12,4.336808689942018e-19,0,0,1,4,13,13,0,1,1,1,0.0,0.0,0.0,1,0.008502771845087409,0.003094464773312211,0.005408307071775198,0.005408307071775198,inf,inf,0,0,-0.0004537956485604172,-4.336808689942018e-19,1.6615384505345263,0.008986110152052284,4.336808689942018e-19,inf,0,0,0,5,3,0,0,0.03599999938160181
5011,19,2,0,19,e6ef3b1f064e45a39d9ce5159efb46e122534fd9d1820ddb37c4fbebef460984,a535ba1b8d7e99504ccb325b7821a57fea9edfbe5f0a6ebe332b4f8e534117ba,0.014918063767254353,0.024000000208616257,-0.0032456330955028534,-0.0032456330955028534,0.0,0.014918063767254353,0.024000000208616257,1,3,0.9076921939849854,0.20944694064039504,13,1.661538353333106,0.003881934524150992,0.0034047091302610707,0.009081936441361904,-0.0032456330955028534,0.009081936441361904,0.0032456330955028534,0.005180593580007553,0.006454766262322664,0.005180593580007553,0,0.014918063767254353,0.024000000208616257,0.0,0.012834738940000534,0,1.2107222594273659e-09,0.0,10,11,10,0,1,1,1,1,0,0,0.012000000104308128,0.012000000104308128,0.012000000104308128,0,0.008306463249027729,-0.001889093779027462,0.006417369470000267,0.006417369470000267,0.5347807845181903,0.6922052647354244,0,0,-0.003245631884780594,0.0,1.6615384505345263,0.010662706125691817,0.0,inf,0,0,0,2,3,0,0,0.012000000104308128
5011,19,2,1,19,e6ef3b1f064e45a39d9ce5159efb46e122534fd9d1820ddb37c4fbebef460984,a535ba1b8d7e99504ccb325b7821a57fea9edfbe5f0a6ebe332b4f8e534117ba,0.013941677287220955,0.0,-0.004602030385285616,-0.004602030385285616,0.0,0.013941677287220955,0.0,0,1,0.9076921939849854,0.20944694064039504,13,1.661538353333106,0.0042441538112481456,0.0034582522758365383,0.013941677287220955,-0.004602030385285616,0.013941677287220955,0.004602030385285616,0.001516010263003409,0.0043472060933709145,0.001516010263003409,0,0.013941677287220955,0.0,0.0,0.013941677287220955,0,2.315800346625041e-09,1.734723475976807e-18,0,0,12,1,13,13,0,1,1,1,0.0,0.0,0.0,1,0.007915806025266647,0.0009449673816561699,0.0069708386436104774,0.0069708386436104774,inf,inf,0,0,-0.004602028069485269,-1.734723475976807e-18,1.6615384505345263,0.011582316438830752,1.734723475976807e-18,inf,0,0,0,4,4,0,0,0.036000000312924385
5011,19,2,3,19,e6ef3b1f064e45a39d9ce5159efb46e122534fd9d1820ddb37c4fbebef460984,a535ba1b8d7e99504ccb325b7821a57fea9edfbe5f0a6ebe332b4f8e534117ba,0.019836612045764923,0.036000000312924385,-0.0059082768857479095,-0.0059082768857479095,-0.01602692245505034,0.019836612045764923,0.036000000312924385,1,4,0.007692308165132999,0.2094469155167731,13,1.661538461366525,0.004604809068450195,0.0038751922327385844,0.016163388267159462,0.01011864556930243,0.016163388267159462,0.01011864556930243,0.004471933003515005,0.009031856432557106,0.004471933003515005,0,0.019836612045764923,0.036000000312924385,0.0,0.01696119736880064,0,7.135969436883327e-10,3.469446951953614e-18,10,11,10,11,1,1,1,1,1,1,0.018000001087784767,0.01549999974668026,0.01549999974668026,0,0.010116108693182468,-0.0016355100087821484,0.00848059868440032,0.00848059868440032,0.5471354079355174,0.6526521844201387,0,0,-0.005908276172150966,-0.016026922455050344,1.6615384522538923,0.014090840812264903,0.016026922455050344,0.8791981649492945,1,1,0,1,1,1,1,0.012000000104308128
5011,19,2,4,19,e6ef3b1f064e45a39d9ce5159efb46e122534fd9d1820ddb37c4fbebef460984,a535ba1b8d7e99504ccb325b7821a57fea9edfbe5f0a6ebe332b4f8e534117ba,0.012194454669952393,0.0,-0.002776921959593892,-0.002776921959593892,0.0,0.012194454669952393,0.0,0,1,0.9076921939849854,0.20944694064039504,13,1.661538353333106,0.004131709275159724,0.0036698338636279807,0.012194454669952393,-0.002776921959593892,0.012194454669952393,0.002776921959593892,0.002575596794486046,0.005010719411075115,0.002575596794486046,0,0.012194454669952393,0.0,0.0,0.012194454669952393,0,1.2532226775427424e-09,0.0,0,0,12,0,13,13,0,1,1,1,0.0,0.0,0.0,1,0.006562229245901108,-0.0004650019109249115,0.006097227334976196,0.006097227334976196,inf,inf,0,0,-0.0027769232128165696,0.0,1.6615384505345263,0.010130777658713109,0.0,inf,0,0,0,5,5,0,0,0.036000000312924385
5011,19,2,5,19,e6ef3b1f064e45a39d9ce5159efb46e122534fd9d1820ddb37c4fbebef460984,a535ba1b8d7e99504ccb325b7821a57fea9edfbe5f0a6ebe332b4f8e534117ba,0.01504260953515768,0.024000000208616257,-0.0037940179463475943,-0.0037940179463475943,0.0,0.01504260953515768,0.024000000208616257,1,3,0.9076921939849854,0.20944694064039504,13,1.661538353333106,0.0034313292043266492,0.002734462317277694,0.008957390673458576,-0.0037940179463475943,0.008957390673458576,0.0037940179463475943,0.0018251786241307855,0.0055189915001392365,0.0018251786241307855,0,0.01504260953515768,0.024000000208616257,0.0,0.013102942146360874,0,1.4042005960779314e-09,0.0,10,11,10,0,1,1,1,1,0,0,0.012000000104308128,0.012000000104308128,0.012000000104308128,0,0.008572828955948353,-0.0020213578827679157,0.006551471073180437,0.006551471073180437,0.5459559180193998,0.7144024067858645,0,0,-0.003794016542146998,0.0,1.6615384505345263,0.010885521095653994,0.0,inf,0,0,0,3,2,0,0,0.012000000104308128
5011,20,0,1,20,3ad71d91f0f396590604cce0a5f40ed0d69ff516a33f0457dd9794b4e5765050,a535ba1b8d7e99504ccb325b7821a57fea9edfbe5f0a6ebe332b4f8e534117ba,0.03318043053150177,0.0,-0.014411034993827343,-0.014411034993827343,1.3877787807814457e-17,0.03318043053150177,0.0,0,1,0.9076921939849854,0.20944694064039504,13,1.661538353333106,0.00928550057915722,0.007380141025221735,0.03318043053150177,-0.014411034993827357,0.03318043053150177,0.014411034993827357,0.007974830456078053,0.01483132503926754,0.007974830456078053,0,0.033180429018102586,0.0,1.5133991837501526e-09,0.033180429018102586,0,2.264208483898633e-09,2.0816681711721685e-17,0,0,8,1,13,13,0,1,1,1,0.0,0.0,0.0,1,0.09627754089888185,0.07968732638983056,0.016590214509051293,0.016590214509051293,inf,inf,0,0,-0.014411037258035827,-6.938893903907228e-18,1.6615384505345263,0.027565279309404504,6.938893903907228e-18,inf,0,0,0,4,3,0,0,0.04800000041723251
5011,20,0,2,20,3ad71d91f0f396590604cce0a5f40ed0d69ff516a33f0457dd9794b4e5765050,a535ba1b8d7e99504ccb325b7821a57fea9edfbe5f0a6ebe332b4f8e534117ba,0.03688807040452957,0.030000001192092896,-0.00022817558783572167,-0.00022817558783572167,0.0020769210824599788,0.03688807040452957,0.030000001192092896,1,4,0.007692307233810425,0.20944694064039504,13,1.6615383533331063,0.011069059441646122,0.009051094702706732,0.006888069212436676,-0.0023050966702957004,0.006888069212436676,0.0023050966702957004,0.007648948580026627,0.01699427329003811,0.007648948580026627,0,0.03688807009893935,0.030000001192092896,3.055902197957039e-10,0.0405874066054821,0,3.93461522044114e-11,6.938893903907228e-18,10,11,10,3,1,1,1,1,0,0,0.012500002980232239,0.015000000596046448,0.012500002980232239,0,0.10148553922772408,0.08119183592498302,0.02029370330274105,0.02029370330274105,1.623495877147704,8.118841202535343,0,0,-0.00022817562718187388,0.002076921082459972,1.661538450534526,0.03371876834124376,0.002076921082459972,16.23497812507453,0,0,0,2,1,0,1,0.017999999225139618
5011,20,0,3,20,3ad71d91f0f396590604cce0a5f40ed0d69ff516a33f0457dd9794b4e5765050,a535ba1b8d7e99504ccb325b7821a57fea9edfbe5f0a6ebe332b4f8e534117ba,0.029423285275697708,0.04800000041723251,0.0061914375983178616,0.0061914375983178616,-0.014330768275877023,0.029423285275697708,0.04800000041723251,1,5,0.9076923131942749,0.2094469155167731,13,1.661538461366525,0.01144712231710197,0.009784976133426444,0.018576715141534805,0.020522205874194885,0.018576715141534805,0.020522205874194885,0.015513048507273197,0.013725552707910538,0.015513048507273197,0,0.029423284344375134,0.04800000041723251,9.313225746154785e-10,0.03780723735690117,0,7.348802850970504e-10,6.938893903907228e-18,10,1,0,1,1,1,1,0,1,0,0.015000000596046448,0.012000001966953278,0.012000001966953278,0,0.10620921198278666,0.08730559330433607,0.018903618678450584,0.018903618678450584,1.5753012983255443,8.850766214478586,0,0,0.0061914368634375765,-0.014330768275877016,1.6615384522538923,0.031409089320990555,0.014330768275877016,2.1917240385403116,0,0,0,1,5,1,0,0.017999999225139618
5011,20,0,4,20,3ad71d91f0f396590604cce0a5f40ed0d69ff516a33f0457dd9794b4e5765050,a535ba1b8d7e99504ccb325b7821a57fea9edfbe5f0a6ebe332b4f8e534117ba,0.03383863344788551,0.0,-0.0020459191873669624,-0.0020459191873669624,1.3877787807814457e-17,0.03383863344788551,0.0,0,1,0.9076921939849854,0.20944694064039504,13,1.661538353333106,0.010053989997272899,0.008433716756032682,0.03383863344788551,-0.0020459191873669763,0.03383863344788551,0.0020459191873669763,0.006431629415601492,0.013064230792224407,0.006431629415601492,0,0.03383863344788551,0.0,0.0,0.03383863344788551,0,9.47110913133986e-10,2.0816681711721685e-17,0,0,10,3,13,13,0,1,1,1,0.0,0.0,0.0,1,0.1144107785075903,0.09749146178364754,0.016919316723942757,0.016919316723942757,inf,inf,0,0,-0.0020459182402560493,-6.938893903907228e-18,1.6615384505345263,0.028112095293602746,6.938893903907228e-18,inf,0,0,0,5,2,0,0,0.04800000041723251
5011,20,0,5,20,3ad71d91f0f396590604cce0a5f40ed0d69ff516a33f0457dd9794b4e5765050,a535ba1b8d7e99504ccb325b7821a57fea9edfbe5f0a6ebe332b4f8e534117ba,0.03259629011154175,0.024000003933906555,0.00602265028283,0.00602265028283,1.3877787807814457e-17,0.03259629011154175,0.024000003933906555,1,3,0.9076921939849854,0.20944694064039504,13,1.661538353333106,0.009762410595634591,0.008637224384666195,0.008596286177635193,0.006022650282829986,0.008596286177635193,0.006022650282829986,0.0076886136084795,0.016600100323557854,0.0076886136084795,0,0.0325962882488966,0.024000003933906555,1.862645149230957e-09,0.031219089403748512,0,1.3079179354141823e-09,0.0,10,11,10,1,1,1,1,1,0,0,0.012000001966953278,0.012000001966953278,0.012000001966953278,0,0.07892540283501148,0.06331585813313723,0.015609544701874256,0.015609544701874256,1.3007951786059098,6.57711582484433,0,0,0.0060226489749120645,1.3877787807814457e-17,1.6615384505345263,0.025935858717501575,1.3877787807814457e-17,inf,0,0,0,3,4,0,0,0.023999996483325958
5011,20,1,0,20,3ad71d91f0f396590604cce0a5f40ed0d69ff516a33f0457dd9794b4e5765050,a535ba1b8d7e99504ccb325b7821a57fea9edfbe5f0a6ebe332b4f8e534117ba,0.009021880105137825,0.0,-0.0004993665497750044,-0.0004993665497750044,0.0,0.009021880105137825,0.0,0,1,0.9076921939849854,0.20944694064039504,13,1.661538353333106,0.00247688638129223,0.002013427987915172,0.009021880105137825,-0.0004993665497750044,0.009021880105137825,0.0004993665497750044,0.0018246303079649806,0.004247254226356745,0.0018246303079649806,0,0.009021880337968469,0.0,2.3283064365386963e-10,0.009021880337968469,0,8.782109046055753e-12,0.0,0,0,1,3,13,13,0,1,1,1,0.0,0.0,0.0,1,0.007462680106982589,-0.0029517399379983544,0.004510940168984234,0.004510940168984234,inf,inf,0,0,-0.0004993665585571134,0.0,1.6615384505345263,0.007495100538828019,0.0,inf,0,0,0,2,5,0,0,0.035999998450279236
5011,20,1,2,20,3ad71d91f0f396590604cce0a5f40ed0d69ff516a33f0457dd9794b4e5765050,a535ba1b8d7e99504ccb325b7821a57fea9edfbe5f0a6ebe332b4f8e534117ba,0.010841960087418556,0.0,8.786361286183819e-05,8.786361286183819e-05,0.0,0.010841960087418556,0.0,0,1,0.007692307233810425,0.20944694064039504,13,1.6615383533331063,0.0028858726209884974,0.002127070729975512,0.010841960087418556,8.786361286183819e-05,0.010841960087418556,8.786361286183819e-05,0.004267583601176739,0.00502051692456007,0.004267583601176739,0,0.010841960553079844,0.0,4.656612873077393e-10,0.010841960553079844,0,2.9853634863664935e-11,1.0842021724855044e-19,0,0,1,3,13,13,0,1,1,1,0.0,0.0,0.0,1,0.00966848828829825,-0.0042475080117583275,0.005420980276539922,0.005420980276539922,inf,inf,0,0,8.786358300820333e-05,-1.0842021724855044e-19,1.661538450534526,0.009007167169060368,1.0842021724855044e-19,inf,0,0,0,3,4,0,0,0.035999998450279236
5011,20,1,3,20,3ad71d91f0f396590604cce0a5f40ed0d69ff516a33f0457dd9794b4e5765050,a535ba1b8d7e99504ccb325b7821a57fea9edfbe5f0a6ebe332b4f8e534117ba,0.011108918115496635,0.0,-0.0036694512236863375,-0.0036694512236863375,0.0,0.011108918115496635,0.0,0,1,0.9076923131942749,0.2094469155167731,13,1.661538461366525,0.0031724565557046847,0.0025187782645666387,0.011108918115496635,-0.0036694512236863375,0.011108918115496635,0.0036694512236863375,0.0037153817247599363,0.0036016921512782574,0.0037153817247599363,0,0.011108918115496635,0.0,0.0,0.011108918115496635,0,9.84133716359914e-11,4.336808689942018e-19,0,0,1,3,13,13,0,1,1,1,0.0,0.0,0.0,1,0.006140066077932715,-0.0005856070201843977,0.005554459057748318,0.005554459057748318,inf,inf,0,0,-0.003669451125272966,-4.336808689942018e-19,1.6615384522538923,0.009228947305918753,4.336808689942018e-19,inf,0,0,0,4,3,0,0,0.035999998450279236
5011,20,1,4,20,3ad71d91f0f396590604cce0a5f40ed0d69ff516a33f0457dd9794b4e5765050,a535ba1b8d7e99504ccb325b7821a57fea9edfbe5f0a6ebe332b4f8e534117ba,0.015834299847483635,0.035999998450279236,-0.0001918452326208353,-0.0001918452326208353,-3.223808893448865e-11,0.015834299847483635,0.035999998450279236,1,3,0.9076921939849854,0.20944694064039504,13,1.661538353333106,0.004597932301107682,0.0029506049822723515,0.0201656986027956,-0.00019184520038274637,0.0201656986027956,0.00019184520038274637,0.004918267484754324,0.0030277154874056578,0.004918267484754324,0,0.015834300313144922,0.035999998450279236,4.656612873077393e-10,0.020165698137134314,0,3.172834742875587e-10,4.336808689942018e-19,10,11,10,11,1,1,1,1,1,1,0.01799999945797026,0.017999998992308974,0.017999998992308974,0,0.015680544544011354,-0.005597695475444198,0.010082849068567157,0.010082849068567157,0.5601583129463146,0.8711414123251521,0,0,-0.0001918455499043096,-3.223808850080778e-11,1.6615384505345263,0.016753041418360565,3.223808850080778e-11,519666090.56057364,1,0,0,1,1,1,1,0.035999998450279236
5011,20,1,5,20,3ad71d91f0f396590604cce0a5f40ed0d69ff516a33f0457dd9794b4e5765050,a535ba1b8d7e99504ccb325b7821a57fea9edfbe5f0a6ebe332b4f8e534117ba,0.012655247002840042,0.0,0.0012065443443134427,0.0012065443443134427,0.0,0.012655247002840042,0.0,0,1,0.9076921939849854,0.20944694064039504,13,1.661538353333106,0.0031138158381135983,0.002287266305482467,0.012655247002840042,0.0012065443443134427,0.012655247002840042,0.0012065443443134427,0.0020133028738200665,0.00413935724645853,0.0020133028738200665,0,0.012655247002840042,0.0,0.0,0.012655247002840042,0,1.4930772547147586e-11,2.168404344971009e-19,0,0,1,11,13,13,0,1,1,1,0.0,0.0,0.0,1,0.008258932502940297,-0.001931309001520276,0.006327623501420021,0.006327623501420021,inf,inf,0,0,0.0012065443293826702,2.168404344971009e-19,1.6615384505345263,0.010513589748115277,2.168404344971009e-19,inf,0,0,0,5,2,0,0,0.035999998450279236
5011,20,2,0,20,3ad71d91f0f396590604cce0a5f40ed0d69ff516a33f0457dd9794b4e5765050,a535ba1b8d7e99504ccb325b7821a57fea9edfbe5f0a6ebe332b4f8e534117ba,0.01977076753973961,0.024000000208616257,-0.005052969325333834,-0.005052969325333834,0.0,0.01977076753973961,0.024000000208616257,1,3,0.9076921939849854,0.20944694064039504,13,1.661538353333106,0.003928903064228261,0.003358539319927832,0.004229232668876648,-0.005052969325333834,0.004229232668876648,0.005052969325333834,0.004234632011502981,0.004635734483599663,0.004234632011502981,0,0.019770767830777913,0.024000000208616257,2.9103830456733704e-10,0.013084139442071319,0,4.0912778200008493e-10,1.734723475976807e-18,10,11,10,11,1,1,1,1,1,1,0.012000000104308128,0.012000000104308128,0.012000000104308128,0,0.01437294646166265,0.00783087674062699,0.006542069721035659,0.006542069721035659,0.545172472014145,1.1977455280606712,0,0,-0.005052968916206052,1.734723475976807e-18,1.6615384505345263,0.01086990038757843,1.734723475976807e-18,inf,0,0,0,3,3,0,0,0.018000001087784767
5011,20,2,1,20,3ad71d91f0f396590604cce0a5f40ed0d69ff516a33f0457dd9794b4e5765050,a535ba1b8d7e99504ccb325b7821a57fea9edfbe5f0a6ebe332b4f8e534117ba,0.017873339354991913,0.0,-0.002357990713790059,-0.002357990713790059,0.0,0.017873339354991913,0.0,0,1,0.9076921939849854,0.20944694064039504,13,1.661538353333106,0.005382217271156461,0.00456309218659512,0.017873339354991913,-0.002357990713790059,0.017873339354991913,0.002357990713790059,0.0035646066535264254,0.0038066552951931953,0.0035646066535264254,0,0.017873339354991913,0.0,0.0,0.017873339354991913,0,1.5237523872876912e-09,2.6020852139652106e-18,0,0,7,0,13,13,0,1,1,1,0.0,0.0,0.0,1,0.01767321489751339,0.008736545220017433,0.008936669677495956,0.008936669677495956,inf,inf,0,0,-0.0023579922375424464,2.6020852139652106e-18,1.6615384505345263,0.014848620288885516,2.6020852139652106e-18,inf,0,0,0,4,4,0,0,0.042000001296401024
5011,20,2,3,20,3ad71d91f0f396590604cce0a5f40ed0d69ff516a33f0457dd9794b4e5765050,a535ba1b8d7e99504ccb325b7821a57fea9edfbe5f0a6ebe332b4f8e534117ba,0.02516619861125946,0.035999998450279236,-0.011182610876858234,-0.011182610876858234,-0.016407691520438177,0.02516619861125946,0.035999998450279236,1,4,0.9076923131942749,0.2094469155167731,13,1.661538461366525,0.004735478519975395,0.004330038881072631,0.010833799839019775,0.005225080643579943,0.010833799839019775,0.005225080643579943,0.0049117146991193295,0.00641500623896718,0.0049117146991193295,0,0.02516619861125946,0.035999998450279236,0.0,0.012301326030865312,0,4.2292745347505267e-10,0.0,10,11,10,11,1,1,1,1,1,1,0.014999999199062586,0.017999999225139618,0.014999999199062586,0,0.009348852559924126,-0.00319818954449147,0.006150663015432656,0.006150663015432656,0.41004422292349435,0.6232568706075915,1,0,-0.011182610453930781,-0.016407691520438177,1.6615384522538923,0.010219563106997233,0.016407691520438177,0.6228519773343663,1,1,0,2,1,0,1,0.006000002846121788
5011,20,2,4,20,3ad71d91f0f396590604cce0a5f40ed0d69ff516a33f0457dd9794b4e5765050,a535ba1b8d7e99504ccb325b7821a57fea9edfbe5f0a6ebe332b4f8e534117ba,0.016269346699118614,0.0,-0.0026237594429403543,-0.0026237594429403543,0.0,0.016269346699118614,0.0,0,1,0.9076921939849854,0.20944694064039504,13,1.661538353333106,0.005186479571266335,0.004608866257163195,0.016269346699118614,-0.0026237594429403543,0.016269346699118614,0.0026237594429403543,0.003969186916947365,0.00439400365576148,0.003969186916947365,0,0.016269346699118614,0.0,0.0,0.016269346699118614,0,8.09000657263359e-10,2.6020852139652106e-18,0,0,8,0,13,13,0,1,1,1,0.0,0.0,0.0,1,0.016090011224150658,0.00795533787459135,0.008134673349559307,0.008134673349559307,inf,inf,0,0,-0.002623758633939697,2.6020852139652106e-18,1.6615384505345263,0.013516072552831276,2.6020852139652106e-18,inf,0,0,0,5,5,0,0,0.042000001296401024
5011,20,2,5,20,3ad71d91f0f396590604cce0a5f40ed0d69ff516a33f0457dd9794b4e5765050,a535ba1b8d7e99504ccb325b7821a57fea9edfbe5f0a6ebe332b4f8e534117ba,0.021246151998639107,0.042000001296401024,-0.005229413043707609,-0.005229413043707609,0.002076923145697667,0.021246151998639107,0.042000001296401024,1,4,0.9076921939849854,0.20944694064039504,13,1.661538353333106,0.0087013434180701,0.005562141723655297,0.020753849297761917,-0.007306336189405276,0.020753849297761917,0.007306336189405276,0.0036974709946662188,0.003222745843231678,0.0036974709946662188,0,0.02124615167849697,0.042000001296401024,3.2014213502407074e-10,0.03562476672232151,0,9.619883275385765e-11,0.0,10,1,10,11,1,1,1,1,0,0,0.012000000104308128,0.018000001087784767,0.012000000104308128,0,0.03602282702922821,0.018210443668067455,0.017812383361160755,0.017812383361160755,1.484365267194116,3.0019022263421173,0,0,-0.005229412947508776,0.002076923145697667,1.6615384505345263,0.02959595985023002,0.002076923145697667,14.249906122688198,0,0,0,1,2,1,0,0.006000002846121788
5011,21,0,1,21,dabb5faa3034db5b0f677db2751cd421f44cca599f761a4b8a02548e3cb4fa11,a535ba1b8d7e99504ccb325b7821a57fea9edfbe5f0a6ebe332b4f8e534117ba,0.01219878625124693,0.0,0.0009670642320998013,0.0009670642320998013,1.734723475976807e-18,0.01219878625124693,0.0,0,1,0.9076921939849854,0.20944694064039504,13,1.661538353333106,0.0032247200445363862,0.0025903394765402436,0.01219878625124693,0.0009670642320997996,0.01219878625124693,0.0009670642320997996,0.0017023178515955806,0.0036646605003625154,0.0017023178515955806,0,0.01219878625124693,0.0,0.0,0.01219878625124693,0,1.3216255494510887e-09,1.734723475976807e-18,0,0,8,11,13,13,0,1,1,1,0.0,0.0,0.0,1,0.008519323542714119,0.0024199304170906544,0.006099393125623465,0.006099393125623465,inf,inf,0,0,0.0009670655537253508,0.0,1.6615384505345263,0.010134376203149352,0.0,inf,0,0,0,4,5,0,0,0.04800000041723251
5011,21,0,2,21,dabb5faa3034db5b0f677db2751cd421f44cca599f761a4b8a02548e3cb4fa11,a535ba1b8d7e99504ccb325b7821a57fea9edfbe5f0a6ebe332b4f8e534117ba,0.018378183245658875,0.029999999329447746,0.0021585042122751474,0.0021585042122751474,1.2895235747267808e-10,0.018378183245658875,0.029999999329447746,1,3,0.007692307233810425,0.20944694064039504,13,1.661538353333106,0.003970023641144784,0.003376390236655812,0.011621816083788872,0.00215850408332279,0.011621816083788872,0.00215850408332279,0.004106069914996624,0.004881540313363075,0.004106069914996624,0,0.018378183478489518,0.029999999329447746,2.3283064365386963e-10,0.01349184662103653,0,6.64430004071459e-10,2.6020852139652106e-18,10,11,10,11,1,1,1,1,1,1,0.014999998733401299,0.015000000596046448,0.014999998733401299,0,0.008012901991605759,0.001266978681087494,0.006745923310518265,0.006745923310518265,0.4497282586762329,0.5341935112143045,1,0,0.0021585035478451434,1.2895235487059287e-10,1.6615384505345263,0.01120861096478326,1.2895235487059287e-10,86920560.51269013,1,0,0,2,2,0,0,0.018000001087784767
5011,21,0,3,21,dabb5faa3034db5b0f677db2751cd421f44cca599f761a4b8a02548e3cb4fa11,a535ba1b8d7e99504ccb325b7821a57fea9edfbe5f0a6ebe332b4f8e534117ba,0.023931097239255905,0.04800000041723251,-0.010246858932077885,-0.010246858932077885,-0.014330768662734103,0.023931097239255905,0.04800000041723251,1,5,0.9076923131942749,0.2094469155167731,13,1.661538461366525,0.009268468505683854,0.005714219625620447,0.02406890317797661,0.004083909730656218,0.02406890317797661,0.004083909730656218,0.0026123595889657736,0.01242490578442812,0.0026123595889657736,0,0.02393109817057848,0.04800000041723251,9.313225746154785e-10,0.03863019775599241,0,2.2203123714592543e-10,3.469446951953614e-18,10,1,10,11,1,1,1,1,0,0,0.015000000596046448,0.012000000104308128,0.012000000104308128,0,0.022676505148410797,0.003361406270414591,0.019315098877996206,0.019315098877996206,1.609591559175227,1.8897087459415678,0,0,-0.010246858710046648,-0.014330768662734106,1.6615384522538923,0.03209277949487671,0.014330768662734106,2.2394318302221388,1,0,0,1,1,1,1,0.018000001087784767
5011,21,0,4,21,dabb5faa3034db5b0f677db2751cd421f44cca599f761a4b8a02548e3cb4fa11,a535ba1b8d7e99504ccb325b7821a57fea9edfbe5f0a6ebe332b4f8e534117ba,0.012373875826597214,0.0,-0.0037231866735965014,-0.0037231866735965014,1.734723475976807e-18,0.012373875826597214,0.0,0,1,0.007692307233810425,0.20944694064039504,13,1.661538353333106,0.0037393196027598365,0.003159797078097713,0.012373875826597214,-0.003723186673596503,0.012373875826597214,0.003723186673596503,0.003744863672181964,0.004654151387512684,0.003744863672181964,0,0.012373875826597214,0.0,0.0,0.012373875826597214,0,1.1145868169387674e-10,1.734723475976807e-18,0,0,8,6,13,13,0,1,1,1,0.0,0.0,0.0,1,0.006884004920721054,0.0006970670074224472,0.006186937913298607,0.006186937913298607,inf,inf,0,0,-0.003723186785055183,0.0,1.6615384505345263,0.010279835234015483,0.0,inf,0,0,0,5,4,0,0,0.04800000041723251
5011,21,0,5,21,dabb5faa3034db5b0f677db2751cd421f44cca599f761a4b8a02548e3cb4fa11,a535ba1b8d7e99504ccb325b7821a57fea9edfbe5f0a6ebe332b4f8e534117ba,0.018328094854950905,0.024000000208616257,0.0014310367405414581,0.0014310367405414581,0.0,0.018328094854950905,0.024000000208616257,1,3,0.9076921939849854,0.20944694064039504,13,1.661538353333106,0.002710318257526416,0.0021755832368673305,0.005671905353665352,0.0014310367405414581,0.005671905353665352,0.0014310367405414581,0.0035352834966033697,0.0058012655936181545,0.0035352834966033697,0,0.018328095437027514,0.024000000208616257,5.820766091346741e-10,0.01020897924900055,0,4.6066141352885115e-10,0.0,10,11,10,11,1,1,1,1,1,1,0.012000000104308128,0.012000000104308128,0.012000000104308128,0,0.005953513085842133,-0.0008490234613418579,0.005104489624500275,0.005104489624500275,0.4253741316775246,0.4961260861743458,1,0,0.0014310372012028717,0.0,1.6615384505345263,0.008481305781461753,0.0,inf,0,0,0,3,3,0,0,0.024000000208616257
5011,21,1,0,21,dabb5faa3034db5b0f677db2751cd421f44cca599f761a4b8a02548e3cb4fa11,a535ba1b8d7e99504ccb325b7821a57fea9edfbe5f0a6ebe332b4f8e534117ba,0.007885510101914406,0.0,-0.0006324292626231909,-0.0006324292626231909,-4.336808689942018e-19,0.007885510101914406,0.0,0,1,0.9076921939849854,0.20944694064039504,13,1.661538353333106,0.0021465733890464462,0.0017133198196988707,0.007885510101914406,-0.0006324292626231904,0.007885510101914406,0.0006324292626231904,0.004281666595488787,0.005366000346839428,0.004281666595488787,0,0.007885509985499084,0.0,1.1641532182693481e-10,0.007885509985499084,0,3.8065377260844413e-10,4.336808689942018e-19,0,0,1,3,13,13,0,1,1,1,0.0,0.0,0.0,1,0.004162154742516577,0.00021939974976703525,0.003942754992749542,0.003942754992749542,inf,inf,0,0,-0.0006324296432769635,0.0,1.6615384505345263,0.0065510390214903414,0.0,inf,0,0,0,2,5,0,0,0.03599999938160181
5011,21,1,2,21,dabb5faa3034db5b0f677db2751cd421f44cca599f761a4b8a02548e3cb4fa11,a535ba1b8d7e99504ccb325b7821a57fea9edfbe5f0a6ebe332b4f8e534117ba,0.009307874366641045,0.0,0.004832101054489613,0.004832101054489613,0.0,0.009307874366641045,0.0,0,1,0.007692307233810425,0.20944694064039504,13,1.661538353333106,0.0026307388803349457,0.0020769976861995353,0.009307874366641045,0.004832101054489613,0.009307874366641045,0.004832101054489613,0.0033780180383473635,0.004956444259732962,0.0033780180383473635,0,0.009307874366641045,0.0,0.0,0.009307874366641045,0,3.6056443421250695e-11,2.168404344971009e-19,0,0,1,11,13,13,0,1,1,1,0.0,0.0,0.0,1,0.004849673015996814,-0.00019573583267629147,0.004653937183320522,0.004653937183320522,inf,inf,0,0,0.004832101090546056,-2.168404344971009e-19,1.6615384505345263,0.007732695576459398,2.168404344971009e-19,inf,0,0,0,3,4,0,0,0.03599999938160181
5011,21,1,3,21,dabb5faa3034db5b0f677db2751cd421f44cca599f761a4b8a02548e3cb4fa11,a535ba1b8d7e99504ccb325b7821a57fea9edfbe5f0a6ebe332b4f8e534117ba,0.009791191667318344,0.0,-0.0033560756128281355,-0.0033560756128281355,4.336808689942018e-19,0.009791191667318344,0.0,0,1,0.9076923131942749,0.2094469155167731,13,1.661538461366525,0.0027143476957555666,0.002120986609091464,0.009791191667318344,-0.003356075612828136,0.009791191667318344,0.003356075612828136,0.002781778108328581,0.007889846339821815,0.002781778108328581,0,0.009791192132979631,0.0,4.656612873077393e-10,0.009791192132979631,0,6.979717455043999e-11,2.168404344971009e-19,0,0,1,11,13,13,0,1,1,1,0.0,0.0,0.0,1,0.008342203916981816,0.0034466078504920006,0.004895596066489816,0.004895596066489816,inf,inf,0,0,-0.003356075543030961,2.168404344971009e-19,1.6615384522538923,0.008134221111175732,2.168404344971009e-19,inf,0,0,0,4,3,0,0,0.03599999938160181
5011,21,1,4,21,dabb5faa3034db5b0f677db2751cd421f44cca599f761a4b8a02548e3cb4fa11,a535ba1b8d7e99504ccb325b7821a57fea9edfbe5f0a6ebe332b4f8e534117ba,0.017272740602493286,0.03599999938160181,0.00032732717227190733,0.00032732717227190733,3.223808893448865e-11,0.017272740602493286,0.03599999938160181,1,3,0.007692307233810425,0.20944694064039504,13,1.661538353333106,0.00433518033104351,0.0026411432628216745,0.018727258779108524,0.0003273271400338184,0.018727258779108524,0.0003273271400338184,0.0015268014976754785,0.0034910449758172035,0.0015268014976754785,0,0.017272741300985217,0.03599999938160181,6.984919309616089e-10,0.018727258080616593,0,1.0201632789398618e-10,8.673617379884035e-19,10,11,10,11,1,1,1,1,1,1,0.01799999945797026,0.01799999992363155,0.01799999945797026,0,0.012708763824775815,-0.0033451347844675183,0.009363629040308297,0.009363629040308297,0.5202016290151694,0.7060424559706568,0,0,0.00032732707025557944,3.223808806712691e-11,1.6615384505345263,0.015558029687013942,3.223808806712691e-11,482597778.58471763,1,0,0,1,1,1,1,0.03599999938160181
5011,21,1,5,21,dabb5faa3034db5b0f677db2751cd421f44cca599f761a4b8a02548e3cb4fa11,a535ba1b8d7e99504ccb325b7821a57fea9edfbe5f0a6ebe332b4f8e534117ba,0.011741455644369125,0.0,-0.0007990222075022757,-0.0007990222075022757,0.0,0.011741455644369125,0.0,0,1,0.9076921939849854,0.20944694064039504,13,1.661538353333106,0.002842209295352887,0.0021210807560221156,0.011741455644369125,-0.0007990222075022757,0.011741455644369125,0.0007990222075022757,0.0027642722707241774,0.004333426710218191,0.0027642722707241774,0,0.011741455644369125,0.0,0.0,0.011741455644369125,0,1.0351183452050883e-10,4.336808689942018e-19,0,0,1,11,13,13,0,1,1,1,0.0,0.0,0.0,1,0.008059556363150477,0.0021888285409659147,0.005870727822184563,0.005870727822184563,inf,inf,0,0,-0.0007990223110141102,-4.336808689942018e-19,1.6615384505345263,0.009754440009182472,4.336808689942018e-19,inf,0,0,0,5,2,0,0,0.03599999938160181
5011,21,2,0,21,dabb5faa3034db5b0f677db2751cd421f44cca599f761a4b8a02548e3cb4fa11,a535ba1b8d7e99504ccb325b7821a57fea9edfbe5f0a6ebe332b4f8e534117ba,0.01871415600180626,0.023999998345971107,0.0014511396875604987,0.0014511396875604987,1.289523487990607e-10,0.01871415600180626,0.023999998345971107,1,3,0.9076921939849854,0.20944694064039504,13,1.661538353333106,0.005129954971962246,0.004453819333272573,0.005285842344164848,0.00145113955860815,0.005285842344164848,0.00145113955860815,0.004427051637321711,0.007836299948394299,0.004427051637321711,0,0.01871415600180626,0.023999998345971107,0.0,0.016779376193881035,0,1.4393588751437925e-10,1.0408340855860843e-17,10,11,10,6,1,1,1,1,0,0,0.011999998241662979,0.012000000104308128,0.011999998241662979,0,0.09044567495584488,-0.08205598685890436,0.008389688096940517,0.008389688096940517,0.6991407771888024,7.537140684056531,0,0,0.0014511395436246112,1.2895235920740156e-10,1.6615384505345263,0.013939789361058505,1.2895235920740156e-10,108100305.00208479,1,0,0,3,3,0,0,0.017999999225139618
5011,21,2,1,21,dabb5faa3034db5b0f677db2751cd421f44cca599f761a4b8a02548e3cb4fa11,a535ba1b8d7e99504ccb325b7821a57fea9edfbe5f0a6ebe332b4f8e534117ba,0.017486996948719025,0.0,-0.006292054895311594,-0.006292054895311594,0.0,0.017486996948719025,0.0,0,1,0.9076921939849854,0.20944694064039504,13,1.661538353333106,0.005270820605779069,0.004427309307826342,0.017486996948719025,-0.006292054895311594,0.017486996948719025,0.006292054895311594,0.00655254814773798,0.008394761011004448,0.00655254814773798,0,0.017486996948719025,0.0,0.0,0.017486996948719025,0,5.933001590019416e-10,3.469446951953614e-18,0,0,7,0,13,13,0,1,1,1,0.0,0.0,0.0,1,0.08927684277296066,-0.08053334429860115,0.008743498474359512,0.008743498474359512,inf,inf,0,0,-0.006292054302011435,3.469446951953614e-18,1.6615384505345263,0.014527658907338299,3.469446951953614e-18,inf,0,0,0,4,4,0,0,0.041999997571110725
5011,21,2,3,21,dabb5faa3034db5b0f677db2751cd421f44cca599f761a4b8a02548e3cb4fa11,a535ba1b8d7e99504ccb325b7821a57fea9edfbe5f0a6ebe332b4f8e534117ba,0.019805025309324265,0.036000002175569534,-0.005958629306405783,-0.005958629306405783,-0.016407691681628617,0.019805025309324265,0.036000002175569534,1,4,0.9076923131942749,0.2094469155167731,13,1.661538461366525,0.006162799239528123,0.005082075456543081,0.01619497686624527,0.010449062375222834,0.01619497686624527,0.010449062375222834,0.00785694271326065,0.008190884254872799,0.00785694271326065,0,0.019805025309324265,0.036000002175569534,0.0,0.0199294276535511,0,1.4066715292582188e-09,1.0408340855860843e-17,10,11,10,3,1,1,1,1,0,0,0.015000004321336746,0.017999999225139618,0.015000004321336746,0,0.09907500445842743,-0.08911029063165188,0.00996471382677555,0.00996471382677555,0.6643140637367184,6.604998394400344,0,0,-0.005958630713077312,-0.016407691681628627,1.6615384522538923,0.01655675518889361,0.016407691681628627,1.0090849773482693,1,0,0,2,1,0,1,0.005999995395541191
5011,21,2,4,21,dabb5faa3034db5b0f677db2751cd421f44cca599f761a4b8a02548e3cb4fa11,a535ba1b8d7e99504ccb325b7821a57fea9edfbe5f0a6ebe332b4f8e534117ba,0.016762472689151764,0.0,-0.007165194023400545,-0.007165194023400545,0.0,0.016762472689151764,0.0,0,1,0.007692307233810425,0.20944694064039504,13,1.661538353333106,0.005293331230959122,0.00466876265388974,0.016762472689151764,-0.007165194023400545,0.016762472689151764,0.007165194023400545,0.0024703945964574814,0.0081025380641222,0.0024703945964574814,0,0.016762472689151764,0.0,0.0,0.016762472689151764,0,2.8056008176402525e-09,0.0,0,0,7,6,13,13,0,1,1,1,0.0,0.0,0.0,1,0.08899146318435669,-0.08061022683978081,0.008381236344575882,0.008381236344575882,inf,inf,0,0,-0.0071651912177997275,0.0,1.6615384505345263,0.013925746449530268,0.0,inf,0,0,0,5,5,0,0,0.041999997571110725
5011,21,2,5,21,dabb5faa3034db5b0f677db2751cd421f44cca599f761a4b8a02548e3cb4fa11,a535ba1b8d7e99504ccb325b7821a57fea9edfbe5f0a6ebe332b4f8e534117ba,0.019142579287290573,0.041999997571110725,-0.006658017635345459,-0.006658017635345459,0.0020769231456976706,0.019142579287290573,0.041999997571110725,1,4,0.9076921939849854,0.20944694064039504,13,1.661538353333106,0.009626854272183797,0.006999601626537255,0.022857418283820152,-0.00873494078104313,0.022857418283820152,0.00873494078104313,0.008294595405459404,0.008298031985759735,0.008294595405459404,0,0.019142579287290573,0.041999997571110725,0.0,0.037898262962698936,0,6.149955024403742e-10,3.469446951953614e-18,10,1,10,0,1,1,1,1,0,0,0.011999998241662979,0.017999999225139618,0.011999998241662979,0,0.08710882812738419,-0.06815969664603472,0.018949131481349468,0.018949131481349468,1.579094521494152,7.259070074272986,0,0,-0.006658018250340961,0.002076923145697667,1.6615384505345263,0.031484710560496405,0.002076923145697667,15.159304582702918,0,0,0,1,2,1,0,0.005999995395541191
5011,22,0,1,22,460952fa4b5167c4c60e1942ad810aacc66f9fc9ad4651dd65933373f6349ede,a535ba1b8d7e99504ccb325b7821a57fea9edfbe5f0a6ebe332b4f8e534117ba,0.02864978462457657,0.0,-0.00010376734280725941,-0.00010376734280725941,1.3877787807814457e-17,0.02864978462457657,0.0,0,1,0.9076921939849854,0.20944694064039504,13,1.661538353333106,0.008594036471468443,0.006834084597917704,0.02864978462457657,-0.00010376734280727329,0.02864978462457657,0.00010376734280727329,0.009659171104431152,0.012804154306650162,0.009659171104431152,0,0.02864978415891528,0.0,4.656612873077393e-10,0.02864978415891528,0,6.177691674186248e-10,6.938893903907228e-18,0,0,7,3,13,13,0,1,1,1,0.0,0.0,0.0,1,0.09359156293794513,0.07926667085848749,0.01432489207945764,0.01432489207945764,inf,inf,0,0,-0.00010376796057642683,6.938893903907228e-18,1.6615384505345263,0.023801358989776356,6.938893903907228e-18,inf,0,0,0,4,4,0,0,0.04800000041723251
5011,22,0,2,22,460952fa4b5167c4c60e1942ad810aacc66f9fc9ad4651dd65933373f6349ede,a535ba1b8d7e99504ccb325b7821a57fea9edfbe5f0a6ebe332b4f8e534117ba,0.04051806405186653,0.030000001192092896,-0.004616504069417715,-0.004616504069417715,1.3877787807814457e-17,0.04051806405186653,0.030000001192092896,1,3,0.9076921939849854,0.20944694064039504,13,1.661538353333106,0.011227059435266811,0.008139476312335426,0.010518062859773636,-0.004616504069417729,0.010518062859773636,0.004616504069417729,0.019731875509023666,0.01907251589000225,0.019731875509023666,0,0.04051806405186653,0.030000001192092896,0.0,0.045716640539467335,0,2.2869864925445516e-09,0.0,10,11,10,3,1,1,1,1,0,0,0.015000000596046448,0.015000000596046448,0.015000000596046448,0,0.10410685185343027,0.0812485315836966,0.022858320269733667,0.022858320269733667,1.5238879574283777,6.940456514439721,0,0,-0.004616506356404208,1.3877787807814457e-17,1.6615384505345263,0.03797997804279523,1.3877787807814457e-17,inf,0,0,0,2,1,0,1,0.017999999225139618
5011,22,0,3,22,460952fa4b5167c4c60e1942ad810aacc66f9fc9ad4651dd65933373f6349ede,a535ba1b8d7e99504ccb325b7821a57fea9edfbe5f0a6ebe332b4f8e534117ba,0.025492433458566666,0.04800000041723251,0.002829628763720393,0.002829628763720393,-0.014330768275877023,0.025492433458566666,0.04800000041723251,1,5,0.9076923131942749,0.2094469155167731,13,1.661538461366525,0.011147570877628138,0.008859752536856039,0.022507566958665848,0.017160397039597416,0.022507566958665848,0.017160397039597416,0.012841673567891121,0.015388352796435356,0.012841673567891121,0,0.025492434157058597,0.04800000041723251,6.984919309616089e-10,0.03984040208160877,0,1.6507971899171192e-10,6.938893903907228e-18,10,1,0,6,1,1,1,0,0,0,0.015000000596046448,0.012000001966953278,0.012000001966953278,0,0.09081454761326313,0.07089434657245874,0.019920201040804386,0.019920201040804386,1.6600164813024607,7.567877727300102,0,0,0.002829628928800112,-0.014330768275877016,1.6615384522538923,0.033098180005924495,0.014330768275877016,2.3095886674574637,0,0,0,1,5,1,0,0.017999999225139618
5011,22,0,4,22,460952fa4b5167c4c60e1942ad810aacc66f9fc9ad4651dd65933373f6349ede,a535ba1b8d7e99504ccb325b7821a57fea9edfbe5f0a6ebe332b4f8e534117ba,0.03255494683980942,0.0,-0.005559809971600771,-0.005559809971600771,1.3877787807814457e-17,0.03255494683980942,0.0,0,1,0.007692307233810425,0.20944694064039504,13,1.661538353333106,0.009379310768872665,0.007944517291547763,0.03255494683980942,-0.005559809971600785,0.03255494683980942,0.005559809971600785,0.018942885100841522,0.01275892648845911,0.018942885100841522,0,0.03255494497716427,0.0,1.862645149230957e-09,0.03255494497716427,0,8.77697989808135e-10,1.3877787807814457e-17,0,0,10,3,13,13,0,1,1,1,0.0,0.0,0.0,1,0.11796524934470654,0.1016877768561244,0.016277472488582134,0.016277472488582134,inf,inf,0,0,-0.005559809093902781,0.0,1.6615384505345263,0.02704564641729714,0.0,inf,0,0,0,5,2,0,0,0.04800000041723251
5011,22,0,5,22,460952fa4b5167c4c60e1942ad810aacc66f9fc9ad4651dd65933373f6349ede,a535ba1b8d7e99504ccb325b7821a57fea9edfbe5f0a6ebe332b4f8e534117ba,0.03138670697808266,0.024000003933906555,0.0017310351831838489,0.0017310351831838489,1.3877787807814457e-17,0.03138670697808266,0.024000003933906555,1,3,0.9076921939849854,0.20944694064039504,13,1.661538353333106,0.008858344831574699,0.007590946625675676,0.007386703044176102,0.001731035183183835,0.007386703044176102,0.001731035183183835,0.01058323122560978,0.0212556105107069,0.01058323122560978,0,0.03138670697808266,0.024000003933906555,0.0,0.02929445542395115,0,3.3910905125611457e-09,0.0,10,11,10,3,1,1,1,1,0,0,0.012000001966953278,0.012000001966953278,0.012000001966953278,0,0.06963230483233929,0.05498507712036371,0.014647227711975574,0.014647227711975574,1.2206021092590214,5.802691118226415,0,0,0.0017310317920933363,1.3877787807814457e-17,1.6615384505345263,0.02433693203718227,1.3877787807814457e-17,inf,0,0,0,3,3,0,0,0.023999996483325958
5011,22,1,0,22,460952fa4b5167c4c60e1942ad810aacc66f9fc9ad4651dd65933373f6349ede,a535ba1b8d7e99504ccb325b7821a57fea9edfbe5f0a6ebe332b4f8e534117ba,0.00829632394015789,0.0,-0.001093042897991836,-0.001093042897991836,0.0,0.00829632394015789,0.0,0,1,0.9076921939849854,0.20944694064039504,13,1.661538353333106,0.002274328208602291,0.0018880092197913435,0.00829632394015789,-0.001093042897991836,0.00829632394015789,0.001093042897991836,0.002967933425679803,0.004081116057932377,0.002967933425679803,0,0.008296323474496603,0.0,4.656612873077393e-10,0.008296323474496603,0,1.8059006763951335e-11,4.336808689942018e-19,0,0,5,4,13,13,0,1,1,1,0.0,0.0,0.0,1,0.0057855036575347185,0.001637341920286417,0.0041481617372483015,0.0041481617372483015,inf,inf,0,0,-0.0010930429160508428,-4.336808689942018e-19,1.6615384505345263,0.006892330225474152,4.336808689942018e-19,inf,0,0,0,2,5,0,0,0.03599999938160181
5011,22,1,2,22,460952fa4b5167c4c60e1942ad810aacc66f9fc9ad4651dd65933373f6349ede,a535ba1b8d7e99504ccb325b7821a57fea9edfbe5f0a6ebe332b4f8e534117ba,0.009723452851176262,0.0,0.0030230116099119186,0.0030230116099119186,0.0,0.009723452851176262,0.0,0,1,0.9076921939849854,0.20944694064039504,13,1.661538353333106,0.0027864244432080423,0.002390136127360165,0.009723452851176262,0.0030230116099119186,0.009723452851176262,0.0030230116099119186,0.005955717992037535,0.005001940298825502,0.005955717992037535,0,0.009723452385514975,0.0,4.656612873077393e-10,0.009723452385514975,0,4.565780709238354e-10,2.168404344971009e-19,0,0,5,4,13,13,0,1,1,1,0.0,0.0,0.0,1,0.007511687697842717,0.00264996150508523,0.004861726192757487,0.004861726192757487,inf,inf,0,0,0.0030230111533338477,-2.168404344971009e-19,1.6615384505345263,0.008077945005237397,2.168404344971009e-19,inf,0,0,0,3,3,0,0,0.03599999938160181
5011,22,1,3,22,460952fa4b5167c4c60e1942ad810aacc66f9fc9ad4651dd65933373f6349ede,a535ba1b8d7e99504ccb325b7821a57fea9edfbe5f0a6ebe332b4f8e534117ba,0.010974652133882046,0.0,-0.0008105816668830812,-0.0008105816668830812,4.336808689942018e-19,0.010974652133882046,0.0,0,1,0.9076923131942749,0.2094469155167731,13,1.661538461366525,0.0029833214609539687,0.002337673688638051,0.010974652133882046,-0.0008105816668830816,0.010974652133882046,0.0008105816668830816,0.0038777824956923723,0.005793877877295017,0.0038777824956923723,0,0.010974652133882046,0.0,0.0,0.010974652133882046,0,1.182582915057115e-10,2.168404344971009e-19,0,0,5,4,13,13,0,1,1,1,0.0,0.0,0.0,1,0.009911478729918599,0.004424152662977576,0.005487326066941023,0.005487326066941023,inf,inf,0,0,-0.0008105815486247897,2.168404344971009e-19,1.6615384522538923,0.009117403260277625,2.168404344971009e-19,inf,0,0,0,4,2,0,0,0.03599999938160181
5011,22,1,4,22,460952fa4b5167c4c60e1942ad810aacc66f9fc9ad4651dd65933373f6349ede,a535ba1b8d7e99504ccb325b7821a57fea9edfbe5f0a6ebe332b4f8e534117ba,0.01107488851994276,0.03599999938160181,-0.0020785401575267315,-0.0020785401575267315,3.223808893448865e-11,0.01107488851994276,0.03599999938160181,1,3,0.007692307233810425,0.20944694064039504,13,1.661538353333106,0.005263580437464613,0.003326210690339884,0.02492511086165905,-0.0020785401897648204,0.02492511086165905,0.0020785401897648204,0.0020226698834449053,0.004858152475208044,0.0020226698834449053,0,0.011074888287112117,0.03599999938160181,2.3283064365386963e-10,0.024925111094489694,0,2.5522092555671505e-10,4.336808689942018e-19,10,11,10,11,1,1,1,1,1,1,0.01799999945797026,0.01799999992363155,0.01799999945797026,0,0.013220713939517736,0.0007581583922728896,0.012462555547244847,0.012462555547244847,0.6923642179181579,0.7344841298683321,0,0,-0.002078540412747657,3.223808850080778e-11,1.6615384505345263,0.02070701523366967,3.223808850080778e-11,642315230.1089693,0,0,0,1,1,1,1,0.03599999938160181
5011,22,1,5,22,460952fa4b5167c4c60e1942ad810aacc66f9fc9ad4651dd65933373f6349ede,a535ba1b8d7e99504ccb325b7821a57fea9edfbe5f0a6ebe332b4f8e534117ba,0.009024836122989655,0.0,0.0027776111382991076,0.0027776111382991076,0.0,0.009024836122989655,0.0,0,1,0.9076921939849854,0.20944694064039504,13,1.661538353333106,0.002846728768596856,0.0024376011235892944,0.009024836122989655,0.0027776111382991076,0.009024836122989655,0.0027776111382991076,0.002367627341300249,0.004049292299896479,0.002367627341300249,0,0.009024836355820298,0.0,2.3283064365386963e-10,0.009024836355820298,0,7.749855705091457e-11,4.336808689942018e-19,0,0,5,4,13,13,0,1,1,1,0.0,0.0,0.0,1,0.008896499639376998,0.004384081461466849,0.004512418177910149,0.004512418177910149,inf,inf,0,0,0.0027776110608005505,-4.336808689942018e-19,1.6615384505345263,0.007497556307488659,4.336808689942018e-19,inf,0,0,0,5,4,0,0,0.03599999938160181
5011,22,2,0,22,460952fa4b5167c4c60e1942ad810aacc66f9fc9ad4651dd65933373f6349ede,a535ba1b8d7e99504ccb325b7821a57fea9edfbe5f0a6ebe332b4f8e534117ba,0.020645763725042343,0.023999998345971107,-0.004032472614198923,-0.004032472614198923,-1.289523487990607e-10,0.020645763725042343,0.023999998345971107,1,3,0.9076921939849854,0.20944694064039504,13,1.661538353333106,0.004952078713679813,0.003787966971368302,0.0033542346209287643,-0.004032472485246574,0.0033542346209287643,0.004032472485246574,0.002130667446181178,0.012937297113239765,0.002130667446181178,0,0.020645764656364918,0.023999998345971107,9.313225746154785e-10,0.017983424477279186,0,5.983960549293954e-11,3.469446951953614e-18,10,11,10,3,1,1,1,1,0,0,0.012000000104308128,0.011999998241662979,0.011999998241662979,0,0.04875056724995375,0.039758855011314154,0.008991712238639593,0.008991712238639593,0.7493094630148468,4.062547866106838,0,0,-0.004032472554359318,-1.2895235226850765e-10,1.6615384505345263,0.014940075620641566,1.2895235226850765e-10,115857333.02121535,1,0,0,2,3,0,0,0.012000000104308128
5011,22,2,1,22,460952fa4b5167c4c60e1942ad810aacc66f9fc9ad4651dd65933373f6349ede,a535ba1b8d7e99504ccb325b7821a57fea9edfbe5f0a6ebe332b4f8e534117ba,0.01623685657978058,0.0,-0.0012748863082379103,-0.0012748863082379103,6.938893903907228e-18,0.01623685657978058,0.0,0,1,0.9076921939849854,0.20944694064039504,13,1.661538353333106,0.004296151425298741,0.003139659045980527,0.01623685657978058,-0.0012748863082379172,0.01623685657978058,0.0012748863082379172,0.003546177176758647,0.007581981830298901,0.003546177176758647,0,0.016236857045441866,0.0,4.656612873077393e-10,0.016236857045441866,0,7.366148153682001e-10,1.3877787807814457e-17,0,0,10,3,13,13,0,1,1,1,0.0,0.0,0.0,1,0.047431658022105694,0.03931322949938476,0.008118428522720933,0.008118428522720933,inf,inf,0,0,-0.0012748870448527256,-6.938893903907228e-18,1.6615384505345263,0.013489081148417043,6.938893903907228e-18,inf,0,0,0,4,4,0,0,0.035999998450279236
5011,22,2,3,22,460952fa4b5167c4c60e1942ad810aacc66f9fc9ad4651dd65933373f6349ede,a535ba1b8d7e99504ccb325b7821a57fea9edfbe5f0a6ebe332b4f8e534117ba,0.022900940850377083,0.035999998450279236,-0.0028058569878339767,-0.0028058569878339767,-0.01640769155267626,0.022900940850377083,0.035999998450279236,1,4,0.9076923131942749,0.2094469155167731,13,1.661538461366525,0.007252179105262879,0.00556120212526011,0.013099057599902153,0.013601834564842284,0.013099057599902153,0.013601834564842284,0.009256103076040745,0.007207804825156927,0.009256103076040745,0,0.022900940850377083,0.035999998450279236,0.0,0.02765514701604843,0,8.731914323545364e-11,0.0,10,11,5,3,1,1,1,0,0,0,0.014999998733401299,0.017999999225139618,0.014999998733401299,0,0.053898366168141365,0.04007079266011715,0.013827573508024216,0.013827573508024216,0.9218383117082283,3.5932247146210083,0,0,-0.0028058569005148335,-0.01640769155267626,1.6615384522538923,0.02297504508494948,0.01640769155267626,1.4002606650173173,1,0,0,1,1,1,1,0.012000000104308128
5011,22,2,4,22,460952fa4b5167c4c60e1942ad810aacc66f9fc9ad4651dd65933373f6349ede,a535ba1b8d7e99504ccb325b7821a57fea9edfbe5f0a6ebe332b4f8e534117ba,0.022239286452531815,0.0,-0.00015053199604153633,-0.00015053199604153633,6.938893903907228e-18,0.022239286452531815,0.0,0,1,0.007692307233810425,0.20944694064039504,13,1.661538353333106,0.005188411629354289,0.0036831897953470073,0.022239286452531815,-0.00015053199604154327,0.022239286452531815,0.00015053199604154327,0.004379096906632185,0.010356467217206955,0.004379096906632185,0,0.02223928738385439,0.0,9.313225746154785e-10,0.02223928738385439,0,7.048618752471952e-10,6.938893903907228e-18,0,0,10,3,13,13,0,1,1,1,0.0,0.0,0.0,1,0.050345297902822495,0.0392256542108953,0.011119643691927195,0.011119643691927195,inf,inf,0,0,-0.00015053129117966108,0.0,1.6615384505345263,0.01847571555038073,0.0,inf,0,0,0,5,2,0,0,0.035999998450279236
5011,22,2,5,22,460952fa4b5167c4c60e1942ad810aacc66f9fc9ad4651dd65933373f6349ede,a535ba1b8d7e99504ccb325b7821a57fea9edfbe5f0a6ebe332b4f8e534117ba,0.016162769868969917,0.023999998345971107,-0.0004786400531884283,-0.0004786400531884283,-1.289523487990607e-10,0.016162769868969917,0.023999998345971107,1,3,0.9076921939849854,0.20944694064039504,13,1.661538353333106,0.004519983228690536,0.00366791446600936,0.00783722847700119,-0.0004786399242360795,0.00783722847700119,0.0004786399242360795,0.0032266804482787848,0.011941608972847462,0.0032266804482787848,0,0.016162769170477986,0.023999998345971107,6.984919309616089e-10,0.015085003920830786,0,1.1491891937836715e-09,1.0408340855860843e-17,10,11,10,12,1,1,1,1,0,0,0.012000000104308128,0.011999998241662979,0.011999998241662979,0,0.05109965556766838,0.043557153607252985,0.007542501960415393,0.007542501960415393,0.6285419221336603,4.258305254600346,0,0,-0.0004786389039992345,-1.2895235920740156e-10,1.6615384505345263,0.012532157020462219,1.2895235920740156e-10,97184395.05481264,1,0,0,3,5,0,0,0.012000000104308128
5011,23,0,1,23,4dfda78581b619097c5275fff59367814aba962b8c843752f8c4dd7e61bd9a1f,a535ba1b8d7e99504ccb325b7821a57fea9edfbe5f0a6ebe332b4f8e534117ba,0.03263154253363609,0.0,0.006966706831008196,0.006966706831008196,1.3877787807814457e-17,0.03263154253363609,0.0,0,1,0.9076921939849854,0.20944694064039504,13,1.661538353333106,0.01001624007212567,0.00836226389297014,0.03263154253363609,0.006966706831008182,0.03263154253363609,0.006966706831008182,0.008472926914691925,0.014878802001476288,0.008472926914691925,0,0.03263154125306755,0.0,1.280568540096283e-09,0.03263154125306755,0,2.8430172625826255e-10,6.938893903907228e-18,0,0,8,1,13,13,0,1,1,1,0.0,0.0,0.0,1,0.12924140691757202,0.11292563629103824,0.016315770626533777,0.016315770626533777,inf,inf,0,0,0.006966707115309922,6.938893903907228e-18,1.6615384505345263,0.027109280246087667,6.938893903907228e-18,inf,0,0,0,4,4,0,0,0.04800000041723251
5011,23,0,2,23,4dfda78581b619097c5275fff59367814aba962b8c843752f8c4dd7e61bd9a1f,a535ba1b8d7e99504ccb325b7821a57fea9edfbe5f0a6ebe332b4f8e534117ba,0.038041602820158005,0.030000001192092896,0.006830224767327309,0.006830224767327309,-0.002076921082459965,0.038041602820158005,0.030000001192092896,1,4,0.9076921939849854,0.20944694064039504,13,1.6615383533331063,0.012255690421088431,0.009663095334048808,0.00804160162806511,0.008907145849787274,0.00804160162806511,0.008907145849787274,0.004114164039492607,0.007466812618076801,0.004114164039492607,0,0.038041602820158005,0.030000001192092896,0.0,0.048263270407915115,0,9.075798307334182e-10,1.3877787807814457e-17,10,11,0,3,1,1,1,0,0,0,0.015000000596046448,0.012500002980232239,0.012500002980232239,0,0.14639676734805107,0.12226513214409351,0.024131635203957558,0.024131635203957558,1.9305303560423002,11.711738595548011,0,0,0.006830225674907139,-0.0020769210824599788,1.661538450534526,0.04009563976564806,0.0020769210824599788,19.305326574160134,0,0,0,2,1,0,1,0.017999999225139618
5011,23,0,3,23,4dfda78581b619097c5275fff59367814aba962b8c843752f8c4dd7e61bd9a1f,a535ba1b8d7e99504ccb325b7821a57fea9edfbe5f0a6ebe332b4f8e534117ba,0.03465726226568222,0.04800000041723251,0.008129779249429703,0.008129779249429703,-0.014330768275877023,0.03465726226568222,0.04800000041723251,1,5,0.9076923131942749,0.2094469155167731,13,1.661538461366525,0.012519761565651889,0.010577024583368613,0.013342738151550293,0.022460547525306726,0.013342738151550293,0.022460547525306726,0.012842690572142601,0.017468521371483803,0.012842690572142601,0,0.03465726040303707,0.04800000041723251,1.862645149230957e-09,0.04643425717949867,0,2.2578036714543392e-09,6.938893903907228e-18,10,1,0,7,1,1,1,0,0,0,0.015000000596046448,0.012000001966953278,0.012000001966953278,0,0.12558131106197834,0.102364182472229,0.023217128589749336,0.023217128589749336,1.9347603986805024,10.465107539800064,0,0,0.008129781507233374,-0.014330768275877016,1.6615384522538923,0.038576151902791705,0.014330768275877016,2.69184116023472,0,0,0,1,3,1,0,0.017999999225139618
5011,23,0,4,23,4dfda78581b619097c5275fff59367814aba962b8c843752f8c4dd7e61bd9a1f,a535ba1b8d7e99504ccb325b7821a57fea9edfbe5f0a6ebe332b4f8e534117ba,0.03601246327161789,0.0,-0.002364053623750806,-0.002364053623750806,0.0,0.03601246327161789,0.0,0,1,0.9076921939849854,0.20944694064039504,13,1.661538353333106,0.011443405529274692,0.009405273139564949,0.03601246327161789,-0.002364053623750806,0.03601246327161789,0.002364053623750806,0.012612203136086464,0.01569216698408127,0.012612203136086464,0,0.036012464202940464,0.0,9.313225746154785e-10,0.036012464202940464,0,3.1747040933616244e-10,6.938893903907228e-18,0,0,0,3,13,13,0,1,1,1,0.0,0.0,0.0,1,0.1456342227756977,0.12762799067422748,0.018006232101470232,0.018006232101470232,inf,inf,0,0,-0.002364053941221215,6.938893903907228e-18,1.6615384505345263,0.029918046985841898,6.938893903907228e-18,inf,0,0,0,5,2,0,0,0.04800000041723251
5011,23,0,5,23,4dfda78581b619097c5275fff59367814aba962b8c843752f8c4dd7e61bd9a1f,a535ba1b8d7e99504ccb325b7821a57fea9edfbe5f0a6ebe332b4f8e534117ba,0.03062617778778076,0.024000003933906555,0.008963070809841156,0.008963070809841156,1.3877787807814457e-17,0.03062617778778076,0.024000003933906555,1,3,0.9076921939849854,0.20944694064039504,13,1.661538353333106,0.010480088676268505,0.008531579615192807,0.0066261738538742065,0.008963070809841142,0.0066261738538742065,0.008963070809841142,0.005787423811852932,0.010397239588201046,0.005787423811852932,0,0.030626178719103336,0.024000003933906555,9.313225746154785e-10,0.035955226980149746,0,3.2834663113434637e-10,0.0,10,11,8,3,1,1,1,0,0,0,0.012000001966953278,0.012000001966953278,0.012000001966953278,0,0.12315641343593597,0.1051787999458611,0.017977613490074873,0.017977613490074873,1.4981342119429062,10.263032770752503,0,0,0.008963070481494525,1.3877787807814457e-17,1.6615384505345263,0.029870496062607603,1.3877787807814457e-17,inf,0,0,0,3,5,0,0,0.023999996483325958
5011,23,1,0,23,4dfda78581b619097c5275fff59367814aba962b8c843752f8c4dd7e61bd9a1f,a535ba1b8d7e99504ccb325b7821a57fea9edfbe5f0a6ebe332b4f8e534117ba,0.008647567592561245,0.0,-0.0006089570815674961,-0.0006089570815674961,0.0,0.008647567592561245,0.0,0,1,0.9076921939849854,0.20944694064039504,13,1.661538353333106,0.0020610389918112896,0.0016130296480373516,0.008647567592561245,-0.0006089570815674961,0.008647567592561245,0.0006089570815674961,0.00283744465559721,0.004006506409496069,0.00283744465559721,0,0.008647567592561245,0.0,0.0,0.008647567592561245,0,4.342866734632911e-11,4.336808689942018e-19,0,0,1,4,13,13,0,1,1,1,0.0,0.0,0.0,1,0.004788068355992436,-0.0004642845597118139,0.0043237837962806225,0.0043237837962806225,inf,inf,0,0,-0.0006089571249961634,-4.336808689942018e-19,1.6615384505345263,0.007184133029318397,4.336808689942018e-19,inf,0,0,0,2,5,0,0,0.03599999938160181
5011,23,1,2,23,4dfda78581b619097c5275fff59367814aba962b8c843752f8c4dd7e61bd9a1f,a535ba1b8d7e99504ccb325b7821a57fea9edfbe5f0a6ebe332b4f8e534117ba,0.011058449745178223,0.0,0.00011450731108197942,0.00011450731108197942,0.0,0.011058449745178223,0.0,0,1,0.9076921939849854,0.20944694064039504,13,1.6615383533331063,0.0026274912918561244,0.0019191475812422895,0.011058449745178223,0.00011450731108197942,0.011058449745178223,0.00011450731108197942,0.0034376478288322687,0.004052429459989071,0.0034376478288322687,0,0.011058449279516935,0.0,4.656612873077393e-10,0.011058449279516935,0,5.930182560287545e-11,0.0,0,0,1,4,13,13,0,1,1,1,0.0,0.0,0.0,1,0.005878763971850276,-0.0003495393320918083,0.005529224639758468,0.005529224639758468,inf,inf,0,0,0.00011450725178015382,0.0,1.661538450534526,0.009187019340601607,0.0,inf,0,0,0,3,4,0,0,0.03599999938160181
5011,23,1,3,23,4dfda78581b619097c5275fff59367814aba962b8c843752f8c4dd7e61bd9a1f,a535ba1b8d7e99504ccb325b7821a57fea9edfbe5f0a6ebe332b4f8e534117ba,0.012679627165198326,0.0,-0.0019416093127802014,-0.0019416093127802014,4.336808689942018e-19,0.012679627165198326,0.0,0,1,0.9076923131942749,0.2094469155167731,13,1.661538461366525,0.0027587971748275395,0.0019121780650488364,0.012679627165198326,-0.0019416093127802019,0.012679627165198326,0.0019416093127802019,0.002658361801877618,0.005371557082980871,0.002658361801877618,0,0.012679626699537039,0.0,4.656612873077393e-10,0.012679626699537039,0,1.078716833739779e-10,2.168404344971009e-19,0,0,1,4,13,13,0,1,1,1,0.0,0.0,0.0,1,0.008711104514077306,0.0023712911643087864,0.006339813349768519,0.006339813349768519,inf,inf,0,0,-0.001941609204908518,2.168404344971009e-19,1.6615384522538923,0.01053384366075295,2.168404344971009e-19,inf,0,0,0,4,2,0,0,0.03599999938160181
5011,23,1,4,23,4dfda78581b619097c5275fff59367814aba962b8c843752f8c4dd7e61bd9a1f,a535ba1b8d7e99504ccb325b7821a57fea9edfbe5f0a6ebe332b4f8e534117ba,0.018674729391932487,0.03599999938160181,-1.1887634173035622e-05,-1.1887634173035622e-05,3.223808893448865e-11,0.018674729391932487,0.03599999938160181,1,3,0.9076921939849854,0.20944694064039504,13,1.661538353333106,0.0038291514128167615,0.0022905322195433037,0.017325269989669323,-1.1887666411124556e-05,0.017325269989669323,1.1887666411124556e-05,0.002974222879856825,0.003896471578627825,0.002974222879856825,0,0.018674729391932487,0.03599999938160181,0.0,0.017325269989669323,0,3.6662953272273424e-10,8.673617379884035e-19,10,11,10,11,1,1,1,1,1,1,0.01799999945797026,0.01799999992363155,0.01799999945797026,0,0.01047544740140438,-0.0018128124065697193,0.008662634994834661,0.008662634994834661,0.4812575142050303,0.5819693176027254,1,0,-1.1888000802568344e-05,3.223808806712691e-11,1.6615384505345263,0.014393301126863748,3.223808806712691e-11,446468819.6425816,0,0,0,1,1,1,1,0.03599999938160181
5011,23,1,5,23,4dfda78581b619097c5275fff59367814aba962b8c843752f8c4dd7e61bd9a1f,a535ba1b8d7e99504ccb325b7821a57fea9edfbe5f0a6ebe332b4f8e534117ba,0.011562731117010117,0.0,-0.0011056256480515003,-0.0011056256480515003,0.0,0.011562731117010117,0.0,0,1,0.9076921939849854,0.20944694064039504,13,1.661538353333106,0.0028211939427852453,0.002094540498067884,0.011562731117010117,-0.0011056256480515003,0.011562731117010117,0.0011056256480515003,0.0020460898522287607,0.0034730047918856144,0.0020460898522287607,0,0.011562731117010117,0.0,0.0,0.011562731117010117,0,5.648005418391888e-10,4.336808689942018e-19,0,0,1,4,13,13,0,1,1,1,0.0,0.0,0.0,1,0.008423262508586049,0.002641896950080991,0.005781365558505058,0.005781365558505058,inf,inf,0,0,-0.0011056250832509585,-4.336808689942018e-19,1.6615384505345263,0.00960596117205217,4.336808689942018e-19,inf,0,0,0,5,3,0,0,0.03599999938160181
5011,23,2,0,23,4dfda78581b619097c5275fff59367814aba962b8c843752f8c4dd7e61bd9a1f,a535ba1b8d7e99504ccb325b7821a57fea9edfbe5f0a6ebe332b4f8e534117ba,0.020681286230683327,0.024000000208616257,-0.0029435267206281424,-0.0029435267206281424,4.336808689942018e-19,0.020681286230683327,0.024000000208616257,1,3,0.9076921939849854,0.20944694064039504,13,1.661538353333106,0.00456655774472965,0.003976753791628858,0.00331871397793293,-0.002943526720628143,0.00331871397793293,0.002943526720628143,0.0044334763661026955,0.005250013433396816,0.0044334763661026955,0,0.020681286230683327,0.024000000208616257,0.0,0.014661115128546953,0,3.203830395426266e-10,5.421010862427522e-19,10,11,10,0,1,1,1,1,0,0,0.012000000104308128,0.012000000104308128,0.012000000104308128,0,0.016939757857471704,0.009609200293198228,0.007330557564273477,0.007330557564273477,0.6108797917128124,1.4116464758521252,0,0,-0.002943526400245103,-1.0842021724855044e-19,1.6615384505345263,0.012180003256897104,1.0842021724855044e-19,inf,0,0,0,2,1,0,1,0.011999998241662979
5011,23,2,1,23,4dfda78581b619097c5275fff59367814aba962b8c843752f8c4dd7e61bd9a1f,a535ba1b8d7e99504ccb325b7821a57fea9edfbe5f0a6ebe332b4f8e534117ba,0.017886770889163017,0.0,-0.0053083146922290325,-0.0053083146922290325,0.0,0.017886770889163017,0.0,0,1,0.9076921939849854,0.20944694064039504,13,1.661538353333106,0.0053735922351411175,0.004296265035515001,0.017886770889163017,-0.0053083146922290325,0.017886770889163017,0.0053083146922290325,0.0020660364534705877,0.004442043136805296,0.0020660364534705877,0,0.017886770889163017,0.0,0.0,0.017886770889163017,0,7.085734403736166e-10,0.0,0,0,10,4,13,13,0,1,1,1,0.0,0.0,0.0,1,0.02382509596645832,0.014881710521876812,0.008943385444581509,0.008943385444581509,inf,inf,0,0,-0.005308313983655592,0.0,1.6615384505345263,0.014859778794122995,0.0,inf,0,0,0,4,4,0,0,0.035999998450279236
5011,23,2,3,23,4dfda78581b619097c5275fff59367814aba962b8c843752f8c4dd7e61bd9a1f,a535ba1b8d7e99504ccb325b7821a57fea9edfbe5f0a6ebe332b4f8e534117ba,0.019828446209430695,0.035999998450279236,-0.005192890763282776,-0.005192890763282776,-0.016407691552676268,0.019828446209430695,0.035999998450279236,1,4,0.9076923131942749,0.2094469155167731,13,1.661538461366525,0.00458551960561223,0.0036156868022045436,0.01617155224084854,0.011214800789393492,0.01617155224084854,0.011214800789393492,0.004151905421167612,0.009477626532316208,0.004151905421167612,0,0.01982844527810812,0.035999998450279236,9.313225746154785e-10,0.017361430451273918,0,2.9336335444218875e-10,0.0,10,11,10,11,1,1,1,1,1,1,0.014999998733401299,0.017999999225139618,0.014999998733401299,0,0.01055691484361887,0.0018761996179819107,0.008680715225636959,0.008680715225636959,0.5787143972423908,0.7037943823362613,0,0,-0.00519289105664613,-0.016407691552676268,1.6615384522538923,0.01442334214046163,0.016407691552676268,0.8790598052234246,1,1,0,1,2,1,0,0.011999998241662979
5011,23,2,4,23,4dfda78581b619097c5275fff59367814aba962b8c843752f8c4dd7e61bd9a1f,a535ba1b8d7e99504ccb325b7821a57fea9edfbe5f0a6ebe332b4f8e534117ba,0.01701301708817482,0.0,-0.001130579155869782,-0.001130579155869782,0.0,0.01701301708817482,0.0,0,1,0.9076921939849854,0.20944694064039504,13,1.661538353333106,0.004888567974565431,0.004047261060562712,0.01701301708817482,-0.001130579155869782,0.01701301708817482,0.001130579155869782,0.004783427342772484,0.005310414358973503,0.004783427342772484,0,0.017013016622513533,0.0,4.656612873077393e-10,0.017013016622513533,0,5.00013890535056e-10,0.0,0,0,10,4,13,13,0,1,1,1,0.0,0.0,0.0,1,0.02219340391457081,0.013686895603314042,0.008506508311256766,0.008506508311256766,inf,inf,0,0,-0.0011305786558558914,0.0,1.6615384505345263,0.014133890638944638,0.0,inf,0,0,0,5,5,0,0,0.035999998450279236
5011,23,2,5,23,4dfda78581b619097c5275fff59367814aba962b8c843752f8c4dd7e61bd9a1f,a535ba1b8d7e99504ccb325b7821a57fea9edfbe5f0a6ebe332b4f8e534117ba,0.019402526319026947,0.024000000208616257,-0.004807495977729559,-0.004807495977729559,4.336808689942018e-19,0.019402526319026947,0.024000000208616257,1,3,0.9076921939849854,0.20944694064039504,13,1.661538353333106,0.003910532008396126,0.003031091951935954,0.00459747388958931,-0.004807495977729559,0.00459747388958931,0.004807495977729559,0.002181628253310919,0.0065544466488063335,0.002181628253310919,0,0.019402526784688234,0.024000000208616257,4.656612873077393e-10,0.015158269088715315,0,8.664470937599922e-10,5.421010862427522e-19,10,11,10,0,1,1,1,1,0,0,0.012000000104308128,0.012000000104308128,0.012000000104308128,0,0.01953387726098299,0.011954742716625333,0.007579134544357657,0.007579134544357657,0.6315945398731011,1.6278230909323175,0,0,-0.004807495111282465,-1.0842021724855044e-19,1.6615384505345263,0.012593023467224726,1.0842021724855044e-19,inf,0,0,0,3,3,0,0,0.011999998241662979
